<?xml version="1.0" encoding="UTF-8"?>
<gpx xmlns="http://www.topografix.com/GPX/1/1" xmlns:xsi="http://www.w3.org/2001/XMLSchema-instance" xmlns:gpxtpx="http://www.garmin.com/xmlschemas/TrackPointExtension/v1" version="1.1" creator="Samsung Health_0.2" xsi:schemaLocation="http://www.topografix.com/GPX/1/1 http://www.topografix.com/GPX/1/1/gpx.xsd http://www.garmin.com/xmlschemas/TrackPointExtension/v1 http://www.garmin.com/xmlschemas/TrackPointExtensionv1.xsd">
<metadate>2025-05-17T09:41:12Z</metadate>
<trk>
<name>20250517_184055.gpx</name>
<trkseg>
<trkpt lat="36.7521254" lon="128.0318648">
<ele>518.2</ele>
<time>2025-05-17T09:41:12Z</time>
<extensions>
<gpxtpx:TrackPointExtension>
<gpxtpx:hr>113</gpxtpx:hr>
</gpxtpx:TrackPointExtension>
</extensions>
</trkpt>
<trkpt lat="36.7521471" lon="128.031869">
<ele>518.03</ele>
<time>2025-05-17T09:41:14Z</time>
<extensions>
<gpxtpx:TrackPointExtension>
<gpxtpx:hr>113</gpxtpx:hr>
</gpxtpx:TrackPointExtension>
</extensions>
</trkpt>
<trkpt lat="36.7521762" lon="128.031873">
<ele>517.747</ele>
<time>2025-05-17T09:41:15Z</time>
<extensions>
<gpxtpx:TrackPointExtension>
<gpxtpx:hr>113</gpxtpx:hr>
</gpxtpx:TrackPointExtension>
</extensions>
</trkpt>
<trkpt lat="36.7521817" lon="128.0318775">
<ele>517.682</ele>
<time>2025-05-17T09:41:16Z</time>
<extensions>
<gpxtpx:TrackPointExtension>
<gpxtpx:hr>113</gpxtpx:hr>
</gpxtpx:TrackPointExtension>
</extensions>
</trkpt>
<trkpt lat="36.7521902" lon="128.0318834">
<ele>517.902</ele>
<time>2025-05-17T09:41:17Z</time>
<extensions>
<gpxtpx:TrackPointExtension>
<gpxtpx:hr>114</gpxtpx:hr>
</gpxtpx:TrackPointExtension>
</extensions>
</trkpt>
<trkpt lat="36.7523678" lon="128.0318945">
<ele>518.699</ele>
<time>2025-05-17T09:41:22Z</time>
<extensions>
<gpxtpx:TrackPointExtension>
<gpxtpx:hr>115</gpxtpx:hr>
</gpxtpx:TrackPointExtension>
</extensions>
</trkpt>
<trkpt lat="36.7523648" lon="128.0319008">
<ele>518.965</ele>
<time>2025-05-17T09:41:23Z</time>
<extensions>
<gpxtpx:TrackPointExtension>
<gpxtpx:hr>115</gpxtpx:hr>
</gpxtpx:TrackPointExtension>
</extensions>
</trkpt>
<trkpt lat="36.7523556" lon="128.0319067">
<ele>519.062</ele>
<time>2025-05-17T09:41:24Z</time>
<extensions>
<gpxtpx:TrackPointExtension>
<gpxtpx:hr>115</gpxtpx:hr>
</gpxtpx:TrackPointExtension>
</extensions>
</trkpt>
<trkpt lat="36.7523599" lon="128.0319226">
<ele>519.277</ele>
<time>2025-05-17T09:41:25Z</time>
<extensions>
<gpxtpx:TrackPointExtension>
<gpxtpx:hr>115</gpxtpx:hr>
</gpxtpx:TrackPointExtension>
</extensions>
</trkpt>
<trkpt lat="36.7523569" lon="128.0319284">
<ele>519.406</ele>
<time>2025-05-17T09:41:26Z</time>
<extensions>
<gpxtpx:TrackPointExtension>
<gpxtpx:hr>115</gpxtpx:hr>
</gpxtpx:TrackPointExtension>
</extensions>
</trkpt>
<trkpt lat="36.7523817" lon="128.0319256">
<ele>519.49</ele>
<time>2025-05-17T09:41:27Z</time>
<extensions>
<gpxtpx:TrackPointExtension>
<gpxtpx:hr>115</gpxtpx:hr>
</gpxtpx:TrackPointExtension>
</extensions>
</trkpt>
<trkpt lat="36.7524023" lon="128.0319244">
<ele>519.529</ele>
<time>2025-05-17T09:41:28Z</time>
<extensions>
<gpxtpx:TrackPointExtension>
<gpxtpx:hr>115</gpxtpx:hr>
</gpxtpx:TrackPointExtension>
</extensions>
</trkpt>
<trkpt lat="36.7524308" lon="128.0319264">
<ele>519.583</ele>
<time>2025-05-17T09:41:29Z</time>
<extensions>
<gpxtpx:TrackPointExtension>
<gpxtpx:hr>115</gpxtpx:hr>
</gpxtpx:TrackPointExtension>
</extensions>
</trkpt>
<trkpt lat="36.7524292" lon="128.0319247">
<ele>519.648</ele>
<time>2025-05-17T09:41:30Z</time>
<extensions>
<gpxtpx:TrackPointExtension>
<gpxtpx:hr>115</gpxtpx:hr>
</gpxtpx:TrackPointExtension>
</extensions>
</trkpt>
<trkpt lat="36.7524229" lon="128.0319226">
<ele>519.612</ele>
<time>2025-05-17T09:41:31Z</time>
<extensions>
<gpxtpx:TrackPointExtension>
<gpxtpx:hr>115</gpxtpx:hr>
</gpxtpx:TrackPointExtension>
</extensions>
</trkpt>
<trkpt lat="36.7524404" lon="128.031917">
<ele>519.579</ele>
<time>2025-05-17T09:41:32Z</time>
<extensions>
<gpxtpx:TrackPointExtension>
<gpxtpx:hr>114</gpxtpx:hr>
</gpxtpx:TrackPointExtension>
</extensions>
</trkpt>
<trkpt lat="36.7524477" lon="128.0319102">
<ele>519.523</ele>
<time>2025-05-17T09:41:33Z</time>
<extensions>
<gpxtpx:TrackPointExtension>
<gpxtpx:hr>113</gpxtpx:hr>
</gpxtpx:TrackPointExtension>
</extensions>
</trkpt>
<trkpt lat="36.752441" lon="128.0319068">
<ele>519.487</ele>
<time>2025-05-17T09:41:34Z</time>
<extensions>
<gpxtpx:TrackPointExtension>
<gpxtpx:hr>112</gpxtpx:hr>
</gpxtpx:TrackPointExtension>
</extensions>
</trkpt>
<trkpt lat="36.7524371" lon="128.031905">
<ele>519.499</ele>
<time>2025-05-17T09:41:35Z</time>
<extensions>
<gpxtpx:TrackPointExtension>
<gpxtpx:hr>111</gpxtpx:hr>
</gpxtpx:TrackPointExtension>
</extensions>
</trkpt>
<trkpt lat="36.7524413" lon="128.0318981">
<ele>519.477</ele>
<time>2025-05-17T09:41:36Z</time>
<extensions>
<gpxtpx:TrackPointExtension>
<gpxtpx:hr>111</gpxtpx:hr>
</gpxtpx:TrackPointExtension>
</extensions>
</trkpt>
<trkpt lat="36.7524471" lon="128.0318888">
<ele>519.371</ele>
<time>2025-05-17T09:41:37Z</time>
<extensions>
<gpxtpx:TrackPointExtension>
<gpxtpx:hr>110</gpxtpx:hr>
</gpxtpx:TrackPointExtension>
</extensions>
</trkpt>
<trkpt lat="36.7524541" lon="128.0318864">
<ele>519.354</ele>
<time>2025-05-17T09:41:38Z</time>
<extensions>
<gpxtpx:TrackPointExtension>
<gpxtpx:hr>109</gpxtpx:hr>
</gpxtpx:TrackPointExtension>
</extensions>
</trkpt>
<trkpt lat="36.7524693" lon="128.0319031">
<ele>519.355</ele>
<time>2025-05-17T09:41:39Z</time>
<extensions>
<gpxtpx:TrackPointExtension>
<gpxtpx:hr>108</gpxtpx:hr>
</gpxtpx:TrackPointExtension>
</extensions>
</trkpt>
<trkpt lat="36.7524659" lon="128.0319137">
<ele>519.456</ele>
<time>2025-05-17T09:41:40Z</time>
<extensions>
<gpxtpx:TrackPointExtension>
<gpxtpx:hr>107</gpxtpx:hr>
</gpxtpx:TrackPointExtension>
</extensions>
</trkpt>
<trkpt lat="36.7524696" lon="128.0319204">
<ele>519.509</ele>
<time>2025-05-17T09:41:41Z</time>
<extensions>
<gpxtpx:TrackPointExtension>
<gpxtpx:hr>107</gpxtpx:hr>
</gpxtpx:TrackPointExtension>
</extensions>
</trkpt>
<trkpt lat="36.7524748" lon="128.0319252">
<ele>519.55</ele>
<time>2025-05-17T09:41:42Z</time>
<extensions>
<gpxtpx:TrackPointExtension>
<gpxtpx:hr>108</gpxtpx:hr>
</gpxtpx:TrackPointExtension>
</extensions>
</trkpt>
<trkpt lat="36.7524838" lon="128.0319352">
<ele>519.557</ele>
<time>2025-05-17T09:41:43Z</time>
<extensions>
<gpxtpx:TrackPointExtension>
<gpxtpx:hr>110</gpxtpx:hr>
</gpxtpx:TrackPointExtension>
</extensions>
</trkpt>
<trkpt lat="36.752497" lon="128.0319381">
<ele>519.586</ele>
<time>2025-05-17T09:41:44Z</time>
<extensions>
<gpxtpx:TrackPointExtension>
<gpxtpx:hr>111</gpxtpx:hr>
</gpxtpx:TrackPointExtension>
</extensions>
</trkpt>
<trkpt lat="36.7525446" lon="128.0319448">
<ele>519.615</ele>
<time>2025-05-17T09:41:46Z</time>
<extensions>
<gpxtpx:TrackPointExtension>
<gpxtpx:hr>114</gpxtpx:hr>
</gpxtpx:TrackPointExtension>
</extensions>
</trkpt>
<trkpt lat="36.7525877" lon="128.0319729">
<ele>519.643</ele>
<time>2025-05-17T09:41:48Z</time>
<extensions>
<gpxtpx:TrackPointExtension>
<gpxtpx:hr>114</gpxtpx:hr>
</gpxtpx:TrackPointExtension>
</extensions>
</trkpt>
<trkpt lat="36.7525886" lon="128.0319683">
<ele>519.659</ele>
<time>2025-05-17T09:41:49Z</time>
<extensions>
<gpxtpx:TrackPointExtension>
<gpxtpx:hr>114</gpxtpx:hr>
</gpxtpx:TrackPointExtension>
</extensions>
</trkpt>
<trkpt lat="36.7525965" lon="128.0319764">
<ele>519.681</ele>
<time>2025-05-17T09:41:50Z</time>
<extensions>
<gpxtpx:TrackPointExtension>
<gpxtpx:hr>115</gpxtpx:hr>
</gpxtpx:TrackPointExtension>
</extensions>
</trkpt>
<trkpt lat="36.7526018" lon="128.0319845">
<ele>519.672</ele>
<time>2025-05-17T09:41:51Z</time>
<extensions>
<gpxtpx:TrackPointExtension>
<gpxtpx:hr>115</gpxtpx:hr>
</gpxtpx:TrackPointExtension>
</extensions>
</trkpt>
<trkpt lat="36.7526079" lon="128.0319891">
<ele>519.658</ele>
<time>2025-05-17T09:41:52Z</time>
<extensions>
<gpxtpx:TrackPointExtension>
<gpxtpx:hr>114</gpxtpx:hr>
</gpxtpx:TrackPointExtension>
</extensions>
</trkpt>
<trkpt lat="36.7525985" lon="128.0319975">
<ele>519.7</ele>
<time>2025-05-17T09:41:53Z</time>
<extensions>
<gpxtpx:TrackPointExtension>
<gpxtpx:hr>114</gpxtpx:hr>
</gpxtpx:TrackPointExtension>
</extensions>
</trkpt>
<trkpt lat="36.7525906" lon="128.0319983">
<ele>519.665</ele>
<time>2025-05-17T09:41:54Z</time>
<extensions>
<gpxtpx:TrackPointExtension>
<gpxtpx:hr>113</gpxtpx:hr>
</gpxtpx:TrackPointExtension>
</extensions>
</trkpt>
<trkpt lat="36.7525855" lon="128.0319959">
<ele>519.71</ele>
<time>2025-05-17T09:41:55Z</time>
<extensions>
<gpxtpx:TrackPointExtension>
<gpxtpx:hr>111</gpxtpx:hr>
</gpxtpx:TrackPointExtension>
</extensions>
</trkpt>
<trkpt lat="36.7525863" lon="128.0319976">
<ele>519.407</ele>
<time>2025-05-17T09:42:06Z</time>
<extensions>
<gpxtpx:TrackPointExtension>
<gpxtpx:hr>114</gpxtpx:hr>
</gpxtpx:TrackPointExtension>
</extensions>
</trkpt>
<trkpt lat="36.7525559" lon="128.0321109">
<ele>525.8</ele>
<time>2025-05-17T09:43:30Z</time>
<extensions>
<gpxtpx:TrackPointExtension>
<gpxtpx:hr>116</gpxtpx:hr>
</gpxtpx:TrackPointExtension>
</extensions>
</trkpt>
<trkpt lat="36.7525482" lon="128.0321189">
<ele>526.205</ele>
<time>2025-05-17T09:43:31Z</time>
<extensions>
<gpxtpx:TrackPointExtension>
<gpxtpx:hr>117</gpxtpx:hr>
</gpxtpx:TrackPointExtension>
</extensions>
</trkpt>
<trkpt lat="36.7525447" lon="128.0321234">
<ele>526.53</ele>
<time>2025-05-17T09:43:32Z</time>
<extensions>
<gpxtpx:TrackPointExtension>
<gpxtpx:hr>119</gpxtpx:hr>
</gpxtpx:TrackPointExtension>
</extensions>
</trkpt>
<trkpt lat="36.7525392" lon="128.0321251">
<ele>526.784</ele>
<time>2025-05-17T09:43:33Z</time>
<extensions>
<gpxtpx:TrackPointExtension>
<gpxtpx:hr>121</gpxtpx:hr>
</gpxtpx:TrackPointExtension>
</extensions>
</trkpt>
<trkpt lat="36.7525343" lon="128.0321263">
<ele>526.994</ele>
<time>2025-05-17T09:43:34Z</time>
<extensions>
<gpxtpx:TrackPointExtension>
<gpxtpx:hr>123</gpxtpx:hr>
</gpxtpx:TrackPointExtension>
</extensions>
</trkpt>
<trkpt lat="36.7525301" lon="128.03213">
<ele>527.392</ele>
<time>2025-05-17T09:43:35Z</time>
<extensions>
<gpxtpx:TrackPointExtension>
<gpxtpx:hr>126</gpxtpx:hr>
</gpxtpx:TrackPointExtension>
</extensions>
</trkpt>
<trkpt lat="36.7525276" lon="128.0321385">
<ele>527.709</ele>
<time>2025-05-17T09:43:36Z</time>
<extensions>
<gpxtpx:TrackPointExtension>
<gpxtpx:hr>129</gpxtpx:hr>
</gpxtpx:TrackPointExtension>
</extensions>
</trkpt>
<trkpt lat="36.7525262" lon="128.0321509">
<ele>527.995</ele>
<time>2025-05-17T09:43:37Z</time>
<extensions>
<gpxtpx:TrackPointExtension>
<gpxtpx:hr>133</gpxtpx:hr>
</gpxtpx:TrackPointExtension>
</extensions>
</trkpt>
<trkpt lat="36.7525207" lon="128.0321603">
<ele>528.323</ele>
<time>2025-05-17T09:43:38Z</time>
<extensions>
<gpxtpx:TrackPointExtension>
<gpxtpx:hr>135</gpxtpx:hr>
</gpxtpx:TrackPointExtension>
</extensions>
</trkpt>
<trkpt lat="36.7525146" lon="128.0321708">
<ele>528.625</ele>
<time>2025-05-17T09:43:39Z</time>
<extensions>
<gpxtpx:TrackPointExtension>
<gpxtpx:hr>138</gpxtpx:hr>
</gpxtpx:TrackPointExtension>
</extensions>
</trkpt>
<trkpt lat="36.7525068" lon="128.0321749">
<ele>528.895</ele>
<time>2025-05-17T09:43:40Z</time>
<extensions>
<gpxtpx:TrackPointExtension>
<gpxtpx:hr>140</gpxtpx:hr>
</gpxtpx:TrackPointExtension>
</extensions>
</trkpt>
<trkpt lat="36.7525003" lon="128.0321787">
<ele>529.175</ele>
<time>2025-05-17T09:43:41Z</time>
<extensions>
<gpxtpx:TrackPointExtension>
<gpxtpx:hr>142</gpxtpx:hr>
</gpxtpx:TrackPointExtension>
</extensions>
</trkpt>
<trkpt lat="36.7524961" lon="128.0321861">
<ele>529.501</ele>
<time>2025-05-17T09:43:42Z</time>
<extensions>
<gpxtpx:TrackPointExtension>
<gpxtpx:hr>144</gpxtpx:hr>
</gpxtpx:TrackPointExtension>
</extensions>
</trkpt>
<trkpt lat="36.752488" lon="128.0321947">
<ele>529.904</ele>
<time>2025-05-17T09:43:43Z</time>
<extensions>
<gpxtpx:TrackPointExtension>
<gpxtpx:hr>145</gpxtpx:hr>
</gpxtpx:TrackPointExtension>
</extensions>
</trkpt>
<trkpt lat="36.7524752" lon="128.0322045">
<ele>530.186</ele>
<time>2025-05-17T09:43:44Z</time>
<extensions>
<gpxtpx:TrackPointExtension>
<gpxtpx:hr>147</gpxtpx:hr>
</gpxtpx:TrackPointExtension>
</extensions>
</trkpt>
<trkpt lat="36.7524643" lon="128.0322123">
<ele>530.4</ele>
<time>2025-05-17T09:43:45Z</time>
<extensions>
<gpxtpx:TrackPointExtension>
<gpxtpx:hr>148</gpxtpx:hr>
</gpxtpx:TrackPointExtension>
</extensions>
</trkpt>
<trkpt lat="36.7524473" lon="128.0322253">
<ele>530.746</ele>
<time>2025-05-17T09:43:46Z</time>
<extensions>
<gpxtpx:TrackPointExtension>
<gpxtpx:hr>148</gpxtpx:hr>
</gpxtpx:TrackPointExtension>
</extensions>
</trkpt>
<trkpt lat="36.7524323" lon="128.0322347">
<ele>530.981</ele>
<time>2025-05-17T09:43:47Z</time>
<extensions>
<gpxtpx:TrackPointExtension>
<gpxtpx:hr>148</gpxtpx:hr>
</gpxtpx:TrackPointExtension>
</extensions>
</trkpt>
<trkpt lat="36.7524197" lon="128.0322498">
<ele>531.241</ele>
<time>2025-05-17T09:43:48Z</time>
<extensions>
<gpxtpx:TrackPointExtension>
<gpxtpx:hr>149</gpxtpx:hr>
</gpxtpx:TrackPointExtension>
</extensions>
</trkpt>
<trkpt lat="36.7524135" lon="128.0322656">
<ele>531.591</ele>
<time>2025-05-17T09:43:49Z</time>
<extensions>
<gpxtpx:TrackPointExtension>
<gpxtpx:hr>149</gpxtpx:hr>
</gpxtpx:TrackPointExtension>
</extensions>
</trkpt>
<trkpt lat="36.7524092" lon="128.0322816">
<ele>531.913</ele>
<time>2025-05-17T09:43:50Z</time>
<extensions>
<gpxtpx:TrackPointExtension>
<gpxtpx:hr>149</gpxtpx:hr>
</gpxtpx:TrackPointExtension>
</extensions>
</trkpt>
<trkpt lat="36.7524039" lon="128.0322928">
<ele>532.273</ele>
<time>2025-05-17T09:43:51Z</time>
<extensions>
<gpxtpx:TrackPointExtension>
<gpxtpx:hr>149</gpxtpx:hr>
</gpxtpx:TrackPointExtension>
</extensions>
</trkpt>
<trkpt lat="36.7523963" lon="128.0322995">
<ele>532.651</ele>
<time>2025-05-17T09:43:52Z</time>
<extensions>
<gpxtpx:TrackPointExtension>
<gpxtpx:hr>149</gpxtpx:hr>
</gpxtpx:TrackPointExtension>
</extensions>
</trkpt>
<trkpt lat="36.752389" lon="128.0323099">
<ele>533.016</ele>
<time>2025-05-17T09:43:53Z</time>
<extensions>
<gpxtpx:TrackPointExtension>
<gpxtpx:hr>150</gpxtpx:hr>
</gpxtpx:TrackPointExtension>
</extensions>
</trkpt>
<trkpt lat="36.7523821" lon="128.0323192">
<ele>533.346</ele>
<time>2025-05-17T09:43:54Z</time>
<extensions>
<gpxtpx:TrackPointExtension>
<gpxtpx:hr>150</gpxtpx:hr>
</gpxtpx:TrackPointExtension>
</extensions>
</trkpt>
<trkpt lat="36.7523757" lon="128.0323184">
<ele>533.708</ele>
<time>2025-05-17T09:43:55Z</time>
<extensions>
<gpxtpx:TrackPointExtension>
<gpxtpx:hr>151</gpxtpx:hr>
</gpxtpx:TrackPointExtension>
</extensions>
</trkpt>
<trkpt lat="36.7523629" lon="128.0323205">
<ele>533.973</ele>
<time>2025-05-17T09:43:56Z</time>
<extensions>
<gpxtpx:TrackPointExtension>
<gpxtpx:hr>152</gpxtpx:hr>
</gpxtpx:TrackPointExtension>
</extensions>
</trkpt>
<trkpt lat="36.7523506" lon="128.0323259">
<ele>534.388</ele>
<time>2025-05-17T09:43:57Z</time>
<extensions>
<gpxtpx:TrackPointExtension>
<gpxtpx:hr>153</gpxtpx:hr>
</gpxtpx:TrackPointExtension>
</extensions>
</trkpt>
<trkpt lat="36.7523367" lon="128.0323263">
<ele>534.648</ele>
<time>2025-05-17T09:43:58Z</time>
<extensions>
<gpxtpx:TrackPointExtension>
<gpxtpx:hr>154</gpxtpx:hr>
</gpxtpx:TrackPointExtension>
</extensions>
</trkpt>
<trkpt lat="36.7523277" lon="128.0323297">
<ele>534.932</ele>
<time>2025-05-17T09:43:59Z</time>
<extensions>
<gpxtpx:TrackPointExtension>
<gpxtpx:hr>155</gpxtpx:hr>
</gpxtpx:TrackPointExtension>
</extensions>
</trkpt>
<trkpt lat="36.7523204" lon="128.0323208">
<ele>535.235</ele>
<time>2025-05-17T09:44:00Z</time>
<extensions>
<gpxtpx:TrackPointExtension>
<gpxtpx:hr>156</gpxtpx:hr>
</gpxtpx:TrackPointExtension>
</extensions>
</trkpt>
<trkpt lat="36.7523161" lon="128.0323182">
<ele>535.536</ele>
<time>2025-05-17T09:44:01Z</time>
<extensions>
<gpxtpx:TrackPointExtension>
<gpxtpx:hr>156</gpxtpx:hr>
</gpxtpx:TrackPointExtension>
</extensions>
</trkpt>
<trkpt lat="36.7523119" lon="128.0323173">
<ele>535.757</ele>
<time>2025-05-17T09:44:02Z</time>
<extensions>
<gpxtpx:TrackPointExtension>
<gpxtpx:hr>157</gpxtpx:hr>
</gpxtpx:TrackPointExtension>
</extensions>
</trkpt>
<trkpt lat="36.752307" lon="128.0323187">
<ele>535.925</ele>
<time>2025-05-17T09:44:03Z</time>
<extensions>
<gpxtpx:TrackPointExtension>
<gpxtpx:hr>158</gpxtpx:hr>
</gpxtpx:TrackPointExtension>
</extensions>
</trkpt>
<trkpt lat="36.7523081" lon="128.0323173">
<ele>536.215</ele>
<time>2025-05-17T09:44:04Z</time>
<extensions>
<gpxtpx:TrackPointExtension>
<gpxtpx:hr>158</gpxtpx:hr>
</gpxtpx:TrackPointExtension>
</extensions>
</trkpt>
<trkpt lat="36.7523082" lon="128.0323205">
<ele>536.494</ele>
<time>2025-05-17T09:44:05Z</time>
<extensions>
<gpxtpx:TrackPointExtension>
<gpxtpx:hr>158</gpxtpx:hr>
</gpxtpx:TrackPointExtension>
</extensions>
</trkpt>
<trkpt lat="36.752307" lon="128.032324">
<ele>536.784</ele>
<time>2025-05-17T09:44:06Z</time>
<extensions>
<gpxtpx:TrackPointExtension>
<gpxtpx:hr>157</gpxtpx:hr>
</gpxtpx:TrackPointExtension>
</extensions>
</trkpt>
<trkpt lat="36.7523052" lon="128.0323266">
<ele>537.006</ele>
<time>2025-05-17T09:44:07Z</time>
<extensions>
<gpxtpx:TrackPointExtension>
<gpxtpx:hr>157</gpxtpx:hr>
</gpxtpx:TrackPointExtension>
</extensions>
</trkpt>
<trkpt lat="36.752306" lon="128.0323278">
<ele>537.335</ele>
<time>2025-05-17T09:44:08Z</time>
<extensions>
<gpxtpx:TrackPointExtension>
<gpxtpx:hr>156</gpxtpx:hr>
</gpxtpx:TrackPointExtension>
</extensions>
</trkpt>
<trkpt lat="36.7523069" lon="128.0323297">
<ele>537.582</ele>
<time>2025-05-17T09:44:09Z</time>
<extensions>
<gpxtpx:TrackPointExtension>
<gpxtpx:hr>156</gpxtpx:hr>
</gpxtpx:TrackPointExtension>
</extensions>
</trkpt>
<trkpt lat="36.7523042" lon="128.0323281">
<ele>537.933</ele>
<time>2025-05-17T09:44:10Z</time>
<extensions>
<gpxtpx:TrackPointExtension>
<gpxtpx:hr>156</gpxtpx:hr>
</gpxtpx:TrackPointExtension>
</extensions>
</trkpt>
<trkpt lat="36.7523054" lon="128.0323301">
<ele>538.117</ele>
<time>2025-05-17T09:44:11Z</time>
<extensions>
<gpxtpx:TrackPointExtension>
<gpxtpx:hr>156</gpxtpx:hr>
</gpxtpx:TrackPointExtension>
</extensions>
</trkpt>
<trkpt lat="36.7523034" lon="128.0323293">
<ele>538.398</ele>
<time>2025-05-17T09:44:12Z</time>
<extensions>
<gpxtpx:TrackPointExtension>
<gpxtpx:hr>155</gpxtpx:hr>
</gpxtpx:TrackPointExtension>
</extensions>
</trkpt>
<trkpt lat="36.7523031" lon="128.0323316">
<ele>538.714</ele>
<time>2025-05-17T09:44:13Z</time>
<extensions>
<gpxtpx:TrackPointExtension>
<gpxtpx:hr>156</gpxtpx:hr>
</gpxtpx:TrackPointExtension>
</extensions>
</trkpt>
<trkpt lat="36.752303" lon="128.0323371">
<ele>538.963</ele>
<time>2025-05-17T09:44:14Z</time>
<extensions>
<gpxtpx:TrackPointExtension>
<gpxtpx:hr>156</gpxtpx:hr>
</gpxtpx:TrackPointExtension>
</extensions>
</trkpt>
<trkpt lat="36.7523054" lon="128.0323433">
<ele>539.327</ele>
<time>2025-05-17T09:44:15Z</time>
<extensions>
<gpxtpx:TrackPointExtension>
<gpxtpx:hr>157</gpxtpx:hr>
</gpxtpx:TrackPointExtension>
</extensions>
</trkpt>
<trkpt lat="36.752308" lon="128.0323477">
<ele>539.611</ele>
<time>2025-05-17T09:44:16Z</time>
<extensions>
<gpxtpx:TrackPointExtension>
<gpxtpx:hr>158</gpxtpx:hr>
</gpxtpx:TrackPointExtension>
</extensions>
</trkpt>
<trkpt lat="36.7523113" lon="128.0323541">
<ele>539.869</ele>
<time>2025-05-17T09:44:17Z</time>
<extensions>
<gpxtpx:TrackPointExtension>
<gpxtpx:hr>159</gpxtpx:hr>
</gpxtpx:TrackPointExtension>
</extensions>
</trkpt>
<trkpt lat="36.7523158" lon="128.032363">
<ele>540.251</ele>
<time>2025-05-17T09:44:18Z</time>
<extensions>
<gpxtpx:TrackPointExtension>
<gpxtpx:hr>159</gpxtpx:hr>
</gpxtpx:TrackPointExtension>
</extensions>
</trkpt>
<trkpt lat="36.7523215" lon="128.0323704">
<ele>540.5</ele>
<time>2025-05-17T09:44:19Z</time>
<extensions>
<gpxtpx:TrackPointExtension>
<gpxtpx:hr>159</gpxtpx:hr>
</gpxtpx:TrackPointExtension>
</extensions>
</trkpt>
<trkpt lat="36.7523252" lon="128.0323742">
<ele>540.741</ele>
<time>2025-05-17T09:44:20Z</time>
<extensions>
<gpxtpx:TrackPointExtension>
<gpxtpx:hr>160</gpxtpx:hr>
</gpxtpx:TrackPointExtension>
</extensions>
</trkpt>
<trkpt lat="36.7523297" lon="128.0323792">
<ele>540.9</ele>
<time>2025-05-17T09:44:21Z</time>
<extensions>
<gpxtpx:TrackPointExtension>
<gpxtpx:hr>160</gpxtpx:hr>
</gpxtpx:TrackPointExtension>
</extensions>
</trkpt>
<trkpt lat="36.7523346" lon="128.0323833">
<ele>541.144</ele>
<time>2025-05-17T09:44:22Z</time>
<extensions>
<gpxtpx:TrackPointExtension>
<gpxtpx:hr>161</gpxtpx:hr>
</gpxtpx:TrackPointExtension>
</extensions>
</trkpt>
<trkpt lat="36.7523367" lon="128.0323819">
<ele>541.418</ele>
<time>2025-05-17T09:44:23Z</time>
<extensions>
<gpxtpx:TrackPointExtension>
<gpxtpx:hr>161</gpxtpx:hr>
</gpxtpx:TrackPointExtension>
</extensions>
</trkpt>
<trkpt lat="36.7523466" lon="128.0323923">
<ele>541.705</ele>
<time>2025-05-17T09:44:24Z</time>
<extensions>
<gpxtpx:TrackPointExtension>
<gpxtpx:hr>161</gpxtpx:hr>
</gpxtpx:TrackPointExtension>
</extensions>
</trkpt>
<trkpt lat="36.7523562" lon="128.0324044">
<ele>542.012</ele>
<time>2025-05-17T09:44:25Z</time>
<extensions>
<gpxtpx:TrackPointExtension>
<gpxtpx:hr>162</gpxtpx:hr>
</gpxtpx:TrackPointExtension>
</extensions>
</trkpt>
<trkpt lat="36.7523641" lon="128.0324135">
<ele>542.255</ele>
<time>2025-05-17T09:44:26Z</time>
<extensions>
<gpxtpx:TrackPointExtension>
<gpxtpx:hr>162</gpxtpx:hr>
</gpxtpx:TrackPointExtension>
</extensions>
</trkpt>
<trkpt lat="36.7523775" lon="128.0324235">
<ele>542.491</ele>
<time>2025-05-17T09:44:27Z</time>
<extensions>
<gpxtpx:TrackPointExtension>
<gpxtpx:hr>162</gpxtpx:hr>
</gpxtpx:TrackPointExtension>
</extensions>
</trkpt>
<trkpt lat="36.75239" lon="128.032432">
<ele>542.764</ele>
<time>2025-05-17T09:44:28Z</time>
<extensions>
<gpxtpx:TrackPointExtension>
<gpxtpx:hr>163</gpxtpx:hr>
</gpxtpx:TrackPointExtension>
</extensions>
</trkpt>
<trkpt lat="36.7524003" lon="128.0324398">
<ele>543.001</ele>
<time>2025-05-17T09:44:29Z</time>
<extensions>
<gpxtpx:TrackPointExtension>
<gpxtpx:hr>163</gpxtpx:hr>
</gpxtpx:TrackPointExtension>
</extensions>
</trkpt>
<trkpt lat="36.7524047" lon="128.0324461">
<ele>543.282</ele>
<time>2025-05-17T09:44:30Z</time>
<extensions>
<gpxtpx:TrackPointExtension>
<gpxtpx:hr>163</gpxtpx:hr>
</gpxtpx:TrackPointExtension>
</extensions>
</trkpt>
<trkpt lat="36.7524118" lon="128.0324575">
<ele>543.646</ele>
<time>2025-05-17T09:44:31Z</time>
<extensions>
<gpxtpx:TrackPointExtension>
<gpxtpx:hr>164</gpxtpx:hr>
</gpxtpx:TrackPointExtension>
</extensions>
</trkpt>
<trkpt lat="36.7524194" lon="128.0324671">
<ele>543.951</ele>
<time>2025-05-17T09:44:32Z</time>
<extensions>
<gpxtpx:TrackPointExtension>
<gpxtpx:hr>164</gpxtpx:hr>
</gpxtpx:TrackPointExtension>
</extensions>
</trkpt>
<trkpt lat="36.7524258" lon="128.032481">
<ele>544.195</ele>
<time>2025-05-17T09:44:33Z</time>
<extensions>
<gpxtpx:TrackPointExtension>
<gpxtpx:hr>164</gpxtpx:hr>
</gpxtpx:TrackPointExtension>
</extensions>
</trkpt>
<trkpt lat="36.7524333" lon="128.0324896">
<ele>544.527</ele>
<time>2025-05-17T09:44:34Z</time>
<extensions>
<gpxtpx:TrackPointExtension>
<gpxtpx:hr>165</gpxtpx:hr>
</gpxtpx:TrackPointExtension>
</extensions>
</trkpt>
<trkpt lat="36.7524377" lon="128.0324948">
<ele>544.795</ele>
<time>2025-05-17T09:44:35Z</time>
<extensions>
<gpxtpx:TrackPointExtension>
<gpxtpx:hr>165</gpxtpx:hr>
</gpxtpx:TrackPointExtension>
</extensions>
</trkpt>
<trkpt lat="36.7524417" lon="128.0325011">
<ele>545.126</ele>
<time>2025-05-17T09:44:36Z</time>
<extensions>
<gpxtpx:TrackPointExtension>
<gpxtpx:hr>165</gpxtpx:hr>
</gpxtpx:TrackPointExtension>
</extensions>
</trkpt>
<trkpt lat="36.7524442" lon="128.0325034">
<ele>545.31</ele>
<time>2025-05-17T09:44:37Z</time>
<extensions>
<gpxtpx:TrackPointExtension>
<gpxtpx:hr>165</gpxtpx:hr>
</gpxtpx:TrackPointExtension>
</extensions>
</trkpt>
<trkpt lat="36.7524492" lon="128.0325064">
<ele>545.534</ele>
<time>2025-05-17T09:44:38Z</time>
<extensions>
<gpxtpx:TrackPointExtension>
<gpxtpx:hr>165</gpxtpx:hr>
</gpxtpx:TrackPointExtension>
</extensions>
</trkpt>
<trkpt lat="36.7524492" lon="128.0325121">
<ele>545.848</ele>
<time>2025-05-17T09:44:39Z</time>
<extensions>
<gpxtpx:TrackPointExtension>
<gpxtpx:hr>165</gpxtpx:hr>
</gpxtpx:TrackPointExtension>
</extensions>
</trkpt>
<trkpt lat="36.7524499" lon="128.0325186">
<ele>546.058</ele>
<time>2025-05-17T09:44:40Z</time>
<extensions>
<gpxtpx:TrackPointExtension>
<gpxtpx:hr>164</gpxtpx:hr>
</gpxtpx:TrackPointExtension>
</extensions>
</trkpt>
<trkpt lat="36.7524475" lon="128.03252">
<ele>546.2</ele>
<time>2025-05-17T09:44:41Z</time>
<extensions>
<gpxtpx:TrackPointExtension>
<gpxtpx:hr>164</gpxtpx:hr>
</gpxtpx:TrackPointExtension>
</extensions>
</trkpt>
<trkpt lat="36.7524504" lon="128.0325265">
<ele>546.401</ele>
<time>2025-05-17T09:44:42Z</time>
<extensions>
<gpxtpx:TrackPointExtension>
<gpxtpx:hr>164</gpxtpx:hr>
</gpxtpx:TrackPointExtension>
</extensions>
</trkpt>
<trkpt lat="36.7524484" lon="128.0325306">
<ele>546.534</ele>
<time>2025-05-17T09:44:43Z</time>
<extensions>
<gpxtpx:TrackPointExtension>
<gpxtpx:hr>164</gpxtpx:hr>
</gpxtpx:TrackPointExtension>
</extensions>
</trkpt>
<trkpt lat="36.7524395" lon="128.0325346">
<ele>546.624</ele>
<time>2025-05-17T09:44:44Z</time>
<extensions>
<gpxtpx:TrackPointExtension>
<gpxtpx:hr>164</gpxtpx:hr>
</gpxtpx:TrackPointExtension>
</extensions>
</trkpt>
<trkpt lat="36.7524369" lon="128.0325422">
<ele>546.686</ele>
<time>2025-05-17T09:44:45Z</time>
<extensions>
<gpxtpx:TrackPointExtension>
<gpxtpx:hr>164</gpxtpx:hr>
</gpxtpx:TrackPointExtension>
</extensions>
</trkpt>
<trkpt lat="36.7524352" lon="128.0325416">
<ele>546.757</ele>
<time>2025-05-17T09:44:46Z</time>
<extensions>
<gpxtpx:TrackPointExtension>
<gpxtpx:hr>164</gpxtpx:hr>
</gpxtpx:TrackPointExtension>
</extensions>
</trkpt>
<trkpt lat="36.752434" lon="128.0325441">
<ele>546.806</ele>
<time>2025-05-17T09:44:47Z</time>
<extensions>
<gpxtpx:TrackPointExtension>
<gpxtpx:hr>164</gpxtpx:hr>
</gpxtpx:TrackPointExtension>
</extensions>
</trkpt>
<trkpt lat="36.752431" lon="128.0325427">
<ele>546.814</ele>
<time>2025-05-17T09:44:48Z</time>
<extensions>
<gpxtpx:TrackPointExtension>
<gpxtpx:hr>164</gpxtpx:hr>
</gpxtpx:TrackPointExtension>
</extensions>
</trkpt>
<trkpt lat="36.7524279" lon="128.0325426">
<ele>546.746</ele>
<time>2025-05-17T09:44:49Z</time>
<extensions>
<gpxtpx:TrackPointExtension>
<gpxtpx:hr>165</gpxtpx:hr>
</gpxtpx:TrackPointExtension>
</extensions>
</trkpt>
<trkpt lat="36.7524254" lon="128.0325421">
<ele>546.639</ele>
<time>2025-05-17T09:44:50Z</time>
<extensions>
<gpxtpx:TrackPointExtension>
<gpxtpx:hr>165</gpxtpx:hr>
</gpxtpx:TrackPointExtension>
</extensions>
</trkpt>
<trkpt lat="36.7524248" lon="128.0325418">
<ele>546.63</ele>
<time>2025-05-17T09:44:51Z</time>
<extensions>
<gpxtpx:TrackPointExtension>
<gpxtpx:hr>165</gpxtpx:hr>
</gpxtpx:TrackPointExtension>
</extensions>
</trkpt>
<trkpt lat="36.7524243" lon="128.0325422">
<ele>546.679</ele>
<time>2025-05-17T09:44:53Z</time>
<extensions>
<gpxtpx:TrackPointExtension>
<gpxtpx:hr>165</gpxtpx:hr>
</gpxtpx:TrackPointExtension>
</extensions>
</trkpt>
<trkpt lat="36.7524247" lon="128.0325401">
<ele>546.718</ele>
<time>2025-05-17T09:44:54Z</time>
<extensions>
<gpxtpx:TrackPointExtension>
<gpxtpx:hr>165</gpxtpx:hr>
</gpxtpx:TrackPointExtension>
</extensions>
</trkpt>
<trkpt lat="36.7524243" lon="128.0325401">
<ele>546.72</ele>
<time>2025-05-17T09:44:55Z</time>
<extensions>
<gpxtpx:TrackPointExtension>
<gpxtpx:hr>165</gpxtpx:hr>
</gpxtpx:TrackPointExtension>
</extensions>
</trkpt>
<trkpt lat="36.7524243" lon="128.0325394">
<ele>546.705</ele>
<time>2025-05-17T09:44:56Z</time>
<extensions>
<gpxtpx:TrackPointExtension>
<gpxtpx:hr>165</gpxtpx:hr>
</gpxtpx:TrackPointExtension>
</extensions>
</trkpt>
<trkpt lat="36.752424" lon="128.0325393">
<ele>546.717</ele>
<time>2025-05-17T09:44:57Z</time>
<extensions>
<gpxtpx:TrackPointExtension>
<gpxtpx:hr>165</gpxtpx:hr>
</gpxtpx:TrackPointExtension>
</extensions>
</trkpt>
<trkpt lat="36.7524243" lon="128.0325388">
<ele>546.767</ele>
<time>2025-05-17T09:44:58Z</time>
<extensions>
<gpxtpx:TrackPointExtension>
<gpxtpx:hr>165</gpxtpx:hr>
</gpxtpx:TrackPointExtension>
</extensions>
</trkpt>
<trkpt lat="36.7524255" lon="128.0325375">
<ele>546.733</ele>
<time>2025-05-17T09:44:59Z</time>
<extensions>
<gpxtpx:TrackPointExtension>
<gpxtpx:hr>165</gpxtpx:hr>
</gpxtpx:TrackPointExtension>
</extensions>
</trkpt>
<trkpt lat="36.7524307" lon="128.0325366">
<ele>546.833</ele>
<time>2025-05-17T09:45:00Z</time>
<extensions>
<gpxtpx:TrackPointExtension>
<gpxtpx:hr>165</gpxtpx:hr>
</gpxtpx:TrackPointExtension>
</extensions>
</trkpt>
<trkpt lat="36.7524359" lon="128.0325377">
<ele>546.781</ele>
<time>2025-05-17T09:45:01Z</time>
<extensions>
<gpxtpx:TrackPointExtension>
<gpxtpx:hr>165</gpxtpx:hr>
</gpxtpx:TrackPointExtension>
</extensions>
</trkpt>
<trkpt lat="36.752443" lon="128.0325393">
<ele>546.805</ele>
<time>2025-05-17T09:45:02Z</time>
<extensions>
<gpxtpx:TrackPointExtension>
<gpxtpx:hr>166</gpxtpx:hr>
</gpxtpx:TrackPointExtension>
</extensions>
</trkpt>
<trkpt lat="36.7524508" lon="128.0325427">
<ele>546.928</ele>
<time>2025-05-17T09:45:03Z</time>
<extensions>
<gpxtpx:TrackPointExtension>
<gpxtpx:hr>166</gpxtpx:hr>
</gpxtpx:TrackPointExtension>
</extensions>
</trkpt>
<trkpt lat="36.752459" lon="128.0325482">
<ele>547.108</ele>
<time>2025-05-17T09:45:04Z</time>
<extensions>
<gpxtpx:TrackPointExtension>
<gpxtpx:hr>166</gpxtpx:hr>
</gpxtpx:TrackPointExtension>
</extensions>
</trkpt>
<trkpt lat="36.7524684" lon="128.0325514">
<ele>547.374</ele>
<time>2025-05-17T09:45:05Z</time>
<extensions>
<gpxtpx:TrackPointExtension>
<gpxtpx:hr>166</gpxtpx:hr>
</gpxtpx:TrackPointExtension>
</extensions>
</trkpt>
<trkpt lat="36.7524761" lon="128.0325557">
<ele>547.557</ele>
<time>2025-05-17T09:45:06Z</time>
<extensions>
<gpxtpx:TrackPointExtension>
<gpxtpx:hr>166</gpxtpx:hr>
</gpxtpx:TrackPointExtension>
</extensions>
</trkpt>
<trkpt lat="36.7524821" lon="128.0325585">
<ele>547.814</ele>
<time>2025-05-17T09:45:07Z</time>
<extensions>
<gpxtpx:TrackPointExtension>
<gpxtpx:hr>166</gpxtpx:hr>
</gpxtpx:TrackPointExtension>
</extensions>
</trkpt>
<trkpt lat="36.7524897" lon="128.0325614">
<ele>547.958</ele>
<time>2025-05-17T09:45:08Z</time>
<extensions>
<gpxtpx:TrackPointExtension>
<gpxtpx:hr>166</gpxtpx:hr>
</gpxtpx:TrackPointExtension>
</extensions>
</trkpt>
<trkpt lat="36.7525016" lon="128.032568">
<ele>548.195</ele>
<time>2025-05-17T09:45:09Z</time>
<extensions>
<gpxtpx:TrackPointExtension>
<gpxtpx:hr>166</gpxtpx:hr>
</gpxtpx:TrackPointExtension>
</extensions>
</trkpt>
<trkpt lat="36.7525119" lon="128.0325747">
<ele>548.482</ele>
<time>2025-05-17T09:45:10Z</time>
<extensions>
<gpxtpx:TrackPointExtension>
<gpxtpx:hr>166</gpxtpx:hr>
</gpxtpx:TrackPointExtension>
</extensions>
</trkpt>
<trkpt lat="36.752516" lon="128.0325806">
<ele>548.743</ele>
<time>2025-05-17T09:45:11Z</time>
<extensions>
<gpxtpx:TrackPointExtension>
<gpxtpx:hr>166</gpxtpx:hr>
</gpxtpx:TrackPointExtension>
</extensions>
</trkpt>
<trkpt lat="36.7525176" lon="128.0325889">
<ele>549.033</ele>
<time>2025-05-17T09:45:12Z</time>
<extensions>
<gpxtpx:TrackPointExtension>
<gpxtpx:hr>165</gpxtpx:hr>
</gpxtpx:TrackPointExtension>
</extensions>
</trkpt>
<trkpt lat="36.7525158" lon="128.0325968">
<ele>549.265</ele>
<time>2025-05-17T09:45:13Z</time>
<extensions>
<gpxtpx:TrackPointExtension>
<gpxtpx:hr>165</gpxtpx:hr>
</gpxtpx:TrackPointExtension>
</extensions>
</trkpt>
<trkpt lat="36.752517" lon="128.0326039">
<ele>549.561</ele>
<time>2025-05-17T09:45:14Z</time>
<extensions>
<gpxtpx:TrackPointExtension>
<gpxtpx:hr>164</gpxtpx:hr>
</gpxtpx:TrackPointExtension>
</extensions>
</trkpt>
<trkpt lat="36.7525203" lon="128.0326103">
<ele>549.892</ele>
<time>2025-05-17T09:45:15Z</time>
<extensions>
<gpxtpx:TrackPointExtension>
<gpxtpx:hr>164</gpxtpx:hr>
</gpxtpx:TrackPointExtension>
</extensions>
</trkpt>
<trkpt lat="36.7525259" lon="128.032613">
<ele>550.192</ele>
<time>2025-05-17T09:45:16Z</time>
<extensions>
<gpxtpx:TrackPointExtension>
<gpxtpx:hr>164</gpxtpx:hr>
</gpxtpx:TrackPointExtension>
</extensions>
</trkpt>
<trkpt lat="36.7525329" lon="128.0326205">
<ele>550.523</ele>
<time>2025-05-17T09:45:17Z</time>
<extensions>
<gpxtpx:TrackPointExtension>
<gpxtpx:hr>164</gpxtpx:hr>
</gpxtpx:TrackPointExtension>
</extensions>
</trkpt>
<trkpt lat="36.7525387" lon="128.0326239">
<ele>550.889</ele>
<time>2025-05-17T09:45:18Z</time>
<extensions>
<gpxtpx:TrackPointExtension>
<gpxtpx:hr>164</gpxtpx:hr>
</gpxtpx:TrackPointExtension>
</extensions>
</trkpt>
<trkpt lat="36.7525462" lon="128.0326249">
<ele>551.267</ele>
<time>2025-05-17T09:45:19Z</time>
<extensions>
<gpxtpx:TrackPointExtension>
<gpxtpx:hr>165</gpxtpx:hr>
</gpxtpx:TrackPointExtension>
</extensions>
</trkpt>
<trkpt lat="36.75255" lon="128.0326251">
<ele>551.549</ele>
<time>2025-05-17T09:45:20Z</time>
<extensions>
<gpxtpx:TrackPointExtension>
<gpxtpx:hr>165</gpxtpx:hr>
</gpxtpx:TrackPointExtension>
</extensions>
</trkpt>
<trkpt lat="36.7525518" lon="128.0326284">
<ele>551.794</ele>
<time>2025-05-17T09:45:21Z</time>
<extensions>
<gpxtpx:TrackPointExtension>
<gpxtpx:hr>165</gpxtpx:hr>
</gpxtpx:TrackPointExtension>
</extensions>
</trkpt>
<trkpt lat="36.7525556" lon="128.0326321">
<ele>552.048</ele>
<time>2025-05-17T09:45:23Z</time>
<extensions>
<gpxtpx:TrackPointExtension>
<gpxtpx:hr>165</gpxtpx:hr>
</gpxtpx:TrackPointExtension>
</extensions>
</trkpt>
<trkpt lat="36.7525605" lon="128.0326359">
<ele>552.293</ele>
<time>2025-05-17T09:45:24Z</time>
<extensions>
<gpxtpx:TrackPointExtension>
<gpxtpx:hr>165</gpxtpx:hr>
</gpxtpx:TrackPointExtension>
</extensions>
</trkpt>
<trkpt lat="36.752566" lon="128.0326418">
<ele>552.585</ele>
<time>2025-05-17T09:45:25Z</time>
<extensions>
<gpxtpx:TrackPointExtension>
<gpxtpx:hr>165</gpxtpx:hr>
</gpxtpx:TrackPointExtension>
</extensions>
</trkpt>
<trkpt lat="36.7525703" lon="128.0326414">
<ele>552.83</ele>
<time>2025-05-17T09:45:26Z</time>
<extensions>
<gpxtpx:TrackPointExtension>
<gpxtpx:hr>165</gpxtpx:hr>
</gpxtpx:TrackPointExtension>
</extensions>
</trkpt>
<trkpt lat="36.7525779" lon="128.0326502">
<ele>552.952</ele>
<time>2025-05-17T09:45:27Z</time>
<extensions>
<gpxtpx:TrackPointExtension>
<gpxtpx:hr>165</gpxtpx:hr>
</gpxtpx:TrackPointExtension>
</extensions>
</trkpt>
<trkpt lat="36.7525839" lon="128.0326551">
<ele>553.084</ele>
<time>2025-05-17T09:45:28Z</time>
<extensions>
<gpxtpx:TrackPointExtension>
<gpxtpx:hr>165</gpxtpx:hr>
</gpxtpx:TrackPointExtension>
</extensions>
</trkpt>
<trkpt lat="36.7525891" lon="128.0326593">
<ele>553.374</ele>
<time>2025-05-17T09:45:29Z</time>
<extensions>
<gpxtpx:TrackPointExtension>
<gpxtpx:hr>164</gpxtpx:hr>
</gpxtpx:TrackPointExtension>
</extensions>
</trkpt>
<trkpt lat="36.7525936" lon="128.0326612">
<ele>553.434</ele>
<time>2025-05-17T09:45:30Z</time>
<extensions>
<gpxtpx:TrackPointExtension>
<gpxtpx:hr>164</gpxtpx:hr>
</gpxtpx:TrackPointExtension>
</extensions>
</trkpt>
<trkpt lat="36.7525985" lon="128.0326624">
<ele>553.499</ele>
<time>2025-05-17T09:45:31Z</time>
<extensions>
<gpxtpx:TrackPointExtension>
<gpxtpx:hr>164</gpxtpx:hr>
</gpxtpx:TrackPointExtension>
</extensions>
</trkpt>
<trkpt lat="36.7526044" lon="128.0326691">
<ele>553.598</ele>
<time>2025-05-17T09:45:32Z</time>
<extensions>
<gpxtpx:TrackPointExtension>
<gpxtpx:hr>163</gpxtpx:hr>
</gpxtpx:TrackPointExtension>
</extensions>
</trkpt>
<trkpt lat="36.7526111" lon="128.0326754">
<ele>553.691</ele>
<time>2025-05-17T09:45:33Z</time>
<extensions>
<gpxtpx:TrackPointExtension>
<gpxtpx:hr>163</gpxtpx:hr>
</gpxtpx:TrackPointExtension>
</extensions>
</trkpt>
<trkpt lat="36.7526169" lon="128.0326819">
<ele>553.697</ele>
<time>2025-05-17T09:45:34Z</time>
<extensions>
<gpxtpx:TrackPointExtension>
<gpxtpx:hr>164</gpxtpx:hr>
</gpxtpx:TrackPointExtension>
</extensions>
</trkpt>
<trkpt lat="36.7526235" lon="128.032688">
<ele>553.926</ele>
<time>2025-05-17T09:45:35Z</time>
<extensions>
<gpxtpx:TrackPointExtension>
<gpxtpx:hr>164</gpxtpx:hr>
</gpxtpx:TrackPointExtension>
</extensions>
</trkpt>
<trkpt lat="36.752632" lon="128.0326948">
<ele>554.147</ele>
<time>2025-05-17T09:45:36Z</time>
<extensions>
<gpxtpx:TrackPointExtension>
<gpxtpx:hr>164</gpxtpx:hr>
</gpxtpx:TrackPointExtension>
</extensions>
</trkpt>
<trkpt lat="36.7526359" lon="128.0327001">
<ele>554.358</ele>
<time>2025-05-17T09:45:37Z</time>
<extensions>
<gpxtpx:TrackPointExtension>
<gpxtpx:hr>165</gpxtpx:hr>
</gpxtpx:TrackPointExtension>
</extensions>
</trkpt>
<trkpt lat="36.752643" lon="128.0327055">
<ele>554.648</ele>
<time>2025-05-17T09:45:38Z</time>
<extensions>
<gpxtpx:TrackPointExtension>
<gpxtpx:hr>165</gpxtpx:hr>
</gpxtpx:TrackPointExtension>
</extensions>
</trkpt>
<trkpt lat="36.7526523" lon="128.0327103">
<ele>555.007</ele>
<time>2025-05-17T09:45:39Z</time>
<extensions>
<gpxtpx:TrackPointExtension>
<gpxtpx:hr>165</gpxtpx:hr>
</gpxtpx:TrackPointExtension>
</extensions>
</trkpt>
<trkpt lat="36.7526621" lon="128.0327178">
<ele>555.261</ele>
<time>2025-05-17T09:45:40Z</time>
<extensions>
<gpxtpx:TrackPointExtension>
<gpxtpx:hr>166</gpxtpx:hr>
</gpxtpx:TrackPointExtension>
</extensions>
</trkpt>
<trkpt lat="36.7526718" lon="128.0327213">
<ele>555.678</ele>
<time>2025-05-17T09:45:41Z</time>
<extensions>
<gpxtpx:TrackPointExtension>
<gpxtpx:hr>166</gpxtpx:hr>
</gpxtpx:TrackPointExtension>
</extensions>
</trkpt>
<trkpt lat="36.7526812" lon="128.0327225">
<ele>555.797</ele>
<time>2025-05-17T09:45:42Z</time>
<extensions>
<gpxtpx:TrackPointExtension>
<gpxtpx:hr>165</gpxtpx:hr>
</gpxtpx:TrackPointExtension>
</extensions>
</trkpt>
<trkpt lat="36.7526897" lon="128.0327261">
<ele>555.896</ele>
<time>2025-05-17T09:45:43Z</time>
<extensions>
<gpxtpx:TrackPointExtension>
<gpxtpx:hr>165</gpxtpx:hr>
</gpxtpx:TrackPointExtension>
</extensions>
</trkpt>
<trkpt lat="36.7526976" lon="128.0327293">
<ele>555.964</ele>
<time>2025-05-17T09:45:44Z</time>
<extensions>
<gpxtpx:TrackPointExtension>
<gpxtpx:hr>165</gpxtpx:hr>
</gpxtpx:TrackPointExtension>
</extensions>
</trkpt>
<trkpt lat="36.7527055" lon="128.0327282">
<ele>556.144</ele>
<time>2025-05-17T09:45:45Z</time>
<extensions>
<gpxtpx:TrackPointExtension>
<gpxtpx:hr>165</gpxtpx:hr>
</gpxtpx:TrackPointExtension>
</extensions>
</trkpt>
<trkpt lat="36.7527123" lon="128.0327257">
<ele>556.163</ele>
<time>2025-05-17T09:45:46Z</time>
<extensions>
<gpxtpx:TrackPointExtension>
<gpxtpx:hr>165</gpxtpx:hr>
</gpxtpx:TrackPointExtension>
</extensions>
</trkpt>
<trkpt lat="36.7527183" lon="128.0327236">
<ele>556.082</ele>
<time>2025-05-17T09:45:47Z</time>
<extensions>
<gpxtpx:TrackPointExtension>
<gpxtpx:hr>164</gpxtpx:hr>
</gpxtpx:TrackPointExtension>
</extensions>
</trkpt>
<trkpt lat="36.7527252" lon="128.0327194">
<ele>556.054</ele>
<time>2025-05-17T09:45:48Z</time>
<extensions>
<gpxtpx:TrackPointExtension>
<gpxtpx:hr>164</gpxtpx:hr>
</gpxtpx:TrackPointExtension>
</extensions>
</trkpt>
<trkpt lat="36.7527281" lon="128.0327141">
<ele>556.087</ele>
<time>2025-05-17T09:45:49Z</time>
<extensions>
<gpxtpx:TrackPointExtension>
<gpxtpx:hr>164</gpxtpx:hr>
</gpxtpx:TrackPointExtension>
</extensions>
</trkpt>
<trkpt lat="36.7527287" lon="128.0327078">
<ele>556.192</ele>
<time>2025-05-17T09:45:50Z</time>
<extensions>
<gpxtpx:TrackPointExtension>
<gpxtpx:hr>164</gpxtpx:hr>
</gpxtpx:TrackPointExtension>
</extensions>
</trkpt>
<trkpt lat="36.7527296" lon="128.0327">
<ele>556.346</ele>
<time>2025-05-17T09:45:51Z</time>
<extensions>
<gpxtpx:TrackPointExtension>
<gpxtpx:hr>164</gpxtpx:hr>
</gpxtpx:TrackPointExtension>
</extensions>
</trkpt>
<trkpt lat="36.7527326" lon="128.032694">
<ele>556.35</ele>
<time>2025-05-17T09:45:52Z</time>
<extensions>
<gpxtpx:TrackPointExtension>
<gpxtpx:hr>164</gpxtpx:hr>
</gpxtpx:TrackPointExtension>
</extensions>
</trkpt>
<trkpt lat="36.7527281" lon="128.0326861">
<ele>556.263</ele>
<time>2025-05-17T09:45:53Z</time>
<extensions>
<gpxtpx:TrackPointExtension>
<gpxtpx:hr>163</gpxtpx:hr>
</gpxtpx:TrackPointExtension>
</extensions>
</trkpt>
<trkpt lat="36.7527174" lon="128.032681">
<ele>556.16</ele>
<time>2025-05-17T09:45:54Z</time>
<extensions>
<gpxtpx:TrackPointExtension>
<gpxtpx:hr>164</gpxtpx:hr>
</gpxtpx:TrackPointExtension>
</extensions>
</trkpt>
<trkpt lat="36.7527165" lon="128.0326748">
<ele>556.237</ele>
<time>2025-05-17T09:45:55Z</time>
<extensions>
<gpxtpx:TrackPointExtension>
<gpxtpx:hr>164</gpxtpx:hr>
</gpxtpx:TrackPointExtension>
</extensions>
</trkpt>
<trkpt lat="36.7527181" lon="128.0326682">
<ele>556.285</ele>
<time>2025-05-17T09:45:56Z</time>
<extensions>
<gpxtpx:TrackPointExtension>
<gpxtpx:hr>164</gpxtpx:hr>
</gpxtpx:TrackPointExtension>
</extensions>
</trkpt>
<trkpt lat="36.7527205" lon="128.0326605">
<ele>556.494</ele>
<time>2025-05-17T09:45:57Z</time>
<extensions>
<gpxtpx:TrackPointExtension>
<gpxtpx:hr>164</gpxtpx:hr>
</gpxtpx:TrackPointExtension>
</extensions>
</trkpt>
<trkpt lat="36.7527216" lon="128.0326534">
<ele>556.736</ele>
<time>2025-05-17T09:45:58Z</time>
<extensions>
<gpxtpx:TrackPointExtension>
<gpxtpx:hr>164</gpxtpx:hr>
</gpxtpx:TrackPointExtension>
</extensions>
</trkpt>
<trkpt lat="36.7527244" lon="128.0326461">
<ele>556.898</ele>
<time>2025-05-17T09:45:59Z</time>
<extensions>
<gpxtpx:TrackPointExtension>
<gpxtpx:hr>164</gpxtpx:hr>
</gpxtpx:TrackPointExtension>
</extensions>
</trkpt>
<trkpt lat="36.7527283" lon="128.0326364">
<ele>557.128</ele>
<time>2025-05-17T09:46:00Z</time>
<extensions>
<gpxtpx:TrackPointExtension>
<gpxtpx:hr>164</gpxtpx:hr>
</gpxtpx:TrackPointExtension>
</extensions>
</trkpt>
<trkpt lat="36.752733" lon="128.0326273">
<ele>557.347</ele>
<time>2025-05-17T09:46:01Z</time>
<extensions>
<gpxtpx:TrackPointExtension>
<gpxtpx:hr>165</gpxtpx:hr>
</gpxtpx:TrackPointExtension>
</extensions>
</trkpt>
<trkpt lat="36.7527373" lon="128.0326222">
<ele>557.731</ele>
<time>2025-05-17T09:46:02Z</time>
<extensions>
<gpxtpx:TrackPointExtension>
<gpxtpx:hr>166</gpxtpx:hr>
</gpxtpx:TrackPointExtension>
</extensions>
</trkpt>
<trkpt lat="36.7527374" lon="128.0326216">
<ele>557.928</ele>
<time>2025-05-17T09:46:03Z</time>
<extensions>
<gpxtpx:TrackPointExtension>
<gpxtpx:hr>167</gpxtpx:hr>
</gpxtpx:TrackPointExtension>
</extensions>
</trkpt>
<trkpt lat="36.7527374" lon="128.0326198">
<ele>558.161</ele>
<time>2025-05-17T09:46:04Z</time>
<extensions>
<gpxtpx:TrackPointExtension>
<gpxtpx:hr>167</gpxtpx:hr>
</gpxtpx:TrackPointExtension>
</extensions>
</trkpt>
<trkpt lat="36.752741" lon="128.0326178">
<ele>558.443</ele>
<time>2025-05-17T09:46:05Z</time>
<extensions>
<gpxtpx:TrackPointExtension>
<gpxtpx:hr>167</gpxtpx:hr>
</gpxtpx:TrackPointExtension>
</extensions>
</trkpt>
<trkpt lat="36.7527466" lon="128.032616">
<ele>558.735</ele>
<time>2025-05-17T09:46:06Z</time>
<extensions>
<gpxtpx:TrackPointExtension>
<gpxtpx:hr>167</gpxtpx:hr>
</gpxtpx:TrackPointExtension>
</extensions>
</trkpt>
<trkpt lat="36.7527551" lon="128.0326155">
<ele>558.999</ele>
<time>2025-05-17T09:46:07Z</time>
<extensions>
<gpxtpx:TrackPointExtension>
<gpxtpx:hr>166</gpxtpx:hr>
</gpxtpx:TrackPointExtension>
</extensions>
</trkpt>
<trkpt lat="36.7527624" lon="128.0326177">
<ele>559.211</ele>
<time>2025-05-17T09:46:08Z</time>
<extensions>
<gpxtpx:TrackPointExtension>
<gpxtpx:hr>166</gpxtpx:hr>
</gpxtpx:TrackPointExtension>
</extensions>
</trkpt>
<trkpt lat="36.7527687" lon="128.0326237">
<ele>559.306</ele>
<time>2025-05-17T09:46:09Z</time>
<extensions>
<gpxtpx:TrackPointExtension>
<gpxtpx:hr>166</gpxtpx:hr>
</gpxtpx:TrackPointExtension>
</extensions>
</trkpt>
<trkpt lat="36.7527691" lon="128.0326284">
<ele>559.53</ele>
<time>2025-05-17T09:46:10Z</time>
<extensions>
<gpxtpx:TrackPointExtension>
<gpxtpx:hr>166</gpxtpx:hr>
</gpxtpx:TrackPointExtension>
</extensions>
</trkpt>
<trkpt lat="36.7527756" lon="128.0326273">
<ele>559.68</ele>
<time>2025-05-17T09:46:11Z</time>
<extensions>
<gpxtpx:TrackPointExtension>
<gpxtpx:hr>165</gpxtpx:hr>
</gpxtpx:TrackPointExtension>
</extensions>
</trkpt>
<trkpt lat="36.7527798" lon="128.0326246">
<ele>559.838</ele>
<time>2025-05-17T09:46:12Z</time>
<extensions>
<gpxtpx:TrackPointExtension>
<gpxtpx:hr>165</gpxtpx:hr>
</gpxtpx:TrackPointExtension>
</extensions>
</trkpt>
<trkpt lat="36.7527833" lon="128.0326264">
<ele>560.113</ele>
<time>2025-05-17T09:46:13Z</time>
<extensions>
<gpxtpx:TrackPointExtension>
<gpxtpx:hr>165</gpxtpx:hr>
</gpxtpx:TrackPointExtension>
</extensions>
</trkpt>
<trkpt lat="36.7527867" lon="128.0326244">
<ele>560.276</ele>
<time>2025-05-17T09:46:14Z</time>
<extensions>
<gpxtpx:TrackPointExtension>
<gpxtpx:hr>164</gpxtpx:hr>
</gpxtpx:TrackPointExtension>
</extensions>
</trkpt>
<trkpt lat="36.7527933" lon="128.0326251">
<ele>560.452</ele>
<time>2025-05-17T09:46:15Z</time>
<extensions>
<gpxtpx:TrackPointExtension>
<gpxtpx:hr>164</gpxtpx:hr>
</gpxtpx:TrackPointExtension>
</extensions>
</trkpt>
<trkpt lat="36.7527976" lon="128.0326218">
<ele>560.656</ele>
<time>2025-05-17T09:46:16Z</time>
<extensions>
<gpxtpx:TrackPointExtension>
<gpxtpx:hr>165</gpxtpx:hr>
</gpxtpx:TrackPointExtension>
</extensions>
</trkpt>
<trkpt lat="36.7528002" lon="128.0326165">
<ele>560.813</ele>
<time>2025-05-17T09:46:17Z</time>
<extensions>
<gpxtpx:TrackPointExtension>
<gpxtpx:hr>165</gpxtpx:hr>
</gpxtpx:TrackPointExtension>
</extensions>
</trkpt>
<trkpt lat="36.7528025" lon="128.0326134">
<ele>560.883</ele>
<time>2025-05-17T09:46:18Z</time>
<extensions>
<gpxtpx:TrackPointExtension>
<gpxtpx:hr>164</gpxtpx:hr>
</gpxtpx:TrackPointExtension>
</extensions>
</trkpt>
<trkpt lat="36.7528064" lon="128.0326107">
<ele>560.88</ele>
<time>2025-05-17T09:46:19Z</time>
<extensions>
<gpxtpx:TrackPointExtension>
<gpxtpx:hr>164</gpxtpx:hr>
</gpxtpx:TrackPointExtension>
</extensions>
</trkpt>
<trkpt lat="36.7528115" lon="128.0326073">
<ele>560.992</ele>
<time>2025-05-17T09:46:20Z</time>
<extensions>
<gpxtpx:TrackPointExtension>
<gpxtpx:hr>164</gpxtpx:hr>
</gpxtpx:TrackPointExtension>
</extensions>
</trkpt>
<trkpt lat="36.7528146" lon="128.0326054">
<ele>561.118</ele>
<time>2025-05-17T09:46:21Z</time>
<extensions>
<gpxtpx:TrackPointExtension>
<gpxtpx:hr>165</gpxtpx:hr>
</gpxtpx:TrackPointExtension>
</extensions>
</trkpt>
<trkpt lat="36.7528171" lon="128.0325972">
<ele>561.357</ele>
<time>2025-05-17T09:46:22Z</time>
<extensions>
<gpxtpx:TrackPointExtension>
<gpxtpx:hr>165</gpxtpx:hr>
</gpxtpx:TrackPointExtension>
</extensions>
</trkpt>
<trkpt lat="36.7528265" lon="128.0325926">
<ele>561.634</ele>
<time>2025-05-17T09:46:23Z</time>
<extensions>
<gpxtpx:TrackPointExtension>
<gpxtpx:hr>165</gpxtpx:hr>
</gpxtpx:TrackPointExtension>
</extensions>
</trkpt>
<trkpt lat="36.7528332" lon="128.0325877">
<ele>561.912</ele>
<time>2025-05-17T09:46:24Z</time>
<extensions>
<gpxtpx:TrackPointExtension>
<gpxtpx:hr>165</gpxtpx:hr>
</gpxtpx:TrackPointExtension>
</extensions>
</trkpt>
<trkpt lat="36.7528375" lon="128.0325791">
<ele>562.091</ele>
<time>2025-05-17T09:46:25Z</time>
<extensions>
<gpxtpx:TrackPointExtension>
<gpxtpx:hr>165</gpxtpx:hr>
</gpxtpx:TrackPointExtension>
</extensions>
</trkpt>
<trkpt lat="36.7528409" lon="128.0325723">
<ele>562.35</ele>
<time>2025-05-17T09:46:26Z</time>
<extensions>
<gpxtpx:TrackPointExtension>
<gpxtpx:hr>165</gpxtpx:hr>
</gpxtpx:TrackPointExtension>
</extensions>
</trkpt>
<trkpt lat="36.7528466" lon="128.0325681">
<ele>562.416</ele>
<time>2025-05-17T09:46:27Z</time>
<extensions>
<gpxtpx:TrackPointExtension>
<gpxtpx:hr>165</gpxtpx:hr>
</gpxtpx:TrackPointExtension>
</extensions>
</trkpt>
<trkpt lat="36.7528524" lon="128.0325623">
<ele>562.634</ele>
<time>2025-05-17T09:46:28Z</time>
<extensions>
<gpxtpx:TrackPointExtension>
<gpxtpx:hr>164</gpxtpx:hr>
</gpxtpx:TrackPointExtension>
</extensions>
</trkpt>
<trkpt lat="36.7528585" lon="128.0325566">
<ele>562.538</ele>
<time>2025-05-17T09:46:29Z</time>
<extensions>
<gpxtpx:TrackPointExtension>
<gpxtpx:hr>164</gpxtpx:hr>
</gpxtpx:TrackPointExtension>
</extensions>
</trkpt>
<trkpt lat="36.7528661" lon="128.032549">
<ele>562.58</ele>
<time>2025-05-17T09:46:30Z</time>
<extensions>
<gpxtpx:TrackPointExtension>
<gpxtpx:hr>164</gpxtpx:hr>
</gpxtpx:TrackPointExtension>
</extensions>
</trkpt>
<trkpt lat="36.7528715" lon="128.032543">
<ele>562.671</ele>
<time>2025-05-17T09:46:31Z</time>
<extensions>
<gpxtpx:TrackPointExtension>
<gpxtpx:hr>164</gpxtpx:hr>
</gpxtpx:TrackPointExtension>
</extensions>
</trkpt>
<trkpt lat="36.7528782" lon="128.0325341">
<ele>562.757</ele>
<time>2025-05-17T09:46:32Z</time>
<extensions>
<gpxtpx:TrackPointExtension>
<gpxtpx:hr>164</gpxtpx:hr>
</gpxtpx:TrackPointExtension>
</extensions>
</trkpt>
<trkpt lat="36.7528892" lon="128.0325246">
<ele>562.626</ele>
<time>2025-05-17T09:46:33Z</time>
<extensions>
<gpxtpx:TrackPointExtension>
<gpxtpx:hr>164</gpxtpx:hr>
</gpxtpx:TrackPointExtension>
</extensions>
</trkpt>
<trkpt lat="36.7528974" lon="128.0325169">
<ele>562.735</ele>
<time>2025-05-17T09:46:34Z</time>
<extensions>
<gpxtpx:TrackPointExtension>
<gpxtpx:hr>164</gpxtpx:hr>
</gpxtpx:TrackPointExtension>
</extensions>
</trkpt>
<trkpt lat="36.752908" lon="128.0325138">
<ele>562.807</ele>
<time>2025-05-17T09:46:35Z</time>
<extensions>
<gpxtpx:TrackPointExtension>
<gpxtpx:hr>164</gpxtpx:hr>
</gpxtpx:TrackPointExtension>
</extensions>
</trkpt>
<trkpt lat="36.7529191" lon="128.0325092">
<ele>562.927</ele>
<time>2025-05-17T09:46:36Z</time>
<extensions>
<gpxtpx:TrackPointExtension>
<gpxtpx:hr>164</gpxtpx:hr>
</gpxtpx:TrackPointExtension>
</extensions>
</trkpt>
<trkpt lat="36.7529295" lon="128.032503">
<ele>563.096</ele>
<time>2025-05-17T09:46:37Z</time>
<extensions>
<gpxtpx:TrackPointExtension>
<gpxtpx:hr>164</gpxtpx:hr>
</gpxtpx:TrackPointExtension>
</extensions>
</trkpt>
<trkpt lat="36.752938" lon="128.0324983">
<ele>563.335</ele>
<time>2025-05-17T09:46:38Z</time>
<extensions>
<gpxtpx:TrackPointExtension>
<gpxtpx:hr>164</gpxtpx:hr>
</gpxtpx:TrackPointExtension>
</extensions>
</trkpt>
<trkpt lat="36.7529457" lon="128.0324987">
<ele>563.578</ele>
<time>2025-05-17T09:46:39Z</time>
<extensions>
<gpxtpx:TrackPointExtension>
<gpxtpx:hr>164</gpxtpx:hr>
</gpxtpx:TrackPointExtension>
</extensions>
</trkpt>
<trkpt lat="36.7529557" lon="128.0324956">
<ele>563.829</ele>
<time>2025-05-17T09:46:40Z</time>
<extensions>
<gpxtpx:TrackPointExtension>
<gpxtpx:hr>164</gpxtpx:hr>
</gpxtpx:TrackPointExtension>
</extensions>
</trkpt>
<trkpt lat="36.7529762" lon="128.0324881">
<ele>564.177</ele>
<time>2025-05-17T09:46:41Z</time>
<extensions>
<gpxtpx:TrackPointExtension>
<gpxtpx:hr>165</gpxtpx:hr>
</gpxtpx:TrackPointExtension>
</extensions>
</trkpt>
<trkpt lat="36.7529913" lon="128.0324757">
<ele>564.664</ele>
<time>2025-05-17T09:46:43Z</time>
<extensions>
<gpxtpx:TrackPointExtension>
<gpxtpx:hr>165</gpxtpx:hr>
</gpxtpx:TrackPointExtension>
</extensions>
</trkpt>
<trkpt lat="36.7530038" lon="128.0324657">
<ele>565.135</ele>
<time>2025-05-17T09:46:45Z</time>
<extensions>
<gpxtpx:TrackPointExtension>
<gpxtpx:hr>165</gpxtpx:hr>
</gpxtpx:TrackPointExtension>
</extensions>
</trkpt>
<trkpt lat="36.7530165" lon="128.0324607">
<ele>565.724</ele>
<time>2025-05-17T09:46:47Z</time>
<extensions>
<gpxtpx:TrackPointExtension>
<gpxtpx:hr>166</gpxtpx:hr>
</gpxtpx:TrackPointExtension>
</extensions>
</trkpt>
<trkpt lat="36.753018" lon="128.0324631">
<ele>566.236</ele>
<time>2025-05-17T09:46:49Z</time>
<extensions>
<gpxtpx:TrackPointExtension>
<gpxtpx:hr>166</gpxtpx:hr>
</gpxtpx:TrackPointExtension>
</extensions>
</trkpt>
<trkpt lat="36.7530197" lon="128.032463">
<ele>566.51</ele>
<time>2025-05-17T09:46:50Z</time>
<extensions>
<gpxtpx:TrackPointExtension>
<gpxtpx:hr>166</gpxtpx:hr>
</gpxtpx:TrackPointExtension>
</extensions>
</trkpt>
<trkpt lat="36.7530255" lon="128.0324693">
<ele>566.707</ele>
<time>2025-05-17T09:46:51Z</time>
<extensions>
<gpxtpx:TrackPointExtension>
<gpxtpx:hr>166</gpxtpx:hr>
</gpxtpx:TrackPointExtension>
</extensions>
</trkpt>
<trkpt lat="36.7530354" lon="128.03248">
<ele>566.936</ele>
<time>2025-05-17T09:46:52Z</time>
<extensions>
<gpxtpx:TrackPointExtension>
<gpxtpx:hr>166</gpxtpx:hr>
</gpxtpx:TrackPointExtension>
</extensions>
</trkpt>
<trkpt lat="36.7530476" lon="128.0324856">
<ele>567.167</ele>
<time>2025-05-17T09:46:53Z</time>
<extensions>
<gpxtpx:TrackPointExtension>
<gpxtpx:hr>165</gpxtpx:hr>
</gpxtpx:TrackPointExtension>
</extensions>
</trkpt>
<trkpt lat="36.753053" lon="128.032489">
<ele>567.349</ele>
<time>2025-05-17T09:46:54Z</time>
<extensions>
<gpxtpx:TrackPointExtension>
<gpxtpx:hr>165</gpxtpx:hr>
</gpxtpx:TrackPointExtension>
</extensions>
</trkpt>
<trkpt lat="36.7530588" lon="128.0324977">
<ele>567.566</ele>
<time>2025-05-17T09:46:55Z</time>
<extensions>
<gpxtpx:TrackPointExtension>
<gpxtpx:hr>164</gpxtpx:hr>
</gpxtpx:TrackPointExtension>
</extensions>
</trkpt>
<trkpt lat="36.7530649" lon="128.0325106">
<ele>567.801</ele>
<time>2025-05-17T09:46:56Z</time>
<extensions>
<gpxtpx:TrackPointExtension>
<gpxtpx:hr>164</gpxtpx:hr>
</gpxtpx:TrackPointExtension>
</extensions>
</trkpt>
<trkpt lat="36.7530704" lon="128.0325211">
<ele>568.003</ele>
<time>2025-05-17T09:46:57Z</time>
<extensions>
<gpxtpx:TrackPointExtension>
<gpxtpx:hr>164</gpxtpx:hr>
</gpxtpx:TrackPointExtension>
</extensions>
</trkpt>
<trkpt lat="36.7530749" lon="128.0325298">
<ele>568.343</ele>
<time>2025-05-17T09:46:58Z</time>
<extensions>
<gpxtpx:TrackPointExtension>
<gpxtpx:hr>164</gpxtpx:hr>
</gpxtpx:TrackPointExtension>
</extensions>
</trkpt>
<trkpt lat="36.7530778" lon="128.0325365">
<ele>568.449</ele>
<time>2025-05-17T09:46:59Z</time>
<extensions>
<gpxtpx:TrackPointExtension>
<gpxtpx:hr>164</gpxtpx:hr>
</gpxtpx:TrackPointExtension>
</extensions>
</trkpt>
<trkpt lat="36.753081" lon="128.0325416">
<ele>569.006</ele>
<time>2025-05-17T09:47:00Z</time>
<extensions>
<gpxtpx:TrackPointExtension>
<gpxtpx:hr>163</gpxtpx:hr>
</gpxtpx:TrackPointExtension>
</extensions>
</trkpt>
<trkpt lat="36.7530873" lon="128.0325466">
<ele>569.392</ele>
<time>2025-05-17T09:47:01Z</time>
<extensions>
<gpxtpx:TrackPointExtension>
<gpxtpx:hr>163</gpxtpx:hr>
</gpxtpx:TrackPointExtension>
</extensions>
</trkpt>
<trkpt lat="36.7530918" lon="128.0325497">
<ele>569.475</ele>
<time>2025-05-17T09:47:02Z</time>
<extensions>
<gpxtpx:TrackPointExtension>
<gpxtpx:hr>163</gpxtpx:hr>
</gpxtpx:TrackPointExtension>
</extensions>
</trkpt>
<trkpt lat="36.7530946" lon="128.0325531">
<ele>569.43</ele>
<time>2025-05-17T09:47:03Z</time>
<extensions>
<gpxtpx:TrackPointExtension>
<gpxtpx:hr>162</gpxtpx:hr>
</gpxtpx:TrackPointExtension>
</extensions>
</trkpt>
<trkpt lat="36.7530998" lon="128.0325578">
<ele>569.439</ele>
<time>2025-05-17T09:47:04Z</time>
<extensions>
<gpxtpx:TrackPointExtension>
<gpxtpx:hr>162</gpxtpx:hr>
</gpxtpx:TrackPointExtension>
</extensions>
</trkpt>
<trkpt lat="36.7531045" lon="128.0325645">
<ele>569.395</ele>
<time>2025-05-17T09:47:05Z</time>
<extensions>
<gpxtpx:TrackPointExtension>
<gpxtpx:hr>161</gpxtpx:hr>
</gpxtpx:TrackPointExtension>
</extensions>
</trkpt>
<trkpt lat="36.7531113" lon="128.0325728">
<ele>569.411</ele>
<time>2025-05-17T09:47:06Z</time>
<extensions>
<gpxtpx:TrackPointExtension>
<gpxtpx:hr>161</gpxtpx:hr>
</gpxtpx:TrackPointExtension>
</extensions>
</trkpt>
<trkpt lat="36.7531204" lon="128.0325838">
<ele>569.292</ele>
<time>2025-05-17T09:47:07Z</time>
<extensions>
<gpxtpx:TrackPointExtension>
<gpxtpx:hr>160</gpxtpx:hr>
</gpxtpx:TrackPointExtension>
</extensions>
</trkpt>
<trkpt lat="36.7531309" lon="128.0325877">
<ele>569.216</ele>
<time>2025-05-17T09:47:08Z</time>
<extensions>
<gpxtpx:TrackPointExtension>
<gpxtpx:hr>160</gpxtpx:hr>
</gpxtpx:TrackPointExtension>
</extensions>
</trkpt>
<trkpt lat="36.7531392" lon="128.0325925">
<ele>569.29</ele>
<time>2025-05-17T09:47:09Z</time>
<extensions>
<gpxtpx:TrackPointExtension>
<gpxtpx:hr>160</gpxtpx:hr>
</gpxtpx:TrackPointExtension>
</extensions>
</trkpt>
<trkpt lat="36.7531459" lon="128.0325978">
<ele>569.411</ele>
<time>2025-05-17T09:47:10Z</time>
<extensions>
<gpxtpx:TrackPointExtension>
<gpxtpx:hr>160</gpxtpx:hr>
</gpxtpx:TrackPointExtension>
</extensions>
</trkpt>
<trkpt lat="36.7531521" lon="128.0326038">
<ele>569.666</ele>
<time>2025-05-17T09:47:11Z</time>
<extensions>
<gpxtpx:TrackPointExtension>
<gpxtpx:hr>160</gpxtpx:hr>
</gpxtpx:TrackPointExtension>
</extensions>
</trkpt>
<trkpt lat="36.753155" lon="128.0326073">
<ele>569.808</ele>
<time>2025-05-17T09:47:12Z</time>
<extensions>
<gpxtpx:TrackPointExtension>
<gpxtpx:hr>160</gpxtpx:hr>
</gpxtpx:TrackPointExtension>
</extensions>
</trkpt>
<trkpt lat="36.7531613" lon="128.0326102">
<ele>569.896</ele>
<time>2025-05-17T09:47:13Z</time>
<extensions>
<gpxtpx:TrackPointExtension>
<gpxtpx:hr>160</gpxtpx:hr>
</gpxtpx:TrackPointExtension>
</extensions>
</trkpt>
<trkpt lat="36.7531661" lon="128.0326138">
<ele>570.067</ele>
<time>2025-05-17T09:47:14Z</time>
<extensions>
<gpxtpx:TrackPointExtension>
<gpxtpx:hr>160</gpxtpx:hr>
</gpxtpx:TrackPointExtension>
</extensions>
</trkpt>
<trkpt lat="36.7531728" lon="128.0326168">
<ele>570.241</ele>
<time>2025-05-17T09:47:15Z</time>
<extensions>
<gpxtpx:TrackPointExtension>
<gpxtpx:hr>160</gpxtpx:hr>
</gpxtpx:TrackPointExtension>
</extensions>
</trkpt>
<trkpt lat="36.7531831" lon="128.0326225">
<ele>570.369</ele>
<time>2025-05-17T09:47:16Z</time>
<extensions>
<gpxtpx:TrackPointExtension>
<gpxtpx:hr>161</gpxtpx:hr>
</gpxtpx:TrackPointExtension>
</extensions>
</trkpt>
<trkpt lat="36.7531914" lon="128.0326202">
<ele>570.409</ele>
<time>2025-05-17T09:47:17Z</time>
<extensions>
<gpxtpx:TrackPointExtension>
<gpxtpx:hr>161</gpxtpx:hr>
</gpxtpx:TrackPointExtension>
</extensions>
</trkpt>
<trkpt lat="36.753199" lon="128.0326229">
<ele>570.461</ele>
<time>2025-05-17T09:47:18Z</time>
<extensions>
<gpxtpx:TrackPointExtension>
<gpxtpx:hr>161</gpxtpx:hr>
</gpxtpx:TrackPointExtension>
</extensions>
</trkpt>
<trkpt lat="36.7532081" lon="128.0326303">
<ele>570.513</ele>
<time>2025-05-17T09:47:19Z</time>
<extensions>
<gpxtpx:TrackPointExtension>
<gpxtpx:hr>161</gpxtpx:hr>
</gpxtpx:TrackPointExtension>
</extensions>
</trkpt>
<trkpt lat="36.7532139" lon="128.0326322">
<ele>570.708</ele>
<time>2025-05-17T09:47:20Z</time>
<extensions>
<gpxtpx:TrackPointExtension>
<gpxtpx:hr>161</gpxtpx:hr>
</gpxtpx:TrackPointExtension>
</extensions>
</trkpt>
<trkpt lat="36.7532195" lon="128.0326317">
<ele>570.983</ele>
<time>2025-05-17T09:47:21Z</time>
<extensions>
<gpxtpx:TrackPointExtension>
<gpxtpx:hr>161</gpxtpx:hr>
</gpxtpx:TrackPointExtension>
</extensions>
</trkpt>
<trkpt lat="36.7532241" lon="128.0326333">
<ele>571.267</ele>
<time>2025-05-17T09:47:22Z</time>
<extensions>
<gpxtpx:TrackPointExtension>
<gpxtpx:hr>162</gpxtpx:hr>
</gpxtpx:TrackPointExtension>
</extensions>
</trkpt>
<trkpt lat="36.7532269" lon="128.0326363">
<ele>571.347</ele>
<time>2025-05-17T09:47:23Z</time>
<extensions>
<gpxtpx:TrackPointExtension>
<gpxtpx:hr>163</gpxtpx:hr>
</gpxtpx:TrackPointExtension>
</extensions>
</trkpt>
<trkpt lat="36.7532352" lon="128.0326385">
<ele>571.486</ele>
<time>2025-05-17T09:47:24Z</time>
<extensions>
<gpxtpx:TrackPointExtension>
<gpxtpx:hr>163</gpxtpx:hr>
</gpxtpx:TrackPointExtension>
</extensions>
</trkpt>
<trkpt lat="36.7532431" lon="128.0326402">
<ele>571.66</ele>
<time>2025-05-17T09:47:25Z</time>
<extensions>
<gpxtpx:TrackPointExtension>
<gpxtpx:hr>163</gpxtpx:hr>
</gpxtpx:TrackPointExtension>
</extensions>
</trkpt>
<trkpt lat="36.7532488" lon="128.0326409">
<ele>572.008</ele>
<time>2025-05-17T09:47:26Z</time>
<extensions>
<gpxtpx:TrackPointExtension>
<gpxtpx:hr>164</gpxtpx:hr>
</gpxtpx:TrackPointExtension>
</extensions>
</trkpt>
<trkpt lat="36.7532497" lon="128.0326457">
<ele>572.224</ele>
<time>2025-05-17T09:47:27Z</time>
<extensions>
<gpxtpx:TrackPointExtension>
<gpxtpx:hr>164</gpxtpx:hr>
</gpxtpx:TrackPointExtension>
</extensions>
</trkpt>
<trkpt lat="36.753253" lon="128.0326457">
<ele>572.539</ele>
<time>2025-05-17T09:47:28Z</time>
<extensions>
<gpxtpx:TrackPointExtension>
<gpxtpx:hr>163</gpxtpx:hr>
</gpxtpx:TrackPointExtension>
</extensions>
</trkpt>
<trkpt lat="36.7532603" lon="128.0326447">
<ele>572.847</ele>
<time>2025-05-17T09:47:29Z</time>
<extensions>
<gpxtpx:TrackPointExtension>
<gpxtpx:hr>163</gpxtpx:hr>
</gpxtpx:TrackPointExtension>
</extensions>
</trkpt>
<trkpt lat="36.7532674" lon="128.0326409">
<ele>573.08</ele>
<time>2025-05-17T09:47:30Z</time>
<extensions>
<gpxtpx:TrackPointExtension>
<gpxtpx:hr>163</gpxtpx:hr>
</gpxtpx:TrackPointExtension>
</extensions>
</trkpt>
<trkpt lat="36.7532688" lon="128.0326327">
<ele>573.31</ele>
<time>2025-05-17T09:47:31Z</time>
<extensions>
<gpxtpx:TrackPointExtension>
<gpxtpx:hr>163</gpxtpx:hr>
</gpxtpx:TrackPointExtension>
</extensions>
</trkpt>
<trkpt lat="36.7532756" lon="128.0326264">
<ele>573.604</ele>
<time>2025-05-17T09:47:32Z</time>
<extensions>
<gpxtpx:TrackPointExtension>
<gpxtpx:hr>164</gpxtpx:hr>
</gpxtpx:TrackPointExtension>
</extensions>
</trkpt>
<trkpt lat="36.7532753" lon="128.0326299">
<ele>573.853</ele>
<time>2025-05-17T09:47:33Z</time>
<extensions>
<gpxtpx:TrackPointExtension>
<gpxtpx:hr>164</gpxtpx:hr>
</gpxtpx:TrackPointExtension>
</extensions>
</trkpt>
<trkpt lat="36.7532786" lon="128.0326248">
<ele>574.233</ele>
<time>2025-05-17T09:47:34Z</time>
<extensions>
<gpxtpx:TrackPointExtension>
<gpxtpx:hr>164</gpxtpx:hr>
</gpxtpx:TrackPointExtension>
</extensions>
</trkpt>
<trkpt lat="36.7532816" lon="128.0326231">
<ele>574.463</ele>
<time>2025-05-17T09:47:35Z</time>
<extensions>
<gpxtpx:TrackPointExtension>
<gpxtpx:hr>164</gpxtpx:hr>
</gpxtpx:TrackPointExtension>
</extensions>
</trkpt>
<trkpt lat="36.7532829" lon="128.0326234">
<ele>574.62</ele>
<time>2025-05-17T09:47:36Z</time>
<extensions>
<gpxtpx:TrackPointExtension>
<gpxtpx:hr>164</gpxtpx:hr>
</gpxtpx:TrackPointExtension>
</extensions>
</trkpt>
<trkpt lat="36.7532839" lon="128.0326216">
<ele>574.963</ele>
<time>2025-05-17T09:47:37Z</time>
<extensions>
<gpxtpx:TrackPointExtension>
<gpxtpx:hr>165</gpxtpx:hr>
</gpxtpx:TrackPointExtension>
</extensions>
</trkpt>
<trkpt lat="36.7532864" lon="128.0326222">
<ele>575.12</ele>
<time>2025-05-17T09:47:38Z</time>
<extensions>
<gpxtpx:TrackPointExtension>
<gpxtpx:hr>165</gpxtpx:hr>
</gpxtpx:TrackPointExtension>
</extensions>
</trkpt>
<trkpt lat="36.7532895" lon="128.0326244">
<ele>575.084</ele>
<time>2025-05-17T09:47:39Z</time>
<extensions>
<gpxtpx:TrackPointExtension>
<gpxtpx:hr>165</gpxtpx:hr>
</gpxtpx:TrackPointExtension>
</extensions>
</trkpt>
<trkpt lat="36.7532936" lon="128.0326289">
<ele>575.094</ele>
<time>2025-05-17T09:47:40Z</time>
<extensions>
<gpxtpx:TrackPointExtension>
<gpxtpx:hr>164</gpxtpx:hr>
</gpxtpx:TrackPointExtension>
</extensions>
</trkpt>
<trkpt lat="36.7533002" lon="128.0326335">
<ele>575.162</ele>
<time>2025-05-17T09:47:41Z</time>
<extensions>
<gpxtpx:TrackPointExtension>
<gpxtpx:hr>164</gpxtpx:hr>
</gpxtpx:TrackPointExtension>
</extensions>
</trkpt>
<trkpt lat="36.7533041" lon="128.0326368">
<ele>575.225</ele>
<time>2025-05-17T09:47:42Z</time>
<extensions>
<gpxtpx:TrackPointExtension>
<gpxtpx:hr>165</gpxtpx:hr>
</gpxtpx:TrackPointExtension>
</extensions>
</trkpt>
<trkpt lat="36.7533059" lon="128.0326394">
<ele>575.425</ele>
<time>2025-05-17T09:47:43Z</time>
<extensions>
<gpxtpx:TrackPointExtension>
<gpxtpx:hr>165</gpxtpx:hr>
</gpxtpx:TrackPointExtension>
</extensions>
</trkpt>
<trkpt lat="36.7533099" lon="128.0326412">
<ele>575.561</ele>
<time>2025-05-17T09:47:44Z</time>
<extensions>
<gpxtpx:TrackPointExtension>
<gpxtpx:hr>165</gpxtpx:hr>
</gpxtpx:TrackPointExtension>
</extensions>
</trkpt>
<trkpt lat="36.7533188" lon="128.0326464">
<ele>575.703</ele>
<time>2025-05-17T09:47:45Z</time>
<extensions>
<gpxtpx:TrackPointExtension>
<gpxtpx:hr>165</gpxtpx:hr>
</gpxtpx:TrackPointExtension>
</extensions>
</trkpt>
<trkpt lat="36.7533242" lon="128.0326524">
<ele>575.781</ele>
<time>2025-05-17T09:47:46Z</time>
<extensions>
<gpxtpx:TrackPointExtension>
<gpxtpx:hr>166</gpxtpx:hr>
</gpxtpx:TrackPointExtension>
</extensions>
</trkpt>
<trkpt lat="36.7533303" lon="128.0326567">
<ele>575.982</ele>
<time>2025-05-17T09:47:47Z</time>
<extensions>
<gpxtpx:TrackPointExtension>
<gpxtpx:hr>166</gpxtpx:hr>
</gpxtpx:TrackPointExtension>
</extensions>
</trkpt>
<trkpt lat="36.7533391" lon="128.0326604">
<ele>576.295</ele>
<time>2025-05-17T09:47:48Z</time>
<extensions>
<gpxtpx:TrackPointExtension>
<gpxtpx:hr>166</gpxtpx:hr>
</gpxtpx:TrackPointExtension>
</extensions>
</trkpt>
<trkpt lat="36.7533497" lon="128.0326686">
<ele>576.444</ele>
<time>2025-05-17T09:47:49Z</time>
<extensions>
<gpxtpx:TrackPointExtension>
<gpxtpx:hr>166</gpxtpx:hr>
</gpxtpx:TrackPointExtension>
</extensions>
</trkpt>
<trkpt lat="36.7533656" lon="128.0326701">
<ele>576.506</ele>
<time>2025-05-17T09:47:50Z</time>
<extensions>
<gpxtpx:TrackPointExtension>
<gpxtpx:hr>166</gpxtpx:hr>
</gpxtpx:TrackPointExtension>
</extensions>
</trkpt>
<trkpt lat="36.7533766" lon="128.0326775">
<ele>576.668</ele>
<time>2025-05-17T09:47:51Z</time>
<extensions>
<gpxtpx:TrackPointExtension>
<gpxtpx:hr>166</gpxtpx:hr>
</gpxtpx:TrackPointExtension>
</extensions>
</trkpt>
<trkpt lat="36.7533916" lon="128.0326705">
<ele>576.88</ele>
<time>2025-05-17T09:47:52Z</time>
<extensions>
<gpxtpx:TrackPointExtension>
<gpxtpx:hr>166</gpxtpx:hr>
</gpxtpx:TrackPointExtension>
</extensions>
</trkpt>
<trkpt lat="36.7533987" lon="128.0326627">
<ele>576.908</ele>
<time>2025-05-17T09:47:53Z</time>
<extensions>
<gpxtpx:TrackPointExtension>
<gpxtpx:hr>166</gpxtpx:hr>
</gpxtpx:TrackPointExtension>
</extensions>
</trkpt>
<trkpt lat="36.7534006" lon="128.0326624">
<ele>576.975</ele>
<time>2025-05-17T09:47:54Z</time>
<extensions>
<gpxtpx:TrackPointExtension>
<gpxtpx:hr>166</gpxtpx:hr>
</gpxtpx:TrackPointExtension>
</extensions>
</trkpt>
<trkpt lat="36.7534054" lon="128.0326615">
<ele>577.237</ele>
<time>2025-05-17T09:47:55Z</time>
<extensions>
<gpxtpx:TrackPointExtension>
<gpxtpx:hr>166</gpxtpx:hr>
</gpxtpx:TrackPointExtension>
</extensions>
</trkpt>
<trkpt lat="36.7534121" lon="128.0326598">
<ele>577.437</ele>
<time>2025-05-17T09:47:56Z</time>
<extensions>
<gpxtpx:TrackPointExtension>
<gpxtpx:hr>166</gpxtpx:hr>
</gpxtpx:TrackPointExtension>
</extensions>
</trkpt>
<trkpt lat="36.7534196" lon="128.0326572">
<ele>577.661</ele>
<time>2025-05-17T09:47:57Z</time>
<extensions>
<gpxtpx:TrackPointExtension>
<gpxtpx:hr>166</gpxtpx:hr>
</gpxtpx:TrackPointExtension>
</extensions>
</trkpt>
<trkpt lat="36.7534285" lon="128.0326508">
<ele>577.933</ele>
<time>2025-05-17T09:47:58Z</time>
<extensions>
<gpxtpx:TrackPointExtension>
<gpxtpx:hr>166</gpxtpx:hr>
</gpxtpx:TrackPointExtension>
</extensions>
</trkpt>
<trkpt lat="36.7534294" lon="128.0326522">
<ele>578.188</ele>
<time>2025-05-17T09:47:59Z</time>
<extensions>
<gpxtpx:TrackPointExtension>
<gpxtpx:hr>166</gpxtpx:hr>
</gpxtpx:TrackPointExtension>
</extensions>
</trkpt>
<trkpt lat="36.7534325" lon="128.0326526">
<ele>578.315</ele>
<time>2025-05-17T09:48:00Z</time>
<extensions>
<gpxtpx:TrackPointExtension>
<gpxtpx:hr>166</gpxtpx:hr>
</gpxtpx:TrackPointExtension>
</extensions>
</trkpt>
<trkpt lat="36.7534377" lon="128.0326529">
<ele>578.537</ele>
<time>2025-05-17T09:48:01Z</time>
<extensions>
<gpxtpx:TrackPointExtension>
<gpxtpx:hr>166</gpxtpx:hr>
</gpxtpx:TrackPointExtension>
</extensions>
</trkpt>
<trkpt lat="36.7534462" lon="128.0326548">
<ele>578.674</ele>
<time>2025-05-17T09:48:02Z</time>
<extensions>
<gpxtpx:TrackPointExtension>
<gpxtpx:hr>166</gpxtpx:hr>
</gpxtpx:TrackPointExtension>
</extensions>
</trkpt>
<trkpt lat="36.7534541" lon="128.0326577">
<ele>578.874</ele>
<time>2025-05-17T09:48:03Z</time>
<extensions>
<gpxtpx:TrackPointExtension>
<gpxtpx:hr>166</gpxtpx:hr>
</gpxtpx:TrackPointExtension>
</extensions>
</trkpt>
<trkpt lat="36.7534589" lon="128.0326605">
<ele>579.198</ele>
<time>2025-05-17T09:48:04Z</time>
<extensions>
<gpxtpx:TrackPointExtension>
<gpxtpx:hr>166</gpxtpx:hr>
</gpxtpx:TrackPointExtension>
</extensions>
</trkpt>
<trkpt lat="36.7534613" lon="128.0326604">
<ele>579.206</ele>
<time>2025-05-17T09:48:05Z</time>
<extensions>
<gpxtpx:TrackPointExtension>
<gpxtpx:hr>166</gpxtpx:hr>
</gpxtpx:TrackPointExtension>
</extensions>
</trkpt>
<trkpt lat="36.7534619" lon="128.0326576">
<ele>579.244</ele>
<time>2025-05-17T09:48:06Z</time>
<extensions>
<gpxtpx:TrackPointExtension>
<gpxtpx:hr>166</gpxtpx:hr>
</gpxtpx:TrackPointExtension>
</extensions>
</trkpt>
<trkpt lat="36.7534667" lon="128.0326561">
<ele>579.296</ele>
<time>2025-05-17T09:48:07Z</time>
<extensions>
<gpxtpx:TrackPointExtension>
<gpxtpx:hr>166</gpxtpx:hr>
</gpxtpx:TrackPointExtension>
</extensions>
</trkpt>
<trkpt lat="36.7534723" lon="128.0326548">
<ele>579.363</ele>
<time>2025-05-17T09:48:08Z</time>
<extensions>
<gpxtpx:TrackPointExtension>
<gpxtpx:hr>166</gpxtpx:hr>
</gpxtpx:TrackPointExtension>
</extensions>
</trkpt>
<trkpt lat="36.7534741" lon="128.0326508">
<ele>579.139</ele>
<time>2025-05-17T09:48:09Z</time>
<extensions>
<gpxtpx:TrackPointExtension>
<gpxtpx:hr>166</gpxtpx:hr>
</gpxtpx:TrackPointExtension>
</extensions>
</trkpt>
<trkpt lat="36.7534759" lon="128.0326483">
<ele>579.027</ele>
<time>2025-05-17T09:48:10Z</time>
<extensions>
<gpxtpx:TrackPointExtension>
<gpxtpx:hr>166</gpxtpx:hr>
</gpxtpx:TrackPointExtension>
</extensions>
</trkpt>
<trkpt lat="36.7534817" lon="128.0326481">
<ele>578.944</ele>
<time>2025-05-17T09:48:11Z</time>
<extensions>
<gpxtpx:TrackPointExtension>
<gpxtpx:hr>167</gpxtpx:hr>
</gpxtpx:TrackPointExtension>
</extensions>
</trkpt>
<trkpt lat="36.7534859" lon="128.0326471">
<ele>579.039</ele>
<time>2025-05-17T09:48:12Z</time>
<extensions>
<gpxtpx:TrackPointExtension>
<gpxtpx:hr>167</gpxtpx:hr>
</gpxtpx:TrackPointExtension>
</extensions>
</trkpt>
<trkpt lat="36.7534919" lon="128.0326503">
<ele>578.906</ele>
<time>2025-05-17T09:48:13Z</time>
<extensions>
<gpxtpx:TrackPointExtension>
<gpxtpx:hr>167</gpxtpx:hr>
</gpxtpx:TrackPointExtension>
</extensions>
</trkpt>
<trkpt lat="36.753496" lon="128.0326517">
<ele>579.02</ele>
<time>2025-05-17T09:48:14Z</time>
<extensions>
<gpxtpx:TrackPointExtension>
<gpxtpx:hr>167</gpxtpx:hr>
</gpxtpx:TrackPointExtension>
</extensions>
</trkpt>
<trkpt lat="36.7535005" lon="128.0326615">
<ele>578.781</ele>
<time>2025-05-17T09:48:15Z</time>
<extensions>
<gpxtpx:TrackPointExtension>
<gpxtpx:hr>167</gpxtpx:hr>
</gpxtpx:TrackPointExtension>
</extensions>
</trkpt>
<trkpt lat="36.7535096" lon="128.0326668">
<ele>578.596</ele>
<time>2025-05-17T09:48:16Z</time>
<extensions>
<gpxtpx:TrackPointExtension>
<gpxtpx:hr>167</gpxtpx:hr>
</gpxtpx:TrackPointExtension>
</extensions>
</trkpt>
<trkpt lat="36.753519" lon="128.0326733">
<ele>578.661</ele>
<time>2025-05-17T09:48:17Z</time>
<extensions>
<gpxtpx:TrackPointExtension>
<gpxtpx:hr>167</gpxtpx:hr>
</gpxtpx:TrackPointExtension>
</extensions>
</trkpt>
<trkpt lat="36.7535237" lon="128.0326849">
<ele>578.774</ele>
<time>2025-05-17T09:48:18Z</time>
<extensions>
<gpxtpx:TrackPointExtension>
<gpxtpx:hr>167</gpxtpx:hr>
</gpxtpx:TrackPointExtension>
</extensions>
</trkpt>
<trkpt lat="36.7535206" lon="128.032694">
<ele>578.986</ele>
<time>2025-05-17T09:48:19Z</time>
<extensions>
<gpxtpx:TrackPointExtension>
<gpxtpx:hr>167</gpxtpx:hr>
</gpxtpx:TrackPointExtension>
</extensions>
</trkpt>
<trkpt lat="36.7535206" lon="128.0326993">
<ele>579.049</ele>
<time>2025-05-17T09:48:20Z</time>
<extensions>
<gpxtpx:TrackPointExtension>
<gpxtpx:hr>167</gpxtpx:hr>
</gpxtpx:TrackPointExtension>
</extensions>
</trkpt>
<trkpt lat="36.7535211" lon="128.0327053">
<ele>579.446</ele>
<time>2025-05-17T09:48:21Z</time>
<extensions>
<gpxtpx:TrackPointExtension>
<gpxtpx:hr>168</gpxtpx:hr>
</gpxtpx:TrackPointExtension>
</extensions>
</trkpt>
<trkpt lat="36.7535248" lon="128.0327148">
<ele>579.71</ele>
<time>2025-05-17T09:48:22Z</time>
<extensions>
<gpxtpx:TrackPointExtension>
<gpxtpx:hr>168</gpxtpx:hr>
</gpxtpx:TrackPointExtension>
</extensions>
</trkpt>
<trkpt lat="36.7535274" lon="128.0327183">
<ele>580.079</ele>
<time>2025-05-17T09:48:23Z</time>
<extensions>
<gpxtpx:TrackPointExtension>
<gpxtpx:hr>168</gpxtpx:hr>
</gpxtpx:TrackPointExtension>
</extensions>
</trkpt>
<trkpt lat="36.7535315" lon="128.0327233">
<ele>580.611</ele>
<time>2025-05-17T09:48:24Z</time>
<extensions>
<gpxtpx:TrackPointExtension>
<gpxtpx:hr>168</gpxtpx:hr>
</gpxtpx:TrackPointExtension>
</extensions>
</trkpt>
<trkpt lat="36.7535322" lon="128.0327293">
<ele>580.653</ele>
<time>2025-05-17T09:48:25Z</time>
<extensions>
<gpxtpx:TrackPointExtension>
<gpxtpx:hr>168</gpxtpx:hr>
</gpxtpx:TrackPointExtension>
</extensions>
</trkpt>
<trkpt lat="36.7535344" lon="128.0327323">
<ele>580.742</ele>
<time>2025-05-17T09:48:26Z</time>
</trkpt>
<trkpt lat="36.7535345" lon="128.0327376">
<ele>580.928</ele>
<time>2025-05-17T09:48:27Z</time>
<extensions>
<gpxtpx:TrackPointExtension>
<gpxtpx:hr>168</gpxtpx:hr>
</gpxtpx:TrackPointExtension>
</extensions>
</trkpt>
<trkpt lat="36.7535345" lon="128.0327395">
<ele>580.907</ele>
<time>2025-05-17T09:48:28Z</time>
<extensions>
<gpxtpx:TrackPointExtension>
<gpxtpx:hr>168</gpxtpx:hr>
</gpxtpx:TrackPointExtension>
</extensions>
</trkpt>
<trkpt lat="36.7535358" lon="128.0327448">
<ele>581.003</ele>
<time>2025-05-17T09:48:29Z</time>
<extensions>
<gpxtpx:TrackPointExtension>
<gpxtpx:hr>168</gpxtpx:hr>
</gpxtpx:TrackPointExtension>
</extensions>
</trkpt>
<trkpt lat="36.7535407" lon="128.0327451">
<ele>581.144</ele>
<time>2025-05-17T09:48:30Z</time>
<extensions>
<gpxtpx:TrackPointExtension>
<gpxtpx:hr>168</gpxtpx:hr>
</gpxtpx:TrackPointExtension>
</extensions>
</trkpt>
<trkpt lat="36.7535443" lon="128.0327464">
<ele>581.327</ele>
<time>2025-05-17T09:48:31Z</time>
<extensions>
<gpxtpx:TrackPointExtension>
<gpxtpx:hr>167</gpxtpx:hr>
</gpxtpx:TrackPointExtension>
</extensions>
</trkpt>
<trkpt lat="36.7535494" lon="128.032746">
<ele>581.498</ele>
<time>2025-05-17T09:48:32Z</time>
<extensions>
<gpxtpx:TrackPointExtension>
<gpxtpx:hr>167</gpxtpx:hr>
</gpxtpx:TrackPointExtension>
</extensions>
</trkpt>
<trkpt lat="36.7535531" lon="128.0327424">
<ele>581.699</ele>
<time>2025-05-17T09:48:33Z</time>
<extensions>
<gpxtpx:TrackPointExtension>
<gpxtpx:hr>167</gpxtpx:hr>
</gpxtpx:TrackPointExtension>
</extensions>
</trkpt>
<trkpt lat="36.7535568" lon="128.0327365">
<ele>581.951</ele>
<time>2025-05-17T09:48:34Z</time>
<extensions>
<gpxtpx:TrackPointExtension>
<gpxtpx:hr>167</gpxtpx:hr>
</gpxtpx:TrackPointExtension>
</extensions>
</trkpt>
<trkpt lat="36.7535631" lon="128.0327345">
<ele>582.176</ele>
<time>2025-05-17T09:48:35Z</time>
<extensions>
<gpxtpx:TrackPointExtension>
<gpxtpx:hr>168</gpxtpx:hr>
</gpxtpx:TrackPointExtension>
</extensions>
</trkpt>
<trkpt lat="36.7535656" lon="128.0327297">
<ele>582.356</ele>
<time>2025-05-17T09:48:36Z</time>
<extensions>
<gpxtpx:TrackPointExtension>
<gpxtpx:hr>168</gpxtpx:hr>
</gpxtpx:TrackPointExtension>
</extensions>
</trkpt>
<trkpt lat="36.7535671" lon="128.032725">
<ele>582.551</ele>
<time>2025-05-17T09:48:37Z</time>
<extensions>
<gpxtpx:TrackPointExtension>
<gpxtpx:hr>168</gpxtpx:hr>
</gpxtpx:TrackPointExtension>
</extensions>
</trkpt>
<trkpt lat="36.7535707" lon="128.0327155">
<ele>582.788</ele>
<time>2025-05-17T09:48:38Z</time>
<extensions>
<gpxtpx:TrackPointExtension>
<gpxtpx:hr>168</gpxtpx:hr>
</gpxtpx:TrackPointExtension>
</extensions>
</trkpt>
<trkpt lat="36.7535747" lon="128.0327055">
<ele>582.91</ele>
<time>2025-05-17T09:48:39Z</time>
<extensions>
<gpxtpx:TrackPointExtension>
<gpxtpx:hr>168</gpxtpx:hr>
</gpxtpx:TrackPointExtension>
</extensions>
</trkpt>
<trkpt lat="36.753583" lon="128.032694">
<ele>583.146</ele>
<time>2025-05-17T09:48:40Z</time>
<extensions>
<gpxtpx:TrackPointExtension>
<gpxtpx:hr>169</gpxtpx:hr>
</gpxtpx:TrackPointExtension>
</extensions>
</trkpt>
<trkpt lat="36.7535885" lon="128.0326844">
<ele>583.358</ele>
<time>2025-05-17T09:48:41Z</time>
<extensions>
<gpxtpx:TrackPointExtension>
<gpxtpx:hr>168</gpxtpx:hr>
</gpxtpx:TrackPointExtension>
</extensions>
</trkpt>
<trkpt lat="36.7535942" lon="128.0326701">
<ele>583.546</ele>
<time>2025-05-17T09:48:42Z</time>
<extensions>
<gpxtpx:TrackPointExtension>
<gpxtpx:hr>168</gpxtpx:hr>
</gpxtpx:TrackPointExtension>
</extensions>
</trkpt>
<trkpt lat="36.7536033" lon="128.032661">
<ele>583.701</ele>
<time>2025-05-17T09:48:43Z</time>
<extensions>
<gpxtpx:TrackPointExtension>
<gpxtpx:hr>168</gpxtpx:hr>
</gpxtpx:TrackPointExtension>
</extensions>
</trkpt>
<trkpt lat="36.7536044" lon="128.0326615">
<ele>583.885</ele>
<time>2025-05-17T09:48:44Z</time>
<extensions>
<gpxtpx:TrackPointExtension>
<gpxtpx:hr>168</gpxtpx:hr>
</gpxtpx:TrackPointExtension>
</extensions>
</trkpt>
<trkpt lat="36.7536106" lon="128.0326601">
<ele>583.99</ele>
<time>2025-05-17T09:48:45Z</time>
<extensions>
<gpxtpx:TrackPointExtension>
<gpxtpx:hr>168</gpxtpx:hr>
</gpxtpx:TrackPointExtension>
</extensions>
</trkpt>
<trkpt lat="36.7536148" lon="128.032654">
<ele>584.191</ele>
<time>2025-05-17T09:48:46Z</time>
<extensions>
<gpxtpx:TrackPointExtension>
<gpxtpx:hr>168</gpxtpx:hr>
</gpxtpx:TrackPointExtension>
</extensions>
</trkpt>
<trkpt lat="36.7536186" lon="128.0326547">
<ele>584.45</ele>
<time>2025-05-17T09:48:47Z</time>
<extensions>
<gpxtpx:TrackPointExtension>
<gpxtpx:hr>168</gpxtpx:hr>
</gpxtpx:TrackPointExtension>
</extensions>
</trkpt>
<trkpt lat="36.7536203" lon="128.0326553">
<ele>584.774</ele>
<time>2025-05-17T09:48:48Z</time>
<extensions>
<gpxtpx:TrackPointExtension>
<gpxtpx:hr>168</gpxtpx:hr>
</gpxtpx:TrackPointExtension>
</extensions>
</trkpt>
<trkpt lat="36.7536206" lon="128.0326504">
<ele>585.007</ele>
<time>2025-05-17T09:48:49Z</time>
<extensions>
<gpxtpx:TrackPointExtension>
<gpxtpx:hr>167</gpxtpx:hr>
</gpxtpx:TrackPointExtension>
</extensions>
</trkpt>
<trkpt lat="36.7536262" lon="128.032647">
<ele>585.177</ele>
<time>2025-05-17T09:48:50Z</time>
<extensions>
<gpxtpx:TrackPointExtension>
<gpxtpx:hr>167</gpxtpx:hr>
</gpxtpx:TrackPointExtension>
</extensions>
</trkpt>
<trkpt lat="36.7536338" lon="128.0326428">
<ele>586.085</ele>
<time>2025-05-17T09:48:55Z</time>
<extensions>
<gpxtpx:TrackPointExtension>
<gpxtpx:hr>167</gpxtpx:hr>
</gpxtpx:TrackPointExtension>
</extensions>
</trkpt>
<trkpt lat="36.7536385" lon="128.0326427">
<ele>586.332</ele>
<time>2025-05-17T09:48:56Z</time>
<extensions>
<gpxtpx:TrackPointExtension>
<gpxtpx:hr>167</gpxtpx:hr>
</gpxtpx:TrackPointExtension>
</extensions>
</trkpt>
<trkpt lat="36.7536422" lon="128.0326457">
<ele>586.308</ele>
<time>2025-05-17T09:48:57Z</time>
<extensions>
<gpxtpx:TrackPointExtension>
<gpxtpx:hr>166</gpxtpx:hr>
</gpxtpx:TrackPointExtension>
</extensions>
</trkpt>
<trkpt lat="36.7536439" lon="128.0326486">
<ele>586.518</ele>
<time>2025-05-17T09:48:58Z</time>
<extensions>
<gpxtpx:TrackPointExtension>
<gpxtpx:hr>166</gpxtpx:hr>
</gpxtpx:TrackPointExtension>
</extensions>
</trkpt>
<trkpt lat="36.7536467" lon="128.0326502">
<ele>586.796</ele>
<time>2025-05-17T09:48:59Z</time>
<extensions>
<gpxtpx:TrackPointExtension>
<gpxtpx:hr>166</gpxtpx:hr>
</gpxtpx:TrackPointExtension>
</extensions>
</trkpt>
<trkpt lat="36.7536512" lon="128.0326526">
<ele>587.059</ele>
<time>2025-05-17T09:49:00Z</time>
<extensions>
<gpxtpx:TrackPointExtension>
<gpxtpx:hr>166</gpxtpx:hr>
</gpxtpx:TrackPointExtension>
</extensions>
</trkpt>
<trkpt lat="36.7536575" lon="128.0326531">
<ele>587.39</ele>
<time>2025-05-17T09:49:01Z</time>
<extensions>
<gpxtpx:TrackPointExtension>
<gpxtpx:hr>166</gpxtpx:hr>
</gpxtpx:TrackPointExtension>
</extensions>
</trkpt>
<trkpt lat="36.7536656" lon="128.0326564">
<ele>587.719</ele>
<time>2025-05-17T09:49:02Z</time>
<extensions>
<gpxtpx:TrackPointExtension>
<gpxtpx:hr>167</gpxtpx:hr>
</gpxtpx:TrackPointExtension>
</extensions>
</trkpt>
<trkpt lat="36.7536725" lon="128.0326548">
<ele>587.945</ele>
<time>2025-05-17T09:49:03Z</time>
<extensions>
<gpxtpx:TrackPointExtension>
<gpxtpx:hr>167</gpxtpx:hr>
</gpxtpx:TrackPointExtension>
</extensions>
</trkpt>
<trkpt lat="36.753679" lon="128.0326558">
<ele>588.233</ele>
<time>2025-05-17T09:49:04Z</time>
<extensions>
<gpxtpx:TrackPointExtension>
<gpxtpx:hr>167</gpxtpx:hr>
</gpxtpx:TrackPointExtension>
</extensions>
</trkpt>
<trkpt lat="36.7536872" lon="128.0326615">
<ele>588.461</ele>
<time>2025-05-17T09:49:05Z</time>
<extensions>
<gpxtpx:TrackPointExtension>
<gpxtpx:hr>167</gpxtpx:hr>
</gpxtpx:TrackPointExtension>
</extensions>
</trkpt>
<trkpt lat="36.753696" lon="128.0326655">
<ele>588.62</ele>
<time>2025-05-17T09:49:06Z</time>
<extensions>
<gpxtpx:TrackPointExtension>
<gpxtpx:hr>167</gpxtpx:hr>
</gpxtpx:TrackPointExtension>
</extensions>
</trkpt>
<trkpt lat="36.7537063" lon="128.0326658">
<ele>588.845</ele>
<time>2025-05-17T09:49:07Z</time>
<extensions>
<gpxtpx:TrackPointExtension>
<gpxtpx:hr>168</gpxtpx:hr>
</gpxtpx:TrackPointExtension>
</extensions>
</trkpt>
<trkpt lat="36.7537167" lon="128.0326546">
<ele>589.002</ele>
<time>2025-05-17T09:49:08Z</time>
<extensions>
<gpxtpx:TrackPointExtension>
<gpxtpx:hr>168</gpxtpx:hr>
</gpxtpx:TrackPointExtension>
</extensions>
</trkpt>
<trkpt lat="36.7537185" lon="128.0326532">
<ele>589.114</ele>
<time>2025-05-17T09:49:09Z</time>
<extensions>
<gpxtpx:TrackPointExtension>
<gpxtpx:hr>168</gpxtpx:hr>
</gpxtpx:TrackPointExtension>
</extensions>
</trkpt>
<trkpt lat="36.7537227" lon="128.0326521">
<ele>589.317</ele>
<time>2025-05-17T09:49:10Z</time>
<extensions>
<gpxtpx:TrackPointExtension>
<gpxtpx:hr>168</gpxtpx:hr>
</gpxtpx:TrackPointExtension>
</extensions>
</trkpt>
<trkpt lat="36.7537308" lon="128.0326504">
<ele>589.543</ele>
<time>2025-05-17T09:49:11Z</time>
<extensions>
<gpxtpx:TrackPointExtension>
<gpxtpx:hr>168</gpxtpx:hr>
</gpxtpx:TrackPointExtension>
</extensions>
</trkpt>
<trkpt lat="36.7537412" lon="128.0326454">
<ele>589.68</ele>
<time>2025-05-17T09:49:12Z</time>
<extensions>
<gpxtpx:TrackPointExtension>
<gpxtpx:hr>169</gpxtpx:hr>
</gpxtpx:TrackPointExtension>
</extensions>
</trkpt>
<trkpt lat="36.753755" lon="128.0326455">
<ele>590.007</ele>
<time>2025-05-17T09:49:13Z</time>
<extensions>
<gpxtpx:TrackPointExtension>
<gpxtpx:hr>169</gpxtpx:hr>
</gpxtpx:TrackPointExtension>
</extensions>
</trkpt>
<trkpt lat="36.7537653" lon="128.0326466">
<ele>590.252</ele>
<time>2025-05-17T09:49:14Z</time>
<extensions>
<gpxtpx:TrackPointExtension>
<gpxtpx:hr>169</gpxtpx:hr>
</gpxtpx:TrackPointExtension>
</extensions>
</trkpt>
<trkpt lat="36.7537622" lon="128.0326534">
<ele>590.434</ele>
<time>2025-05-17T09:49:15Z</time>
<extensions>
<gpxtpx:TrackPointExtension>
<gpxtpx:hr>170</gpxtpx:hr>
</gpxtpx:TrackPointExtension>
</extensions>
</trkpt>
<trkpt lat="36.7537705" lon="128.0326526">
<ele>590.625</ele>
<time>2025-05-17T09:49:16Z</time>
<extensions>
<gpxtpx:TrackPointExtension>
<gpxtpx:hr>170</gpxtpx:hr>
</gpxtpx:TrackPointExtension>
</extensions>
</trkpt>
<trkpt lat="36.7537817" lon="128.0326514">
<ele>590.855</ele>
<time>2025-05-17T09:49:17Z</time>
<extensions>
<gpxtpx:TrackPointExtension>
<gpxtpx:hr>170</gpxtpx:hr>
</gpxtpx:TrackPointExtension>
</extensions>
</trkpt>
<trkpt lat="36.7537933" lon="128.0326517">
<ele>591.07</ele>
<time>2025-05-17T09:49:18Z</time>
<extensions>
<gpxtpx:TrackPointExtension>
<gpxtpx:hr>170</gpxtpx:hr>
</gpxtpx:TrackPointExtension>
</extensions>
</trkpt>
<trkpt lat="36.7538031" lon="128.0326462">
<ele>591.264</ele>
<time>2025-05-17T09:49:19Z</time>
<extensions>
<gpxtpx:TrackPointExtension>
<gpxtpx:hr>171</gpxtpx:hr>
</gpxtpx:TrackPointExtension>
</extensions>
</trkpt>
<trkpt lat="36.7538057" lon="128.0326471">
<ele>591.487</ele>
<time>2025-05-17T09:49:20Z</time>
<extensions>
<gpxtpx:TrackPointExtension>
<gpxtpx:hr>171</gpxtpx:hr>
</gpxtpx:TrackPointExtension>
</extensions>
</trkpt>
<trkpt lat="36.7538141" lon="128.0326507">
<ele>591.724</ele>
<time>2025-05-17T09:49:21Z</time>
<extensions>
<gpxtpx:TrackPointExtension>
<gpxtpx:hr>171</gpxtpx:hr>
</gpxtpx:TrackPointExtension>
</extensions>
</trkpt>
<trkpt lat="36.7538244" lon="128.0326467">
<ele>591.954</ele>
<time>2025-05-17T09:49:22Z</time>
<extensions>
<gpxtpx:TrackPointExtension>
<gpxtpx:hr>171</gpxtpx:hr>
</gpxtpx:TrackPointExtension>
</extensions>
</trkpt>
<trkpt lat="36.753827" lon="128.0326476">
<ele>592.111</ele>
<time>2025-05-17T09:49:23Z</time>
<extensions>
<gpxtpx:TrackPointExtension>
<gpxtpx:hr>171</gpxtpx:hr>
</gpxtpx:TrackPointExtension>
</extensions>
</trkpt>
<trkpt lat="36.7538263" lon="128.0326508">
<ele>592.515</ele>
<time>2025-05-17T09:49:25Z</time>
<extensions>
<gpxtpx:TrackPointExtension>
<gpxtpx:hr>171</gpxtpx:hr>
</gpxtpx:TrackPointExtension>
</extensions>
</trkpt>
<trkpt lat="36.7538202" lon="128.0326524">
<ele>592.659</ele>
<time>2025-05-17T09:49:26Z</time>
<extensions>
<gpxtpx:TrackPointExtension>
<gpxtpx:hr>172</gpxtpx:hr>
</gpxtpx:TrackPointExtension>
</extensions>
</trkpt>
<trkpt lat="36.7538237" lon="128.0326494">
<ele>592.632</ele>
<time>2025-05-17T09:49:27Z</time>
<extensions>
<gpxtpx:TrackPointExtension>
<gpxtpx:hr>172</gpxtpx:hr>
</gpxtpx:TrackPointExtension>
</extensions>
</trkpt>
<trkpt lat="36.7538227" lon="128.0326517">
<ele>592.581</ele>
<time>2025-05-17T09:49:28Z</time>
<extensions>
<gpxtpx:TrackPointExtension>
<gpxtpx:hr>171</gpxtpx:hr>
</gpxtpx:TrackPointExtension>
</extensions>
</trkpt>
<trkpt lat="36.753819" lon="128.0326542">
<ele>592.664</ele>
<time>2025-05-17T09:49:29Z</time>
<extensions>
<gpxtpx:TrackPointExtension>
<gpxtpx:hr>171</gpxtpx:hr>
</gpxtpx:TrackPointExtension>
</extensions>
</trkpt>
<trkpt lat="36.7538123" lon="128.0326516">
<ele>592.816</ele>
<time>2025-05-17T09:49:30Z</time>
<extensions>
<gpxtpx:TrackPointExtension>
<gpxtpx:hr>171</gpxtpx:hr>
</gpxtpx:TrackPointExtension>
</extensions>
</trkpt>
<trkpt lat="36.7538134" lon="128.0326423">
<ele>592.967</ele>
<time>2025-05-17T09:49:31Z</time>
<extensions>
<gpxtpx:TrackPointExtension>
<gpxtpx:hr>172</gpxtpx:hr>
</gpxtpx:TrackPointExtension>
</extensions>
</trkpt>
<trkpt lat="36.7538127" lon="128.0326327">
<ele>593.035</ele>
<time>2025-05-17T09:49:32Z</time>
<extensions>
<gpxtpx:TrackPointExtension>
<gpxtpx:hr>172</gpxtpx:hr>
</gpxtpx:TrackPointExtension>
</extensions>
</trkpt>
<trkpt lat="36.7538088" lon="128.0326273">
<ele>593.256</ele>
<time>2025-05-17T09:49:33Z</time>
<extensions>
<gpxtpx:TrackPointExtension>
<gpxtpx:hr>172</gpxtpx:hr>
</gpxtpx:TrackPointExtension>
</extensions>
</trkpt>
<trkpt lat="36.7538061" lon="128.0326217">
<ele>593.441</ele>
<time>2025-05-17T09:49:34Z</time>
<extensions>
<gpxtpx:TrackPointExtension>
<gpxtpx:hr>172</gpxtpx:hr>
</gpxtpx:TrackPointExtension>
</extensions>
</trkpt>
<trkpt lat="36.7538088" lon="128.0326189">
<ele>593.539</ele>
<time>2025-05-17T09:49:35Z</time>
<extensions>
<gpxtpx:TrackPointExtension>
<gpxtpx:hr>172</gpxtpx:hr>
</gpxtpx:TrackPointExtension>
</extensions>
</trkpt>
<trkpt lat="36.7538111" lon="128.032617">
<ele>593.706</ele>
<time>2025-05-17T09:49:36Z</time>
<extensions>
<gpxtpx:TrackPointExtension>
<gpxtpx:hr>172</gpxtpx:hr>
</gpxtpx:TrackPointExtension>
</extensions>
</trkpt>
<trkpt lat="36.7538137" lon="128.0326155">
<ele>593.925</ele>
<time>2025-05-17T09:49:37Z</time>
<extensions>
<gpxtpx:TrackPointExtension>
<gpxtpx:hr>172</gpxtpx:hr>
</gpxtpx:TrackPointExtension>
</extensions>
</trkpt>
<trkpt lat="36.7538121" lon="128.0326146">
<ele>594.215</ele>
<time>2025-05-17T09:49:38Z</time>
<extensions>
<gpxtpx:TrackPointExtension>
<gpxtpx:hr>172</gpxtpx:hr>
</gpxtpx:TrackPointExtension>
</extensions>
</trkpt>
<trkpt lat="36.7538124" lon="128.0326122">
<ele>594.403</ele>
<time>2025-05-17T09:49:39Z</time>
<extensions>
<gpxtpx:TrackPointExtension>
<gpxtpx:hr>172</gpxtpx:hr>
</gpxtpx:TrackPointExtension>
</extensions>
</trkpt>
<trkpt lat="36.7538154" lon="128.0326106">
<ele>594.607</ele>
<time>2025-05-17T09:49:40Z</time>
<extensions>
<gpxtpx:TrackPointExtension>
<gpxtpx:hr>172</gpxtpx:hr>
</gpxtpx:TrackPointExtension>
</extensions>
</trkpt>
<trkpt lat="36.7538183" lon="128.0326074">
<ele>594.758</ele>
<time>2025-05-17T09:49:41Z</time>
<extensions>
<gpxtpx:TrackPointExtension>
<gpxtpx:hr>173</gpxtpx:hr>
</gpxtpx:TrackPointExtension>
</extensions>
</trkpt>
<trkpt lat="36.7538222" lon="128.0326049">
<ele>594.849</ele>
<time>2025-05-17T09:49:42Z</time>
<extensions>
<gpxtpx:TrackPointExtension>
<gpxtpx:hr>173</gpxtpx:hr>
</gpxtpx:TrackPointExtension>
</extensions>
</trkpt>
<trkpt lat="36.7538276" lon="128.0326021">
<ele>595.046</ele>
<time>2025-05-17T09:49:43Z</time>
<extensions>
<gpxtpx:TrackPointExtension>
<gpxtpx:hr>173</gpxtpx:hr>
</gpxtpx:TrackPointExtension>
</extensions>
</trkpt>
<trkpt lat="36.7538356" lon="128.0325981">
<ele>595.131</ele>
<time>2025-05-17T09:49:44Z</time>
<extensions>
<gpxtpx:TrackPointExtension>
<gpxtpx:hr>173</gpxtpx:hr>
</gpxtpx:TrackPointExtension>
</extensions>
</trkpt>
<trkpt lat="36.7538402" lon="128.0326024">
<ele>595.306</ele>
<time>2025-05-17T09:49:45Z</time>
<extensions>
<gpxtpx:TrackPointExtension>
<gpxtpx:hr>173</gpxtpx:hr>
</gpxtpx:TrackPointExtension>
</extensions>
</trkpt>
<trkpt lat="36.7538462" lon="128.0325991">
<ele>595.585</ele>
<time>2025-05-17T09:49:46Z</time>
<extensions>
<gpxtpx:TrackPointExtension>
<gpxtpx:hr>173</gpxtpx:hr>
</gpxtpx:TrackPointExtension>
</extensions>
</trkpt>
<trkpt lat="36.7538472" lon="128.0326002">
<ele>595.902</ele>
<time>2025-05-17T09:49:47Z</time>
<extensions>
<gpxtpx:TrackPointExtension>
<gpxtpx:hr>173</gpxtpx:hr>
</gpxtpx:TrackPointExtension>
</extensions>
</trkpt>
<trkpt lat="36.753848" lon="128.0325982">
<ele>596.141</ele>
<time>2025-05-17T09:49:48Z</time>
<extensions>
<gpxtpx:TrackPointExtension>
<gpxtpx:hr>173</gpxtpx:hr>
</gpxtpx:TrackPointExtension>
</extensions>
</trkpt>
<trkpt lat="36.7538532" lon="128.0325993">
<ele>596.217</ele>
<time>2025-05-17T09:49:49Z</time>
<extensions>
<gpxtpx:TrackPointExtension>
<gpxtpx:hr>173</gpxtpx:hr>
</gpxtpx:TrackPointExtension>
</extensions>
</trkpt>
<trkpt lat="36.7538623" lon="128.0325983">
<ele>596.351</ele>
<time>2025-05-17T09:49:50Z</time>
<extensions>
<gpxtpx:TrackPointExtension>
<gpxtpx:hr>173</gpxtpx:hr>
</gpxtpx:TrackPointExtension>
</extensions>
</trkpt>
<trkpt lat="36.7538669" lon="128.0326026">
<ele>596.489</ele>
<time>2025-05-17T09:49:51Z</time>
<extensions>
<gpxtpx:TrackPointExtension>
<gpxtpx:hr>173</gpxtpx:hr>
</gpxtpx:TrackPointExtension>
</extensions>
</trkpt>
<trkpt lat="36.7538745" lon="128.0326005">
<ele>596.499</ele>
<time>2025-05-17T09:49:52Z</time>
<extensions>
<gpxtpx:TrackPointExtension>
<gpxtpx:hr>173</gpxtpx:hr>
</gpxtpx:TrackPointExtension>
</extensions>
</trkpt>
<trkpt lat="36.7538861" lon="128.0326002">
<ele>596.593</ele>
<time>2025-05-17T09:49:53Z</time>
<extensions>
<gpxtpx:TrackPointExtension>
<gpxtpx:hr>173</gpxtpx:hr>
</gpxtpx:TrackPointExtension>
</extensions>
</trkpt>
<trkpt lat="36.7538887" lon="128.0326015">
<ele>597.116</ele>
<time>2025-05-17T09:49:54Z</time>
<extensions>
<gpxtpx:TrackPointExtension>
<gpxtpx:hr>173</gpxtpx:hr>
</gpxtpx:TrackPointExtension>
</extensions>
</trkpt>
<trkpt lat="36.753893" lon="128.0326083">
<ele>597.504</ele>
<time>2025-05-17T09:49:55Z</time>
<extensions>
<gpxtpx:TrackPointExtension>
<gpxtpx:hr>173</gpxtpx:hr>
</gpxtpx:TrackPointExtension>
</extensions>
</trkpt>
<trkpt lat="36.7539009" lon="128.0326084">
<ele>597.065</ele>
<time>2025-05-17T09:49:56Z</time>
<extensions>
<gpxtpx:TrackPointExtension>
<gpxtpx:hr>173</gpxtpx:hr>
</gpxtpx:TrackPointExtension>
</extensions>
</trkpt>
<trkpt lat="36.7539047" lon="128.032615">
<ele>597.064</ele>
<time>2025-05-17T09:49:57Z</time>
<extensions>
<gpxtpx:TrackPointExtension>
<gpxtpx:hr>174</gpxtpx:hr>
</gpxtpx:TrackPointExtension>
</extensions>
</trkpt>
<trkpt lat="36.7539226" lon="128.0326149">
<ele>597.214</ele>
<time>2025-05-17T09:49:58Z</time>
<extensions>
<gpxtpx:TrackPointExtension>
<gpxtpx:hr>173</gpxtpx:hr>
</gpxtpx:TrackPointExtension>
</extensions>
</trkpt>
<trkpt lat="36.7539326" lon="128.0326222">
<ele>597.355</ele>
<time>2025-05-17T09:49:59Z</time>
<extensions>
<gpxtpx:TrackPointExtension>
<gpxtpx:hr>173</gpxtpx:hr>
</gpxtpx:TrackPointExtension>
</extensions>
</trkpt>
<trkpt lat="36.7539481" lon="128.0326317">
<ele>597.448</ele>
<time>2025-05-17T09:50:00Z</time>
<extensions>
<gpxtpx:TrackPointExtension>
<gpxtpx:hr>174</gpxtpx:hr>
</gpxtpx:TrackPointExtension>
</extensions>
</trkpt>
<trkpt lat="36.7539559" lon="128.032633">
<ele>597.523</ele>
<time>2025-05-17T09:50:01Z</time>
<extensions>
<gpxtpx:TrackPointExtension>
<gpxtpx:hr>174</gpxtpx:hr>
</gpxtpx:TrackPointExtension>
</extensions>
</trkpt>
<trkpt lat="36.7539632" lon="128.0326327">
<ele>597.533</ele>
<time>2025-05-17T09:50:02Z</time>
<extensions>
<gpxtpx:TrackPointExtension>
<gpxtpx:hr>174</gpxtpx:hr>
</gpxtpx:TrackPointExtension>
</extensions>
</trkpt>
<trkpt lat="36.7539639" lon="128.0326325">
<ele>597.565</ele>
<time>2025-05-17T09:50:03Z</time>
<extensions>
<gpxtpx:TrackPointExtension>
<gpxtpx:hr>174</gpxtpx:hr>
</gpxtpx:TrackPointExtension>
</extensions>
</trkpt>
<trkpt lat="36.7539596" lon="128.0326232">
<ele>597.555</ele>
<time>2025-05-17T09:50:04Z</time>
<extensions>
<gpxtpx:TrackPointExtension>
<gpxtpx:hr>174</gpxtpx:hr>
</gpxtpx:TrackPointExtension>
</extensions>
</trkpt>
<trkpt lat="36.7539643" lon="128.032623">
<ele>597.589</ele>
<time>2025-05-17T09:50:05Z</time>
<extensions>
<gpxtpx:TrackPointExtension>
<gpxtpx:hr>174</gpxtpx:hr>
</gpxtpx:TrackPointExtension>
</extensions>
</trkpt>
<trkpt lat="36.7539602" lon="128.0326169">
<ele>597.586</ele>
<time>2025-05-17T09:50:06Z</time>
<extensions>
<gpxtpx:TrackPointExtension>
<gpxtpx:hr>173</gpxtpx:hr>
</gpxtpx:TrackPointExtension>
</extensions>
</trkpt>
<trkpt lat="36.7539575" lon="128.0326157">
<ele>597.547</ele>
<time>2025-05-17T09:50:07Z</time>
<extensions>
<gpxtpx:TrackPointExtension>
<gpxtpx:hr>173</gpxtpx:hr>
</gpxtpx:TrackPointExtension>
</extensions>
</trkpt>
<trkpt lat="36.7539547" lon="128.0326172">
<ele>597.479</ele>
<time>2025-05-17T09:50:08Z</time>
<extensions>
<gpxtpx:TrackPointExtension>
<gpxtpx:hr>173</gpxtpx:hr>
</gpxtpx:TrackPointExtension>
</extensions>
</trkpt>
<trkpt lat="36.7539524" lon="128.0326119">
<ele>597.603</ele>
<time>2025-05-17T09:50:09Z</time>
</trkpt>
<trkpt lat="36.7539523" lon="128.0326045">
<ele>597.871</ele>
<time>2025-05-17T09:50:10Z</time>
<extensions>
<gpxtpx:TrackPointExtension>
<gpxtpx:hr>173</gpxtpx:hr>
</gpxtpx:TrackPointExtension>
</extensions>
</trkpt>
<trkpt lat="36.7539532" lon="128.0325971">
<ele>598.013</ele>
<time>2025-05-17T09:50:11Z</time>
<extensions>
<gpxtpx:TrackPointExtension>
<gpxtpx:hr>173</gpxtpx:hr>
</gpxtpx:TrackPointExtension>
</extensions>
</trkpt>
<trkpt lat="36.7539503" lon="128.0325939">
<ele>598.229</ele>
<time>2025-05-17T09:50:12Z</time>
<extensions>
<gpxtpx:TrackPointExtension>
<gpxtpx:hr>172</gpxtpx:hr>
</gpxtpx:TrackPointExtension>
</extensions>
</trkpt>
<trkpt lat="36.7539423" lon="128.0325925">
<ele>598.44</ele>
<time>2025-05-17T09:50:13Z</time>
<extensions>
<gpxtpx:TrackPointExtension>
<gpxtpx:hr>172</gpxtpx:hr>
</gpxtpx:TrackPointExtension>
</extensions>
</trkpt>
<trkpt lat="36.7539371" lon="128.0325934">
<ele>598.489</ele>
<time>2025-05-17T09:50:14Z</time>
<extensions>
<gpxtpx:TrackPointExtension>
<gpxtpx:hr>171</gpxtpx:hr>
</gpxtpx:TrackPointExtension>
</extensions>
</trkpt>
<trkpt lat="36.7539299" lon="128.0325997">
<ele>598.759</ele>
<time>2025-05-17T09:50:15Z</time>
<extensions>
<gpxtpx:TrackPointExtension>
<gpxtpx:hr>171</gpxtpx:hr>
</gpxtpx:TrackPointExtension>
</extensions>
</trkpt>
<trkpt lat="36.7539256" lon="128.0325996">
<ele>598.98</ele>
<time>2025-05-17T09:50:16Z</time>
<extensions>
<gpxtpx:TrackPointExtension>
<gpxtpx:hr>171</gpxtpx:hr>
</gpxtpx:TrackPointExtension>
</extensions>
</trkpt>
<trkpt lat="36.7539213" lon="128.0326024">
<ele>599.135</ele>
<time>2025-05-17T09:50:17Z</time>
<extensions>
<gpxtpx:TrackPointExtension>
<gpxtpx:hr>171</gpxtpx:hr>
</gpxtpx:TrackPointExtension>
</extensions>
</trkpt>
<trkpt lat="36.7539236" lon="128.0325974">
<ele>599.216</ele>
<time>2025-05-17T09:50:18Z</time>
<extensions>
<gpxtpx:TrackPointExtension>
<gpxtpx:hr>171</gpxtpx:hr>
</gpxtpx:TrackPointExtension>
</extensions>
</trkpt>
<trkpt lat="36.7539298" lon="128.0325991">
<ele>599.305</ele>
<time>2025-05-17T09:50:19Z</time>
<extensions>
<gpxtpx:TrackPointExtension>
<gpxtpx:hr>172</gpxtpx:hr>
</gpxtpx:TrackPointExtension>
</extensions>
</trkpt>
<trkpt lat="36.7539406" lon="128.0326047">
<ele>599.401</ele>
<time>2025-05-17T09:50:20Z</time>
<extensions>
<gpxtpx:TrackPointExtension>
<gpxtpx:hr>172</gpxtpx:hr>
</gpxtpx:TrackPointExtension>
</extensions>
</trkpt>
<trkpt lat="36.7539521" lon="128.032609">
<ele>599.569</ele>
<time>2025-05-17T09:50:21Z</time>
<extensions>
<gpxtpx:TrackPointExtension>
<gpxtpx:hr>172</gpxtpx:hr>
</gpxtpx:TrackPointExtension>
</extensions>
</trkpt>
<trkpt lat="36.7539614" lon="128.0326001">
<ele>599.83</ele>
<time>2025-05-17T09:50:22Z</time>
<extensions>
<gpxtpx:TrackPointExtension>
<gpxtpx:hr>173</gpxtpx:hr>
</gpxtpx:TrackPointExtension>
</extensions>
</trkpt>
<trkpt lat="36.7539675" lon="128.032599">
<ele>599.962</ele>
<time>2025-05-17T09:50:23Z</time>
<extensions>
<gpxtpx:TrackPointExtension>
<gpxtpx:hr>173</gpxtpx:hr>
</gpxtpx:TrackPointExtension>
</extensions>
</trkpt>
<trkpt lat="36.7539682" lon="128.0325953">
<ele>600.091</ele>
<time>2025-05-17T09:50:24Z</time>
<extensions>
<gpxtpx:TrackPointExtension>
<gpxtpx:hr>173</gpxtpx:hr>
</gpxtpx:TrackPointExtension>
</extensions>
</trkpt>
<trkpt lat="36.7539696" lon="128.0325991">
<ele>600.214</ele>
<time>2025-05-17T09:50:25Z</time>
<extensions>
<gpxtpx:TrackPointExtension>
<gpxtpx:hr>173</gpxtpx:hr>
</gpxtpx:TrackPointExtension>
</extensions>
</trkpt>
<trkpt lat="36.7539715" lon="128.0325993">
<ele>600.46</ele>
<time>2025-05-17T09:50:26Z</time>
<extensions>
<gpxtpx:TrackPointExtension>
<gpxtpx:hr>173</gpxtpx:hr>
</gpxtpx:TrackPointExtension>
</extensions>
</trkpt>
<trkpt lat="36.7539745" lon="128.0326004">
<ele>600.522</ele>
<time>2025-05-17T09:50:27Z</time>
<extensions>
<gpxtpx:TrackPointExtension>
<gpxtpx:hr>173</gpxtpx:hr>
</gpxtpx:TrackPointExtension>
</extensions>
</trkpt>
<trkpt lat="36.7539808" lon="128.0326">
<ele>600.603</ele>
<time>2025-05-17T09:50:29Z</time>
<extensions>
<gpxtpx:TrackPointExtension>
<gpxtpx:hr>173</gpxtpx:hr>
</gpxtpx:TrackPointExtension>
</extensions>
</trkpt>
<trkpt lat="36.7539858" lon="128.032591">
<ele>600.646</ele>
<time>2025-05-17T09:50:30Z</time>
<extensions>
<gpxtpx:TrackPointExtension>
<gpxtpx:hr>173</gpxtpx:hr>
</gpxtpx:TrackPointExtension>
</extensions>
</trkpt>
<trkpt lat="36.7539899" lon="128.0325872">
<ele>600.979</ele>
<time>2025-05-17T09:50:31Z</time>
<extensions>
<gpxtpx:TrackPointExtension>
<gpxtpx:hr>172</gpxtpx:hr>
</gpxtpx:TrackPointExtension>
</extensions>
</trkpt>
<trkpt lat="36.7539948" lon="128.0325841">
<ele>601.2</ele>
<time>2025-05-17T09:50:32Z</time>
<extensions>
<gpxtpx:TrackPointExtension>
<gpxtpx:hr>172</gpxtpx:hr>
</gpxtpx:TrackPointExtension>
</extensions>
</trkpt>
<trkpt lat="36.7540064" lon="128.0325801">
<ele>601.419</ele>
<time>2025-05-17T09:50:33Z</time>
<extensions>
<gpxtpx:TrackPointExtension>
<gpxtpx:hr>172</gpxtpx:hr>
</gpxtpx:TrackPointExtension>
</extensions>
</trkpt>
<trkpt lat="36.754019" lon="128.0325787">
<ele>601.589</ele>
<time>2025-05-17T09:50:34Z</time>
<extensions>
<gpxtpx:TrackPointExtension>
<gpxtpx:hr>172</gpxtpx:hr>
</gpxtpx:TrackPointExtension>
</extensions>
</trkpt>
<trkpt lat="36.7540281" lon="128.0325761">
<ele>601.782</ele>
<time>2025-05-17T09:50:35Z</time>
<extensions>
<gpxtpx:TrackPointExtension>
<gpxtpx:hr>172</gpxtpx:hr>
</gpxtpx:TrackPointExtension>
</extensions>
</trkpt>
<trkpt lat="36.7540328" lon="128.0325739">
<ele>601.963</ele>
<time>2025-05-17T09:50:36Z</time>
<extensions>
<gpxtpx:TrackPointExtension>
<gpxtpx:hr>172</gpxtpx:hr>
</gpxtpx:TrackPointExtension>
</extensions>
</trkpt>
<trkpt lat="36.7540416" lon="128.0325733">
<ele>601.968</ele>
<time>2025-05-17T09:50:37Z</time>
<extensions>
<gpxtpx:TrackPointExtension>
<gpxtpx:hr>172</gpxtpx:hr>
</gpxtpx:TrackPointExtension>
</extensions>
</trkpt>
<trkpt lat="36.7540551" lon="128.0325753">
<ele>602.11</ele>
<time>2025-05-17T09:50:38Z</time>
<extensions>
<gpxtpx:TrackPointExtension>
<gpxtpx:hr>172</gpxtpx:hr>
</gpxtpx:TrackPointExtension>
</extensions>
</trkpt>
<trkpt lat="36.7540597" lon="128.0325689">
<ele>602.188</ele>
<time>2025-05-17T09:50:39Z</time>
<extensions>
<gpxtpx:TrackPointExtension>
<gpxtpx:hr>172</gpxtpx:hr>
</gpxtpx:TrackPointExtension>
</extensions>
</trkpt>
<trkpt lat="36.7540559" lon="128.0325675">
<ele>602.468</ele>
<time>2025-05-17T09:50:40Z</time>
<extensions>
<gpxtpx:TrackPointExtension>
<gpxtpx:hr>172</gpxtpx:hr>
</gpxtpx:TrackPointExtension>
</extensions>
</trkpt>
<trkpt lat="36.7540568" lon="128.032566">
<ele>602.555</ele>
<time>2025-05-17T09:50:41Z</time>
<extensions>
<gpxtpx:TrackPointExtension>
<gpxtpx:hr>172</gpxtpx:hr>
</gpxtpx:TrackPointExtension>
</extensions>
</trkpt>
<trkpt lat="36.754053" lon="128.0325681">
<ele>602.618</ele>
<time>2025-05-17T09:50:42Z</time>
<extensions>
<gpxtpx:TrackPointExtension>
<gpxtpx:hr>171</gpxtpx:hr>
</gpxtpx:TrackPointExtension>
</extensions>
</trkpt>
<trkpt lat="36.7540525" lon="128.0325708">
<ele>602.873</ele>
<time>2025-05-17T09:50:43Z</time>
<extensions>
<gpxtpx:TrackPointExtension>
<gpxtpx:hr>171</gpxtpx:hr>
</gpxtpx:TrackPointExtension>
</extensions>
</trkpt>
<trkpt lat="36.7540627" lon="128.032571">
<ele>603.024</ele>
<time>2025-05-17T09:50:44Z</time>
<extensions>
<gpxtpx:TrackPointExtension>
<gpxtpx:hr>171</gpxtpx:hr>
</gpxtpx:TrackPointExtension>
</extensions>
</trkpt>
<trkpt lat="36.7540701" lon="128.0325724">
<ele>603.256</ele>
<time>2025-05-17T09:50:45Z</time>
<extensions>
<gpxtpx:TrackPointExtension>
<gpxtpx:hr>171</gpxtpx:hr>
</gpxtpx:TrackPointExtension>
</extensions>
</trkpt>
<trkpt lat="36.7540763" lon="128.0325743">
<ele>603.418</ele>
<time>2025-05-17T09:50:46Z</time>
<extensions>
<gpxtpx:TrackPointExtension>
<gpxtpx:hr>171</gpxtpx:hr>
</gpxtpx:TrackPointExtension>
</extensions>
</trkpt>
<trkpt lat="36.7540859" lon="128.0325746">
<ele>603.573</ele>
<time>2025-05-17T09:50:47Z</time>
<extensions>
<gpxtpx:TrackPointExtension>
<gpxtpx:hr>170</gpxtpx:hr>
</gpxtpx:TrackPointExtension>
</extensions>
</trkpt>
<trkpt lat="36.7540892" lon="128.0325794">
<ele>603.74</ele>
<time>2025-05-17T09:50:48Z</time>
<extensions>
<gpxtpx:TrackPointExtension>
<gpxtpx:hr>170</gpxtpx:hr>
</gpxtpx:TrackPointExtension>
</extensions>
</trkpt>
<trkpt lat="36.7540904" lon="128.0325843">
<ele>603.935</ele>
<time>2025-05-17T09:50:49Z</time>
<extensions>
<gpxtpx:TrackPointExtension>
<gpxtpx:hr>170</gpxtpx:hr>
</gpxtpx:TrackPointExtension>
</extensions>
</trkpt>
<trkpt lat="36.7540958" lon="128.0325852">
<ele>604.134</ele>
<time>2025-05-17T09:50:50Z</time>
<extensions>
<gpxtpx:TrackPointExtension>
<gpxtpx:hr>170</gpxtpx:hr>
</gpxtpx:TrackPointExtension>
</extensions>
</trkpt>
<trkpt lat="36.7541023" lon="128.0325833">
<ele>604.331</ele>
<time>2025-05-17T09:50:51Z</time>
<extensions>
<gpxtpx:TrackPointExtension>
<gpxtpx:hr>169</gpxtpx:hr>
</gpxtpx:TrackPointExtension>
</extensions>
</trkpt>
<trkpt lat="36.7541095" lon="128.0325815">
<ele>604.484</ele>
<time>2025-05-17T09:50:52Z</time>
<extensions>
<gpxtpx:TrackPointExtension>
<gpxtpx:hr>169</gpxtpx:hr>
</gpxtpx:TrackPointExtension>
</extensions>
</trkpt>
<trkpt lat="36.7541161" lon="128.0325828">
<ele>604.556</ele>
<time>2025-05-17T09:50:53Z</time>
<extensions>
<gpxtpx:TrackPointExtension>
<gpxtpx:hr>169</gpxtpx:hr>
</gpxtpx:TrackPointExtension>
</extensions>
</trkpt>
<trkpt lat="36.7541256" lon="128.0325801">
<ele>604.676</ele>
<time>2025-05-17T09:50:54Z</time>
<extensions>
<gpxtpx:TrackPointExtension>
<gpxtpx:hr>169</gpxtpx:hr>
</gpxtpx:TrackPointExtension>
</extensions>
</trkpt>
<trkpt lat="36.7541321" lon="128.0325774">
<ele>604.744</ele>
<time>2025-05-17T09:50:55Z</time>
<extensions>
<gpxtpx:TrackPointExtension>
<gpxtpx:hr>169</gpxtpx:hr>
</gpxtpx:TrackPointExtension>
</extensions>
</trkpt>
<trkpt lat="36.7541411" lon="128.0325782">
<ele>604.836</ele>
<time>2025-05-17T09:50:56Z</time>
<extensions>
<gpxtpx:TrackPointExtension>
<gpxtpx:hr>168</gpxtpx:hr>
</gpxtpx:TrackPointExtension>
</extensions>
</trkpt>
<trkpt lat="36.7541511" lon="128.0325809">
<ele>604.793</ele>
<time>2025-05-17T09:50:57Z</time>
<extensions>
<gpxtpx:TrackPointExtension>
<gpxtpx:hr>169</gpxtpx:hr>
</gpxtpx:TrackPointExtension>
</extensions>
</trkpt>
<trkpt lat="36.7541591" lon="128.0325815">
<ele>604.853</ele>
<time>2025-05-17T09:50:58Z</time>
<extensions>
<gpxtpx:TrackPointExtension>
<gpxtpx:hr>169</gpxtpx:hr>
</gpxtpx:TrackPointExtension>
</extensions>
</trkpt>
<trkpt lat="36.754162" lon="128.0325798">
<ele>604.966</ele>
<time>2025-05-17T09:50:59Z</time>
<extensions>
<gpxtpx:TrackPointExtension>
<gpxtpx:hr>169</gpxtpx:hr>
</gpxtpx:TrackPointExtension>
</extensions>
</trkpt>
<trkpt lat="36.7541667" lon="128.0325782">
<ele>605.068</ele>
<time>2025-05-17T09:51:00Z</time>
<extensions>
<gpxtpx:TrackPointExtension>
<gpxtpx:hr>169</gpxtpx:hr>
</gpxtpx:TrackPointExtension>
</extensions>
</trkpt>
<trkpt lat="36.7541703" lon="128.0325782">
<ele>605.297</ele>
<time>2025-05-17T09:51:01Z</time>
<extensions>
<gpxtpx:TrackPointExtension>
<gpxtpx:hr>169</gpxtpx:hr>
</gpxtpx:TrackPointExtension>
</extensions>
</trkpt>
<trkpt lat="36.7541752" lon="128.0325811">
<ele>605.498</ele>
<time>2025-05-17T09:51:02Z</time>
<extensions>
<gpxtpx:TrackPointExtension>
<gpxtpx:hr>169</gpxtpx:hr>
</gpxtpx:TrackPointExtension>
</extensions>
</trkpt>
<trkpt lat="36.754179" lon="128.0325828">
<ele>605.553</ele>
<time>2025-05-17T09:51:03Z</time>
<extensions>
<gpxtpx:TrackPointExtension>
<gpxtpx:hr>169</gpxtpx:hr>
</gpxtpx:TrackPointExtension>
</extensions>
</trkpt>
<trkpt lat="36.7541868" lon="128.0325833">
<ele>605.653</ele>
<time>2025-05-17T09:51:04Z</time>
<extensions>
<gpxtpx:TrackPointExtension>
<gpxtpx:hr>169</gpxtpx:hr>
</gpxtpx:TrackPointExtension>
</extensions>
</trkpt>
<trkpt lat="36.754196" lon="128.0325791">
<ele>605.784</ele>
<time>2025-05-17T09:51:05Z</time>
<extensions>
<gpxtpx:TrackPointExtension>
<gpxtpx:hr>170</gpxtpx:hr>
</gpxtpx:TrackPointExtension>
</extensions>
</trkpt>
<trkpt lat="36.7542044" lon="128.0325763">
<ele>605.864</ele>
<time>2025-05-17T09:51:06Z</time>
<extensions>
<gpxtpx:TrackPointExtension>
<gpxtpx:hr>170</gpxtpx:hr>
</gpxtpx:TrackPointExtension>
</extensions>
</trkpt>
<trkpt lat="36.7542135" lon="128.0325717">
<ele>606.027</ele>
<time>2025-05-17T09:51:07Z</time>
<extensions>
<gpxtpx:TrackPointExtension>
<gpxtpx:hr>170</gpxtpx:hr>
</gpxtpx:TrackPointExtension>
</extensions>
</trkpt>
<trkpt lat="36.7542265" lon="128.0325686">
<ele>606.192</ele>
<time>2025-05-17T09:51:08Z</time>
<extensions>
<gpxtpx:TrackPointExtension>
<gpxtpx:hr>170</gpxtpx:hr>
</gpxtpx:TrackPointExtension>
</extensions>
</trkpt>
<trkpt lat="36.7542355" lon="128.0325583">
<ele>606.26</ele>
<time>2025-05-17T09:51:09Z</time>
<extensions>
<gpxtpx:TrackPointExtension>
<gpxtpx:hr>171</gpxtpx:hr>
</gpxtpx:TrackPointExtension>
</extensions>
</trkpt>
<trkpt lat="36.7542436" lon="128.0325552">
<ele>606.404</ele>
<time>2025-05-17T09:51:10Z</time>
<extensions>
<gpxtpx:TrackPointExtension>
<gpxtpx:hr>171</gpxtpx:hr>
</gpxtpx:TrackPointExtension>
</extensions>
</trkpt>
<trkpt lat="36.7542476" lon="128.0325527">
<ele>606.615</ele>
<time>2025-05-17T09:51:11Z</time>
<extensions>
<gpxtpx:TrackPointExtension>
<gpxtpx:hr>171</gpxtpx:hr>
</gpxtpx:TrackPointExtension>
</extensions>
</trkpt>
<trkpt lat="36.75425" lon="128.0325547">
<ele>606.798</ele>
<time>2025-05-17T09:51:12Z</time>
<extensions>
<gpxtpx:TrackPointExtension>
<gpxtpx:hr>171</gpxtpx:hr>
</gpxtpx:TrackPointExtension>
</extensions>
</trkpt>
<trkpt lat="36.7542551" lon="128.0325571">
<ele>607.075</ele>
<time>2025-05-17T09:51:13Z</time>
<extensions>
<gpxtpx:TrackPointExtension>
<gpxtpx:hr>171</gpxtpx:hr>
</gpxtpx:TrackPointExtension>
</extensions>
</trkpt>
<trkpt lat="36.7542586" lon="128.0325657">
<ele>607.301</ele>
<time>2025-05-17T09:51:14Z</time>
<extensions>
<gpxtpx:TrackPointExtension>
<gpxtpx:hr>172</gpxtpx:hr>
</gpxtpx:TrackPointExtension>
</extensions>
</trkpt>
<trkpt lat="36.7542641" lon="128.0325718">
<ele>607.559</ele>
<time>2025-05-17T09:51:15Z</time>
<extensions>
<gpxtpx:TrackPointExtension>
<gpxtpx:hr>171</gpxtpx:hr>
</gpxtpx:TrackPointExtension>
</extensions>
</trkpt>
<trkpt lat="36.7542663" lon="128.0325799">
<ele>607.756</ele>
<time>2025-05-17T09:51:16Z</time>
<extensions>
<gpxtpx:TrackPointExtension>
<gpxtpx:hr>172</gpxtpx:hr>
</gpxtpx:TrackPointExtension>
</extensions>
</trkpt>
<trkpt lat="36.7542738" lon="128.0325856">
<ele>607.992</ele>
<time>2025-05-17T09:51:17Z</time>
<extensions>
<gpxtpx:TrackPointExtension>
<gpxtpx:hr>172</gpxtpx:hr>
</gpxtpx:TrackPointExtension>
</extensions>
</trkpt>
<trkpt lat="36.7542794" lon="128.0325964">
<ele>608.146</ele>
<time>2025-05-17T09:51:18Z</time>
<extensions>
<gpxtpx:TrackPointExtension>
<gpxtpx:hr>172</gpxtpx:hr>
</gpxtpx:TrackPointExtension>
</extensions>
</trkpt>
<trkpt lat="36.7542854" lon="128.032604">
<ele>608.369</ele>
<time>2025-05-17T09:51:19Z</time>
<extensions>
<gpxtpx:TrackPointExtension>
<gpxtpx:hr>172</gpxtpx:hr>
</gpxtpx:TrackPointExtension>
</extensions>
</trkpt>
<trkpt lat="36.7542934" lon="128.0326083">
<ele>608.472</ele>
<time>2025-05-17T09:51:20Z</time>
<extensions>
<gpxtpx:TrackPointExtension>
<gpxtpx:hr>172</gpxtpx:hr>
</gpxtpx:TrackPointExtension>
</extensions>
</trkpt>
<trkpt lat="36.7543005" lon="128.0326143">
<ele>608.593</ele>
<time>2025-05-17T09:51:21Z</time>
<extensions>
<gpxtpx:TrackPointExtension>
<gpxtpx:hr>172</gpxtpx:hr>
</gpxtpx:TrackPointExtension>
</extensions>
</trkpt>
<trkpt lat="36.7543104" lon="128.0326197">
<ele>608.708</ele>
<time>2025-05-17T09:51:22Z</time>
<extensions>
<gpxtpx:TrackPointExtension>
<gpxtpx:hr>172</gpxtpx:hr>
</gpxtpx:TrackPointExtension>
</extensions>
</trkpt>
<trkpt lat="36.7543207" lon="128.0326264">
<ele>608.867</ele>
<time>2025-05-17T09:51:23Z</time>
<extensions>
<gpxtpx:TrackPointExtension>
<gpxtpx:hr>172</gpxtpx:hr>
</gpxtpx:TrackPointExtension>
</extensions>
</trkpt>
<trkpt lat="36.7543351" lon="128.0326347">
<ele>609.044</ele>
<time>2025-05-17T09:51:24Z</time>
<extensions>
<gpxtpx:TrackPointExtension>
<gpxtpx:hr>172</gpxtpx:hr>
</gpxtpx:TrackPointExtension>
</extensions>
</trkpt>
<trkpt lat="36.7543399" lon="128.0326383">
<ele>609.272</ele>
<time>2025-05-17T09:51:25Z</time>
<extensions>
<gpxtpx:TrackPointExtension>
<gpxtpx:hr>172</gpxtpx:hr>
</gpxtpx:TrackPointExtension>
</extensions>
</trkpt>
<trkpt lat="36.7543461" lon="128.032639">
<ele>609.505</ele>
<time>2025-05-17T09:51:26Z</time>
<extensions>
<gpxtpx:TrackPointExtension>
<gpxtpx:hr>172</gpxtpx:hr>
</gpxtpx:TrackPointExtension>
</extensions>
</trkpt>
<trkpt lat="36.7543469" lon="128.0326414">
<ele>609.739</ele>
<time>2025-05-17T09:51:27Z</time>
<extensions>
<gpxtpx:TrackPointExtension>
<gpxtpx:hr>172</gpxtpx:hr>
</gpxtpx:TrackPointExtension>
</extensions>
</trkpt>
<trkpt lat="36.7543461" lon="128.0326505">
<ele>609.836</ele>
<time>2025-05-17T09:51:28Z</time>
<extensions>
<gpxtpx:TrackPointExtension>
<gpxtpx:hr>171</gpxtpx:hr>
</gpxtpx:TrackPointExtension>
</extensions>
</trkpt>
<trkpt lat="36.7543444" lon="128.0326557">
<ele>609.944</ele>
<time>2025-05-17T09:51:29Z</time>
<extensions>
<gpxtpx:TrackPointExtension>
<gpxtpx:hr>171</gpxtpx:hr>
</gpxtpx:TrackPointExtension>
</extensions>
</trkpt>
<trkpt lat="36.7543445" lon="128.0326605">
<ele>609.959</ele>
<time>2025-05-17T09:51:30Z</time>
<extensions>
<gpxtpx:TrackPointExtension>
<gpxtpx:hr>171</gpxtpx:hr>
</gpxtpx:TrackPointExtension>
</extensions>
</trkpt>
<trkpt lat="36.7543469" lon="128.0326658">
<ele>610.037</ele>
<time>2025-05-17T09:51:31Z</time>
<extensions>
<gpxtpx:TrackPointExtension>
<gpxtpx:hr>171</gpxtpx:hr>
</gpxtpx:TrackPointExtension>
</extensions>
</trkpt>
<trkpt lat="36.7543523" lon="128.0326758">
<ele>610.1</ele>
<time>2025-05-17T09:51:32Z</time>
<extensions>
<gpxtpx:TrackPointExtension>
<gpxtpx:hr>171</gpxtpx:hr>
</gpxtpx:TrackPointExtension>
</extensions>
</trkpt>
<trkpt lat="36.7543557" lon="128.0326806">
<ele>610.206</ele>
<time>2025-05-17T09:51:33Z</time>
<extensions>
<gpxtpx:TrackPointExtension>
<gpxtpx:hr>171</gpxtpx:hr>
</gpxtpx:TrackPointExtension>
</extensions>
</trkpt>
<trkpt lat="36.7543587" lon="128.0326844">
<ele>610.277</ele>
<time>2025-05-17T09:51:34Z</time>
<extensions>
<gpxtpx:TrackPointExtension>
<gpxtpx:hr>171</gpxtpx:hr>
</gpxtpx:TrackPointExtension>
</extensions>
</trkpt>
<trkpt lat="36.7543618" lon="128.0326916">
<ele>610.441</ele>
<time>2025-05-17T09:51:35Z</time>
<extensions>
<gpxtpx:TrackPointExtension>
<gpxtpx:hr>171</gpxtpx:hr>
</gpxtpx:TrackPointExtension>
</extensions>
</trkpt>
<trkpt lat="36.7543642" lon="128.0326941">
<ele>610.544</ele>
<time>2025-05-17T09:51:36Z</time>
<extensions>
<gpxtpx:TrackPointExtension>
<gpxtpx:hr>171</gpxtpx:hr>
</gpxtpx:TrackPointExtension>
</extensions>
</trkpt>
<trkpt lat="36.7543666" lon="128.0326954">
<ele>610.692</ele>
<time>2025-05-17T09:51:37Z</time>
<extensions>
<gpxtpx:TrackPointExtension>
<gpxtpx:hr>171</gpxtpx:hr>
</gpxtpx:TrackPointExtension>
</extensions>
</trkpt>
<trkpt lat="36.7543681" lon="128.0326993">
<ele>610.838</ele>
<time>2025-05-17T09:51:38Z</time>
<extensions>
<gpxtpx:TrackPointExtension>
<gpxtpx:hr>171</gpxtpx:hr>
</gpxtpx:TrackPointExtension>
</extensions>
</trkpt>
<trkpt lat="36.7543706" lon="128.0327022">
<ele>610.995</ele>
<time>2025-05-17T09:51:39Z</time>
<extensions>
<gpxtpx:TrackPointExtension>
<gpxtpx:hr>171</gpxtpx:hr>
</gpxtpx:TrackPointExtension>
</extensions>
</trkpt>
<trkpt lat="36.7543745" lon="128.0327074">
<ele>611.128</ele>
<time>2025-05-17T09:51:40Z</time>
<extensions>
<gpxtpx:TrackPointExtension>
<gpxtpx:hr>171</gpxtpx:hr>
</gpxtpx:TrackPointExtension>
</extensions>
</trkpt>
<trkpt lat="36.7543813" lon="128.0327112">
<ele>611.175</ele>
<time>2025-05-17T09:51:41Z</time>
<extensions>
<gpxtpx:TrackPointExtension>
<gpxtpx:hr>171</gpxtpx:hr>
</gpxtpx:TrackPointExtension>
</extensions>
</trkpt>
<trkpt lat="36.7543903" lon="128.032705">
<ele>611.213</ele>
<time>2025-05-17T09:51:42Z</time>
<extensions>
<gpxtpx:TrackPointExtension>
<gpxtpx:hr>171</gpxtpx:hr>
</gpxtpx:TrackPointExtension>
</extensions>
</trkpt>
<trkpt lat="36.7544002" lon="128.0326996">
<ele>611.297</ele>
<time>2025-05-17T09:51:43Z</time>
<extensions>
<gpxtpx:TrackPointExtension>
<gpxtpx:hr>171</gpxtpx:hr>
</gpxtpx:TrackPointExtension>
</extensions>
</trkpt>
<trkpt lat="36.7544023" lon="128.0327079">
<ele>611.377</ele>
<time>2025-05-17T09:51:44Z</time>
<extensions>
<gpxtpx:TrackPointExtension>
<gpxtpx:hr>171</gpxtpx:hr>
</gpxtpx:TrackPointExtension>
</extensions>
</trkpt>
<trkpt lat="36.7544106" lon="128.0327096">
<ele>611.504</ele>
<time>2025-05-17T09:51:45Z</time>
<extensions>
<gpxtpx:TrackPointExtension>
<gpxtpx:hr>170</gpxtpx:hr>
</gpxtpx:TrackPointExtension>
</extensions>
</trkpt>
<trkpt lat="36.7544264" lon="128.0327131">
<ele>611.644</ele>
<time>2025-05-17T09:51:46Z</time>
<extensions>
<gpxtpx:TrackPointExtension>
<gpxtpx:hr>170</gpxtpx:hr>
</gpxtpx:TrackPointExtension>
</extensions>
</trkpt>
<trkpt lat="36.7544356" lon="128.0327084">
<ele>611.79</ele>
<time>2025-05-17T09:51:47Z</time>
<extensions>
<gpxtpx:TrackPointExtension>
<gpxtpx:hr>170</gpxtpx:hr>
</gpxtpx:TrackPointExtension>
</extensions>
</trkpt>
<trkpt lat="36.7544454" lon="128.0327055">
<ele>611.853</ele>
<time>2025-05-17T09:51:48Z</time>
<extensions>
<gpxtpx:TrackPointExtension>
<gpxtpx:hr>170</gpxtpx:hr>
</gpxtpx:TrackPointExtension>
</extensions>
</trkpt>
<trkpt lat="36.7544548" lon="128.0327022">
<ele>611.976</ele>
<time>2025-05-17T09:51:49Z</time>
<extensions>
<gpxtpx:TrackPointExtension>
<gpxtpx:hr>169</gpxtpx:hr>
</gpxtpx:TrackPointExtension>
</extensions>
</trkpt>
<trkpt lat="36.7544593" lon="128.0326963">
<ele>612.113</ele>
<time>2025-05-17T09:51:50Z</time>
<extensions>
<gpxtpx:TrackPointExtension>
<gpxtpx:hr>169</gpxtpx:hr>
</gpxtpx:TrackPointExtension>
</extensions>
</trkpt>
<trkpt lat="36.7544663" lon="128.0326911">
<ele>612.319</ele>
<time>2025-05-17T09:51:51Z</time>
<extensions>
<gpxtpx:TrackPointExtension>
<gpxtpx:hr>169</gpxtpx:hr>
</gpxtpx:TrackPointExtension>
</extensions>
</trkpt>
<trkpt lat="36.7544727" lon="128.0326878">
<ele>612.55</ele>
<time>2025-05-17T09:51:52Z</time>
<extensions>
<gpxtpx:TrackPointExtension>
<gpxtpx:hr>168</gpxtpx:hr>
</gpxtpx:TrackPointExtension>
</extensions>
</trkpt>
<trkpt lat="36.7544762" lon="128.0326834">
<ele>612.711</ele>
<time>2025-05-17T09:51:53Z</time>
<extensions>
<gpxtpx:TrackPointExtension>
<gpxtpx:hr>168</gpxtpx:hr>
</gpxtpx:TrackPointExtension>
</extensions>
</trkpt>
<trkpt lat="36.7544806" lon="128.0326761">
<ele>612.861</ele>
<time>2025-05-17T09:51:54Z</time>
<extensions>
<gpxtpx:TrackPointExtension>
<gpxtpx:hr>168</gpxtpx:hr>
</gpxtpx:TrackPointExtension>
</extensions>
</trkpt>
<trkpt lat="36.7544837" lon="128.032671">
<ele>612.983</ele>
<time>2025-05-17T09:51:55Z</time>
<extensions>
<gpxtpx:TrackPointExtension>
<gpxtpx:hr>168</gpxtpx:hr>
</gpxtpx:TrackPointExtension>
</extensions>
</trkpt>
<trkpt lat="36.7544874" lon="128.0326658">
<ele>613.212</ele>
<time>2025-05-17T09:51:56Z</time>
<extensions>
<gpxtpx:TrackPointExtension>
<gpxtpx:hr>168</gpxtpx:hr>
</gpxtpx:TrackPointExtension>
</extensions>
</trkpt>
<trkpt lat="36.754491" lon="128.0326572">
<ele>613.421</ele>
<time>2025-05-17T09:51:57Z</time>
<extensions>
<gpxtpx:TrackPointExtension>
<gpxtpx:hr>168</gpxtpx:hr>
</gpxtpx:TrackPointExtension>
</extensions>
</trkpt>
<trkpt lat="36.7544946" lon="128.0326532">
<ele>613.505</ele>
<time>2025-05-17T09:51:58Z</time>
<extensions>
<gpxtpx:TrackPointExtension>
<gpxtpx:hr>168</gpxtpx:hr>
</gpxtpx:TrackPointExtension>
</extensions>
</trkpt>
<trkpt lat="36.7544998" lon="128.0326566">
<ele>613.646</ele>
<time>2025-05-17T09:51:59Z</time>
<extensions>
<gpxtpx:TrackPointExtension>
<gpxtpx:hr>168</gpxtpx:hr>
</gpxtpx:TrackPointExtension>
</extensions>
</trkpt>
<trkpt lat="36.7545049" lon="128.032659">
<ele>613.895</ele>
<time>2025-05-17T09:52:00Z</time>
<extensions>
<gpxtpx:TrackPointExtension>
<gpxtpx:hr>168</gpxtpx:hr>
</gpxtpx:TrackPointExtension>
</extensions>
</trkpt>
<trkpt lat="36.7545104" lon="128.0326639">
<ele>614.12</ele>
<time>2025-05-17T09:52:01Z</time>
<extensions>
<gpxtpx:TrackPointExtension>
<gpxtpx:hr>168</gpxtpx:hr>
</gpxtpx:TrackPointExtension>
</extensions>
</trkpt>
<trkpt lat="36.7545186" lon="128.0326629">
<ele>614.144</ele>
<time>2025-05-17T09:52:02Z</time>
<extensions>
<gpxtpx:TrackPointExtension>
<gpxtpx:hr>169</gpxtpx:hr>
</gpxtpx:TrackPointExtension>
</extensions>
</trkpt>
<trkpt lat="36.754525" lon="128.0326639">
<ele>614.279</ele>
<time>2025-05-17T09:52:03Z</time>
<extensions>
<gpxtpx:TrackPointExtension>
<gpxtpx:hr>169</gpxtpx:hr>
</gpxtpx:TrackPointExtension>
</extensions>
</trkpt>
<trkpt lat="36.7545348" lon="128.0326615">
<ele>614.515</ele>
<time>2025-05-17T09:52:04Z</time>
<extensions>
<gpxtpx:TrackPointExtension>
<gpxtpx:hr>169</gpxtpx:hr>
</gpxtpx:TrackPointExtension>
</extensions>
</trkpt>
<trkpt lat="36.754543" lon="128.032659">
<ele>614.695</ele>
<time>2025-05-17T09:52:05Z</time>
<extensions>
<gpxtpx:TrackPointExtension>
<gpxtpx:hr>169</gpxtpx:hr>
</gpxtpx:TrackPointExtension>
</extensions>
</trkpt>
<trkpt lat="36.7545505" lon="128.0326562">
<ele>614.859</ele>
<time>2025-05-17T09:52:06Z</time>
<extensions>
<gpxtpx:TrackPointExtension>
<gpxtpx:hr>169</gpxtpx:hr>
</gpxtpx:TrackPointExtension>
</extensions>
</trkpt>
<trkpt lat="36.7545585" lon="128.0326505">
<ele>615.126</ele>
<time>2025-05-17T09:52:07Z</time>
<extensions>
<gpxtpx:TrackPointExtension>
<gpxtpx:hr>169</gpxtpx:hr>
</gpxtpx:TrackPointExtension>
</extensions>
</trkpt>
<trkpt lat="36.7545652" lon="128.0326438">
<ele>615.315</ele>
<time>2025-05-17T09:52:08Z</time>
<extensions>
<gpxtpx:TrackPointExtension>
<gpxtpx:hr>169</gpxtpx:hr>
</gpxtpx:TrackPointExtension>
</extensions>
</trkpt>
<trkpt lat="36.7545731" lon="128.0326394">
<ele>615.513</ele>
<time>2025-05-17T09:52:09Z</time>
<extensions>
<gpxtpx:TrackPointExtension>
<gpxtpx:hr>169</gpxtpx:hr>
</gpxtpx:TrackPointExtension>
</extensions>
</trkpt>
<trkpt lat="36.7545828" lon="128.0326361">
<ele>615.704</ele>
<time>2025-05-17T09:52:10Z</time>
<extensions>
<gpxtpx:TrackPointExtension>
<gpxtpx:hr>169</gpxtpx:hr>
</gpxtpx:TrackPointExtension>
</extensions>
</trkpt>
<trkpt lat="36.7545895" lon="128.0326309">
<ele>615.8</ele>
<time>2025-05-17T09:52:11Z</time>
<extensions>
<gpxtpx:TrackPointExtension>
<gpxtpx:hr>169</gpxtpx:hr>
</gpxtpx:TrackPointExtension>
</extensions>
</trkpt>
<trkpt lat="36.7545928" lon="128.0326208">
<ele>615.999</ele>
<time>2025-05-17T09:52:12Z</time>
<extensions>
<gpxtpx:TrackPointExtension>
<gpxtpx:hr>169</gpxtpx:hr>
</gpxtpx:TrackPointExtension>
</extensions>
</trkpt>
<trkpt lat="36.754598" lon="128.0326169">
<ele>616.134</ele>
<time>2025-05-17T09:52:13Z</time>
<extensions>
<gpxtpx:TrackPointExtension>
<gpxtpx:hr>169</gpxtpx:hr>
</gpxtpx:TrackPointExtension>
</extensions>
</trkpt>
<trkpt lat="36.754606" lon="128.0326144">
<ele>616.249</ele>
<time>2025-05-17T09:52:14Z</time>
<extensions>
<gpxtpx:TrackPointExtension>
<gpxtpx:hr>168</gpxtpx:hr>
</gpxtpx:TrackPointExtension>
</extensions>
</trkpt>
<trkpt lat="36.7546127" lon="128.0326108">
<ele>616.371</ele>
<time>2025-05-17T09:52:15Z</time>
<extensions>
<gpxtpx:TrackPointExtension>
<gpxtpx:hr>168</gpxtpx:hr>
</gpxtpx:TrackPointExtension>
</extensions>
</trkpt>
<trkpt lat="36.7546162" lon="128.0326119">
<ele>616.465</ele>
<time>2025-05-17T09:52:16Z</time>
<extensions>
<gpxtpx:TrackPointExtension>
<gpxtpx:hr>168</gpxtpx:hr>
</gpxtpx:TrackPointExtension>
</extensions>
</trkpt>
<trkpt lat="36.7546202" lon="128.0326138">
<ele>616.433</ele>
<time>2025-05-17T09:52:17Z</time>
<extensions>
<gpxtpx:TrackPointExtension>
<gpxtpx:hr>168</gpxtpx:hr>
</gpxtpx:TrackPointExtension>
</extensions>
</trkpt>
<trkpt lat="36.7546239" lon="128.0326201">
<ele>616.338</ele>
<time>2025-05-17T09:52:18Z</time>
<extensions>
<gpxtpx:TrackPointExtension>
<gpxtpx:hr>167</gpxtpx:hr>
</gpxtpx:TrackPointExtension>
</extensions>
</trkpt>
<trkpt lat="36.7546263" lon="128.0326224">
<ele>616.338</ele>
<time>2025-05-17T09:52:19Z</time>
<extensions>
<gpxtpx:TrackPointExtension>
<gpxtpx:hr>167</gpxtpx:hr>
</gpxtpx:TrackPointExtension>
</extensions>
</trkpt>
<trkpt lat="36.7546295" lon="128.0326189">
<ele>616.512</ele>
<time>2025-05-17T09:52:20Z</time>
<extensions>
<gpxtpx:TrackPointExtension>
<gpxtpx:hr>167</gpxtpx:hr>
</gpxtpx:TrackPointExtension>
</extensions>
</trkpt>
<trkpt lat="36.7546315" lon="128.0326151">
<ele>617.075</ele>
<time>2025-05-17T09:52:21Z</time>
<extensions>
<gpxtpx:TrackPointExtension>
<gpxtpx:hr>167</gpxtpx:hr>
</gpxtpx:TrackPointExtension>
</extensions>
</trkpt>
<trkpt lat="36.7546345" lon="128.0326116">
<ele>617.327</ele>
<time>2025-05-17T09:52:22Z</time>
<extensions>
<gpxtpx:TrackPointExtension>
<gpxtpx:hr>167</gpxtpx:hr>
</gpxtpx:TrackPointExtension>
</extensions>
</trkpt>
<trkpt lat="36.7546379" lon="128.0326126">
<ele>617.484</ele>
<time>2025-05-17T09:52:24Z</time>
<extensions>
<gpxtpx:TrackPointExtension>
<gpxtpx:hr>168</gpxtpx:hr>
</gpxtpx:TrackPointExtension>
</extensions>
</trkpt>
<trkpt lat="36.754641" lon="128.0326174">
<ele>617.55</ele>
<time>2025-05-17T09:52:25Z</time>
<extensions>
<gpxtpx:TrackPointExtension>
<gpxtpx:hr>168</gpxtpx:hr>
</gpxtpx:TrackPointExtension>
</extensions>
</trkpt>
<trkpt lat="36.7546483" lon="128.0326266">
<ele>617.568</ele>
<time>2025-05-17T09:52:26Z</time>
<extensions>
<gpxtpx:TrackPointExtension>
<gpxtpx:hr>167</gpxtpx:hr>
</gpxtpx:TrackPointExtension>
</extensions>
</trkpt>
<trkpt lat="36.7546554" lon="128.0326342">
<ele>617.679</ele>
<time>2025-05-17T09:52:29Z</time>
<extensions>
<gpxtpx:TrackPointExtension>
<gpxtpx:hr>167</gpxtpx:hr>
</gpxtpx:TrackPointExtension>
</extensions>
</trkpt>
<trkpt lat="36.7546582" lon="128.0326363">
<ele>617.652</ele>
<time>2025-05-17T09:52:30Z</time>
<extensions>
<gpxtpx:TrackPointExtension>
<gpxtpx:hr>167</gpxtpx:hr>
</gpxtpx:TrackPointExtension>
</extensions>
</trkpt>
<trkpt lat="36.7546594" lon="128.0326349">
<ele>617.629</ele>
<time>2025-05-17T09:52:31Z</time>
<extensions>
<gpxtpx:TrackPointExtension>
<gpxtpx:hr>166</gpxtpx:hr>
</gpxtpx:TrackPointExtension>
</extensions>
</trkpt>
<trkpt lat="36.7546623" lon="128.0326311">
<ele>617.643</ele>
<time>2025-05-17T09:52:32Z</time>
<extensions>
<gpxtpx:TrackPointExtension>
<gpxtpx:hr>166</gpxtpx:hr>
</gpxtpx:TrackPointExtension>
</extensions>
</trkpt>
<trkpt lat="36.7546662" lon="128.0326282">
<ele>617.636</ele>
<time>2025-05-17T09:52:33Z</time>
<extensions>
<gpxtpx:TrackPointExtension>
<gpxtpx:hr>166</gpxtpx:hr>
</gpxtpx:TrackPointExtension>
</extensions>
</trkpt>
<trkpt lat="36.7546712" lon="128.0326266">
<ele>617.692</ele>
<time>2025-05-17T09:52:34Z</time>
<extensions>
<gpxtpx:TrackPointExtension>
<gpxtpx:hr>166</gpxtpx:hr>
</gpxtpx:TrackPointExtension>
</extensions>
</trkpt>
<trkpt lat="36.7546779" lon="128.0326268">
<ele>617.726</ele>
<time>2025-05-17T09:52:35Z</time>
<extensions>
<gpxtpx:TrackPointExtension>
<gpxtpx:hr>166</gpxtpx:hr>
</gpxtpx:TrackPointExtension>
</extensions>
</trkpt>
<trkpt lat="36.7546789" lon="128.0326311">
<ele>617.833</ele>
<time>2025-05-17T09:52:36Z</time>
<extensions>
<gpxtpx:TrackPointExtension>
<gpxtpx:hr>165</gpxtpx:hr>
</gpxtpx:TrackPointExtension>
</extensions>
</trkpt>
<trkpt lat="36.7546796" lon="128.0326361">
<ele>617.875</ele>
<time>2025-05-17T09:52:37Z</time>
<extensions>
<gpxtpx:TrackPointExtension>
<gpxtpx:hr>165</gpxtpx:hr>
</gpxtpx:TrackPointExtension>
</extensions>
</trkpt>
<trkpt lat="36.7546837" lon="128.0326413">
<ele>617.912</ele>
<time>2025-05-17T09:52:38Z</time>
<extensions>
<gpxtpx:TrackPointExtension>
<gpxtpx:hr>164</gpxtpx:hr>
</gpxtpx:TrackPointExtension>
</extensions>
</trkpt>
<trkpt lat="36.7546848" lon="128.0326409">
<ele>617.888</ele>
<time>2025-05-17T09:52:39Z</time>
<extensions>
<gpxtpx:TrackPointExtension>
<gpxtpx:hr>164</gpxtpx:hr>
</gpxtpx:TrackPointExtension>
</extensions>
</trkpt>
<trkpt lat="36.754688" lon="128.0326467">
<ele>617.879</ele>
<time>2025-05-17T09:52:40Z</time>
<extensions>
<gpxtpx:TrackPointExtension>
<gpxtpx:hr>163</gpxtpx:hr>
</gpxtpx:TrackPointExtension>
</extensions>
</trkpt>
<trkpt lat="36.7546892" lon="128.0326513">
<ele>617.916</ele>
<time>2025-05-17T09:52:41Z</time>
<extensions>
<gpxtpx:TrackPointExtension>
<gpxtpx:hr>163</gpxtpx:hr>
</gpxtpx:TrackPointExtension>
</extensions>
</trkpt>
<trkpt lat="36.7546898" lon="128.0326542">
<ele>617.944</ele>
<time>2025-05-17T09:52:42Z</time>
<extensions>
<gpxtpx:TrackPointExtension>
<gpxtpx:hr>163</gpxtpx:hr>
</gpxtpx:TrackPointExtension>
</extensions>
</trkpt>
<trkpt lat="36.7546893" lon="128.0326603">
<ele>617.94</ele>
<time>2025-05-17T09:52:43Z</time>
<extensions>
<gpxtpx:TrackPointExtension>
<gpxtpx:hr>163</gpxtpx:hr>
</gpxtpx:TrackPointExtension>
</extensions>
</trkpt>
<trkpt lat="36.7546887" lon="128.0326612">
<ele>617.991</ele>
<time>2025-05-17T09:52:44Z</time>
<extensions>
<gpxtpx:TrackPointExtension>
<gpxtpx:hr>162</gpxtpx:hr>
</gpxtpx:TrackPointExtension>
</extensions>
</trkpt>
<trkpt lat="36.7546862" lon="128.0326615">
<ele>618.011</ele>
<time>2025-05-17T09:52:45Z</time>
<extensions>
<gpxtpx:TrackPointExtension>
<gpxtpx:hr>162</gpxtpx:hr>
</gpxtpx:TrackPointExtension>
</extensions>
</trkpt>
<trkpt lat="36.7546865" lon="128.0326612">
<ele>618.003</ele>
<time>2025-05-17T09:52:47Z</time>
<extensions>
<gpxtpx:TrackPointExtension>
<gpxtpx:hr>161</gpxtpx:hr>
</gpxtpx:TrackPointExtension>
</extensions>
</trkpt>
<trkpt lat="36.7546854" lon="128.0326595">
<ele>618.02</ele>
<time>2025-05-17T09:52:48Z</time>
<extensions>
<gpxtpx:TrackPointExtension>
<gpxtpx:hr>161</gpxtpx:hr>
</gpxtpx:TrackPointExtension>
</extensions>
</trkpt>
<trkpt lat="36.754677" lon="128.0326612">
<ele>618.072</ele>
<time>2025-05-17T09:52:49Z</time>
<extensions>
<gpxtpx:TrackPointExtension>
<gpxtpx:hr>160</gpxtpx:hr>
</gpxtpx:TrackPointExtension>
</extensions>
</trkpt>
<trkpt lat="36.7546728" lon="128.0326653">
<ele>618.077</ele>
<time>2025-05-17T09:52:50Z</time>
<extensions>
<gpxtpx:TrackPointExtension>
<gpxtpx:hr>160</gpxtpx:hr>
</gpxtpx:TrackPointExtension>
</extensions>
</trkpt>
<trkpt lat="36.7546725" lon="128.0326706">
<ele>618.041</ele>
<time>2025-05-17T09:52:51Z</time>
<extensions>
<gpxtpx:TrackPointExtension>
<gpxtpx:hr>159</gpxtpx:hr>
</gpxtpx:TrackPointExtension>
</extensions>
</trkpt>
<trkpt lat="36.7546715" lon="128.0326713">
<ele>618.07</ele>
<time>2025-05-17T09:52:53Z</time>
<extensions>
<gpxtpx:TrackPointExtension>
<gpxtpx:hr>157</gpxtpx:hr>
</gpxtpx:TrackPointExtension>
</extensions>
</trkpt>
<trkpt lat="36.7546726" lon="128.0326735">
<ele>618.06</ele>
<time>2025-05-17T09:52:54Z</time>
<extensions>
<gpxtpx:TrackPointExtension>
<gpxtpx:hr>157</gpxtpx:hr>
</gpxtpx:TrackPointExtension>
</extensions>
</trkpt>
<trkpt lat="36.7546733" lon="128.0326753">
<ele>618.053</ele>
<time>2025-05-17T09:52:55Z</time>
<extensions>
<gpxtpx:TrackPointExtension>
<gpxtpx:hr>156</gpxtpx:hr>
</gpxtpx:TrackPointExtension>
</extensions>
</trkpt>
<trkpt lat="36.7546758" lon="128.0326773">
<ele>618.032</ele>
<time>2025-05-17T09:52:56Z</time>
<extensions>
<gpxtpx:TrackPointExtension>
<gpxtpx:hr>155</gpxtpx:hr>
</gpxtpx:TrackPointExtension>
</extensions>
</trkpt>
<trkpt lat="36.7546795" lon="128.0326801">
<ele>618.066</ele>
<time>2025-05-17T09:52:57Z</time>
<extensions>
<gpxtpx:TrackPointExtension>
<gpxtpx:hr>154</gpxtpx:hr>
</gpxtpx:TrackPointExtension>
</extensions>
</trkpt>
<trkpt lat="36.7546804" lon="128.0326814">
<ele>618.048</ele>
<time>2025-05-17T09:52:58Z</time>
<extensions>
<gpxtpx:TrackPointExtension>
<gpxtpx:hr>154</gpxtpx:hr>
</gpxtpx:TrackPointExtension>
</extensions>
</trkpt>
<trkpt lat="36.7546808" lon="128.0326832">
<ele>618.051</ele>
<time>2025-05-17T09:52:59Z</time>
<extensions>
<gpxtpx:TrackPointExtension>
<gpxtpx:hr>153</gpxtpx:hr>
</gpxtpx:TrackPointExtension>
</extensions>
</trkpt>
<trkpt lat="36.7546818" lon="128.0326835">
<ele>618.035</ele>
<time>2025-05-17T09:53:00Z</time>
<extensions>
<gpxtpx:TrackPointExtension>
<gpxtpx:hr>153</gpxtpx:hr>
</gpxtpx:TrackPointExtension>
</extensions>
</trkpt>
<trkpt lat="36.7546817" lon="128.0326844">
<ele>618.009</ele>
<time>2025-05-17T09:53:01Z</time>
<extensions>
<gpxtpx:TrackPointExtension>
<gpxtpx:hr>152</gpxtpx:hr>
</gpxtpx:TrackPointExtension>
</extensions>
</trkpt>
<trkpt lat="36.7546829" lon="128.0326868">
<ele>617.963</ele>
<time>2025-05-17T09:53:04Z</time>
<extensions>
<gpxtpx:TrackPointExtension>
<gpxtpx:hr>150</gpxtpx:hr>
</gpxtpx:TrackPointExtension>
</extensions>
</trkpt>
<trkpt lat="36.7546822" lon="128.0326869">
<ele>617.983</ele>
<time>2025-05-17T09:53:05Z</time>
<extensions>
<gpxtpx:TrackPointExtension>
<gpxtpx:hr>150</gpxtpx:hr>
</gpxtpx:TrackPointExtension>
</extensions>
</trkpt>
<trkpt lat="36.7546798" lon="128.032685">
<ele>617.942</ele>
<time>2025-05-17T09:53:06Z</time>
<extensions>
<gpxtpx:TrackPointExtension>
<gpxtpx:hr>150</gpxtpx:hr>
</gpxtpx:TrackPointExtension>
</extensions>
</trkpt>
<trkpt lat="36.7546788" lon="128.0326844">
<ele>617.942</ele>
<time>2025-05-17T09:53:07Z</time>
<extensions>
<gpxtpx:TrackPointExtension>
<gpxtpx:hr>149</gpxtpx:hr>
</gpxtpx:TrackPointExtension>
</extensions>
</trkpt>
<trkpt lat="36.7546786" lon="128.0326833">
<ele>617.953</ele>
<time>2025-05-17T09:53:08Z</time>
<extensions>
<gpxtpx:TrackPointExtension>
<gpxtpx:hr>149</gpxtpx:hr>
</gpxtpx:TrackPointExtension>
</extensions>
</trkpt>
<trkpt lat="36.7546768" lon="128.0326815">
<ele>617.905</ele>
<time>2025-05-17T09:53:09Z</time>
<extensions>
<gpxtpx:TrackPointExtension>
<gpxtpx:hr>149</gpxtpx:hr>
</gpxtpx:TrackPointExtension>
</extensions>
</trkpt>
<trkpt lat="36.7546765" lon="128.0326805">
<ele>617.873</ele>
<time>2025-05-17T09:53:10Z</time>
<extensions>
<gpxtpx:TrackPointExtension>
<gpxtpx:hr>148</gpxtpx:hr>
</gpxtpx:TrackPointExtension>
</extensions>
</trkpt>
<trkpt lat="36.7546775" lon="128.032678">
<ele>617.818</ele>
<time>2025-05-17T09:53:11Z</time>
<extensions>
<gpxtpx:TrackPointExtension>
<gpxtpx:hr>148</gpxtpx:hr>
</gpxtpx:TrackPointExtension>
</extensions>
</trkpt>
<trkpt lat="36.7546792" lon="128.0326742">
<ele>617.788</ele>
<time>2025-05-17T09:53:12Z</time>
<extensions>
<gpxtpx:TrackPointExtension>
<gpxtpx:hr>147</gpxtpx:hr>
</gpxtpx:TrackPointExtension>
</extensions>
</trkpt>
<trkpt lat="36.7546802" lon="128.032669">
<ele>617.812</ele>
<time>2025-05-17T09:53:13Z</time>
<extensions>
<gpxtpx:TrackPointExtension>
<gpxtpx:hr>146</gpxtpx:hr>
</gpxtpx:TrackPointExtension>
</extensions>
</trkpt>
<trkpt lat="36.7546802" lon="128.03266">
<ele>617.829</ele>
<time>2025-05-17T09:53:14Z</time>
<extensions>
<gpxtpx:TrackPointExtension>
<gpxtpx:hr>146</gpxtpx:hr>
</gpxtpx:TrackPointExtension>
</extensions>
</trkpt>
<trkpt lat="36.7546801" lon="128.0326527">
<ele>617.823</ele>
<time>2025-05-17T09:53:15Z</time>
<extensions>
<gpxtpx:TrackPointExtension>
<gpxtpx:hr>146</gpxtpx:hr>
</gpxtpx:TrackPointExtension>
</extensions>
</trkpt>
<trkpt lat="36.7546787" lon="128.0326451">
<ele>617.79</ele>
<time>2025-05-17T09:53:16Z</time>
<extensions>
<gpxtpx:TrackPointExtension>
<gpxtpx:hr>145</gpxtpx:hr>
</gpxtpx:TrackPointExtension>
</extensions>
</trkpt>
<trkpt lat="36.7546777" lon="128.0326374">
<ele>617.748</ele>
<time>2025-05-17T09:53:17Z</time>
<extensions>
<gpxtpx:TrackPointExtension>
<gpxtpx:hr>144</gpxtpx:hr>
</gpxtpx:TrackPointExtension>
</extensions>
</trkpt>
<trkpt lat="36.7546804" lon="128.0326351">
<ele>617.757</ele>
<time>2025-05-17T09:53:18Z</time>
<extensions>
<gpxtpx:TrackPointExtension>
<gpxtpx:hr>144</gpxtpx:hr>
</gpxtpx:TrackPointExtension>
</extensions>
</trkpt>
<trkpt lat="36.7546811" lon="128.0326299">
<ele>617.742</ele>
<time>2025-05-17T09:53:19Z</time>
<extensions>
<gpxtpx:TrackPointExtension>
<gpxtpx:hr>143</gpxtpx:hr>
</gpxtpx:TrackPointExtension>
</extensions>
</trkpt>
<trkpt lat="36.7546837" lon="128.0326306">
<ele>617.711</ele>
<time>2025-05-17T09:53:20Z</time>
<extensions>
<gpxtpx:TrackPointExtension>
<gpxtpx:hr>142</gpxtpx:hr>
</gpxtpx:TrackPointExtension>
</extensions>
</trkpt>
<trkpt lat="36.7546864" lon="128.0326309">
<ele>617.691</ele>
<time>2025-05-17T09:53:21Z</time>
<extensions>
<gpxtpx:TrackPointExtension>
<gpxtpx:hr>142</gpxtpx:hr>
</gpxtpx:TrackPointExtension>
</extensions>
</trkpt>
<trkpt lat="36.7546868" lon="128.0326303">
<ele>617.667</ele>
<time>2025-05-17T09:53:22Z</time>
<extensions>
<gpxtpx:TrackPointExtension>
<gpxtpx:hr>142</gpxtpx:hr>
</gpxtpx:TrackPointExtension>
</extensions>
</trkpt>
<trkpt lat="36.7546854" lon="128.0326289">
<ele>617.688</ele>
<time>2025-05-17T09:53:23Z</time>
<extensions>
<gpxtpx:TrackPointExtension>
<gpxtpx:hr>142</gpxtpx:hr>
</gpxtpx:TrackPointExtension>
</extensions>
</trkpt>
<trkpt lat="36.7546837" lon="128.0326376">
<ele>617.686</ele>
<time>2025-05-17T09:53:24Z</time>
<extensions>
<gpxtpx:TrackPointExtension>
<gpxtpx:hr>142</gpxtpx:hr>
</gpxtpx:TrackPointExtension>
</extensions>
</trkpt>
<trkpt lat="36.7546852" lon="128.0326507">
<ele>617.701</ele>
<time>2025-05-17T09:53:25Z</time>
<extensions>
<gpxtpx:TrackPointExtension>
<gpxtpx:hr>143</gpxtpx:hr>
</gpxtpx:TrackPointExtension>
</extensions>
</trkpt>
<trkpt lat="36.754688" lon="128.0326594">
<ele>617.69</ele>
<time>2025-05-17T09:53:26Z</time>
<extensions>
<gpxtpx:TrackPointExtension>
<gpxtpx:hr>143</gpxtpx:hr>
</gpxtpx:TrackPointExtension>
</extensions>
</trkpt>
<trkpt lat="36.7546902" lon="128.0326656">
<ele>617.65</ele>
<time>2025-05-17T09:53:27Z</time>
<extensions>
<gpxtpx:TrackPointExtension>
<gpxtpx:hr>143</gpxtpx:hr>
</gpxtpx:TrackPointExtension>
</extensions>
</trkpt>
<trkpt lat="36.7546872" lon="128.0326708">
<ele>617.68</ele>
<time>2025-05-17T09:53:28Z</time>
<extensions>
<gpxtpx:TrackPointExtension>
<gpxtpx:hr>143</gpxtpx:hr>
</gpxtpx:TrackPointExtension>
</extensions>
</trkpt>
<trkpt lat="36.7546801" lon="128.0326792">
<ele>617.687</ele>
<time>2025-05-17T09:53:29Z</time>
<extensions>
<gpxtpx:TrackPointExtension>
<gpxtpx:hr>142</gpxtpx:hr>
</gpxtpx:TrackPointExtension>
</extensions>
</trkpt>
<trkpt lat="36.754674" lon="128.0326843">
<ele>617.69</ele>
<time>2025-05-17T09:53:30Z</time>
<extensions>
<gpxtpx:TrackPointExtension>
<gpxtpx:hr>142</gpxtpx:hr>
</gpxtpx:TrackPointExtension>
</extensions>
</trkpt>
<trkpt lat="36.754668" lon="128.0326902">
<ele>617.669</ele>
<time>2025-05-17T09:53:31Z</time>
<extensions>
<gpxtpx:TrackPointExtension>
<gpxtpx:hr>141</gpxtpx:hr>
</gpxtpx:TrackPointExtension>
</extensions>
</trkpt>
<trkpt lat="36.7546628" lon="128.0326957">
<ele>617.682</ele>
<time>2025-05-17T09:53:32Z</time>
<extensions>
<gpxtpx:TrackPointExtension>
<gpxtpx:hr>140</gpxtpx:hr>
</gpxtpx:TrackPointExtension>
</extensions>
</trkpt>
<trkpt lat="36.7546592" lon="128.0327007">
<ele>617.7</ele>
<time>2025-05-17T09:53:33Z</time>
<extensions>
<gpxtpx:TrackPointExtension>
<gpxtpx:hr>140</gpxtpx:hr>
</gpxtpx:TrackPointExtension>
</extensions>
</trkpt>
<trkpt lat="36.7546514" lon="128.0327031">
<ele>617.718</ele>
<time>2025-05-17T09:53:34Z</time>
<extensions>
<gpxtpx:TrackPointExtension>
<gpxtpx:hr>139</gpxtpx:hr>
</gpxtpx:TrackPointExtension>
</extensions>
</trkpt>
<trkpt lat="36.7546437" lon="128.0327069">
<ele>617.744</ele>
<time>2025-05-17T09:53:35Z</time>
<extensions>
<gpxtpx:TrackPointExtension>
<gpxtpx:hr>138</gpxtpx:hr>
</gpxtpx:TrackPointExtension>
</extensions>
</trkpt>
<trkpt lat="36.7546374" lon="128.0327077">
<ele>617.758</ele>
<time>2025-05-17T09:53:36Z</time>
<extensions>
<gpxtpx:TrackPointExtension>
<gpxtpx:hr>137</gpxtpx:hr>
</gpxtpx:TrackPointExtension>
</extensions>
</trkpt>
<trkpt lat="36.7546315" lon="128.0327084">
<ele>617.764</ele>
<time>2025-05-17T09:53:37Z</time>
<extensions>
<gpxtpx:TrackPointExtension>
<gpxtpx:hr>137</gpxtpx:hr>
</gpxtpx:TrackPointExtension>
</extensions>
</trkpt>
<trkpt lat="36.7546256" lon="128.0327058">
<ele>617.731</ele>
<time>2025-05-17T09:53:38Z</time>
<extensions>
<gpxtpx:TrackPointExtension>
<gpxtpx:hr>136</gpxtpx:hr>
</gpxtpx:TrackPointExtension>
</extensions>
</trkpt>
<trkpt lat="36.7546205" lon="128.0327012">
<ele>617.776</ele>
<time>2025-05-17T09:53:39Z</time>
<extensions>
<gpxtpx:TrackPointExtension>
<gpxtpx:hr>136</gpxtpx:hr>
</gpxtpx:TrackPointExtension>
</extensions>
</trkpt>
<trkpt lat="36.7546181" lon="128.0326945">
<ele>617.806</ele>
<time>2025-05-17T09:53:40Z</time>
<extensions>
<gpxtpx:TrackPointExtension>
<gpxtpx:hr>135</gpxtpx:hr>
</gpxtpx:TrackPointExtension>
</extensions>
</trkpt>
<trkpt lat="36.7546172" lon="128.0326897">
<ele>617.838</ele>
<time>2025-05-17T09:53:41Z</time>
<extensions>
<gpxtpx:TrackPointExtension>
<gpxtpx:hr>135</gpxtpx:hr>
</gpxtpx:TrackPointExtension>
</extensions>
</trkpt>
<trkpt lat="36.7546133" lon="128.0326863">
<ele>617.818</ele>
<time>2025-05-17T09:53:42Z</time>
<extensions>
<gpxtpx:TrackPointExtension>
<gpxtpx:hr>134</gpxtpx:hr>
</gpxtpx:TrackPointExtension>
</extensions>
</trkpt>
<trkpt lat="36.7546075" lon="128.0326791">
<ele>617.79</ele>
<time>2025-05-17T09:53:43Z</time>
<extensions>
<gpxtpx:TrackPointExtension>
<gpxtpx:hr>134</gpxtpx:hr>
</gpxtpx:TrackPointExtension>
</extensions>
</trkpt>
<trkpt lat="36.7546027" lon="128.0326715">
<ele>617.806</ele>
<time>2025-05-17T09:53:44Z</time>
<extensions>
<gpxtpx:TrackPointExtension>
<gpxtpx:hr>134</gpxtpx:hr>
</gpxtpx:TrackPointExtension>
</extensions>
</trkpt>
<trkpt lat="36.7545997" lon="128.0326646">
<ele>617.808</ele>
<time>2025-05-17T09:53:45Z</time>
<extensions>
<gpxtpx:TrackPointExtension>
<gpxtpx:hr>134</gpxtpx:hr>
</gpxtpx:TrackPointExtension>
</extensions>
</trkpt>
<trkpt lat="36.7545975" lon="128.0326586">
<ele>617.839</ele>
<time>2025-05-17T09:53:46Z</time>
<extensions>
<gpxtpx:TrackPointExtension>
<gpxtpx:hr>134</gpxtpx:hr>
</gpxtpx:TrackPointExtension>
</extensions>
</trkpt>
<trkpt lat="36.7545931" lon="128.0326507">
<ele>617.803</ele>
<time>2025-05-17T09:53:47Z</time>
<extensions>
<gpxtpx:TrackPointExtension>
<gpxtpx:hr>134</gpxtpx:hr>
</gpxtpx:TrackPointExtension>
</extensions>
</trkpt>
<trkpt lat="36.7545917" lon="128.0326385">
<ele>617.793</ele>
<time>2025-05-17T09:53:48Z</time>
<extensions>
<gpxtpx:TrackPointExtension>
<gpxtpx:hr>134</gpxtpx:hr>
</gpxtpx:TrackPointExtension>
</extensions>
</trkpt>
<trkpt lat="36.7545928" lon="128.0326253">
<ele>617.797</ele>
<time>2025-05-17T09:53:49Z</time>
<extensions>
<gpxtpx:TrackPointExtension>
<gpxtpx:hr>135</gpxtpx:hr>
</gpxtpx:TrackPointExtension>
</extensions>
</trkpt>
<trkpt lat="36.7545934" lon="128.0326187">
<ele>617.86</ele>
<time>2025-05-17T09:53:50Z</time>
<extensions>
<gpxtpx:TrackPointExtension>
<gpxtpx:hr>135</gpxtpx:hr>
</gpxtpx:TrackPointExtension>
</extensions>
</trkpt>
<trkpt lat="36.7545932" lon="128.0326112">
<ele>617.812</ele>
<time>2025-05-17T09:53:51Z</time>
<extensions>
<gpxtpx:TrackPointExtension>
<gpxtpx:hr>135</gpxtpx:hr>
</gpxtpx:TrackPointExtension>
</extensions>
</trkpt>
<trkpt lat="36.7545937" lon="128.0326025">
<ele>617.838</ele>
<time>2025-05-17T09:53:52Z</time>
<extensions>
<gpxtpx:TrackPointExtension>
<gpxtpx:hr>135</gpxtpx:hr>
</gpxtpx:TrackPointExtension>
</extensions>
</trkpt>
<trkpt lat="36.7545961" lon="128.0325982">
<ele>617.832</ele>
<time>2025-05-17T09:53:53Z</time>
<extensions>
<gpxtpx:TrackPointExtension>
<gpxtpx:hr>135</gpxtpx:hr>
</gpxtpx:TrackPointExtension>
</extensions>
</trkpt>
<trkpt lat="36.7546017" lon="128.0325915">
<ele>617.865</ele>
<time>2025-05-17T09:53:54Z</time>
<extensions>
<gpxtpx:TrackPointExtension>
<gpxtpx:hr>135</gpxtpx:hr>
</gpxtpx:TrackPointExtension>
</extensions>
</trkpt>
<trkpt lat="36.7546095" lon="128.0325882">
<ele>617.819</ele>
<time>2025-05-17T09:53:55Z</time>
<extensions>
<gpxtpx:TrackPointExtension>
<gpxtpx:hr>135</gpxtpx:hr>
</gpxtpx:TrackPointExtension>
</extensions>
</trkpt>
<trkpt lat="36.7546132" lon="128.0325918">
<ele>617.824</ele>
<time>2025-05-17T09:53:56Z</time>
<extensions>
<gpxtpx:TrackPointExtension>
<gpxtpx:hr>135</gpxtpx:hr>
</gpxtpx:TrackPointExtension>
</extensions>
</trkpt>
<trkpt lat="36.7546131" lon="128.032593">
<ele>617.83</ele>
<time>2025-05-17T09:53:58Z</time>
<extensions>
<gpxtpx:TrackPointExtension>
<gpxtpx:hr>135</gpxtpx:hr>
</gpxtpx:TrackPointExtension>
</extensions>
</trkpt>
<trkpt lat="36.7546143" lon="128.0325919">
<ele>617.877</ele>
<time>2025-05-17T09:54:00Z</time>
<extensions>
<gpxtpx:TrackPointExtension>
<gpxtpx:hr>135</gpxtpx:hr>
</gpxtpx:TrackPointExtension>
</extensions>
</trkpt>
<trkpt lat="36.7546147" lon="128.0325886">
<ele>617.871</ele>
<time>2025-05-17T09:54:01Z</time>
<extensions>
<gpxtpx:TrackPointExtension>
<gpxtpx:hr>136</gpxtpx:hr>
</gpxtpx:TrackPointExtension>
</extensions>
</trkpt>
<trkpt lat="36.7546161" lon="128.0325827">
<ele>617.955</ele>
<time>2025-05-17T09:54:02Z</time>
<extensions>
<gpxtpx:TrackPointExtension>
<gpxtpx:hr>136</gpxtpx:hr>
</gpxtpx:TrackPointExtension>
</extensions>
</trkpt>
<trkpt lat="36.7546149" lon="128.0325766">
<ele>617.984</ele>
<time>2025-05-17T09:54:03Z</time>
<extensions>
<gpxtpx:TrackPointExtension>
<gpxtpx:hr>135</gpxtpx:hr>
</gpxtpx:TrackPointExtension>
</extensions>
</trkpt>
<trkpt lat="36.7546132" lon="128.0325698">
<ele>618.002</ele>
<time>2025-05-17T09:54:04Z</time>
<extensions>
<gpxtpx:TrackPointExtension>
<gpxtpx:hr>135</gpxtpx:hr>
</gpxtpx:TrackPointExtension>
</extensions>
</trkpt>
<trkpt lat="36.7546113" lon="128.03257">
<ele>618.008</ele>
<time>2025-05-17T09:54:05Z</time>
<extensions>
<gpxtpx:TrackPointExtension>
<gpxtpx:hr>134</gpxtpx:hr>
</gpxtpx:TrackPointExtension>
</extensions>
</trkpt>
<trkpt lat="36.7546136" lon="128.0325743">
<ele>618.035</ele>
<time>2025-05-17T09:54:06Z</time>
<extensions>
<gpxtpx:TrackPointExtension>
<gpxtpx:hr>134</gpxtpx:hr>
</gpxtpx:TrackPointExtension>
</extensions>
</trkpt>
<trkpt lat="36.7546132" lon="128.0325753">
<ele>618.113</ele>
<time>2025-05-17T09:54:07Z</time>
<extensions>
<gpxtpx:TrackPointExtension>
<gpxtpx:hr>134</gpxtpx:hr>
</gpxtpx:TrackPointExtension>
</extensions>
</trkpt>
<trkpt lat="36.7546123" lon="128.0325724">
<ele>618.174</ele>
<time>2025-05-17T09:54:08Z</time>
<extensions>
<gpxtpx:TrackPointExtension>
<gpxtpx:hr>133</gpxtpx:hr>
</gpxtpx:TrackPointExtension>
</extensions>
</trkpt>
<trkpt lat="36.7546089" lon="128.0325738">
<ele>618.181</ele>
<time>2025-05-17T09:54:09Z</time>
<extensions>
<gpxtpx:TrackPointExtension>
<gpxtpx:hr>133</gpxtpx:hr>
</gpxtpx:TrackPointExtension>
</extensions>
</trkpt>
<trkpt lat="36.7546078" lon="128.0325718">
<ele>618.211</ele>
<time>2025-05-17T09:54:10Z</time>
<extensions>
<gpxtpx:TrackPointExtension>
<gpxtpx:hr>133</gpxtpx:hr>
</gpxtpx:TrackPointExtension>
</extensions>
</trkpt>
<trkpt lat="36.7546066" lon="128.0325669">
<ele>618.271</ele>
<time>2025-05-17T09:54:11Z</time>
<extensions>
<gpxtpx:TrackPointExtension>
<gpxtpx:hr>133</gpxtpx:hr>
</gpxtpx:TrackPointExtension>
</extensions>
</trkpt>
<trkpt lat="36.754607" lon="128.0325614">
<ele>618.314</ele>
<time>2025-05-17T09:54:12Z</time>
<extensions>
<gpxtpx:TrackPointExtension>
<gpxtpx:hr>133</gpxtpx:hr>
</gpxtpx:TrackPointExtension>
</extensions>
</trkpt>
<trkpt lat="36.7546068" lon="128.0325574">
<ele>618.385</ele>
<time>2025-05-17T09:54:13Z</time>
<extensions>
<gpxtpx:TrackPointExtension>
<gpxtpx:hr>133</gpxtpx:hr>
</gpxtpx:TrackPointExtension>
</extensions>
</trkpt>
<trkpt lat="36.7546063" lon="128.0325512">
<ele>618.407</ele>
<time>2025-05-17T09:54:14Z</time>
<extensions>
<gpxtpx:TrackPointExtension>
<gpxtpx:hr>133</gpxtpx:hr>
</gpxtpx:TrackPointExtension>
</extensions>
</trkpt>
<trkpt lat="36.7546072" lon="128.0325506">
<ele>618.403</ele>
<time>2025-05-17T09:54:16Z</time>
<extensions>
<gpxtpx:TrackPointExtension>
<gpxtpx:hr>133</gpxtpx:hr>
</gpxtpx:TrackPointExtension>
</extensions>
</trkpt>
<trkpt lat="36.7546066" lon="128.0325531">
<ele>618.458</ele>
<time>2025-05-17T09:54:17Z</time>
<extensions>
<gpxtpx:TrackPointExtension>
<gpxtpx:hr>133</gpxtpx:hr>
</gpxtpx:TrackPointExtension>
</extensions>
</trkpt>
<trkpt lat="36.7546047" lon="128.0325565">
<ele>618.604</ele>
<time>2025-05-17T09:54:18Z</time>
<extensions>
<gpxtpx:TrackPointExtension>
<gpxtpx:hr>132</gpxtpx:hr>
</gpxtpx:TrackPointExtension>
</extensions>
</trkpt>
<trkpt lat="36.7546044" lon="128.0325633">
<ele>618.702</ele>
<time>2025-05-17T09:54:19Z</time>
<extensions>
<gpxtpx:TrackPointExtension>
<gpxtpx:hr>132</gpxtpx:hr>
</gpxtpx:TrackPointExtension>
</extensions>
</trkpt>
<trkpt lat="36.7546053" lon="128.0325686">
<ele>618.472</ele>
<time>2025-05-17T09:54:20Z</time>
<extensions>
<gpxtpx:TrackPointExtension>
<gpxtpx:hr>132</gpxtpx:hr>
</gpxtpx:TrackPointExtension>
</extensions>
</trkpt>
<trkpt lat="36.754608" lon="128.0325732">
<ele>618.258</ele>
<time>2025-05-17T09:54:21Z</time>
<extensions>
<gpxtpx:TrackPointExtension>
<gpxtpx:hr>132</gpxtpx:hr>
</gpxtpx:TrackPointExtension>
</extensions>
</trkpt>
<trkpt lat="36.7546095" lon="128.0325763">
<ele>618.154</ele>
<time>2025-05-17T09:54:22Z</time>
<extensions>
<gpxtpx:TrackPointExtension>
<gpxtpx:hr>133</gpxtpx:hr>
</gpxtpx:TrackPointExtension>
</extensions>
</trkpt>
<trkpt lat="36.7546069" lon="128.0325811">
<ele>617.948</ele>
<time>2025-05-17T09:54:23Z</time>
<extensions>
<gpxtpx:TrackPointExtension>
<gpxtpx:hr>133</gpxtpx:hr>
</gpxtpx:TrackPointExtension>
</extensions>
</trkpt>
<trkpt lat="36.7546045" lon="128.0325808">
<ele>618.025</ele>
<time>2025-05-17T09:54:24Z</time>
<extensions>
<gpxtpx:TrackPointExtension>
<gpxtpx:hr>133</gpxtpx:hr>
</gpxtpx:TrackPointExtension>
</extensions>
</trkpt>
<trkpt lat="36.7546032" lon="128.0325902">
<ele>618.105</ele>
<time>2025-05-17T09:54:25Z</time>
<extensions>
<gpxtpx:TrackPointExtension>
<gpxtpx:hr>133</gpxtpx:hr>
</gpxtpx:TrackPointExtension>
</extensions>
</trkpt>
<trkpt lat="36.7546045" lon="128.0325882">
<ele>618.174</ele>
<time>2025-05-17T09:54:26Z</time>
<extensions>
<gpxtpx:TrackPointExtension>
<gpxtpx:hr>133</gpxtpx:hr>
</gpxtpx:TrackPointExtension>
</extensions>
</trkpt>
<trkpt lat="36.7546065" lon="128.0325925">
<ele>618.271</ele>
<time>2025-05-17T09:54:27Z</time>
<extensions>
<gpxtpx:TrackPointExtension>
<gpxtpx:hr>134</gpxtpx:hr>
</gpxtpx:TrackPointExtension>
</extensions>
</trkpt>
<trkpt lat="36.754606" lon="128.032594">
<ele>618.439</ele>
<time>2025-05-17T09:54:28Z</time>
<extensions>
<gpxtpx:TrackPointExtension>
<gpxtpx:hr>135</gpxtpx:hr>
</gpxtpx:TrackPointExtension>
</extensions>
</trkpt>
<trkpt lat="36.7546106" lon="128.0325932">
<ele>618.677</ele>
<time>2025-05-17T09:54:29Z</time>
<extensions>
<gpxtpx:TrackPointExtension>
<gpxtpx:hr>135</gpxtpx:hr>
</gpxtpx:TrackPointExtension>
</extensions>
</trkpt>
<trkpt lat="36.7546135" lon="128.0325883">
<ele>619.018</ele>
<time>2025-05-17T09:54:30Z</time>
<extensions>
<gpxtpx:TrackPointExtension>
<gpxtpx:hr>136</gpxtpx:hr>
</gpxtpx:TrackPointExtension>
</extensions>
</trkpt>
<trkpt lat="36.7546172" lon="128.0325878">
<ele>619.236</ele>
<time>2025-05-17T09:54:31Z</time>
<extensions>
<gpxtpx:TrackPointExtension>
<gpxtpx:hr>137</gpxtpx:hr>
</gpxtpx:TrackPointExtension>
</extensions>
</trkpt>
<trkpt lat="36.7546205" lon="128.0325848">
<ele>619.519</ele>
<time>2025-05-17T09:54:32Z</time>
<extensions>
<gpxtpx:TrackPointExtension>
<gpxtpx:hr>137</gpxtpx:hr>
</gpxtpx:TrackPointExtension>
</extensions>
</trkpt>
<trkpt lat="36.7546254" lon="128.0325827">
<ele>619.748</ele>
<time>2025-05-17T09:54:33Z</time>
<extensions>
<gpxtpx:TrackPointExtension>
<gpxtpx:hr>137</gpxtpx:hr>
</gpxtpx:TrackPointExtension>
</extensions>
</trkpt>
<trkpt lat="36.7546295" lon="128.0325887">
<ele>619.898</ele>
<time>2025-05-17T09:54:34Z</time>
<extensions>
<gpxtpx:TrackPointExtension>
<gpxtpx:hr>138</gpxtpx:hr>
</gpxtpx:TrackPointExtension>
</extensions>
</trkpt>
<trkpt lat="36.7546357" lon="128.0325885">
<ele>620.08</ele>
<time>2025-05-17T09:54:35Z</time>
<extensions>
<gpxtpx:TrackPointExtension>
<gpxtpx:hr>138</gpxtpx:hr>
</gpxtpx:TrackPointExtension>
</extensions>
</trkpt>
<trkpt lat="36.754638" lon="128.032592">
<ele>620.125</ele>
<time>2025-05-17T09:54:36Z</time>
</trkpt>
<trkpt lat="36.7546414" lon="128.0325959">
<ele>619.942</ele>
<time>2025-05-17T09:54:37Z</time>
<extensions>
<gpxtpx:TrackPointExtension>
<gpxtpx:hr>139</gpxtpx:hr>
</gpxtpx:TrackPointExtension>
</extensions>
</trkpt>
<trkpt lat="36.7546461" lon="128.0325973">
<ele>620.065</ele>
<time>2025-05-17T09:54:38Z</time>
<extensions>
<gpxtpx:TrackPointExtension>
<gpxtpx:hr>139</gpxtpx:hr>
</gpxtpx:TrackPointExtension>
</extensions>
</trkpt>
<trkpt lat="36.7546497" lon="128.0325978">
<ele>620.169</ele>
<time>2025-05-17T09:54:39Z</time>
<extensions>
<gpxtpx:TrackPointExtension>
<gpxtpx:hr>139</gpxtpx:hr>
</gpxtpx:TrackPointExtension>
</extensions>
</trkpt>
<trkpt lat="36.7546539" lon="128.0325963">
<ele>620.345</ele>
<time>2025-05-17T09:54:40Z</time>
<extensions>
<gpxtpx:TrackPointExtension>
<gpxtpx:hr>140</gpxtpx:hr>
</gpxtpx:TrackPointExtension>
</extensions>
</trkpt>
<trkpt lat="36.7546557" lon="128.0325985">
<ele>620.639</ele>
<time>2025-05-17T09:54:41Z</time>
<extensions>
<gpxtpx:TrackPointExtension>
<gpxtpx:hr>140</gpxtpx:hr>
</gpxtpx:TrackPointExtension>
</extensions>
</trkpt>
<trkpt lat="36.7546586" lon="128.0326007">
<ele>620.856</ele>
<time>2025-05-17T09:54:42Z</time>
<extensions>
<gpxtpx:TrackPointExtension>
<gpxtpx:hr>141</gpxtpx:hr>
</gpxtpx:TrackPointExtension>
</extensions>
</trkpt>
<trkpt lat="36.7546631" lon="128.0326047">
<ele>621.108</ele>
<time>2025-05-17T09:54:43Z</time>
<extensions>
<gpxtpx:TrackPointExtension>
<gpxtpx:hr>142</gpxtpx:hr>
</gpxtpx:TrackPointExtension>
</extensions>
</trkpt>
<trkpt lat="36.7546695" lon="128.0326098">
<ele>621.399</ele>
<time>2025-05-17T09:54:44Z</time>
<extensions>
<gpxtpx:TrackPointExtension>
<gpxtpx:hr>143</gpxtpx:hr>
</gpxtpx:TrackPointExtension>
</extensions>
</trkpt>
<trkpt lat="36.754675" lon="128.0326117">
<ele>621.632</ele>
<time>2025-05-17T09:54:45Z</time>
<extensions>
<gpxtpx:TrackPointExtension>
<gpxtpx:hr>145</gpxtpx:hr>
</gpxtpx:TrackPointExtension>
</extensions>
</trkpt>
<trkpt lat="36.7546788" lon="128.0326117">
<ele>621.847</ele>
<time>2025-05-17T09:54:46Z</time>
<extensions>
<gpxtpx:TrackPointExtension>
<gpxtpx:hr>146</gpxtpx:hr>
</gpxtpx:TrackPointExtension>
</extensions>
</trkpt>
<trkpt lat="36.7546843" lon="128.0326122">
<ele>622.054</ele>
<time>2025-05-17T09:54:47Z</time>
<extensions>
<gpxtpx:TrackPointExtension>
<gpxtpx:hr>147</gpxtpx:hr>
</gpxtpx:TrackPointExtension>
</extensions>
</trkpt>
<trkpt lat="36.7546886" lon="128.0326107">
<ele>622.276</ele>
<time>2025-05-17T09:54:48Z</time>
<extensions>
<gpxtpx:TrackPointExtension>
<gpxtpx:hr>148</gpxtpx:hr>
</gpxtpx:TrackPointExtension>
</extensions>
</trkpt>
<trkpt lat="36.7546915" lon="128.0326084">
<ele>622.455</ele>
<time>2025-05-17T09:54:49Z</time>
<extensions>
<gpxtpx:TrackPointExtension>
<gpxtpx:hr>149</gpxtpx:hr>
</gpxtpx:TrackPointExtension>
</extensions>
</trkpt>
<trkpt lat="36.7546925" lon="128.0326009">
<ele>622.754</ele>
<time>2025-05-17T09:54:50Z</time>
<extensions>
<gpxtpx:TrackPointExtension>
<gpxtpx:hr>150</gpxtpx:hr>
</gpxtpx:TrackPointExtension>
</extensions>
</trkpt>
<trkpt lat="36.7546962" lon="128.0325959">
<ele>622.852</ele>
<time>2025-05-17T09:54:51Z</time>
<extensions>
<gpxtpx:TrackPointExtension>
<gpxtpx:hr>151</gpxtpx:hr>
</gpxtpx:TrackPointExtension>
</extensions>
</trkpt>
<trkpt lat="36.7546995" lon="128.032594">
<ele>623.013</ele>
<time>2025-05-17T09:54:52Z</time>
<extensions>
<gpxtpx:TrackPointExtension>
<gpxtpx:hr>151</gpxtpx:hr>
</gpxtpx:TrackPointExtension>
</extensions>
</trkpt>
<trkpt lat="36.754702" lon="128.0325937">
<ele>623.171</ele>
<time>2025-05-17T09:54:53Z</time>
<extensions>
<gpxtpx:TrackPointExtension>
<gpxtpx:hr>151</gpxtpx:hr>
</gpxtpx:TrackPointExtension>
</extensions>
</trkpt>
<trkpt lat="36.7547021" lon="128.0325974">
<ele>623.258</ele>
<time>2025-05-17T09:54:54Z</time>
<extensions>
<gpxtpx:TrackPointExtension>
<gpxtpx:hr>151</gpxtpx:hr>
</gpxtpx:TrackPointExtension>
</extensions>
</trkpt>
<trkpt lat="36.7547012" lon="128.0326048">
<ele>623.245</ele>
<time>2025-05-17T09:54:55Z</time>
<extensions>
<gpxtpx:TrackPointExtension>
<gpxtpx:hr>151</gpxtpx:hr>
</gpxtpx:TrackPointExtension>
</extensions>
</trkpt>
<trkpt lat="36.7547001" lon="128.0326102">
<ele>623.242</ele>
<time>2025-05-17T09:54:57Z</time>
<extensions>
<gpxtpx:TrackPointExtension>
<gpxtpx:hr>152</gpxtpx:hr>
</gpxtpx:TrackPointExtension>
</extensions>
</trkpt>
<trkpt lat="36.7546983" lon="128.0326068">
<ele>623.212</ele>
<time>2025-05-17T09:54:58Z</time>
<extensions>
<gpxtpx:TrackPointExtension>
<gpxtpx:hr>153</gpxtpx:hr>
</gpxtpx:TrackPointExtension>
</extensions>
</trkpt>
<trkpt lat="36.754698" lon="128.0326086">
<ele>623.198</ele>
<time>2025-05-17T09:54:59Z</time>
<extensions>
<gpxtpx:TrackPointExtension>
<gpxtpx:hr>154</gpxtpx:hr>
</gpxtpx:TrackPointExtension>
</extensions>
</trkpt>
<trkpt lat="36.7546993" lon="128.03261">
<ele>623.436</ele>
<time>2025-05-17T09:55:01Z</time>
<extensions>
<gpxtpx:TrackPointExtension>
<gpxtpx:hr>155</gpxtpx:hr>
</gpxtpx:TrackPointExtension>
</extensions>
</trkpt>
<trkpt lat="36.7547039" lon="128.0326091">
<ele>623.637</ele>
<time>2025-05-17T09:55:02Z</time>
<extensions>
<gpxtpx:TrackPointExtension>
<gpxtpx:hr>155</gpxtpx:hr>
</gpxtpx:TrackPointExtension>
</extensions>
</trkpt>
<trkpt lat="36.7547097" lon="128.0326106">
<ele>623.664</ele>
<time>2025-05-17T09:55:03Z</time>
<extensions>
<gpxtpx:TrackPointExtension>
<gpxtpx:hr>156</gpxtpx:hr>
</gpxtpx:TrackPointExtension>
</extensions>
</trkpt>
<trkpt lat="36.7547158" lon="128.0326187">
<ele>623.427</ele>
<time>2025-05-17T09:55:04Z</time>
<extensions>
<gpxtpx:TrackPointExtension>
<gpxtpx:hr>156</gpxtpx:hr>
</gpxtpx:TrackPointExtension>
</extensions>
</trkpt>
<trkpt lat="36.7547223" lon="128.032617">
<ele>623.322</ele>
<time>2025-05-17T09:55:05Z</time>
<extensions>
<gpxtpx:TrackPointExtension>
<gpxtpx:hr>156</gpxtpx:hr>
</gpxtpx:TrackPointExtension>
</extensions>
</trkpt>
<trkpt lat="36.7547223" lon="128.0326218">
<ele>623.22</ele>
<time>2025-05-17T09:55:06Z</time>
<extensions>
<gpxtpx:TrackPointExtension>
<gpxtpx:hr>157</gpxtpx:hr>
</gpxtpx:TrackPointExtension>
</extensions>
</trkpt>
<trkpt lat="36.7547242" lon="128.032624">
<ele>623.706</ele>
<time>2025-05-17T09:55:07Z</time>
<extensions>
<gpxtpx:TrackPointExtension>
<gpxtpx:hr>158</gpxtpx:hr>
</gpxtpx:TrackPointExtension>
</extensions>
</trkpt>
<trkpt lat="36.7547275" lon="128.0326333">
<ele>623.831</ele>
<time>2025-05-17T09:55:08Z</time>
<extensions>
<gpxtpx:TrackPointExtension>
<gpxtpx:hr>158</gpxtpx:hr>
</gpxtpx:TrackPointExtension>
</extensions>
</trkpt>
<trkpt lat="36.7547318" lon="128.0326419">
<ele>623.595</ele>
<time>2025-05-17T09:55:09Z</time>
<extensions>
<gpxtpx:TrackPointExtension>
<gpxtpx:hr>159</gpxtpx:hr>
</gpxtpx:TrackPointExtension>
</extensions>
</trkpt>
<trkpt lat="36.7547358" lon="128.0326438">
<ele>623.429</ele>
<time>2025-05-17T09:55:10Z</time>
</trkpt>
<trkpt lat="36.754734" lon="128.0326438">
<ele>623.793</ele>
<time>2025-05-17T09:55:11Z</time>
<extensions>
<gpxtpx:TrackPointExtension>
<gpxtpx:hr>161</gpxtpx:hr>
</gpxtpx:TrackPointExtension>
</extensions>
</trkpt>
<trkpt lat="36.7547348" lon="128.0326447">
<ele>623.926</ele>
<time>2025-05-17T09:55:12Z</time>
<extensions>
<gpxtpx:TrackPointExtension>
<gpxtpx:hr>162</gpxtpx:hr>
</gpxtpx:TrackPointExtension>
</extensions>
</trkpt>
<trkpt lat="36.7547361" lon="128.032645">
<ele>624.168</ele>
<time>2025-05-17T09:55:13Z</time>
<extensions>
<gpxtpx:TrackPointExtension>
<gpxtpx:hr>163</gpxtpx:hr>
</gpxtpx:TrackPointExtension>
</extensions>
</trkpt>
<trkpt lat="36.7547378" lon="128.032646">
<ele>624.395</ele>
<time>2025-05-17T09:55:14Z</time>
<extensions>
<gpxtpx:TrackPointExtension>
<gpxtpx:hr>163</gpxtpx:hr>
</gpxtpx:TrackPointExtension>
</extensions>
</trkpt>
<trkpt lat="36.754737" lon="128.0326467">
<ele>624.46</ele>
<time>2025-05-17T09:55:15Z</time>
<extensions>
<gpxtpx:TrackPointExtension>
<gpxtpx:hr>163</gpxtpx:hr>
</gpxtpx:TrackPointExtension>
</extensions>
</trkpt>
<trkpt lat="36.7547388" lon="128.0326476">
<ele>624.572</ele>
<time>2025-05-17T09:55:16Z</time>
<extensions>
<gpxtpx:TrackPointExtension>
<gpxtpx:hr>163</gpxtpx:hr>
</gpxtpx:TrackPointExtension>
</extensions>
</trkpt>
<trkpt lat="36.7547371" lon="128.0326524">
<ele>624.751</ele>
<time>2025-05-17T09:55:17Z</time>
<extensions>
<gpxtpx:TrackPointExtension>
<gpxtpx:hr>163</gpxtpx:hr>
</gpxtpx:TrackPointExtension>
</extensions>
</trkpt>
<trkpt lat="36.7547358" lon="128.0326604">
<ele>624.867</ele>
<time>2025-05-17T09:55:18Z</time>
<extensions>
<gpxtpx:TrackPointExtension>
<gpxtpx:hr>163</gpxtpx:hr>
</gpxtpx:TrackPointExtension>
</extensions>
</trkpt>
<trkpt lat="36.7547354" lon="128.0326666">
<ele>625.016</ele>
<time>2025-05-17T09:55:20Z</time>
<extensions>
<gpxtpx:TrackPointExtension>
<gpxtpx:hr>163</gpxtpx:hr>
</gpxtpx:TrackPointExtension>
</extensions>
</trkpt>
<trkpt lat="36.7547349" lon="128.0326657">
<ele>625.105</ele>
<time>2025-05-17T09:55:21Z</time>
<extensions>
<gpxtpx:TrackPointExtension>
<gpxtpx:hr>163</gpxtpx:hr>
</gpxtpx:TrackPointExtension>
</extensions>
</trkpt>
<trkpt lat="36.7547361" lon="128.032666">
<ele>625.567</ele>
<time>2025-05-17T09:55:22Z</time>
<extensions>
<gpxtpx:TrackPointExtension>
<gpxtpx:hr>163</gpxtpx:hr>
</gpxtpx:TrackPointExtension>
</extensions>
</trkpt>
<trkpt lat="36.7547372" lon="128.0326653">
<ele>625.706</ele>
<time>2025-05-17T09:55:23Z</time>
<extensions>
<gpxtpx:TrackPointExtension>
<gpxtpx:hr>164</gpxtpx:hr>
</gpxtpx:TrackPointExtension>
</extensions>
</trkpt>
<trkpt lat="36.7547379" lon="128.0326653">
<ele>625.8</ele>
<time>2025-05-17T09:55:24Z</time>
<extensions>
<gpxtpx:TrackPointExtension>
<gpxtpx:hr>164</gpxtpx:hr>
</gpxtpx:TrackPointExtension>
</extensions>
</trkpt>
<trkpt lat="36.7547387" lon="128.0326668">
<ele>625.783</ele>
<time>2025-05-17T09:55:25Z</time>
<extensions>
<gpxtpx:TrackPointExtension>
<gpxtpx:hr>165</gpxtpx:hr>
</gpxtpx:TrackPointExtension>
</extensions>
</trkpt>
<trkpt lat="36.7547413" lon="128.0326691">
<ele>625.992</ele>
<time>2025-05-17T09:55:26Z</time>
<extensions>
<gpxtpx:TrackPointExtension>
<gpxtpx:hr>166</gpxtpx:hr>
</gpxtpx:TrackPointExtension>
</extensions>
</trkpt>
<trkpt lat="36.7547425" lon="128.0326696">
<ele>626.208</ele>
<time>2025-05-17T09:55:27Z</time>
<extensions>
<gpxtpx:TrackPointExtension>
<gpxtpx:hr>166</gpxtpx:hr>
</gpxtpx:TrackPointExtension>
</extensions>
</trkpt>
<trkpt lat="36.7547397" lon="128.0326739">
<ele>626.285</ele>
<time>2025-05-17T09:55:28Z</time>
<extensions>
<gpxtpx:TrackPointExtension>
<gpxtpx:hr>166</gpxtpx:hr>
</gpxtpx:TrackPointExtension>
</extensions>
</trkpt>
<trkpt lat="36.7547377" lon="128.0326787">
<ele>626.305</ele>
<time>2025-05-17T09:55:29Z</time>
<extensions>
<gpxtpx:TrackPointExtension>
<gpxtpx:hr>166</gpxtpx:hr>
</gpxtpx:TrackPointExtension>
</extensions>
</trkpt>
<trkpt lat="36.7547422" lon="128.0326917">
<ele>626.338</ele>
<time>2025-05-17T09:55:30Z</time>
<extensions>
<gpxtpx:TrackPointExtension>
<gpxtpx:hr>167</gpxtpx:hr>
</gpxtpx:TrackPointExtension>
</extensions>
</trkpt>
<trkpt lat="36.7547409" lon="128.0327016">
<ele>626.389</ele>
<time>2025-05-17T09:55:31Z</time>
<extensions>
<gpxtpx:TrackPointExtension>
<gpxtpx:hr>167</gpxtpx:hr>
</gpxtpx:TrackPointExtension>
</extensions>
</trkpt>
<trkpt lat="36.7547467" lon="128.0327022">
<ele>626.457</ele>
<time>2025-05-17T09:55:32Z</time>
<extensions>
<gpxtpx:TrackPointExtension>
<gpxtpx:hr>167</gpxtpx:hr>
</gpxtpx:TrackPointExtension>
</extensions>
</trkpt>
<trkpt lat="36.7547476" lon="128.0326969">
<ele>626.464</ele>
<time>2025-05-17T09:55:33Z</time>
<extensions>
<gpxtpx:TrackPointExtension>
<gpxtpx:hr>167</gpxtpx:hr>
</gpxtpx:TrackPointExtension>
</extensions>
</trkpt>
<trkpt lat="36.7547469" lon="128.0326931">
<ele>626.582</ele>
<time>2025-05-17T09:55:34Z</time>
<extensions>
<gpxtpx:TrackPointExtension>
<gpxtpx:hr>166</gpxtpx:hr>
</gpxtpx:TrackPointExtension>
</extensions>
</trkpt>
<trkpt lat="36.754745" lon="128.0326926">
<ele>626.627</ele>
<time>2025-05-17T09:55:35Z</time>
<extensions>
<gpxtpx:TrackPointExtension>
<gpxtpx:hr>166</gpxtpx:hr>
</gpxtpx:TrackPointExtension>
</extensions>
</trkpt>
<trkpt lat="36.7547488" lon="128.0326905">
<ele>627.013</ele>
<time>2025-05-17T09:55:36Z</time>
<extensions>
<gpxtpx:TrackPointExtension>
<gpxtpx:hr>166</gpxtpx:hr>
</gpxtpx:TrackPointExtension>
</extensions>
</trkpt>
<trkpt lat="36.7547518" lon="128.0326902">
<ele>627.402</ele>
<time>2025-05-17T09:55:37Z</time>
<extensions>
<gpxtpx:TrackPointExtension>
<gpxtpx:hr>166</gpxtpx:hr>
</gpxtpx:TrackPointExtension>
</extensions>
</trkpt>
<trkpt lat="36.7547476" lon="128.0326792">
<ele>627.549</ele>
<time>2025-05-17T09:55:38Z</time>
<extensions>
<gpxtpx:TrackPointExtension>
<gpxtpx:hr>165</gpxtpx:hr>
</gpxtpx:TrackPointExtension>
</extensions>
</trkpt>
<trkpt lat="36.754748" lon="128.0326749">
<ele>627.602</ele>
<time>2025-05-17T09:55:39Z</time>
<extensions>
<gpxtpx:TrackPointExtension>
<gpxtpx:hr>166</gpxtpx:hr>
</gpxtpx:TrackPointExtension>
</extensions>
</trkpt>
<trkpt lat="36.7547466" lon="128.0326665">
<ele>627.656</ele>
<time>2025-05-17T09:55:40Z</time>
<extensions>
<gpxtpx:TrackPointExtension>
<gpxtpx:hr>168</gpxtpx:hr>
</gpxtpx:TrackPointExtension>
</extensions>
</trkpt>
<trkpt lat="36.7547492" lon="128.0326562">
<ele>627.771</ele>
<time>2025-05-17T09:55:41Z</time>
<extensions>
<gpxtpx:TrackPointExtension>
<gpxtpx:hr>170</gpxtpx:hr>
</gpxtpx:TrackPointExtension>
</extensions>
</trkpt>
<trkpt lat="36.7547573" lon="128.0326532">
<ele>627.769</ele>
<time>2025-05-17T09:55:42Z</time>
<extensions>
<gpxtpx:TrackPointExtension>
<gpxtpx:hr>171</gpxtpx:hr>
</gpxtpx:TrackPointExtension>
</extensions>
</trkpt>
<trkpt lat="36.7547633" lon="128.0326466">
<ele>627.796</ele>
<time>2025-05-17T09:55:43Z</time>
<extensions>
<gpxtpx:TrackPointExtension>
<gpxtpx:hr>171</gpxtpx:hr>
</gpxtpx:TrackPointExtension>
</extensions>
</trkpt>
<trkpt lat="36.7547728" lon="128.0326499">
<ele>627.928</ele>
<time>2025-05-17T09:55:44Z</time>
<extensions>
<gpxtpx:TrackPointExtension>
<gpxtpx:hr>172</gpxtpx:hr>
</gpxtpx:TrackPointExtension>
</extensions>
</trkpt>
<trkpt lat="36.7547761" lon="128.0326498">
<ele>628.521</ele>
<time>2025-05-17T09:55:45Z</time>
<extensions>
<gpxtpx:TrackPointExtension>
<gpxtpx:hr>172</gpxtpx:hr>
</gpxtpx:TrackPointExtension>
</extensions>
</trkpt>
<trkpt lat="36.7547809" lon="128.0326497">
<ele>628.626</ele>
<time>2025-05-17T09:55:46Z</time>
<extensions>
<gpxtpx:TrackPointExtension>
<gpxtpx:hr>173</gpxtpx:hr>
</gpxtpx:TrackPointExtension>
</extensions>
</trkpt>
<trkpt lat="36.754784" lon="128.0326445">
<ele>628.72</ele>
<time>2025-05-17T09:55:47Z</time>
<extensions>
<gpxtpx:TrackPointExtension>
<gpxtpx:hr>173</gpxtpx:hr>
</gpxtpx:TrackPointExtension>
</extensions>
</trkpt>
<trkpt lat="36.7547871" lon="128.0326365">
<ele>628.836</ele>
<time>2025-05-17T09:55:48Z</time>
<extensions>
<gpxtpx:TrackPointExtension>
<gpxtpx:hr>174</gpxtpx:hr>
</gpxtpx:TrackPointExtension>
</extensions>
</trkpt>
<trkpt lat="36.7547899" lon="128.0326306">
<ele>628.71</ele>
<time>2025-05-17T09:55:49Z</time>
<extensions>
<gpxtpx:TrackPointExtension>
<gpxtpx:hr>174</gpxtpx:hr>
</gpxtpx:TrackPointExtension>
</extensions>
</trkpt>
<trkpt lat="36.7547957" lon="128.0326263">
<ele>628.622</ele>
<time>2025-05-17T09:55:50Z</time>
<extensions>
<gpxtpx:TrackPointExtension>
<gpxtpx:hr>173</gpxtpx:hr>
</gpxtpx:TrackPointExtension>
</extensions>
</trkpt>
<trkpt lat="36.7548014" lon="128.0326239">
<ele>628.542</ele>
<time>2025-05-17T09:55:51Z</time>
<extensions>
<gpxtpx:TrackPointExtension>
<gpxtpx:hr>173</gpxtpx:hr>
</gpxtpx:TrackPointExtension>
</extensions>
</trkpt>
<trkpt lat="36.7548005" lon="128.0326241">
<ele>628.539</ele>
<time>2025-05-17T09:55:53Z</time>
<extensions>
<gpxtpx:TrackPointExtension>
<gpxtpx:hr>173</gpxtpx:hr>
</gpxtpx:TrackPointExtension>
</extensions>
</trkpt>
<trkpt lat="36.7547986" lon="128.0326184">
<ele>628.507</ele>
<time>2025-05-17T09:55:54Z</time>
<extensions>
<gpxtpx:TrackPointExtension>
<gpxtpx:hr>173</gpxtpx:hr>
</gpxtpx:TrackPointExtension>
</extensions>
</trkpt>
<trkpt lat="36.7547962" lon="128.0326179">
<ele>628.518</ele>
<time>2025-05-17T09:55:55Z</time>
<extensions>
<gpxtpx:TrackPointExtension>
<gpxtpx:hr>173</gpxtpx:hr>
</gpxtpx:TrackPointExtension>
</extensions>
</trkpt>
<trkpt lat="36.7547949" lon="128.0326208">
<ele>628.464</ele>
<time>2025-05-17T09:55:56Z</time>
<extensions>
<gpxtpx:TrackPointExtension>
<gpxtpx:hr>174</gpxtpx:hr>
</gpxtpx:TrackPointExtension>
</extensions>
</trkpt>
<trkpt lat="36.7547938" lon="128.0326117">
<ele>628.448</ele>
<time>2025-05-17T09:55:57Z</time>
<extensions>
<gpxtpx:TrackPointExtension>
<gpxtpx:hr>174</gpxtpx:hr>
</gpxtpx:TrackPointExtension>
</extensions>
</trkpt>
<trkpt lat="36.7547941" lon="128.0326086">
<ele>628.734</ele>
<time>2025-05-17T09:55:58Z</time>
<extensions>
<gpxtpx:TrackPointExtension>
<gpxtpx:hr>174</gpxtpx:hr>
</gpxtpx:TrackPointExtension>
</extensions>
</trkpt>
<trkpt lat="36.7547937" lon="128.0326024">
<ele>629.904</ele>
<time>2025-05-17T09:56:01Z</time>
<extensions>
<gpxtpx:TrackPointExtension>
<gpxtpx:hr>174</gpxtpx:hr>
</gpxtpx:TrackPointExtension>
</extensions>
</trkpt>
<trkpt lat="36.7547899" lon="128.0325973">
<ele>629.929</ele>
<time>2025-05-17T09:56:02Z</time>
<extensions>
<gpxtpx:TrackPointExtension>
<gpxtpx:hr>175</gpxtpx:hr>
</gpxtpx:TrackPointExtension>
</extensions>
</trkpt>
<trkpt lat="36.7547852" lon="128.0325863">
<ele>630.045</ele>
<time>2025-05-17T09:56:03Z</time>
<extensions>
<gpxtpx:TrackPointExtension>
<gpxtpx:hr>176</gpxtpx:hr>
</gpxtpx:TrackPointExtension>
</extensions>
</trkpt>
<trkpt lat="36.7547823" lon="128.0325805">
<ele>630.435</ele>
<time>2025-05-17T09:56:04Z</time>
<extensions>
<gpxtpx:TrackPointExtension>
<gpxtpx:hr>176</gpxtpx:hr>
</gpxtpx:TrackPointExtension>
</extensions>
</trkpt>
<trkpt lat="36.7547771" lon="128.0325695">
<ele>630.68</ele>
<time>2025-05-17T09:56:05Z</time>
<extensions>
<gpxtpx:TrackPointExtension>
<gpxtpx:hr>175</gpxtpx:hr>
</gpxtpx:TrackPointExtension>
</extensions>
</trkpt>
<trkpt lat="36.754777" lon="128.03256">
<ele>630.717</ele>
<time>2025-05-17T09:56:06Z</time>
<extensions>
<gpxtpx:TrackPointExtension>
<gpxtpx:hr>175</gpxtpx:hr>
</gpxtpx:TrackPointExtension>
</extensions>
</trkpt>
<trkpt lat="36.7547761" lon="128.0325556">
<ele>630.794</ele>
<time>2025-05-17T09:56:07Z</time>
<extensions>
<gpxtpx:TrackPointExtension>
<gpxtpx:hr>175</gpxtpx:hr>
</gpxtpx:TrackPointExtension>
</extensions>
</trkpt>
<trkpt lat="36.7547719" lon="128.0325527">
<ele>630.841</ele>
<time>2025-05-17T09:56:08Z</time>
<extensions>
<gpxtpx:TrackPointExtension>
<gpxtpx:hr>175</gpxtpx:hr>
</gpxtpx:TrackPointExtension>
</extensions>
</trkpt>
<trkpt lat="36.7547723" lon="128.0325578">
<ele>630.767</ele>
<time>2025-05-17T09:56:09Z</time>
<extensions>
<gpxtpx:TrackPointExtension>
<gpxtpx:hr>175</gpxtpx:hr>
</gpxtpx:TrackPointExtension>
</extensions>
</trkpt>
<trkpt lat="36.7547724" lon="128.032558">
<ele>631.064</ele>
<time>2025-05-17T09:56:10Z</time>
<extensions>
<gpxtpx:TrackPointExtension>
<gpxtpx:hr>174</gpxtpx:hr>
</gpxtpx:TrackPointExtension>
</extensions>
</trkpt>
<trkpt lat="36.7547737" lon="128.0325575">
<ele>631.271</ele>
<time>2025-05-17T09:56:11Z</time>
<extensions>
<gpxtpx:TrackPointExtension>
<gpxtpx:hr>173</gpxtpx:hr>
</gpxtpx:TrackPointExtension>
</extensions>
</trkpt>
<trkpt lat="36.7547735" lon="128.0325552">
<ele>631.685</ele>
<time>2025-05-17T09:56:12Z</time>
<extensions>
<gpxtpx:TrackPointExtension>
<gpxtpx:hr>172</gpxtpx:hr>
</gpxtpx:TrackPointExtension>
</extensions>
</trkpt>
<trkpt lat="36.754777" lon="128.0325514">
<ele>632.158</ele>
<time>2025-05-17T09:56:13Z</time>
<extensions>
<gpxtpx:TrackPointExtension>
<gpxtpx:hr>171</gpxtpx:hr>
</gpxtpx:TrackPointExtension>
</extensions>
</trkpt>
<trkpt lat="36.7547761" lon="128.0325497">
<ele>632.019</ele>
<time>2025-05-17T09:56:14Z</time>
<extensions>
<gpxtpx:TrackPointExtension>
<gpxtpx:hr>171</gpxtpx:hr>
</gpxtpx:TrackPointExtension>
</extensions>
</trkpt>
<trkpt lat="36.7547789" lon="128.0325416">
<ele>631.916</ele>
<time>2025-05-17T09:56:15Z</time>
<extensions>
<gpxtpx:TrackPointExtension>
<gpxtpx:hr>171</gpxtpx:hr>
</gpxtpx:TrackPointExtension>
</extensions>
</trkpt>
<trkpt lat="36.7547707" lon="128.0325317">
<ele>631.983</ele>
<time>2025-05-17T09:56:16Z</time>
<extensions>
<gpxtpx:TrackPointExtension>
<gpxtpx:hr>171</gpxtpx:hr>
</gpxtpx:TrackPointExtension>
</extensions>
</trkpt>
<trkpt lat="36.7547676" lon="128.0325275">
<ele>632.307</ele>
<time>2025-05-17T09:56:17Z</time>
<extensions>
<gpxtpx:TrackPointExtension>
<gpxtpx:hr>171</gpxtpx:hr>
</gpxtpx:TrackPointExtension>
</extensions>
</trkpt>
<trkpt lat="36.7547646" lon="128.0325364">
<ele>632.383</ele>
<time>2025-05-17T09:56:18Z</time>
<extensions>
<gpxtpx:TrackPointExtension>
<gpxtpx:hr>171</gpxtpx:hr>
</gpxtpx:TrackPointExtension>
</extensions>
</trkpt>
<trkpt lat="36.75476" lon="128.0325463">
<ele>632.445</ele>
<time>2025-05-17T09:56:19Z</time>
<extensions>
<gpxtpx:TrackPointExtension>
<gpxtpx:hr>170</gpxtpx:hr>
</gpxtpx:TrackPointExtension>
</extensions>
</trkpt>
<trkpt lat="36.7547604" lon="128.0325409">
<ele>632.64</ele>
<time>2025-05-17T09:56:20Z</time>
<extensions>
<gpxtpx:TrackPointExtension>
<gpxtpx:hr>170</gpxtpx:hr>
</gpxtpx:TrackPointExtension>
</extensions>
</trkpt>
<trkpt lat="36.7547627" lon="128.0325441">
<ele>632.935</ele>
<time>2025-05-17T09:56:21Z</time>
<extensions>
<gpxtpx:TrackPointExtension>
<gpxtpx:hr>171</gpxtpx:hr>
</gpxtpx:TrackPointExtension>
</extensions>
</trkpt>
<trkpt lat="36.754768" lon="128.0325538">
<ele>633.179</ele>
<time>2025-05-17T09:56:22Z</time>
<extensions>
<gpxtpx:TrackPointExtension>
<gpxtpx:hr>171</gpxtpx:hr>
</gpxtpx:TrackPointExtension>
</extensions>
</trkpt>
<trkpt lat="36.75477" lon="128.0325599">
<ele>633.525</ele>
<time>2025-05-17T09:56:23Z</time>
<extensions>
<gpxtpx:TrackPointExtension>
<gpxtpx:hr>170</gpxtpx:hr>
</gpxtpx:TrackPointExtension>
</extensions>
</trkpt>
<trkpt lat="36.7547741" lon="128.0325658">
<ele>633.904</ele>
<time>2025-05-17T09:56:24Z</time>
<extensions>
<gpxtpx:TrackPointExtension>
<gpxtpx:hr>170</gpxtpx:hr>
</gpxtpx:TrackPointExtension>
</extensions>
</trkpt>
<trkpt lat="36.7547749" lon="128.0325581">
<ele>634.126</ele>
<time>2025-05-17T09:56:25Z</time>
<extensions>
<gpxtpx:TrackPointExtension>
<gpxtpx:hr>170</gpxtpx:hr>
</gpxtpx:TrackPointExtension>
</extensions>
</trkpt>
<trkpt lat="36.7547718" lon="128.0325442">
<ele>634.265</ele>
<time>2025-05-17T09:56:26Z</time>
<extensions>
<gpxtpx:TrackPointExtension>
<gpxtpx:hr>170</gpxtpx:hr>
</gpxtpx:TrackPointExtension>
</extensions>
</trkpt>
<trkpt lat="36.7547688" lon="128.0325342">
<ele>634.434</ele>
<time>2025-05-17T09:56:27Z</time>
<extensions>
<gpxtpx:TrackPointExtension>
<gpxtpx:hr>171</gpxtpx:hr>
</gpxtpx:TrackPointExtension>
</extensions>
</trkpt>
<trkpt lat="36.7547633" lon="128.0325345">
<ele>634.435</ele>
<time>2025-05-17T09:56:28Z</time>
<extensions>
<gpxtpx:TrackPointExtension>
<gpxtpx:hr>171</gpxtpx:hr>
</gpxtpx:TrackPointExtension>
</extensions>
</trkpt>
<trkpt lat="36.7547588" lon="128.0325316">
<ele>634.44</ele>
<time>2025-05-17T09:56:29Z</time>
<extensions>
<gpxtpx:TrackPointExtension>
<gpxtpx:hr>172</gpxtpx:hr>
</gpxtpx:TrackPointExtension>
</extensions>
</trkpt>
<trkpt lat="36.7547589" lon="128.0325248">
<ele>634.424</ele>
<time>2025-05-17T09:56:30Z</time>
<extensions>
<gpxtpx:TrackPointExtension>
<gpxtpx:hr>173</gpxtpx:hr>
</gpxtpx:TrackPointExtension>
</extensions>
</trkpt>
<trkpt lat="36.7547574" lon="128.0325126">
<ele>634.5</ele>
<time>2025-05-17T09:56:31Z</time>
<extensions>
<gpxtpx:TrackPointExtension>
<gpxtpx:hr>173</gpxtpx:hr>
</gpxtpx:TrackPointExtension>
</extensions>
</trkpt>
<trkpt lat="36.7547585" lon="128.032512">
<ele>634.563</ele>
<time>2025-05-17T09:56:32Z</time>
<extensions>
<gpxtpx:TrackPointExtension>
<gpxtpx:hr>174</gpxtpx:hr>
</gpxtpx:TrackPointExtension>
</extensions>
</trkpt>
<trkpt lat="36.7547543" lon="128.0325107">
<ele>634.608</ele>
<time>2025-05-17T09:56:33Z</time>
<extensions>
<gpxtpx:TrackPointExtension>
<gpxtpx:hr>175</gpxtpx:hr>
</gpxtpx:TrackPointExtension>
</extensions>
</trkpt>
<trkpt lat="36.7547533" lon="128.0325021">
<ele>634.683</ele>
<time>2025-05-17T09:56:34Z</time>
<extensions>
<gpxtpx:TrackPointExtension>
<gpxtpx:hr>175</gpxtpx:hr>
</gpxtpx:TrackPointExtension>
</extensions>
</trkpt>
<trkpt lat="36.7547525" lon="128.0324958">
<ele>634.851</ele>
<time>2025-05-17T09:56:35Z</time>
<extensions>
<gpxtpx:TrackPointExtension>
<gpxtpx:hr>176</gpxtpx:hr>
</gpxtpx:TrackPointExtension>
</extensions>
</trkpt>
<trkpt lat="36.7547492" lon="128.0324905">
<ele>635.132</ele>
<time>2025-05-17T09:56:36Z</time>
<extensions>
<gpxtpx:TrackPointExtension>
<gpxtpx:hr>177</gpxtpx:hr>
</gpxtpx:TrackPointExtension>
</extensions>
</trkpt>
<trkpt lat="36.7547479" lon="128.0324881">
<ele>635.355</ele>
<time>2025-05-17T09:56:37Z</time>
<extensions>
<gpxtpx:TrackPointExtension>
<gpxtpx:hr>177</gpxtpx:hr>
</gpxtpx:TrackPointExtension>
</extensions>
</trkpt>
<trkpt lat="36.7547489" lon="128.0324781">
<ele>635.484</ele>
<time>2025-05-17T09:56:38Z</time>
<extensions>
<gpxtpx:TrackPointExtension>
<gpxtpx:hr>178</gpxtpx:hr>
</gpxtpx:TrackPointExtension>
</extensions>
</trkpt>
<trkpt lat="36.7547507" lon="128.0324709">
<ele>635.499</ele>
<time>2025-05-17T09:56:39Z</time>
<extensions>
<gpxtpx:TrackPointExtension>
<gpxtpx:hr>178</gpxtpx:hr>
</gpxtpx:TrackPointExtension>
</extensions>
</trkpt>
<trkpt lat="36.7547536" lon="128.0324704">
<ele>635.459</ele>
<time>2025-05-17T09:56:40Z</time>
<extensions>
<gpxtpx:TrackPointExtension>
<gpxtpx:hr>177</gpxtpx:hr>
</gpxtpx:TrackPointExtension>
</extensions>
</trkpt>
<trkpt lat="36.7547554" lon="128.0324716">
<ele>635.546</ele>
<time>2025-05-17T09:56:41Z</time>
<extensions>
<gpxtpx:TrackPointExtension>
<gpxtpx:hr>177</gpxtpx:hr>
</gpxtpx:TrackPointExtension>
</extensions>
</trkpt>
<trkpt lat="36.7547594" lon="128.0324756">
<ele>635.492</ele>
<time>2025-05-17T09:56:42Z</time>
<extensions>
<gpxtpx:TrackPointExtension>
<gpxtpx:hr>177</gpxtpx:hr>
</gpxtpx:TrackPointExtension>
</extensions>
</trkpt>
<trkpt lat="36.7547607" lon="128.0324786">
<ele>635.499</ele>
<time>2025-05-17T09:56:43Z</time>
<extensions>
<gpxtpx:TrackPointExtension>
<gpxtpx:hr>178</gpxtpx:hr>
</gpxtpx:TrackPointExtension>
</extensions>
</trkpt>
<trkpt lat="36.7547614" lon="128.0324783">
<ele>635.513</ele>
<time>2025-05-17T09:56:44Z</time>
<extensions>
<gpxtpx:TrackPointExtension>
<gpxtpx:hr>178</gpxtpx:hr>
</gpxtpx:TrackPointExtension>
</extensions>
</trkpt>
<trkpt lat="36.7547661" lon="128.0324846">
<ele>635.612</ele>
<time>2025-05-17T09:56:45Z</time>
<extensions>
<gpxtpx:TrackPointExtension>
<gpxtpx:hr>177</gpxtpx:hr>
</gpxtpx:TrackPointExtension>
</extensions>
</trkpt>
<trkpt lat="36.754772" lon="128.0324843">
<ele>635.51</ele>
<time>2025-05-17T09:56:46Z</time>
<extensions>
<gpxtpx:TrackPointExtension>
<gpxtpx:hr>176</gpxtpx:hr>
</gpxtpx:TrackPointExtension>
</extensions>
</trkpt>
<trkpt lat="36.7547731" lon="128.0324866">
<ele>635.514</ele>
<time>2025-05-17T09:56:47Z</time>
<extensions>
<gpxtpx:TrackPointExtension>
<gpxtpx:hr>176</gpxtpx:hr>
</gpxtpx:TrackPointExtension>
</extensions>
</trkpt>
<trkpt lat="36.7547786" lon="128.0324889">
<ele>635.584</ele>
<time>2025-05-17T09:56:48Z</time>
<extensions>
<gpxtpx:TrackPointExtension>
<gpxtpx:hr>176</gpxtpx:hr>
</gpxtpx:TrackPointExtension>
</extensions>
</trkpt>
<trkpt lat="36.7547833" lon="128.032493">
<ele>635.572</ele>
<time>2025-05-17T09:56:49Z</time>
<extensions>
<gpxtpx:TrackPointExtension>
<gpxtpx:hr>175</gpxtpx:hr>
</gpxtpx:TrackPointExtension>
</extensions>
</trkpt>
<trkpt lat="36.7547843" lon="128.0325006">
<ele>635.739</ele>
<time>2025-05-17T09:56:50Z</time>
<extensions>
<gpxtpx:TrackPointExtension>
<gpxtpx:hr>176</gpxtpx:hr>
</gpxtpx:TrackPointExtension>
</extensions>
</trkpt>
<trkpt lat="36.7547887" lon="128.0324805">
<ele>635.954</ele>
<time>2025-05-17T09:56:51Z</time>
<extensions>
<gpxtpx:TrackPointExtension>
<gpxtpx:hr>176</gpxtpx:hr>
</gpxtpx:TrackPointExtension>
</extensions>
</trkpt>
<trkpt lat="36.7547906" lon="128.0324914">
<ele>636.173</ele>
<time>2025-05-17T09:56:52Z</time>
<extensions>
<gpxtpx:TrackPointExtension>
<gpxtpx:hr>176</gpxtpx:hr>
</gpxtpx:TrackPointExtension>
</extensions>
</trkpt>
<trkpt lat="36.7547918" lon="128.0324983">
<ele>636.463</ele>
<time>2025-05-17T09:56:53Z</time>
<extensions>
<gpxtpx:TrackPointExtension>
<gpxtpx:hr>176</gpxtpx:hr>
</gpxtpx:TrackPointExtension>
</extensions>
</trkpt>
<trkpt lat="36.7547919" lon="128.0325035">
<ele>636.648</ele>
<time>2025-05-17T09:56:54Z</time>
</trkpt>
<trkpt lat="36.7547907" lon="128.032505">
<ele>636.839</ele>
<time>2025-05-17T09:56:55Z</time>
<extensions>
<gpxtpx:TrackPointExtension>
<gpxtpx:hr>176</gpxtpx:hr>
</gpxtpx:TrackPointExtension>
</extensions>
</trkpt>
<trkpt lat="36.754775" lon="128.0325035">
<ele>636.845</ele>
<time>2025-05-17T09:56:56Z</time>
<extensions>
<gpxtpx:TrackPointExtension>
<gpxtpx:hr>176</gpxtpx:hr>
</gpxtpx:TrackPointExtension>
</extensions>
</trkpt>
<trkpt lat="36.7547665" lon="128.0325104">
<ele>636.84</ele>
<time>2025-05-17T09:56:57Z</time>
<extensions>
<gpxtpx:TrackPointExtension>
<gpxtpx:hr>175</gpxtpx:hr>
</gpxtpx:TrackPointExtension>
</extensions>
</trkpt>
<trkpt lat="36.754764" lon="128.0325155">
<ele>636.97</ele>
<time>2025-05-17T09:56:58Z</time>
<extensions>
<gpxtpx:TrackPointExtension>
<gpxtpx:hr>175</gpxtpx:hr>
</gpxtpx:TrackPointExtension>
</extensions>
</trkpt>
<trkpt lat="36.7547631" lon="128.0325179">
<ele>637.205</ele>
<time>2025-05-17T09:56:59Z</time>
<extensions>
<gpxtpx:TrackPointExtension>
<gpxtpx:hr>175</gpxtpx:hr>
</gpxtpx:TrackPointExtension>
</extensions>
</trkpt>
<trkpt lat="36.754762" lon="128.0325166">
<ele>637.376</ele>
<time>2025-05-17T09:57:00Z</time>
<extensions>
<gpxtpx:TrackPointExtension>
<gpxtpx:hr>175</gpxtpx:hr>
</gpxtpx:TrackPointExtension>
</extensions>
</trkpt>
<trkpt lat="36.7547673" lon="128.0325126">
<ele>637.473</ele>
<time>2025-05-17T09:57:01Z</time>
<extensions>
<gpxtpx:TrackPointExtension>
<gpxtpx:hr>175</gpxtpx:hr>
</gpxtpx:TrackPointExtension>
</extensions>
</trkpt>
<trkpt lat="36.7547689" lon="128.0325114">
<ele>637.73</ele>
<time>2025-05-17T09:57:02Z</time>
<extensions>
<gpxtpx:TrackPointExtension>
<gpxtpx:hr>175</gpxtpx:hr>
</gpxtpx:TrackPointExtension>
</extensions>
</trkpt>
<trkpt lat="36.754771" lon="128.0325116">
<ele>638.134</ele>
<time>2025-05-17T09:57:03Z</time>
<extensions>
<gpxtpx:TrackPointExtension>
<gpxtpx:hr>175</gpxtpx:hr>
</gpxtpx:TrackPointExtension>
</extensions>
</trkpt>
<trkpt lat="36.7547744" lon="128.03251">
<ele>638.415</ele>
<time>2025-05-17T09:57:04Z</time>
<extensions>
<gpxtpx:TrackPointExtension>
<gpxtpx:hr>175</gpxtpx:hr>
</gpxtpx:TrackPointExtension>
</extensions>
</trkpt>
<trkpt lat="36.7547741" lon="128.0325095">
<ele>638.644</ele>
<time>2025-05-17T09:57:05Z</time>
<extensions>
<gpxtpx:TrackPointExtension>
<gpxtpx:hr>175</gpxtpx:hr>
</gpxtpx:TrackPointExtension>
</extensions>
</trkpt>
<trkpt lat="36.7547698" lon="128.0325005">
<ele>638.854</ele>
<time>2025-05-17T09:57:06Z</time>
<extensions>
<gpxtpx:TrackPointExtension>
<gpxtpx:hr>176</gpxtpx:hr>
</gpxtpx:TrackPointExtension>
</extensions>
</trkpt>
<trkpt lat="36.7547637" lon="128.0324959">
<ele>639.067</ele>
<time>2025-05-17T09:57:07Z</time>
<extensions>
<gpxtpx:TrackPointExtension>
<gpxtpx:hr>176</gpxtpx:hr>
</gpxtpx:TrackPointExtension>
</extensions>
</trkpt>
<trkpt lat="36.7547573" lon="128.0324949">
<ele>639.335</ele>
<time>2025-05-17T09:57:08Z</time>
<extensions>
<gpxtpx:TrackPointExtension>
<gpxtpx:hr>176</gpxtpx:hr>
</gpxtpx:TrackPointExtension>
</extensions>
</trkpt>
<trkpt lat="36.7547452" lon="128.032488">
<ele>639.635</ele>
<time>2025-05-17T09:57:09Z</time>
<extensions>
<gpxtpx:TrackPointExtension>
<gpxtpx:hr>175</gpxtpx:hr>
</gpxtpx:TrackPointExtension>
</extensions>
</trkpt>
<trkpt lat="36.7547421" lon="128.0324813">
<ele>640.126</ele>
<time>2025-05-17T09:57:10Z</time>
<extensions>
<gpxtpx:TrackPointExtension>
<gpxtpx:hr>176</gpxtpx:hr>
</gpxtpx:TrackPointExtension>
</extensions>
</trkpt>
<trkpt lat="36.7547355" lon="128.0324758">
<ele>640.186</ele>
<time>2025-05-17T09:57:11Z</time>
<extensions>
<gpxtpx:TrackPointExtension>
<gpxtpx:hr>176</gpxtpx:hr>
</gpxtpx:TrackPointExtension>
</extensions>
</trkpt>
<trkpt lat="36.7547324" lon="128.0324713">
<ele>640.24</ele>
<time>2025-05-17T09:57:12Z</time>
<extensions>
<gpxtpx:TrackPointExtension>
<gpxtpx:hr>176</gpxtpx:hr>
</gpxtpx:TrackPointExtension>
</extensions>
</trkpt>
<trkpt lat="36.754728" lon="128.0324689">
<ele>640.252</ele>
<time>2025-05-17T09:57:13Z</time>
<extensions>
<gpxtpx:TrackPointExtension>
<gpxtpx:hr>176</gpxtpx:hr>
</gpxtpx:TrackPointExtension>
</extensions>
</trkpt>
<trkpt lat="36.7547254" lon="128.0324702">
<ele>640.275</ele>
<time>2025-05-17T09:57:14Z</time>
<extensions>
<gpxtpx:TrackPointExtension>
<gpxtpx:hr>176</gpxtpx:hr>
</gpxtpx:TrackPointExtension>
</extensions>
</trkpt>
<trkpt lat="36.7547241" lon="128.0324712">
<ele>640.438</ele>
<time>2025-05-17T09:57:15Z</time>
<extensions>
<gpxtpx:TrackPointExtension>
<gpxtpx:hr>176</gpxtpx:hr>
</gpxtpx:TrackPointExtension>
</extensions>
</trkpt>
<trkpt lat="36.7547298" lon="128.0324718">
<ele>640.893</ele>
<time>2025-05-17T09:57:16Z</time>
<extensions>
<gpxtpx:TrackPointExtension>
<gpxtpx:hr>176</gpxtpx:hr>
</gpxtpx:TrackPointExtension>
</extensions>
</trkpt>
<trkpt lat="36.7547318" lon="128.0324702">
<ele>641.448</ele>
<time>2025-05-17T09:57:17Z</time>
<extensions>
<gpxtpx:TrackPointExtension>
<gpxtpx:hr>176</gpxtpx:hr>
</gpxtpx:TrackPointExtension>
</extensions>
</trkpt>
<trkpt lat="36.7547348" lon="128.0324748">
<ele>641.542</ele>
<time>2025-05-17T09:57:18Z</time>
<extensions>
<gpxtpx:TrackPointExtension>
<gpxtpx:hr>176</gpxtpx:hr>
</gpxtpx:TrackPointExtension>
</extensions>
</trkpt>
<trkpt lat="36.7547366" lon="128.032481">
<ele>641.616</ele>
<time>2025-05-17T09:57:19Z</time>
<extensions>
<gpxtpx:TrackPointExtension>
<gpxtpx:hr>176</gpxtpx:hr>
</gpxtpx:TrackPointExtension>
</extensions>
</trkpt>
<trkpt lat="36.7547373" lon="128.0324909">
<ele>641.746</ele>
<time>2025-05-17T09:57:20Z</time>
<extensions>
<gpxtpx:TrackPointExtension>
<gpxtpx:hr>176</gpxtpx:hr>
</gpxtpx:TrackPointExtension>
</extensions>
</trkpt>
<trkpt lat="36.7547373" lon="128.0324944">
<ele>641.977</ele>
<time>2025-05-17T09:57:21Z</time>
<extensions>
<gpxtpx:TrackPointExtension>
<gpxtpx:hr>176</gpxtpx:hr>
</gpxtpx:TrackPointExtension>
</extensions>
</trkpt>
<trkpt lat="36.7547451" lon="128.0324987">
<ele>642.277</ele>
<time>2025-05-17T09:57:22Z</time>
<extensions>
<gpxtpx:TrackPointExtension>
<gpxtpx:hr>176</gpxtpx:hr>
</gpxtpx:TrackPointExtension>
</extensions>
</trkpt>
<trkpt lat="36.7547506" lon="128.032493">
<ele>642.504</ele>
<time>2025-05-17T09:57:23Z</time>
<extensions>
<gpxtpx:TrackPointExtension>
<gpxtpx:hr>176</gpxtpx:hr>
</gpxtpx:TrackPointExtension>
</extensions>
</trkpt>
<trkpt lat="36.7547534" lon="128.0324876">
<ele>642.757</ele>
<time>2025-05-17T09:57:24Z</time>
<extensions>
<gpxtpx:TrackPointExtension>
<gpxtpx:hr>175</gpxtpx:hr>
</gpxtpx:TrackPointExtension>
</extensions>
</trkpt>
<trkpt lat="36.754754" lon="128.032487">
<ele>642.932</ele>
<time>2025-05-17T09:57:25Z</time>
<extensions>
<gpxtpx:TrackPointExtension>
<gpxtpx:hr>175</gpxtpx:hr>
</gpxtpx:TrackPointExtension>
</extensions>
</trkpt>
<trkpt lat="36.7547512" lon="128.032478">
<ele>643.125</ele>
<time>2025-05-17T09:57:26Z</time>
<extensions>
<gpxtpx:TrackPointExtension>
<gpxtpx:hr>175</gpxtpx:hr>
</gpxtpx:TrackPointExtension>
</extensions>
</trkpt>
<trkpt lat="36.7547528" lon="128.0324674">
<ele>643.362</ele>
<time>2025-05-17T09:57:27Z</time>
<extensions>
<gpxtpx:TrackPointExtension>
<gpxtpx:hr>175</gpxtpx:hr>
</gpxtpx:TrackPointExtension>
</extensions>
</trkpt>
<trkpt lat="36.7547528" lon="128.0324661">
<ele>643.566</ele>
<time>2025-05-17T09:57:28Z</time>
<extensions>
<gpxtpx:TrackPointExtension>
<gpxtpx:hr>176</gpxtpx:hr>
</gpxtpx:TrackPointExtension>
</extensions>
</trkpt>
<trkpt lat="36.7547546" lon="128.032465">
<ele>643.691</ele>
<time>2025-05-17T09:57:29Z</time>
<extensions>
<gpxtpx:TrackPointExtension>
<gpxtpx:hr>176</gpxtpx:hr>
</gpxtpx:TrackPointExtension>
</extensions>
</trkpt>
<trkpt lat="36.754758" lon="128.032467">
<ele>643.805</ele>
<time>2025-05-17T09:57:30Z</time>
<extensions>
<gpxtpx:TrackPointExtension>
<gpxtpx:hr>176</gpxtpx:hr>
</gpxtpx:TrackPointExtension>
</extensions>
</trkpt>
<trkpt lat="36.7547621" lon="128.0324714">
<ele>643.884</ele>
<time>2025-05-17T09:57:31Z</time>
<extensions>
<gpxtpx:TrackPointExtension>
<gpxtpx:hr>176</gpxtpx:hr>
</gpxtpx:TrackPointExtension>
</extensions>
</trkpt>
<trkpt lat="36.754765" lon="128.0324804">
<ele>644.06</ele>
<time>2025-05-17T09:57:32Z</time>
<extensions>
<gpxtpx:TrackPointExtension>
<gpxtpx:hr>176</gpxtpx:hr>
</gpxtpx:TrackPointExtension>
</extensions>
</trkpt>
<trkpt lat="36.7547734" lon="128.0324916">
<ele>644.283</ele>
<time>2025-05-17T09:57:33Z</time>
<extensions>
<gpxtpx:TrackPointExtension>
<gpxtpx:hr>176</gpxtpx:hr>
</gpxtpx:TrackPointExtension>
</extensions>
</trkpt>
<trkpt lat="36.7547798" lon="128.0324991">
<ele>644.529</ele>
<time>2025-05-17T09:57:34Z</time>
<extensions>
<gpxtpx:TrackPointExtension>
<gpxtpx:hr>176</gpxtpx:hr>
</gpxtpx:TrackPointExtension>
</extensions>
</trkpt>
<trkpt lat="36.754784" lon="128.0325047">
<ele>644.616</ele>
<time>2025-05-17T09:57:35Z</time>
<extensions>
<gpxtpx:TrackPointExtension>
<gpxtpx:hr>176</gpxtpx:hr>
</gpxtpx:TrackPointExtension>
</extensions>
</trkpt>
<trkpt lat="36.7547889" lon="128.0325064">
<ele>644.74</ele>
<time>2025-05-17T09:57:36Z</time>
<extensions>
<gpxtpx:TrackPointExtension>
<gpxtpx:hr>177</gpxtpx:hr>
</gpxtpx:TrackPointExtension>
</extensions>
</trkpt>
<trkpt lat="36.7547928" lon="128.0325064">
<ele>644.992</ele>
<time>2025-05-17T09:57:37Z</time>
<extensions>
<gpxtpx:TrackPointExtension>
<gpxtpx:hr>177</gpxtpx:hr>
</gpxtpx:TrackPointExtension>
</extensions>
</trkpt>
<trkpt lat="36.7547962" lon="128.0325035">
<ele>645.188</ele>
<time>2025-05-17T09:57:38Z</time>
<extensions>
<gpxtpx:TrackPointExtension>
<gpxtpx:hr>177</gpxtpx:hr>
</gpxtpx:TrackPointExtension>
</extensions>
</trkpt>
<trkpt lat="36.7548021" lon="128.0324946">
<ele>645.392</ele>
<time>2025-05-17T09:57:39Z</time>
<extensions>
<gpxtpx:TrackPointExtension>
<gpxtpx:hr>178</gpxtpx:hr>
</gpxtpx:TrackPointExtension>
</extensions>
</trkpt>
<trkpt lat="36.7548056" lon="128.0324827">
<ele>645.58</ele>
<time>2025-05-17T09:57:40Z</time>
<extensions>
<gpxtpx:TrackPointExtension>
<gpxtpx:hr>178</gpxtpx:hr>
</gpxtpx:TrackPointExtension>
</extensions>
</trkpt>
<trkpt lat="36.7548071" lon="128.0324734">
<ele>645.772</ele>
<time>2025-05-17T09:57:41Z</time>
<extensions>
<gpxtpx:TrackPointExtension>
<gpxtpx:hr>178</gpxtpx:hr>
</gpxtpx:TrackPointExtension>
</extensions>
</trkpt>
<trkpt lat="36.7548096" lon="128.0324633">
<ele>645.964</ele>
<time>2025-05-17T09:57:42Z</time>
<extensions>
<gpxtpx:TrackPointExtension>
<gpxtpx:hr>178</gpxtpx:hr>
</gpxtpx:TrackPointExtension>
</extensions>
</trkpt>
<trkpt lat="36.7548126" lon="128.0324575">
<ele>646.158</ele>
<time>2025-05-17T09:57:43Z</time>
<extensions>
<gpxtpx:TrackPointExtension>
<gpxtpx:hr>179</gpxtpx:hr>
</gpxtpx:TrackPointExtension>
</extensions>
</trkpt>
<trkpt lat="36.7548151" lon="128.0324487">
<ele>646.39</ele>
<time>2025-05-17T09:57:44Z</time>
<extensions>
<gpxtpx:TrackPointExtension>
<gpxtpx:hr>179</gpxtpx:hr>
</gpxtpx:TrackPointExtension>
</extensions>
</trkpt>
<trkpt lat="36.7548193" lon="128.0324398">
<ele>646.566</ele>
<time>2025-05-17T09:57:45Z</time>
<extensions>
<gpxtpx:TrackPointExtension>
<gpxtpx:hr>179</gpxtpx:hr>
</gpxtpx:TrackPointExtension>
</extensions>
</trkpt>
<trkpt lat="36.7548254" lon="128.0324349">
<ele>646.662</ele>
<time>2025-05-17T09:57:46Z</time>
<extensions>
<gpxtpx:TrackPointExtension>
<gpxtpx:hr>179</gpxtpx:hr>
</gpxtpx:TrackPointExtension>
</extensions>
</trkpt>
<trkpt lat="36.7548205" lon="128.0324302">
<ele>646.756</ele>
<time>2025-05-17T09:57:47Z</time>
<extensions>
<gpxtpx:TrackPointExtension>
<gpxtpx:hr>178</gpxtpx:hr>
</gpxtpx:TrackPointExtension>
</extensions>
</trkpt>
<trkpt lat="36.7548193" lon="128.0324263">
<ele>646.891</ele>
<time>2025-05-17T09:57:48Z</time>
<extensions>
<gpxtpx:TrackPointExtension>
<gpxtpx:hr>178</gpxtpx:hr>
</gpxtpx:TrackPointExtension>
</extensions>
</trkpt>
<trkpt lat="36.7548163" lon="128.0324244">
<ele>647.064</ele>
<time>2025-05-17T09:57:49Z</time>
<extensions>
<gpxtpx:TrackPointExtension>
<gpxtpx:hr>178</gpxtpx:hr>
</gpxtpx:TrackPointExtension>
</extensions>
</trkpt>
<trkpt lat="36.7548155" lon="128.0324252">
<ele>647.121</ele>
<time>2025-05-17T09:57:50Z</time>
<extensions>
<gpxtpx:TrackPointExtension>
<gpxtpx:hr>179</gpxtpx:hr>
</gpxtpx:TrackPointExtension>
</extensions>
</trkpt>
<trkpt lat="36.7548166" lon="128.0324291">
<ele>647.277</ele>
<time>2025-05-17T09:57:51Z</time>
<extensions>
<gpxtpx:TrackPointExtension>
<gpxtpx:hr>179</gpxtpx:hr>
</gpxtpx:TrackPointExtension>
</extensions>
</trkpt>
<trkpt lat="36.7548179" lon="128.0324339">
<ele>647.447</ele>
<time>2025-05-17T09:57:52Z</time>
<extensions>
<gpxtpx:TrackPointExtension>
<gpxtpx:hr>179</gpxtpx:hr>
</gpxtpx:TrackPointExtension>
</extensions>
</trkpt>
<trkpt lat="36.754818" lon="128.0324335">
<ele>647.63</ele>
<time>2025-05-17T09:57:53Z</time>
<extensions>
<gpxtpx:TrackPointExtension>
<gpxtpx:hr>179</gpxtpx:hr>
</gpxtpx:TrackPointExtension>
</extensions>
</trkpt>
<trkpt lat="36.7548138" lon="128.032432">
<ele>647.735</ele>
<time>2025-05-17T09:57:54Z</time>
<extensions>
<gpxtpx:TrackPointExtension>
<gpxtpx:hr>179</gpxtpx:hr>
</gpxtpx:TrackPointExtension>
</extensions>
</trkpt>
<trkpt lat="36.7548083" lon="128.032431">
<ele>647.813</ele>
<time>2025-05-17T09:57:55Z</time>
<extensions>
<gpxtpx:TrackPointExtension>
<gpxtpx:hr>180</gpxtpx:hr>
</gpxtpx:TrackPointExtension>
</extensions>
</trkpt>
<trkpt lat="36.7548077" lon="128.0324312">
<ele>647.938</ele>
<time>2025-05-17T09:57:56Z</time>
<extensions>
<gpxtpx:TrackPointExtension>
<gpxtpx:hr>180</gpxtpx:hr>
</gpxtpx:TrackPointExtension>
</extensions>
</trkpt>
<trkpt lat="36.7548082" lon="128.0324333">
<ele>648.224</ele>
<time>2025-05-17T09:57:57Z</time>
<extensions>
<gpxtpx:TrackPointExtension>
<gpxtpx:hr>180</gpxtpx:hr>
</gpxtpx:TrackPointExtension>
</extensions>
</trkpt>
<trkpt lat="36.7548103" lon="128.0324339">
<ele>648.399</ele>
<time>2025-05-17T09:57:58Z</time>
<extensions>
<gpxtpx:TrackPointExtension>
<gpxtpx:hr>180</gpxtpx:hr>
</gpxtpx:TrackPointExtension>
</extensions>
</trkpt>
<trkpt lat="36.7548155" lon="128.0324343">
<ele>648.482</ele>
<time>2025-05-17T09:57:59Z</time>
<extensions>
<gpxtpx:TrackPointExtension>
<gpxtpx:hr>181</gpxtpx:hr>
</gpxtpx:TrackPointExtension>
</extensions>
</trkpt>
<trkpt lat="36.7548259" lon="128.0324307">
<ele>648.7</ele>
<time>2025-05-17T09:58:00Z</time>
<extensions>
<gpxtpx:TrackPointExtension>
<gpxtpx:hr>180</gpxtpx:hr>
</gpxtpx:TrackPointExtension>
</extensions>
</trkpt>
<trkpt lat="36.7548336" lon="128.0324307">
<ele>649.068</ele>
<time>2025-05-17T09:58:01Z</time>
<extensions>
<gpxtpx:TrackPointExtension>
<gpxtpx:hr>180</gpxtpx:hr>
</gpxtpx:TrackPointExtension>
</extensions>
</trkpt>
<trkpt lat="36.754838" lon="128.0324298">
<ele>649.275</ele>
<time>2025-05-17T09:58:02Z</time>
<extensions>
<gpxtpx:TrackPointExtension>
<gpxtpx:hr>180</gpxtpx:hr>
</gpxtpx:TrackPointExtension>
</extensions>
</trkpt>
<trkpt lat="36.7548401" lon="128.032426">
<ele>649.351</ele>
<time>2025-05-17T09:58:03Z</time>
<extensions>
<gpxtpx:TrackPointExtension>
<gpxtpx:hr>179</gpxtpx:hr>
</gpxtpx:TrackPointExtension>
</extensions>
</trkpt>
<trkpt lat="36.7548406" lon="128.032424">
<ele>649.406</ele>
<time>2025-05-17T09:58:04Z</time>
<extensions>
<gpxtpx:TrackPointExtension>
<gpxtpx:hr>180</gpxtpx:hr>
</gpxtpx:TrackPointExtension>
</extensions>
</trkpt>
<trkpt lat="36.7548441" lon="128.0324238">
<ele>649.394</ele>
<time>2025-05-17T09:58:05Z</time>
<extensions>
<gpxtpx:TrackPointExtension>
<gpxtpx:hr>181</gpxtpx:hr>
</gpxtpx:TrackPointExtension>
</extensions>
</trkpt>
<trkpt lat="36.7548519" lon="128.0324186">
<ele>649.327</ele>
<time>2025-05-17T09:58:06Z</time>
<extensions>
<gpxtpx:TrackPointExtension>
<gpxtpx:hr>181</gpxtpx:hr>
</gpxtpx:TrackPointExtension>
</extensions>
</trkpt>
<trkpt lat="36.7548591" lon="128.0324135">
<ele>649.351</ele>
<time>2025-05-17T09:58:07Z</time>
<extensions>
<gpxtpx:TrackPointExtension>
<gpxtpx:hr>182</gpxtpx:hr>
</gpxtpx:TrackPointExtension>
</extensions>
</trkpt>
<trkpt lat="36.754864" lon="128.0324082">
<ele>649.509</ele>
<time>2025-05-17T09:58:08Z</time>
<extensions>
<gpxtpx:TrackPointExtension>
<gpxtpx:hr>182</gpxtpx:hr>
</gpxtpx:TrackPointExtension>
</extensions>
</trkpt>
<trkpt lat="36.7548655" lon="128.0324046">
<ele>649.744</ele>
<time>2025-05-17T09:58:09Z</time>
<extensions>
<gpxtpx:TrackPointExtension>
<gpxtpx:hr>182</gpxtpx:hr>
</gpxtpx:TrackPointExtension>
</extensions>
</trkpt>
<trkpt lat="36.7548671" lon="128.0323974">
<ele>649.857</ele>
<time>2025-05-17T09:58:10Z</time>
<extensions>
<gpxtpx:TrackPointExtension>
<gpxtpx:hr>183</gpxtpx:hr>
</gpxtpx:TrackPointExtension>
</extensions>
</trkpt>
<trkpt lat="36.7548698" lon="128.0323948">
<ele>650.632</ele>
<time>2025-05-17T09:58:16Z</time>
<extensions>
<gpxtpx:TrackPointExtension>
<gpxtpx:hr>183</gpxtpx:hr>
</gpxtpx:TrackPointExtension>
</extensions>
</trkpt>
<trkpt lat="36.7548693" lon="128.0323946">
<ele>650.714</ele>
<time>2025-05-17T09:58:17Z</time>
<extensions>
<gpxtpx:TrackPointExtension>
<gpxtpx:hr>183</gpxtpx:hr>
</gpxtpx:TrackPointExtension>
</extensions>
</trkpt>
<trkpt lat="36.7548678" lon="128.0323942">
<ele>650.782</ele>
<time>2025-05-17T09:58:18Z</time>
<extensions>
<gpxtpx:TrackPointExtension>
<gpxtpx:hr>183</gpxtpx:hr>
</gpxtpx:TrackPointExtension>
</extensions>
</trkpt>
<trkpt lat="36.7548646" lon="128.0323934">
<ele>650.81</ele>
<time>2025-05-17T09:58:19Z</time>
<extensions>
<gpxtpx:TrackPointExtension>
<gpxtpx:hr>182</gpxtpx:hr>
</gpxtpx:TrackPointExtension>
</extensions>
</trkpt>
<trkpt lat="36.7548676" lon="128.0323967">
<ele>650.836</ele>
<time>2025-05-17T09:58:20Z</time>
<extensions>
<gpxtpx:TrackPointExtension>
<gpxtpx:hr>182</gpxtpx:hr>
</gpxtpx:TrackPointExtension>
</extensions>
</trkpt>
<trkpt lat="36.7548723" lon="128.0324005">
<ele>650.936</ele>
<time>2025-05-17T09:58:21Z</time>
<extensions>
<gpxtpx:TrackPointExtension>
<gpxtpx:hr>182</gpxtpx:hr>
</gpxtpx:TrackPointExtension>
</extensions>
</trkpt>
<trkpt lat="36.754879" lon="128.0324034">
<ele>651.023</ele>
<time>2025-05-17T09:58:22Z</time>
<extensions>
<gpxtpx:TrackPointExtension>
<gpxtpx:hr>181</gpxtpx:hr>
</gpxtpx:TrackPointExtension>
</extensions>
</trkpt>
<trkpt lat="36.7548856" lon="128.0324052">
<ele>651.248</ele>
<time>2025-05-17T09:58:23Z</time>
<extensions>
<gpxtpx:TrackPointExtension>
<gpxtpx:hr>181</gpxtpx:hr>
</gpxtpx:TrackPointExtension>
</extensions>
</trkpt>
<trkpt lat="36.754892" lon="128.0324049">
<ele>651.312</ele>
<time>2025-05-17T09:58:26Z</time>
<extensions>
<gpxtpx:TrackPointExtension>
<gpxtpx:hr>180</gpxtpx:hr>
</gpxtpx:TrackPointExtension>
</extensions>
</trkpt>
<trkpt lat="36.7548964" lon="128.0324044">
<ele>651.288</ele>
<time>2025-05-17T09:58:27Z</time>
<extensions>
<gpxtpx:TrackPointExtension>
<gpxtpx:hr>180</gpxtpx:hr>
</gpxtpx:TrackPointExtension>
</extensions>
</trkpt>
<trkpt lat="36.7549009" lon="128.0324053">
<ele>651.318</ele>
<time>2025-05-17T09:58:28Z</time>
<extensions>
<gpxtpx:TrackPointExtension>
<gpxtpx:hr>179</gpxtpx:hr>
</gpxtpx:TrackPointExtension>
</extensions>
</trkpt>
<trkpt lat="36.7549044" lon="128.0324049">
<ele>651.47</ele>
<time>2025-05-17T09:58:29Z</time>
<extensions>
<gpxtpx:TrackPointExtension>
<gpxtpx:hr>179</gpxtpx:hr>
</gpxtpx:TrackPointExtension>
</extensions>
</trkpt>
<trkpt lat="36.7549129" lon="128.0324042">
<ele>651.768</ele>
<time>2025-05-17T09:58:30Z</time>
<extensions>
<gpxtpx:TrackPointExtension>
<gpxtpx:hr>179</gpxtpx:hr>
</gpxtpx:TrackPointExtension>
</extensions>
</trkpt>
<trkpt lat="36.754919" lon="128.0324054">
<ele>652.018</ele>
<time>2025-05-17T09:58:31Z</time>
</trkpt>
<trkpt lat="36.7549239" lon="128.0324048">
<ele>652.389</ele>
<time>2025-05-17T09:58:32Z</time>
<extensions>
<gpxtpx:TrackPointExtension>
<gpxtpx:hr>179</gpxtpx:hr>
</gpxtpx:TrackPointExtension>
</extensions>
</trkpt>
<trkpt lat="36.7549288" lon="128.0323998">
<ele>652.761</ele>
<time>2025-05-17T09:58:33Z</time>
<extensions>
<gpxtpx:TrackPointExtension>
<gpxtpx:hr>179</gpxtpx:hr>
</gpxtpx:TrackPointExtension>
</extensions>
</trkpt>
<trkpt lat="36.7549337" lon="128.0323975">
<ele>652.885</ele>
<time>2025-05-17T09:58:34Z</time>
<extensions>
<gpxtpx:TrackPointExtension>
<gpxtpx:hr>178</gpxtpx:hr>
</gpxtpx:TrackPointExtension>
</extensions>
</trkpt>
<trkpt lat="36.7549349" lon="128.0323967">
<ele>652.918</ele>
<time>2025-05-17T09:58:35Z</time>
<extensions>
<gpxtpx:TrackPointExtension>
<gpxtpx:hr>178</gpxtpx:hr>
</gpxtpx:TrackPointExtension>
</extensions>
</trkpt>
<trkpt lat="36.7549342" lon="128.0323948">
<ele>653.165</ele>
<time>2025-05-17T09:58:36Z</time>
<extensions>
<gpxtpx:TrackPointExtension>
<gpxtpx:hr>178</gpxtpx:hr>
</gpxtpx:TrackPointExtension>
</extensions>
</trkpt>
<trkpt lat="36.7549329" lon="128.0323932">
<ele>653.21</ele>
<time>2025-05-17T09:58:37Z</time>
<extensions>
<gpxtpx:TrackPointExtension>
<gpxtpx:hr>177</gpxtpx:hr>
</gpxtpx:TrackPointExtension>
</extensions>
</trkpt>
<trkpt lat="36.7549353" lon="128.0323871">
<ele>653.37</ele>
<time>2025-05-17T09:58:38Z</time>
<extensions>
<gpxtpx:TrackPointExtension>
<gpxtpx:hr>177</gpxtpx:hr>
</gpxtpx:TrackPointExtension>
</extensions>
</trkpt>
<trkpt lat="36.7549414" lon="128.0323785">
<ele>653.521</ele>
<time>2025-05-17T09:58:39Z</time>
<extensions>
<gpxtpx:TrackPointExtension>
<gpxtpx:hr>178</gpxtpx:hr>
</gpxtpx:TrackPointExtension>
</extensions>
</trkpt>
<trkpt lat="36.7549384" lon="128.0323731">
<ele>653.521</ele>
<time>2025-05-17T09:58:40Z</time>
<extensions>
<gpxtpx:TrackPointExtension>
<gpxtpx:hr>178</gpxtpx:hr>
</gpxtpx:TrackPointExtension>
</extensions>
</trkpt>
<trkpt lat="36.7549378" lon="128.0323656">
<ele>653.568</ele>
<time>2025-05-17T09:58:41Z</time>
<extensions>
<gpxtpx:TrackPointExtension>
<gpxtpx:hr>178</gpxtpx:hr>
</gpxtpx:TrackPointExtension>
</extensions>
</trkpt>
<trkpt lat="36.7549365" lon="128.0323639">
<ele>653.55</ele>
<time>2025-05-17T09:58:42Z</time>
<extensions>
<gpxtpx:TrackPointExtension>
<gpxtpx:hr>178</gpxtpx:hr>
</gpxtpx:TrackPointExtension>
</extensions>
</trkpt>
<trkpt lat="36.7549312" lon="128.0323591">
<ele>653.817</ele>
<time>2025-05-17T09:58:43Z</time>
<extensions>
<gpxtpx:TrackPointExtension>
<gpxtpx:hr>178</gpxtpx:hr>
</gpxtpx:TrackPointExtension>
</extensions>
</trkpt>
<trkpt lat="36.7549279" lon="128.0323493">
<ele>653.895</ele>
<time>2025-05-17T09:58:44Z</time>
<extensions>
<gpxtpx:TrackPointExtension>
<gpxtpx:hr>178</gpxtpx:hr>
</gpxtpx:TrackPointExtension>
</extensions>
</trkpt>
<trkpt lat="36.7549359" lon="128.0323435">
<ele>654.032</ele>
<time>2025-05-17T09:58:45Z</time>
<extensions>
<gpxtpx:TrackPointExtension>
<gpxtpx:hr>177</gpxtpx:hr>
</gpxtpx:TrackPointExtension>
</extensions>
</trkpt>
<trkpt lat="36.7549304" lon="128.032332">
<ele>654.156</ele>
<time>2025-05-17T09:58:46Z</time>
<extensions>
<gpxtpx:TrackPointExtension>
<gpxtpx:hr>177</gpxtpx:hr>
</gpxtpx:TrackPointExtension>
</extensions>
</trkpt>
<trkpt lat="36.7549311" lon="128.0323225">
<ele>654.268</ele>
<time>2025-05-17T09:58:47Z</time>
<extensions>
<gpxtpx:TrackPointExtension>
<gpxtpx:hr>177</gpxtpx:hr>
</gpxtpx:TrackPointExtension>
</extensions>
</trkpt>
<trkpt lat="36.7549276" lon="128.0323118">
<ele>654.461</ele>
<time>2025-05-17T09:58:48Z</time>
<extensions>
<gpxtpx:TrackPointExtension>
<gpxtpx:hr>177</gpxtpx:hr>
</gpxtpx:TrackPointExtension>
</extensions>
</trkpt>
<trkpt lat="36.7549251" lon="128.0323041">
<ele>654.667</ele>
<time>2025-05-17T09:58:49Z</time>
<extensions>
<gpxtpx:TrackPointExtension>
<gpxtpx:hr>177</gpxtpx:hr>
</gpxtpx:TrackPointExtension>
</extensions>
</trkpt>
<trkpt lat="36.754922" lon="128.0322979">
<ele>654.916</ele>
<time>2025-05-17T09:58:50Z</time>
<extensions>
<gpxtpx:TrackPointExtension>
<gpxtpx:hr>177</gpxtpx:hr>
</gpxtpx:TrackPointExtension>
</extensions>
</trkpt>
<trkpt lat="36.7549236" lon="128.0322919">
<ele>655.278</ele>
<time>2025-05-17T09:58:51Z</time>
<extensions>
<gpxtpx:TrackPointExtension>
<gpxtpx:hr>177</gpxtpx:hr>
</gpxtpx:TrackPointExtension>
</extensions>
</trkpt>
<trkpt lat="36.7549249" lon="128.0322967">
<ele>655.502</ele>
<time>2025-05-17T09:58:52Z</time>
<extensions>
<gpxtpx:TrackPointExtension>
<gpxtpx:hr>177</gpxtpx:hr>
</gpxtpx:TrackPointExtension>
</extensions>
</trkpt>
<trkpt lat="36.7549284" lon="128.032305">
<ele>655.764</ele>
<time>2025-05-17T09:58:53Z</time>
<extensions>
<gpxtpx:TrackPointExtension>
<gpxtpx:hr>177</gpxtpx:hr>
</gpxtpx:TrackPointExtension>
</extensions>
</trkpt>
<trkpt lat="36.754934" lon="128.0323113">
<ele>656.084</ele>
<time>2025-05-17T09:58:54Z</time>
<extensions>
<gpxtpx:TrackPointExtension>
<gpxtpx:hr>177</gpxtpx:hr>
</gpxtpx:TrackPointExtension>
</extensions>
</trkpt>
<trkpt lat="36.7549339" lon="128.0323082">
<ele>656.314</ele>
<time>2025-05-17T09:58:55Z</time>
<extensions>
<gpxtpx:TrackPointExtension>
<gpxtpx:hr>177</gpxtpx:hr>
</gpxtpx:TrackPointExtension>
</extensions>
</trkpt>
<trkpt lat="36.7549364" lon="128.0323065">
<ele>656.553</ele>
<time>2025-05-17T09:58:56Z</time>
<extensions>
<gpxtpx:TrackPointExtension>
<gpxtpx:hr>177</gpxtpx:hr>
</gpxtpx:TrackPointExtension>
</extensions>
</trkpt>
<trkpt lat="36.7549413" lon="128.0323041">
<ele>656.733</ele>
<time>2025-05-17T09:58:57Z</time>
<extensions>
<gpxtpx:TrackPointExtension>
<gpxtpx:hr>178</gpxtpx:hr>
</gpxtpx:TrackPointExtension>
</extensions>
</trkpt>
<trkpt lat="36.7549394" lon="128.0323047">
<ele>656.852</ele>
<time>2025-05-17T09:58:59Z</time>
<extensions>
<gpxtpx:TrackPointExtension>
<gpxtpx:hr>177</gpxtpx:hr>
</gpxtpx:TrackPointExtension>
</extensions>
</trkpt>
<trkpt lat="36.7549398" lon="128.0323089">
<ele>656.858</ele>
<time>2025-05-17T09:59:00Z</time>
<extensions>
<gpxtpx:TrackPointExtension>
<gpxtpx:hr>177</gpxtpx:hr>
</gpxtpx:TrackPointExtension>
</extensions>
</trkpt>
<trkpt lat="36.7549397" lon="128.0323197">
<ele>656.873</ele>
<time>2025-05-17T09:59:01Z</time>
<extensions>
<gpxtpx:TrackPointExtension>
<gpxtpx:hr>177</gpxtpx:hr>
</gpxtpx:TrackPointExtension>
</extensions>
</trkpt>
<trkpt lat="36.7549394" lon="128.0323249">
<ele>657.09</ele>
<time>2025-05-17T09:59:02Z</time>
<extensions>
<gpxtpx:TrackPointExtension>
<gpxtpx:hr>177</gpxtpx:hr>
</gpxtpx:TrackPointExtension>
</extensions>
</trkpt>
<trkpt lat="36.75494" lon="128.0323253">
<ele>657.405</ele>
<time>2025-05-17T09:59:04Z</time>
<extensions>
<gpxtpx:TrackPointExtension>
<gpxtpx:hr>177</gpxtpx:hr>
</gpxtpx:TrackPointExtension>
</extensions>
</trkpt>
<trkpt lat="36.7549414" lon="128.0323258">
<ele>657.547</ele>
<time>2025-05-17T09:59:05Z</time>
<extensions>
<gpxtpx:TrackPointExtension>
<gpxtpx:hr>177</gpxtpx:hr>
</gpxtpx:TrackPointExtension>
</extensions>
</trkpt>
<trkpt lat="36.7549413" lon="128.0323232">
<ele>657.769</ele>
<time>2025-05-17T09:59:06Z</time>
<extensions>
<gpxtpx:TrackPointExtension>
<gpxtpx:hr>177</gpxtpx:hr>
</gpxtpx:TrackPointExtension>
</extensions>
</trkpt>
<trkpt lat="36.7549403" lon="128.0323219">
<ele>658.767</ele>
<time>2025-05-17T09:59:10Z</time>
<extensions>
<gpxtpx:TrackPointExtension>
<gpxtpx:hr>177</gpxtpx:hr>
</gpxtpx:TrackPointExtension>
</extensions>
</trkpt>
<trkpt lat="36.754942" lon="128.032323">
<ele>659.101</ele>
<time>2025-05-17T09:59:11Z</time>
<extensions>
<gpxtpx:TrackPointExtension>
<gpxtpx:hr>178</gpxtpx:hr>
</gpxtpx:TrackPointExtension>
</extensions>
</trkpt>
<trkpt lat="36.7549422" lon="128.032323">
<ele>659.589</ele>
<time>2025-05-17T09:59:13Z</time>
<extensions>
<gpxtpx:TrackPointExtension>
<gpxtpx:hr>178</gpxtpx:hr>
</gpxtpx:TrackPointExtension>
</extensions>
</trkpt>
<trkpt lat="36.7549409" lon="128.0323216">
<ele>659.929</ele>
<time>2025-05-17T09:59:14Z</time>
<extensions>
<gpxtpx:TrackPointExtension>
<gpxtpx:hr>177</gpxtpx:hr>
</gpxtpx:TrackPointExtension>
</extensions>
</trkpt>
<trkpt lat="36.7549427" lon="128.0323215">
<ele>660.025</ele>
<time>2025-05-17T09:59:15Z</time>
<extensions>
<gpxtpx:TrackPointExtension>
<gpxtpx:hr>177</gpxtpx:hr>
</gpxtpx:TrackPointExtension>
</extensions>
</trkpt>
<trkpt lat="36.7549413" lon="128.0323196">
<ele>660.2</ele>
<time>2025-05-17T09:59:16Z</time>
<extensions>
<gpxtpx:TrackPointExtension>
<gpxtpx:hr>177</gpxtpx:hr>
</gpxtpx:TrackPointExtension>
</extensions>
</trkpt>
<trkpt lat="36.7549421" lon="128.0323195">
<ele>660.539</ele>
<time>2025-05-17T09:59:18Z</time>
<extensions>
<gpxtpx:TrackPointExtension>
<gpxtpx:hr>177</gpxtpx:hr>
</gpxtpx:TrackPointExtension>
</extensions>
</trkpt>
<trkpt lat="36.754944" lon="128.0323175">
<ele>660.655</ele>
<time>2025-05-17T09:59:19Z</time>
<extensions>
<gpxtpx:TrackPointExtension>
<gpxtpx:hr>177</gpxtpx:hr>
</gpxtpx:TrackPointExtension>
</extensions>
</trkpt>
<trkpt lat="36.7549489" lon="128.0323163">
<ele>660.752</ele>
<time>2025-05-17T09:59:20Z</time>
<extensions>
<gpxtpx:TrackPointExtension>
<gpxtpx:hr>177</gpxtpx:hr>
</gpxtpx:TrackPointExtension>
</extensions>
</trkpt>
<trkpt lat="36.7549519" lon="128.032312">
<ele>660.841</ele>
<time>2025-05-17T09:59:21Z</time>
<extensions>
<gpxtpx:TrackPointExtension>
<gpxtpx:hr>177</gpxtpx:hr>
</gpxtpx:TrackPointExtension>
</extensions>
</trkpt>
<trkpt lat="36.7549564" lon="128.0323086">
<ele>660.9</ele>
<time>2025-05-17T09:59:22Z</time>
<extensions>
<gpxtpx:TrackPointExtension>
<gpxtpx:hr>177</gpxtpx:hr>
</gpxtpx:TrackPointExtension>
</extensions>
</trkpt>
<trkpt lat="36.7549589" lon="128.0323082">
<ele>660.967</ele>
<time>2025-05-17T09:59:23Z</time>
<extensions>
<gpxtpx:TrackPointExtension>
<gpxtpx:hr>177</gpxtpx:hr>
</gpxtpx:TrackPointExtension>
</extensions>
</trkpt>
<trkpt lat="36.7549638" lon="128.0323101">
<ele>661.008</ele>
<time>2025-05-17T09:59:24Z</time>
<extensions>
<gpxtpx:TrackPointExtension>
<gpxtpx:hr>177</gpxtpx:hr>
</gpxtpx:TrackPointExtension>
</extensions>
</trkpt>
<trkpt lat="36.754968" lon="128.0323109">
<ele>661.153</ele>
<time>2025-05-17T09:59:25Z</time>
<extensions>
<gpxtpx:TrackPointExtension>
<gpxtpx:hr>177</gpxtpx:hr>
</gpxtpx:TrackPointExtension>
</extensions>
</trkpt>
<trkpt lat="36.7549742" lon="128.0323134">
<ele>661.391</ele>
<time>2025-05-17T09:59:26Z</time>
<extensions>
<gpxtpx:TrackPointExtension>
<gpxtpx:hr>177</gpxtpx:hr>
</gpxtpx:TrackPointExtension>
</extensions>
</trkpt>
<trkpt lat="36.7549759" lon="128.0323111">
<ele>661.46</ele>
<time>2025-05-17T09:59:27Z</time>
<extensions>
<gpxtpx:TrackPointExtension>
<gpxtpx:hr>177</gpxtpx:hr>
</gpxtpx:TrackPointExtension>
</extensions>
</trkpt>
<trkpt lat="36.7549754" lon="128.0323114">
<ele>661.468</ele>
<time>2025-05-17T09:59:28Z</time>
<extensions>
<gpxtpx:TrackPointExtension>
<gpxtpx:hr>177</gpxtpx:hr>
</gpxtpx:TrackPointExtension>
</extensions>
</trkpt>
<trkpt lat="36.7549744" lon="128.03231">
<ele>661.438</ele>
<time>2025-05-17T09:59:29Z</time>
<extensions>
<gpxtpx:TrackPointExtension>
<gpxtpx:hr>177</gpxtpx:hr>
</gpxtpx:TrackPointExtension>
</extensions>
</trkpt>
<trkpt lat="36.7549744" lon="128.0323106">
<ele>661.367</ele>
<time>2025-05-17T09:59:30Z</time>
<extensions>
<gpxtpx:TrackPointExtension>
<gpxtpx:hr>177</gpxtpx:hr>
</gpxtpx:TrackPointExtension>
</extensions>
</trkpt>
<trkpt lat="36.7549751" lon="128.0323091">
<ele>661.333</ele>
<time>2025-05-17T09:59:31Z</time>
<extensions>
<gpxtpx:TrackPointExtension>
<gpxtpx:hr>177</gpxtpx:hr>
</gpxtpx:TrackPointExtension>
</extensions>
</trkpt>
<trkpt lat="36.754974" lon="128.0323052">
<ele>661.687</ele>
<time>2025-05-17T09:59:34Z</time>
<extensions>
<gpxtpx:TrackPointExtension>
<gpxtpx:hr>178</gpxtpx:hr>
</gpxtpx:TrackPointExtension>
</extensions>
</trkpt>
<trkpt lat="36.7549742" lon="128.0323024">
<ele>661.865</ele>
<time>2025-05-17T09:59:35Z</time>
<extensions>
<gpxtpx:TrackPointExtension>
<gpxtpx:hr>178</gpxtpx:hr>
</gpxtpx:TrackPointExtension>
</extensions>
</trkpt>
<trkpt lat="36.7549747" lon="128.0323003">
<ele>662.031</ele>
<time>2025-05-17T09:59:36Z</time>
<extensions>
<gpxtpx:TrackPointExtension>
<gpxtpx:hr>177</gpxtpx:hr>
</gpxtpx:TrackPointExtension>
</extensions>
</trkpt>
<trkpt lat="36.7549769" lon="128.0323008">
<ele>662.182</ele>
<time>2025-05-17T09:59:37Z</time>
<extensions>
<gpxtpx:TrackPointExtension>
<gpxtpx:hr>177</gpxtpx:hr>
</gpxtpx:TrackPointExtension>
</extensions>
</trkpt>
<trkpt lat="36.7549786" lon="128.0323065">
<ele>662.93</ele>
<time>2025-05-17T09:59:40Z</time>
<extensions>
<gpxtpx:TrackPointExtension>
<gpxtpx:hr>177</gpxtpx:hr>
</gpxtpx:TrackPointExtension>
</extensions>
</trkpt>
<trkpt lat="36.7549805" lon="128.0323089">
<ele>663.104</ele>
<time>2025-05-17T09:59:41Z</time>
<extensions>
<gpxtpx:TrackPointExtension>
<gpxtpx:hr>177</gpxtpx:hr>
</gpxtpx:TrackPointExtension>
</extensions>
</trkpt>
<trkpt lat="36.7549822" lon="128.0323051">
<ele>663.381</ele>
<time>2025-05-17T09:59:42Z</time>
<extensions>
<gpxtpx:TrackPointExtension>
<gpxtpx:hr>178</gpxtpx:hr>
</gpxtpx:TrackPointExtension>
</extensions>
</trkpt>
<trkpt lat="36.754986" lon="128.0323082">
<ele>663.569</ele>
<time>2025-05-17T09:59:43Z</time>
<extensions>
<gpxtpx:TrackPointExtension>
<gpxtpx:hr>178</gpxtpx:hr>
</gpxtpx:TrackPointExtension>
</extensions>
</trkpt>
<trkpt lat="36.7549863" lon="128.0323096">
<ele>663.966</ele>
<time>2025-05-17T09:59:45Z</time>
<extensions>
<gpxtpx:TrackPointExtension>
<gpxtpx:hr>178</gpxtpx:hr>
</gpxtpx:TrackPointExtension>
</extensions>
</trkpt>
<trkpt lat="36.7549865" lon="128.0323115">
<ele>664.156</ele>
<time>2025-05-17T09:59:46Z</time>
<extensions>
<gpxtpx:TrackPointExtension>
<gpxtpx:hr>178</gpxtpx:hr>
</gpxtpx:TrackPointExtension>
</extensions>
</trkpt>
<trkpt lat="36.7549865" lon="128.0323111">
<ele>665.1</ele>
<time>2025-05-17T09:59:50Z</time>
<extensions>
<gpxtpx:TrackPointExtension>
<gpxtpx:hr>178</gpxtpx:hr>
</gpxtpx:TrackPointExtension>
</extensions>
</trkpt>
<trkpt lat="36.7549828" lon="128.0323058">
<ele>665.513</ele>
<time>2025-05-17T09:59:51Z</time>
<extensions>
<gpxtpx:TrackPointExtension>
<gpxtpx:hr>178</gpxtpx:hr>
</gpxtpx:TrackPointExtension>
</extensions>
</trkpt>
<trkpt lat="36.7549804" lon="128.0322937">
<ele>665.752</ele>
<time>2025-05-17T09:59:52Z</time>
<extensions>
<gpxtpx:TrackPointExtension>
<gpxtpx:hr>178</gpxtpx:hr>
</gpxtpx:TrackPointExtension>
</extensions>
</trkpt>
<trkpt lat="36.7549804" lon="128.0322788">
<ele>666.129</ele>
<time>2025-05-17T09:59:53Z</time>
<extensions>
<gpxtpx:TrackPointExtension>
<gpxtpx:hr>178</gpxtpx:hr>
</gpxtpx:TrackPointExtension>
</extensions>
</trkpt>
<trkpt lat="36.7549798" lon="128.0322636">
<ele>666.285</ele>
<time>2025-05-17T09:59:54Z</time>
<extensions>
<gpxtpx:TrackPointExtension>
<gpxtpx:hr>178</gpxtpx:hr>
</gpxtpx:TrackPointExtension>
</extensions>
</trkpt>
<trkpt lat="36.7549799" lon="128.0322541">
<ele>666.472</ele>
<time>2025-05-17T09:59:55Z</time>
<extensions>
<gpxtpx:TrackPointExtension>
<gpxtpx:hr>177</gpxtpx:hr>
</gpxtpx:TrackPointExtension>
</extensions>
</trkpt>
<trkpt lat="36.7549815" lon="128.0322478">
<ele>666.7</ele>
<time>2025-05-17T09:59:56Z</time>
<extensions>
<gpxtpx:TrackPointExtension>
<gpxtpx:hr>176</gpxtpx:hr>
</gpxtpx:TrackPointExtension>
</extensions>
</trkpt>
<trkpt lat="36.7549823" lon="128.032243">
<ele>667.088</ele>
<time>2025-05-17T09:59:57Z</time>
<extensions>
<gpxtpx:TrackPointExtension>
<gpxtpx:hr>176</gpxtpx:hr>
</gpxtpx:TrackPointExtension>
</extensions>
</trkpt>
<trkpt lat="36.7549807" lon="128.0322375">
<ele>667.286</ele>
<time>2025-05-17T09:59:58Z</time>
<extensions>
<gpxtpx:TrackPointExtension>
<gpxtpx:hr>175</gpxtpx:hr>
</gpxtpx:TrackPointExtension>
</extensions>
</trkpt>
<trkpt lat="36.7549797" lon="128.032233">
<ele>667.492</ele>
<time>2025-05-17T09:59:59Z</time>
<extensions>
<gpxtpx:TrackPointExtension>
<gpxtpx:hr>175</gpxtpx:hr>
</gpxtpx:TrackPointExtension>
</extensions>
</trkpt>
<trkpt lat="36.7549792" lon="128.0322285">
<ele>667.704</ele>
<time>2025-05-17T10:00:00Z</time>
<extensions>
<gpxtpx:TrackPointExtension>
<gpxtpx:hr>175</gpxtpx:hr>
</gpxtpx:TrackPointExtension>
</extensions>
</trkpt>
<trkpt lat="36.7549789" lon="128.0322253">
<ele>667.677</ele>
<time>2025-05-17T10:00:01Z</time>
<extensions>
<gpxtpx:TrackPointExtension>
<gpxtpx:hr>175</gpxtpx:hr>
</gpxtpx:TrackPointExtension>
</extensions>
</trkpt>
<trkpt lat="36.7549798" lon="128.0322251">
<ele>667.56</ele>
<time>2025-05-17T10:00:02Z</time>
<extensions>
<gpxtpx:TrackPointExtension>
<gpxtpx:hr>175</gpxtpx:hr>
</gpxtpx:TrackPointExtension>
</extensions>
</trkpt>
<trkpt lat="36.7549774" lon="128.0322323">
<ele>667.498</ele>
<time>2025-05-17T10:00:03Z</time>
<extensions>
<gpxtpx:TrackPointExtension>
<gpxtpx:hr>175</gpxtpx:hr>
</gpxtpx:TrackPointExtension>
</extensions>
</trkpt>
<trkpt lat="36.7549862" lon="128.0322349">
<ele>667.742</ele>
<time>2025-05-17T10:00:04Z</time>
<extensions>
<gpxtpx:TrackPointExtension>
<gpxtpx:hr>175</gpxtpx:hr>
</gpxtpx:TrackPointExtension>
</extensions>
</trkpt>
<trkpt lat="36.7549932" lon="128.0322354">
<ele>667.969</ele>
<time>2025-05-17T10:00:05Z</time>
<extensions>
<gpxtpx:TrackPointExtension>
<gpxtpx:hr>175</gpxtpx:hr>
</gpxtpx:TrackPointExtension>
</extensions>
</trkpt>
<trkpt lat="36.7549969" lon="128.0322405">
<ele>668.085</ele>
<time>2025-05-17T10:00:06Z</time>
<extensions>
<gpxtpx:TrackPointExtension>
<gpxtpx:hr>175</gpxtpx:hr>
</gpxtpx:TrackPointExtension>
</extensions>
</trkpt>
<trkpt lat="36.7549956" lon="128.0322349">
<ele>668.213</ele>
<time>2025-05-17T10:00:07Z</time>
<extensions>
<gpxtpx:TrackPointExtension>
<gpxtpx:hr>175</gpxtpx:hr>
</gpxtpx:TrackPointExtension>
</extensions>
</trkpt>
<trkpt lat="36.7549972" lon="128.0322338">
<ele>668.691</ele>
<time>2025-05-17T10:00:08Z</time>
<extensions>
<gpxtpx:TrackPointExtension>
<gpxtpx:hr>175</gpxtpx:hr>
</gpxtpx:TrackPointExtension>
</extensions>
</trkpt>
<trkpt lat="36.755003" lon="128.0322306">
<ele>668.74</ele>
<time>2025-05-17T10:00:09Z</time>
<extensions>
<gpxtpx:TrackPointExtension>
<gpxtpx:hr>176</gpxtpx:hr>
</gpxtpx:TrackPointExtension>
</extensions>
</trkpt>
<trkpt lat="36.7550164" lon="128.0322335">
<ele>668.537</ele>
<time>2025-05-17T10:00:10Z</time>
<extensions>
<gpxtpx:TrackPointExtension>
<gpxtpx:hr>176</gpxtpx:hr>
</gpxtpx:TrackPointExtension>
</extensions>
</trkpt>
<trkpt lat="36.7550332" lon="128.0322454">
<ele>668.467</ele>
<time>2025-05-17T10:00:11Z</time>
<extensions>
<gpxtpx:TrackPointExtension>
<gpxtpx:hr>176</gpxtpx:hr>
</gpxtpx:TrackPointExtension>
</extensions>
</trkpt>
<trkpt lat="36.755049" lon="128.032249">
<ele>668.377</ele>
<time>2025-05-17T10:00:12Z</time>
<extensions>
<gpxtpx:TrackPointExtension>
<gpxtpx:hr>176</gpxtpx:hr>
</gpxtpx:TrackPointExtension>
</extensions>
</trkpt>
<trkpt lat="36.755065" lon="128.0322536">
<ele>668.332</ele>
<time>2025-05-17T10:00:13Z</time>
<extensions>
<gpxtpx:TrackPointExtension>
<gpxtpx:hr>176</gpxtpx:hr>
</gpxtpx:TrackPointExtension>
</extensions>
</trkpt>
<trkpt lat="36.7550784" lon="128.0322602">
<ele>668.29</ele>
<time>2025-05-17T10:00:14Z</time>
<extensions>
<gpxtpx:TrackPointExtension>
<gpxtpx:hr>176</gpxtpx:hr>
</gpxtpx:TrackPointExtension>
</extensions>
</trkpt>
<trkpt lat="36.7550885" lon="128.0322624">
<ele>668.22</ele>
<time>2025-05-17T10:00:15Z</time>
<extensions>
<gpxtpx:TrackPointExtension>
<gpxtpx:hr>176</gpxtpx:hr>
</gpxtpx:TrackPointExtension>
</extensions>
</trkpt>
<trkpt lat="36.7550987" lon="128.0322636">
<ele>668.199</ele>
<time>2025-05-17T10:00:16Z</time>
<extensions>
<gpxtpx:TrackPointExtension>
<gpxtpx:hr>177</gpxtpx:hr>
</gpxtpx:TrackPointExtension>
</extensions>
</trkpt>
<trkpt lat="36.7551112" lon="128.0322621">
<ele>668.268</ele>
<time>2025-05-17T10:00:17Z</time>
<extensions>
<gpxtpx:TrackPointExtension>
<gpxtpx:hr>177</gpxtpx:hr>
</gpxtpx:TrackPointExtension>
</extensions>
</trkpt>
<trkpt lat="36.7551213" lon="128.0322603">
<ele>668.2</ele>
<time>2025-05-17T10:00:18Z</time>
<extensions>
<gpxtpx:TrackPointExtension>
<gpxtpx:hr>177</gpxtpx:hr>
</gpxtpx:TrackPointExtension>
</extensions>
</trkpt>
<trkpt lat="36.7551297" lon="128.0322606">
<ele>668.115</ele>
<time>2025-05-17T10:00:19Z</time>
<extensions>
<gpxtpx:TrackPointExtension>
<gpxtpx:hr>177</gpxtpx:hr>
</gpxtpx:TrackPointExtension>
</extensions>
</trkpt>
<trkpt lat="36.7551331" lon="128.0322567">
<ele>668.517</ele>
<time>2025-05-17T10:00:20Z</time>
<extensions>
<gpxtpx:TrackPointExtension>
<gpxtpx:hr>177</gpxtpx:hr>
</gpxtpx:TrackPointExtension>
</extensions>
</trkpt>
<trkpt lat="36.7551318" lon="128.0322507">
<ele>668.463</ele>
<time>2025-05-17T10:00:21Z</time>
<extensions>
<gpxtpx:TrackPointExtension>
<gpxtpx:hr>177</gpxtpx:hr>
</gpxtpx:TrackPointExtension>
</extensions>
</trkpt>
<trkpt lat="36.7551282" lon="128.0322458">
<ele>668.32</ele>
<time>2025-05-17T10:00:22Z</time>
<extensions>
<gpxtpx:TrackPointExtension>
<gpxtpx:hr>177</gpxtpx:hr>
</gpxtpx:TrackPointExtension>
</extensions>
</trkpt>
<trkpt lat="36.7551216" lon="128.0322415">
<ele>668.634</ele>
<time>2025-05-17T10:00:23Z</time>
<extensions>
<gpxtpx:TrackPointExtension>
<gpxtpx:hr>177</gpxtpx:hr>
</gpxtpx:TrackPointExtension>
</extensions>
</trkpt>
<trkpt lat="36.7551187" lon="128.0322392">
<ele>668.344</ele>
<time>2025-05-17T10:00:24Z</time>
<extensions>
<gpxtpx:TrackPointExtension>
<gpxtpx:hr>176</gpxtpx:hr>
</gpxtpx:TrackPointExtension>
</extensions>
</trkpt>
<trkpt lat="36.7551163" lon="128.0322353">
<ele>668.362</ele>
<time>2025-05-17T10:00:25Z</time>
<extensions>
<gpxtpx:TrackPointExtension>
<gpxtpx:hr>176</gpxtpx:hr>
</gpxtpx:TrackPointExtension>
</extensions>
</trkpt>
<trkpt lat="36.7551196" lon="128.0322337">
<ele>668.079</ele>
<time>2025-05-17T10:00:26Z</time>
<extensions>
<gpxtpx:TrackPointExtension>
<gpxtpx:hr>176</gpxtpx:hr>
</gpxtpx:TrackPointExtension>
</extensions>
</trkpt>
<trkpt lat="36.7551268" lon="128.0322292">
<ele>668.922</ele>
<time>2025-05-17T10:00:27Z</time>
<extensions>
<gpxtpx:TrackPointExtension>
<gpxtpx:hr>176</gpxtpx:hr>
</gpxtpx:TrackPointExtension>
</extensions>
</trkpt>
<trkpt lat="36.7551301" lon="128.0322297">
<ele>669.259</ele>
<time>2025-05-17T10:00:28Z</time>
<extensions>
<gpxtpx:TrackPointExtension>
<gpxtpx:hr>175</gpxtpx:hr>
</gpxtpx:TrackPointExtension>
</extensions>
</trkpt>
<trkpt lat="36.7551349" lon="128.0322325">
<ele>669.445</ele>
<time>2025-05-17T10:00:29Z</time>
<extensions>
<gpxtpx:TrackPointExtension>
<gpxtpx:hr>175</gpxtpx:hr>
</gpxtpx:TrackPointExtension>
</extensions>
</trkpt>
<trkpt lat="36.7551342" lon="128.0322301">
<ele>669.543</ele>
<time>2025-05-17T10:00:30Z</time>
<extensions>
<gpxtpx:TrackPointExtension>
<gpxtpx:hr>175</gpxtpx:hr>
</gpxtpx:TrackPointExtension>
</extensions>
</trkpt>
<trkpt lat="36.7551346" lon="128.0322306">
<ele>669.599</ele>
<time>2025-05-17T10:00:31Z</time>
<extensions>
<gpxtpx:TrackPointExtension>
<gpxtpx:hr>176</gpxtpx:hr>
</gpxtpx:TrackPointExtension>
</extensions>
</trkpt>
<trkpt lat="36.7551347" lon="128.0322343">
<ele>669.687</ele>
<time>2025-05-17T10:00:32Z</time>
<extensions>
<gpxtpx:TrackPointExtension>
<gpxtpx:hr>176</gpxtpx:hr>
</gpxtpx:TrackPointExtension>
</extensions>
</trkpt>
<trkpt lat="36.7551342" lon="128.0322354">
<ele>670.016</ele>
<time>2025-05-17T10:00:35Z</time>
<extensions>
<gpxtpx:TrackPointExtension>
<gpxtpx:hr>175</gpxtpx:hr>
</gpxtpx:TrackPointExtension>
</extensions>
</trkpt>
<trkpt lat="36.7551331" lon="128.0322335">
<ele>669.989</ele>
<time>2025-05-17T10:00:36Z</time>
<extensions>
<gpxtpx:TrackPointExtension>
<gpxtpx:hr>175</gpxtpx:hr>
</gpxtpx:TrackPointExtension>
</extensions>
</trkpt>
<trkpt lat="36.7551299" lon="128.0322295">
<ele>669.963</ele>
<time>2025-05-17T10:00:37Z</time>
<extensions>
<gpxtpx:TrackPointExtension>
<gpxtpx:hr>174</gpxtpx:hr>
</gpxtpx:TrackPointExtension>
</extensions>
</trkpt>
<trkpt lat="36.75513" lon="128.0322251">
<ele>669.969</ele>
<time>2025-05-17T10:00:38Z</time>
<extensions>
<gpxtpx:TrackPointExtension>
<gpxtpx:hr>174</gpxtpx:hr>
</gpxtpx:TrackPointExtension>
</extensions>
</trkpt>
<trkpt lat="36.7551324" lon="128.0322171">
<ele>669.984</ele>
<time>2025-05-17T10:00:39Z</time>
<extensions>
<gpxtpx:TrackPointExtension>
<gpxtpx:hr>174</gpxtpx:hr>
</gpxtpx:TrackPointExtension>
</extensions>
</trkpt>
<trkpt lat="36.7551354" lon="128.0322093">
<ele>669.972</ele>
<time>2025-05-17T10:00:40Z</time>
<extensions>
<gpxtpx:TrackPointExtension>
<gpxtpx:hr>174</gpxtpx:hr>
</gpxtpx:TrackPointExtension>
</extensions>
</trkpt>
<trkpt lat="36.7551414" lon="128.0322086">
<ele>669.987</ele>
<time>2025-05-17T10:00:41Z</time>
<extensions>
<gpxtpx:TrackPointExtension>
<gpxtpx:hr>173</gpxtpx:hr>
</gpxtpx:TrackPointExtension>
</extensions>
</trkpt>
<trkpt lat="36.7551464" lon="128.0322069">
<ele>670.015</ele>
<time>2025-05-17T10:00:42Z</time>
<extensions>
<gpxtpx:TrackPointExtension>
<gpxtpx:hr>173</gpxtpx:hr>
</gpxtpx:TrackPointExtension>
</extensions>
</trkpt>
<trkpt lat="36.75515" lon="128.0322053">
<ele>670.027</ele>
<time>2025-05-17T10:00:43Z</time>
<extensions>
<gpxtpx:TrackPointExtension>
<gpxtpx:hr>172</gpxtpx:hr>
</gpxtpx:TrackPointExtension>
</extensions>
</trkpt>
<trkpt lat="36.7551525" lon="128.0322048">
<ele>670.036</ele>
<time>2025-05-17T10:00:44Z</time>
<extensions>
<gpxtpx:TrackPointExtension>
<gpxtpx:hr>172</gpxtpx:hr>
</gpxtpx:TrackPointExtension>
</extensions>
</trkpt>
<trkpt lat="36.7551548" lon="128.0322016">
<ele>669.804</ele>
<time>2025-05-17T10:00:45Z</time>
<extensions>
<gpxtpx:TrackPointExtension>
<gpxtpx:hr>172</gpxtpx:hr>
</gpxtpx:TrackPointExtension>
</extensions>
</trkpt>
<trkpt lat="36.7551561" lon="128.0322043">
<ele>669.865</ele>
<time>2025-05-17T10:00:46Z</time>
<extensions>
<gpxtpx:TrackPointExtension>
<gpxtpx:hr>171</gpxtpx:hr>
</gpxtpx:TrackPointExtension>
</extensions>
</trkpt>
<trkpt lat="36.7551567" lon="128.0322055">
<ele>669.962</ele>
<time>2025-05-17T10:00:48Z</time>
<extensions>
<gpxtpx:TrackPointExtension>
<gpxtpx:hr>169</gpxtpx:hr>
</gpxtpx:TrackPointExtension>
</extensions>
</trkpt>
<trkpt lat="36.7551552" lon="128.0322">
<ele>670.009</ele>
<time>2025-05-17T10:00:49Z</time>
<extensions>
<gpxtpx:TrackPointExtension>
<gpxtpx:hr>169</gpxtpx:hr>
</gpxtpx:TrackPointExtension>
</extensions>
</trkpt>
<trkpt lat="36.7551513" lon="128.0321995">
<ele>669.97</ele>
<time>2025-05-17T10:00:50Z</time>
<extensions>
<gpxtpx:TrackPointExtension>
<gpxtpx:hr>168</gpxtpx:hr>
</gpxtpx:TrackPointExtension>
</extensions>
</trkpt>
<trkpt lat="36.7551518" lon="128.0322026">
<ele>669.997</ele>
<time>2025-05-17T10:00:51Z</time>
<extensions>
<gpxtpx:TrackPointExtension>
<gpxtpx:hr>167</gpxtpx:hr>
</gpxtpx:TrackPointExtension>
</extensions>
</trkpt>
<trkpt lat="36.7551505" lon="128.0322">
<ele>670.012</ele>
<time>2025-05-17T10:00:52Z</time>
<extensions>
<gpxtpx:TrackPointExtension>
<gpxtpx:hr>166</gpxtpx:hr>
</gpxtpx:TrackPointExtension>
</extensions>
</trkpt>
<trkpt lat="36.7551506" lon="128.0322024">
<ele>669.98</ele>
<time>2025-05-17T10:00:53Z</time>
<extensions>
<gpxtpx:TrackPointExtension>
<gpxtpx:hr>166</gpxtpx:hr>
</gpxtpx:TrackPointExtension>
</extensions>
</trkpt>
<trkpt lat="36.7551501" lon="128.032201">
<ele>669.926</ele>
<time>2025-05-17T10:00:54Z</time>
<extensions>
<gpxtpx:TrackPointExtension>
<gpxtpx:hr>165</gpxtpx:hr>
</gpxtpx:TrackPointExtension>
</extensions>
</trkpt>
<trkpt lat="36.7551498" lon="128.0322005">
<ele>669.963</ele>
<time>2025-05-17T10:00:55Z</time>
<extensions>
<gpxtpx:TrackPointExtension>
<gpxtpx:hr>165</gpxtpx:hr>
</gpxtpx:TrackPointExtension>
</extensions>
</trkpt>
<trkpt lat="36.7551493" lon="128.0321992">
<ele>670.02</ele>
<time>2025-05-17T10:00:56Z</time>
<extensions>
<gpxtpx:TrackPointExtension>
<gpxtpx:hr>164</gpxtpx:hr>
</gpxtpx:TrackPointExtension>
</extensions>
</trkpt>
<trkpt lat="36.7551493" lon="128.0321988">
<ele>670.086</ele>
<time>2025-05-17T10:00:57Z</time>
<extensions>
<gpxtpx:TrackPointExtension>
<gpxtpx:hr>163</gpxtpx:hr>
</gpxtpx:TrackPointExtension>
</extensions>
</trkpt>
<trkpt lat="36.7551482" lon="128.0321983">
<ele>670.112</ele>
<time>2025-05-17T10:00:58Z</time>
<extensions>
<gpxtpx:TrackPointExtension>
<gpxtpx:hr>163</gpxtpx:hr>
</gpxtpx:TrackPointExtension>
</extensions>
</trkpt>
<trkpt lat="36.7551487" lon="128.0321975">
<ele>670.093</ele>
<time>2025-05-17T10:00:59Z</time>
<extensions>
<gpxtpx:TrackPointExtension>
<gpxtpx:hr>162</gpxtpx:hr>
</gpxtpx:TrackPointExtension>
</extensions>
</trkpt>
<trkpt lat="36.7551475" lon="128.0321968">
<ele>670.081</ele>
<time>2025-05-17T10:01:00Z</time>
<extensions>
<gpxtpx:TrackPointExtension>
<gpxtpx:hr>161</gpxtpx:hr>
</gpxtpx:TrackPointExtension>
</extensions>
</trkpt>
<trkpt lat="36.7551473" lon="128.0321969">
<ele>670.146</ele>
<time>2025-05-17T10:01:01Z</time>
<extensions>
<gpxtpx:TrackPointExtension>
<gpxtpx:hr>160</gpxtpx:hr>
</gpxtpx:TrackPointExtension>
</extensions>
</trkpt>
<trkpt lat="36.7551482" lon="128.0321984">
<ele>670.261</ele>
<time>2025-05-17T10:01:02Z</time>
<extensions>
<gpxtpx:TrackPointExtension>
<gpxtpx:hr>160</gpxtpx:hr>
</gpxtpx:TrackPointExtension>
</extensions>
</trkpt>
<trkpt lat="36.7551492" lon="128.032205">
<ele>670.091</ele>
<time>2025-05-17T10:01:03Z</time>
<extensions>
<gpxtpx:TrackPointExtension>
<gpxtpx:hr>159</gpxtpx:hr>
</gpxtpx:TrackPointExtension>
</extensions>
</trkpt>
<trkpt lat="36.7551491" lon="128.0322122">
<ele>669.006</ele>
<time>2025-05-17T10:01:06Z</time>
<extensions>
<gpxtpx:TrackPointExtension>
<gpxtpx:hr>157</gpxtpx:hr>
</gpxtpx:TrackPointExtension>
</extensions>
</trkpt>
<trkpt lat="36.7551495" lon="128.0322112">
<ele>669.682</ele>
<time>2025-05-17T10:01:09Z</time>
<extensions>
<gpxtpx:TrackPointExtension>
<gpxtpx:hr>157</gpxtpx:hr>
</gpxtpx:TrackPointExtension>
</extensions>
</trkpt>
<trkpt lat="36.75515" lon="128.0322098">
<ele>668.107</ele>
<time>2025-05-17T10:01:11Z</time>
<extensions>
<gpxtpx:TrackPointExtension>
<gpxtpx:hr>156</gpxtpx:hr>
</gpxtpx:TrackPointExtension>
</extensions>
</trkpt>
<trkpt lat="36.755154" lon="128.0322059">
<ele>668.786</ele>
<time>2025-05-17T10:01:12Z</time>
<extensions>
<gpxtpx:TrackPointExtension>
<gpxtpx:hr>156</gpxtpx:hr>
</gpxtpx:TrackPointExtension>
</extensions>
</trkpt>
<trkpt lat="36.755158" lon="128.0322053">
<ele>669.247</ele>
<time>2025-05-17T10:01:13Z</time>
<extensions>
<gpxtpx:TrackPointExtension>
<gpxtpx:hr>156</gpxtpx:hr>
</gpxtpx:TrackPointExtension>
</extensions>
</trkpt>
<trkpt lat="36.7551616" lon="128.0322061">
<ele>669.236</ele>
<time>2025-05-17T10:01:14Z</time>
<extensions>
<gpxtpx:TrackPointExtension>
<gpxtpx:hr>155</gpxtpx:hr>
</gpxtpx:TrackPointExtension>
</extensions>
</trkpt>
<trkpt lat="36.7551654" lon="128.0322091">
<ele>667.977</ele>
<time>2025-05-17T10:01:15Z</time>
<extensions>
<gpxtpx:TrackPointExtension>
<gpxtpx:hr>155</gpxtpx:hr>
</gpxtpx:TrackPointExtension>
</extensions>
</trkpt>
<trkpt lat="36.7551714" lon="128.0322138">
<ele>667.816</ele>
<time>2025-05-17T10:01:16Z</time>
<extensions>
<gpxtpx:TrackPointExtension>
<gpxtpx:hr>154</gpxtpx:hr>
</gpxtpx:TrackPointExtension>
</extensions>
</trkpt>
<trkpt lat="36.7551756" lon="128.032218">
<ele>667.931</ele>
<time>2025-05-17T10:01:18Z</time>
<extensions>
<gpxtpx:TrackPointExtension>
<gpxtpx:hr>155</gpxtpx:hr>
</gpxtpx:TrackPointExtension>
</extensions>
</trkpt>
<trkpt lat="36.755175" lon="128.032227">
<ele>668.557</ele>
<time>2025-05-17T10:01:19Z</time>
<extensions>
<gpxtpx:TrackPointExtension>
<gpxtpx:hr>155</gpxtpx:hr>
</gpxtpx:TrackPointExtension>
</extensions>
</trkpt>
<trkpt lat="36.755181" lon="128.0322215">
<ele>668.865</ele>
<time>2025-05-17T10:01:20Z</time>
<extensions>
<gpxtpx:TrackPointExtension>
<gpxtpx:hr>155</gpxtpx:hr>
</gpxtpx:TrackPointExtension>
</extensions>
</trkpt>
<trkpt lat="36.7551808" lon="128.0322225">
<ele>669.151</ele>
<time>2025-05-17T10:01:21Z</time>
<extensions>
<gpxtpx:TrackPointExtension>
<gpxtpx:hr>156</gpxtpx:hr>
</gpxtpx:TrackPointExtension>
</extensions>
</trkpt>
<trkpt lat="36.7551811" lon="128.032223">
<ele>669.097</ele>
<time>2025-05-17T10:01:22Z</time>
<extensions>
<gpxtpx:TrackPointExtension>
<gpxtpx:hr>156</gpxtpx:hr>
</gpxtpx:TrackPointExtension>
</extensions>
</trkpt>
<trkpt lat="36.7551834" lon="128.0322289">
<ele>669.568</ele>
<time>2025-05-17T10:01:23Z</time>
<extensions>
<gpxtpx:TrackPointExtension>
<gpxtpx:hr>157</gpxtpx:hr>
</gpxtpx:TrackPointExtension>
</extensions>
</trkpt>
<trkpt lat="36.7551868" lon="128.0322324">
<ele>669.734</ele>
<time>2025-05-17T10:01:24Z</time>
<extensions>
<gpxtpx:TrackPointExtension>
<gpxtpx:hr>156</gpxtpx:hr>
</gpxtpx:TrackPointExtension>
</extensions>
</trkpt>
<trkpt lat="36.7551899" lon="128.0322342">
<ele>670.216</ele>
<time>2025-05-17T10:01:25Z</time>
<extensions>
<gpxtpx:TrackPointExtension>
<gpxtpx:hr>157</gpxtpx:hr>
</gpxtpx:TrackPointExtension>
</extensions>
</trkpt>
<trkpt lat="36.7551993" lon="128.0322426">
<ele>670.312</ele>
<time>2025-05-17T10:01:26Z</time>
<extensions>
<gpxtpx:TrackPointExtension>
<gpxtpx:hr>157</gpxtpx:hr>
</gpxtpx:TrackPointExtension>
</extensions>
</trkpt>
<trkpt lat="36.755197" lon="128.0322431">
<ele>670.382</ele>
<time>2025-05-17T10:01:27Z</time>
<extensions>
<gpxtpx:TrackPointExtension>
<gpxtpx:hr>157</gpxtpx:hr>
</gpxtpx:TrackPointExtension>
</extensions>
</trkpt>
<trkpt lat="36.7551925" lon="128.032245">
<ele>670.597</ele>
<time>2025-05-17T10:01:28Z</time>
<extensions>
<gpxtpx:TrackPointExtension>
<gpxtpx:hr>157</gpxtpx:hr>
</gpxtpx:TrackPointExtension>
</extensions>
</trkpt>
<trkpt lat="36.755187" lon="128.0322469">
<ele>670.599</ele>
<time>2025-05-17T10:01:29Z</time>
<extensions>
<gpxtpx:TrackPointExtension>
<gpxtpx:hr>157</gpxtpx:hr>
</gpxtpx:TrackPointExtension>
</extensions>
</trkpt>
<trkpt lat="36.7551836" lon="128.0322506">
<ele>671.251</ele>
<time>2025-05-17T10:01:30Z</time>
<extensions>
<gpxtpx:TrackPointExtension>
<gpxtpx:hr>157</gpxtpx:hr>
</gpxtpx:TrackPointExtension>
</extensions>
</trkpt>
<trkpt lat="36.7551827" lon="128.0322548">
<ele>671.511</ele>
<time>2025-05-17T10:01:31Z</time>
<extensions>
<gpxtpx:TrackPointExtension>
<gpxtpx:hr>157</gpxtpx:hr>
</gpxtpx:TrackPointExtension>
</extensions>
</trkpt>
<trkpt lat="36.7551901" lon="128.0322593">
<ele>671.95</ele>
<time>2025-05-17T10:01:32Z</time>
<extensions>
<gpxtpx:TrackPointExtension>
<gpxtpx:hr>157</gpxtpx:hr>
</gpxtpx:TrackPointExtension>
</extensions>
</trkpt>
<trkpt lat="36.7552036" lon="128.0322669">
<ele>672.293</ele>
<time>2025-05-17T10:01:33Z</time>
<extensions>
<gpxtpx:TrackPointExtension>
<gpxtpx:hr>158</gpxtpx:hr>
</gpxtpx:TrackPointExtension>
</extensions>
</trkpt>
<trkpt lat="36.7552161" lon="128.0322769">
<ele>672.594</ele>
<time>2025-05-17T10:01:34Z</time>
<extensions>
<gpxtpx:TrackPointExtension>
<gpxtpx:hr>160</gpxtpx:hr>
</gpxtpx:TrackPointExtension>
</extensions>
</trkpt>
<trkpt lat="36.7552182" lon="128.0322837">
<ele>672.672</ele>
<time>2025-05-17T10:01:35Z</time>
<extensions>
<gpxtpx:TrackPointExtension>
<gpxtpx:hr>161</gpxtpx:hr>
</gpxtpx:TrackPointExtension>
</extensions>
</trkpt>
<trkpt lat="36.7552241" lon="128.0322889">
<ele>672.756</ele>
<time>2025-05-17T10:01:36Z</time>
<extensions>
<gpxtpx:TrackPointExtension>
<gpxtpx:hr>162</gpxtpx:hr>
</gpxtpx:TrackPointExtension>
</extensions>
</trkpt>
<trkpt lat="36.7552285" lon="128.0322904">
<ele>672.713</ele>
<time>2025-05-17T10:01:37Z</time>
<extensions>
<gpxtpx:TrackPointExtension>
<gpxtpx:hr>162</gpxtpx:hr>
</gpxtpx:TrackPointExtension>
</extensions>
</trkpt>
<trkpt lat="36.7552339" lon="128.0322952">
<ele>672.991</ele>
<time>2025-05-17T10:01:38Z</time>
<extensions>
<gpxtpx:TrackPointExtension>
<gpxtpx:hr>162</gpxtpx:hr>
</gpxtpx:TrackPointExtension>
</extensions>
</trkpt>
<trkpt lat="36.7552373" lon="128.0322959">
<ele>673.323</ele>
<time>2025-05-17T10:01:39Z</time>
<extensions>
<gpxtpx:TrackPointExtension>
<gpxtpx:hr>162</gpxtpx:hr>
</gpxtpx:TrackPointExtension>
</extensions>
</trkpt>
<trkpt lat="36.7552357" lon="128.0322969">
<ele>673.59</ele>
<time>2025-05-17T10:01:40Z</time>
<extensions>
<gpxtpx:TrackPointExtension>
<gpxtpx:hr>162</gpxtpx:hr>
</gpxtpx:TrackPointExtension>
</extensions>
</trkpt>
<trkpt lat="36.7552376" lon="128.0322976">
<ele>673.963</ele>
<time>2025-05-17T10:01:41Z</time>
<extensions>
<gpxtpx:TrackPointExtension>
<gpxtpx:hr>162</gpxtpx:hr>
</gpxtpx:TrackPointExtension>
</extensions>
</trkpt>
<trkpt lat="36.7552405" lon="128.0323005">
<ele>674.503</ele>
<time>2025-05-17T10:01:42Z</time>
<extensions>
<gpxtpx:TrackPointExtension>
<gpxtpx:hr>161</gpxtpx:hr>
</gpxtpx:TrackPointExtension>
</extensions>
</trkpt>
<trkpt lat="36.7552388" lon="128.0323042">
<ele>674.869</ele>
<time>2025-05-17T10:01:43Z</time>
<extensions>
<gpxtpx:TrackPointExtension>
<gpxtpx:hr>161</gpxtpx:hr>
</gpxtpx:TrackPointExtension>
</extensions>
</trkpt>
<trkpt lat="36.755242" lon="128.0323087">
<ele>675.257</ele>
<time>2025-05-17T10:01:44Z</time>
<extensions>
<gpxtpx:TrackPointExtension>
<gpxtpx:hr>162</gpxtpx:hr>
</gpxtpx:TrackPointExtension>
</extensions>
</trkpt>
<trkpt lat="36.7552386" lon="128.032312">
<ele>675.801</ele>
<time>2025-05-17T10:01:45Z</time>
<extensions>
<gpxtpx:TrackPointExtension>
<gpxtpx:hr>162</gpxtpx:hr>
</gpxtpx:TrackPointExtension>
</extensions>
</trkpt>
<trkpt lat="36.7552392" lon="128.0323201">
<ele>675.917</ele>
<time>2025-05-17T10:01:46Z</time>
<extensions>
<gpxtpx:TrackPointExtension>
<gpxtpx:hr>162</gpxtpx:hr>
</gpxtpx:TrackPointExtension>
</extensions>
</trkpt>
<trkpt lat="36.755243" lon="128.032329">
<ele>676.203</ele>
<time>2025-05-17T10:01:47Z</time>
<extensions>
<gpxtpx:TrackPointExtension>
<gpxtpx:hr>163</gpxtpx:hr>
</gpxtpx:TrackPointExtension>
</extensions>
</trkpt>
<trkpt lat="36.7552487" lon="128.0323388">
<ele>675.892</ele>
<time>2025-05-17T10:01:48Z</time>
<extensions>
<gpxtpx:TrackPointExtension>
<gpxtpx:hr>163</gpxtpx:hr>
</gpxtpx:TrackPointExtension>
</extensions>
</trkpt>
<trkpt lat="36.7552554" lon="128.0323469">
<ele>676.152</ele>
<time>2025-05-17T10:01:49Z</time>
<extensions>
<gpxtpx:TrackPointExtension>
<gpxtpx:hr>163</gpxtpx:hr>
</gpxtpx:TrackPointExtension>
</extensions>
</trkpt>
<trkpt lat="36.7552624" lon="128.0323475">
<ele>675.886</ele>
<time>2025-05-17T10:01:50Z</time>
<extensions>
<gpxtpx:TrackPointExtension>
<gpxtpx:hr>164</gpxtpx:hr>
</gpxtpx:TrackPointExtension>
</extensions>
</trkpt>
<trkpt lat="36.7552686" lon="128.0323554">
<ele>676.163</ele>
<time>2025-05-17T10:01:51Z</time>
<extensions>
<gpxtpx:TrackPointExtension>
<gpxtpx:hr>164</gpxtpx:hr>
</gpxtpx:TrackPointExtension>
</extensions>
</trkpt>
<trkpt lat="36.7552747" lon="128.0323637">
<ele>676.475</ele>
<time>2025-05-17T10:01:52Z</time>
<extensions>
<gpxtpx:TrackPointExtension>
<gpxtpx:hr>164</gpxtpx:hr>
</gpxtpx:TrackPointExtension>
</extensions>
</trkpt>
<trkpt lat="36.7552766" lon="128.0323762">
<ele>676.842</ele>
<time>2025-05-17T10:01:53Z</time>
<extensions>
<gpxtpx:TrackPointExtension>
<gpxtpx:hr>164</gpxtpx:hr>
</gpxtpx:TrackPointExtension>
</extensions>
</trkpt>
<trkpt lat="36.7552797" lon="128.0323829">
<ele>677.026</ele>
<time>2025-05-17T10:01:54Z</time>
<extensions>
<gpxtpx:TrackPointExtension>
<gpxtpx:hr>165</gpxtpx:hr>
</gpxtpx:TrackPointExtension>
</extensions>
</trkpt>
<trkpt lat="36.7552789" lon="128.0323886">
<ele>677.313</ele>
<time>2025-05-17T10:01:55Z</time>
<extensions>
<gpxtpx:TrackPointExtension>
<gpxtpx:hr>165</gpxtpx:hr>
</gpxtpx:TrackPointExtension>
</extensions>
</trkpt>
<trkpt lat="36.7552856" lon="128.0323886">
<ele>677.502</ele>
<time>2025-05-17T10:01:56Z</time>
<extensions>
<gpxtpx:TrackPointExtension>
<gpxtpx:hr>166</gpxtpx:hr>
</gpxtpx:TrackPointExtension>
</extensions>
</trkpt>
<trkpt lat="36.7552882" lon="128.0323907">
<ele>677.763</ele>
<time>2025-05-17T10:01:57Z</time>
<extensions>
<gpxtpx:TrackPointExtension>
<gpxtpx:hr>166</gpxtpx:hr>
</gpxtpx:TrackPointExtension>
</extensions>
</trkpt>
<trkpt lat="36.7552887" lon="128.0323924">
<ele>678.12</ele>
<time>2025-05-17T10:01:58Z</time>
<extensions>
<gpxtpx:TrackPointExtension>
<gpxtpx:hr>166</gpxtpx:hr>
</gpxtpx:TrackPointExtension>
</extensions>
</trkpt>
<trkpt lat="36.7552911" lon="128.0323951">
<ele>678.378</ele>
<time>2025-05-17T10:01:59Z</time>
<extensions>
<gpxtpx:TrackPointExtension>
<gpxtpx:hr>166</gpxtpx:hr>
</gpxtpx:TrackPointExtension>
</extensions>
</trkpt>
<trkpt lat="36.755293" lon="128.0323986">
<ele>678.625</ele>
<time>2025-05-17T10:02:00Z</time>
<extensions>
<gpxtpx:TrackPointExtension>
<gpxtpx:hr>166</gpxtpx:hr>
</gpxtpx:TrackPointExtension>
</extensions>
</trkpt>
<trkpt lat="36.7552951" lon="128.0324004">
<ele>678.806</ele>
<time>2025-05-17T10:02:01Z</time>
<extensions>
<gpxtpx:TrackPointExtension>
<gpxtpx:hr>166</gpxtpx:hr>
</gpxtpx:TrackPointExtension>
</extensions>
</trkpt>
<trkpt lat="36.7552972" lon="128.0324057">
<ele>679.365</ele>
<time>2025-05-17T10:02:02Z</time>
<extensions>
<gpxtpx:TrackPointExtension>
<gpxtpx:hr>167</gpxtpx:hr>
</gpxtpx:TrackPointExtension>
</extensions>
</trkpt>
<trkpt lat="36.7552984" lon="128.0324077">
<ele>679.497</ele>
<time>2025-05-17T10:02:03Z</time>
<extensions>
<gpxtpx:TrackPointExtension>
<gpxtpx:hr>167</gpxtpx:hr>
</gpxtpx:TrackPointExtension>
</extensions>
</trkpt>
<trkpt lat="36.7552996" lon="128.0324129">
<ele>679.748</ele>
<time>2025-05-17T10:02:04Z</time>
<extensions>
<gpxtpx:TrackPointExtension>
<gpxtpx:hr>167</gpxtpx:hr>
</gpxtpx:TrackPointExtension>
</extensions>
</trkpt>
<trkpt lat="36.7553003" lon="128.0324073">
<ele>679.91</ele>
<time>2025-05-17T10:02:05Z</time>
<extensions>
<gpxtpx:TrackPointExtension>
<gpxtpx:hr>167</gpxtpx:hr>
</gpxtpx:TrackPointExtension>
</extensions>
</trkpt>
<trkpt lat="36.7553027" lon="128.0324058">
<ele>679.913</ele>
<time>2025-05-17T10:02:06Z</time>
<extensions>
<gpxtpx:TrackPointExtension>
<gpxtpx:hr>167</gpxtpx:hr>
</gpxtpx:TrackPointExtension>
</extensions>
</trkpt>
<trkpt lat="36.7552989" lon="128.0324001">
<ele>679.712</ele>
<time>2025-05-17T10:02:07Z</time>
<extensions>
<gpxtpx:TrackPointExtension>
<gpxtpx:hr>167</gpxtpx:hr>
</gpxtpx:TrackPointExtension>
</extensions>
</trkpt>
<trkpt lat="36.7552982" lon="128.0323927">
<ele>679.311</ele>
<time>2025-05-17T10:02:08Z</time>
<extensions>
<gpxtpx:TrackPointExtension>
<gpxtpx:hr>167</gpxtpx:hr>
</gpxtpx:TrackPointExtension>
</extensions>
</trkpt>
<trkpt lat="36.7552921" lon="128.0323871">
<ele>679.52</ele>
<time>2025-05-17T10:02:11Z</time>
</trkpt>
<trkpt lat="36.7552905" lon="128.0323834">
<ele>679.97</ele>
<time>2025-05-17T10:02:12Z</time>
<extensions>
<gpxtpx:TrackPointExtension>
<gpxtpx:hr>168</gpxtpx:hr>
</gpxtpx:TrackPointExtension>
</extensions>
</trkpt>
<trkpt lat="36.7552903" lon="128.0323789">
<ele>680.031</ele>
<time>2025-05-17T10:02:13Z</time>
<extensions>
<gpxtpx:TrackPointExtension>
<gpxtpx:hr>169</gpxtpx:hr>
</gpxtpx:TrackPointExtension>
</extensions>
</trkpt>
<trkpt lat="36.7552953" lon="128.0323713">
<ele>680.382</ele>
<time>2025-05-17T10:02:14Z</time>
<extensions>
<gpxtpx:TrackPointExtension>
<gpxtpx:hr>169</gpxtpx:hr>
</gpxtpx:TrackPointExtension>
</extensions>
</trkpt>
<trkpt lat="36.7552995" lon="128.032355">
<ele>680.296</ele>
<time>2025-05-17T10:02:15Z</time>
<extensions>
<gpxtpx:TrackPointExtension>
<gpxtpx:hr>169</gpxtpx:hr>
</gpxtpx:TrackPointExtension>
</extensions>
</trkpt>
<trkpt lat="36.7553056" lon="128.0323387">
<ele>680.474</ele>
<time>2025-05-17T10:02:16Z</time>
<extensions>
<gpxtpx:TrackPointExtension>
<gpxtpx:hr>170</gpxtpx:hr>
</gpxtpx:TrackPointExtension>
</extensions>
</trkpt>
<trkpt lat="36.7553112" lon="128.0323149">
<ele>680.335</ele>
<time>2025-05-17T10:02:17Z</time>
<extensions>
<gpxtpx:TrackPointExtension>
<gpxtpx:hr>170</gpxtpx:hr>
</gpxtpx:TrackPointExtension>
</extensions>
</trkpt>
<trkpt lat="36.7553185" lon="128.0323033">
<ele>680.71</ele>
<time>2025-05-17T10:02:18Z</time>
<extensions>
<gpxtpx:TrackPointExtension>
<gpxtpx:hr>171</gpxtpx:hr>
</gpxtpx:TrackPointExtension>
</extensions>
</trkpt>
<trkpt lat="36.7553283" lon="128.0322937">
<ele>680.891</ele>
<time>2025-05-17T10:02:19Z</time>
<extensions>
<gpxtpx:TrackPointExtension>
<gpxtpx:hr>171</gpxtpx:hr>
</gpxtpx:TrackPointExtension>
</extensions>
</trkpt>
<trkpt lat="36.7553338" lon="128.0322964">
<ele>681.212</ele>
<time>2025-05-17T10:02:20Z</time>
<extensions>
<gpxtpx:TrackPointExtension>
<gpxtpx:hr>171</gpxtpx:hr>
</gpxtpx:TrackPointExtension>
</extensions>
</trkpt>
<trkpt lat="36.7553387" lon="128.0323036">
<ele>681.511</ele>
<time>2025-05-17T10:02:21Z</time>
<extensions>
<gpxtpx:TrackPointExtension>
<gpxtpx:hr>172</gpxtpx:hr>
</gpxtpx:TrackPointExtension>
</extensions>
</trkpt>
<trkpt lat="36.7553397" lon="128.0323091">
<ele>681.87</ele>
<time>2025-05-17T10:02:22Z</time>
<extensions>
<gpxtpx:TrackPointExtension>
<gpxtpx:hr>172</gpxtpx:hr>
</gpxtpx:TrackPointExtension>
</extensions>
</trkpt>
<trkpt lat="36.7553421" lon="128.032311">
<ele>682.15</ele>
<time>2025-05-17T10:02:23Z</time>
<extensions>
<gpxtpx:TrackPointExtension>
<gpxtpx:hr>172</gpxtpx:hr>
</gpxtpx:TrackPointExtension>
</extensions>
</trkpt>
<trkpt lat="36.7553421" lon="128.0323172">
<ele>682.345</ele>
<time>2025-05-17T10:02:24Z</time>
<extensions>
<gpxtpx:TrackPointExtension>
<gpxtpx:hr>172</gpxtpx:hr>
</gpxtpx:TrackPointExtension>
</extensions>
</trkpt>
<trkpt lat="36.7553411" lon="128.0323214">
<ele>682.795</ele>
<time>2025-05-17T10:02:25Z</time>
<extensions>
<gpxtpx:TrackPointExtension>
<gpxtpx:hr>172</gpxtpx:hr>
</gpxtpx:TrackPointExtension>
</extensions>
</trkpt>
<trkpt lat="36.7553469" lon="128.0323319">
<ele>683.314</ele>
<time>2025-05-17T10:02:26Z</time>
<extensions>
<gpxtpx:TrackPointExtension>
<gpxtpx:hr>172</gpxtpx:hr>
</gpxtpx:TrackPointExtension>
</extensions>
</trkpt>
<trkpt lat="36.7553449" lon="128.0323325">
<ele>683.781</ele>
<time>2025-05-17T10:02:27Z</time>
<extensions>
<gpxtpx:TrackPointExtension>
<gpxtpx:hr>172</gpxtpx:hr>
</gpxtpx:TrackPointExtension>
</extensions>
</trkpt>
<trkpt lat="36.755342" lon="128.0323368">
<ele>684.191</ele>
<time>2025-05-17T10:02:28Z</time>
<extensions>
<gpxtpx:TrackPointExtension>
<gpxtpx:hr>172</gpxtpx:hr>
</gpxtpx:TrackPointExtension>
</extensions>
</trkpt>
<trkpt lat="36.7553437" lon="128.0323388">
<ele>684.344</ele>
<time>2025-05-17T10:02:29Z</time>
<extensions>
<gpxtpx:TrackPointExtension>
<gpxtpx:hr>172</gpxtpx:hr>
</gpxtpx:TrackPointExtension>
</extensions>
</trkpt>
<trkpt lat="36.7553482" lon="128.0323419">
<ele>684.562</ele>
<time>2025-05-17T10:02:30Z</time>
<extensions>
<gpxtpx:TrackPointExtension>
<gpxtpx:hr>172</gpxtpx:hr>
</gpxtpx:TrackPointExtension>
</extensions>
</trkpt>
<trkpt lat="36.7553544" lon="128.032342">
<ele>684.657</ele>
<time>2025-05-17T10:02:31Z</time>
<extensions>
<gpxtpx:TrackPointExtension>
<gpxtpx:hr>172</gpxtpx:hr>
</gpxtpx:TrackPointExtension>
</extensions>
</trkpt>
<trkpt lat="36.7553633" lon="128.0323467">
<ele>684.847</ele>
<time>2025-05-17T10:02:32Z</time>
<extensions>
<gpxtpx:TrackPointExtension>
<gpxtpx:hr>171</gpxtpx:hr>
</gpxtpx:TrackPointExtension>
</extensions>
</trkpt>
<trkpt lat="36.7553726" lon="128.0323497">
<ele>684.731</ele>
<time>2025-05-17T10:02:33Z</time>
<extensions>
<gpxtpx:TrackPointExtension>
<gpxtpx:hr>171</gpxtpx:hr>
</gpxtpx:TrackPointExtension>
</extensions>
</trkpt>
<trkpt lat="36.7553811" lon="128.0323513">
<ele>685.099</ele>
<time>2025-05-17T10:02:34Z</time>
<extensions>
<gpxtpx:TrackPointExtension>
<gpxtpx:hr>171</gpxtpx:hr>
</gpxtpx:TrackPointExtension>
</extensions>
</trkpt>
<trkpt lat="36.7553867" lon="128.0323513">
<ele>685.223</ele>
<time>2025-05-17T10:02:35Z</time>
<extensions>
<gpxtpx:TrackPointExtension>
<gpxtpx:hr>171</gpxtpx:hr>
</gpxtpx:TrackPointExtension>
</extensions>
</trkpt>
<trkpt lat="36.7553915" lon="128.0323544">
<ele>685.375</ele>
<time>2025-05-17T10:02:36Z</time>
<extensions>
<gpxtpx:TrackPointExtension>
<gpxtpx:hr>171</gpxtpx:hr>
</gpxtpx:TrackPointExtension>
</extensions>
</trkpt>
<trkpt lat="36.7553967" lon="128.0323579">
<ele>685.386</ele>
<time>2025-05-17T10:02:37Z</time>
<extensions>
<gpxtpx:TrackPointExtension>
<gpxtpx:hr>171</gpxtpx:hr>
</gpxtpx:TrackPointExtension>
</extensions>
</trkpt>
<trkpt lat="36.7554031" lon="128.0323615">
<ele>685.403</ele>
<time>2025-05-17T10:02:38Z</time>
<extensions>
<gpxtpx:TrackPointExtension>
<gpxtpx:hr>171</gpxtpx:hr>
</gpxtpx:TrackPointExtension>
</extensions>
</trkpt>
<trkpt lat="36.7554071" lon="128.0323688">
<ele>685.427</ele>
<time>2025-05-17T10:02:39Z</time>
<extensions>
<gpxtpx:TrackPointExtension>
<gpxtpx:hr>171</gpxtpx:hr>
</gpxtpx:TrackPointExtension>
</extensions>
</trkpt>
<trkpt lat="36.7554078" lon="128.0323754">
<ele>685.865</ele>
<time>2025-05-17T10:02:40Z</time>
<extensions>
<gpxtpx:TrackPointExtension>
<gpxtpx:hr>171</gpxtpx:hr>
</gpxtpx:TrackPointExtension>
</extensions>
</trkpt>
<trkpt lat="36.7554027" lon="128.0323823">
<ele>686.198</ele>
<time>2025-05-17T10:02:41Z</time>
<extensions>
<gpxtpx:TrackPointExtension>
<gpxtpx:hr>171</gpxtpx:hr>
</gpxtpx:TrackPointExtension>
</extensions>
</trkpt>
<trkpt lat="36.7554036" lon="128.0323809">
<ele>687.02</ele>
<time>2025-05-17T10:02:43Z</time>
<extensions>
<gpxtpx:TrackPointExtension>
<gpxtpx:hr>172</gpxtpx:hr>
</gpxtpx:TrackPointExtension>
</extensions>
</trkpt>
<trkpt lat="36.7554109" lon="128.0323818">
<ele>687.246</ele>
<time>2025-05-17T10:02:44Z</time>
<extensions>
<gpxtpx:TrackPointExtension>
<gpxtpx:hr>172</gpxtpx:hr>
</gpxtpx:TrackPointExtension>
</extensions>
</trkpt>
<trkpt lat="36.7554119" lon="128.0323872">
<ele>687.621</ele>
<time>2025-05-17T10:02:45Z</time>
<extensions>
<gpxtpx:TrackPointExtension>
<gpxtpx:hr>172</gpxtpx:hr>
</gpxtpx:TrackPointExtension>
</extensions>
</trkpt>
<trkpt lat="36.7554101" lon="128.0323899">
<ele>687.663</ele>
<time>2025-05-17T10:02:46Z</time>
<extensions>
<gpxtpx:TrackPointExtension>
<gpxtpx:hr>172</gpxtpx:hr>
</gpxtpx:TrackPointExtension>
</extensions>
</trkpt>
<trkpt lat="36.7554091" lon="128.0323903">
<ele>687.736</ele>
<time>2025-05-17T10:02:47Z</time>
<extensions>
<gpxtpx:TrackPointExtension>
<gpxtpx:hr>173</gpxtpx:hr>
</gpxtpx:TrackPointExtension>
</extensions>
</trkpt>
<trkpt lat="36.7554048" lon="128.0323915">
<ele>688.033</ele>
<time>2025-05-17T10:02:48Z</time>
<extensions>
<gpxtpx:TrackPointExtension>
<gpxtpx:hr>173</gpxtpx:hr>
</gpxtpx:TrackPointExtension>
</extensions>
</trkpt>
<trkpt lat="36.7554074" lon="128.0323986">
<ele>688.57</ele>
<time>2025-05-17T10:02:51Z</time>
<extensions>
<gpxtpx:TrackPointExtension>
<gpxtpx:hr>172</gpxtpx:hr>
</gpxtpx:TrackPointExtension>
</extensions>
</trkpt>
<trkpt lat="36.7554127" lon="128.0324039">
<ele>689.121</ele>
<time>2025-05-17T10:02:52Z</time>
<extensions>
<gpxtpx:TrackPointExtension>
<gpxtpx:hr>172</gpxtpx:hr>
</gpxtpx:TrackPointExtension>
</extensions>
</trkpt>
<trkpt lat="36.7554158" lon="128.0324066">
<ele>689.432</ele>
<time>2025-05-17T10:02:53Z</time>
<extensions>
<gpxtpx:TrackPointExtension>
<gpxtpx:hr>172</gpxtpx:hr>
</gpxtpx:TrackPointExtension>
</extensions>
</trkpt>
<trkpt lat="36.7554167" lon="128.032409">
<ele>689.907</ele>
<time>2025-05-17T10:02:54Z</time>
<extensions>
<gpxtpx:TrackPointExtension>
<gpxtpx:hr>172</gpxtpx:hr>
</gpxtpx:TrackPointExtension>
</extensions>
</trkpt>
<trkpt lat="36.7554167" lon="128.0324067">
<ele>689.583</ele>
<time>2025-05-17T10:02:55Z</time>
<extensions>
<gpxtpx:TrackPointExtension>
<gpxtpx:hr>171</gpxtpx:hr>
</gpxtpx:TrackPointExtension>
</extensions>
</trkpt>
<trkpt lat="36.7554155" lon="128.0324063">
<ele>689.434</ele>
<time>2025-05-17T10:02:56Z</time>
<extensions>
<gpxtpx:TrackPointExtension>
<gpxtpx:hr>171</gpxtpx:hr>
</gpxtpx:TrackPointExtension>
</extensions>
</trkpt>
<trkpt lat="36.755414" lon="128.0324073">
<ele>689.512</ele>
<time>2025-05-17T10:02:57Z</time>
<extensions>
<gpxtpx:TrackPointExtension>
<gpxtpx:hr>171</gpxtpx:hr>
</gpxtpx:TrackPointExtension>
</extensions>
</trkpt>
<trkpt lat="36.7554168" lon="128.0324119">
<ele>690.176</ele>
<time>2025-05-17T10:02:59Z</time>
<extensions>
<gpxtpx:TrackPointExtension>
<gpxtpx:hr>171</gpxtpx:hr>
</gpxtpx:TrackPointExtension>
</extensions>
</trkpt>
<trkpt lat="36.755414" lon="128.0324066">
<ele>690.302</ele>
<time>2025-05-17T10:03:00Z</time>
<extensions>
<gpxtpx:TrackPointExtension>
<gpxtpx:hr>171</gpxtpx:hr>
</gpxtpx:TrackPointExtension>
</extensions>
</trkpt>
<trkpt lat="36.7554146" lon="128.0324046">
<ele>690.372</ele>
<time>2025-05-17T10:03:02Z</time>
<extensions>
<gpxtpx:TrackPointExtension>
<gpxtpx:hr>170</gpxtpx:hr>
</gpxtpx:TrackPointExtension>
</extensions>
</trkpt>
<trkpt lat="36.7554167" lon="128.0324087">
<ele>690.232</ele>
<time>2025-05-17T10:03:03Z</time>
<extensions>
<gpxtpx:TrackPointExtension>
<gpxtpx:hr>170</gpxtpx:hr>
</gpxtpx:TrackPointExtension>
</extensions>
</trkpt>
<trkpt lat="36.755417" lon="128.0324057">
<ele>689.852</ele>
<time>2025-05-17T10:03:04Z</time>
<extensions>
<gpxtpx:TrackPointExtension>
<gpxtpx:hr>170</gpxtpx:hr>
</gpxtpx:TrackPointExtension>
</extensions>
</trkpt>
<trkpt lat="36.7554179" lon="128.0324034">
<ele>689.876</ele>
<time>2025-05-17T10:03:05Z</time>
<extensions>
<gpxtpx:TrackPointExtension>
<gpxtpx:hr>170</gpxtpx:hr>
</gpxtpx:TrackPointExtension>
</extensions>
</trkpt>
<trkpt lat="36.7554226" lon="128.0324067">
<ele>690.19</ele>
<time>2025-05-17T10:03:06Z</time>
<extensions>
<gpxtpx:TrackPointExtension>
<gpxtpx:hr>171</gpxtpx:hr>
</gpxtpx:TrackPointExtension>
</extensions>
</trkpt>
<trkpt lat="36.7554273" lon="128.0324094">
<ele>690.555</ele>
<time>2025-05-17T10:03:07Z</time>
<extensions>
<gpxtpx:TrackPointExtension>
<gpxtpx:hr>171</gpxtpx:hr>
</gpxtpx:TrackPointExtension>
</extensions>
</trkpt>
<trkpt lat="36.7554308" lon="128.0324097">
<ele>690.74</ele>
<time>2025-05-17T10:03:08Z</time>
<extensions>
<gpxtpx:TrackPointExtension>
<gpxtpx:hr>172</gpxtpx:hr>
</gpxtpx:TrackPointExtension>
</extensions>
</trkpt>
<trkpt lat="36.7554374" lon="128.0324115">
<ele>690.869</ele>
<time>2025-05-17T10:03:09Z</time>
<extensions>
<gpxtpx:TrackPointExtension>
<gpxtpx:hr>172</gpxtpx:hr>
</gpxtpx:TrackPointExtension>
</extensions>
</trkpt>
<trkpt lat="36.755444" lon="128.0324116">
<ele>691.08</ele>
<time>2025-05-17T10:03:10Z</time>
<extensions>
<gpxtpx:TrackPointExtension>
<gpxtpx:hr>172</gpxtpx:hr>
</gpxtpx:TrackPointExtension>
</extensions>
</trkpt>
<trkpt lat="36.7554503" lon="128.032415">
<ele>691.266</ele>
<time>2025-05-17T10:03:11Z</time>
<extensions>
<gpxtpx:TrackPointExtension>
<gpxtpx:hr>172</gpxtpx:hr>
</gpxtpx:TrackPointExtension>
</extensions>
</trkpt>
<trkpt lat="36.7554487" lon="128.0324092">
<ele>691.728</ele>
<time>2025-05-17T10:03:12Z</time>
<extensions>
<gpxtpx:TrackPointExtension>
<gpxtpx:hr>172</gpxtpx:hr>
</gpxtpx:TrackPointExtension>
</extensions>
</trkpt>
<trkpt lat="36.7554485" lon="128.0324015">
<ele>692.144</ele>
<time>2025-05-17T10:03:13Z</time>
<extensions>
<gpxtpx:TrackPointExtension>
<gpxtpx:hr>172</gpxtpx:hr>
</gpxtpx:TrackPointExtension>
</extensions>
</trkpt>
<trkpt lat="36.7554492" lon="128.0323948">
<ele>691.711</ele>
<time>2025-05-17T10:03:14Z</time>
<extensions>
<gpxtpx:TrackPointExtension>
<gpxtpx:hr>172</gpxtpx:hr>
</gpxtpx:TrackPointExtension>
</extensions>
</trkpt>
<trkpt lat="36.7554451" lon="128.0323942">
<ele>691.952</ele>
<time>2025-05-17T10:03:15Z</time>
<extensions>
<gpxtpx:TrackPointExtension>
<gpxtpx:hr>172</gpxtpx:hr>
</gpxtpx:TrackPointExtension>
</extensions>
</trkpt>
<trkpt lat="36.7554442" lon="128.0323953">
<ele>691.976</ele>
<time>2025-05-17T10:03:16Z</time>
<extensions>
<gpxtpx:TrackPointExtension>
<gpxtpx:hr>172</gpxtpx:hr>
</gpxtpx:TrackPointExtension>
</extensions>
</trkpt>
<trkpt lat="36.7554456" lon="128.0323956">
<ele>692.227</ele>
<time>2025-05-17T10:03:17Z</time>
<extensions>
<gpxtpx:TrackPointExtension>
<gpxtpx:hr>172</gpxtpx:hr>
</gpxtpx:TrackPointExtension>
</extensions>
</trkpt>
<trkpt lat="36.7554448" lon="128.0323985">
<ele>692.441</ele>
<time>2025-05-17T10:03:18Z</time>
<extensions>
<gpxtpx:TrackPointExtension>
<gpxtpx:hr>172</gpxtpx:hr>
</gpxtpx:TrackPointExtension>
</extensions>
</trkpt>
<trkpt lat="36.7554456" lon="128.0324076">
<ele>692.699</ele>
<time>2025-05-17T10:03:19Z</time>
<extensions>
<gpxtpx:TrackPointExtension>
<gpxtpx:hr>172</gpxtpx:hr>
</gpxtpx:TrackPointExtension>
</extensions>
</trkpt>
<trkpt lat="36.7554516" lon="128.0324159">
<ele>693.41</ele>
<time>2025-05-17T10:03:22Z</time>
<extensions>
<gpxtpx:TrackPointExtension>
<gpxtpx:hr>172</gpxtpx:hr>
</gpxtpx:TrackPointExtension>
</extensions>
</trkpt>
<trkpt lat="36.7554547" lon="128.0324197">
<ele>693.415</ele>
<time>2025-05-17T10:03:23Z</time>
<extensions>
<gpxtpx:TrackPointExtension>
<gpxtpx:hr>172</gpxtpx:hr>
</gpxtpx:TrackPointExtension>
</extensions>
</trkpt>
<trkpt lat="36.7554577" lon="128.0324259">
<ele>693.974</ele>
<time>2025-05-17T10:03:24Z</time>
<extensions>
<gpxtpx:TrackPointExtension>
<gpxtpx:hr>172</gpxtpx:hr>
</gpxtpx:TrackPointExtension>
</extensions>
</trkpt>
<trkpt lat="36.7554614" lon="128.0324314">
<ele>694.003</ele>
<time>2025-05-17T10:03:25Z</time>
<extensions>
<gpxtpx:TrackPointExtension>
<gpxtpx:hr>172</gpxtpx:hr>
</gpxtpx:TrackPointExtension>
</extensions>
</trkpt>
<trkpt lat="36.7554626" lon="128.0324403">
<ele>694.433</ele>
<time>2025-05-17T10:03:26Z</time>
<extensions>
<gpxtpx:TrackPointExtension>
<gpxtpx:hr>172</gpxtpx:hr>
</gpxtpx:TrackPointExtension>
</extensions>
</trkpt>
<trkpt lat="36.7554676" lon="128.0324475">
<ele>694.486</ele>
<time>2025-05-17T10:03:27Z</time>
<extensions>
<gpxtpx:TrackPointExtension>
<gpxtpx:hr>172</gpxtpx:hr>
</gpxtpx:TrackPointExtension>
</extensions>
</trkpt>
<trkpt lat="36.7554755" lon="128.0324532">
<ele>694.722</ele>
<time>2025-05-17T10:03:28Z</time>
<extensions>
<gpxtpx:TrackPointExtension>
<gpxtpx:hr>172</gpxtpx:hr>
</gpxtpx:TrackPointExtension>
</extensions>
</trkpt>
<trkpt lat="36.7554803" lon="128.0324515">
<ele>694.657</ele>
<time>2025-05-17T10:03:29Z</time>
<extensions>
<gpxtpx:TrackPointExtension>
<gpxtpx:hr>172</gpxtpx:hr>
</gpxtpx:TrackPointExtension>
</extensions>
</trkpt>
<trkpt lat="36.7554845" lon="128.0324613">
<ele>694.678</ele>
<time>2025-05-17T10:03:30Z</time>
<extensions>
<gpxtpx:TrackPointExtension>
<gpxtpx:hr>173</gpxtpx:hr>
</gpxtpx:TrackPointExtension>
</extensions>
</trkpt>
<trkpt lat="36.7554893" lon="128.0324619">
<ele>694.978</ele>
<time>2025-05-17T10:03:31Z</time>
<extensions>
<gpxtpx:TrackPointExtension>
<gpxtpx:hr>173</gpxtpx:hr>
</gpxtpx:TrackPointExtension>
</extensions>
</trkpt>
<trkpt lat="36.7554946" lon="128.0324652">
<ele>695.161</ele>
<time>2025-05-17T10:03:32Z</time>
<extensions>
<gpxtpx:TrackPointExtension>
<gpxtpx:hr>173</gpxtpx:hr>
</gpxtpx:TrackPointExtension>
</extensions>
</trkpt>
<trkpt lat="36.7554965" lon="128.0324642">
<ele>695.166</ele>
<time>2025-05-17T10:03:33Z</time>
<extensions>
<gpxtpx:TrackPointExtension>
<gpxtpx:hr>173</gpxtpx:hr>
</gpxtpx:TrackPointExtension>
</extensions>
</trkpt>
<trkpt lat="36.7554964" lon="128.0324633">
<ele>695.132</ele>
<time>2025-05-17T10:03:34Z</time>
<extensions>
<gpxtpx:TrackPointExtension>
<gpxtpx:hr>173</gpxtpx:hr>
</gpxtpx:TrackPointExtension>
</extensions>
</trkpt>
<trkpt lat="36.7554977" lon="128.0324617">
<ele>695.728</ele>
<time>2025-05-17T10:03:35Z</time>
</trkpt>
<trkpt lat="36.7555026" lon="128.0324736">
<ele>696.059</ele>
<time>2025-05-17T10:03:36Z</time>
<extensions>
<gpxtpx:TrackPointExtension>
<gpxtpx:hr>173</gpxtpx:hr>
</gpxtpx:TrackPointExtension>
</extensions>
</trkpt>
<trkpt lat="36.7555058" lon="128.0324841">
<ele>696.341</ele>
<time>2025-05-17T10:03:37Z</time>
<extensions>
<gpxtpx:TrackPointExtension>
<gpxtpx:hr>173</gpxtpx:hr>
</gpxtpx:TrackPointExtension>
</extensions>
</trkpt>
<trkpt lat="36.7555073" lon="128.0324805">
<ele>696.497</ele>
<time>2025-05-17T10:03:38Z</time>
<extensions>
<gpxtpx:TrackPointExtension>
<gpxtpx:hr>173</gpxtpx:hr>
</gpxtpx:TrackPointExtension>
</extensions>
</trkpt>
<trkpt lat="36.7555077" lon="128.0324807">
<ele>696.617</ele>
<time>2025-05-17T10:03:39Z</time>
<extensions>
<gpxtpx:TrackPointExtension>
<gpxtpx:hr>172</gpxtpx:hr>
</gpxtpx:TrackPointExtension>
</extensions>
</trkpt>
<trkpt lat="36.755511" lon="128.0324825">
<ele>696.834</ele>
<time>2025-05-17T10:03:40Z</time>
<extensions>
<gpxtpx:TrackPointExtension>
<gpxtpx:hr>172</gpxtpx:hr>
</gpxtpx:TrackPointExtension>
</extensions>
</trkpt>
<trkpt lat="36.7555142" lon="128.0324824">
<ele>696.875</ele>
<time>2025-05-17T10:03:41Z</time>
<extensions>
<gpxtpx:TrackPointExtension>
<gpxtpx:hr>172</gpxtpx:hr>
</gpxtpx:TrackPointExtension>
</extensions>
</trkpt>
<trkpt lat="36.7555183" lon="128.0324851">
<ele>697.404</ele>
<time>2025-05-17T10:03:42Z</time>
<extensions>
<gpxtpx:TrackPointExtension>
<gpxtpx:hr>173</gpxtpx:hr>
</gpxtpx:TrackPointExtension>
</extensions>
</trkpt>
<trkpt lat="36.7555198" lon="128.0324853">
<ele>698.417</ele>
<time>2025-05-17T10:03:44Z</time>
<extensions>
<gpxtpx:TrackPointExtension>
<gpxtpx:hr>173</gpxtpx:hr>
</gpxtpx:TrackPointExtension>
</extensions>
</trkpt>
<trkpt lat="36.7555201" lon="128.0324825">
<ele>698.755</ele>
<time>2025-05-17T10:03:45Z</time>
<extensions>
<gpxtpx:TrackPointExtension>
<gpxtpx:hr>173</gpxtpx:hr>
</gpxtpx:TrackPointExtension>
</extensions>
</trkpt>
<trkpt lat="36.7555204" lon="128.0324772">
<ele>698.772</ele>
<time>2025-05-17T10:03:46Z</time>
<extensions>
<gpxtpx:TrackPointExtension>
<gpxtpx:hr>173</gpxtpx:hr>
</gpxtpx:TrackPointExtension>
</extensions>
</trkpt>
<trkpt lat="36.7555203" lon="128.0324741">
<ele>698.866</ele>
<time>2025-05-17T10:03:47Z</time>
<extensions>
<gpxtpx:TrackPointExtension>
<gpxtpx:hr>173</gpxtpx:hr>
</gpxtpx:TrackPointExtension>
</extensions>
</trkpt>
<trkpt lat="36.7555235" lon="128.0324756">
<ele>698.456</ele>
<time>2025-05-17T10:03:48Z</time>
<extensions>
<gpxtpx:TrackPointExtension>
<gpxtpx:hr>173</gpxtpx:hr>
</gpxtpx:TrackPointExtension>
</extensions>
</trkpt>
<trkpt lat="36.7555261" lon="128.03247">
<ele>698.73</ele>
<time>2025-05-17T10:03:49Z</time>
<extensions>
<gpxtpx:TrackPointExtension>
<gpxtpx:hr>174</gpxtpx:hr>
</gpxtpx:TrackPointExtension>
</extensions>
</trkpt>
<trkpt lat="36.7555325" lon="128.0324724">
<ele>698.455</ele>
<time>2025-05-17T10:03:50Z</time>
<extensions>
<gpxtpx:TrackPointExtension>
<gpxtpx:hr>174</gpxtpx:hr>
</gpxtpx:TrackPointExtension>
</extensions>
</trkpt>
<trkpt lat="36.7555361" lon="128.0324707">
<ele>698.347</ele>
<time>2025-05-17T10:03:51Z</time>
<extensions>
<gpxtpx:TrackPointExtension>
<gpxtpx:hr>174</gpxtpx:hr>
</gpxtpx:TrackPointExtension>
</extensions>
</trkpt>
<trkpt lat="36.7555353" lon="128.0324748">
<ele>698.443</ele>
<time>2025-05-17T10:03:52Z</time>
<extensions>
<gpxtpx:TrackPointExtension>
<gpxtpx:hr>174</gpxtpx:hr>
</gpxtpx:TrackPointExtension>
</extensions>
</trkpt>
<trkpt lat="36.7555363" lon="128.0324747">
<ele>698.482</ele>
<time>2025-05-17T10:03:53Z</time>
<extensions>
<gpxtpx:TrackPointExtension>
<gpxtpx:hr>174</gpxtpx:hr>
</gpxtpx:TrackPointExtension>
</extensions>
</trkpt>
<trkpt lat="36.7555381" lon="128.0324745">
<ele>698.839</ele>
<time>2025-05-17T10:03:54Z</time>
<extensions>
<gpxtpx:TrackPointExtension>
<gpxtpx:hr>174</gpxtpx:hr>
</gpxtpx:TrackPointExtension>
</extensions>
</trkpt>
<trkpt lat="36.7555403" lon="128.0324795">
<ele>699.718</ele>
<time>2025-05-17T10:03:58Z</time>
<extensions>
<gpxtpx:TrackPointExtension>
<gpxtpx:hr>174</gpxtpx:hr>
</gpxtpx:TrackPointExtension>
</extensions>
</trkpt>
<trkpt lat="36.7555429" lon="128.0324784">
<ele>699.952</ele>
<time>2025-05-17T10:03:59Z</time>
<extensions>
<gpxtpx:TrackPointExtension>
<gpxtpx:hr>174</gpxtpx:hr>
</gpxtpx:TrackPointExtension>
</extensions>
</trkpt>
<trkpt lat="36.7555482" lon="128.0324812">
<ele>700.153</ele>
<time>2025-05-17T10:04:00Z</time>
<extensions>
<gpxtpx:TrackPointExtension>
<gpxtpx:hr>174</gpxtpx:hr>
</gpxtpx:TrackPointExtension>
</extensions>
</trkpt>
<trkpt lat="36.7555496" lon="128.0324839">
<ele>700.351</ele>
<time>2025-05-17T10:04:01Z</time>
<extensions>
<gpxtpx:TrackPointExtension>
<gpxtpx:hr>174</gpxtpx:hr>
</gpxtpx:TrackPointExtension>
</extensions>
</trkpt>
<trkpt lat="36.7555538" lon="128.0324851">
<ele>700.517</ele>
<time>2025-05-17T10:04:02Z</time>
<extensions>
<gpxtpx:TrackPointExtension>
<gpxtpx:hr>174</gpxtpx:hr>
</gpxtpx:TrackPointExtension>
</extensions>
</trkpt>
<trkpt lat="36.75556" lon="128.0324891">
<ele>700.717</ele>
<time>2025-05-17T10:04:03Z</time>
<extensions>
<gpxtpx:TrackPointExtension>
<gpxtpx:hr>174</gpxtpx:hr>
</gpxtpx:TrackPointExtension>
</extensions>
</trkpt>
<trkpt lat="36.7555605" lon="128.0324941">
<ele>700.763</ele>
<time>2025-05-17T10:04:04Z</time>
<extensions>
<gpxtpx:TrackPointExtension>
<gpxtpx:hr>174</gpxtpx:hr>
</gpxtpx:TrackPointExtension>
</extensions>
</trkpt>
<trkpt lat="36.7555648" lon="128.0324977">
<ele>701.002</ele>
<time>2025-05-17T10:04:05Z</time>
<extensions>
<gpxtpx:TrackPointExtension>
<gpxtpx:hr>174</gpxtpx:hr>
</gpxtpx:TrackPointExtension>
</extensions>
</trkpt>
<trkpt lat="36.7555702" lon="128.0325049">
<ele>701.255</ele>
<time>2025-05-17T10:04:06Z</time>
<extensions>
<gpxtpx:TrackPointExtension>
<gpxtpx:hr>174</gpxtpx:hr>
</gpxtpx:TrackPointExtension>
</extensions>
</trkpt>
<trkpt lat="36.7555778" lon="128.032513">
<ele>701.44</ele>
<time>2025-05-17T10:04:07Z</time>
<extensions>
<gpxtpx:TrackPointExtension>
<gpxtpx:hr>173</gpxtpx:hr>
</gpxtpx:TrackPointExtension>
</extensions>
</trkpt>
<trkpt lat="36.7555833" lon="128.0325193">
<ele>701.552</ele>
<time>2025-05-17T10:04:08Z</time>
<extensions>
<gpxtpx:TrackPointExtension>
<gpxtpx:hr>173</gpxtpx:hr>
</gpxtpx:TrackPointExtension>
</extensions>
</trkpt>
<trkpt lat="36.7555819" lon="128.0325211">
<ele>701.664</ele>
<time>2025-05-17T10:04:09Z</time>
<extensions>
<gpxtpx:TrackPointExtension>
<gpxtpx:hr>172</gpxtpx:hr>
</gpxtpx:TrackPointExtension>
</extensions>
</trkpt>
<trkpt lat="36.7555822" lon="128.0325193">
<ele>701.825</ele>
<time>2025-05-17T10:04:10Z</time>
<extensions>
<gpxtpx:TrackPointExtension>
<gpxtpx:hr>172</gpxtpx:hr>
</gpxtpx:TrackPointExtension>
</extensions>
</trkpt>
<trkpt lat="36.7555802" lon="128.032521">
<ele>701.958</ele>
<time>2025-05-17T10:04:11Z</time>
<extensions>
<gpxtpx:TrackPointExtension>
<gpxtpx:hr>172</gpxtpx:hr>
</gpxtpx:TrackPointExtension>
</extensions>
</trkpt>
<trkpt lat="36.7555867" lon="128.032522">
<ele>701.893</ele>
<time>2025-05-17T10:04:12Z</time>
<extensions>
<gpxtpx:TrackPointExtension>
<gpxtpx:hr>172</gpxtpx:hr>
</gpxtpx:TrackPointExtension>
</extensions>
</trkpt>
<trkpt lat="36.755589" lon="128.0325258">
<ele>702.016</ele>
<time>2025-05-17T10:04:13Z</time>
<extensions>
<gpxtpx:TrackPointExtension>
<gpxtpx:hr>172</gpxtpx:hr>
</gpxtpx:TrackPointExtension>
</extensions>
</trkpt>
<trkpt lat="36.7555915" lon="128.0325245">
<ele>701.999</ele>
<time>2025-05-17T10:04:14Z</time>
<extensions>
<gpxtpx:TrackPointExtension>
<gpxtpx:hr>172</gpxtpx:hr>
</gpxtpx:TrackPointExtension>
</extensions>
</trkpt>
<trkpt lat="36.7555902" lon="128.0325268">
<ele>702.305</ele>
<time>2025-05-17T10:04:15Z</time>
<extensions>
<gpxtpx:TrackPointExtension>
<gpxtpx:hr>172</gpxtpx:hr>
</gpxtpx:TrackPointExtension>
</extensions>
</trkpt>
<trkpt lat="36.7555922" lon="128.0325265">
<ele>702.981</ele>
<time>2025-05-17T10:04:17Z</time>
<extensions>
<gpxtpx:TrackPointExtension>
<gpxtpx:hr>173</gpxtpx:hr>
</gpxtpx:TrackPointExtension>
</extensions>
</trkpt>
<trkpt lat="36.7555937" lon="128.0325274">
<ele>703.22</ele>
<time>2025-05-17T10:04:18Z</time>
<extensions>
<gpxtpx:TrackPointExtension>
<gpxtpx:hr>173</gpxtpx:hr>
</gpxtpx:TrackPointExtension>
</extensions>
</trkpt>
<trkpt lat="36.7555964" lon="128.0325313">
<ele>703.176</ele>
<time>2025-05-17T10:04:19Z</time>
<extensions>
<gpxtpx:TrackPointExtension>
<gpxtpx:hr>173</gpxtpx:hr>
</gpxtpx:TrackPointExtension>
</extensions>
</trkpt>
<trkpt lat="36.7556037" lon="128.032536">
<ele>703.242</ele>
<time>2025-05-17T10:04:20Z</time>
<extensions>
<gpxtpx:TrackPointExtension>
<gpxtpx:hr>173</gpxtpx:hr>
</gpxtpx:TrackPointExtension>
</extensions>
</trkpt>
<trkpt lat="36.7556068" lon="128.0325346">
<ele>703.031</ele>
<time>2025-05-17T10:04:21Z</time>
<extensions>
<gpxtpx:TrackPointExtension>
<gpxtpx:hr>172</gpxtpx:hr>
</gpxtpx:TrackPointExtension>
</extensions>
</trkpt>
<trkpt lat="36.7556062" lon="128.0325322">
<ele>703.615</ele>
<time>2025-05-17T10:04:22Z</time>
<extensions>
<gpxtpx:TrackPointExtension>
<gpxtpx:hr>172</gpxtpx:hr>
</gpxtpx:TrackPointExtension>
</extensions>
</trkpt>
<trkpt lat="36.7556117" lon="128.0325337">
<ele>703.82</ele>
<time>2025-05-17T10:04:23Z</time>
<extensions>
<gpxtpx:TrackPointExtension>
<gpxtpx:hr>172</gpxtpx:hr>
</gpxtpx:TrackPointExtension>
</extensions>
</trkpt>
<trkpt lat="36.7556129" lon="128.0325356">
<ele>704.236</ele>
<time>2025-05-17T10:04:24Z</time>
<extensions>
<gpxtpx:TrackPointExtension>
<gpxtpx:hr>172</gpxtpx:hr>
</gpxtpx:TrackPointExtension>
</extensions>
</trkpt>
<trkpt lat="36.7556187" lon="128.0325354">
<ele>704.566</ele>
<time>2025-05-17T10:04:25Z</time>
<extensions>
<gpxtpx:TrackPointExtension>
<gpxtpx:hr>172</gpxtpx:hr>
</gpxtpx:TrackPointExtension>
</extensions>
</trkpt>
<trkpt lat="36.7556212" lon="128.0325334">
<ele>704.692</ele>
<time>2025-05-17T10:04:26Z</time>
<extensions>
<gpxtpx:TrackPointExtension>
<gpxtpx:hr>172</gpxtpx:hr>
</gpxtpx:TrackPointExtension>
</extensions>
</trkpt>
<trkpt lat="36.7556205" lon="128.0325346">
<ele>705.011</ele>
<time>2025-05-17T10:04:27Z</time>
<extensions>
<gpxtpx:TrackPointExtension>
<gpxtpx:hr>172</gpxtpx:hr>
</gpxtpx:TrackPointExtension>
</extensions>
</trkpt>
<trkpt lat="36.7556187" lon="128.0325363">
<ele>705.307</ele>
<time>2025-05-17T10:04:28Z</time>
<extensions>
<gpxtpx:TrackPointExtension>
<gpxtpx:hr>172</gpxtpx:hr>
</gpxtpx:TrackPointExtension>
</extensions>
</trkpt>
<trkpt lat="36.7556228" lon="128.0325364">
<ele>705.116</ele>
<time>2025-05-17T10:04:29Z</time>
<extensions>
<gpxtpx:TrackPointExtension>
<gpxtpx:hr>172</gpxtpx:hr>
</gpxtpx:TrackPointExtension>
</extensions>
</trkpt>
<trkpt lat="36.7556262" lon="128.0325408">
<ele>705.223</ele>
<time>2025-05-17T10:04:30Z</time>
<extensions>
<gpxtpx:TrackPointExtension>
<gpxtpx:hr>172</gpxtpx:hr>
</gpxtpx:TrackPointExtension>
</extensions>
</trkpt>
<trkpt lat="36.7556292" lon="128.0325449">
<ele>705.391</ele>
<time>2025-05-17T10:04:34Z</time>
<extensions>
<gpxtpx:TrackPointExtension>
<gpxtpx:hr>171</gpxtpx:hr>
</gpxtpx:TrackPointExtension>
</extensions>
</trkpt>
<trkpt lat="36.7556309" lon="128.0325454">
<ele>705.561</ele>
<time>2025-05-17T10:04:35Z</time>
<extensions>
<gpxtpx:TrackPointExtension>
<gpxtpx:hr>171</gpxtpx:hr>
</gpxtpx:TrackPointExtension>
</extensions>
</trkpt>
<trkpt lat="36.7556352" lon="128.032549">
<ele>705.908</ele>
<time>2025-05-17T10:04:36Z</time>
<extensions>
<gpxtpx:TrackPointExtension>
<gpxtpx:hr>171</gpxtpx:hr>
</gpxtpx:TrackPointExtension>
</extensions>
</trkpt>
<trkpt lat="36.7556453" lon="128.0325523">
<ele>705.973</ele>
<time>2025-05-17T10:04:37Z</time>
<extensions>
<gpxtpx:TrackPointExtension>
<gpxtpx:hr>171</gpxtpx:hr>
</gpxtpx:TrackPointExtension>
</extensions>
</trkpt>
<trkpt lat="36.7556545" lon="128.0325545">
<ele>705.948</ele>
<time>2025-05-17T10:04:38Z</time>
<extensions>
<gpxtpx:TrackPointExtension>
<gpxtpx:hr>171</gpxtpx:hr>
</gpxtpx:TrackPointExtension>
</extensions>
</trkpt>
<trkpt lat="36.7556575" lon="128.0325567">
<ele>706.028</ele>
<time>2025-05-17T10:04:39Z</time>
<extensions>
<gpxtpx:TrackPointExtension>
<gpxtpx:hr>171</gpxtpx:hr>
</gpxtpx:TrackPointExtension>
</extensions>
</trkpt>
<trkpt lat="36.7556621" lon="128.0325555">
<ele>706.14</ele>
<time>2025-05-17T10:04:40Z</time>
<extensions>
<gpxtpx:TrackPointExtension>
<gpxtpx:hr>171</gpxtpx:hr>
</gpxtpx:TrackPointExtension>
</extensions>
</trkpt>
<trkpt lat="36.7556608" lon="128.0325609">
<ele>706.029</ele>
<time>2025-05-17T10:04:41Z</time>
<extensions>
<gpxtpx:TrackPointExtension>
<gpxtpx:hr>171</gpxtpx:hr>
</gpxtpx:TrackPointExtension>
</extensions>
</trkpt>
<trkpt lat="36.7556661" lon="128.0325602">
<ele>706.24</ele>
<time>2025-05-17T10:04:42Z</time>
<extensions>
<gpxtpx:TrackPointExtension>
<gpxtpx:hr>171</gpxtpx:hr>
</gpxtpx:TrackPointExtension>
</extensions>
</trkpt>
<trkpt lat="36.7556693" lon="128.0325626">
<ele>706.497</ele>
<time>2025-05-17T10:04:43Z</time>
<extensions>
<gpxtpx:TrackPointExtension>
<gpxtpx:hr>171</gpxtpx:hr>
</gpxtpx:TrackPointExtension>
</extensions>
</trkpt>
<trkpt lat="36.7556694" lon="128.0325633">
<ele>706.927</ele>
<time>2025-05-17T10:04:44Z</time>
<extensions>
<gpxtpx:TrackPointExtension>
<gpxtpx:hr>171</gpxtpx:hr>
</gpxtpx:TrackPointExtension>
</extensions>
</trkpt>
<trkpt lat="36.7556716" lon="128.032567">
<ele>707.33</ele>
<time>2025-05-17T10:04:45Z</time>
<extensions>
<gpxtpx:TrackPointExtension>
<gpxtpx:hr>171</gpxtpx:hr>
</gpxtpx:TrackPointExtension>
</extensions>
</trkpt>
<trkpt lat="36.7556716" lon="128.0325679">
<ele>707.508</ele>
<time>2025-05-17T10:04:46Z</time>
<extensions>
<gpxtpx:TrackPointExtension>
<gpxtpx:hr>171</gpxtpx:hr>
</gpxtpx:TrackPointExtension>
</extensions>
</trkpt>
<trkpt lat="36.7556729" lon="128.0325646">
<ele>707.706</ele>
<time>2025-05-17T10:04:47Z</time>
<extensions>
<gpxtpx:TrackPointExtension>
<gpxtpx:hr>171</gpxtpx:hr>
</gpxtpx:TrackPointExtension>
</extensions>
</trkpt>
<trkpt lat="36.7556745" lon="128.0325624">
<ele>707.976</ele>
<time>2025-05-17T10:04:48Z</time>
<extensions>
<gpxtpx:TrackPointExtension>
<gpxtpx:hr>172</gpxtpx:hr>
</gpxtpx:TrackPointExtension>
</extensions>
</trkpt>
<trkpt lat="36.7556747" lon="128.0325646">
<ele>708.088</ele>
<time>2025-05-17T10:04:49Z</time>
<extensions>
<gpxtpx:TrackPointExtension>
<gpxtpx:hr>172</gpxtpx:hr>
</gpxtpx:TrackPointExtension>
</extensions>
</trkpt>
<trkpt lat="36.7556827" lon="128.0325646">
<ele>708.298</ele>
<time>2025-05-17T10:04:50Z</time>
<extensions>
<gpxtpx:TrackPointExtension>
<gpxtpx:hr>171</gpxtpx:hr>
</gpxtpx:TrackPointExtension>
</extensions>
</trkpt>
<trkpt lat="36.7556892" lon="128.0325652">
<ele>708.195</ele>
<time>2025-05-17T10:04:51Z</time>
<extensions>
<gpxtpx:TrackPointExtension>
<gpxtpx:hr>171</gpxtpx:hr>
</gpxtpx:TrackPointExtension>
</extensions>
</trkpt>
<trkpt lat="36.7556949" lon="128.0325643">
<ele>708.354</ele>
<time>2025-05-17T10:04:52Z</time>
<extensions>
<gpxtpx:TrackPointExtension>
<gpxtpx:hr>171</gpxtpx:hr>
</gpxtpx:TrackPointExtension>
</extensions>
</trkpt>
<trkpt lat="36.7556997" lon="128.0325672">
<ele>708.476</ele>
<time>2025-05-17T10:04:53Z</time>
<extensions>
<gpxtpx:TrackPointExtension>
<gpxtpx:hr>171</gpxtpx:hr>
</gpxtpx:TrackPointExtension>
</extensions>
</trkpt>
<trkpt lat="36.7557012" lon="128.0325718">
<ele>708.953</ele>
<time>2025-05-17T10:04:54Z</time>
<extensions>
<gpxtpx:TrackPointExtension>
<gpxtpx:hr>172</gpxtpx:hr>
</gpxtpx:TrackPointExtension>
</extensions>
</trkpt>
<trkpt lat="36.7556994" lon="128.0325763">
<ele>708.91</ele>
<time>2025-05-17T10:04:55Z</time>
<extensions>
<gpxtpx:TrackPointExtension>
<gpxtpx:hr>172</gpxtpx:hr>
</gpxtpx:TrackPointExtension>
</extensions>
</trkpt>
<trkpt lat="36.7557069" lon="128.0325833">
<ele>709.217</ele>
<time>2025-05-17T10:04:56Z</time>
<extensions>
<gpxtpx:TrackPointExtension>
<gpxtpx:hr>172</gpxtpx:hr>
</gpxtpx:TrackPointExtension>
</extensions>
</trkpt>
<trkpt lat="36.7557173" lon="128.0325949">
<ele>709.623</ele>
<time>2025-05-17T10:04:57Z</time>
<extensions>
<gpxtpx:TrackPointExtension>
<gpxtpx:hr>172</gpxtpx:hr>
</gpxtpx:TrackPointExtension>
</extensions>
</trkpt>
<trkpt lat="36.7557231" lon="128.0325983">
<ele>710.388</ele>
<time>2025-05-17T10:04:58Z</time>
<extensions>
<gpxtpx:TrackPointExtension>
<gpxtpx:hr>172</gpxtpx:hr>
</gpxtpx:TrackPointExtension>
</extensions>
</trkpt>
<trkpt lat="36.7557295" lon="128.0326073">
<ele>710.88</ele>
<time>2025-05-17T10:04:59Z</time>
<extensions>
<gpxtpx:TrackPointExtension>
<gpxtpx:hr>172</gpxtpx:hr>
</gpxtpx:TrackPointExtension>
</extensions>
</trkpt>
<trkpt lat="36.7557317" lon="128.0326124">
<ele>711.106</ele>
<time>2025-05-17T10:05:00Z</time>
<extensions>
<gpxtpx:TrackPointExtension>
<gpxtpx:hr>172</gpxtpx:hr>
</gpxtpx:TrackPointExtension>
</extensions>
</trkpt>
<trkpt lat="36.7557314" lon="128.0326232">
<ele>710.702</ele>
<time>2025-05-17T10:05:01Z</time>
<extensions>
<gpxtpx:TrackPointExtension>
<gpxtpx:hr>172</gpxtpx:hr>
</gpxtpx:TrackPointExtension>
</extensions>
</trkpt>
<trkpt lat="36.7557336" lon="128.0326366">
<ele>710.958</ele>
<time>2025-05-17T10:05:02Z</time>
<extensions>
<gpxtpx:TrackPointExtension>
<gpxtpx:hr>172</gpxtpx:hr>
</gpxtpx:TrackPointExtension>
</extensions>
</trkpt>
<trkpt lat="36.7557379" lon="128.0326408">
<ele>711.451</ele>
<time>2025-05-17T10:05:03Z</time>
<extensions>
<gpxtpx:TrackPointExtension>
<gpxtpx:hr>172</gpxtpx:hr>
</gpxtpx:TrackPointExtension>
</extensions>
</trkpt>
<trkpt lat="36.7557392" lon="128.0326452">
<ele>711.321</ele>
<time>2025-05-17T10:05:04Z</time>
<extensions>
<gpxtpx:TrackPointExtension>
<gpxtpx:hr>172</gpxtpx:hr>
</gpxtpx:TrackPointExtension>
</extensions>
</trkpt>
<trkpt lat="36.7557357" lon="128.0326465">
<ele>711.344</ele>
<time>2025-05-17T10:05:05Z</time>
<extensions>
<gpxtpx:TrackPointExtension>
<gpxtpx:hr>172</gpxtpx:hr>
</gpxtpx:TrackPointExtension>
</extensions>
</trkpt>
<trkpt lat="36.755735" lon="128.03265">
<ele>711.625</ele>
<time>2025-05-17T10:05:06Z</time>
<extensions>
<gpxtpx:TrackPointExtension>
<gpxtpx:hr>172</gpxtpx:hr>
</gpxtpx:TrackPointExtension>
</extensions>
</trkpt>
<trkpt lat="36.7557371" lon="128.0326538">
<ele>711.734</ele>
<time>2025-05-17T10:05:07Z</time>
<extensions>
<gpxtpx:TrackPointExtension>
<gpxtpx:hr>172</gpxtpx:hr>
</gpxtpx:TrackPointExtension>
</extensions>
</trkpt>
<trkpt lat="36.7557383" lon="128.0326514">
<ele>711.958</ele>
<time>2025-05-17T10:05:08Z</time>
<extensions>
<gpxtpx:TrackPointExtension>
<gpxtpx:hr>172</gpxtpx:hr>
</gpxtpx:TrackPointExtension>
</extensions>
</trkpt>
<trkpt lat="36.7557397" lon="128.0326508">
<ele>712.325</ele>
<time>2025-05-17T10:05:09Z</time>
<extensions>
<gpxtpx:TrackPointExtension>
<gpxtpx:hr>172</gpxtpx:hr>
</gpxtpx:TrackPointExtension>
</extensions>
</trkpt>
<trkpt lat="36.7557478" lon="128.0326533">
<ele>712.379</ele>
<time>2025-05-17T10:05:10Z</time>
<extensions>
<gpxtpx:TrackPointExtension>
<gpxtpx:hr>172</gpxtpx:hr>
</gpxtpx:TrackPointExtension>
</extensions>
</trkpt>
<trkpt lat="36.755744" lon="128.0326557">
<ele>712.461</ele>
<time>2025-05-17T10:05:11Z</time>
<extensions>
<gpxtpx:TrackPointExtension>
<gpxtpx:hr>173</gpxtpx:hr>
</gpxtpx:TrackPointExtension>
</extensions>
</trkpt>
<trkpt lat="36.7557417" lon="128.0326579">
<ele>712.424</ele>
<time>2025-05-17T10:05:12Z</time>
<extensions>
<gpxtpx:TrackPointExtension>
<gpxtpx:hr>172</gpxtpx:hr>
</gpxtpx:TrackPointExtension>
</extensions>
</trkpt>
<trkpt lat="36.7557412" lon="128.0326596">
<ele>712.568</ele>
<time>2025-05-17T10:05:14Z</time>
<extensions>
<gpxtpx:TrackPointExtension>
<gpxtpx:hr>173</gpxtpx:hr>
</gpxtpx:TrackPointExtension>
</extensions>
</trkpt>
<trkpt lat="36.7557453" lon="128.0326615">
<ele>712.781</ele>
<time>2025-05-17T10:05:15Z</time>
<extensions>
<gpxtpx:TrackPointExtension>
<gpxtpx:hr>173</gpxtpx:hr>
</gpxtpx:TrackPointExtension>
</extensions>
</trkpt>
<trkpt lat="36.7557496" lon="128.0326682">
<ele>713.095</ele>
<time>2025-05-17T10:05:16Z</time>
<extensions>
<gpxtpx:TrackPointExtension>
<gpxtpx:hr>172</gpxtpx:hr>
</gpxtpx:TrackPointExtension>
</extensions>
</trkpt>
<trkpt lat="36.7557536" lon="128.0326782">
<ele>713.301</ele>
<time>2025-05-17T10:05:17Z</time>
<extensions>
<gpxtpx:TrackPointExtension>
<gpxtpx:hr>172</gpxtpx:hr>
</gpxtpx:TrackPointExtension>
</extensions>
</trkpt>
<trkpt lat="36.7557563" lon="128.0326834">
<ele>713.58</ele>
<time>2025-05-17T10:05:18Z</time>
<extensions>
<gpxtpx:TrackPointExtension>
<gpxtpx:hr>173</gpxtpx:hr>
</gpxtpx:TrackPointExtension>
</extensions>
</trkpt>
<trkpt lat="36.7557688" lon="128.0326888">
<ele>713.401</ele>
<time>2025-05-17T10:05:19Z</time>
<extensions>
<gpxtpx:TrackPointExtension>
<gpxtpx:hr>173</gpxtpx:hr>
</gpxtpx:TrackPointExtension>
</extensions>
</trkpt>
<trkpt lat="36.7557752" lon="128.0326907">
<ele>713.594</ele>
<time>2025-05-17T10:05:20Z</time>
<extensions>
<gpxtpx:TrackPointExtension>
<gpxtpx:hr>173</gpxtpx:hr>
</gpxtpx:TrackPointExtension>
</extensions>
</trkpt>
<trkpt lat="36.7557782" lon="128.0326967">
<ele>713.548</ele>
<time>2025-05-17T10:05:21Z</time>
<extensions>
<gpxtpx:TrackPointExtension>
<gpxtpx:hr>173</gpxtpx:hr>
</gpxtpx:TrackPointExtension>
</extensions>
</trkpt>
<trkpt lat="36.7557779" lon="128.032705">
<ele>713.779</ele>
<time>2025-05-17T10:05:22Z</time>
<extensions>
<gpxtpx:TrackPointExtension>
<gpxtpx:hr>173</gpxtpx:hr>
</gpxtpx:TrackPointExtension>
</extensions>
</trkpt>
<trkpt lat="36.7557792" lon="128.0327127">
<ele>713.952</ele>
<time>2025-05-17T10:05:23Z</time>
<extensions>
<gpxtpx:TrackPointExtension>
<gpxtpx:hr>173</gpxtpx:hr>
</gpxtpx:TrackPointExtension>
</extensions>
</trkpt>
<trkpt lat="36.7557835" lon="128.032718">
<ele>714.469</ele>
<time>2025-05-17T10:05:24Z</time>
<extensions>
<gpxtpx:TrackPointExtension>
<gpxtpx:hr>173</gpxtpx:hr>
</gpxtpx:TrackPointExtension>
</extensions>
</trkpt>
<trkpt lat="36.7557855" lon="128.0327207">
<ele>714.489</ele>
<time>2025-05-17T10:05:25Z</time>
<extensions>
<gpxtpx:TrackPointExtension>
<gpxtpx:hr>173</gpxtpx:hr>
</gpxtpx:TrackPointExtension>
</extensions>
</trkpt>
<trkpt lat="36.755789" lon="128.0327231">
<ele>714.691</ele>
<time>2025-05-17T10:05:26Z</time>
<extensions>
<gpxtpx:TrackPointExtension>
<gpxtpx:hr>173</gpxtpx:hr>
</gpxtpx:TrackPointExtension>
</extensions>
</trkpt>
<trkpt lat="36.7557871" lon="128.0327251">
<ele>714.536</ele>
<time>2025-05-17T10:05:27Z</time>
<extensions>
<gpxtpx:TrackPointExtension>
<gpxtpx:hr>172</gpxtpx:hr>
</gpxtpx:TrackPointExtension>
</extensions>
</trkpt>
<trkpt lat="36.7557902" lon="128.0327242">
<ele>714.94</ele>
<time>2025-05-17T10:05:28Z</time>
<extensions>
<gpxtpx:TrackPointExtension>
<gpxtpx:hr>172</gpxtpx:hr>
</gpxtpx:TrackPointExtension>
</extensions>
</trkpt>
<trkpt lat="36.7557882" lon="128.0327271">
<ele>715.475</ele>
<time>2025-05-17T10:05:29Z</time>
<extensions>
<gpxtpx:TrackPointExtension>
<gpxtpx:hr>172</gpxtpx:hr>
</gpxtpx:TrackPointExtension>
</extensions>
</trkpt>
<trkpt lat="36.7557891" lon="128.0327273">
<ele>716.088</ele>
<time>2025-05-17T10:05:30Z</time>
<extensions>
<gpxtpx:TrackPointExtension>
<gpxtpx:hr>173</gpxtpx:hr>
</gpxtpx:TrackPointExtension>
</extensions>
</trkpt>
<trkpt lat="36.7557913" lon="128.0327269">
<ele>715.257</ele>
<time>2025-05-17T10:05:31Z</time>
<extensions>
<gpxtpx:TrackPointExtension>
<gpxtpx:hr>173</gpxtpx:hr>
</gpxtpx:TrackPointExtension>
</extensions>
</trkpt>
<trkpt lat="36.7557952" lon="128.0327254">
<ele>715.099</ele>
<time>2025-05-17T10:05:32Z</time>
<extensions>
<gpxtpx:TrackPointExtension>
<gpxtpx:hr>173</gpxtpx:hr>
</gpxtpx:TrackPointExtension>
</extensions>
</trkpt>
<trkpt lat="36.7557973" lon="128.0327242">
<ele>715.415</ele>
<time>2025-05-17T10:05:33Z</time>
<extensions>
<gpxtpx:TrackPointExtension>
<gpxtpx:hr>172</gpxtpx:hr>
</gpxtpx:TrackPointExtension>
</extensions>
</trkpt>
<trkpt lat="36.7558044" lon="128.0327266">
<ele>715.71</ele>
<time>2025-05-17T10:05:34Z</time>
<extensions>
<gpxtpx:TrackPointExtension>
<gpxtpx:hr>172</gpxtpx:hr>
</gpxtpx:TrackPointExtension>
</extensions>
</trkpt>
<trkpt lat="36.7558031" lon="128.0327322">
<ele>715.918</ele>
<time>2025-05-17T10:05:35Z</time>
<extensions>
<gpxtpx:TrackPointExtension>
<gpxtpx:hr>172</gpxtpx:hr>
</gpxtpx:TrackPointExtension>
</extensions>
</trkpt>
<trkpt lat="36.7558137" lon="128.0327464">
<ele>715.709</ele>
<time>2025-05-17T10:05:37Z</time>
<extensions>
<gpxtpx:TrackPointExtension>
<gpxtpx:hr>172</gpxtpx:hr>
</gpxtpx:TrackPointExtension>
</extensions>
</trkpt>
<trkpt lat="36.755814" lon="128.0327429">
<ele>716.075</ele>
<time>2025-05-17T10:05:38Z</time>
<extensions>
<gpxtpx:TrackPointExtension>
<gpxtpx:hr>172</gpxtpx:hr>
</gpxtpx:TrackPointExtension>
</extensions>
</trkpt>
<trkpt lat="36.7558147" lon="128.0327409">
<ele>715.96</ele>
<time>2025-05-17T10:05:39Z</time>
<extensions>
<gpxtpx:TrackPointExtension>
<gpxtpx:hr>172</gpxtpx:hr>
</gpxtpx:TrackPointExtension>
</extensions>
</trkpt>
<trkpt lat="36.7558159" lon="128.0327361">
<ele>716.094</ele>
<time>2025-05-17T10:05:40Z</time>
<extensions>
<gpxtpx:TrackPointExtension>
<gpxtpx:hr>173</gpxtpx:hr>
</gpxtpx:TrackPointExtension>
</extensions>
</trkpt>
<trkpt lat="36.7558169" lon="128.0327383">
<ele>716.211</ele>
<time>2025-05-17T10:05:41Z</time>
<extensions>
<gpxtpx:TrackPointExtension>
<gpxtpx:hr>173</gpxtpx:hr>
</gpxtpx:TrackPointExtension>
</extensions>
</trkpt>
<trkpt lat="36.7558236" lon="128.032735">
<ele>716.333</ele>
<time>2025-05-17T10:05:42Z</time>
<extensions>
<gpxtpx:TrackPointExtension>
<gpxtpx:hr>173</gpxtpx:hr>
</gpxtpx:TrackPointExtension>
</extensions>
</trkpt>
<trkpt lat="36.7558292" lon="128.0327343">
<ele>717.128</ele>
<time>2025-05-17T10:05:43Z</time>
<extensions>
<gpxtpx:TrackPointExtension>
<gpxtpx:hr>173</gpxtpx:hr>
</gpxtpx:TrackPointExtension>
</extensions>
</trkpt>
<trkpt lat="36.755831" lon="128.0327342">
<ele>717.203</ele>
<time>2025-05-17T10:05:44Z</time>
<extensions>
<gpxtpx:TrackPointExtension>
<gpxtpx:hr>173</gpxtpx:hr>
</gpxtpx:TrackPointExtension>
</extensions>
</trkpt>
<trkpt lat="36.7558309" lon="128.0327373">
<ele>717.669</ele>
<time>2025-05-17T10:05:45Z</time>
<extensions>
<gpxtpx:TrackPointExtension>
<gpxtpx:hr>174</gpxtpx:hr>
</gpxtpx:TrackPointExtension>
</extensions>
</trkpt>
<trkpt lat="36.7558336" lon="128.0327424">
<ele>717.504</ele>
<time>2025-05-17T10:05:46Z</time>
<extensions>
<gpxtpx:TrackPointExtension>
<gpxtpx:hr>174</gpxtpx:hr>
</gpxtpx:TrackPointExtension>
</extensions>
</trkpt>
<trkpt lat="36.7558365" lon="128.0327434">
<ele>717.488</ele>
<time>2025-05-17T10:05:47Z</time>
<extensions>
<gpxtpx:TrackPointExtension>
<gpxtpx:hr>174</gpxtpx:hr>
</gpxtpx:TrackPointExtension>
</extensions>
</trkpt>
<trkpt lat="36.7558374" lon="128.0327391">
<ele>717.662</ele>
<time>2025-05-17T10:05:48Z</time>
<extensions>
<gpxtpx:TrackPointExtension>
<gpxtpx:hr>174</gpxtpx:hr>
</gpxtpx:TrackPointExtension>
</extensions>
</trkpt>
<trkpt lat="36.7558408" lon="128.0327462">
<ele>717.882</ele>
<time>2025-05-17T10:05:49Z</time>
<extensions>
<gpxtpx:TrackPointExtension>
<gpxtpx:hr>174</gpxtpx:hr>
</gpxtpx:TrackPointExtension>
</extensions>
</trkpt>
<trkpt lat="36.7558461" lon="128.0327614">
<ele>717.946</ele>
<time>2025-05-17T10:05:50Z</time>
<extensions>
<gpxtpx:TrackPointExtension>
<gpxtpx:hr>174</gpxtpx:hr>
</gpxtpx:TrackPointExtension>
</extensions>
</trkpt>
<trkpt lat="36.7558554" lon="128.0327725">
<ele>718.064</ele>
<time>2025-05-17T10:05:51Z</time>
<extensions>
<gpxtpx:TrackPointExtension>
<gpxtpx:hr>174</gpxtpx:hr>
</gpxtpx:TrackPointExtension>
</extensions>
</trkpt>
<trkpt lat="36.755859" lon="128.0327862">
<ele>718.273</ele>
<time>2025-05-17T10:05:52Z</time>
<extensions>
<gpxtpx:TrackPointExtension>
<gpxtpx:hr>174</gpxtpx:hr>
</gpxtpx:TrackPointExtension>
</extensions>
</trkpt>
<trkpt lat="36.7558601" lon="128.0327939">
<ele>718.437</ele>
<time>2025-05-17T10:05:53Z</time>
<extensions>
<gpxtpx:TrackPointExtension>
<gpxtpx:hr>174</gpxtpx:hr>
</gpxtpx:TrackPointExtension>
</extensions>
</trkpt>
<trkpt lat="36.7558625" lon="128.0327967">
<ele>718.859</ele>
<time>2025-05-17T10:05:54Z</time>
<extensions>
<gpxtpx:TrackPointExtension>
<gpxtpx:hr>174</gpxtpx:hr>
</gpxtpx:TrackPointExtension>
</extensions>
</trkpt>
<trkpt lat="36.7558627" lon="128.0328027">
<ele>719.154</ele>
<time>2025-05-17T10:05:55Z</time>
<extensions>
<gpxtpx:TrackPointExtension>
<gpxtpx:hr>174</gpxtpx:hr>
</gpxtpx:TrackPointExtension>
</extensions>
</trkpt>
<trkpt lat="36.7558678" lon="128.0328022">
<ele>719.369</ele>
<time>2025-05-17T10:05:56Z</time>
<extensions>
<gpxtpx:TrackPointExtension>
<gpxtpx:hr>174</gpxtpx:hr>
</gpxtpx:TrackPointExtension>
</extensions>
</trkpt>
<trkpt lat="36.7558694" lon="128.0328003">
<ele>719.789</ele>
<time>2025-05-17T10:05:58Z</time>
<extensions>
<gpxtpx:TrackPointExtension>
<gpxtpx:hr>174</gpxtpx:hr>
</gpxtpx:TrackPointExtension>
</extensions>
</trkpt>
<trkpt lat="36.7558705" lon="128.032792">
<ele>719.939</ele>
<time>2025-05-17T10:05:59Z</time>
<extensions>
<gpxtpx:TrackPointExtension>
<gpxtpx:hr>173</gpxtpx:hr>
</gpxtpx:TrackPointExtension>
</extensions>
</trkpt>
<trkpt lat="36.7558706" lon="128.0327917">
<ele>720.307</ele>
<time>2025-05-17T10:06:01Z</time>
<extensions>
<gpxtpx:TrackPointExtension>
<gpxtpx:hr>173</gpxtpx:hr>
</gpxtpx:TrackPointExtension>
</extensions>
</trkpt>
<trkpt lat="36.7558718" lon="128.0327912">
<ele>720.426</ele>
<time>2025-05-17T10:06:02Z</time>
<extensions>
<gpxtpx:TrackPointExtension>
<gpxtpx:hr>173</gpxtpx:hr>
</gpxtpx:TrackPointExtension>
</extensions>
</trkpt>
<trkpt lat="36.7558712" lon="128.0327932">
<ele>720.605</ele>
<time>2025-05-17T10:06:03Z</time>
<extensions>
<gpxtpx:TrackPointExtension>
<gpxtpx:hr>173</gpxtpx:hr>
</gpxtpx:TrackPointExtension>
</extensions>
</trkpt>
<trkpt lat="36.7558715" lon="128.0327936">
<ele>720.861</ele>
<time>2025-05-17T10:06:04Z</time>
<extensions>
<gpxtpx:TrackPointExtension>
<gpxtpx:hr>173</gpxtpx:hr>
</gpxtpx:TrackPointExtension>
</extensions>
</trkpt>
<trkpt lat="36.75587" lon="128.0327967">
<ele>721.016</ele>
<time>2025-05-17T10:06:05Z</time>
<extensions>
<gpxtpx:TrackPointExtension>
<gpxtpx:hr>172</gpxtpx:hr>
</gpxtpx:TrackPointExtension>
</extensions>
</trkpt>
<trkpt lat="36.7558684" lon="128.0327993">
<ele>721.174</ele>
<time>2025-05-17T10:06:06Z</time>
<extensions>
<gpxtpx:TrackPointExtension>
<gpxtpx:hr>173</gpxtpx:hr>
</gpxtpx:TrackPointExtension>
</extensions>
</trkpt>
<trkpt lat="36.7558657" lon="128.0327984">
<ele>721.301</ele>
<time>2025-05-17T10:06:07Z</time>
<extensions>
<gpxtpx:TrackPointExtension>
<gpxtpx:hr>173</gpxtpx:hr>
</gpxtpx:TrackPointExtension>
</extensions>
</trkpt>
<trkpt lat="36.7558642" lon="128.0327951">
<ele>721.389</ele>
<time>2025-05-17T10:06:08Z</time>
<extensions>
<gpxtpx:TrackPointExtension>
<gpxtpx:hr>173</gpxtpx:hr>
</gpxtpx:TrackPointExtension>
</extensions>
</trkpt>
<trkpt lat="36.7558648" lon="128.0327935">
<ele>721.557</ele>
<time>2025-05-17T10:06:10Z</time>
<extensions>
<gpxtpx:TrackPointExtension>
<gpxtpx:hr>173</gpxtpx:hr>
</gpxtpx:TrackPointExtension>
</extensions>
</trkpt>
<trkpt lat="36.7558691" lon="128.0327936">
<ele>721.985</ele>
<time>2025-05-17T10:06:12Z</time>
<extensions>
<gpxtpx:TrackPointExtension>
<gpxtpx:hr>174</gpxtpx:hr>
</gpxtpx:TrackPointExtension>
</extensions>
</trkpt>
<trkpt lat="36.7558736" lon="128.0327943">
<ele>722.065</ele>
<time>2025-05-17T10:06:13Z</time>
<extensions>
<gpxtpx:TrackPointExtension>
<gpxtpx:hr>174</gpxtpx:hr>
</gpxtpx:TrackPointExtension>
</extensions>
</trkpt>
<trkpt lat="36.7558735" lon="128.0327955">
<ele>722.824</ele>
<time>2025-05-17T10:06:15Z</time>
<extensions>
<gpxtpx:TrackPointExtension>
<gpxtpx:hr>174</gpxtpx:hr>
</gpxtpx:TrackPointExtension>
</extensions>
</trkpt>
<trkpt lat="36.7558789" lon="128.0327992">
<ele>723.197</ele>
<time>2025-05-17T10:06:16Z</time>
<extensions>
<gpxtpx:TrackPointExtension>
<gpxtpx:hr>174</gpxtpx:hr>
</gpxtpx:TrackPointExtension>
</extensions>
</trkpt>
<trkpt lat="36.7558816" lon="128.0328045">
<ele>723.391</ele>
<time>2025-05-17T10:06:17Z</time>
<extensions>
<gpxtpx:TrackPointExtension>
<gpxtpx:hr>174</gpxtpx:hr>
</gpxtpx:TrackPointExtension>
</extensions>
</trkpt>
<trkpt lat="36.7558882" lon="128.032808">
<ele>723.645</ele>
<time>2025-05-17T10:06:18Z</time>
<extensions>
<gpxtpx:TrackPointExtension>
<gpxtpx:hr>174</gpxtpx:hr>
</gpxtpx:TrackPointExtension>
</extensions>
</trkpt>
<trkpt lat="36.7558887" lon="128.0328113">
<ele>723.867</ele>
<time>2025-05-17T10:06:19Z</time>
<extensions>
<gpxtpx:TrackPointExtension>
<gpxtpx:hr>173</gpxtpx:hr>
</gpxtpx:TrackPointExtension>
</extensions>
</trkpt>
<trkpt lat="36.7558892" lon="128.0328151">
<ele>723.933</ele>
<time>2025-05-17T10:06:20Z</time>
<extensions>
<gpxtpx:TrackPointExtension>
<gpxtpx:hr>173</gpxtpx:hr>
</gpxtpx:TrackPointExtension>
</extensions>
</trkpt>
<trkpt lat="36.7558903" lon="128.032815">
<ele>723.996</ele>
<time>2025-05-17T10:06:21Z</time>
<extensions>
<gpxtpx:TrackPointExtension>
<gpxtpx:hr>173</gpxtpx:hr>
</gpxtpx:TrackPointExtension>
</extensions>
</trkpt>
<trkpt lat="36.7558915" lon="128.032815">
<ele>724.045</ele>
<time>2025-05-17T10:06:22Z</time>
<extensions>
<gpxtpx:TrackPointExtension>
<gpxtpx:hr>174</gpxtpx:hr>
</gpxtpx:TrackPointExtension>
</extensions>
</trkpt>
<trkpt lat="36.7559049" lon="128.0328227">
<ele>724.379</ele>
<time>2025-05-17T10:06:23Z</time>
<extensions>
<gpxtpx:TrackPointExtension>
<gpxtpx:hr>174</gpxtpx:hr>
</gpxtpx:TrackPointExtension>
</extensions>
</trkpt>
<trkpt lat="36.7559156" lon="128.0328219">
<ele>724.432</ele>
<time>2025-05-17T10:06:24Z</time>
<extensions>
<gpxtpx:TrackPointExtension>
<gpxtpx:hr>174</gpxtpx:hr>
</gpxtpx:TrackPointExtension>
</extensions>
</trkpt>
<trkpt lat="36.755927" lon="128.032827">
<ele>724.706</ele>
<time>2025-05-17T10:06:25Z</time>
<extensions>
<gpxtpx:TrackPointExtension>
<gpxtpx:hr>174</gpxtpx:hr>
</gpxtpx:TrackPointExtension>
</extensions>
</trkpt>
<trkpt lat="36.7559387" lon="128.0328333">
<ele>724.855</ele>
<time>2025-05-17T10:06:26Z</time>
<extensions>
<gpxtpx:TrackPointExtension>
<gpxtpx:hr>174</gpxtpx:hr>
</gpxtpx:TrackPointExtension>
</extensions>
</trkpt>
<trkpt lat="36.7559469" lon="128.0328396">
<ele>725.054</ele>
<time>2025-05-17T10:06:27Z</time>
<extensions>
<gpxtpx:TrackPointExtension>
<gpxtpx:hr>174</gpxtpx:hr>
</gpxtpx:TrackPointExtension>
</extensions>
</trkpt>
<trkpt lat="36.7559542" lon="128.0328427">
<ele>725.3</ele>
<time>2025-05-17T10:06:28Z</time>
<extensions>
<gpxtpx:TrackPointExtension>
<gpxtpx:hr>174</gpxtpx:hr>
</gpxtpx:TrackPointExtension>
</extensions>
</trkpt>
<trkpt lat="36.7559648" lon="128.0328477">
<ele>725.563</ele>
<time>2025-05-17T10:06:29Z</time>
<extensions>
<gpxtpx:TrackPointExtension>
<gpxtpx:hr>174</gpxtpx:hr>
</gpxtpx:TrackPointExtension>
</extensions>
</trkpt>
<trkpt lat="36.7559676" lon="128.0328491">
<ele>725.762</ele>
<time>2025-05-17T10:06:30Z</time>
<extensions>
<gpxtpx:TrackPointExtension>
<gpxtpx:hr>174</gpxtpx:hr>
</gpxtpx:TrackPointExtension>
</extensions>
</trkpt>
<trkpt lat="36.7559684" lon="128.0328455">
<ele>725.911</ele>
<time>2025-05-17T10:06:31Z</time>
<extensions>
<gpxtpx:TrackPointExtension>
<gpxtpx:hr>173</gpxtpx:hr>
</gpxtpx:TrackPointExtension>
</extensions>
</trkpt>
<trkpt lat="36.7559661" lon="128.032848">
<ele>726.094</ele>
<time>2025-05-17T10:06:32Z</time>
<extensions>
<gpxtpx:TrackPointExtension>
<gpxtpx:hr>173</gpxtpx:hr>
</gpxtpx:TrackPointExtension>
</extensions>
</trkpt>
<trkpt lat="36.7559715" lon="128.032853">
<ele>726.143</ele>
<time>2025-05-17T10:06:33Z</time>
<extensions>
<gpxtpx:TrackPointExtension>
<gpxtpx:hr>173</gpxtpx:hr>
</gpxtpx:TrackPointExtension>
</extensions>
</trkpt>
<trkpt lat="36.7559719" lon="128.0328544">
<ele>726.155</ele>
<time>2025-05-17T10:06:34Z</time>
<extensions>
<gpxtpx:TrackPointExtension>
<gpxtpx:hr>173</gpxtpx:hr>
</gpxtpx:TrackPointExtension>
</extensions>
</trkpt>
<trkpt lat="36.7559733" lon="128.0328552">
<ele>726.08</ele>
<time>2025-05-17T10:06:36Z</time>
<extensions>
<gpxtpx:TrackPointExtension>
<gpxtpx:hr>173</gpxtpx:hr>
</gpxtpx:TrackPointExtension>
</extensions>
</trkpt>
<trkpt lat="36.7559733" lon="128.0328557">
<ele>726.142</ele>
<time>2025-05-17T10:06:37Z</time>
<extensions>
<gpxtpx:TrackPointExtension>
<gpxtpx:hr>174</gpxtpx:hr>
</gpxtpx:TrackPointExtension>
</extensions>
</trkpt>
<trkpt lat="36.7559733" lon="128.0328582">
<ele>726.514</ele>
<time>2025-05-17T10:06:38Z</time>
<extensions>
<gpxtpx:TrackPointExtension>
<gpxtpx:hr>174</gpxtpx:hr>
</gpxtpx:TrackPointExtension>
</extensions>
</trkpt>
<trkpt lat="36.755971" lon="128.0328571">
<ele>726.591</ele>
<time>2025-05-17T10:06:39Z</time>
<extensions>
<gpxtpx:TrackPointExtension>
<gpxtpx:hr>173</gpxtpx:hr>
</gpxtpx:TrackPointExtension>
</extensions>
</trkpt>
<trkpt lat="36.7559698" lon="128.0328572">
<ele>726.773</ele>
<time>2025-05-17T10:06:40Z</time>
<extensions>
<gpxtpx:TrackPointExtension>
<gpxtpx:hr>173</gpxtpx:hr>
</gpxtpx:TrackPointExtension>
</extensions>
</trkpt>
<trkpt lat="36.7559697" lon="128.0328582">
<ele>726.669</ele>
<time>2025-05-17T10:06:41Z</time>
<extensions>
<gpxtpx:TrackPointExtension>
<gpxtpx:hr>173</gpxtpx:hr>
</gpxtpx:TrackPointExtension>
</extensions>
</trkpt>
<trkpt lat="36.7559685" lon="128.0328577">
<ele>726.978</ele>
<time>2025-05-17T10:06:42Z</time>
<extensions>
<gpxtpx:TrackPointExtension>
<gpxtpx:hr>173</gpxtpx:hr>
</gpxtpx:TrackPointExtension>
</extensions>
</trkpt>
<trkpt lat="36.7559704" lon="128.0328592">
<ele>727.36</ele>
<time>2025-05-17T10:06:45Z</time>
<extensions>
<gpxtpx:TrackPointExtension>
<gpxtpx:hr>172</gpxtpx:hr>
</gpxtpx:TrackPointExtension>
</extensions>
</trkpt>
<trkpt lat="36.7559696" lon="128.0328592">
<ele>727.436</ele>
<time>2025-05-17T10:06:46Z</time>
<extensions>
<gpxtpx:TrackPointExtension>
<gpxtpx:hr>172</gpxtpx:hr>
</gpxtpx:TrackPointExtension>
</extensions>
</trkpt>
<trkpt lat="36.7559708" lon="128.0328602">
<ele>727.935</ele>
<time>2025-05-17T10:06:47Z</time>
<extensions>
<gpxtpx:TrackPointExtension>
<gpxtpx:hr>172</gpxtpx:hr>
</gpxtpx:TrackPointExtension>
</extensions>
</trkpt>
<trkpt lat="36.7559701" lon="128.0328604">
<ele>728.28</ele>
<time>2025-05-17T10:06:50Z</time>
<extensions>
<gpxtpx:TrackPointExtension>
<gpxtpx:hr>173</gpxtpx:hr>
</gpxtpx:TrackPointExtension>
</extensions>
</trkpt>
<trkpt lat="36.755971" lon="128.0328587">
<ele>728.308</ele>
<time>2025-05-17T10:06:51Z</time>
<extensions>
<gpxtpx:TrackPointExtension>
<gpxtpx:hr>173</gpxtpx:hr>
</gpxtpx:TrackPointExtension>
</extensions>
</trkpt>
<trkpt lat="36.7559701" lon="128.0328587">
<ele>728.65</ele>
<time>2025-05-17T10:06:53Z</time>
<extensions>
<gpxtpx:TrackPointExtension>
<gpxtpx:hr>173</gpxtpx:hr>
</gpxtpx:TrackPointExtension>
</extensions>
</trkpt>
<trkpt lat="36.7559715" lon="128.0328597">
<ele>728.827</ele>
<time>2025-05-17T10:06:54Z</time>
<extensions>
<gpxtpx:TrackPointExtension>
<gpxtpx:hr>173</gpxtpx:hr>
</gpxtpx:TrackPointExtension>
</extensions>
</trkpt>
<trkpt lat="36.7559756" lon="128.0328648">
<ele>728.965</ele>
<time>2025-05-17T10:06:55Z</time>
<extensions>
<gpxtpx:TrackPointExtension>
<gpxtpx:hr>174</gpxtpx:hr>
</gpxtpx:TrackPointExtension>
</extensions>
</trkpt>
<trkpt lat="36.7559785" lon="128.0328687">
<ele>729.128</ele>
<time>2025-05-17T10:06:56Z</time>
<extensions>
<gpxtpx:TrackPointExtension>
<gpxtpx:hr>174</gpxtpx:hr>
</gpxtpx:TrackPointExtension>
</extensions>
</trkpt>
<trkpt lat="36.7559818" lon="128.0328714">
<ele>729.243</ele>
<time>2025-05-17T10:06:57Z</time>
<extensions>
<gpxtpx:TrackPointExtension>
<gpxtpx:hr>174</gpxtpx:hr>
</gpxtpx:TrackPointExtension>
</extensions>
</trkpt>
<trkpt lat="36.7559903" lon="128.0328743">
<ele>729.587</ele>
<time>2025-05-17T10:06:58Z</time>
<extensions>
<gpxtpx:TrackPointExtension>
<gpxtpx:hr>173</gpxtpx:hr>
</gpxtpx:TrackPointExtension>
</extensions>
</trkpt>
<trkpt lat="36.7559932" lon="128.0328768">
<ele>729.836</ele>
<time>2025-05-17T10:06:59Z</time>
<extensions>
<gpxtpx:TrackPointExtension>
<gpxtpx:hr>173</gpxtpx:hr>
</gpxtpx:TrackPointExtension>
</extensions>
</trkpt>
<trkpt lat="36.7559947" lon="128.0328831">
<ele>729.869</ele>
<time>2025-05-17T10:07:00Z</time>
<extensions>
<gpxtpx:TrackPointExtension>
<gpxtpx:hr>173</gpxtpx:hr>
</gpxtpx:TrackPointExtension>
</extensions>
</trkpt>
<trkpt lat="36.7560002" lon="128.0328898">
<ele>730.064</ele>
<time>2025-05-17T10:07:01Z</time>
<extensions>
<gpxtpx:TrackPointExtension>
<gpxtpx:hr>173</gpxtpx:hr>
</gpxtpx:TrackPointExtension>
</extensions>
</trkpt>
<trkpt lat="36.7560028" lon="128.0328954">
<ele>730.198</ele>
<time>2025-05-17T10:07:02Z</time>
<extensions>
<gpxtpx:TrackPointExtension>
<gpxtpx:hr>173</gpxtpx:hr>
</gpxtpx:TrackPointExtension>
</extensions>
</trkpt>
<trkpt lat="36.756004" lon="128.0328955">
<ele>730.401</ele>
<time>2025-05-17T10:07:03Z</time>
<extensions>
<gpxtpx:TrackPointExtension>
<gpxtpx:hr>172</gpxtpx:hr>
</gpxtpx:TrackPointExtension>
</extensions>
</trkpt>
<trkpt lat="36.7560072" lon="128.032897">
<ele>730.423</ele>
<time>2025-05-17T10:07:04Z</time>
<extensions>
<gpxtpx:TrackPointExtension>
<gpxtpx:hr>172</gpxtpx:hr>
</gpxtpx:TrackPointExtension>
</extensions>
</trkpt>
<trkpt lat="36.756005" lon="128.0328975">
<ele>730.593</ele>
<time>2025-05-17T10:07:05Z</time>
<extensions>
<gpxtpx:TrackPointExtension>
<gpxtpx:hr>172</gpxtpx:hr>
</gpxtpx:TrackPointExtension>
</extensions>
</trkpt>
<trkpt lat="36.756008" lon="128.0328983">
<ele>731.707</ele>
<time>2025-05-17T10:07:08Z</time>
<extensions>
<gpxtpx:TrackPointExtension>
<gpxtpx:hr>171</gpxtpx:hr>
</gpxtpx:TrackPointExtension>
</extensions>
</trkpt>
<trkpt lat="36.756009" lon="128.0328982">
<ele>731.283</ele>
<time>2025-05-17T10:07:10Z</time>
<extensions>
<gpxtpx:TrackPointExtension>
<gpxtpx:hr>171</gpxtpx:hr>
</gpxtpx:TrackPointExtension>
</extensions>
</trkpt>
<trkpt lat="36.7560104" lon="128.0328994">
<ele>731.785</ele>
<time>2025-05-17T10:07:11Z</time>
<extensions>
<gpxtpx:TrackPointExtension>
<gpxtpx:hr>171</gpxtpx:hr>
</gpxtpx:TrackPointExtension>
</extensions>
</trkpt>
<trkpt lat="36.7560147" lon="128.0329025">
<ele>731.923</ele>
<time>2025-05-17T10:07:12Z</time>
<extensions>
<gpxtpx:TrackPointExtension>
<gpxtpx:hr>171</gpxtpx:hr>
</gpxtpx:TrackPointExtension>
</extensions>
</trkpt>
<trkpt lat="36.7560189" lon="128.0329066">
<ele>732.054</ele>
<time>2025-05-17T10:07:13Z</time>
<extensions>
<gpxtpx:TrackPointExtension>
<gpxtpx:hr>171</gpxtpx:hr>
</gpxtpx:TrackPointExtension>
</extensions>
</trkpt>
<trkpt lat="36.7560212" lon="128.0329092">
<ele>732.011</ele>
<time>2025-05-17T10:07:14Z</time>
<extensions>
<gpxtpx:TrackPointExtension>
<gpxtpx:hr>171</gpxtpx:hr>
</gpxtpx:TrackPointExtension>
</extensions>
</trkpt>
<trkpt lat="36.7560225" lon="128.0329128">
<ele>732.152</ele>
<time>2025-05-17T10:07:15Z</time>
<extensions>
<gpxtpx:TrackPointExtension>
<gpxtpx:hr>171</gpxtpx:hr>
</gpxtpx:TrackPointExtension>
</extensions>
</trkpt>
<trkpt lat="36.7560239" lon="128.0329176">
<ele>732.449</ele>
<time>2025-05-17T10:07:16Z</time>
<extensions>
<gpxtpx:TrackPointExtension>
<gpxtpx:hr>170</gpxtpx:hr>
</gpxtpx:TrackPointExtension>
</extensions>
</trkpt>
<trkpt lat="36.7560269" lon="128.03292">
<ele>732.874</ele>
<time>2025-05-17T10:07:17Z</time>
<extensions>
<gpxtpx:TrackPointExtension>
<gpxtpx:hr>170</gpxtpx:hr>
</gpxtpx:TrackPointExtension>
</extensions>
</trkpt>
<trkpt lat="36.7560292" lon="128.0329212">
<ele>733.064</ele>
<time>2025-05-17T10:07:18Z</time>
</trkpt>
<trkpt lat="36.7560285" lon="128.0329198">
<ele>733.23</ele>
<time>2025-05-17T10:07:19Z</time>
<extensions>
<gpxtpx:TrackPointExtension>
<gpxtpx:hr>169</gpxtpx:hr>
</gpxtpx:TrackPointExtension>
</extensions>
</trkpt>
<trkpt lat="36.7560297" lon="128.0329189">
<ele>733.199</ele>
<time>2025-05-17T10:07:20Z</time>
<extensions>
<gpxtpx:TrackPointExtension>
<gpxtpx:hr>169</gpxtpx:hr>
</gpxtpx:TrackPointExtension>
</extensions>
</trkpt>
<trkpt lat="36.7560308" lon="128.032917">
<ele>732.909</ele>
<time>2025-05-17T10:07:22Z</time>
<extensions>
<gpxtpx:TrackPointExtension>
<gpxtpx:hr>168</gpxtpx:hr>
</gpxtpx:TrackPointExtension>
</extensions>
</trkpt>
<trkpt lat="36.7560359" lon="128.0329199">
<ele>732.562</ele>
<time>2025-05-17T10:07:23Z</time>
<extensions>
<gpxtpx:TrackPointExtension>
<gpxtpx:hr>169</gpxtpx:hr>
</gpxtpx:TrackPointExtension>
</extensions>
</trkpt>
<trkpt lat="36.7560383" lon="128.0329238">
<ele>732.455</ele>
<time>2025-05-17T10:07:24Z</time>
<extensions>
<gpxtpx:TrackPointExtension>
<gpxtpx:hr>170</gpxtpx:hr>
</gpxtpx:TrackPointExtension>
</extensions>
</trkpt>
<trkpt lat="36.7560372" lon="128.0329281">
<ele>732.343</ele>
<time>2025-05-17T10:07:25Z</time>
<extensions>
<gpxtpx:TrackPointExtension>
<gpxtpx:hr>170</gpxtpx:hr>
</gpxtpx:TrackPointExtension>
</extensions>
</trkpt>
<trkpt lat="36.7560356" lon="128.032932">
<ele>732.349</ele>
<time>2025-05-17T10:07:26Z</time>
<extensions>
<gpxtpx:TrackPointExtension>
<gpxtpx:hr>171</gpxtpx:hr>
</gpxtpx:TrackPointExtension>
</extensions>
</trkpt>
<trkpt lat="36.7560329" lon="128.0329384">
<ele>732.458</ele>
<time>2025-05-17T10:07:29Z</time>
<extensions>
<gpxtpx:TrackPointExtension>
<gpxtpx:hr>171</gpxtpx:hr>
</gpxtpx:TrackPointExtension>
</extensions>
</trkpt>
<trkpt lat="36.756036" lon="128.0329446">
<ele>732.384</ele>
<time>2025-05-17T10:07:30Z</time>
<extensions>
<gpxtpx:TrackPointExtension>
<gpxtpx:hr>171</gpxtpx:hr>
</gpxtpx:TrackPointExtension>
</extensions>
</trkpt>
<trkpt lat="36.7560406" lon="128.0329504">
<ele>732.418</ele>
<time>2025-05-17T10:07:31Z</time>
</trkpt>
<trkpt lat="36.7560444" lon="128.032955">
<ele>732.489</ele>
<time>2025-05-17T10:07:32Z</time>
<extensions>
<gpxtpx:TrackPointExtension>
<gpxtpx:hr>170</gpxtpx:hr>
</gpxtpx:TrackPointExtension>
</extensions>
</trkpt>
<trkpt lat="36.7560464" lon="128.0329569">
<ele>732.61</ele>
<time>2025-05-17T10:07:33Z</time>
<extensions>
<gpxtpx:TrackPointExtension>
<gpxtpx:hr>170</gpxtpx:hr>
</gpxtpx:TrackPointExtension>
</extensions>
</trkpt>
<trkpt lat="36.7560494" lon="128.0329558">
<ele>732.709</ele>
<time>2025-05-17T10:07:34Z</time>
<extensions>
<gpxtpx:TrackPointExtension>
<gpxtpx:hr>170</gpxtpx:hr>
</gpxtpx:TrackPointExtension>
</extensions>
</trkpt>
<trkpt lat="36.7560516" lon="128.0329611">
<ele>733.142</ele>
<time>2025-05-17T10:07:35Z</time>
<extensions>
<gpxtpx:TrackPointExtension>
<gpxtpx:hr>170</gpxtpx:hr>
</gpxtpx:TrackPointExtension>
</extensions>
</trkpt>
<trkpt lat="36.7560554" lon="128.032965">
<ele>733.546</ele>
<time>2025-05-17T10:07:36Z</time>
<extensions>
<gpxtpx:TrackPointExtension>
<gpxtpx:hr>170</gpxtpx:hr>
</gpxtpx:TrackPointExtension>
</extensions>
</trkpt>
<trkpt lat="36.7560572" lon="128.0329696">
<ele>733.384</ele>
<time>2025-05-17T10:07:37Z</time>
<extensions>
<gpxtpx:TrackPointExtension>
<gpxtpx:hr>169</gpxtpx:hr>
</gpxtpx:TrackPointExtension>
</extensions>
</trkpt>
<trkpt lat="36.7560588" lon="128.0329707">
<ele>733.677</ele>
<time>2025-05-17T10:07:38Z</time>
<extensions>
<gpxtpx:TrackPointExtension>
<gpxtpx:hr>169</gpxtpx:hr>
</gpxtpx:TrackPointExtension>
</extensions>
</trkpt>
<trkpt lat="36.756063" lon="128.0329721">
<ele>733.757</ele>
<time>2025-05-17T10:07:39Z</time>
<extensions>
<gpxtpx:TrackPointExtension>
<gpxtpx:hr>169</gpxtpx:hr>
</gpxtpx:TrackPointExtension>
</extensions>
</trkpt>
<trkpt lat="36.756065" lon="128.032975">
<ele>734.282</ele>
<time>2025-05-17T10:07:40Z</time>
<extensions>
<gpxtpx:TrackPointExtension>
<gpxtpx:hr>169</gpxtpx:hr>
</gpxtpx:TrackPointExtension>
</extensions>
</trkpt>
<trkpt lat="36.7560698" lon="128.0329779">
<ele>734.746</ele>
<time>2025-05-17T10:07:41Z</time>
<extensions>
<gpxtpx:TrackPointExtension>
<gpxtpx:hr>169</gpxtpx:hr>
</gpxtpx:TrackPointExtension>
</extensions>
</trkpt>
<trkpt lat="36.7560729" lon="128.0329796">
<ele>734.879</ele>
<time>2025-05-17T10:07:42Z</time>
<extensions>
<gpxtpx:TrackPointExtension>
<gpxtpx:hr>169</gpxtpx:hr>
</gpxtpx:TrackPointExtension>
</extensions>
</trkpt>
<trkpt lat="36.7560749" lon="128.0329796">
<ele>734.568</ele>
<time>2025-05-17T10:07:43Z</time>
<extensions>
<gpxtpx:TrackPointExtension>
<gpxtpx:hr>169</gpxtpx:hr>
</gpxtpx:TrackPointExtension>
</extensions>
</trkpt>
<trkpt lat="36.7560811" lon="128.0329764">
<ele>734.641</ele>
<time>2025-05-17T10:07:44Z</time>
<extensions>
<gpxtpx:TrackPointExtension>
<gpxtpx:hr>169</gpxtpx:hr>
</gpxtpx:TrackPointExtension>
</extensions>
</trkpt>
<trkpt lat="36.7560911" lon="128.0329759">
<ele>734.642</ele>
<time>2025-05-17T10:07:45Z</time>
</trkpt>
<trkpt lat="36.7561021" lon="128.0329738">
<ele>734.79</ele>
<time>2025-05-17T10:07:46Z</time>
</trkpt>
<trkpt lat="36.7561041" lon="128.0329705">
<ele>734.618</ele>
<time>2025-05-17T10:07:47Z</time>
<extensions>
<gpxtpx:TrackPointExtension>
<gpxtpx:hr>168</gpxtpx:hr>
</gpxtpx:TrackPointExtension>
</extensions>
</trkpt>
<trkpt lat="36.7561065" lon="128.0329629">
<ele>734.746</ele>
<time>2025-05-17T10:07:48Z</time>
<extensions>
<gpxtpx:TrackPointExtension>
<gpxtpx:hr>168</gpxtpx:hr>
</gpxtpx:TrackPointExtension>
</extensions>
</trkpt>
<trkpt lat="36.7561133" lon="128.0329601">
<ele>734.865</ele>
<time>2025-05-17T10:07:49Z</time>
<extensions>
<gpxtpx:TrackPointExtension>
<gpxtpx:hr>168</gpxtpx:hr>
</gpxtpx:TrackPointExtension>
</extensions>
</trkpt>
<trkpt lat="36.7561151" lon="128.0329616">
<ele>734.879</ele>
<time>2025-05-17T10:07:50Z</time>
<extensions>
<gpxtpx:TrackPointExtension>
<gpxtpx:hr>169</gpxtpx:hr>
</gpxtpx:TrackPointExtension>
</extensions>
</trkpt>
<trkpt lat="36.7561179" lon="128.0329625">
<ele>735.138</ele>
<time>2025-05-17T10:07:51Z</time>
<extensions>
<gpxtpx:TrackPointExtension>
<gpxtpx:hr>169</gpxtpx:hr>
</gpxtpx:TrackPointExtension>
</extensions>
</trkpt>
<trkpt lat="36.7561291" lon="128.0329588">
<ele>735.376</ele>
<time>2025-05-17T10:07:52Z</time>
<extensions>
<gpxtpx:TrackPointExtension>
<gpxtpx:hr>169</gpxtpx:hr>
</gpxtpx:TrackPointExtension>
</extensions>
</trkpt>
<trkpt lat="36.7561325" lon="128.0329596">
<ele>735.796</ele>
<time>2025-05-17T10:07:54Z</time>
<extensions>
<gpxtpx:TrackPointExtension>
<gpxtpx:hr>169</gpxtpx:hr>
</gpxtpx:TrackPointExtension>
</extensions>
</trkpt>
<trkpt lat="36.7561345" lon="128.0329606">
<ele>735.991</ele>
<time>2025-05-17T10:07:55Z</time>
<extensions>
<gpxtpx:TrackPointExtension>
<gpxtpx:hr>169</gpxtpx:hr>
</gpxtpx:TrackPointExtension>
</extensions>
</trkpt>
<trkpt lat="36.7561405" lon="128.0329623">
<ele>736.176</ele>
<time>2025-05-17T10:07:56Z</time>
<extensions>
<gpxtpx:TrackPointExtension>
<gpxtpx:hr>168</gpxtpx:hr>
</gpxtpx:TrackPointExtension>
</extensions>
</trkpt>
<trkpt lat="36.7561491" lon="128.0329649">
<ele>736.305</ele>
<time>2025-05-17T10:07:57Z</time>
<extensions>
<gpxtpx:TrackPointExtension>
<gpxtpx:hr>168</gpxtpx:hr>
</gpxtpx:TrackPointExtension>
</extensions>
</trkpt>
<trkpt lat="36.7561564" lon="128.0329693">
<ele>736.53</ele>
<time>2025-05-17T10:07:58Z</time>
<extensions>
<gpxtpx:TrackPointExtension>
<gpxtpx:hr>168</gpxtpx:hr>
</gpxtpx:TrackPointExtension>
</extensions>
</trkpt>
<trkpt lat="36.7561624" lon="128.0329717">
<ele>736.662</ele>
<time>2025-05-17T10:07:59Z</time>
<extensions>
<gpxtpx:TrackPointExtension>
<gpxtpx:hr>168</gpxtpx:hr>
</gpxtpx:TrackPointExtension>
</extensions>
</trkpt>
<trkpt lat="36.7561664" lon="128.0329731">
<ele>736.885</ele>
<time>2025-05-17T10:08:00Z</time>
<extensions>
<gpxtpx:TrackPointExtension>
<gpxtpx:hr>168</gpxtpx:hr>
</gpxtpx:TrackPointExtension>
</extensions>
</trkpt>
<trkpt lat="36.7561735" lon="128.0329751">
<ele>737.003</ele>
<time>2025-05-17T10:08:01Z</time>
<extensions>
<gpxtpx:TrackPointExtension>
<gpxtpx:hr>167</gpxtpx:hr>
</gpxtpx:TrackPointExtension>
</extensions>
</trkpt>
<trkpt lat="36.7561769" lon="128.0329765">
<ele>737.241</ele>
<time>2025-05-17T10:08:02Z</time>
<extensions>
<gpxtpx:TrackPointExtension>
<gpxtpx:hr>167</gpxtpx:hr>
</gpxtpx:TrackPointExtension>
</extensions>
</trkpt>
<trkpt lat="36.7561789" lon="128.0329782">
<ele>737.431</ele>
<time>2025-05-17T10:08:03Z</time>
<extensions>
<gpxtpx:TrackPointExtension>
<gpxtpx:hr>167</gpxtpx:hr>
</gpxtpx:TrackPointExtension>
</extensions>
</trkpt>
<trkpt lat="36.7561834" lon="128.0329816">
<ele>737.677</ele>
<time>2025-05-17T10:08:04Z</time>
<extensions>
<gpxtpx:TrackPointExtension>
<gpxtpx:hr>167</gpxtpx:hr>
</gpxtpx:TrackPointExtension>
</extensions>
</trkpt>
<trkpt lat="36.7561811" lon="128.0329813">
<ele>738.102</ele>
<time>2025-05-17T10:08:05Z</time>
<extensions>
<gpxtpx:TrackPointExtension>
<gpxtpx:hr>167</gpxtpx:hr>
</gpxtpx:TrackPointExtension>
</extensions>
</trkpt>
<trkpt lat="36.7561801" lon="128.0329799">
<ele>738.445</ele>
<time>2025-05-17T10:08:06Z</time>
<extensions>
<gpxtpx:TrackPointExtension>
<gpxtpx:hr>167</gpxtpx:hr>
</gpxtpx:TrackPointExtension>
</extensions>
</trkpt>
<trkpt lat="36.7561785" lon="128.0329783">
<ele>738.822</ele>
<time>2025-05-17T10:08:07Z</time>
<extensions>
<gpxtpx:TrackPointExtension>
<gpxtpx:hr>167</gpxtpx:hr>
</gpxtpx:TrackPointExtension>
</extensions>
</trkpt>
<trkpt lat="36.7561771" lon="128.0329769">
<ele>739.019</ele>
<time>2025-05-17T10:08:08Z</time>
<extensions>
<gpxtpx:TrackPointExtension>
<gpxtpx:hr>167</gpxtpx:hr>
</gpxtpx:TrackPointExtension>
</extensions>
</trkpt>
<trkpt lat="36.7561817" lon="128.0329873">
<ele>739.243</ele>
<time>2025-05-17T10:08:09Z</time>
<extensions>
<gpxtpx:TrackPointExtension>
<gpxtpx:hr>167</gpxtpx:hr>
</gpxtpx:TrackPointExtension>
</extensions>
</trkpt>
<trkpt lat="36.7561783" lon="128.032992">
<ele>739.497</ele>
<time>2025-05-17T10:08:10Z</time>
<extensions>
<gpxtpx:TrackPointExtension>
<gpxtpx:hr>167</gpxtpx:hr>
</gpxtpx:TrackPointExtension>
</extensions>
</trkpt>
<trkpt lat="36.7561758" lon="128.0329979">
<ele>739.707</ele>
<time>2025-05-17T10:08:11Z</time>
<extensions>
<gpxtpx:TrackPointExtension>
<gpxtpx:hr>167</gpxtpx:hr>
</gpxtpx:TrackPointExtension>
</extensions>
</trkpt>
<trkpt lat="36.7561728" lon="128.0330023">
<ele>739.915</ele>
<time>2025-05-17T10:08:12Z</time>
<extensions>
<gpxtpx:TrackPointExtension>
<gpxtpx:hr>167</gpxtpx:hr>
</gpxtpx:TrackPointExtension>
</extensions>
</trkpt>
<trkpt lat="36.7561735" lon="128.0330021">
<ele>740.259</ele>
<time>2025-05-17T10:08:14Z</time>
<extensions>
<gpxtpx:TrackPointExtension>
<gpxtpx:hr>167</gpxtpx:hr>
</gpxtpx:TrackPointExtension>
</extensions>
</trkpt>
<trkpt lat="36.7561875" lon="128.0330225">
<ele>740.087</ele>
<time>2025-05-17T10:08:15Z</time>
<extensions>
<gpxtpx:TrackPointExtension>
<gpxtpx:hr>166</gpxtpx:hr>
</gpxtpx:TrackPointExtension>
</extensions>
</trkpt>
<trkpt lat="36.7561892" lon="128.0330236">
<ele>740.065</ele>
<time>2025-05-17T10:08:16Z</time>
<extensions>
<gpxtpx:TrackPointExtension>
<gpxtpx:hr>166</gpxtpx:hr>
</gpxtpx:TrackPointExtension>
</extensions>
</trkpt>
<trkpt lat="36.7561934" lon="128.0330256">
<ele>740.066</ele>
<time>2025-05-17T10:08:17Z</time>
<extensions>
<gpxtpx:TrackPointExtension>
<gpxtpx:hr>166</gpxtpx:hr>
</gpxtpx:TrackPointExtension>
</extensions>
</trkpt>
<trkpt lat="36.7561952" lon="128.0330275">
<ele>740.163</ele>
<time>2025-05-17T10:08:18Z</time>
<extensions>
<gpxtpx:TrackPointExtension>
<gpxtpx:hr>165</gpxtpx:hr>
</gpxtpx:TrackPointExtension>
</extensions>
</trkpt>
<trkpt lat="36.7561951" lon="128.0330289">
<ele>740.463</ele>
<time>2025-05-17T10:08:19Z</time>
<extensions>
<gpxtpx:TrackPointExtension>
<gpxtpx:hr>166</gpxtpx:hr>
</gpxtpx:TrackPointExtension>
</extensions>
</trkpt>
<trkpt lat="36.7561982" lon="128.0330324">
<ele>740.784</ele>
<time>2025-05-17T10:08:20Z</time>
<extensions>
<gpxtpx:TrackPointExtension>
<gpxtpx:hr>166</gpxtpx:hr>
</gpxtpx:TrackPointExtension>
</extensions>
</trkpt>
<trkpt lat="36.7561996" lon="128.0330339">
<ele>741.21</ele>
<time>2025-05-17T10:08:22Z</time>
<extensions>
<gpxtpx:TrackPointExtension>
<gpxtpx:hr>166</gpxtpx:hr>
</gpxtpx:TrackPointExtension>
</extensions>
</trkpt>
<trkpt lat="36.7561992" lon="128.0330333">
<ele>741.837</ele>
<time>2025-05-17T10:08:23Z</time>
<extensions>
<gpxtpx:TrackPointExtension>
<gpxtpx:hr>166</gpxtpx:hr>
</gpxtpx:TrackPointExtension>
</extensions>
</trkpt>
<trkpt lat="36.7562006" lon="128.0330325">
<ele>742.159</ele>
<time>2025-05-17T10:08:24Z</time>
<extensions>
<gpxtpx:TrackPointExtension>
<gpxtpx:hr>166</gpxtpx:hr>
</gpxtpx:TrackPointExtension>
</extensions>
</trkpt>
<trkpt lat="36.7562043" lon="128.033031">
<ele>741.908</ele>
<time>2025-05-17T10:08:25Z</time>
<extensions>
<gpxtpx:TrackPointExtension>
<gpxtpx:hr>166</gpxtpx:hr>
</gpxtpx:TrackPointExtension>
</extensions>
</trkpt>
<trkpt lat="36.7562056" lon="128.0330306">
<ele>741.557</ele>
<time>2025-05-17T10:08:27Z</time>
<extensions>
<gpxtpx:TrackPointExtension>
<gpxtpx:hr>166</gpxtpx:hr>
</gpxtpx:TrackPointExtension>
</extensions>
</trkpt>
<trkpt lat="36.7562072" lon="128.0330301">
<ele>741.627</ele>
<time>2025-05-17T10:08:28Z</time>
<extensions>
<gpxtpx:TrackPointExtension>
<gpxtpx:hr>165</gpxtpx:hr>
</gpxtpx:TrackPointExtension>
</extensions>
</trkpt>
<trkpt lat="36.756209" lon="128.0330263">
<ele>741.881</ele>
<time>2025-05-17T10:08:29Z</time>
<extensions>
<gpxtpx:TrackPointExtension>
<gpxtpx:hr>165</gpxtpx:hr>
</gpxtpx:TrackPointExtension>
</extensions>
</trkpt>
<trkpt lat="36.7562121" lon="128.03302">
<ele>742.126</ele>
<time>2025-05-17T10:08:30Z</time>
<extensions>
<gpxtpx:TrackPointExtension>
<gpxtpx:hr>165</gpxtpx:hr>
</gpxtpx:TrackPointExtension>
</extensions>
</trkpt>
<trkpt lat="36.7562124" lon="128.033017">
<ele>742.42</ele>
<time>2025-05-17T10:08:31Z</time>
<extensions>
<gpxtpx:TrackPointExtension>
<gpxtpx:hr>165</gpxtpx:hr>
</gpxtpx:TrackPointExtension>
</extensions>
</trkpt>
<trkpt lat="36.7562138" lon="128.0330145">
<ele>742.604</ele>
<time>2025-05-17T10:08:32Z</time>
<extensions>
<gpxtpx:TrackPointExtension>
<gpxtpx:hr>165</gpxtpx:hr>
</gpxtpx:TrackPointExtension>
</extensions>
</trkpt>
<trkpt lat="36.7562213" lon="128.0330122">
<ele>742.783</ele>
<time>2025-05-17T10:08:33Z</time>
<extensions>
<gpxtpx:TrackPointExtension>
<gpxtpx:hr>165</gpxtpx:hr>
</gpxtpx:TrackPointExtension>
</extensions>
</trkpt>
<trkpt lat="36.7562245" lon="128.0330104">
<ele>742.962</ele>
<time>2025-05-17T10:08:34Z</time>
<extensions>
<gpxtpx:TrackPointExtension>
<gpxtpx:hr>165</gpxtpx:hr>
</gpxtpx:TrackPointExtension>
</extensions>
</trkpt>
<trkpt lat="36.7562281" lon="128.0330127">
<ele>743.126</ele>
<time>2025-05-17T10:08:35Z</time>
<extensions>
<gpxtpx:TrackPointExtension>
<gpxtpx:hr>165</gpxtpx:hr>
</gpxtpx:TrackPointExtension>
</extensions>
</trkpt>
<trkpt lat="36.75623" lon="128.0330157">
<ele>743.391</ele>
<time>2025-05-17T10:08:36Z</time>
<extensions>
<gpxtpx:TrackPointExtension>
<gpxtpx:hr>165</gpxtpx:hr>
</gpxtpx:TrackPointExtension>
</extensions>
</trkpt>
<trkpt lat="36.7562324" lon="128.0330146">
<ele>743.676</ele>
<time>2025-05-17T10:08:37Z</time>
<extensions>
<gpxtpx:TrackPointExtension>
<gpxtpx:hr>165</gpxtpx:hr>
</gpxtpx:TrackPointExtension>
</extensions>
</trkpt>
<trkpt lat="36.756233" lon="128.0330172">
<ele>743.814</ele>
<time>2025-05-17T10:08:38Z</time>
<extensions>
<gpxtpx:TrackPointExtension>
<gpxtpx:hr>165</gpxtpx:hr>
</gpxtpx:TrackPointExtension>
</extensions>
</trkpt>
<trkpt lat="36.7562354" lon="128.0330158">
<ele>743.863</ele>
<time>2025-05-17T10:08:39Z</time>
<extensions>
<gpxtpx:TrackPointExtension>
<gpxtpx:hr>165</gpxtpx:hr>
</gpxtpx:TrackPointExtension>
</extensions>
</trkpt>
<trkpt lat="36.7562387" lon="128.0330209">
<ele>743.957</ele>
<time>2025-05-17T10:08:40Z</time>
<extensions>
<gpxtpx:TrackPointExtension>
<gpxtpx:hr>164</gpxtpx:hr>
</gpxtpx:TrackPointExtension>
</extensions>
</trkpt>
<trkpt lat="36.756239" lon="128.0330179">
<ele>743.86</ele>
<time>2025-05-17T10:08:42Z</time>
<extensions>
<gpxtpx:TrackPointExtension>
<gpxtpx:hr>164</gpxtpx:hr>
</gpxtpx:TrackPointExtension>
</extensions>
</trkpt>
<trkpt lat="36.7562389" lon="128.0330155">
<ele>743.926</ele>
<time>2025-05-17T10:08:43Z</time>
<extensions>
<gpxtpx:TrackPointExtension>
<gpxtpx:hr>164</gpxtpx:hr>
</gpxtpx:TrackPointExtension>
</extensions>
</trkpt>
<trkpt lat="36.7562394" lon="128.0330157">
<ele>744.044</ele>
<time>2025-05-17T10:08:45Z</time>
<extensions>
<gpxtpx:TrackPointExtension>
<gpxtpx:hr>164</gpxtpx:hr>
</gpxtpx:TrackPointExtension>
</extensions>
</trkpt>
<trkpt lat="36.7562397" lon="128.0330158">
<ele>744.145</ele>
<time>2025-05-17T10:08:46Z</time>
<extensions>
<gpxtpx:TrackPointExtension>
<gpxtpx:hr>164</gpxtpx:hr>
</gpxtpx:TrackPointExtension>
</extensions>
</trkpt>
<trkpt lat="36.7562434" lon="128.0330157">
<ele>744.412</ele>
<time>2025-05-17T10:08:47Z</time>
<extensions>
<gpxtpx:TrackPointExtension>
<gpxtpx:hr>163</gpxtpx:hr>
</gpxtpx:TrackPointExtension>
</extensions>
</trkpt>
<trkpt lat="36.7562479" lon="128.0330195">
<ele>744.269</ele>
<time>2025-05-17T10:08:48Z</time>
<extensions>
<gpxtpx:TrackPointExtension>
<gpxtpx:hr>163</gpxtpx:hr>
</gpxtpx:TrackPointExtension>
</extensions>
</trkpt>
<trkpt lat="36.7562524" lon="128.0330214">
<ele>744.228</ele>
<time>2025-05-17T10:08:49Z</time>
<extensions>
<gpxtpx:TrackPointExtension>
<gpxtpx:hr>163</gpxtpx:hr>
</gpxtpx:TrackPointExtension>
</extensions>
</trkpt>
<trkpt lat="36.7562567" lon="128.0330224">
<ele>744.35</ele>
<time>2025-05-17T10:08:50Z</time>
<extensions>
<gpxtpx:TrackPointExtension>
<gpxtpx:hr>163</gpxtpx:hr>
</gpxtpx:TrackPointExtension>
</extensions>
</trkpt>
<trkpt lat="36.7562626" lon="128.0330247">
<ele>744.346</ele>
<time>2025-05-17T10:08:51Z</time>
<extensions>
<gpxtpx:TrackPointExtension>
<gpxtpx:hr>163</gpxtpx:hr>
</gpxtpx:TrackPointExtension>
</extensions>
</trkpt>
<trkpt lat="36.7562638" lon="128.0330273">
<ele>744.653</ele>
<time>2025-05-17T10:08:52Z</time>
<extensions>
<gpxtpx:TrackPointExtension>
<gpxtpx:hr>163</gpxtpx:hr>
</gpxtpx:TrackPointExtension>
</extensions>
</trkpt>
<trkpt lat="36.7562687" lon="128.0330289">
<ele>744.764</ele>
<time>2025-05-17T10:08:53Z</time>
<extensions>
<gpxtpx:TrackPointExtension>
<gpxtpx:hr>164</gpxtpx:hr>
</gpxtpx:TrackPointExtension>
</extensions>
</trkpt>
<trkpt lat="36.7562724" lon="128.0330308">
<ele>745.067</ele>
<time>2025-05-17T10:08:54Z</time>
<extensions>
<gpxtpx:TrackPointExtension>
<gpxtpx:hr>164</gpxtpx:hr>
</gpxtpx:TrackPointExtension>
</extensions>
</trkpt>
<trkpt lat="36.7562728" lon="128.0330313">
<ele>745.237</ele>
<time>2025-05-17T10:08:55Z</time>
<extensions>
<gpxtpx:TrackPointExtension>
<gpxtpx:hr>164</gpxtpx:hr>
</gpxtpx:TrackPointExtension>
</extensions>
</trkpt>
<trkpt lat="36.7562732" lon="128.0330291">
<ele>745.372</ele>
<time>2025-05-17T10:08:56Z</time>
<extensions>
<gpxtpx:TrackPointExtension>
<gpxtpx:hr>165</gpxtpx:hr>
</gpxtpx:TrackPointExtension>
</extensions>
</trkpt>
<trkpt lat="36.7562711" lon="128.0330239">
<ele>745.448</ele>
<time>2025-05-17T10:08:57Z</time>
<extensions>
<gpxtpx:TrackPointExtension>
<gpxtpx:hr>164</gpxtpx:hr>
</gpxtpx:TrackPointExtension>
</extensions>
</trkpt>
<trkpt lat="36.7562711" lon="128.0330287">
<ele>745.558</ele>
<time>2025-05-17T10:08:58Z</time>
<extensions>
<gpxtpx:TrackPointExtension>
<gpxtpx:hr>164</gpxtpx:hr>
</gpxtpx:TrackPointExtension>
</extensions>
</trkpt>
<trkpt lat="36.7562766" lon="128.0330319">
<ele>745.657</ele>
<time>2025-05-17T10:08:59Z</time>
<extensions>
<gpxtpx:TrackPointExtension>
<gpxtpx:hr>164</gpxtpx:hr>
</gpxtpx:TrackPointExtension>
</extensions>
</trkpt>
<trkpt lat="36.7562822" lon="128.0330357">
<ele>746.397</ele>
<time>2025-05-17T10:09:02Z</time>
<extensions>
<gpxtpx:TrackPointExtension>
<gpxtpx:hr>164</gpxtpx:hr>
</gpxtpx:TrackPointExtension>
</extensions>
</trkpt>
<trkpt lat="36.7562859" lon="128.0330394">
<ele>746.603</ele>
<time>2025-05-17T10:09:03Z</time>
<extensions>
<gpxtpx:TrackPointExtension>
<gpxtpx:hr>164</gpxtpx:hr>
</gpxtpx:TrackPointExtension>
</extensions>
</trkpt>
<trkpt lat="36.7562926" lon="128.0330452">
<ele>746.748</ele>
<time>2025-05-17T10:09:04Z</time>
<extensions>
<gpxtpx:TrackPointExtension>
<gpxtpx:hr>164</gpxtpx:hr>
</gpxtpx:TrackPointExtension>
</extensions>
</trkpt>
<trkpt lat="36.7562968" lon="128.0330497">
<ele>746.814</ele>
<time>2025-05-17T10:09:05Z</time>
<extensions>
<gpxtpx:TrackPointExtension>
<gpxtpx:hr>164</gpxtpx:hr>
</gpxtpx:TrackPointExtension>
</extensions>
</trkpt>
<trkpt lat="36.7563017" lon="128.0330516">
<ele>746.949</ele>
<time>2025-05-17T10:09:06Z</time>
<extensions>
<gpxtpx:TrackPointExtension>
<gpxtpx:hr>165</gpxtpx:hr>
</gpxtpx:TrackPointExtension>
</extensions>
</trkpt>
<trkpt lat="36.7563065" lon="128.0330543">
<ele>747.029</ele>
<time>2025-05-17T10:09:07Z</time>
<extensions>
<gpxtpx:TrackPointExtension>
<gpxtpx:hr>165</gpxtpx:hr>
</gpxtpx:TrackPointExtension>
</extensions>
</trkpt>
<trkpt lat="36.7563108" lon="128.0330569">
<ele>747.187</ele>
<time>2025-05-17T10:09:08Z</time>
<extensions>
<gpxtpx:TrackPointExtension>
<gpxtpx:hr>166</gpxtpx:hr>
</gpxtpx:TrackPointExtension>
</extensions>
</trkpt>
<trkpt lat="36.7563126" lon="128.0330502">
<ele>747.233</ele>
<time>2025-05-17T10:09:09Z</time>
<extensions>
<gpxtpx:TrackPointExtension>
<gpxtpx:hr>166</gpxtpx:hr>
</gpxtpx:TrackPointExtension>
</extensions>
</trkpt>
<trkpt lat="36.7563164" lon="128.0330504">
<ele>747.375</ele>
<time>2025-05-17T10:09:10Z</time>
<extensions>
<gpxtpx:TrackPointExtension>
<gpxtpx:hr>166</gpxtpx:hr>
</gpxtpx:TrackPointExtension>
</extensions>
</trkpt>
<trkpt lat="36.7563187" lon="128.0330497">
<ele>747.533</ele>
<time>2025-05-17T10:09:11Z</time>
<extensions>
<gpxtpx:TrackPointExtension>
<gpxtpx:hr>166</gpxtpx:hr>
</gpxtpx:TrackPointExtension>
</extensions>
</trkpt>
<trkpt lat="36.7563235" lon="128.0330495">
<ele>747.822</ele>
<time>2025-05-17T10:09:12Z</time>
<extensions>
<gpxtpx:TrackPointExtension>
<gpxtpx:hr>166</gpxtpx:hr>
</gpxtpx:TrackPointExtension>
</extensions>
</trkpt>
<trkpt lat="36.7563293" lon="128.0330477">
<ele>748.126</ele>
<time>2025-05-17T10:09:13Z</time>
<extensions>
<gpxtpx:TrackPointExtension>
<gpxtpx:hr>166</gpxtpx:hr>
</gpxtpx:TrackPointExtension>
</extensions>
</trkpt>
<trkpt lat="36.7563358" lon="128.0330444">
<ele>748.451</ele>
<time>2025-05-17T10:09:14Z</time>
<extensions>
<gpxtpx:TrackPointExtension>
<gpxtpx:hr>166</gpxtpx:hr>
</gpxtpx:TrackPointExtension>
</extensions>
</trkpt>
<trkpt lat="36.7563394" lon="128.0330459">
<ele>748.609</ele>
<time>2025-05-17T10:09:15Z</time>
<extensions>
<gpxtpx:TrackPointExtension>
<gpxtpx:hr>166</gpxtpx:hr>
</gpxtpx:TrackPointExtension>
</extensions>
</trkpt>
<trkpt lat="36.7563418" lon="128.0330434">
<ele>748.723</ele>
<time>2025-05-17T10:09:16Z</time>
<extensions>
<gpxtpx:TrackPointExtension>
<gpxtpx:hr>166</gpxtpx:hr>
</gpxtpx:TrackPointExtension>
</extensions>
</trkpt>
<trkpt lat="36.7563425" lon="128.0330442">
<ele>748.714</ele>
<time>2025-05-17T10:09:17Z</time>
<extensions>
<gpxtpx:TrackPointExtension>
<gpxtpx:hr>166</gpxtpx:hr>
</gpxtpx:TrackPointExtension>
</extensions>
</trkpt>
<trkpt lat="36.7563425" lon="128.0330425">
<ele>748.817</ele>
<time>2025-05-17T10:09:18Z</time>
<extensions>
<gpxtpx:TrackPointExtension>
<gpxtpx:hr>166</gpxtpx:hr>
</gpxtpx:TrackPointExtension>
</extensions>
</trkpt>
<trkpt lat="36.7563476" lon="128.0330467">
<ele>748.922</ele>
<time>2025-05-17T10:09:19Z</time>
<extensions>
<gpxtpx:TrackPointExtension>
<gpxtpx:hr>166</gpxtpx:hr>
</gpxtpx:TrackPointExtension>
</extensions>
</trkpt>
<trkpt lat="36.7563491" lon="128.0330529">
<ele>749.232</ele>
<time>2025-05-17T10:09:20Z</time>
<extensions>
<gpxtpx:TrackPointExtension>
<gpxtpx:hr>166</gpxtpx:hr>
</gpxtpx:TrackPointExtension>
</extensions>
</trkpt>
<trkpt lat="36.7563526" lon="128.0330547">
<ele>749.544</ele>
<time>2025-05-17T10:09:21Z</time>
<extensions>
<gpxtpx:TrackPointExtension>
<gpxtpx:hr>167</gpxtpx:hr>
</gpxtpx:TrackPointExtension>
</extensions>
</trkpt>
<trkpt lat="36.7563551" lon="128.0330588">
<ele>749.664</ele>
<time>2025-05-17T10:09:22Z</time>
<extensions>
<gpxtpx:TrackPointExtension>
<gpxtpx:hr>167</gpxtpx:hr>
</gpxtpx:TrackPointExtension>
</extensions>
</trkpt>
<trkpt lat="36.7563599" lon="128.0330563">
<ele>749.827</ele>
<time>2025-05-17T10:09:23Z</time>
<extensions>
<gpxtpx:TrackPointExtension>
<gpxtpx:hr>167</gpxtpx:hr>
</gpxtpx:TrackPointExtension>
</extensions>
</trkpt>
<trkpt lat="36.7563637" lon="128.0330567">
<ele>749.9</ele>
<time>2025-05-17T10:09:24Z</time>
<extensions>
<gpxtpx:TrackPointExtension>
<gpxtpx:hr>167</gpxtpx:hr>
</gpxtpx:TrackPointExtension>
</extensions>
</trkpt>
<trkpt lat="36.7563654" lon="128.0330646">
<ele>749.991</ele>
<time>2025-05-17T10:09:25Z</time>
<extensions>
<gpxtpx:TrackPointExtension>
<gpxtpx:hr>166</gpxtpx:hr>
</gpxtpx:TrackPointExtension>
</extensions>
</trkpt>
<trkpt lat="36.7563692" lon="128.0330674">
<ele>750.108</ele>
<time>2025-05-17T10:09:26Z</time>
<extensions>
<gpxtpx:TrackPointExtension>
<gpxtpx:hr>166</gpxtpx:hr>
</gpxtpx:TrackPointExtension>
</extensions>
</trkpt>
<trkpt lat="36.7563749" lon="128.0330735">
<ele>750.185</ele>
<time>2025-05-17T10:09:27Z</time>
<extensions>
<gpxtpx:TrackPointExtension>
<gpxtpx:hr>167</gpxtpx:hr>
</gpxtpx:TrackPointExtension>
</extensions>
</trkpt>
<trkpt lat="36.7563805" lon="128.0330746">
<ele>750.417</ele>
<time>2025-05-17T10:09:28Z</time>
<extensions>
<gpxtpx:TrackPointExtension>
<gpxtpx:hr>167</gpxtpx:hr>
</gpxtpx:TrackPointExtension>
</extensions>
</trkpt>
<trkpt lat="36.7563865" lon="128.0330772">
<ele>750.741</ele>
<time>2025-05-17T10:09:29Z</time>
<extensions>
<gpxtpx:TrackPointExtension>
<gpxtpx:hr>167</gpxtpx:hr>
</gpxtpx:TrackPointExtension>
</extensions>
</trkpt>
<trkpt lat="36.7563909" lon="128.0330817">
<ele>750.845</ele>
<time>2025-05-17T10:09:30Z</time>
<extensions>
<gpxtpx:TrackPointExtension>
<gpxtpx:hr>167</gpxtpx:hr>
</gpxtpx:TrackPointExtension>
</extensions>
</trkpt>
<trkpt lat="36.7563898" lon="128.0330836">
<ele>751.091</ele>
<time>2025-05-17T10:09:31Z</time>
<extensions>
<gpxtpx:TrackPointExtension>
<gpxtpx:hr>166</gpxtpx:hr>
</gpxtpx:TrackPointExtension>
</extensions>
</trkpt>
<trkpt lat="36.7563929" lon="128.0330856">
<ele>751.231</ele>
<time>2025-05-17T10:09:32Z</time>
<extensions>
<gpxtpx:TrackPointExtension>
<gpxtpx:hr>166</gpxtpx:hr>
</gpxtpx:TrackPointExtension>
</extensions>
</trkpt>
<trkpt lat="36.7564" lon="128.0330884">
<ele>751.326</ele>
<time>2025-05-17T10:09:33Z</time>
<extensions>
<gpxtpx:TrackPointExtension>
<gpxtpx:hr>166</gpxtpx:hr>
</gpxtpx:TrackPointExtension>
</extensions>
</trkpt>
<trkpt lat="36.756402" lon="128.0330904">
<ele>751.465</ele>
<time>2025-05-17T10:09:34Z</time>
<extensions>
<gpxtpx:TrackPointExtension>
<gpxtpx:hr>166</gpxtpx:hr>
</gpxtpx:TrackPointExtension>
</extensions>
</trkpt>
<trkpt lat="36.7564062" lon="128.0330938">
<ele>751.633</ele>
<time>2025-05-17T10:09:35Z</time>
<extensions>
<gpxtpx:TrackPointExtension>
<gpxtpx:hr>166</gpxtpx:hr>
</gpxtpx:TrackPointExtension>
</extensions>
</trkpt>
<trkpt lat="36.7564164" lon="128.0330911">
<ele>751.829</ele>
<time>2025-05-17T10:09:36Z</time>
<extensions>
<gpxtpx:TrackPointExtension>
<gpxtpx:hr>166</gpxtpx:hr>
</gpxtpx:TrackPointExtension>
</extensions>
</trkpt>
<trkpt lat="36.7564215" lon="128.0330902">
<ele>751.944</ele>
<time>2025-05-17T10:09:37Z</time>
<extensions>
<gpxtpx:TrackPointExtension>
<gpxtpx:hr>167</gpxtpx:hr>
</gpxtpx:TrackPointExtension>
</extensions>
</trkpt>
<trkpt lat="36.7564261" lon="128.0330879">
<ele>752.182</ele>
<time>2025-05-17T10:09:38Z</time>
<extensions>
<gpxtpx:TrackPointExtension>
<gpxtpx:hr>167</gpxtpx:hr>
</gpxtpx:TrackPointExtension>
</extensions>
</trkpt>
<trkpt lat="36.7564292" lon="128.0330871">
<ele>752.289</ele>
<time>2025-05-17T10:09:39Z</time>
<extensions>
<gpxtpx:TrackPointExtension>
<gpxtpx:hr>168</gpxtpx:hr>
</gpxtpx:TrackPointExtension>
</extensions>
</trkpt>
<trkpt lat="36.756431" lon="128.0330842">
<ele>752.342</ele>
<time>2025-05-17T10:09:40Z</time>
<extensions>
<gpxtpx:TrackPointExtension>
<gpxtpx:hr>167</gpxtpx:hr>
</gpxtpx:TrackPointExtension>
</extensions>
</trkpt>
<trkpt lat="36.756436" lon="128.033084">
<ele>752.597</ele>
<time>2025-05-17T10:09:41Z</time>
<extensions>
<gpxtpx:TrackPointExtension>
<gpxtpx:hr>167</gpxtpx:hr>
</gpxtpx:TrackPointExtension>
</extensions>
</trkpt>
<trkpt lat="36.7564415" lon="128.033084">
<ele>752.91</ele>
<time>2025-05-17T10:09:42Z</time>
<extensions>
<gpxtpx:TrackPointExtension>
<gpxtpx:hr>167</gpxtpx:hr>
</gpxtpx:TrackPointExtension>
</extensions>
</trkpt>
<trkpt lat="36.7564554" lon="128.0330818">
<ele>753.581</ele>
<time>2025-05-17T10:09:43Z</time>
<extensions>
<gpxtpx:TrackPointExtension>
<gpxtpx:hr>167</gpxtpx:hr>
</gpxtpx:TrackPointExtension>
</extensions>
</trkpt>
<trkpt lat="36.7564607" lon="128.0330763">
<ele>753.997</ele>
<time>2025-05-17T10:09:44Z</time>
<extensions>
<gpxtpx:TrackPointExtension>
<gpxtpx:hr>167</gpxtpx:hr>
</gpxtpx:TrackPointExtension>
</extensions>
</trkpt>
<trkpt lat="36.7564651" lon="128.033074">
<ele>753.4</ele>
<time>2025-05-17T10:09:45Z</time>
<extensions>
<gpxtpx:TrackPointExtension>
<gpxtpx:hr>167</gpxtpx:hr>
</gpxtpx:TrackPointExtension>
</extensions>
</trkpt>
<trkpt lat="36.7564692" lon="128.0330726">
<ele>753.935</ele>
<time>2025-05-17T10:09:46Z</time>
<extensions>
<gpxtpx:TrackPointExtension>
<gpxtpx:hr>167</gpxtpx:hr>
</gpxtpx:TrackPointExtension>
</extensions>
</trkpt>
<trkpt lat="36.7564738" lon="128.0330688">
<ele>754.037</ele>
<time>2025-05-17T10:09:47Z</time>
<extensions>
<gpxtpx:TrackPointExtension>
<gpxtpx:hr>167</gpxtpx:hr>
</gpxtpx:TrackPointExtension>
</extensions>
</trkpt>
<trkpt lat="36.7564786" lon="128.0330631">
<ele>754.01</ele>
<time>2025-05-17T10:09:48Z</time>
<extensions>
<gpxtpx:TrackPointExtension>
<gpxtpx:hr>167</gpxtpx:hr>
</gpxtpx:TrackPointExtension>
</extensions>
</trkpt>
<trkpt lat="36.7564844" lon="128.0330644">
<ele>753.212</ele>
<time>2025-05-17T10:09:49Z</time>
<extensions>
<gpxtpx:TrackPointExtension>
<gpxtpx:hr>167</gpxtpx:hr>
</gpxtpx:TrackPointExtension>
</extensions>
</trkpt>
<trkpt lat="36.7564905" lon="128.0330646">
<ele>752.794</ele>
<time>2025-05-17T10:09:50Z</time>
<extensions>
<gpxtpx:TrackPointExtension>
<gpxtpx:hr>167</gpxtpx:hr>
</gpxtpx:TrackPointExtension>
</extensions>
</trkpt>
<trkpt lat="36.7564919" lon="128.0330698">
<ele>752.715</ele>
<time>2025-05-17T10:09:51Z</time>
<extensions>
<gpxtpx:TrackPointExtension>
<gpxtpx:hr>167</gpxtpx:hr>
</gpxtpx:TrackPointExtension>
</extensions>
</trkpt>
<trkpt lat="36.7564955" lon="128.0330726">
<ele>752.65</ele>
<time>2025-05-17T10:09:52Z</time>
<extensions>
<gpxtpx:TrackPointExtension>
<gpxtpx:hr>168</gpxtpx:hr>
</gpxtpx:TrackPointExtension>
</extensions>
</trkpt>
<trkpt lat="36.7564957" lon="128.0330796">
<ele>752.886</ele>
<time>2025-05-17T10:09:53Z</time>
<extensions>
<gpxtpx:TrackPointExtension>
<gpxtpx:hr>167</gpxtpx:hr>
</gpxtpx:TrackPointExtension>
</extensions>
</trkpt>
<trkpt lat="36.7564957" lon="128.0330823">
<ele>752.991</ele>
<time>2025-05-17T10:09:54Z</time>
<extensions>
<gpxtpx:TrackPointExtension>
<gpxtpx:hr>167</gpxtpx:hr>
</gpxtpx:TrackPointExtension>
</extensions>
</trkpt>
<trkpt lat="36.7565014" lon="128.0330818">
<ele>753.093</ele>
<time>2025-05-17T10:09:55Z</time>
<extensions>
<gpxtpx:TrackPointExtension>
<gpxtpx:hr>167</gpxtpx:hr>
</gpxtpx:TrackPointExtension>
</extensions>
</trkpt>
<trkpt lat="36.7565066" lon="128.0330796">
<ele>752.809</ele>
<time>2025-05-17T10:09:56Z</time>
<extensions>
<gpxtpx:TrackPointExtension>
<gpxtpx:hr>166</gpxtpx:hr>
</gpxtpx:TrackPointExtension>
</extensions>
</trkpt>
<trkpt lat="36.7565113" lon="128.0330798">
<ele>752.482</ele>
<time>2025-05-17T10:09:57Z</time>
<extensions>
<gpxtpx:TrackPointExtension>
<gpxtpx:hr>166</gpxtpx:hr>
</gpxtpx:TrackPointExtension>
</extensions>
</trkpt>
<trkpt lat="36.7565181" lon="128.0330753">
<ele>752.862</ele>
<time>2025-05-17T10:09:58Z</time>
<extensions>
<gpxtpx:TrackPointExtension>
<gpxtpx:hr>166</gpxtpx:hr>
</gpxtpx:TrackPointExtension>
</extensions>
</trkpt>
<trkpt lat="36.7565191" lon="128.0330727">
<ele>754.292</ele>
<time>2025-05-17T10:10:00Z</time>
<extensions>
<gpxtpx:TrackPointExtension>
<gpxtpx:hr>166</gpxtpx:hr>
</gpxtpx:TrackPointExtension>
</extensions>
</trkpt>
<trkpt lat="36.7565185" lon="128.0330679">
<ele>755.076</ele>
<time>2025-05-17T10:10:01Z</time>
<extensions>
<gpxtpx:TrackPointExtension>
<gpxtpx:hr>166</gpxtpx:hr>
</gpxtpx:TrackPointExtension>
</extensions>
</trkpt>
<trkpt lat="36.7565175" lon="128.0330677">
<ele>755.308</ele>
<time>2025-05-17T10:10:02Z</time>
<extensions>
<gpxtpx:TrackPointExtension>
<gpxtpx:hr>166</gpxtpx:hr>
</gpxtpx:TrackPointExtension>
</extensions>
</trkpt>
<trkpt lat="36.7565203" lon="128.033065">
<ele>754.87</ele>
<time>2025-05-17T10:10:03Z</time>
<extensions>
<gpxtpx:TrackPointExtension>
<gpxtpx:hr>166</gpxtpx:hr>
</gpxtpx:TrackPointExtension>
</extensions>
</trkpt>
<trkpt lat="36.7565207" lon="128.0330635">
<ele>754.297</ele>
<time>2025-05-17T10:10:05Z</time>
<extensions>
<gpxtpx:TrackPointExtension>
<gpxtpx:hr>166</gpxtpx:hr>
</gpxtpx:TrackPointExtension>
</extensions>
</trkpt>
<trkpt lat="36.756521" lon="128.0330617">
<ele>754.392</ele>
<time>2025-05-17T10:10:06Z</time>
<extensions>
<gpxtpx:TrackPointExtension>
<gpxtpx:hr>167</gpxtpx:hr>
</gpxtpx:TrackPointExtension>
</extensions>
</trkpt>
<trkpt lat="36.7565197" lon="128.0330621">
<ele>754.251</ele>
<time>2025-05-17T10:10:07Z</time>
<extensions>
<gpxtpx:TrackPointExtension>
<gpxtpx:hr>166</gpxtpx:hr>
</gpxtpx:TrackPointExtension>
</extensions>
</trkpt>
<trkpt lat="36.7565198" lon="128.0330617">
<ele>754.218</ele>
<time>2025-05-17T10:10:08Z</time>
<extensions>
<gpxtpx:TrackPointExtension>
<gpxtpx:hr>166</gpxtpx:hr>
</gpxtpx:TrackPointExtension>
</extensions>
</trkpt>
<trkpt lat="36.7565197" lon="128.0330617">
<ele>754.52</ele>
<time>2025-05-17T10:10:09Z</time>
<extensions>
<gpxtpx:TrackPointExtension>
<gpxtpx:hr>166</gpxtpx:hr>
</gpxtpx:TrackPointExtension>
</extensions>
</trkpt>
<trkpt lat="36.7565197" lon="128.0330614">
<ele>754.618</ele>
<time>2025-05-17T10:10:10Z</time>
<extensions>
<gpxtpx:TrackPointExtension>
<gpxtpx:hr>166</gpxtpx:hr>
</gpxtpx:TrackPointExtension>
</extensions>
</trkpt>
<trkpt lat="36.7565196" lon="128.0330617">
<ele>754.391</ele>
<time>2025-05-17T10:10:11Z</time>
<extensions>
<gpxtpx:TrackPointExtension>
<gpxtpx:hr>165</gpxtpx:hr>
</gpxtpx:TrackPointExtension>
</extensions>
</trkpt>
<trkpt lat="36.7565197" lon="128.0330625">
<ele>754.396</ele>
<time>2025-05-17T10:10:12Z</time>
<extensions>
<gpxtpx:TrackPointExtension>
<gpxtpx:hr>165</gpxtpx:hr>
</gpxtpx:TrackPointExtension>
</extensions>
</trkpt>
<trkpt lat="36.7565203" lon="128.0330638">
<ele>754.27</ele>
<time>2025-05-17T10:10:13Z</time>
<extensions>
<gpxtpx:TrackPointExtension>
<gpxtpx:hr>165</gpxtpx:hr>
</gpxtpx:TrackPointExtension>
</extensions>
</trkpt>
<trkpt lat="36.75652" lon="128.0330646">
<ele>754.377</ele>
<time>2025-05-17T10:10:14Z</time>
<extensions>
<gpxtpx:TrackPointExtension>
<gpxtpx:hr>165</gpxtpx:hr>
</gpxtpx:TrackPointExtension>
</extensions>
</trkpt>
<trkpt lat="36.7565199" lon="128.0330646">
<ele>754.503</ele>
<time>2025-05-17T10:10:15Z</time>
<extensions>
<gpxtpx:TrackPointExtension>
<gpxtpx:hr>164</gpxtpx:hr>
</gpxtpx:TrackPointExtension>
</extensions>
</trkpt>
<trkpt lat="36.7565191" lon="128.0330649">
<ele>754.517</ele>
<time>2025-05-17T10:10:16Z</time>
<extensions>
<gpxtpx:TrackPointExtension>
<gpxtpx:hr>164</gpxtpx:hr>
</gpxtpx:TrackPointExtension>
</extensions>
</trkpt>
<trkpt lat="36.7565192" lon="128.0330648">
<ele>754.48</ele>
<time>2025-05-17T10:10:17Z</time>
<extensions>
<gpxtpx:TrackPointExtension>
<gpxtpx:hr>163</gpxtpx:hr>
</gpxtpx:TrackPointExtension>
</extensions>
</trkpt>
<trkpt lat="36.7565185" lon="128.0330648">
<ele>754.458</ele>
<time>2025-05-17T10:10:21Z</time>
<extensions>
<gpxtpx:TrackPointExtension>
<gpxtpx:hr>162</gpxtpx:hr>
</gpxtpx:TrackPointExtension>
</extensions>
</trkpt>
<trkpt lat="36.756518" lon="128.0330649">
<ele>754.473</ele>
<time>2025-05-17T10:10:22Z</time>
<extensions>
<gpxtpx:TrackPointExtension>
<gpxtpx:hr>161</gpxtpx:hr>
</gpxtpx:TrackPointExtension>
</extensions>
</trkpt>
<trkpt lat="36.7565176" lon="128.0330648">
<ele>754.449</ele>
<time>2025-05-17T10:10:23Z</time>
<extensions>
<gpxtpx:TrackPointExtension>
<gpxtpx:hr>161</gpxtpx:hr>
</gpxtpx:TrackPointExtension>
</extensions>
</trkpt>
<trkpt lat="36.7565173" lon="128.0330648">
<ele>754.596</ele>
<time>2025-05-17T10:10:24Z</time>
<extensions>
<gpxtpx:TrackPointExtension>
<gpxtpx:hr>160</gpxtpx:hr>
</gpxtpx:TrackPointExtension>
</extensions>
</trkpt>
<trkpt lat="36.7565172" lon="128.0330645">
<ele>754.633</ele>
<time>2025-05-17T10:10:25Z</time>
<extensions>
<gpxtpx:TrackPointExtension>
<gpxtpx:hr>159</gpxtpx:hr>
</gpxtpx:TrackPointExtension>
</extensions>
</trkpt>
<trkpt lat="36.7565169" lon="128.0330644">
<ele>754.606</ele>
<time>2025-05-17T10:10:26Z</time>
<extensions>
<gpxtpx:TrackPointExtension>
<gpxtpx:hr>159</gpxtpx:hr>
</gpxtpx:TrackPointExtension>
</extensions>
</trkpt>
<trkpt lat="36.7565169" lon="128.0330641">
<ele>754.716</ele>
<time>2025-05-17T10:10:27Z</time>
<extensions>
<gpxtpx:TrackPointExtension>
<gpxtpx:hr>158</gpxtpx:hr>
</gpxtpx:TrackPointExtension>
</extensions>
</trkpt>
<trkpt lat="36.7565168" lon="128.0330631">
<ele>754.529</ele>
<time>2025-05-17T10:10:28Z</time>
<extensions>
<gpxtpx:TrackPointExtension>
<gpxtpx:hr>157</gpxtpx:hr>
</gpxtpx:TrackPointExtension>
</extensions>
</trkpt>
<trkpt lat="36.7565166" lon="128.0330629">
<ele>754.464</ele>
<time>2025-05-17T10:10:29Z</time>
<extensions>
<gpxtpx:TrackPointExtension>
<gpxtpx:hr>156</gpxtpx:hr>
</gpxtpx:TrackPointExtension>
</extensions>
</trkpt>
<trkpt lat="36.7565168" lon="128.0330617">
<ele>754.358</ele>
<time>2025-05-17T10:10:30Z</time>
<extensions>
<gpxtpx:TrackPointExtension>
<gpxtpx:hr>156</gpxtpx:hr>
</gpxtpx:TrackPointExtension>
</extensions>
</trkpt>
<trkpt lat="36.7565168" lon="128.0330612">
<ele>754.386</ele>
<time>2025-05-17T10:10:31Z</time>
<extensions>
<gpxtpx:TrackPointExtension>
<gpxtpx:hr>155</gpxtpx:hr>
</gpxtpx:TrackPointExtension>
</extensions>
</trkpt>
<trkpt lat="36.7565167" lon="128.0330607">
<ele>754.512</ele>
<time>2025-05-17T10:10:32Z</time>
<extensions>
<gpxtpx:TrackPointExtension>
<gpxtpx:hr>154</gpxtpx:hr>
</gpxtpx:TrackPointExtension>
</extensions>
</trkpt>
<trkpt lat="36.7565164" lon="128.033061">
<ele>754.738</ele>
<time>2025-05-17T10:10:33Z</time>
<extensions>
<gpxtpx:TrackPointExtension>
<gpxtpx:hr>153</gpxtpx:hr>
</gpxtpx:TrackPointExtension>
</extensions>
</trkpt>
<trkpt lat="36.7565163" lon="128.0330602">
<ele>755.021</ele>
<time>2025-05-17T10:10:34Z</time>
<extensions>
<gpxtpx:TrackPointExtension>
<gpxtpx:hr>152</gpxtpx:hr>
</gpxtpx:TrackPointExtension>
</extensions>
</trkpt>
<trkpt lat="36.7565163" lon="128.0330597">
<ele>755.157</ele>
<time>2025-05-17T10:10:35Z</time>
<extensions>
<gpxtpx:TrackPointExtension>
<gpxtpx:hr>152</gpxtpx:hr>
</gpxtpx:TrackPointExtension>
</extensions>
</trkpt>
<trkpt lat="36.7565164" lon="128.0330588">
<ele>755.022</ele>
<time>2025-05-17T10:10:36Z</time>
<extensions>
<gpxtpx:TrackPointExtension>
<gpxtpx:hr>150</gpxtpx:hr>
</gpxtpx:TrackPointExtension>
</extensions>
</trkpt>
<trkpt lat="36.7565162" lon="128.0330579">
<ele>754.831</ele>
<time>2025-05-17T10:10:37Z</time>
<extensions>
<gpxtpx:TrackPointExtension>
<gpxtpx:hr>150</gpxtpx:hr>
</gpxtpx:TrackPointExtension>
</extensions>
</trkpt>
<trkpt lat="36.756516" lon="128.0330571">
<ele>754.835</ele>
<time>2025-05-17T10:10:38Z</time>
<extensions>
<gpxtpx:TrackPointExtension>
<gpxtpx:hr>149</gpxtpx:hr>
</gpxtpx:TrackPointExtension>
</extensions>
</trkpt>
<trkpt lat="36.756516" lon="128.0330557">
<ele>754.899</ele>
<time>2025-05-17T10:10:39Z</time>
<extensions>
<gpxtpx:TrackPointExtension>
<gpxtpx:hr>149</gpxtpx:hr>
</gpxtpx:TrackPointExtension>
</extensions>
</trkpt>
<trkpt lat="36.756516" lon="128.033055">
<ele>755.448</ele>
<time>2025-05-17T10:10:40Z</time>
<extensions>
<gpxtpx:TrackPointExtension>
<gpxtpx:hr>148</gpxtpx:hr>
</gpxtpx:TrackPointExtension>
</extensions>
</trkpt>
<trkpt lat="36.7565162" lon="128.0330541">
<ele>755.705</ele>
<time>2025-05-17T10:10:41Z</time>
<extensions>
<gpxtpx:TrackPointExtension>
<gpxtpx:hr>147</gpxtpx:hr>
</gpxtpx:TrackPointExtension>
</extensions>
</trkpt>
<trkpt lat="36.7565161" lon="128.0330541">
<ele>755.805</ele>
<time>2025-05-17T10:10:42Z</time>
<extensions>
<gpxtpx:TrackPointExtension>
<gpxtpx:hr>147</gpxtpx:hr>
</gpxtpx:TrackPointExtension>
</extensions>
</trkpt>
<trkpt lat="36.7565163" lon="128.0330528">
<ele>755.235</ele>
<time>2025-05-17T10:10:43Z</time>
<extensions>
<gpxtpx:TrackPointExtension>
<gpxtpx:hr>146</gpxtpx:hr>
</gpxtpx:TrackPointExtension>
</extensions>
</trkpt>
<trkpt lat="36.7565162" lon="128.0330524">
<ele>754.959</ele>
<time>2025-05-17T10:10:44Z</time>
<extensions>
<gpxtpx:TrackPointExtension>
<gpxtpx:hr>146</gpxtpx:hr>
</gpxtpx:TrackPointExtension>
</extensions>
</trkpt>
<trkpt lat="36.7565163" lon="128.0330515">
<ele>754.802</ele>
<time>2025-05-17T10:10:45Z</time>
<extensions>
<gpxtpx:TrackPointExtension>
<gpxtpx:hr>145</gpxtpx:hr>
</gpxtpx:TrackPointExtension>
</extensions>
</trkpt>
<trkpt lat="36.7565166" lon="128.033051">
<ele>754.824</ele>
<time>2025-05-17T10:10:46Z</time>
<extensions>
<gpxtpx:TrackPointExtension>
<gpxtpx:hr>144</gpxtpx:hr>
</gpxtpx:TrackPointExtension>
</extensions>
</trkpt>
<trkpt lat="36.7565156" lon="128.0330517">
<ele>754.097</ele>
<time>2025-05-17T10:10:47Z</time>
<extensions>
<gpxtpx:TrackPointExtension>
<gpxtpx:hr>143</gpxtpx:hr>
</gpxtpx:TrackPointExtension>
</extensions>
</trkpt>
<trkpt lat="36.756512" lon="128.0330478">
<ele>754.178</ele>
<time>2025-05-17T10:10:48Z</time>
<extensions>
<gpxtpx:TrackPointExtension>
<gpxtpx:hr>143</gpxtpx:hr>
</gpxtpx:TrackPointExtension>
</extensions>
</trkpt>
<trkpt lat="36.7565091" lon="128.0330435">
<ele>754.307</ele>
<time>2025-05-17T10:10:49Z</time>
<extensions>
<gpxtpx:TrackPointExtension>
<gpxtpx:hr>142</gpxtpx:hr>
</gpxtpx:TrackPointExtension>
</extensions>
</trkpt>
<trkpt lat="36.7565069" lon="128.0330407">
<ele>754.295</ele>
<time>2025-05-17T10:10:50Z</time>
<extensions>
<gpxtpx:TrackPointExtension>
<gpxtpx:hr>141</gpxtpx:hr>
</gpxtpx:TrackPointExtension>
</extensions>
</trkpt>
<trkpt lat="36.7565055" lon="128.0330399">
<ele>754.175</ele>
<time>2025-05-17T10:10:51Z</time>
<extensions>
<gpxtpx:TrackPointExtension>
<gpxtpx:hr>141</gpxtpx:hr>
</gpxtpx:TrackPointExtension>
</extensions>
</trkpt>
<trkpt lat="36.7565021" lon="128.0330386">
<ele>754.191</ele>
<time>2025-05-17T10:10:52Z</time>
<extensions>
<gpxtpx:TrackPointExtension>
<gpxtpx:hr>140</gpxtpx:hr>
</gpxtpx:TrackPointExtension>
</extensions>
</trkpt>
<trkpt lat="36.7564978" lon="128.033039">
<ele>754.185</ele>
<time>2025-05-17T10:10:53Z</time>
<extensions>
<gpxtpx:TrackPointExtension>
<gpxtpx:hr>140</gpxtpx:hr>
</gpxtpx:TrackPointExtension>
</extensions>
</trkpt>
<trkpt lat="36.7564926" lon="128.0330347">
<ele>754.173</ele>
<time>2025-05-17T10:10:54Z</time>
<extensions>
<gpxtpx:TrackPointExtension>
<gpxtpx:hr>140</gpxtpx:hr>
</gpxtpx:TrackPointExtension>
</extensions>
</trkpt>
<trkpt lat="36.756486" lon="128.0330324">
<ele>754.192</ele>
<time>2025-05-17T10:10:55Z</time>
<extensions>
<gpxtpx:TrackPointExtension>
<gpxtpx:hr>140</gpxtpx:hr>
</gpxtpx:TrackPointExtension>
</extensions>
</trkpt>
<trkpt lat="36.7564804" lon="128.0330306">
<ele>754.32</ele>
<time>2025-05-17T10:10:56Z</time>
<extensions>
<gpxtpx:TrackPointExtension>
<gpxtpx:hr>140</gpxtpx:hr>
</gpxtpx:TrackPointExtension>
</extensions>
</trkpt>
<trkpt lat="36.7564747" lon="128.0330291">
<ele>754.281</ele>
<time>2025-05-17T10:10:57Z</time>
<extensions>
<gpxtpx:TrackPointExtension>
<gpxtpx:hr>140</gpxtpx:hr>
</gpxtpx:TrackPointExtension>
</extensions>
</trkpt>
<trkpt lat="36.7564701" lon="128.0330237">
<ele>754.246</ele>
<time>2025-05-17T10:10:58Z</time>
<extensions>
<gpxtpx:TrackPointExtension>
<gpxtpx:hr>139</gpxtpx:hr>
</gpxtpx:TrackPointExtension>
</extensions>
</trkpt>
<trkpt lat="36.7564645" lon="128.0330206">
<ele>754.278</ele>
<time>2025-05-17T10:10:59Z</time>
<extensions>
<gpxtpx:TrackPointExtension>
<gpxtpx:hr>139</gpxtpx:hr>
</gpxtpx:TrackPointExtension>
</extensions>
</trkpt>
<trkpt lat="36.7564617" lon="128.0330176">
<ele>754.305</ele>
<time>2025-05-17T10:11:00Z</time>
<extensions>
<gpxtpx:TrackPointExtension>
<gpxtpx:hr>139</gpxtpx:hr>
</gpxtpx:TrackPointExtension>
</extensions>
</trkpt>
<trkpt lat="36.7564589" lon="128.0330124">
<ele>754.326</ele>
<time>2025-05-17T10:11:01Z</time>
<extensions>
<gpxtpx:TrackPointExtension>
<gpxtpx:hr>138</gpxtpx:hr>
</gpxtpx:TrackPointExtension>
</extensions>
</trkpt>
<trkpt lat="36.7564582" lon="128.0330094">
<ele>754.273</ele>
<time>2025-05-17T10:11:02Z</time>
<extensions>
<gpxtpx:TrackPointExtension>
<gpxtpx:hr>138</gpxtpx:hr>
</gpxtpx:TrackPointExtension>
</extensions>
</trkpt>
<trkpt lat="36.7564579" lon="128.0330066">
<ele>754.342</ele>
<time>2025-05-17T10:11:03Z</time>
<extensions>
<gpxtpx:TrackPointExtension>
<gpxtpx:hr>137</gpxtpx:hr>
</gpxtpx:TrackPointExtension>
</extensions>
</trkpt>
<trkpt lat="36.7564566" lon="128.0330067">
<ele>754.327</ele>
<time>2025-05-17T10:11:04Z</time>
<extensions>
<gpxtpx:TrackPointExtension>
<gpxtpx:hr>137</gpxtpx:hr>
</gpxtpx:TrackPointExtension>
</extensions>
</trkpt>
<trkpt lat="36.7564555" lon="128.0330067">
<ele>754.256</ele>
<time>2025-05-17T10:11:05Z</time>
<extensions>
<gpxtpx:TrackPointExtension>
<gpxtpx:hr>136</gpxtpx:hr>
</gpxtpx:TrackPointExtension>
</extensions>
</trkpt>
<trkpt lat="36.7564561" lon="128.0330047">
<ele>754.245</ele>
<time>2025-05-17T10:11:06Z</time>
<extensions>
<gpxtpx:TrackPointExtension>
<gpxtpx:hr>136</gpxtpx:hr>
</gpxtpx:TrackPointExtension>
</extensions>
</trkpt>
<trkpt lat="36.756457" lon="128.0330017">
<ele>754.078</ele>
<time>2025-05-17T10:11:09Z</time>
<extensions>
<gpxtpx:TrackPointExtension>
<gpxtpx:hr>134</gpxtpx:hr>
</gpxtpx:TrackPointExtension>
</extensions>
</trkpt>
<trkpt lat="36.7564555" lon="128.032998">
<ele>753.971</ele>
<time>2025-05-17T10:11:10Z</time>
<extensions>
<gpxtpx:TrackPointExtension>
<gpxtpx:hr>134</gpxtpx:hr>
</gpxtpx:TrackPointExtension>
</extensions>
</trkpt>
<trkpt lat="36.7564532" lon="128.0329966">
<ele>754.069</ele>
<time>2025-05-17T10:11:11Z</time>
<extensions>
<gpxtpx:TrackPointExtension>
<gpxtpx:hr>133</gpxtpx:hr>
</gpxtpx:TrackPointExtension>
</extensions>
</trkpt>
<trkpt lat="36.7564501" lon="128.0329937">
<ele>754.028</ele>
<time>2025-05-17T10:11:12Z</time>
<extensions>
<gpxtpx:TrackPointExtension>
<gpxtpx:hr>133</gpxtpx:hr>
</gpxtpx:TrackPointExtension>
</extensions>
</trkpt>
<trkpt lat="36.7564486" lon="128.0329926">
<ele>754.106</ele>
<time>2025-05-17T10:11:13Z</time>
<extensions>
<gpxtpx:TrackPointExtension>
<gpxtpx:hr>132</gpxtpx:hr>
</gpxtpx:TrackPointExtension>
</extensions>
</trkpt>
<trkpt lat="36.7564459" lon="128.0329918">
<ele>754.002</ele>
<time>2025-05-17T10:11:14Z</time>
<extensions>
<gpxtpx:TrackPointExtension>
<gpxtpx:hr>132</gpxtpx:hr>
</gpxtpx:TrackPointExtension>
</extensions>
</trkpt>
<trkpt lat="36.7564456" lon="128.0329922">
<ele>753.924</ele>
<time>2025-05-17T10:11:15Z</time>
<extensions>
<gpxtpx:TrackPointExtension>
<gpxtpx:hr>132</gpxtpx:hr>
</gpxtpx:TrackPointExtension>
</extensions>
</trkpt>
<trkpt lat="36.7564474" lon="128.0329932">
<ele>753.923</ele>
<time>2025-05-17T10:11:16Z</time>
<extensions>
<gpxtpx:TrackPointExtension>
<gpxtpx:hr>132</gpxtpx:hr>
</gpxtpx:TrackPointExtension>
</extensions>
</trkpt>
<trkpt lat="36.7564491" lon="128.0329941">
<ele>753.442</ele>
<time>2025-05-17T10:11:20Z</time>
<extensions>
<gpxtpx:TrackPointExtension>
<gpxtpx:hr>133</gpxtpx:hr>
</gpxtpx:TrackPointExtension>
</extensions>
</trkpt>
<trkpt lat="36.7564501" lon="128.0329947">
<ele>753.472</ele>
<time>2025-05-17T10:11:21Z</time>
<extensions>
<gpxtpx:TrackPointExtension>
<gpxtpx:hr>133</gpxtpx:hr>
</gpxtpx:TrackPointExtension>
</extensions>
</trkpt>
<trkpt lat="36.7564495" lon="128.0329947">
<ele>753.592</ele>
<time>2025-05-17T10:11:22Z</time>
<extensions>
<gpxtpx:TrackPointExtension>
<gpxtpx:hr>133</gpxtpx:hr>
</gpxtpx:TrackPointExtension>
</extensions>
</trkpt>
<trkpt lat="36.7564499" lon="128.032995">
<ele>753.852</ele>
<time>2025-05-17T10:11:23Z</time>
<extensions>
<gpxtpx:TrackPointExtension>
<gpxtpx:hr>133</gpxtpx:hr>
</gpxtpx:TrackPointExtension>
</extensions>
</trkpt>
<trkpt lat="36.7564498" lon="128.032995">
<ele>753.952</ele>
<time>2025-05-17T10:11:24Z</time>
<extensions>
<gpxtpx:TrackPointExtension>
<gpxtpx:hr>133</gpxtpx:hr>
</gpxtpx:TrackPointExtension>
</extensions>
</trkpt>
<trkpt lat="36.75645" lon="128.0329952">
<ele>753.957</ele>
<time>2025-05-17T10:11:25Z</time>
<extensions>
<gpxtpx:TrackPointExtension>
<gpxtpx:hr>133</gpxtpx:hr>
</gpxtpx:TrackPointExtension>
</extensions>
</trkpt>
<trkpt lat="36.7564498" lon="128.0329957">
<ele>754.014</ele>
<time>2025-05-17T10:11:26Z</time>
<extensions>
<gpxtpx:TrackPointExtension>
<gpxtpx:hr>132</gpxtpx:hr>
</gpxtpx:TrackPointExtension>
</extensions>
</trkpt>
<trkpt lat="36.7564499" lon="128.0329956">
<ele>753.949</ele>
<time>2025-05-17T10:11:27Z</time>
<extensions>
<gpxtpx:TrackPointExtension>
<gpxtpx:hr>132</gpxtpx:hr>
</gpxtpx:TrackPointExtension>
</extensions>
</trkpt>
<trkpt lat="36.7564501" lon="128.0329957">
<ele>753.681</ele>
<time>2025-05-17T10:11:28Z</time>
<extensions>
<gpxtpx:TrackPointExtension>
<gpxtpx:hr>131</gpxtpx:hr>
</gpxtpx:TrackPointExtension>
</extensions>
</trkpt>
<trkpt lat="36.7564504" lon="128.0329959">
<ele>753.589</ele>
<time>2025-05-17T10:11:29Z</time>
<extensions>
<gpxtpx:TrackPointExtension>
<gpxtpx:hr>131</gpxtpx:hr>
</gpxtpx:TrackPointExtension>
</extensions>
</trkpt>
<trkpt lat="36.7564506" lon="128.0329965">
<ele>753.614</ele>
<time>2025-05-17T10:11:30Z</time>
<extensions>
<gpxtpx:TrackPointExtension>
<gpxtpx:hr>130</gpxtpx:hr>
</gpxtpx:TrackPointExtension>
</extensions>
</trkpt>
<trkpt lat="36.7564504" lon="128.0329965">
<ele>753.808</ele>
<time>2025-05-17T10:11:32Z</time>
<extensions>
<gpxtpx:TrackPointExtension>
<gpxtpx:hr>130</gpxtpx:hr>
</gpxtpx:TrackPointExtension>
</extensions>
</trkpt>
<trkpt lat="36.75645" lon="128.032997">
<ele>753.968</ele>
<time>2025-05-17T10:11:33Z</time>
<extensions>
<gpxtpx:TrackPointExtension>
<gpxtpx:hr>129</gpxtpx:hr>
</gpxtpx:TrackPointExtension>
</extensions>
</trkpt>
<trkpt lat="36.7564492" lon="128.0329987">
<ele>754.146</ele>
<time>2025-05-17T10:11:34Z</time>
<extensions>
<gpxtpx:TrackPointExtension>
<gpxtpx:hr>129</gpxtpx:hr>
</gpxtpx:TrackPointExtension>
</extensions>
</trkpt>
<trkpt lat="36.7564488" lon="128.0329987">
<ele>754.143</ele>
<time>2025-05-17T10:11:35Z</time>
<extensions>
<gpxtpx:TrackPointExtension>
<gpxtpx:hr>129</gpxtpx:hr>
</gpxtpx:TrackPointExtension>
</extensions>
</trkpt>
<trkpt lat="36.7564489" lon="128.0329992">
<ele>753.994</ele>
<time>2025-05-17T10:11:36Z</time>
<extensions>
<gpxtpx:TrackPointExtension>
<gpxtpx:hr>129</gpxtpx:hr>
</gpxtpx:TrackPointExtension>
</extensions>
</trkpt>
<trkpt lat="36.7564491" lon="128.032999">
<ele>753.871</ele>
<time>2025-05-17T10:11:38Z</time>
<extensions>
<gpxtpx:TrackPointExtension>
<gpxtpx:hr>129</gpxtpx:hr>
</gpxtpx:TrackPointExtension>
</extensions>
</trkpt>
<trkpt lat="36.7564492" lon="128.0329992">
<ele>753.831</ele>
<time>2025-05-17T10:11:39Z</time>
<extensions>
<gpxtpx:TrackPointExtension>
<gpxtpx:hr>129</gpxtpx:hr>
</gpxtpx:TrackPointExtension>
</extensions>
</trkpt>
<trkpt lat="36.7564489" lon="128.0329992">
<ele>753.776</ele>
<time>2025-05-17T10:11:40Z</time>
<extensions>
<gpxtpx:TrackPointExtension>
<gpxtpx:hr>130</gpxtpx:hr>
</gpxtpx:TrackPointExtension>
</extensions>
</trkpt>
<trkpt lat="36.7564491" lon="128.0329997">
<ele>753.845</ele>
<time>2025-05-17T10:11:41Z</time>
<extensions>
<gpxtpx:TrackPointExtension>
<gpxtpx:hr>130</gpxtpx:hr>
</gpxtpx:TrackPointExtension>
</extensions>
</trkpt>
<trkpt lat="36.7564491" lon="128.0329998">
<ele>753.968</ele>
<time>2025-05-17T10:11:42Z</time>
<extensions>
<gpxtpx:TrackPointExtension>
<gpxtpx:hr>131</gpxtpx:hr>
</gpxtpx:TrackPointExtension>
</extensions>
</trkpt>
<trkpt lat="36.7564488" lon="128.0330004">
<ele>754.022</ele>
<time>2025-05-17T10:11:43Z</time>
<extensions>
<gpxtpx:TrackPointExtension>
<gpxtpx:hr>131</gpxtpx:hr>
</gpxtpx:TrackPointExtension>
</extensions>
</trkpt>
<trkpt lat="36.7564487" lon="128.0330008">
<ele>753.933</ele>
<time>2025-05-17T10:11:44Z</time>
<extensions>
<gpxtpx:TrackPointExtension>
<gpxtpx:hr>132</gpxtpx:hr>
</gpxtpx:TrackPointExtension>
</extensions>
</trkpt>
<trkpt lat="36.7564488" lon="128.0330007">
<ele>753.867</ele>
<time>2025-05-17T10:11:45Z</time>
<extensions>
<gpxtpx:TrackPointExtension>
<gpxtpx:hr>131</gpxtpx:hr>
</gpxtpx:TrackPointExtension>
</extensions>
</trkpt>
<trkpt lat="36.7564492" lon="128.0330014">
<ele>753.882</ele>
<time>2025-05-17T10:11:47Z</time>
<extensions>
<gpxtpx:TrackPointExtension>
<gpxtpx:hr>131</gpxtpx:hr>
</gpxtpx:TrackPointExtension>
</extensions>
</trkpt>
<trkpt lat="36.7564488" lon="128.0330014">
<ele>753.89</ele>
<time>2025-05-17T10:11:48Z</time>
<extensions>
<gpxtpx:TrackPointExtension>
<gpxtpx:hr>130</gpxtpx:hr>
</gpxtpx:TrackPointExtension>
</extensions>
</trkpt>
<trkpt lat="36.7564494" lon="128.0330009">
<ele>753.847</ele>
<time>2025-05-17T10:11:49Z</time>
<extensions>
<gpxtpx:TrackPointExtension>
<gpxtpx:hr>130</gpxtpx:hr>
</gpxtpx:TrackPointExtension>
</extensions>
</trkpt>
<trkpt lat="36.7564495" lon="128.0330009">
<ele>753.77</ele>
<time>2025-05-17T10:11:50Z</time>
<extensions>
<gpxtpx:TrackPointExtension>
<gpxtpx:hr>130</gpxtpx:hr>
</gpxtpx:TrackPointExtension>
</extensions>
</trkpt>
<trkpt lat="36.7564498" lon="128.0330008">
<ele>753.774</ele>
<time>2025-05-17T10:11:51Z</time>
<extensions>
<gpxtpx:TrackPointExtension>
<gpxtpx:hr>129</gpxtpx:hr>
</gpxtpx:TrackPointExtension>
</extensions>
</trkpt>
<trkpt lat="36.75645" lon="128.0330009">
<ele>753.849</ele>
<time>2025-05-17T10:11:52Z</time>
<extensions>
<gpxtpx:TrackPointExtension>
<gpxtpx:hr>129</gpxtpx:hr>
</gpxtpx:TrackPointExtension>
</extensions>
</trkpt>
<trkpt lat="36.7564501" lon="128.0330008">
<ele>753.819</ele>
<time>2025-05-17T10:11:53Z</time>
<extensions>
<gpxtpx:TrackPointExtension>
<gpxtpx:hr>128</gpxtpx:hr>
</gpxtpx:TrackPointExtension>
</extensions>
</trkpt>
<trkpt lat="36.7564503" lon="128.0330009">
<ele>753.778</ele>
<time>2025-05-17T10:11:54Z</time>
<extensions>
<gpxtpx:TrackPointExtension>
<gpxtpx:hr>128</gpxtpx:hr>
</gpxtpx:TrackPointExtension>
</extensions>
</trkpt>
<trkpt lat="36.7564506" lon="128.0330009">
<ele>753.867</ele>
<time>2025-05-17T10:11:55Z</time>
<extensions>
<gpxtpx:TrackPointExtension>
<gpxtpx:hr>128</gpxtpx:hr>
</gpxtpx:TrackPointExtension>
</extensions>
</trkpt>
<trkpt lat="36.7564506" lon="128.0330013">
<ele>753.843</ele>
<time>2025-05-17T10:11:56Z</time>
<extensions>
<gpxtpx:TrackPointExtension>
<gpxtpx:hr>127</gpxtpx:hr>
</gpxtpx:TrackPointExtension>
</extensions>
</trkpt>
<trkpt lat="36.756451" lon="128.0330009">
<ele>753.833</ele>
<time>2025-05-17T10:11:57Z</time>
<extensions>
<gpxtpx:TrackPointExtension>
<gpxtpx:hr>127</gpxtpx:hr>
</gpxtpx:TrackPointExtension>
</extensions>
</trkpt>
<trkpt lat="36.7564512" lon="128.0330007">
<ele>753.846</ele>
<time>2025-05-17T10:11:59Z</time>
<extensions>
<gpxtpx:TrackPointExtension>
<gpxtpx:hr>126</gpxtpx:hr>
</gpxtpx:TrackPointExtension>
</extensions>
</trkpt>
<trkpt lat="36.7564511" lon="128.0330006">
<ele>753.789</ele>
<time>2025-05-17T10:12:00Z</time>
<extensions>
<gpxtpx:TrackPointExtension>
<gpxtpx:hr>126</gpxtpx:hr>
</gpxtpx:TrackPointExtension>
</extensions>
</trkpt>
<trkpt lat="36.756451" lon="128.0330007">
<ele>753.725</ele>
<time>2025-05-17T10:12:01Z</time>
<extensions>
<gpxtpx:TrackPointExtension>
<gpxtpx:hr>126</gpxtpx:hr>
</gpxtpx:TrackPointExtension>
</extensions>
</trkpt>
<trkpt lat="36.7564506" lon="128.0330009">
<ele>753.752</ele>
<time>2025-05-17T10:12:02Z</time>
<extensions>
<gpxtpx:TrackPointExtension>
<gpxtpx:hr>125</gpxtpx:hr>
</gpxtpx:TrackPointExtension>
</extensions>
</trkpt>
<trkpt lat="36.7564506" lon="128.0330012">
<ele>753.921</ele>
<time>2025-05-17T10:12:04Z</time>
<extensions>
<gpxtpx:TrackPointExtension>
<gpxtpx:hr>124</gpxtpx:hr>
</gpxtpx:TrackPointExtension>
</extensions>
</trkpt>
<trkpt lat="36.7564503" lon="128.0330013">
<ele>753.822</ele>
<time>2025-05-17T10:12:05Z</time>
<extensions>
<gpxtpx:TrackPointExtension>
<gpxtpx:hr>124</gpxtpx:hr>
</gpxtpx:TrackPointExtension>
</extensions>
</trkpt>
<trkpt lat="36.7564505" lon="128.0330008">
<ele>753.686</ele>
<time>2025-05-17T10:12:06Z</time>
<extensions>
<gpxtpx:TrackPointExtension>
<gpxtpx:hr>124</gpxtpx:hr>
</gpxtpx:TrackPointExtension>
</extensions>
</trkpt>
<trkpt lat="36.7564505" lon="128.0330009">
<ele>753.652</ele>
<time>2025-05-17T10:12:07Z</time>
<extensions>
<gpxtpx:TrackPointExtension>
<gpxtpx:hr>124</gpxtpx:hr>
</gpxtpx:TrackPointExtension>
</extensions>
</trkpt>
<trkpt lat="36.7564506" lon="128.0330007">
<ele>753.581</ele>
<time>2025-05-17T10:12:08Z</time>
<extensions>
<gpxtpx:TrackPointExtension>
<gpxtpx:hr>123</gpxtpx:hr>
</gpxtpx:TrackPointExtension>
</extensions>
</trkpt>
<trkpt lat="36.7564507" lon="128.0330007">
<ele>753.563</ele>
<time>2025-05-17T10:12:09Z</time>
<extensions>
<gpxtpx:TrackPointExtension>
<gpxtpx:hr>123</gpxtpx:hr>
</gpxtpx:TrackPointExtension>
</extensions>
</trkpt>
<trkpt lat="36.756451" lon="128.0330004">
<ele>753.703</ele>
<time>2025-05-17T10:12:10Z</time>
<extensions>
<gpxtpx:TrackPointExtension>
<gpxtpx:hr>122</gpxtpx:hr>
</gpxtpx:TrackPointExtension>
</extensions>
</trkpt>
<trkpt lat="36.7564511" lon="128.0330004">
<ele>753.929</ele>
<time>2025-05-17T10:12:11Z</time>
<extensions>
<gpxtpx:TrackPointExtension>
<gpxtpx:hr>122</gpxtpx:hr>
</gpxtpx:TrackPointExtension>
</extensions>
</trkpt>
<trkpt lat="36.7564512" lon="128.0330002">
<ele>754.019</ele>
<time>2025-05-17T10:12:12Z</time>
<extensions>
<gpxtpx:TrackPointExtension>
<gpxtpx:hr>122</gpxtpx:hr>
</gpxtpx:TrackPointExtension>
</extensions>
</trkpt>
<trkpt lat="36.756451" lon="128.0329999">
<ele>753.91</ele>
<time>2025-05-17T10:12:15Z</time>
<extensions>
<gpxtpx:TrackPointExtension>
<gpxtpx:hr>122</gpxtpx:hr>
</gpxtpx:TrackPointExtension>
</extensions>
</trkpt>
<trkpt lat="36.7564489" lon="128.0329998">
<ele>753.829</ele>
<time>2025-05-17T10:12:16Z</time>
<extensions>
<gpxtpx:TrackPointExtension>
<gpxtpx:hr>122</gpxtpx:hr>
</gpxtpx:TrackPointExtension>
</extensions>
</trkpt>
<trkpt lat="36.7564467" lon="128.0330002">
<ele>753.721</ele>
<time>2025-05-17T10:12:17Z</time>
<extensions>
<gpxtpx:TrackPointExtension>
<gpxtpx:hr>123</gpxtpx:hr>
</gpxtpx:TrackPointExtension>
</extensions>
</trkpt>
<trkpt lat="36.7564434" lon="128.0329985">
<ele>753.59</ele>
<time>2025-05-17T10:12:18Z</time>
<extensions>
<gpxtpx:TrackPointExtension>
<gpxtpx:hr>123</gpxtpx:hr>
</gpxtpx:TrackPointExtension>
</extensions>
</trkpt>
<trkpt lat="36.7564439" lon="128.0329999">
<ele>753.516</ele>
<time>2025-05-17T10:12:19Z</time>
<extensions>
<gpxtpx:TrackPointExtension>
<gpxtpx:hr>123</gpxtpx:hr>
</gpxtpx:TrackPointExtension>
</extensions>
</trkpt>
<trkpt lat="36.756442" lon="128.0329992">
<ele>753.543</ele>
<time>2025-05-17T10:12:20Z</time>
<extensions>
<gpxtpx:TrackPointExtension>
<gpxtpx:hr>124</gpxtpx:hr>
</gpxtpx:TrackPointExtension>
</extensions>
</trkpt>
<trkpt lat="36.7564397" lon="128.0329999">
<ele>753.422</ele>
<time>2025-05-17T10:12:21Z</time>
<extensions>
<gpxtpx:TrackPointExtension>
<gpxtpx:hr>124</gpxtpx:hr>
</gpxtpx:TrackPointExtension>
</extensions>
</trkpt>
<trkpt lat="36.7564359" lon="128.0330003">
<ele>753.24</ele>
<time>2025-05-17T10:12:22Z</time>
<extensions>
<gpxtpx:TrackPointExtension>
<gpxtpx:hr>124</gpxtpx:hr>
</gpxtpx:TrackPointExtension>
</extensions>
</trkpt>
<trkpt lat="36.7564303" lon="128.0330004">
<ele>753.023</ele>
<time>2025-05-17T10:12:23Z</time>
<extensions>
<gpxtpx:TrackPointExtension>
<gpxtpx:hr>125</gpxtpx:hr>
</gpxtpx:TrackPointExtension>
</extensions>
</trkpt>
<trkpt lat="36.7564256" lon="128.0329999">
<ele>752.834</ele>
<time>2025-05-17T10:12:24Z</time>
<extensions>
<gpxtpx:TrackPointExtension>
<gpxtpx:hr>125</gpxtpx:hr>
</gpxtpx:TrackPointExtension>
</extensions>
</trkpt>
<trkpt lat="36.7564221" lon="128.0329952">
<ele>752.744</ele>
<time>2025-05-17T10:12:25Z</time>
<extensions>
<gpxtpx:TrackPointExtension>
<gpxtpx:hr>126</gpxtpx:hr>
</gpxtpx:TrackPointExtension>
</extensions>
</trkpt>
<trkpt lat="36.7564161" lon="128.032994">
<ele>752.545</ele>
<time>2025-05-17T10:12:26Z</time>
<extensions>
<gpxtpx:TrackPointExtension>
<gpxtpx:hr>126</gpxtpx:hr>
</gpxtpx:TrackPointExtension>
</extensions>
</trkpt>
<trkpt lat="36.7564129" lon="128.0329909">
<ele>752.389</ele>
<time>2025-05-17T10:12:27Z</time>
<extensions>
<gpxtpx:TrackPointExtension>
<gpxtpx:hr>127</gpxtpx:hr>
</gpxtpx:TrackPointExtension>
</extensions>
</trkpt>
<trkpt lat="36.7564059" lon="128.032993">
<ele>752.243</ele>
<time>2025-05-17T10:12:28Z</time>
<extensions>
<gpxtpx:TrackPointExtension>
<gpxtpx:hr>128</gpxtpx:hr>
</gpxtpx:TrackPointExtension>
</extensions>
</trkpt>
<trkpt lat="36.7564019" lon="128.0329949">
<ele>752.186</ele>
<time>2025-05-17T10:12:29Z</time>
<extensions>
<gpxtpx:TrackPointExtension>
<gpxtpx:hr>128</gpxtpx:hr>
</gpxtpx:TrackPointExtension>
</extensions>
</trkpt>
<trkpt lat="36.7563964" lon="128.0329939">
<ele>752.147</ele>
<time>2025-05-17T10:12:30Z</time>
<extensions>
<gpxtpx:TrackPointExtension>
<gpxtpx:hr>128</gpxtpx:hr>
</gpxtpx:TrackPointExtension>
</extensions>
</trkpt>
<trkpt lat="36.7563933" lon="128.0329906">
<ele>752.218</ele>
<time>2025-05-17T10:12:31Z</time>
<extensions>
<gpxtpx:TrackPointExtension>
<gpxtpx:hr>128</gpxtpx:hr>
</gpxtpx:TrackPointExtension>
</extensions>
</trkpt>
<trkpt lat="36.7563918" lon="128.0329874">
<ele>752.394</ele>
<time>2025-05-17T10:12:32Z</time>
<extensions>
<gpxtpx:TrackPointExtension>
<gpxtpx:hr>128</gpxtpx:hr>
</gpxtpx:TrackPointExtension>
</extensions>
</trkpt>
<trkpt lat="36.7563891" lon="128.0329908">
<ele>752.612</ele>
<time>2025-05-17T10:12:33Z</time>
<extensions>
<gpxtpx:TrackPointExtension>
<gpxtpx:hr>128</gpxtpx:hr>
</gpxtpx:TrackPointExtension>
</extensions>
</trkpt>
<trkpt lat="36.7563869" lon="128.0329936">
<ele>752.627</ele>
<time>2025-05-17T10:12:34Z</time>
<extensions>
<gpxtpx:TrackPointExtension>
<gpxtpx:hr>128</gpxtpx:hr>
</gpxtpx:TrackPointExtension>
</extensions>
</trkpt>
<trkpt lat="36.7563863" lon="128.0329971">
<ele>752.573</ele>
<time>2025-05-17T10:12:35Z</time>
<extensions>
<gpxtpx:TrackPointExtension>
<gpxtpx:hr>128</gpxtpx:hr>
</gpxtpx:TrackPointExtension>
</extensions>
</trkpt>
<trkpt lat="36.7563863" lon="128.0330009">
<ele>752.325</ele>
<time>2025-05-17T10:12:36Z</time>
<extensions>
<gpxtpx:TrackPointExtension>
<gpxtpx:hr>128</gpxtpx:hr>
</gpxtpx:TrackPointExtension>
</extensions>
</trkpt>
<trkpt lat="36.7563871" lon="128.0330024">
<ele>751.101</ele>
<time>2025-05-17T10:12:39Z</time>
<extensions>
<gpxtpx:TrackPointExtension>
<gpxtpx:hr>128</gpxtpx:hr>
</gpxtpx:TrackPointExtension>
</extensions>
</trkpt>
<trkpt lat="36.756385" lon="128.0330041">
<ele>750.658</ele>
<time>2025-05-17T10:12:40Z</time>
<extensions>
<gpxtpx:TrackPointExtension>
<gpxtpx:hr>127</gpxtpx:hr>
</gpxtpx:TrackPointExtension>
</extensions>
</trkpt>
<trkpt lat="36.7563799" lon="128.0330071">
<ele>750.323</ele>
<time>2025-05-17T10:12:41Z</time>
<extensions>
<gpxtpx:TrackPointExtension>
<gpxtpx:hr>127</gpxtpx:hr>
</gpxtpx:TrackPointExtension>
</extensions>
</trkpt>
<trkpt lat="36.7563721" lon="128.0330075">
<ele>750.157</ele>
<time>2025-05-17T10:12:42Z</time>
<extensions>
<gpxtpx:TrackPointExtension>
<gpxtpx:hr>126</gpxtpx:hr>
</gpxtpx:TrackPointExtension>
</extensions>
</trkpt>
<trkpt lat="36.7563656" lon="128.0330081">
<ele>750.122</ele>
<time>2025-05-17T10:12:43Z</time>
<extensions>
<gpxtpx:TrackPointExtension>
<gpxtpx:hr>125</gpxtpx:hr>
</gpxtpx:TrackPointExtension>
</extensions>
</trkpt>
<trkpt lat="36.7563604" lon="128.0330076">
<ele>750.076</ele>
<time>2025-05-17T10:12:44Z</time>
<extensions>
<gpxtpx:TrackPointExtension>
<gpxtpx:hr>125</gpxtpx:hr>
</gpxtpx:TrackPointExtension>
</extensions>
</trkpt>
<trkpt lat="36.7563546" lon="128.0330076">
<ele>750.134</ele>
<time>2025-05-17T10:12:45Z</time>
<extensions>
<gpxtpx:TrackPointExtension>
<gpxtpx:hr>124</gpxtpx:hr>
</gpxtpx:TrackPointExtension>
</extensions>
</trkpt>
<trkpt lat="36.7563477" lon="128.033007">
<ele>750.022</ele>
<time>2025-05-17T10:12:46Z</time>
<extensions>
<gpxtpx:TrackPointExtension>
<gpxtpx:hr>123</gpxtpx:hr>
</gpxtpx:TrackPointExtension>
</extensions>
</trkpt>
<trkpt lat="36.7563425" lon="128.0330078">
<ele>749.709</ele>
<time>2025-05-17T10:12:47Z</time>
<extensions>
<gpxtpx:TrackPointExtension>
<gpxtpx:hr>123</gpxtpx:hr>
</gpxtpx:TrackPointExtension>
</extensions>
</trkpt>
<trkpt lat="36.7563381" lon="128.0330081">
<ele>749.568</ele>
<time>2025-05-17T10:12:48Z</time>
<extensions>
<gpxtpx:TrackPointExtension>
<gpxtpx:hr>124</gpxtpx:hr>
</gpxtpx:TrackPointExtension>
</extensions>
</trkpt>
<trkpt lat="36.7563334" lon="128.0330061">
<ele>749.471</ele>
<time>2025-05-17T10:12:49Z</time>
<extensions>
<gpxtpx:TrackPointExtension>
<gpxtpx:hr>124</gpxtpx:hr>
</gpxtpx:TrackPointExtension>
</extensions>
</trkpt>
<trkpt lat="36.7563278" lon="128.0330095">
<ele>748.858</ele>
<time>2025-05-17T10:12:50Z</time>
<extensions>
<gpxtpx:TrackPointExtension>
<gpxtpx:hr>124</gpxtpx:hr>
</gpxtpx:TrackPointExtension>
</extensions>
</trkpt>
<trkpt lat="36.7563205" lon="128.0330108">
<ele>748.599</ele>
<time>2025-05-17T10:12:51Z</time>
<extensions>
<gpxtpx:TrackPointExtension>
<gpxtpx:hr>124</gpxtpx:hr>
</gpxtpx:TrackPointExtension>
</extensions>
</trkpt>
<trkpt lat="36.7563156" lon="128.0330122">
<ele>748.353</ele>
<time>2025-05-17T10:12:52Z</time>
<extensions>
<gpxtpx:TrackPointExtension>
<gpxtpx:hr>124</gpxtpx:hr>
</gpxtpx:TrackPointExtension>
</extensions>
</trkpt>
<trkpt lat="36.7563109" lon="128.0330143">
<ele>748.175</ele>
<time>2025-05-17T10:12:53Z</time>
<extensions>
<gpxtpx:TrackPointExtension>
<gpxtpx:hr>124</gpxtpx:hr>
</gpxtpx:TrackPointExtension>
</extensions>
</trkpt>
<trkpt lat="36.7563084" lon="128.0330167">
<ele>747.953</ele>
<time>2025-05-17T10:12:54Z</time>
<extensions>
<gpxtpx:TrackPointExtension>
<gpxtpx:hr>125</gpxtpx:hr>
</gpxtpx:TrackPointExtension>
</extensions>
</trkpt>
<trkpt lat="36.7563042" lon="128.0330199">
<ele>747.76</ele>
<time>2025-05-17T10:12:55Z</time>
<extensions>
<gpxtpx:TrackPointExtension>
<gpxtpx:hr>125</gpxtpx:hr>
</gpxtpx:TrackPointExtension>
</extensions>
</trkpt>
<trkpt lat="36.7562999" lon="128.0330201">
<ele>747.558</ele>
<time>2025-05-17T10:12:56Z</time>
<extensions>
<gpxtpx:TrackPointExtension>
<gpxtpx:hr>126</gpxtpx:hr>
</gpxtpx:TrackPointExtension>
</extensions>
</trkpt>
<trkpt lat="36.7562977" lon="128.0330217">
<ele>747.293</ele>
<time>2025-05-17T10:12:57Z</time>
<extensions>
<gpxtpx:TrackPointExtension>
<gpxtpx:hr>126</gpxtpx:hr>
</gpxtpx:TrackPointExtension>
</extensions>
</trkpt>
<trkpt lat="36.7562992" lon="128.033022">
<ele>747.018</ele>
<time>2025-05-17T10:12:58Z</time>
<extensions>
<gpxtpx:TrackPointExtension>
<gpxtpx:hr>126</gpxtpx:hr>
</gpxtpx:TrackPointExtension>
</extensions>
</trkpt>
<trkpt lat="36.7562974" lon="128.0330204">
<ele>746.758</ele>
<time>2025-05-17T10:12:59Z</time>
<extensions>
<gpxtpx:TrackPointExtension>
<gpxtpx:hr>127</gpxtpx:hr>
</gpxtpx:TrackPointExtension>
</extensions>
</trkpt>
<trkpt lat="36.7562917" lon="128.0330169">
<ele>746.496</ele>
<time>2025-05-17T10:13:00Z</time>
<extensions>
<gpxtpx:TrackPointExtension>
<gpxtpx:hr>128</gpxtpx:hr>
</gpxtpx:TrackPointExtension>
</extensions>
</trkpt>
<trkpt lat="36.7562862" lon="128.033017">
<ele>746.243</ele>
<time>2025-05-17T10:13:01Z</time>
<extensions>
<gpxtpx:TrackPointExtension>
<gpxtpx:hr>128</gpxtpx:hr>
</gpxtpx:TrackPointExtension>
</extensions>
</trkpt>
<trkpt lat="36.7562789" lon="128.0330194">
<ele>745.974</ele>
<time>2025-05-17T10:13:02Z</time>
<extensions>
<gpxtpx:TrackPointExtension>
<gpxtpx:hr>128</gpxtpx:hr>
</gpxtpx:TrackPointExtension>
</extensions>
</trkpt>
<trkpt lat="36.7562731" lon="128.0330248">
<ele>745.722</ele>
<time>2025-05-17T10:13:03Z</time>
<extensions>
<gpxtpx:TrackPointExtension>
<gpxtpx:hr>128</gpxtpx:hr>
</gpxtpx:TrackPointExtension>
</extensions>
</trkpt>
<trkpt lat="36.7562689" lon="128.0330271">
<ele>745.764</ele>
<time>2025-05-17T10:13:04Z</time>
<extensions>
<gpxtpx:TrackPointExtension>
<gpxtpx:hr>129</gpxtpx:hr>
</gpxtpx:TrackPointExtension>
</extensions>
</trkpt>
<trkpt lat="36.756265" lon="128.0330246">
<ele>745.786</ele>
<time>2025-05-17T10:13:05Z</time>
<extensions>
<gpxtpx:TrackPointExtension>
<gpxtpx:hr>129</gpxtpx:hr>
</gpxtpx:TrackPointExtension>
</extensions>
</trkpt>
<trkpt lat="36.7562609" lon="128.0330242">
<ele>745.994</ele>
<time>2025-05-17T10:13:06Z</time>
<extensions>
<gpxtpx:TrackPointExtension>
<gpxtpx:hr>129</gpxtpx:hr>
</gpxtpx:TrackPointExtension>
</extensions>
</trkpt>
<trkpt lat="36.7562584" lon="128.0330241">
<ele>746.287</ele>
<time>2025-05-17T10:13:07Z</time>
<extensions>
<gpxtpx:TrackPointExtension>
<gpxtpx:hr>129</gpxtpx:hr>
</gpxtpx:TrackPointExtension>
</extensions>
</trkpt>
<trkpt lat="36.7562542" lon="128.0330212">
<ele>746.214</ele>
<time>2025-05-17T10:13:08Z</time>
</trkpt>
<trkpt lat="36.756253" lon="128.0330182">
<ele>746.164</ele>
<time>2025-05-17T10:13:09Z</time>
<extensions>
<gpxtpx:TrackPointExtension>
<gpxtpx:hr>129</gpxtpx:hr>
</gpxtpx:TrackPointExtension>
</extensions>
</trkpt>
<trkpt lat="36.756253" lon="128.0330166">
<ele>746.033</ele>
<time>2025-05-17T10:13:10Z</time>
<extensions>
<gpxtpx:TrackPointExtension>
<gpxtpx:hr>129</gpxtpx:hr>
</gpxtpx:TrackPointExtension>
</extensions>
</trkpt>
<trkpt lat="36.7562539" lon="128.0330115">
<ele>745.881</ele>
<time>2025-05-17T10:13:11Z</time>
<extensions>
<gpxtpx:TrackPointExtension>
<gpxtpx:hr>128</gpxtpx:hr>
</gpxtpx:TrackPointExtension>
</extensions>
</trkpt>
<trkpt lat="36.7562486" lon="128.0330138">
<ele>745.721</ele>
<time>2025-05-17T10:13:12Z</time>
<extensions>
<gpxtpx:TrackPointExtension>
<gpxtpx:hr>128</gpxtpx:hr>
</gpxtpx:TrackPointExtension>
</extensions>
</trkpt>
<trkpt lat="36.7562482" lon="128.0330156">
<ele>746.1</ele>
<time>2025-05-17T10:13:13Z</time>
<extensions>
<gpxtpx:TrackPointExtension>
<gpxtpx:hr>127</gpxtpx:hr>
</gpxtpx:TrackPointExtension>
</extensions>
</trkpt>
<trkpt lat="36.75625" lon="128.0330129">
<ele>745.838</ele>
<time>2025-05-17T10:13:16Z</time>
<extensions>
<gpxtpx:TrackPointExtension>
<gpxtpx:hr>126</gpxtpx:hr>
</gpxtpx:TrackPointExtension>
</extensions>
</trkpt>
<trkpt lat="36.7562505" lon="128.0330137">
<ele>745.733</ele>
<time>2025-05-17T10:13:17Z</time>
<extensions>
<gpxtpx:TrackPointExtension>
<gpxtpx:hr>126</gpxtpx:hr>
</gpxtpx:TrackPointExtension>
</extensions>
</trkpt>
<trkpt lat="36.7562505" lon="128.0330151">
<ele>745.601</ele>
<time>2025-05-17T10:13:18Z</time>
<extensions>
<gpxtpx:TrackPointExtension>
<gpxtpx:hr>127</gpxtpx:hr>
</gpxtpx:TrackPointExtension>
</extensions>
</trkpt>
<trkpt lat="36.7562506" lon="128.0330165">
<ele>745.623</ele>
<time>2025-05-17T10:13:19Z</time>
<extensions>
<gpxtpx:TrackPointExtension>
<gpxtpx:hr>127</gpxtpx:hr>
</gpxtpx:TrackPointExtension>
</extensions>
</trkpt>
<trkpt lat="36.7562534" lon="128.0330156">
<ele>745.589</ele>
<time>2025-05-17T10:13:20Z</time>
<extensions>
<gpxtpx:TrackPointExtension>
<gpxtpx:hr>127</gpxtpx:hr>
</gpxtpx:TrackPointExtension>
</extensions>
</trkpt>
<trkpt lat="36.7562579" lon="128.0330129">
<ele>745.906</ele>
<time>2025-05-17T10:13:26Z</time>
<extensions>
<gpxtpx:TrackPointExtension>
<gpxtpx:hr>132</gpxtpx:hr>
</gpxtpx:TrackPointExtension>
</extensions>
</trkpt>
<trkpt lat="36.7562583" lon="128.0330132">
<ele>745.656</ele>
<time>2025-05-17T10:13:27Z</time>
<extensions>
<gpxtpx:TrackPointExtension>
<gpxtpx:hr>132</gpxtpx:hr>
</gpxtpx:TrackPointExtension>
</extensions>
</trkpt>
<trkpt lat="36.7562586" lon="128.0330138">
<ele>745.701</ele>
<time>2025-05-17T10:13:28Z</time>
<extensions>
<gpxtpx:TrackPointExtension>
<gpxtpx:hr>133</gpxtpx:hr>
</gpxtpx:TrackPointExtension>
</extensions>
</trkpt>
<trkpt lat="36.7562584" lon="128.0330141">
<ele>745.679</ele>
<time>2025-05-17T10:13:29Z</time>
<extensions>
<gpxtpx:TrackPointExtension>
<gpxtpx:hr>133</gpxtpx:hr>
</gpxtpx:TrackPointExtension>
</extensions>
</trkpt>
<trkpt lat="36.7562582" lon="128.0330147">
<ele>745.642</ele>
<time>2025-05-17T10:13:30Z</time>
<extensions>
<gpxtpx:TrackPointExtension>
<gpxtpx:hr>133</gpxtpx:hr>
</gpxtpx:TrackPointExtension>
</extensions>
</trkpt>
<trkpt lat="36.7562577" lon="128.0330143">
<ele>745.787</ele>
<time>2025-05-17T10:13:31Z</time>
<extensions>
<gpxtpx:TrackPointExtension>
<gpxtpx:hr>134</gpxtpx:hr>
</gpxtpx:TrackPointExtension>
</extensions>
</trkpt>
<trkpt lat="36.7562572" lon="128.0330152">
<ele>745.938</ele>
<time>2025-05-17T10:13:32Z</time>
<extensions>
<gpxtpx:TrackPointExtension>
<gpxtpx:hr>134</gpxtpx:hr>
</gpxtpx:TrackPointExtension>
</extensions>
</trkpt>
<trkpt lat="36.7562602" lon="128.0330215">
<ele>745.981</ele>
<time>2025-05-17T10:13:33Z</time>
<extensions>
<gpxtpx:TrackPointExtension>
<gpxtpx:hr>134</gpxtpx:hr>
</gpxtpx:TrackPointExtension>
</extensions>
</trkpt>
<trkpt lat="36.7562616" lon="128.0330236">
<ele>746.21</ele>
<time>2025-05-17T10:13:34Z</time>
<extensions>
<gpxtpx:TrackPointExtension>
<gpxtpx:hr>134</gpxtpx:hr>
</gpxtpx:TrackPointExtension>
</extensions>
</trkpt>
<trkpt lat="36.7562615" lon="128.0330258">
<ele>746.071</ele>
<time>2025-05-17T10:13:35Z</time>
<extensions>
<gpxtpx:TrackPointExtension>
<gpxtpx:hr>134</gpxtpx:hr>
</gpxtpx:TrackPointExtension>
</extensions>
</trkpt>
<trkpt lat="36.7562607" lon="128.0330257">
<ele>746.073</ele>
<time>2025-05-17T10:13:36Z</time>
<extensions>
<gpxtpx:TrackPointExtension>
<gpxtpx:hr>135</gpxtpx:hr>
</gpxtpx:TrackPointExtension>
</extensions>
</trkpt>
<trkpt lat="36.7562554" lon="128.0330234">
<ele>745.753</ele>
<time>2025-05-17T10:13:37Z</time>
<extensions>
<gpxtpx:TrackPointExtension>
<gpxtpx:hr>135</gpxtpx:hr>
</gpxtpx:TrackPointExtension>
</extensions>
</trkpt>
<trkpt lat="36.7562519" lon="128.0330239">
<ele>745.767</ele>
<time>2025-05-17T10:13:40Z</time>
<extensions>
<gpxtpx:TrackPointExtension>
<gpxtpx:hr>134</gpxtpx:hr>
</gpxtpx:TrackPointExtension>
</extensions>
</trkpt>
<trkpt lat="36.7562519" lon="128.0330237">
<ele>745.883</ele>
<time>2025-05-17T10:13:41Z</time>
<extensions>
<gpxtpx:TrackPointExtension>
<gpxtpx:hr>135</gpxtpx:hr>
</gpxtpx:TrackPointExtension>
</extensions>
</trkpt>
<trkpt lat="36.7562517" lon="128.0330242">
<ele>745.953</ele>
<time>2025-05-17T10:13:42Z</time>
<extensions>
<gpxtpx:TrackPointExtension>
<gpxtpx:hr>135</gpxtpx:hr>
</gpxtpx:TrackPointExtension>
</extensions>
</trkpt>
<trkpt lat="36.7562525" lon="128.0330238">
<ele>745.94</ele>
<time>2025-05-17T10:13:43Z</time>
<extensions>
<gpxtpx:TrackPointExtension>
<gpxtpx:hr>135</gpxtpx:hr>
</gpxtpx:TrackPointExtension>
</extensions>
</trkpt>
<trkpt lat="36.7562525" lon="128.0330231">
<ele>745.948</ele>
<time>2025-05-17T10:13:44Z</time>
<extensions>
<gpxtpx:TrackPointExtension>
<gpxtpx:hr>135</gpxtpx:hr>
</gpxtpx:TrackPointExtension>
</extensions>
</trkpt>
<trkpt lat="36.7562522" lon="128.033022">
<ele>745.948</ele>
<time>2025-05-17T10:13:45Z</time>
<extensions>
<gpxtpx:TrackPointExtension>
<gpxtpx:hr>135</gpxtpx:hr>
</gpxtpx:TrackPointExtension>
</extensions>
</trkpt>
<trkpt lat="36.7562521" lon="128.0330213">
<ele>745.887</ele>
<time>2025-05-17T10:13:46Z</time>
<extensions>
<gpxtpx:TrackPointExtension>
<gpxtpx:hr>135</gpxtpx:hr>
</gpxtpx:TrackPointExtension>
</extensions>
</trkpt>
<trkpt lat="36.7562531" lon="128.0330199">
<ele>746.015</ele>
<time>2025-05-17T10:13:47Z</time>
<extensions>
<gpxtpx:TrackPointExtension>
<gpxtpx:hr>136</gpxtpx:hr>
</gpxtpx:TrackPointExtension>
</extensions>
</trkpt>
<trkpt lat="36.7562537" lon="128.0330191">
<ele>746.164</ele>
<time>2025-05-17T10:13:48Z</time>
<extensions>
<gpxtpx:TrackPointExtension>
<gpxtpx:hr>136</gpxtpx:hr>
</gpxtpx:TrackPointExtension>
</extensions>
</trkpt>
<trkpt lat="36.7562554" lon="128.0330203">
<ele>746.107</ele>
<time>2025-05-17T10:13:49Z</time>
<extensions>
<gpxtpx:TrackPointExtension>
<gpxtpx:hr>136</gpxtpx:hr>
</gpxtpx:TrackPointExtension>
</extensions>
</trkpt>
<trkpt lat="36.756256" lon="128.0330199">
<ele>745.879</ele>
<time>2025-05-17T10:13:50Z</time>
<extensions>
<gpxtpx:TrackPointExtension>
<gpxtpx:hr>135</gpxtpx:hr>
</gpxtpx:TrackPointExtension>
</extensions>
</trkpt>
<trkpt lat="36.7562568" lon="128.0330205">
<ele>745.798</ele>
<time>2025-05-17T10:13:51Z</time>
<extensions>
<gpxtpx:TrackPointExtension>
<gpxtpx:hr>135</gpxtpx:hr>
</gpxtpx:TrackPointExtension>
</extensions>
</trkpt>
<trkpt lat="36.7562566" lon="128.03302">
<ele>745.909</ele>
<time>2025-05-17T10:13:52Z</time>
<extensions>
<gpxtpx:TrackPointExtension>
<gpxtpx:hr>135</gpxtpx:hr>
</gpxtpx:TrackPointExtension>
</extensions>
</trkpt>
<trkpt lat="36.7562564" lon="128.0330198">
<ele>746.157</ele>
<time>2025-05-17T10:13:53Z</time>
<extensions>
<gpxtpx:TrackPointExtension>
<gpxtpx:hr>134</gpxtpx:hr>
</gpxtpx:TrackPointExtension>
</extensions>
</trkpt>
<trkpt lat="36.7562558" lon="128.0330199">
<ele>746.454</ele>
<time>2025-05-17T10:13:54Z</time>
<extensions>
<gpxtpx:TrackPointExtension>
<gpxtpx:hr>134</gpxtpx:hr>
</gpxtpx:TrackPointExtension>
</extensions>
</trkpt>
<trkpt lat="36.7562558" lon="128.03302">
<ele>746.677</ele>
<time>2025-05-17T10:13:55Z</time>
<extensions>
<gpxtpx:TrackPointExtension>
<gpxtpx:hr>134</gpxtpx:hr>
</gpxtpx:TrackPointExtension>
</extensions>
</trkpt>
<trkpt lat="36.7562558" lon="128.0330205">
<ele>746.742</ele>
<time>2025-05-17T10:13:56Z</time>
<extensions>
<gpxtpx:TrackPointExtension>
<gpxtpx:hr>133</gpxtpx:hr>
</gpxtpx:TrackPointExtension>
</extensions>
</trkpt>
<trkpt lat="36.7562556" lon="128.0330205">
<ele>746.719</ele>
<time>2025-05-17T10:13:57Z</time>
<extensions>
<gpxtpx:TrackPointExtension>
<gpxtpx:hr>133</gpxtpx:hr>
</gpxtpx:TrackPointExtension>
</extensions>
</trkpt>
<trkpt lat="36.7562555" lon="128.03302">
<ele>746.711</ele>
<time>2025-05-17T10:13:58Z</time>
<extensions>
<gpxtpx:TrackPointExtension>
<gpxtpx:hr>133</gpxtpx:hr>
</gpxtpx:TrackPointExtension>
</extensions>
</trkpt>
<trkpt lat="36.7562551" lon="128.033019">
<ele>746.753</ele>
<time>2025-05-17T10:13:59Z</time>
<extensions>
<gpxtpx:TrackPointExtension>
<gpxtpx:hr>133</gpxtpx:hr>
</gpxtpx:TrackPointExtension>
</extensions>
</trkpt>
<trkpt lat="36.7562546" lon="128.0330177">
<ele>746.902</ele>
<time>2025-05-17T10:14:00Z</time>
<extensions>
<gpxtpx:TrackPointExtension>
<gpxtpx:hr>133</gpxtpx:hr>
</gpxtpx:TrackPointExtension>
</extensions>
</trkpt>
<trkpt lat="36.7562547" lon="128.0330175">
<ele>747.12</ele>
<time>2025-05-17T10:14:01Z</time>
<extensions>
<gpxtpx:TrackPointExtension>
<gpxtpx:hr>134</gpxtpx:hr>
</gpxtpx:TrackPointExtension>
</extensions>
</trkpt>
<trkpt lat="36.7562542" lon="128.0330166">
<ele>747.28</ele>
<time>2025-05-17T10:14:03Z</time>
<extensions>
<gpxtpx:TrackPointExtension>
<gpxtpx:hr>136</gpxtpx:hr>
</gpxtpx:TrackPointExtension>
</extensions>
</trkpt>
<trkpt lat="36.7562542" lon="128.0330157">
<ele>747.175</ele>
<time>2025-05-17T10:14:04Z</time>
<extensions>
<gpxtpx:TrackPointExtension>
<gpxtpx:hr>136</gpxtpx:hr>
</gpxtpx:TrackPointExtension>
</extensions>
</trkpt>
<trkpt lat="36.7562549" lon="128.0330132">
<ele>747.057</ele>
<time>2025-05-17T10:14:05Z</time>
<extensions>
<gpxtpx:TrackPointExtension>
<gpxtpx:hr>136</gpxtpx:hr>
</gpxtpx:TrackPointExtension>
</extensions>
</trkpt>
<trkpt lat="36.7562547" lon="128.0330112">
<ele>746.987</ele>
<time>2025-05-17T10:14:06Z</time>
<extensions>
<gpxtpx:TrackPointExtension>
<gpxtpx:hr>135</gpxtpx:hr>
</gpxtpx:TrackPointExtension>
</extensions>
</trkpt>
<trkpt lat="36.7562534" lon="128.0330089">
<ele>746.803</ele>
<time>2025-05-17T10:14:07Z</time>
<extensions>
<gpxtpx:TrackPointExtension>
<gpxtpx:hr>135</gpxtpx:hr>
</gpxtpx:TrackPointExtension>
</extensions>
</trkpt>
<trkpt lat="36.7562543" lon="128.0330095">
<ele>746.875</ele>
<time>2025-05-17T10:14:08Z</time>
<extensions>
<gpxtpx:TrackPointExtension>
<gpxtpx:hr>135</gpxtpx:hr>
</gpxtpx:TrackPointExtension>
</extensions>
</trkpt>
<trkpt lat="36.7562534" lon="128.033008">
<ele>746.739</ele>
<time>2025-05-17T10:14:09Z</time>
<extensions>
<gpxtpx:TrackPointExtension>
<gpxtpx:hr>135</gpxtpx:hr>
</gpxtpx:TrackPointExtension>
</extensions>
</trkpt>
<trkpt lat="36.7562534" lon="128.033009">
<ele>746.497</ele>
<time>2025-05-17T10:14:10Z</time>
<extensions>
<gpxtpx:TrackPointExtension>
<gpxtpx:hr>136</gpxtpx:hr>
</gpxtpx:TrackPointExtension>
</extensions>
</trkpt>
<trkpt lat="36.756253" lon="128.0330079">
<ele>746.444</ele>
<time>2025-05-17T10:14:11Z</time>
<extensions>
<gpxtpx:TrackPointExtension>
<gpxtpx:hr>136</gpxtpx:hr>
</gpxtpx:TrackPointExtension>
</extensions>
</trkpt>
<trkpt lat="36.756253" lon="128.0330078">
<ele>746.44</ele>
<time>2025-05-17T10:14:12Z</time>
<extensions>
<gpxtpx:TrackPointExtension>
<gpxtpx:hr>136</gpxtpx:hr>
</gpxtpx:TrackPointExtension>
</extensions>
</trkpt>
<trkpt lat="36.7562524" lon="128.0330061">
<ele>746.482</ele>
<time>2025-05-17T10:14:13Z</time>
<extensions>
<gpxtpx:TrackPointExtension>
<gpxtpx:hr>136</gpxtpx:hr>
</gpxtpx:TrackPointExtension>
</extensions>
</trkpt>
<trkpt lat="36.7562521" lon="128.0330069">
<ele>746.625</ele>
<time>2025-05-17T10:14:14Z</time>
<extensions>
<gpxtpx:TrackPointExtension>
<gpxtpx:hr>137</gpxtpx:hr>
</gpxtpx:TrackPointExtension>
</extensions>
</trkpt>
<trkpt lat="36.7562517" lon="128.033006">
<ele>746.632</ele>
<time>2025-05-17T10:14:15Z</time>
<extensions>
<gpxtpx:TrackPointExtension>
<gpxtpx:hr>137</gpxtpx:hr>
</gpxtpx:TrackPointExtension>
</extensions>
</trkpt>
<trkpt lat="36.7562523" lon="128.0330062">
<ele>746.726</ele>
<time>2025-05-17T10:14:16Z</time>
<extensions>
<gpxtpx:TrackPointExtension>
<gpxtpx:hr>137</gpxtpx:hr>
</gpxtpx:TrackPointExtension>
</extensions>
</trkpt>
<trkpt lat="36.7562527" lon="128.0330032">
<ele>746.614</ele>
<time>2025-05-17T10:14:17Z</time>
<extensions>
<gpxtpx:TrackPointExtension>
<gpxtpx:hr>137</gpxtpx:hr>
</gpxtpx:TrackPointExtension>
</extensions>
</trkpt>
<trkpt lat="36.756254" lon="128.0329998">
<ele>746.599</ele>
<time>2025-05-17T10:14:18Z</time>
<extensions>
<gpxtpx:TrackPointExtension>
<gpxtpx:hr>137</gpxtpx:hr>
</gpxtpx:TrackPointExtension>
</extensions>
</trkpt>
<trkpt lat="36.7562547" lon="128.0329923">
<ele>746.661</ele>
<time>2025-05-17T10:14:19Z</time>
<extensions>
<gpxtpx:TrackPointExtension>
<gpxtpx:hr>138</gpxtpx:hr>
</gpxtpx:TrackPointExtension>
</extensions>
</trkpt>
<trkpt lat="36.7562551" lon="128.0329906">
<ele>746.714</ele>
<time>2025-05-17T10:14:20Z</time>
<extensions>
<gpxtpx:TrackPointExtension>
<gpxtpx:hr>138</gpxtpx:hr>
</gpxtpx:TrackPointExtension>
</extensions>
</trkpt>
<trkpt lat="36.7562537" lon="128.0329865">
<ele>746.809</ele>
<time>2025-05-17T10:14:21Z</time>
<extensions>
<gpxtpx:TrackPointExtension>
<gpxtpx:hr>138</gpxtpx:hr>
</gpxtpx:TrackPointExtension>
</extensions>
</trkpt>
<trkpt lat="36.7562512" lon="128.032983">
<ele>746.783</ele>
<time>2025-05-17T10:14:22Z</time>
<extensions>
<gpxtpx:TrackPointExtension>
<gpxtpx:hr>138</gpxtpx:hr>
</gpxtpx:TrackPointExtension>
</extensions>
</trkpt>
<trkpt lat="36.7562483" lon="128.0329841">
<ele>746.728</ele>
<time>2025-05-17T10:14:23Z</time>
<extensions>
<gpxtpx:TrackPointExtension>
<gpxtpx:hr>139</gpxtpx:hr>
</gpxtpx:TrackPointExtension>
</extensions>
</trkpt>
<trkpt lat="36.7562436" lon="128.0329863">
<ele>746.57</ele>
<time>2025-05-17T10:14:24Z</time>
<extensions>
<gpxtpx:TrackPointExtension>
<gpxtpx:hr>138</gpxtpx:hr>
</gpxtpx:TrackPointExtension>
</extensions>
</trkpt>
<trkpt lat="36.7562397" lon="128.0329858">
<ele>746.44</ele>
<time>2025-05-17T10:14:25Z</time>
<extensions>
<gpxtpx:TrackPointExtension>
<gpxtpx:hr>138</gpxtpx:hr>
</gpxtpx:TrackPointExtension>
</extensions>
</trkpt>
<trkpt lat="36.7562384" lon="128.0329839">
<ele>746.13</ele>
<time>2025-05-17T10:14:26Z</time>
<extensions>
<gpxtpx:TrackPointExtension>
<gpxtpx:hr>138</gpxtpx:hr>
</gpxtpx:TrackPointExtension>
</extensions>
</trkpt>
<trkpt lat="36.756237" lon="128.0329807">
<ele>745.75</ele>
<time>2025-05-17T10:14:27Z</time>
<extensions>
<gpxtpx:TrackPointExtension>
<gpxtpx:hr>138</gpxtpx:hr>
</gpxtpx:TrackPointExtension>
</extensions>
</trkpt>
<trkpt lat="36.7562385" lon="128.0329815">
<ele>745.31</ele>
<time>2025-05-17T10:14:28Z</time>
<extensions>
<gpxtpx:TrackPointExtension>
<gpxtpx:hr>138</gpxtpx:hr>
</gpxtpx:TrackPointExtension>
</extensions>
</trkpt>
<trkpt lat="36.7562391" lon="128.0329813">
<ele>745.028</ele>
<time>2025-05-17T10:14:29Z</time>
<extensions>
<gpxtpx:TrackPointExtension>
<gpxtpx:hr>139</gpxtpx:hr>
</gpxtpx:TrackPointExtension>
</extensions>
</trkpt>
<trkpt lat="36.7562363" lon="128.0329841">
<ele>744.885</ele>
<time>2025-05-17T10:14:30Z</time>
<extensions>
<gpxtpx:TrackPointExtension>
<gpxtpx:hr>139</gpxtpx:hr>
</gpxtpx:TrackPointExtension>
</extensions>
</trkpt>
<trkpt lat="36.756232" lon="128.0329865">
<ele>744.637</ele>
<time>2025-05-17T10:14:31Z</time>
<extensions>
<gpxtpx:TrackPointExtension>
<gpxtpx:hr>139</gpxtpx:hr>
</gpxtpx:TrackPointExtension>
</extensions>
</trkpt>
<trkpt lat="36.7562291" lon="128.0329878">
<ele>744.495</ele>
<time>2025-05-17T10:14:32Z</time>
<extensions>
<gpxtpx:TrackPointExtension>
<gpxtpx:hr>139</gpxtpx:hr>
</gpxtpx:TrackPointExtension>
</extensions>
</trkpt>
<trkpt lat="36.7562263" lon="128.0329872">
<ele>744.3</ele>
<time>2025-05-17T10:14:33Z</time>
<extensions>
<gpxtpx:TrackPointExtension>
<gpxtpx:hr>138</gpxtpx:hr>
</gpxtpx:TrackPointExtension>
</extensions>
</trkpt>
<trkpt lat="36.7562241" lon="128.0329885">
<ele>743.891</ele>
<time>2025-05-17T10:14:34Z</time>
<extensions>
<gpxtpx:TrackPointExtension>
<gpxtpx:hr>138</gpxtpx:hr>
</gpxtpx:TrackPointExtension>
</extensions>
</trkpt>
<trkpt lat="36.7562206" lon="128.0329875">
<ele>743.776</ele>
<time>2025-05-17T10:14:35Z</time>
<extensions>
<gpxtpx:TrackPointExtension>
<gpxtpx:hr>138</gpxtpx:hr>
</gpxtpx:TrackPointExtension>
</extensions>
</trkpt>
<trkpt lat="36.7562165" lon="128.0329903">
<ele>743.485</ele>
<time>2025-05-17T10:14:36Z</time>
<extensions>
<gpxtpx:TrackPointExtension>
<gpxtpx:hr>138</gpxtpx:hr>
</gpxtpx:TrackPointExtension>
</extensions>
</trkpt>
<trkpt lat="36.7562135" lon="128.0329955">
<ele>743.273</ele>
<time>2025-05-17T10:14:37Z</time>
<extensions>
<gpxtpx:TrackPointExtension>
<gpxtpx:hr>138</gpxtpx:hr>
</gpxtpx:TrackPointExtension>
</extensions>
</trkpt>
<trkpt lat="36.7562083" lon="128.0329928">
<ele>742.911</ele>
<time>2025-05-17T10:14:38Z</time>
<extensions>
<gpxtpx:TrackPointExtension>
<gpxtpx:hr>138</gpxtpx:hr>
</gpxtpx:TrackPointExtension>
</extensions>
</trkpt>
<trkpt lat="36.7562063" lon="128.0329949">
<ele>742.47</ele>
<time>2025-05-17T10:14:39Z</time>
<extensions>
<gpxtpx:TrackPointExtension>
<gpxtpx:hr>137</gpxtpx:hr>
</gpxtpx:TrackPointExtension>
</extensions>
</trkpt>
<trkpt lat="36.7562025" lon="128.0329888">
<ele>741.981</ele>
<time>2025-05-17T10:14:40Z</time>
<extensions>
<gpxtpx:TrackPointExtension>
<gpxtpx:hr>137</gpxtpx:hr>
</gpxtpx:TrackPointExtension>
</extensions>
</trkpt>
<trkpt lat="36.7561989" lon="128.0329855">
<ele>741.85</ele>
<time>2025-05-17T10:14:41Z</time>
<extensions>
<gpxtpx:TrackPointExtension>
<gpxtpx:hr>136</gpxtpx:hr>
</gpxtpx:TrackPointExtension>
</extensions>
</trkpt>
<trkpt lat="36.7561956" lon="128.0329837">
<ele>741.783</ele>
<time>2025-05-17T10:14:42Z</time>
<extensions>
<gpxtpx:TrackPointExtension>
<gpxtpx:hr>136</gpxtpx:hr>
</gpxtpx:TrackPointExtension>
</extensions>
</trkpt>
<trkpt lat="36.7561963" lon="128.0329817">
<ele>741.41</ele>
<time>2025-05-17T10:14:43Z</time>
<extensions>
<gpxtpx:TrackPointExtension>
<gpxtpx:hr>136</gpxtpx:hr>
</gpxtpx:TrackPointExtension>
</extensions>
</trkpt>
<trkpt lat="36.7561931" lon="128.0329772">
<ele>741.344</ele>
<time>2025-05-17T10:14:44Z</time>
<extensions>
<gpxtpx:TrackPointExtension>
<gpxtpx:hr>136</gpxtpx:hr>
</gpxtpx:TrackPointExtension>
</extensions>
</trkpt>
<trkpt lat="36.7561925" lon="128.0329751">
<ele>741.658</ele>
<time>2025-05-17T10:14:45Z</time>
<extensions>
<gpxtpx:TrackPointExtension>
<gpxtpx:hr>137</gpxtpx:hr>
</gpxtpx:TrackPointExtension>
</extensions>
</trkpt>
<trkpt lat="36.7561898" lon="128.0329698">
<ele>741.331</ele>
<time>2025-05-17T10:14:46Z</time>
<extensions>
<gpxtpx:TrackPointExtension>
<gpxtpx:hr>137</gpxtpx:hr>
</gpxtpx:TrackPointExtension>
</extensions>
</trkpt>
<trkpt lat="36.7561868" lon="128.0329677">
<ele>741.036</ele>
<time>2025-05-17T10:14:47Z</time>
<extensions>
<gpxtpx:TrackPointExtension>
<gpxtpx:hr>137</gpxtpx:hr>
</gpxtpx:TrackPointExtension>
</extensions>
</trkpt>
<trkpt lat="36.7561884" lon="128.0329674">
<ele>740.656</ele>
<time>2025-05-17T10:14:48Z</time>
<extensions>
<gpxtpx:TrackPointExtension>
<gpxtpx:hr>137</gpxtpx:hr>
</gpxtpx:TrackPointExtension>
</extensions>
</trkpt>
<trkpt lat="36.7561859" lon="128.0329662">
<ele>740.658</ele>
<time>2025-05-17T10:14:49Z</time>
<extensions>
<gpxtpx:TrackPointExtension>
<gpxtpx:hr>137</gpxtpx:hr>
</gpxtpx:TrackPointExtension>
</extensions>
</trkpt>
<trkpt lat="36.7561859" lon="128.0329682">
<ele>740.332</ele>
<time>2025-05-17T10:14:50Z</time>
<extensions>
<gpxtpx:TrackPointExtension>
<gpxtpx:hr>137</gpxtpx:hr>
</gpxtpx:TrackPointExtension>
</extensions>
</trkpt>
<trkpt lat="36.7561848" lon="128.0329724">
<ele>740.049</ele>
<time>2025-05-17T10:14:51Z</time>
<extensions>
<gpxtpx:TrackPointExtension>
<gpxtpx:hr>137</gpxtpx:hr>
</gpxtpx:TrackPointExtension>
</extensions>
</trkpt>
<trkpt lat="36.7561835" lon="128.0329736">
<ele>739.854</ele>
<time>2025-05-17T10:14:52Z</time>
<extensions>
<gpxtpx:TrackPointExtension>
<gpxtpx:hr>136</gpxtpx:hr>
</gpxtpx:TrackPointExtension>
</extensions>
</trkpt>
<trkpt lat="36.7561807" lon="128.0329756">
<ele>739.59</ele>
<time>2025-05-17T10:14:53Z</time>
<extensions>
<gpxtpx:TrackPointExtension>
<gpxtpx:hr>136</gpxtpx:hr>
</gpxtpx:TrackPointExtension>
</extensions>
</trkpt>
<trkpt lat="36.7561787" lon="128.0329798">
<ele>739.072</ele>
<time>2025-05-17T10:14:54Z</time>
<extensions>
<gpxtpx:TrackPointExtension>
<gpxtpx:hr>136</gpxtpx:hr>
</gpxtpx:TrackPointExtension>
</extensions>
</trkpt>
<trkpt lat="36.7561747" lon="128.032986">
<ele>738.913</ele>
<time>2025-05-17T10:14:55Z</time>
<extensions>
<gpxtpx:TrackPointExtension>
<gpxtpx:hr>136</gpxtpx:hr>
</gpxtpx:TrackPointExtension>
</extensions>
</trkpt>
<trkpt lat="36.7561706" lon="128.0329861">
<ele>738.763</ele>
<time>2025-05-17T10:14:56Z</time>
<extensions>
<gpxtpx:TrackPointExtension>
<gpxtpx:hr>136</gpxtpx:hr>
</gpxtpx:TrackPointExtension>
</extensions>
</trkpt>
<trkpt lat="36.7561658" lon="128.0329892">
<ele>738.663</ele>
<time>2025-05-17T10:14:57Z</time>
<extensions>
<gpxtpx:TrackPointExtension>
<gpxtpx:hr>135</gpxtpx:hr>
</gpxtpx:TrackPointExtension>
</extensions>
</trkpt>
<trkpt lat="36.7561642" lon="128.0329913">
<ele>738.658</ele>
<time>2025-05-17T10:14:58Z</time>
<extensions>
<gpxtpx:TrackPointExtension>
<gpxtpx:hr>135</gpxtpx:hr>
</gpxtpx:TrackPointExtension>
</extensions>
</trkpt>
<trkpt lat="36.7561605" lon="128.0329942">
<ele>738.617</ele>
<time>2025-05-17T10:14:59Z</time>
<extensions>
<gpxtpx:TrackPointExtension>
<gpxtpx:hr>135</gpxtpx:hr>
</gpxtpx:TrackPointExtension>
</extensions>
</trkpt>
<trkpt lat="36.7561577" lon="128.0329975">
<ele>738.53</ele>
<time>2025-05-17T10:15:00Z</time>
<extensions>
<gpxtpx:TrackPointExtension>
<gpxtpx:hr>135</gpxtpx:hr>
</gpxtpx:TrackPointExtension>
</extensions>
</trkpt>
<trkpt lat="36.7561564" lon="128.0329981">
<ele>738.503</ele>
<time>2025-05-17T10:15:01Z</time>
</trkpt>
<trkpt lat="36.7561516" lon="128.0329942">
<ele>738.474</ele>
<time>2025-05-17T10:15:02Z</time>
<extensions>
<gpxtpx:TrackPointExtension>
<gpxtpx:hr>134</gpxtpx:hr>
</gpxtpx:TrackPointExtension>
</extensions>
</trkpt>
<trkpt lat="36.7561539" lon="128.0329985">
<ele>738.43</ele>
<time>2025-05-17T10:15:03Z</time>
<extensions>
<gpxtpx:TrackPointExtension>
<gpxtpx:hr>134</gpxtpx:hr>
</gpxtpx:TrackPointExtension>
</extensions>
</trkpt>
<trkpt lat="36.7561504" lon="128.0329968">
<ele>737.488</ele>
<time>2025-05-17T10:15:08Z</time>
<extensions>
<gpxtpx:TrackPointExtension>
<gpxtpx:hr>135</gpxtpx:hr>
</gpxtpx:TrackPointExtension>
</extensions>
</trkpt>
<trkpt lat="36.7561451" lon="128.0329942">
<ele>737.167</ele>
<time>2025-05-17T10:15:09Z</time>
<extensions>
<gpxtpx:TrackPointExtension>
<gpxtpx:hr>135</gpxtpx:hr>
</gpxtpx:TrackPointExtension>
</extensions>
</trkpt>
<trkpt lat="36.7561399" lon="128.0329902">
<ele>736.812</ele>
<time>2025-05-17T10:15:10Z</time>
<extensions>
<gpxtpx:TrackPointExtension>
<gpxtpx:hr>136</gpxtpx:hr>
</gpxtpx:TrackPointExtension>
</extensions>
</trkpt>
<trkpt lat="36.756135" lon="128.0329868">
<ele>736.554</ele>
<time>2025-05-17T10:15:11Z</time>
<extensions>
<gpxtpx:TrackPointExtension>
<gpxtpx:hr>137</gpxtpx:hr>
</gpxtpx:TrackPointExtension>
</extensions>
</trkpt>
<trkpt lat="36.7561308" lon="128.0329846">
<ele>736.236</ele>
<time>2025-05-17T10:15:12Z</time>
<extensions>
<gpxtpx:TrackPointExtension>
<gpxtpx:hr>137</gpxtpx:hr>
</gpxtpx:TrackPointExtension>
</extensions>
</trkpt>
<trkpt lat="36.7561236" lon="128.0329803">
<ele>735.97</ele>
<time>2025-05-17T10:15:13Z</time>
<extensions>
<gpxtpx:TrackPointExtension>
<gpxtpx:hr>137</gpxtpx:hr>
</gpxtpx:TrackPointExtension>
</extensions>
</trkpt>
<trkpt lat="36.7561174" lon="128.0329803">
<ele>735.717</ele>
<time>2025-05-17T10:15:14Z</time>
<extensions>
<gpxtpx:TrackPointExtension>
<gpxtpx:hr>137</gpxtpx:hr>
</gpxtpx:TrackPointExtension>
</extensions>
</trkpt>
<trkpt lat="36.7561114" lon="128.0329813">
<ele>735.411</ele>
<time>2025-05-17T10:15:15Z</time>
<extensions>
<gpxtpx:TrackPointExtension>
<gpxtpx:hr>137</gpxtpx:hr>
</gpxtpx:TrackPointExtension>
</extensions>
</trkpt>
<trkpt lat="36.7561016" lon="128.0329851">
<ele>734.981</ele>
<time>2025-05-17T10:15:16Z</time>
<extensions>
<gpxtpx:TrackPointExtension>
<gpxtpx:hr>136</gpxtpx:hr>
</gpxtpx:TrackPointExtension>
</extensions>
</trkpt>
<trkpt lat="36.7560941" lon="128.0329869">
<ele>734.806</ele>
<time>2025-05-17T10:15:17Z</time>
<extensions>
<gpxtpx:TrackPointExtension>
<gpxtpx:hr>136</gpxtpx:hr>
</gpxtpx:TrackPointExtension>
</extensions>
</trkpt>
<trkpt lat="36.7560849" lon="128.0329923">
<ele>734.525</ele>
<time>2025-05-17T10:15:18Z</time>
<extensions>
<gpxtpx:TrackPointExtension>
<gpxtpx:hr>136</gpxtpx:hr>
</gpxtpx:TrackPointExtension>
</extensions>
</trkpt>
<trkpt lat="36.7560749" lon="128.0329911">
<ele>734.228</ele>
<time>2025-05-17T10:15:19Z</time>
<extensions>
<gpxtpx:TrackPointExtension>
<gpxtpx:hr>135</gpxtpx:hr>
</gpxtpx:TrackPointExtension>
</extensions>
</trkpt>
<trkpt lat="36.7560677" lon="128.032988">
<ele>733.874</ele>
<time>2025-05-17T10:15:20Z</time>
<extensions>
<gpxtpx:TrackPointExtension>
<gpxtpx:hr>136</gpxtpx:hr>
</gpxtpx:TrackPointExtension>
</extensions>
</trkpt>
<trkpt lat="36.7560622" lon="128.032984">
<ele>733.63</ele>
<time>2025-05-17T10:15:21Z</time>
<extensions>
<gpxtpx:TrackPointExtension>
<gpxtpx:hr>136</gpxtpx:hr>
</gpxtpx:TrackPointExtension>
</extensions>
</trkpt>
<trkpt lat="36.7560576" lon="128.0329808">
<ele>733.401</ele>
<time>2025-05-17T10:15:22Z</time>
<extensions>
<gpxtpx:TrackPointExtension>
<gpxtpx:hr>135</gpxtpx:hr>
</gpxtpx:TrackPointExtension>
</extensions>
</trkpt>
<trkpt lat="36.7560522" lon="128.0329782">
<ele>733.149</ele>
<time>2025-05-17T10:15:23Z</time>
<extensions>
<gpxtpx:TrackPointExtension>
<gpxtpx:hr>135</gpxtpx:hr>
</gpxtpx:TrackPointExtension>
</extensions>
</trkpt>
<trkpt lat="36.7560487" lon="128.032976">
<ele>732.856</ele>
<time>2025-05-17T10:15:24Z</time>
<extensions>
<gpxtpx:TrackPointExtension>
<gpxtpx:hr>135</gpxtpx:hr>
</gpxtpx:TrackPointExtension>
</extensions>
</trkpt>
<trkpt lat="36.7560463" lon="128.032972">
<ele>732.565</ele>
<time>2025-05-17T10:15:25Z</time>
<extensions>
<gpxtpx:TrackPointExtension>
<gpxtpx:hr>134</gpxtpx:hr>
</gpxtpx:TrackPointExtension>
</extensions>
</trkpt>
<trkpt lat="36.7560437" lon="128.0329669">
<ele>732.353</ele>
<time>2025-05-17T10:15:26Z</time>
<extensions>
<gpxtpx:TrackPointExtension>
<gpxtpx:hr>133</gpxtpx:hr>
</gpxtpx:TrackPointExtension>
</extensions>
</trkpt>
<trkpt lat="36.7560413" lon="128.0329617">
<ele>732.053</ele>
<time>2025-05-17T10:15:27Z</time>
<extensions>
<gpxtpx:TrackPointExtension>
<gpxtpx:hr>132</gpxtpx:hr>
</gpxtpx:TrackPointExtension>
</extensions>
</trkpt>
<trkpt lat="36.7560396" lon="128.0329592">
<ele>731.753</ele>
<time>2025-05-17T10:15:28Z</time>
<extensions>
<gpxtpx:TrackPointExtension>
<gpxtpx:hr>131</gpxtpx:hr>
</gpxtpx:TrackPointExtension>
</extensions>
</trkpt>
<trkpt lat="36.7560347" lon="128.0329592">
<ele>731.519</ele>
<time>2025-05-17T10:15:29Z</time>
<extensions>
<gpxtpx:TrackPointExtension>
<gpxtpx:hr>131</gpxtpx:hr>
</gpxtpx:TrackPointExtension>
</extensions>
</trkpt>
<trkpt lat="36.7560305" lon="128.0329548">
<ele>731.268</ele>
<time>2025-05-17T10:15:30Z</time>
<extensions>
<gpxtpx:TrackPointExtension>
<gpxtpx:hr>130</gpxtpx:hr>
</gpxtpx:TrackPointExtension>
</extensions>
</trkpt>
<trkpt lat="36.7560275" lon="128.032953">
<ele>731.137</ele>
<time>2025-05-17T10:15:31Z</time>
<extensions>
<gpxtpx:TrackPointExtension>
<gpxtpx:hr>129</gpxtpx:hr>
</gpxtpx:TrackPointExtension>
</extensions>
</trkpt>
<trkpt lat="36.7560271" lon="128.0329521">
<ele>730.819</ele>
<time>2025-05-17T10:15:32Z</time>
<extensions>
<gpxtpx:TrackPointExtension>
<gpxtpx:hr>129</gpxtpx:hr>
</gpxtpx:TrackPointExtension>
</extensions>
</trkpt>
<trkpt lat="36.7560286" lon="128.0329463">
<ele>730.505</ele>
<time>2025-05-17T10:15:33Z</time>
<extensions>
<gpxtpx:TrackPointExtension>
<gpxtpx:hr>129</gpxtpx:hr>
</gpxtpx:TrackPointExtension>
</extensions>
</trkpt>
<trkpt lat="36.7560269" lon="128.0329425">
<ele>730.198</ele>
<time>2025-05-17T10:15:34Z</time>
<extensions>
<gpxtpx:TrackPointExtension>
<gpxtpx:hr>129</gpxtpx:hr>
</gpxtpx:TrackPointExtension>
</extensions>
</trkpt>
<trkpt lat="36.756023" lon="128.0329367">
<ele>729.983</ele>
<time>2025-05-17T10:15:35Z</time>
<extensions>
<gpxtpx:TrackPointExtension>
<gpxtpx:hr>129</gpxtpx:hr>
</gpxtpx:TrackPointExtension>
</extensions>
</trkpt>
<trkpt lat="36.7560204" lon="128.0329339">
<ele>729.816</ele>
<time>2025-05-17T10:15:36Z</time>
<extensions>
<gpxtpx:TrackPointExtension>
<gpxtpx:hr>130</gpxtpx:hr>
</gpxtpx:TrackPointExtension>
</extensions>
</trkpt>
<trkpt lat="36.7560165" lon="128.0329322">
<ele>729.69</ele>
<time>2025-05-17T10:15:37Z</time>
<extensions>
<gpxtpx:TrackPointExtension>
<gpxtpx:hr>130</gpxtpx:hr>
</gpxtpx:TrackPointExtension>
</extensions>
</trkpt>
<trkpt lat="36.7560182" lon="128.0329315">
<ele>729.447</ele>
<time>2025-05-17T10:15:38Z</time>
<extensions>
<gpxtpx:TrackPointExtension>
<gpxtpx:hr>131</gpxtpx:hr>
</gpxtpx:TrackPointExtension>
</extensions>
</trkpt>
<trkpt lat="36.7560148" lon="128.0329308">
<ele>729.177</ele>
<time>2025-05-17T10:15:39Z</time>
<extensions>
<gpxtpx:TrackPointExtension>
<gpxtpx:hr>132</gpxtpx:hr>
</gpxtpx:TrackPointExtension>
</extensions>
</trkpt>
<trkpt lat="36.7560144" lon="128.0329314">
<ele>728.918</ele>
<time>2025-05-17T10:15:40Z</time>
<extensions>
<gpxtpx:TrackPointExtension>
<gpxtpx:hr>133</gpxtpx:hr>
</gpxtpx:TrackPointExtension>
</extensions>
</trkpt>
<trkpt lat="36.7560114" lon="128.0329317">
<ele>728.613</ele>
<time>2025-05-17T10:15:41Z</time>
<extensions>
<gpxtpx:TrackPointExtension>
<gpxtpx:hr>134</gpxtpx:hr>
</gpxtpx:TrackPointExtension>
</extensions>
</trkpt>
<trkpt lat="36.7560074" lon="128.0329296">
<ele>728.307</ele>
<time>2025-05-17T10:15:42Z</time>
<extensions>
<gpxtpx:TrackPointExtension>
<gpxtpx:hr>135</gpxtpx:hr>
</gpxtpx:TrackPointExtension>
</extensions>
</trkpt>
<trkpt lat="36.7560049" lon="128.0329279">
<ele>728.181</ele>
<time>2025-05-17T10:15:43Z</time>
<extensions>
<gpxtpx:TrackPointExtension>
<gpxtpx:hr>137</gpxtpx:hr>
</gpxtpx:TrackPointExtension>
</extensions>
</trkpt>
<trkpt lat="36.756004" lon="128.0329288">
<ele>727.953</ele>
<time>2025-05-17T10:15:44Z</time>
<extensions>
<gpxtpx:TrackPointExtension>
<gpxtpx:hr>139</gpxtpx:hr>
</gpxtpx:TrackPointExtension>
</extensions>
</trkpt>
<trkpt lat="36.756001" lon="128.0329272">
<ele>727.69</ele>
<time>2025-05-17T10:15:45Z</time>
<extensions>
<gpxtpx:TrackPointExtension>
<gpxtpx:hr>140</gpxtpx:hr>
</gpxtpx:TrackPointExtension>
</extensions>
</trkpt>
<trkpt lat="36.7559961" lon="128.0329228">
<ele>727.401</ele>
<time>2025-05-17T10:15:46Z</time>
<extensions>
<gpxtpx:TrackPointExtension>
<gpxtpx:hr>140</gpxtpx:hr>
</gpxtpx:TrackPointExtension>
</extensions>
</trkpt>
<trkpt lat="36.7559928" lon="128.0329173">
<ele>727.114</ele>
<time>2025-05-17T10:15:47Z</time>
<extensions>
<gpxtpx:TrackPointExtension>
<gpxtpx:hr>141</gpxtpx:hr>
</gpxtpx:TrackPointExtension>
</extensions>
</trkpt>
<trkpt lat="36.7559882" lon="128.0329106">
<ele>726.884</ele>
<time>2025-05-17T10:15:48Z</time>
<extensions>
<gpxtpx:TrackPointExtension>
<gpxtpx:hr>141</gpxtpx:hr>
</gpxtpx:TrackPointExtension>
</extensions>
</trkpt>
<trkpt lat="36.7559817" lon="128.0329023">
<ele>726.548</ele>
<time>2025-05-17T10:15:49Z</time>
<extensions>
<gpxtpx:TrackPointExtension>
<gpxtpx:hr>141</gpxtpx:hr>
</gpxtpx:TrackPointExtension>
</extensions>
</trkpt>
<trkpt lat="36.7559776" lon="128.0328979">
<ele>726.322</ele>
<time>2025-05-17T10:15:50Z</time>
<extensions>
<gpxtpx:TrackPointExtension>
<gpxtpx:hr>141</gpxtpx:hr>
</gpxtpx:TrackPointExtension>
</extensions>
</trkpt>
<trkpt lat="36.7559708" lon="128.0328917">
<ele>726.009</ele>
<time>2025-05-17T10:15:51Z</time>
<extensions>
<gpxtpx:TrackPointExtension>
<gpxtpx:hr>142</gpxtpx:hr>
</gpxtpx:TrackPointExtension>
</extensions>
</trkpt>
<trkpt lat="36.7559654" lon="128.0328858">
<ele>725.743</ele>
<time>2025-05-17T10:15:52Z</time>
<extensions>
<gpxtpx:TrackPointExtension>
<gpxtpx:hr>142</gpxtpx:hr>
</gpxtpx:TrackPointExtension>
</extensions>
</trkpt>
<trkpt lat="36.7559612" lon="128.0328824">
<ele>725.403</ele>
<time>2025-05-17T10:15:53Z</time>
<extensions>
<gpxtpx:TrackPointExtension>
<gpxtpx:hr>142</gpxtpx:hr>
</gpxtpx:TrackPointExtension>
</extensions>
</trkpt>
<trkpt lat="36.7559527" lon="128.0328795">
<ele>725.068</ele>
<time>2025-05-17T10:15:54Z</time>
<extensions>
<gpxtpx:TrackPointExtension>
<gpxtpx:hr>142</gpxtpx:hr>
</gpxtpx:TrackPointExtension>
</extensions>
</trkpt>
<trkpt lat="36.7559466" lon="128.0328787">
<ele>724.804</ele>
<time>2025-05-17T10:15:55Z</time>
<extensions>
<gpxtpx:TrackPointExtension>
<gpxtpx:hr>142</gpxtpx:hr>
</gpxtpx:TrackPointExtension>
</extensions>
</trkpt>
<trkpt lat="36.7559393" lon="128.0328782">
<ele>724.471</ele>
<time>2025-05-17T10:15:56Z</time>
<extensions>
<gpxtpx:TrackPointExtension>
<gpxtpx:hr>142</gpxtpx:hr>
</gpxtpx:TrackPointExtension>
</extensions>
</trkpt>
<trkpt lat="36.7559341" lon="128.0328769">
<ele>724.271</ele>
<time>2025-05-17T10:15:57Z</time>
<extensions>
<gpxtpx:TrackPointExtension>
<gpxtpx:hr>142</gpxtpx:hr>
</gpxtpx:TrackPointExtension>
</extensions>
</trkpt>
<trkpt lat="36.7559271" lon="128.0328736">
<ele>723.961</ele>
<time>2025-05-17T10:15:58Z</time>
<extensions>
<gpxtpx:TrackPointExtension>
<gpxtpx:hr>142</gpxtpx:hr>
</gpxtpx:TrackPointExtension>
</extensions>
</trkpt>
<trkpt lat="36.7559187" lon="128.0328671">
<ele>723.642</ele>
<time>2025-05-17T10:15:59Z</time>
<extensions>
<gpxtpx:TrackPointExtension>
<gpxtpx:hr>142</gpxtpx:hr>
</gpxtpx:TrackPointExtension>
</extensions>
</trkpt>
<trkpt lat="36.755914" lon="128.032858">
<ele>723.257</ele>
<time>2025-05-17T10:16:00Z</time>
<extensions>
<gpxtpx:TrackPointExtension>
<gpxtpx:hr>143</gpxtpx:hr>
</gpxtpx:TrackPointExtension>
</extensions>
</trkpt>
<trkpt lat="36.7559075" lon="128.0328495">
<ele>722.936</ele>
<time>2025-05-17T10:16:01Z</time>
<extensions>
<gpxtpx:TrackPointExtension>
<gpxtpx:hr>143</gpxtpx:hr>
</gpxtpx:TrackPointExtension>
</extensions>
</trkpt>
<trkpt lat="36.7559022" lon="128.032841">
<ele>722.765</ele>
<time>2025-05-17T10:16:02Z</time>
<extensions>
<gpxtpx:TrackPointExtension>
<gpxtpx:hr>143</gpxtpx:hr>
</gpxtpx:TrackPointExtension>
</extensions>
</trkpt>
<trkpt lat="36.7558943" lon="128.0328346">
<ele>722.541</ele>
<time>2025-05-17T10:16:03Z</time>
<extensions>
<gpxtpx:TrackPointExtension>
<gpxtpx:hr>143</gpxtpx:hr>
</gpxtpx:TrackPointExtension>
</extensions>
</trkpt>
<trkpt lat="36.7558881" lon="128.0328309">
<ele>722.36</ele>
<time>2025-05-17T10:16:04Z</time>
<extensions>
<gpxtpx:TrackPointExtension>
<gpxtpx:hr>143</gpxtpx:hr>
</gpxtpx:TrackPointExtension>
</extensions>
</trkpt>
<trkpt lat="36.7558827" lon="128.0328265">
<ele>722.13</ele>
<time>2025-05-17T10:16:05Z</time>
<extensions>
<gpxtpx:TrackPointExtension>
<gpxtpx:hr>143</gpxtpx:hr>
</gpxtpx:TrackPointExtension>
</extensions>
</trkpt>
<trkpt lat="36.7558754" lon="128.0328204">
<ele>721.973</ele>
<time>2025-05-17T10:16:06Z</time>
<extensions>
<gpxtpx:TrackPointExtension>
<gpxtpx:hr>143</gpxtpx:hr>
</gpxtpx:TrackPointExtension>
</extensions>
</trkpt>
<trkpt lat="36.7558724" lon="128.0328141">
<ele>721.858</ele>
<time>2025-05-17T10:16:07Z</time>
<extensions>
<gpxtpx:TrackPointExtension>
<gpxtpx:hr>143</gpxtpx:hr>
</gpxtpx:TrackPointExtension>
</extensions>
</trkpt>
<trkpt lat="36.7558674" lon="128.0328077">
<ele>721.557</ele>
<time>2025-05-17T10:16:08Z</time>
<extensions>
<gpxtpx:TrackPointExtension>
<gpxtpx:hr>143</gpxtpx:hr>
</gpxtpx:TrackPointExtension>
</extensions>
</trkpt>
<trkpt lat="36.7558648" lon="128.0328046">
<ele>721.239</ele>
<time>2025-05-17T10:16:09Z</time>
<extensions>
<gpxtpx:TrackPointExtension>
<gpxtpx:hr>143</gpxtpx:hr>
</gpxtpx:TrackPointExtension>
</extensions>
</trkpt>
<trkpt lat="36.7558606" lon="128.0328003">
<ele>721.093</ele>
<time>2025-05-17T10:16:10Z</time>
<extensions>
<gpxtpx:TrackPointExtension>
<gpxtpx:hr>143</gpxtpx:hr>
</gpxtpx:TrackPointExtension>
</extensions>
</trkpt>
<trkpt lat="36.7558578" lon="128.0327939">
<ele>720.871</ele>
<time>2025-05-17T10:16:11Z</time>
<extensions>
<gpxtpx:TrackPointExtension>
<gpxtpx:hr>143</gpxtpx:hr>
</gpxtpx:TrackPointExtension>
</extensions>
</trkpt>
<trkpt lat="36.755856" lon="128.0327874">
<ele>720.587</ele>
<time>2025-05-17T10:16:12Z</time>
<extensions>
<gpxtpx:TrackPointExtension>
<gpxtpx:hr>143</gpxtpx:hr>
</gpxtpx:TrackPointExtension>
</extensions>
</trkpt>
<trkpt lat="36.7558546" lon="128.0327821">
<ele>720.295</ele>
<time>2025-05-17T10:16:13Z</time>
<extensions>
<gpxtpx:TrackPointExtension>
<gpxtpx:hr>143</gpxtpx:hr>
</gpxtpx:TrackPointExtension>
</extensions>
</trkpt>
<trkpt lat="36.755854" lon="128.0327759">
<ele>720.027</ele>
<time>2025-05-17T10:16:14Z</time>
<extensions>
<gpxtpx:TrackPointExtension>
<gpxtpx:hr>144</gpxtpx:hr>
</gpxtpx:TrackPointExtension>
</extensions>
</trkpt>
<trkpt lat="36.7558529" lon="128.0327719">
<ele>719.785</ele>
<time>2025-05-17T10:16:15Z</time>
<extensions>
<gpxtpx:TrackPointExtension>
<gpxtpx:hr>144</gpxtpx:hr>
</gpxtpx:TrackPointExtension>
</extensions>
</trkpt>
<trkpt lat="36.7558506" lon="128.0327692">
<ele>719.45</ele>
<time>2025-05-17T10:16:16Z</time>
<extensions>
<gpxtpx:TrackPointExtension>
<gpxtpx:hr>145</gpxtpx:hr>
</gpxtpx:TrackPointExtension>
</extensions>
</trkpt>
<trkpt lat="36.7558454" lon="128.0327634">
<ele>719.133</ele>
<time>2025-05-17T10:16:17Z</time>
<extensions>
<gpxtpx:TrackPointExtension>
<gpxtpx:hr>145</gpxtpx:hr>
</gpxtpx:TrackPointExtension>
</extensions>
</trkpt>
<trkpt lat="36.7558408" lon="128.0327628">
<ele>718.762</ele>
<time>2025-05-17T10:16:18Z</time>
<extensions>
<gpxtpx:TrackPointExtension>
<gpxtpx:hr>145</gpxtpx:hr>
</gpxtpx:TrackPointExtension>
</extensions>
</trkpt>
<trkpt lat="36.7558344" lon="128.0327605">
<ele>718.402</ele>
<time>2025-05-17T10:16:19Z</time>
<extensions>
<gpxtpx:TrackPointExtension>
<gpxtpx:hr>145</gpxtpx:hr>
</gpxtpx:TrackPointExtension>
</extensions>
</trkpt>
<trkpt lat="36.755828" lon="128.0327591">
<ele>718.024</ele>
<time>2025-05-17T10:16:20Z</time>
<extensions>
<gpxtpx:TrackPointExtension>
<gpxtpx:hr>145</gpxtpx:hr>
</gpxtpx:TrackPointExtension>
</extensions>
</trkpt>
<trkpt lat="36.7558218" lon="128.0327582">
<ele>717.862</ele>
<time>2025-05-17T10:16:21Z</time>
<extensions>
<gpxtpx:TrackPointExtension>
<gpxtpx:hr>144</gpxtpx:hr>
</gpxtpx:TrackPointExtension>
</extensions>
</trkpt>
<trkpt lat="36.7558158" lon="128.0327577">
<ele>717.792</ele>
<time>2025-05-17T10:16:22Z</time>
<extensions>
<gpxtpx:TrackPointExtension>
<gpxtpx:hr>144</gpxtpx:hr>
</gpxtpx:TrackPointExtension>
</extensions>
</trkpt>
<trkpt lat="36.7558093" lon="128.0327577">
<ele>717.697</ele>
<time>2025-05-17T10:16:23Z</time>
<extensions>
<gpxtpx:TrackPointExtension>
<gpxtpx:hr>144</gpxtpx:hr>
</gpxtpx:TrackPointExtension>
</extensions>
</trkpt>
<trkpt lat="36.7558008" lon="128.0327581">
<ele>717.425</ele>
<time>2025-05-17T10:16:24Z</time>
<extensions>
<gpxtpx:TrackPointExtension>
<gpxtpx:hr>144</gpxtpx:hr>
</gpxtpx:TrackPointExtension>
</extensions>
</trkpt>
<trkpt lat="36.7557964" lon="128.0327539">
<ele>717.148</ele>
<time>2025-05-17T10:16:25Z</time>
<extensions>
<gpxtpx:TrackPointExtension>
<gpxtpx:hr>144</gpxtpx:hr>
</gpxtpx:TrackPointExtension>
</extensions>
</trkpt>
<trkpt lat="36.7557921" lon="128.0327536">
<ele>716.662</ele>
<time>2025-05-17T10:16:26Z</time>
<extensions>
<gpxtpx:TrackPointExtension>
<gpxtpx:hr>144</gpxtpx:hr>
</gpxtpx:TrackPointExtension>
</extensions>
</trkpt>
<trkpt lat="36.7557818" lon="128.0327477">
<ele>716.269</ele>
<time>2025-05-17T10:16:27Z</time>
<extensions>
<gpxtpx:TrackPointExtension>
<gpxtpx:hr>144</gpxtpx:hr>
</gpxtpx:TrackPointExtension>
</extensions>
</trkpt>
<trkpt lat="36.7557728" lon="128.0327442">
<ele>715.963</ele>
<time>2025-05-17T10:16:28Z</time>
<extensions>
<gpxtpx:TrackPointExtension>
<gpxtpx:hr>144</gpxtpx:hr>
</gpxtpx:TrackPointExtension>
</extensions>
</trkpt>
<trkpt lat="36.7557652" lon="128.0327418">
<ele>715.67</ele>
<time>2025-05-17T10:16:29Z</time>
<extensions>
<gpxtpx:TrackPointExtension>
<gpxtpx:hr>143</gpxtpx:hr>
</gpxtpx:TrackPointExtension>
</extensions>
</trkpt>
<trkpt lat="36.7557582" lon="128.03274">
<ele>715.272</ele>
<time>2025-05-17T10:16:30Z</time>
<extensions>
<gpxtpx:TrackPointExtension>
<gpxtpx:hr>144</gpxtpx:hr>
</gpxtpx:TrackPointExtension>
</extensions>
</trkpt>
<trkpt lat="36.7557497" lon="128.0327371">
<ele>714.937</ele>
<time>2025-05-17T10:16:31Z</time>
<extensions>
<gpxtpx:TrackPointExtension>
<gpxtpx:hr>144</gpxtpx:hr>
</gpxtpx:TrackPointExtension>
</extensions>
</trkpt>
<trkpt lat="36.7557416" lon="128.032735">
<ele>714.502</ele>
<time>2025-05-17T10:16:32Z</time>
<extensions>
<gpxtpx:TrackPointExtension>
<gpxtpx:hr>144</gpxtpx:hr>
</gpxtpx:TrackPointExtension>
</extensions>
</trkpt>
<trkpt lat="36.7557278" lon="128.0327261">
<ele>714.139</ele>
<time>2025-05-17T10:16:33Z</time>
<extensions>
<gpxtpx:TrackPointExtension>
<gpxtpx:hr>143</gpxtpx:hr>
</gpxtpx:TrackPointExtension>
</extensions>
</trkpt>
<trkpt lat="36.7557192" lon="128.032722">
<ele>713.82</ele>
<time>2025-05-17T10:16:34Z</time>
<extensions>
<gpxtpx:TrackPointExtension>
<gpxtpx:hr>143</gpxtpx:hr>
</gpxtpx:TrackPointExtension>
</extensions>
</trkpt>
<trkpt lat="36.7557153" lon="128.0327206">
<ele>713.602</ele>
<time>2025-05-17T10:16:35Z</time>
<extensions>
<gpxtpx:TrackPointExtension>
<gpxtpx:hr>143</gpxtpx:hr>
</gpxtpx:TrackPointExtension>
</extensions>
</trkpt>
<trkpt lat="36.7557153" lon="128.0327204">
<ele>713.382</ele>
<time>2025-05-17T10:16:36Z</time>
<extensions>
<gpxtpx:TrackPointExtension>
<gpxtpx:hr>143</gpxtpx:hr>
</gpxtpx:TrackPointExtension>
</extensions>
</trkpt>
<trkpt lat="36.7557137" lon="128.0327189">
<ele>713.163</ele>
<time>2025-05-17T10:16:37Z</time>
<extensions>
<gpxtpx:TrackPointExtension>
<gpxtpx:hr>142</gpxtpx:hr>
</gpxtpx:TrackPointExtension>
</extensions>
</trkpt>
<trkpt lat="36.7557099" lon="128.0327125">
<ele>712.889</ele>
<time>2025-05-17T10:16:38Z</time>
<extensions>
<gpxtpx:TrackPointExtension>
<gpxtpx:hr>142</gpxtpx:hr>
</gpxtpx:TrackPointExtension>
</extensions>
</trkpt>
<trkpt lat="36.7557074" lon="128.0327081">
<ele>712.521</ele>
<time>2025-05-17T10:16:39Z</time>
<extensions>
<gpxtpx:TrackPointExtension>
<gpxtpx:hr>142</gpxtpx:hr>
</gpxtpx:TrackPointExtension>
</extensions>
</trkpt>
<trkpt lat="36.7557049" lon="128.0327001">
<ele>712.236</ele>
<time>2025-05-17T10:16:40Z</time>
<extensions>
<gpxtpx:TrackPointExtension>
<gpxtpx:hr>142</gpxtpx:hr>
</gpxtpx:TrackPointExtension>
</extensions>
</trkpt>
<trkpt lat="36.7557012" lon="128.0326969">
<ele>711.848</ele>
<time>2025-05-17T10:16:41Z</time>
<extensions>
<gpxtpx:TrackPointExtension>
<gpxtpx:hr>141</gpxtpx:hr>
</gpxtpx:TrackPointExtension>
</extensions>
</trkpt>
<trkpt lat="36.7556979" lon="128.0326935">
<ele>711.477</ele>
<time>2025-05-17T10:16:42Z</time>
<extensions>
<gpxtpx:TrackPointExtension>
<gpxtpx:hr>141</gpxtpx:hr>
</gpxtpx:TrackPointExtension>
</extensions>
</trkpt>
<trkpt lat="36.7556956" lon="128.0326868">
<ele>711.188</ele>
<time>2025-05-17T10:16:43Z</time>
<extensions>
<gpxtpx:TrackPointExtension>
<gpxtpx:hr>140</gpxtpx:hr>
</gpxtpx:TrackPointExtension>
</extensions>
</trkpt>
<trkpt lat="36.7556905" lon="128.0326811">
<ele>710.882</ele>
<time>2025-05-17T10:16:44Z</time>
<extensions>
<gpxtpx:TrackPointExtension>
<gpxtpx:hr>140</gpxtpx:hr>
</gpxtpx:TrackPointExtension>
</extensions>
</trkpt>
<trkpt lat="36.7556826" lon="128.0326763">
<ele>710.687</ele>
<time>2025-05-17T10:16:45Z</time>
<extensions>
<gpxtpx:TrackPointExtension>
<gpxtpx:hr>140</gpxtpx:hr>
</gpxtpx:TrackPointExtension>
</extensions>
</trkpt>
<trkpt lat="36.755676" lon="128.0326698">
<ele>710.453</ele>
<time>2025-05-17T10:16:46Z</time>
<extensions>
<gpxtpx:TrackPointExtension>
<gpxtpx:hr>139</gpxtpx:hr>
</gpxtpx:TrackPointExtension>
</extensions>
</trkpt>
<trkpt lat="36.7556697" lon="128.0326608">
<ele>710.172</ele>
<time>2025-05-17T10:16:47Z</time>
<extensions>
<gpxtpx:TrackPointExtension>
<gpxtpx:hr>139</gpxtpx:hr>
</gpxtpx:TrackPointExtension>
</extensions>
</trkpt>
<trkpt lat="36.7556645" lon="128.0326516">
<ele>709.903</ele>
<time>2025-05-17T10:16:48Z</time>
<extensions>
<gpxtpx:TrackPointExtension>
<gpxtpx:hr>139</gpxtpx:hr>
</gpxtpx:TrackPointExtension>
</extensions>
</trkpt>
<trkpt lat="36.7556593" lon="128.0326427">
<ele>709.552</ele>
<time>2025-05-17T10:16:49Z</time>
<extensions>
<gpxtpx:TrackPointExtension>
<gpxtpx:hr>139</gpxtpx:hr>
</gpxtpx:TrackPointExtension>
</extensions>
</trkpt>
<trkpt lat="36.7556541" lon="128.0326384">
<ele>709.192</ele>
<time>2025-05-17T10:16:50Z</time>
<extensions>
<gpxtpx:TrackPointExtension>
<gpxtpx:hr>139</gpxtpx:hr>
</gpxtpx:TrackPointExtension>
</extensions>
</trkpt>
<trkpt lat="36.7556505" lon="128.0326347">
<ele>708.921</ele>
<time>2025-05-17T10:16:51Z</time>
<extensions>
<gpxtpx:TrackPointExtension>
<gpxtpx:hr>140</gpxtpx:hr>
</gpxtpx:TrackPointExtension>
</extensions>
</trkpt>
<trkpt lat="36.7556468" lon="128.0326318">
<ele>708.62</ele>
<time>2025-05-17T10:16:52Z</time>
<extensions>
<gpxtpx:TrackPointExtension>
<gpxtpx:hr>140</gpxtpx:hr>
</gpxtpx:TrackPointExtension>
</extensions>
</trkpt>
<trkpt lat="36.7556411" lon="128.0326277">
<ele>708.25</ele>
<time>2025-05-17T10:16:53Z</time>
<extensions>
<gpxtpx:TrackPointExtension>
<gpxtpx:hr>140</gpxtpx:hr>
</gpxtpx:TrackPointExtension>
</extensions>
</trkpt>
<trkpt lat="36.7556366" lon="128.0326196">
<ele>708.054</ele>
<time>2025-05-17T10:16:54Z</time>
<extensions>
<gpxtpx:TrackPointExtension>
<gpxtpx:hr>140</gpxtpx:hr>
</gpxtpx:TrackPointExtension>
</extensions>
</trkpt>
<trkpt lat="36.7556261" lon="128.0326112">
<ele>707.733</ele>
<time>2025-05-17T10:16:55Z</time>
<extensions>
<gpxtpx:TrackPointExtension>
<gpxtpx:hr>140</gpxtpx:hr>
</gpxtpx:TrackPointExtension>
</extensions>
</trkpt>
<trkpt lat="36.7556163" lon="128.0326017">
<ele>707.383</ele>
<time>2025-05-17T10:16:56Z</time>
<extensions>
<gpxtpx:TrackPointExtension>
<gpxtpx:hr>140</gpxtpx:hr>
</gpxtpx:TrackPointExtension>
</extensions>
</trkpt>
<trkpt lat="36.7556103" lon="128.0325934">
<ele>707.111</ele>
<time>2025-05-17T10:16:57Z</time>
<extensions>
<gpxtpx:TrackPointExtension>
<gpxtpx:hr>140</gpxtpx:hr>
</gpxtpx:TrackPointExtension>
</extensions>
</trkpt>
<trkpt lat="36.7556023" lon="128.0325862">
<ele>706.904</ele>
<time>2025-05-17T10:16:58Z</time>
<extensions>
<gpxtpx:TrackPointExtension>
<gpxtpx:hr>140</gpxtpx:hr>
</gpxtpx:TrackPointExtension>
</extensions>
</trkpt>
<trkpt lat="36.7555957" lon="128.0325804">
<ele>706.579</ele>
<time>2025-05-17T10:17:00Z</time>
<extensions>
<gpxtpx:TrackPointExtension>
<gpxtpx:hr>140</gpxtpx:hr>
</gpxtpx:TrackPointExtension>
</extensions>
</trkpt>
<trkpt lat="36.7555926" lon="128.0325738">
<ele>706.193</ele>
<time>2025-05-17T10:17:01Z</time>
<extensions>
<gpxtpx:TrackPointExtension>
<gpxtpx:hr>140</gpxtpx:hr>
</gpxtpx:TrackPointExtension>
</extensions>
</trkpt>
<trkpt lat="36.7555854" lon="128.0325672">
<ele>705.928</ele>
<time>2025-05-17T10:17:02Z</time>
<extensions>
<gpxtpx:TrackPointExtension>
<gpxtpx:hr>140</gpxtpx:hr>
</gpxtpx:TrackPointExtension>
</extensions>
</trkpt>
<trkpt lat="36.7555821" lon="128.0325585">
<ele>705.451</ele>
<time>2025-05-17T10:17:03Z</time>
<extensions>
<gpxtpx:TrackPointExtension>
<gpxtpx:hr>140</gpxtpx:hr>
</gpxtpx:TrackPointExtension>
</extensions>
</trkpt>
<trkpt lat="36.7555764" lon="128.0325523">
<ele>705.046</ele>
<time>2025-05-17T10:17:04Z</time>
<extensions>
<gpxtpx:TrackPointExtension>
<gpxtpx:hr>140</gpxtpx:hr>
</gpxtpx:TrackPointExtension>
</extensions>
</trkpt>
<trkpt lat="36.7555717" lon="128.0325465">
<ele>704.676</ele>
<time>2025-05-17T10:17:05Z</time>
<extensions>
<gpxtpx:TrackPointExtension>
<gpxtpx:hr>140</gpxtpx:hr>
</gpxtpx:TrackPointExtension>
</extensions>
</trkpt>
<trkpt lat="36.7555659" lon="128.0325412">
<ele>704.325</ele>
<time>2025-05-17T10:17:06Z</time>
<extensions>
<gpxtpx:TrackPointExtension>
<gpxtpx:hr>140</gpxtpx:hr>
</gpxtpx:TrackPointExtension>
</extensions>
</trkpt>
<trkpt lat="36.7555575" lon="128.0325356">
<ele>704.034</ele>
<time>2025-05-17T10:17:07Z</time>
<extensions>
<gpxtpx:TrackPointExtension>
<gpxtpx:hr>140</gpxtpx:hr>
</gpxtpx:TrackPointExtension>
</extensions>
</trkpt>
<trkpt lat="36.7555488" lon="128.0325316">
<ele>703.826</ele>
<time>2025-05-17T10:17:08Z</time>
<extensions>
<gpxtpx:TrackPointExtension>
<gpxtpx:hr>140</gpxtpx:hr>
</gpxtpx:TrackPointExtension>
</extensions>
</trkpt>
<trkpt lat="36.7555423" lon="128.0325291">
<ele>703.653</ele>
<time>2025-05-17T10:17:09Z</time>
<extensions>
<gpxtpx:TrackPointExtension>
<gpxtpx:hr>140</gpxtpx:hr>
</gpxtpx:TrackPointExtension>
</extensions>
</trkpt>
<trkpt lat="36.7555363" lon="128.0325221">
<ele>703.5</ele>
<time>2025-05-17T10:17:10Z</time>
<extensions>
<gpxtpx:TrackPointExtension>
<gpxtpx:hr>140</gpxtpx:hr>
</gpxtpx:TrackPointExtension>
</extensions>
</trkpt>
<trkpt lat="36.7555312" lon="128.032516">
<ele>703.289</ele>
<time>2025-05-17T10:17:11Z</time>
<extensions>
<gpxtpx:TrackPointExtension>
<gpxtpx:hr>140</gpxtpx:hr>
</gpxtpx:TrackPointExtension>
</extensions>
</trkpt>
<trkpt lat="36.7555289" lon="128.0325123">
<ele>703.013</ele>
<time>2025-05-17T10:17:12Z</time>
<extensions>
<gpxtpx:TrackPointExtension>
<gpxtpx:hr>140</gpxtpx:hr>
</gpxtpx:TrackPointExtension>
</extensions>
</trkpt>
<trkpt lat="36.7555235" lon="128.0325078">
<ele>702.581</ele>
<time>2025-05-17T10:17:13Z</time>
<extensions>
<gpxtpx:TrackPointExtension>
<gpxtpx:hr>140</gpxtpx:hr>
</gpxtpx:TrackPointExtension>
</extensions>
</trkpt>
<trkpt lat="36.7555196" lon="128.0325029">
<ele>702.249</ele>
<time>2025-05-17T10:17:14Z</time>
<extensions>
<gpxtpx:TrackPointExtension>
<gpxtpx:hr>140</gpxtpx:hr>
</gpxtpx:TrackPointExtension>
</extensions>
</trkpt>
<trkpt lat="36.7555154" lon="128.0324986">
<ele>701.951</ele>
<time>2025-05-17T10:17:15Z</time>
<extensions>
<gpxtpx:TrackPointExtension>
<gpxtpx:hr>140</gpxtpx:hr>
</gpxtpx:TrackPointExtension>
</extensions>
</trkpt>
<trkpt lat="36.7555107" lon="128.0324918">
<ele>701.645</ele>
<time>2025-05-17T10:17:16Z</time>
<extensions>
<gpxtpx:TrackPointExtension>
<gpxtpx:hr>140</gpxtpx:hr>
</gpxtpx:TrackPointExtension>
</extensions>
</trkpt>
<trkpt lat="36.7555034" lon="128.0324863">
<ele>701.459</ele>
<time>2025-05-17T10:17:17Z</time>
<extensions>
<gpxtpx:TrackPointExtension>
<gpxtpx:hr>139</gpxtpx:hr>
</gpxtpx:TrackPointExtension>
</extensions>
</trkpt>
<trkpt lat="36.7554989" lon="128.0324803">
<ele>701.159</ele>
<time>2025-05-17T10:17:18Z</time>
<extensions>
<gpxtpx:TrackPointExtension>
<gpxtpx:hr>139</gpxtpx:hr>
</gpxtpx:TrackPointExtension>
</extensions>
</trkpt>
<trkpt lat="36.7554957" lon="128.0324737">
<ele>700.813</ele>
<time>2025-05-17T10:17:19Z</time>
<extensions>
<gpxtpx:TrackPointExtension>
<gpxtpx:hr>139</gpxtpx:hr>
</gpxtpx:TrackPointExtension>
</extensions>
</trkpt>
<trkpt lat="36.7554921" lon="128.0324667">
<ele>700.625</ele>
<time>2025-05-17T10:17:20Z</time>
<extensions>
<gpxtpx:TrackPointExtension>
<gpxtpx:hr>139</gpxtpx:hr>
</gpxtpx:TrackPointExtension>
</extensions>
</trkpt>
<trkpt lat="36.7554927" lon="128.0324614">
<ele>700.527</ele>
<time>2025-05-17T10:17:21Z</time>
<extensions>
<gpxtpx:TrackPointExtension>
<gpxtpx:hr>139</gpxtpx:hr>
</gpxtpx:TrackPointExtension>
</extensions>
</trkpt>
<trkpt lat="36.7554909" lon="128.0324575">
<ele>700.37</ele>
<time>2025-05-17T10:17:22Z</time>
<extensions>
<gpxtpx:TrackPointExtension>
<gpxtpx:hr>139</gpxtpx:hr>
</gpxtpx:TrackPointExtension>
</extensions>
</trkpt>
<trkpt lat="36.75549" lon="128.0324555">
<ele>700.164</ele>
<time>2025-05-17T10:17:23Z</time>
<extensions>
<gpxtpx:TrackPointExtension>
<gpxtpx:hr>139</gpxtpx:hr>
</gpxtpx:TrackPointExtension>
</extensions>
</trkpt>
<trkpt lat="36.7554894" lon="128.032456">
<ele>699.922</ele>
<time>2025-05-17T10:17:24Z</time>
<extensions>
<gpxtpx:TrackPointExtension>
<gpxtpx:hr>139</gpxtpx:hr>
</gpxtpx:TrackPointExtension>
</extensions>
</trkpt>
<trkpt lat="36.7554845" lon="128.0324532">
<ele>699.66</ele>
<time>2025-05-17T10:17:25Z</time>
<extensions>
<gpxtpx:TrackPointExtension>
<gpxtpx:hr>140</gpxtpx:hr>
</gpxtpx:TrackPointExtension>
</extensions>
</trkpt>
<trkpt lat="36.7554759" lon="128.0324523">
<ele>699.34</ele>
<time>2025-05-17T10:17:26Z</time>
<extensions>
<gpxtpx:TrackPointExtension>
<gpxtpx:hr>140</gpxtpx:hr>
</gpxtpx:TrackPointExtension>
</extensions>
</trkpt>
<trkpt lat="36.7554688" lon="128.0324485">
<ele>699.091</ele>
<time>2025-05-17T10:17:27Z</time>
<extensions>
<gpxtpx:TrackPointExtension>
<gpxtpx:hr>139</gpxtpx:hr>
</gpxtpx:TrackPointExtension>
</extensions>
</trkpt>
<trkpt lat="36.7554651" lon="128.0324509">
<ele>698.835</ele>
<time>2025-05-17T10:17:28Z</time>
<extensions>
<gpxtpx:TrackPointExtension>
<gpxtpx:hr>140</gpxtpx:hr>
</gpxtpx:TrackPointExtension>
</extensions>
</trkpt>
<trkpt lat="36.7554632" lon="128.0324542">
<ele>698.71</ele>
<time>2025-05-17T10:17:29Z</time>
<extensions>
<gpxtpx:TrackPointExtension>
<gpxtpx:hr>140</gpxtpx:hr>
</gpxtpx:TrackPointExtension>
</extensions>
</trkpt>
<trkpt lat="36.7554596" lon="128.0324584">
<ele>698.485</ele>
<time>2025-05-17T10:17:30Z</time>
<extensions>
<gpxtpx:TrackPointExtension>
<gpxtpx:hr>140</gpxtpx:hr>
</gpxtpx:TrackPointExtension>
</extensions>
</trkpt>
<trkpt lat="36.7554577" lon="128.0324617">
<ele>698.2</ele>
<time>2025-05-17T10:17:31Z</time>
<extensions>
<gpxtpx:TrackPointExtension>
<gpxtpx:hr>140</gpxtpx:hr>
</gpxtpx:TrackPointExtension>
</extensions>
</trkpt>
<trkpt lat="36.7554554" lon="128.0324662">
<ele>697.999</ele>
<time>2025-05-17T10:17:32Z</time>
<extensions>
<gpxtpx:TrackPointExtension>
<gpxtpx:hr>140</gpxtpx:hr>
</gpxtpx:TrackPointExtension>
</extensions>
</trkpt>
<trkpt lat="36.7554498" lon="128.0324702">
<ele>697.725</ele>
<time>2025-05-17T10:17:33Z</time>
<extensions>
<gpxtpx:TrackPointExtension>
<gpxtpx:hr>140</gpxtpx:hr>
</gpxtpx:TrackPointExtension>
</extensions>
</trkpt>
<trkpt lat="36.7554498" lon="128.0324714">
<ele>697.409</ele>
<time>2025-05-17T10:17:34Z</time>
<extensions>
<gpxtpx:TrackPointExtension>
<gpxtpx:hr>140</gpxtpx:hr>
</gpxtpx:TrackPointExtension>
</extensions>
</trkpt>
<trkpt lat="36.7554479" lon="128.0324733">
<ele>697.2</ele>
<time>2025-05-17T10:17:35Z</time>
<extensions>
<gpxtpx:TrackPointExtension>
<gpxtpx:hr>140</gpxtpx:hr>
</gpxtpx:TrackPointExtension>
</extensions>
</trkpt>
<trkpt lat="36.7554474" lon="128.0324748">
<ele>696.946</ele>
<time>2025-05-17T10:17:36Z</time>
<extensions>
<gpxtpx:TrackPointExtension>
<gpxtpx:hr>141</gpxtpx:hr>
</gpxtpx:TrackPointExtension>
</extensions>
</trkpt>
<trkpt lat="36.7554449" lon="128.0324743">
<ele>696.73</ele>
<time>2025-05-17T10:17:37Z</time>
<extensions>
<gpxtpx:TrackPointExtension>
<gpxtpx:hr>140</gpxtpx:hr>
</gpxtpx:TrackPointExtension>
</extensions>
</trkpt>
<trkpt lat="36.755442" lon="128.0324743">
<ele>696.575</ele>
<time>2025-05-17T10:17:38Z</time>
<extensions>
<gpxtpx:TrackPointExtension>
<gpxtpx:hr>140</gpxtpx:hr>
</gpxtpx:TrackPointExtension>
</extensions>
</trkpt>
<trkpt lat="36.7554389" lon="128.0324724">
<ele>696.214</ele>
<time>2025-05-17T10:17:39Z</time>
<extensions>
<gpxtpx:TrackPointExtension>
<gpxtpx:hr>140</gpxtpx:hr>
</gpxtpx:TrackPointExtension>
</extensions>
</trkpt>
<trkpt lat="36.7554331" lon="128.0324688">
<ele>695.929</ele>
<time>2025-05-17T10:17:40Z</time>
<extensions>
<gpxtpx:TrackPointExtension>
<gpxtpx:hr>140</gpxtpx:hr>
</gpxtpx:TrackPointExtension>
</extensions>
</trkpt>
<trkpt lat="36.7554261" lon="128.0324621">
<ele>695.626</ele>
<time>2025-05-17T10:17:41Z</time>
<extensions>
<gpxtpx:TrackPointExtension>
<gpxtpx:hr>140</gpxtpx:hr>
</gpxtpx:TrackPointExtension>
</extensions>
</trkpt>
<trkpt lat="36.75542" lon="128.0324584">
<ele>695.36</ele>
<time>2025-05-17T10:17:42Z</time>
<extensions>
<gpxtpx:TrackPointExtension>
<gpxtpx:hr>140</gpxtpx:hr>
</gpxtpx:TrackPointExtension>
</extensions>
</trkpt>
<trkpt lat="36.7554109" lon="128.0324552">
<ele>695.06</ele>
<time>2025-05-17T10:17:43Z</time>
<extensions>
<gpxtpx:TrackPointExtension>
<gpxtpx:hr>141</gpxtpx:hr>
</gpxtpx:TrackPointExtension>
</extensions>
</trkpt>
<trkpt lat="36.7554054" lon="128.0324556">
<ele>694.792</ele>
<time>2025-05-17T10:17:44Z</time>
<extensions>
<gpxtpx:TrackPointExtension>
<gpxtpx:hr>141</gpxtpx:hr>
</gpxtpx:TrackPointExtension>
</extensions>
</trkpt>
<trkpt lat="36.755397" lon="128.032453">
<ele>694.569</ele>
<time>2025-05-17T10:17:45Z</time>
<extensions>
<gpxtpx:TrackPointExtension>
<gpxtpx:hr>141</gpxtpx:hr>
</gpxtpx:TrackPointExtension>
</extensions>
</trkpt>
<trkpt lat="36.7553926" lon="128.0324479">
<ele>694.217</ele>
<time>2025-05-17T10:17:46Z</time>
<extensions>
<gpxtpx:TrackPointExtension>
<gpxtpx:hr>142</gpxtpx:hr>
</gpxtpx:TrackPointExtension>
</extensions>
</trkpt>
<trkpt lat="36.7553914" lon="128.0324445">
<ele>693.918</ele>
<time>2025-05-17T10:17:47Z</time>
<extensions>
<gpxtpx:TrackPointExtension>
<gpxtpx:hr>143</gpxtpx:hr>
</gpxtpx:TrackPointExtension>
</extensions>
</trkpt>
<trkpt lat="36.7553864" lon="128.0324401">
<ele>693.738</ele>
<time>2025-05-17T10:17:48Z</time>
<extensions>
<gpxtpx:TrackPointExtension>
<gpxtpx:hr>143</gpxtpx:hr>
</gpxtpx:TrackPointExtension>
</extensions>
</trkpt>
<trkpt lat="36.7553834" lon="128.0324349">
<ele>693.535</ele>
<time>2025-05-17T10:17:49Z</time>
<extensions>
<gpxtpx:TrackPointExtension>
<gpxtpx:hr>144</gpxtpx:hr>
</gpxtpx:TrackPointExtension>
</extensions>
</trkpt>
<trkpt lat="36.7553811" lon="128.0324314">
<ele>693.278</ele>
<time>2025-05-17T10:17:50Z</time>
<extensions>
<gpxtpx:TrackPointExtension>
<gpxtpx:hr>144</gpxtpx:hr>
</gpxtpx:TrackPointExtension>
</extensions>
</trkpt>
<trkpt lat="36.7553793" lon="128.0324297">
<ele>692.999</ele>
<time>2025-05-17T10:17:51Z</time>
<extensions>
<gpxtpx:TrackPointExtension>
<gpxtpx:hr>145</gpxtpx:hr>
</gpxtpx:TrackPointExtension>
</extensions>
</trkpt>
<trkpt lat="36.7553763" lon="128.0324298">
<ele>692.802</ele>
<time>2025-05-17T10:17:52Z</time>
<extensions>
<gpxtpx:TrackPointExtension>
<gpxtpx:hr>145</gpxtpx:hr>
</gpxtpx:TrackPointExtension>
</extensions>
</trkpt>
<trkpt lat="36.7553723" lon="128.0324317">
<ele>692.617</ele>
<time>2025-05-17T10:17:53Z</time>
<extensions>
<gpxtpx:TrackPointExtension>
<gpxtpx:hr>146</gpxtpx:hr>
</gpxtpx:TrackPointExtension>
</extensions>
</trkpt>
<trkpt lat="36.7553682" lon="128.0324354">
<ele>692.372</ele>
<time>2025-05-17T10:17:54Z</time>
<extensions>
<gpxtpx:TrackPointExtension>
<gpxtpx:hr>145</gpxtpx:hr>
</gpxtpx:TrackPointExtension>
</extensions>
</trkpt>
<trkpt lat="36.7553665" lon="128.0324384">
<ele>692.168</ele>
<time>2025-05-17T10:17:55Z</time>
<extensions>
<gpxtpx:TrackPointExtension>
<gpxtpx:hr>146</gpxtpx:hr>
</gpxtpx:TrackPointExtension>
</extensions>
</trkpt>
<trkpt lat="36.7553663" lon="128.0324421">
<ele>691.941</ele>
<time>2025-05-17T10:17:56Z</time>
<extensions>
<gpxtpx:TrackPointExtension>
<gpxtpx:hr>146</gpxtpx:hr>
</gpxtpx:TrackPointExtension>
</extensions>
</trkpt>
<trkpt lat="36.7553652" lon="128.0324424">
<ele>691.745</ele>
<time>2025-05-17T10:17:57Z</time>
<extensions>
<gpxtpx:TrackPointExtension>
<gpxtpx:hr>146</gpxtpx:hr>
</gpxtpx:TrackPointExtension>
</extensions>
</trkpt>
<trkpt lat="36.7553654" lon="128.0324454">
<ele>691.531</ele>
<time>2025-05-17T10:17:58Z</time>
<extensions>
<gpxtpx:TrackPointExtension>
<gpxtpx:hr>146</gpxtpx:hr>
</gpxtpx:TrackPointExtension>
</extensions>
</trkpt>
<trkpt lat="36.7553645" lon="128.0324448">
<ele>691.45</ele>
<time>2025-05-17T10:17:59Z</time>
<extensions>
<gpxtpx:TrackPointExtension>
<gpxtpx:hr>146</gpxtpx:hr>
</gpxtpx:TrackPointExtension>
</extensions>
</trkpt>
<trkpt lat="36.755364" lon="128.0324411">
<ele>691.221</ele>
<time>2025-05-17T10:18:01Z</time>
<extensions>
<gpxtpx:TrackPointExtension>
<gpxtpx:hr>147</gpxtpx:hr>
</gpxtpx:TrackPointExtension>
</extensions>
</trkpt>
<trkpt lat="36.7553608" lon="128.0324422">
<ele>690.881</ele>
<time>2025-05-17T10:18:02Z</time>
<extensions>
<gpxtpx:TrackPointExtension>
<gpxtpx:hr>147</gpxtpx:hr>
</gpxtpx:TrackPointExtension>
</extensions>
</trkpt>
<trkpt lat="36.7553556" lon="128.032441">
<ele>690.575</ele>
<time>2025-05-17T10:18:03Z</time>
</trkpt>
<trkpt lat="36.7553514" lon="128.0324359">
<ele>690.484</ele>
<time>2025-05-17T10:18:04Z</time>
</trkpt>
<trkpt lat="36.7553501" lon="128.0324365">
<ele>690.006</ele>
<time>2025-05-17T10:18:06Z</time>
<extensions>
<gpxtpx:TrackPointExtension>
<gpxtpx:hr>146</gpxtpx:hr>
</gpxtpx:TrackPointExtension>
</extensions>
</trkpt>
<trkpt lat="36.7553488" lon="128.0324362">
<ele>689.868</ele>
<time>2025-05-17T10:18:07Z</time>
<extensions>
<gpxtpx:TrackPointExtension>
<gpxtpx:hr>145</gpxtpx:hr>
</gpxtpx:TrackPointExtension>
</extensions>
</trkpt>
<trkpt lat="36.7553483" lon="128.0324368">
<ele>689.779</ele>
<time>2025-05-17T10:18:08Z</time>
<extensions>
<gpxtpx:TrackPointExtension>
<gpxtpx:hr>145</gpxtpx:hr>
</gpxtpx:TrackPointExtension>
</extensions>
</trkpt>
<trkpt lat="36.755349" lon="128.0324389">
<ele>689.667</ele>
<time>2025-05-17T10:18:09Z</time>
<extensions>
<gpxtpx:TrackPointExtension>
<gpxtpx:hr>144</gpxtpx:hr>
</gpxtpx:TrackPointExtension>
</extensions>
</trkpt>
<trkpt lat="36.7553481" lon="128.032441">
<ele>689.515</ele>
<time>2025-05-17T10:18:10Z</time>
<extensions>
<gpxtpx:TrackPointExtension>
<gpxtpx:hr>144</gpxtpx:hr>
</gpxtpx:TrackPointExtension>
</extensions>
</trkpt>
<trkpt lat="36.7553462" lon="128.0324412">
<ele>689.294</ele>
<time>2025-05-17T10:18:11Z</time>
<extensions>
<gpxtpx:TrackPointExtension>
<gpxtpx:hr>144</gpxtpx:hr>
</gpxtpx:TrackPointExtension>
</extensions>
</trkpt>
<trkpt lat="36.7553471" lon="128.0324425">
<ele>689.208</ele>
<time>2025-05-17T10:18:12Z</time>
<extensions>
<gpxtpx:TrackPointExtension>
<gpxtpx:hr>144</gpxtpx:hr>
</gpxtpx:TrackPointExtension>
</extensions>
</trkpt>
<trkpt lat="36.7553453" lon="128.0324424">
<ele>688.736</ele>
<time>2025-05-17T10:18:13Z</time>
<extensions>
<gpxtpx:TrackPointExtension>
<gpxtpx:hr>144</gpxtpx:hr>
</gpxtpx:TrackPointExtension>
</extensions>
</trkpt>
<trkpt lat="36.7553443" lon="128.0324422">
<ele>688.463</ele>
<time>2025-05-17T10:18:14Z</time>
<extensions>
<gpxtpx:TrackPointExtension>
<gpxtpx:hr>144</gpxtpx:hr>
</gpxtpx:TrackPointExtension>
</extensions>
</trkpt>
<trkpt lat="36.7553429" lon="128.0324413">
<ele>688.165</ele>
<time>2025-05-17T10:18:15Z</time>
<extensions>
<gpxtpx:TrackPointExtension>
<gpxtpx:hr>144</gpxtpx:hr>
</gpxtpx:TrackPointExtension>
</extensions>
</trkpt>
<trkpt lat="36.7553432" lon="128.0324397">
<ele>688.103</ele>
<time>2025-05-17T10:18:16Z</time>
<extensions>
<gpxtpx:TrackPointExtension>
<gpxtpx:hr>144</gpxtpx:hr>
</gpxtpx:TrackPointExtension>
</extensions>
</trkpt>
<trkpt lat="36.7553423" lon="128.0324396">
<ele>687.979</ele>
<time>2025-05-17T10:18:17Z</time>
<extensions>
<gpxtpx:TrackPointExtension>
<gpxtpx:hr>144</gpxtpx:hr>
</gpxtpx:TrackPointExtension>
</extensions>
</trkpt>
<trkpt lat="36.7553392" lon="128.0324398">
<ele>687.334</ele>
<time>2025-05-17T10:18:18Z</time>
<extensions>
<gpxtpx:TrackPointExtension>
<gpxtpx:hr>144</gpxtpx:hr>
</gpxtpx:TrackPointExtension>
</extensions>
</trkpt>
<trkpt lat="36.7553361" lon="128.0324359">
<ele>686.877</ele>
<time>2025-05-17T10:18:19Z</time>
<extensions>
<gpxtpx:TrackPointExtension>
<gpxtpx:hr>145</gpxtpx:hr>
</gpxtpx:TrackPointExtension>
</extensions>
</trkpt>
<trkpt lat="36.7553332" lon="128.0324306">
<ele>686.452</ele>
<time>2025-05-17T10:18:20Z</time>
<extensions>
<gpxtpx:TrackPointExtension>
<gpxtpx:hr>145</gpxtpx:hr>
</gpxtpx:TrackPointExtension>
</extensions>
</trkpt>
<trkpt lat="36.7553334" lon="128.0324339">
<ele>686.07</ele>
<time>2025-05-17T10:18:21Z</time>
<extensions>
<gpxtpx:TrackPointExtension>
<gpxtpx:hr>145</gpxtpx:hr>
</gpxtpx:TrackPointExtension>
</extensions>
</trkpt>
<trkpt lat="36.7553307" lon="128.0324307">
<ele>685.721</ele>
<time>2025-05-17T10:18:22Z</time>
<extensions>
<gpxtpx:TrackPointExtension>
<gpxtpx:hr>145</gpxtpx:hr>
</gpxtpx:TrackPointExtension>
</extensions>
</trkpt>
<trkpt lat="36.7553286" lon="128.0324279">
<ele>685.466</ele>
<time>2025-05-17T10:18:23Z</time>
<extensions>
<gpxtpx:TrackPointExtension>
<gpxtpx:hr>145</gpxtpx:hr>
</gpxtpx:TrackPointExtension>
</extensions>
</trkpt>
<trkpt lat="36.755324" lon="128.0324216">
<ele>685.178</ele>
<time>2025-05-17T10:18:24Z</time>
<extensions>
<gpxtpx:TrackPointExtension>
<gpxtpx:hr>146</gpxtpx:hr>
</gpxtpx:TrackPointExtension>
</extensions>
</trkpt>
<trkpt lat="36.7553186" lon="128.0324138">
<ele>684.87</ele>
<time>2025-05-17T10:18:25Z</time>
<extensions>
<gpxtpx:TrackPointExtension>
<gpxtpx:hr>147</gpxtpx:hr>
</gpxtpx:TrackPointExtension>
</extensions>
</trkpt>
<trkpt lat="36.755314" lon="128.0324054">
<ele>684.513</ele>
<time>2025-05-17T10:18:26Z</time>
<extensions>
<gpxtpx:TrackPointExtension>
<gpxtpx:hr>147</gpxtpx:hr>
</gpxtpx:TrackPointExtension>
</extensions>
</trkpt>
<trkpt lat="36.7553087" lon="128.0323971">
<ele>684.08</ele>
<time>2025-05-17T10:18:27Z</time>
<extensions>
<gpxtpx:TrackPointExtension>
<gpxtpx:hr>148</gpxtpx:hr>
</gpxtpx:TrackPointExtension>
</extensions>
</trkpt>
<trkpt lat="36.7553033" lon="128.0323901">
<ele>683.804</ele>
<time>2025-05-17T10:18:28Z</time>
<extensions>
<gpxtpx:TrackPointExtension>
<gpxtpx:hr>148</gpxtpx:hr>
</gpxtpx:TrackPointExtension>
</extensions>
</trkpt>
<trkpt lat="36.7552977" lon="128.0323819">
<ele>683.598</ele>
<time>2025-05-17T10:18:29Z</time>
<extensions>
<gpxtpx:TrackPointExtension>
<gpxtpx:hr>148</gpxtpx:hr>
</gpxtpx:TrackPointExtension>
</extensions>
</trkpt>
<trkpt lat="36.7552945" lon="128.0323745">
<ele>683.742</ele>
<time>2025-05-17T10:18:30Z</time>
<extensions>
<gpxtpx:TrackPointExtension>
<gpxtpx:hr>148</gpxtpx:hr>
</gpxtpx:TrackPointExtension>
</extensions>
</trkpt>
<trkpt lat="36.7552947" lon="128.0323682">
<ele>683.81</ele>
<time>2025-05-17T10:18:31Z</time>
<extensions>
<gpxtpx:TrackPointExtension>
<gpxtpx:hr>148</gpxtpx:hr>
</gpxtpx:TrackPointExtension>
</extensions>
</trkpt>
<trkpt lat="36.7552905" lon="128.0323644">
<ele>683.787</ele>
<time>2025-05-17T10:18:32Z</time>
<extensions>
<gpxtpx:TrackPointExtension>
<gpxtpx:hr>148</gpxtpx:hr>
</gpxtpx:TrackPointExtension>
</extensions>
</trkpt>
<trkpt lat="36.7552888" lon="128.0323626">
<ele>683.44</ele>
<time>2025-05-17T10:18:33Z</time>
<extensions>
<gpxtpx:TrackPointExtension>
<gpxtpx:hr>148</gpxtpx:hr>
</gpxtpx:TrackPointExtension>
</extensions>
</trkpt>
<trkpt lat="36.755288" lon="128.0323604">
<ele>682.968</ele>
<time>2025-05-17T10:18:34Z</time>
<extensions>
<gpxtpx:TrackPointExtension>
<gpxtpx:hr>148</gpxtpx:hr>
</gpxtpx:TrackPointExtension>
</extensions>
</trkpt>
<trkpt lat="36.7552847" lon="128.0323554">
<ele>682.558</ele>
<time>2025-05-17T10:18:35Z</time>
<extensions>
<gpxtpx:TrackPointExtension>
<gpxtpx:hr>148</gpxtpx:hr>
</gpxtpx:TrackPointExtension>
</extensions>
</trkpt>
<trkpt lat="36.7552817" lon="128.0323498">
<ele>682.271</ele>
<time>2025-05-17T10:18:36Z</time>
<extensions>
<gpxtpx:TrackPointExtension>
<gpxtpx:hr>148</gpxtpx:hr>
</gpxtpx:TrackPointExtension>
</extensions>
</trkpt>
<trkpt lat="36.7552778" lon="128.0323449">
<ele>681.941</ele>
<time>2025-05-17T10:18:37Z</time>
<extensions>
<gpxtpx:TrackPointExtension>
<gpxtpx:hr>148</gpxtpx:hr>
</gpxtpx:TrackPointExtension>
</extensions>
</trkpt>
<trkpt lat="36.7552723" lon="128.0323378">
<ele>681.703</ele>
<time>2025-05-17T10:18:38Z</time>
<extensions>
<gpxtpx:TrackPointExtension>
<gpxtpx:hr>147</gpxtpx:hr>
</gpxtpx:TrackPointExtension>
</extensions>
</trkpt>
<trkpt lat="36.755271" lon="128.032333">
<ele>681.496</ele>
<time>2025-05-17T10:18:39Z</time>
<extensions>
<gpxtpx:TrackPointExtension>
<gpxtpx:hr>147</gpxtpx:hr>
</gpxtpx:TrackPointExtension>
</extensions>
</trkpt>
<trkpt lat="36.7552687" lon="128.0323299">
<ele>681.207</ele>
<time>2025-05-17T10:18:40Z</time>
<extensions>
<gpxtpx:TrackPointExtension>
<gpxtpx:hr>147</gpxtpx:hr>
</gpxtpx:TrackPointExtension>
</extensions>
</trkpt>
<trkpt lat="36.7552642" lon="128.0323278">
<ele>681.013</ele>
<time>2025-05-17T10:18:41Z</time>
<extensions>
<gpxtpx:TrackPointExtension>
<gpxtpx:hr>147</gpxtpx:hr>
</gpxtpx:TrackPointExtension>
</extensions>
</trkpt>
<trkpt lat="36.7552636" lon="128.0323275">
<ele>680.832</ele>
<time>2025-05-17T10:18:42Z</time>
<extensions>
<gpxtpx:TrackPointExtension>
<gpxtpx:hr>147</gpxtpx:hr>
</gpxtpx:TrackPointExtension>
</extensions>
</trkpt>
<trkpt lat="36.7552613" lon="128.0323271">
<ele>680.406</ele>
<time>2025-05-17T10:18:43Z</time>
<extensions>
<gpxtpx:TrackPointExtension>
<gpxtpx:hr>147</gpxtpx:hr>
</gpxtpx:TrackPointExtension>
</extensions>
</trkpt>
<trkpt lat="36.7552576" lon="128.0323268">
<ele>680.429</ele>
<time>2025-05-17T10:18:44Z</time>
<extensions>
<gpxtpx:TrackPointExtension>
<gpxtpx:hr>147</gpxtpx:hr>
</gpxtpx:TrackPointExtension>
</extensions>
</trkpt>
<trkpt lat="36.755257" lon="128.0323283">
<ele>680.031</ele>
<time>2025-05-17T10:18:45Z</time>
<extensions>
<gpxtpx:TrackPointExtension>
<gpxtpx:hr>147</gpxtpx:hr>
</gpxtpx:TrackPointExtension>
</extensions>
</trkpt>
<trkpt lat="36.7552544" lon="128.0323282">
<ele>679.492</ele>
<time>2025-05-17T10:18:46Z</time>
<extensions>
<gpxtpx:TrackPointExtension>
<gpxtpx:hr>147</gpxtpx:hr>
</gpxtpx:TrackPointExtension>
</extensions>
</trkpt>
<trkpt lat="36.7552519" lon="128.032331">
<ele>679.04</ele>
<time>2025-05-17T10:18:47Z</time>
<extensions>
<gpxtpx:TrackPointExtension>
<gpxtpx:hr>147</gpxtpx:hr>
</gpxtpx:TrackPointExtension>
</extensions>
</trkpt>
<trkpt lat="36.7552471" lon="128.0323323">
<ele>678.742</ele>
<time>2025-05-17T10:18:48Z</time>
<extensions>
<gpxtpx:TrackPointExtension>
<gpxtpx:hr>147</gpxtpx:hr>
</gpxtpx:TrackPointExtension>
</extensions>
</trkpt>
<trkpt lat="36.7552405" lon="128.0323283">
<ele>677.976</ele>
<time>2025-05-17T10:18:51Z</time>
<extensions>
<gpxtpx:TrackPointExtension>
<gpxtpx:hr>147</gpxtpx:hr>
</gpxtpx:TrackPointExtension>
</extensions>
</trkpt>
<trkpt lat="36.7552385" lon="128.0323263">
<ele>677.756</ele>
<time>2025-05-17T10:18:52Z</time>
<extensions>
<gpxtpx:TrackPointExtension>
<gpxtpx:hr>147</gpxtpx:hr>
</gpxtpx:TrackPointExtension>
</extensions>
</trkpt>
<trkpt lat="36.7552351" lon="128.032324">
<ele>677.476</ele>
<time>2025-05-17T10:18:53Z</time>
<extensions>
<gpxtpx:TrackPointExtension>
<gpxtpx:hr>147</gpxtpx:hr>
</gpxtpx:TrackPointExtension>
</extensions>
</trkpt>
<trkpt lat="36.7552325" lon="128.0323206">
<ele>677.072</ele>
<time>2025-05-17T10:18:54Z</time>
<extensions>
<gpxtpx:TrackPointExtension>
<gpxtpx:hr>147</gpxtpx:hr>
</gpxtpx:TrackPointExtension>
</extensions>
</trkpt>
<trkpt lat="36.755229" lon="128.0323163">
<ele>676.848</ele>
<time>2025-05-17T10:18:55Z</time>
<extensions>
<gpxtpx:TrackPointExtension>
<gpxtpx:hr>146</gpxtpx:hr>
</gpxtpx:TrackPointExtension>
</extensions>
</trkpt>
<trkpt lat="36.755223" lon="128.0323123">
<ele>676.686</ele>
<time>2025-05-17T10:18:56Z</time>
<extensions>
<gpxtpx:TrackPointExtension>
<gpxtpx:hr>146</gpxtpx:hr>
</gpxtpx:TrackPointExtension>
</extensions>
</trkpt>
<trkpt lat="36.7552182" lon="128.03231">
<ele>676.514</ele>
<time>2025-05-17T10:18:57Z</time>
<extensions>
<gpxtpx:TrackPointExtension>
<gpxtpx:hr>145</gpxtpx:hr>
</gpxtpx:TrackPointExtension>
</extensions>
</trkpt>
<trkpt lat="36.7552133" lon="128.032309">
<ele>676.315</ele>
<time>2025-05-17T10:18:58Z</time>
<extensions>
<gpxtpx:TrackPointExtension>
<gpxtpx:hr>145</gpxtpx:hr>
</gpxtpx:TrackPointExtension>
</extensions>
</trkpt>
<trkpt lat="36.7552095" lon="128.0323038">
<ele>676.05</ele>
<time>2025-05-17T10:18:59Z</time>
<extensions>
<gpxtpx:TrackPointExtension>
<gpxtpx:hr>145</gpxtpx:hr>
</gpxtpx:TrackPointExtension>
</extensions>
</trkpt>
<trkpt lat="36.7552017" lon="128.0322976">
<ele>675.856</ele>
<time>2025-05-17T10:19:00Z</time>
<extensions>
<gpxtpx:TrackPointExtension>
<gpxtpx:hr>145</gpxtpx:hr>
</gpxtpx:TrackPointExtension>
</extensions>
</trkpt>
<trkpt lat="36.7551939" lon="128.0323024">
<ele>675.687</ele>
<time>2025-05-17T10:19:01Z</time>
<extensions>
<gpxtpx:TrackPointExtension>
<gpxtpx:hr>145</gpxtpx:hr>
</gpxtpx:TrackPointExtension>
</extensions>
</trkpt>
<trkpt lat="36.7551875" lon="128.0323077">
<ele>675.583</ele>
<time>2025-05-17T10:19:02Z</time>
<extensions>
<gpxtpx:TrackPointExtension>
<gpxtpx:hr>145</gpxtpx:hr>
</gpxtpx:TrackPointExtension>
</extensions>
</trkpt>
<trkpt lat="36.7551822" lon="128.0323144">
<ele>675.347</ele>
<time>2025-05-17T10:19:03Z</time>
<extensions>
<gpxtpx:TrackPointExtension>
<gpxtpx:hr>145</gpxtpx:hr>
</gpxtpx:TrackPointExtension>
</extensions>
</trkpt>
<trkpt lat="36.7551762" lon="128.0323168">
<ele>675.071</ele>
<time>2025-05-17T10:19:04Z</time>
<extensions>
<gpxtpx:TrackPointExtension>
<gpxtpx:hr>145</gpxtpx:hr>
</gpxtpx:TrackPointExtension>
</extensions>
</trkpt>
<trkpt lat="36.7551719" lon="128.0323163">
<ele>674.8</ele>
<time>2025-05-17T10:19:05Z</time>
<extensions>
<gpxtpx:TrackPointExtension>
<gpxtpx:hr>145</gpxtpx:hr>
</gpxtpx:TrackPointExtension>
</extensions>
</trkpt>
<trkpt lat="36.7551635" lon="128.03231">
<ele>674.509</ele>
<time>2025-05-17T10:19:06Z</time>
<extensions>
<gpxtpx:TrackPointExtension>
<gpxtpx:hr>145</gpxtpx:hr>
</gpxtpx:TrackPointExtension>
</extensions>
</trkpt>
<trkpt lat="36.755155" lon="128.0323042">
<ele>674.206</ele>
<time>2025-05-17T10:19:07Z</time>
<extensions>
<gpxtpx:TrackPointExtension>
<gpxtpx:hr>145</gpxtpx:hr>
</gpxtpx:TrackPointExtension>
</extensions>
</trkpt>
<trkpt lat="36.7551499" lon="128.0322993">
<ele>673.979</ele>
<time>2025-05-17T10:19:08Z</time>
<extensions>
<gpxtpx:TrackPointExtension>
<gpxtpx:hr>145</gpxtpx:hr>
</gpxtpx:TrackPointExtension>
</extensions>
</trkpt>
<trkpt lat="36.7551457" lon="128.0322937">
<ele>673.587</ele>
<time>2025-05-17T10:19:09Z</time>
<extensions>
<gpxtpx:TrackPointExtension>
<gpxtpx:hr>145</gpxtpx:hr>
</gpxtpx:TrackPointExtension>
</extensions>
</trkpt>
<trkpt lat="36.7551417" lon="128.0322933">
<ele>673.236</ele>
<time>2025-05-17T10:19:10Z</time>
<extensions>
<gpxtpx:TrackPointExtension>
<gpxtpx:hr>145</gpxtpx:hr>
</gpxtpx:TrackPointExtension>
</extensions>
</trkpt>
<trkpt lat="36.7551354" lon="128.0322989">
<ele>672.928</ele>
<time>2025-05-17T10:19:11Z</time>
<extensions>
<gpxtpx:TrackPointExtension>
<gpxtpx:hr>144</gpxtpx:hr>
</gpxtpx:TrackPointExtension>
</extensions>
</trkpt>
<trkpt lat="36.7551317" lon="128.0322981">
<ele>672.679</ele>
<time>2025-05-17T10:19:12Z</time>
<extensions>
<gpxtpx:TrackPointExtension>
<gpxtpx:hr>145</gpxtpx:hr>
</gpxtpx:TrackPointExtension>
</extensions>
</trkpt>
<trkpt lat="36.7551277" lon="128.0322984">
<ele>672.433</ele>
<time>2025-05-17T10:19:13Z</time>
<extensions>
<gpxtpx:TrackPointExtension>
<gpxtpx:hr>144</gpxtpx:hr>
</gpxtpx:TrackPointExtension>
</extensions>
</trkpt>
<trkpt lat="36.7551244" lon="128.0322948">
<ele>672.125</ele>
<time>2025-05-17T10:19:14Z</time>
<extensions>
<gpxtpx:TrackPointExtension>
<gpxtpx:hr>144</gpxtpx:hr>
</gpxtpx:TrackPointExtension>
</extensions>
</trkpt>
<trkpt lat="36.7551202" lon="128.0322933">
<ele>671.852</ele>
<time>2025-05-17T10:19:15Z</time>
<extensions>
<gpxtpx:TrackPointExtension>
<gpxtpx:hr>145</gpxtpx:hr>
</gpxtpx:TrackPointExtension>
</extensions>
</trkpt>
<trkpt lat="36.7551179" lon="128.0322886">
<ele>671.503</ele>
<time>2025-05-17T10:19:16Z</time>
<extensions>
<gpxtpx:TrackPointExtension>
<gpxtpx:hr>145</gpxtpx:hr>
</gpxtpx:TrackPointExtension>
</extensions>
</trkpt>
<trkpt lat="36.7551143" lon="128.0322847">
<ele>671.166</ele>
<time>2025-05-17T10:19:17Z</time>
<extensions>
<gpxtpx:TrackPointExtension>
<gpxtpx:hr>145</gpxtpx:hr>
</gpxtpx:TrackPointExtension>
</extensions>
</trkpt>
<trkpt lat="36.7551091" lon="128.0322793">
<ele>670.857</ele>
<time>2025-05-17T10:19:18Z</time>
<extensions>
<gpxtpx:TrackPointExtension>
<gpxtpx:hr>146</gpxtpx:hr>
</gpxtpx:TrackPointExtension>
</extensions>
</trkpt>
<trkpt lat="36.755102" lon="128.0322732">
<ele>670.535</ele>
<time>2025-05-17T10:19:19Z</time>
<extensions>
<gpxtpx:TrackPointExtension>
<gpxtpx:hr>146</gpxtpx:hr>
</gpxtpx:TrackPointExtension>
</extensions>
</trkpt>
<trkpt lat="36.7550966" lon="128.0322703">
<ele>670.216</ele>
<time>2025-05-17T10:19:20Z</time>
<extensions>
<gpxtpx:TrackPointExtension>
<gpxtpx:hr>146</gpxtpx:hr>
</gpxtpx:TrackPointExtension>
</extensions>
</trkpt>
<trkpt lat="36.7550917" lon="128.032267">
<ele>669.897</ele>
<time>2025-05-17T10:19:21Z</time>
<extensions>
<gpxtpx:TrackPointExtension>
<gpxtpx:hr>146</gpxtpx:hr>
</gpxtpx:TrackPointExtension>
</extensions>
</trkpt>
<trkpt lat="36.7550894" lon="128.0322627">
<ele>669.531</ele>
<time>2025-05-17T10:19:22Z</time>
<extensions>
<gpxtpx:TrackPointExtension>
<gpxtpx:hr>146</gpxtpx:hr>
</gpxtpx:TrackPointExtension>
</extensions>
</trkpt>
<trkpt lat="36.7550833" lon="128.0322572">
<ele>669.273</ele>
<time>2025-05-17T10:19:23Z</time>
<extensions>
<gpxtpx:TrackPointExtension>
<gpxtpx:hr>146</gpxtpx:hr>
</gpxtpx:TrackPointExtension>
</extensions>
</trkpt>
<trkpt lat="36.755078" lon="128.0322529">
<ele>669.029</ele>
<time>2025-05-17T10:19:24Z</time>
<extensions>
<gpxtpx:TrackPointExtension>
<gpxtpx:hr>146</gpxtpx:hr>
</gpxtpx:TrackPointExtension>
</extensions>
</trkpt>
<trkpt lat="36.7550751" lon="128.0322558">
<ele>668.95</ele>
<time>2025-05-17T10:19:25Z</time>
<extensions>
<gpxtpx:TrackPointExtension>
<gpxtpx:hr>145</gpxtpx:hr>
</gpxtpx:TrackPointExtension>
</extensions>
</trkpt>
<trkpt lat="36.7550729" lon="128.0322602">
<ele>668.88</ele>
<time>2025-05-17T10:19:26Z</time>
<extensions>
<gpxtpx:TrackPointExtension>
<gpxtpx:hr>145</gpxtpx:hr>
</gpxtpx:TrackPointExtension>
</extensions>
</trkpt>
<trkpt lat="36.7550714" lon="128.0322618">
<ele>668.867</ele>
<time>2025-05-17T10:19:27Z</time>
<extensions>
<gpxtpx:TrackPointExtension>
<gpxtpx:hr>145</gpxtpx:hr>
</gpxtpx:TrackPointExtension>
</extensions>
</trkpt>
<trkpt lat="36.7550637" lon="128.0322651">
<ele>668.758</ele>
<time>2025-05-17T10:19:28Z</time>
<extensions>
<gpxtpx:TrackPointExtension>
<gpxtpx:hr>145</gpxtpx:hr>
</gpxtpx:TrackPointExtension>
</extensions>
</trkpt>
<trkpt lat="36.7550584" lon="128.0322701">
<ele>668.705</ele>
<time>2025-05-17T10:19:29Z</time>
<extensions>
<gpxtpx:TrackPointExtension>
<gpxtpx:hr>145</gpxtpx:hr>
</gpxtpx:TrackPointExtension>
</extensions>
</trkpt>
<trkpt lat="36.7550526" lon="128.0322761">
<ele>668.654</ele>
<time>2025-05-17T10:19:30Z</time>
<extensions>
<gpxtpx:TrackPointExtension>
<gpxtpx:hr>145</gpxtpx:hr>
</gpxtpx:TrackPointExtension>
</extensions>
</trkpt>
<trkpt lat="36.7550428" lon="128.0322763">
<ele>668.573</ele>
<time>2025-05-17T10:19:31Z</time>
<extensions>
<gpxtpx:TrackPointExtension>
<gpxtpx:hr>145</gpxtpx:hr>
</gpxtpx:TrackPointExtension>
</extensions>
</trkpt>
<trkpt lat="36.7550296" lon="128.0322776">
<ele>668.549</ele>
<time>2025-05-17T10:19:32Z</time>
<extensions>
<gpxtpx:TrackPointExtension>
<gpxtpx:hr>145</gpxtpx:hr>
</gpxtpx:TrackPointExtension>
</extensions>
</trkpt>
<trkpt lat="36.755019" lon="128.0322759">
<ele>668.65</ele>
<time>2025-05-17T10:19:33Z</time>
<extensions>
<gpxtpx:TrackPointExtension>
<gpxtpx:hr>145</gpxtpx:hr>
</gpxtpx:TrackPointExtension>
</extensions>
</trkpt>
<trkpt lat="36.7550088" lon="128.0322713">
<ele>668.543</ele>
<time>2025-05-17T10:19:34Z</time>
<extensions>
<gpxtpx:TrackPointExtension>
<gpxtpx:hr>145</gpxtpx:hr>
</gpxtpx:TrackPointExtension>
</extensions>
</trkpt>
<trkpt lat="36.755" lon="128.0322613">
<ele>668.572</ele>
<time>2025-05-17T10:19:35Z</time>
<extensions>
<gpxtpx:TrackPointExtension>
<gpxtpx:hr>144</gpxtpx:hr>
</gpxtpx:TrackPointExtension>
</extensions>
</trkpt>
<trkpt lat="36.7549924" lon="128.0322507">
<ele>668.577</ele>
<time>2025-05-17T10:19:36Z</time>
<extensions>
<gpxtpx:TrackPointExtension>
<gpxtpx:hr>144</gpxtpx:hr>
</gpxtpx:TrackPointExtension>
</extensions>
</trkpt>
<trkpt lat="36.7549816" lon="128.0322416">
<ele>668.697</ele>
<time>2025-05-17T10:19:37Z</time>
<extensions>
<gpxtpx:TrackPointExtension>
<gpxtpx:hr>144</gpxtpx:hr>
</gpxtpx:TrackPointExtension>
</extensions>
</trkpt>
<trkpt lat="36.754971" lon="128.0322344">
<ele>668.614</ele>
<time>2025-05-17T10:19:38Z</time>
<extensions>
<gpxtpx:TrackPointExtension>
<gpxtpx:hr>144</gpxtpx:hr>
</gpxtpx:TrackPointExtension>
</extensions>
</trkpt>
<trkpt lat="36.7549638" lon="128.032228">
<ele>668.726</ele>
<time>2025-05-17T10:19:39Z</time>
<extensions>
<gpxtpx:TrackPointExtension>
<gpxtpx:hr>144</gpxtpx:hr>
</gpxtpx:TrackPointExtension>
</extensions>
</trkpt>
<trkpt lat="36.7549554" lon="128.0322193">
<ele>668.693</ele>
<time>2025-05-17T10:19:40Z</time>
</trkpt>
<trkpt lat="36.7549481" lon="128.0322143">
<ele>668.553</ele>
<time>2025-05-17T10:19:41Z</time>
<extensions>
<gpxtpx:TrackPointExtension>
<gpxtpx:hr>144</gpxtpx:hr>
</gpxtpx:TrackPointExtension>
</extensions>
</trkpt>
<trkpt lat="36.7549439" lon="128.0322103">
<ele>668.349</ele>
<time>2025-05-17T10:19:42Z</time>
<extensions>
<gpxtpx:TrackPointExtension>
<gpxtpx:hr>144</gpxtpx:hr>
</gpxtpx:TrackPointExtension>
</extensions>
</trkpt>
<trkpt lat="36.7549392" lon="128.0322052">
<ele>668.152</ele>
<time>2025-05-17T10:19:43Z</time>
<extensions>
<gpxtpx:TrackPointExtension>
<gpxtpx:hr>144</gpxtpx:hr>
</gpxtpx:TrackPointExtension>
</extensions>
</trkpt>
<trkpt lat="36.7549359" lon="128.032204">
<ele>667.914</ele>
<time>2025-05-17T10:19:44Z</time>
<extensions>
<gpxtpx:TrackPointExtension>
<gpxtpx:hr>144</gpxtpx:hr>
</gpxtpx:TrackPointExtension>
</extensions>
</trkpt>
<trkpt lat="36.7549316" lon="128.0322008">
<ele>667.693</ele>
<time>2025-05-17T10:19:45Z</time>
<extensions>
<gpxtpx:TrackPointExtension>
<gpxtpx:hr>144</gpxtpx:hr>
</gpxtpx:TrackPointExtension>
</extensions>
</trkpt>
<trkpt lat="36.7549317" lon="128.0321981">
<ele>667.619</ele>
<time>2025-05-17T10:19:46Z</time>
<extensions>
<gpxtpx:TrackPointExtension>
<gpxtpx:hr>143</gpxtpx:hr>
</gpxtpx:TrackPointExtension>
</extensions>
</trkpt>
<trkpt lat="36.7549275" lon="128.0321936">
<ele>667.617</ele>
<time>2025-05-17T10:19:47Z</time>
<extensions>
<gpxtpx:TrackPointExtension>
<gpxtpx:hr>143</gpxtpx:hr>
</gpxtpx:TrackPointExtension>
</extensions>
</trkpt>
<trkpt lat="36.7549243" lon="128.0321894">
<ele>667.588</ele>
<time>2025-05-17T10:19:48Z</time>
<extensions>
<gpxtpx:TrackPointExtension>
<gpxtpx:hr>144</gpxtpx:hr>
</gpxtpx:TrackPointExtension>
</extensions>
</trkpt>
<trkpt lat="36.7549169" lon="128.032187">
<ele>667.675</ele>
<time>2025-05-17T10:19:49Z</time>
<extensions>
<gpxtpx:TrackPointExtension>
<gpxtpx:hr>144</gpxtpx:hr>
</gpxtpx:TrackPointExtension>
</extensions>
</trkpt>
<trkpt lat="36.7549081" lon="128.0321831">
<ele>667.861</ele>
<time>2025-05-17T10:19:50Z</time>
<extensions>
<gpxtpx:TrackPointExtension>
<gpxtpx:hr>144</gpxtpx:hr>
</gpxtpx:TrackPointExtension>
</extensions>
</trkpt>
<trkpt lat="36.7548983" lon="128.0321827">
<ele>667.992</ele>
<time>2025-05-17T10:19:51Z</time>
<extensions>
<gpxtpx:TrackPointExtension>
<gpxtpx:hr>144</gpxtpx:hr>
</gpxtpx:TrackPointExtension>
</extensions>
</trkpt>
<trkpt lat="36.7548874" lon="128.0321808">
<ele>668.042</ele>
<time>2025-05-17T10:19:52Z</time>
<extensions>
<gpxtpx:TrackPointExtension>
<gpxtpx:hr>143</gpxtpx:hr>
</gpxtpx:TrackPointExtension>
</extensions>
</trkpt>
<trkpt lat="36.7548766" lon="128.0321772">
<ele>668.024</ele>
<time>2025-05-17T10:19:53Z</time>
<extensions>
<gpxtpx:TrackPointExtension>
<gpxtpx:hr>143</gpxtpx:hr>
</gpxtpx:TrackPointExtension>
</extensions>
</trkpt>
<trkpt lat="36.7548674" lon="128.0321725">
<ele>667.958</ele>
<time>2025-05-17T10:19:54Z</time>
<extensions>
<gpxtpx:TrackPointExtension>
<gpxtpx:hr>143</gpxtpx:hr>
</gpxtpx:TrackPointExtension>
</extensions>
</trkpt>
<trkpt lat="36.7548545" lon="128.0321662">
<ele>667.918</ele>
<time>2025-05-17T10:19:55Z</time>
<extensions>
<gpxtpx:TrackPointExtension>
<gpxtpx:hr>143</gpxtpx:hr>
</gpxtpx:TrackPointExtension>
</extensions>
</trkpt>
<trkpt lat="36.7548436" lon="128.0321641">
<ele>668.054</ele>
<time>2025-05-17T10:19:56Z</time>
<extensions>
<gpxtpx:TrackPointExtension>
<gpxtpx:hr>143</gpxtpx:hr>
</gpxtpx:TrackPointExtension>
</extensions>
</trkpt>
<trkpt lat="36.754834" lon="128.0321602">
<ele>668.188</ele>
<time>2025-05-17T10:19:57Z</time>
<extensions>
<gpxtpx:TrackPointExtension>
<gpxtpx:hr>142</gpxtpx:hr>
</gpxtpx:TrackPointExtension>
</extensions>
</trkpt>
<trkpt lat="36.7548254" lon="128.0321564">
<ele>668.042</ele>
<time>2025-05-17T10:19:58Z</time>
<extensions>
<gpxtpx:TrackPointExtension>
<gpxtpx:hr>142</gpxtpx:hr>
</gpxtpx:TrackPointExtension>
</extensions>
</trkpt>
<trkpt lat="36.7548166" lon="128.0321521">
<ele>667.939</ele>
<time>2025-05-17T10:19:59Z</time>
<extensions>
<gpxtpx:TrackPointExtension>
<gpxtpx:hr>141</gpxtpx:hr>
</gpxtpx:TrackPointExtension>
</extensions>
</trkpt>
<trkpt lat="36.7548093" lon="128.0321512">
<ele>667.947</ele>
<time>2025-05-17T10:20:00Z</time>
<extensions>
<gpxtpx:TrackPointExtension>
<gpxtpx:hr>141</gpxtpx:hr>
</gpxtpx:TrackPointExtension>
</extensions>
</trkpt>
<trkpt lat="36.7548012" lon="128.0321507">
<ele>667.892</ele>
<time>2025-05-17T10:20:01Z</time>
<extensions>
<gpxtpx:TrackPointExtension>
<gpxtpx:hr>141</gpxtpx:hr>
</gpxtpx:TrackPointExtension>
</extensions>
</trkpt>
<trkpt lat="36.7547933" lon="128.0321505">
<ele>667.719</ele>
<time>2025-05-17T10:20:02Z</time>
<extensions>
<gpxtpx:TrackPointExtension>
<gpxtpx:hr>141</gpxtpx:hr>
</gpxtpx:TrackPointExtension>
</extensions>
</trkpt>
<trkpt lat="36.7547841" lon="128.0321493">
<ele>667.598</ele>
<time>2025-05-17T10:20:03Z</time>
<extensions>
<gpxtpx:TrackPointExtension>
<gpxtpx:hr>141</gpxtpx:hr>
</gpxtpx:TrackPointExtension>
</extensions>
</trkpt>
<trkpt lat="36.7547759" lon="128.0321495">
<ele>667.481</ele>
<time>2025-05-17T10:20:04Z</time>
<extensions>
<gpxtpx:TrackPointExtension>
<gpxtpx:hr>141</gpxtpx:hr>
</gpxtpx:TrackPointExtension>
</extensions>
</trkpt>
<trkpt lat="36.7547671" lon="128.03215">
<ele>667.547</ele>
<time>2025-05-17T10:20:05Z</time>
<extensions>
<gpxtpx:TrackPointExtension>
<gpxtpx:hr>141</gpxtpx:hr>
</gpxtpx:TrackPointExtension>
</extensions>
</trkpt>
<trkpt lat="36.7547534" lon="128.0321453">
<ele>667.606</ele>
<time>2025-05-17T10:20:06Z</time>
<extensions>
<gpxtpx:TrackPointExtension>
<gpxtpx:hr>141</gpxtpx:hr>
</gpxtpx:TrackPointExtension>
</extensions>
</trkpt>
<trkpt lat="36.7547428" lon="128.0321458">
<ele>667.433</ele>
<time>2025-05-17T10:20:07Z</time>
<extensions>
<gpxtpx:TrackPointExtension>
<gpxtpx:hr>141</gpxtpx:hr>
</gpxtpx:TrackPointExtension>
</extensions>
</trkpt>
<trkpt lat="36.7547294" lon="128.032142">
<ele>667.37</ele>
<time>2025-05-17T10:20:08Z</time>
<extensions>
<gpxtpx:TrackPointExtension>
<gpxtpx:hr>141</gpxtpx:hr>
</gpxtpx:TrackPointExtension>
</extensions>
</trkpt>
<trkpt lat="36.7547212" lon="128.0321416">
<ele>667.298</ele>
<time>2025-05-17T10:20:09Z</time>
<extensions>
<gpxtpx:TrackPointExtension>
<gpxtpx:hr>141</gpxtpx:hr>
</gpxtpx:TrackPointExtension>
</extensions>
</trkpt>
<trkpt lat="36.7547138" lon="128.0321439">
<ele>667.253</ele>
<time>2025-05-17T10:20:10Z</time>
<extensions>
<gpxtpx:TrackPointExtension>
<gpxtpx:hr>141</gpxtpx:hr>
</gpxtpx:TrackPointExtension>
</extensions>
</trkpt>
<trkpt lat="36.7547047" lon="128.032143">
<ele>667.239</ele>
<time>2025-05-17T10:20:11Z</time>
<extensions>
<gpxtpx:TrackPointExtension>
<gpxtpx:hr>141</gpxtpx:hr>
</gpxtpx:TrackPointExtension>
</extensions>
</trkpt>
<trkpt lat="36.7546959" lon="128.0321408">
<ele>667.232</ele>
<time>2025-05-17T10:20:12Z</time>
<extensions>
<gpxtpx:TrackPointExtension>
<gpxtpx:hr>141</gpxtpx:hr>
</gpxtpx:TrackPointExtension>
</extensions>
</trkpt>
<trkpt lat="36.7546866" lon="128.032138">
<ele>667.307</ele>
<time>2025-05-17T10:20:13Z</time>
<extensions>
<gpxtpx:TrackPointExtension>
<gpxtpx:hr>141</gpxtpx:hr>
</gpxtpx:TrackPointExtension>
</extensions>
</trkpt>
<trkpt lat="36.7546777" lon="128.0321371">
<ele>667.397</ele>
<time>2025-05-17T10:20:14Z</time>
<extensions>
<gpxtpx:TrackPointExtension>
<gpxtpx:hr>141</gpxtpx:hr>
</gpxtpx:TrackPointExtension>
</extensions>
</trkpt>
<trkpt lat="36.7546676" lon="128.0321335">
<ele>667.394</ele>
<time>2025-05-17T10:20:15Z</time>
<extensions>
<gpxtpx:TrackPointExtension>
<gpxtpx:hr>141</gpxtpx:hr>
</gpxtpx:TrackPointExtension>
</extensions>
</trkpt>
<trkpt lat="36.7546582" lon="128.0321328">
<ele>667.453</ele>
<time>2025-05-17T10:20:16Z</time>
<extensions>
<gpxtpx:TrackPointExtension>
<gpxtpx:hr>142</gpxtpx:hr>
</gpxtpx:TrackPointExtension>
</extensions>
</trkpt>
<trkpt lat="36.7546519" lon="128.0321315">
<ele>667.643</ele>
<time>2025-05-17T10:20:17Z</time>
<extensions>
<gpxtpx:TrackPointExtension>
<gpxtpx:hr>142</gpxtpx:hr>
</gpxtpx:TrackPointExtension>
</extensions>
</trkpt>
<trkpt lat="36.7546436" lon="128.0321303">
<ele>667.53</ele>
<time>2025-05-17T10:20:18Z</time>
<extensions>
<gpxtpx:TrackPointExtension>
<gpxtpx:hr>142</gpxtpx:hr>
</gpxtpx:TrackPointExtension>
</extensions>
</trkpt>
<trkpt lat="36.7546368" lon="128.0321293">
<ele>667.536</ele>
<time>2025-05-17T10:20:19Z</time>
<extensions>
<gpxtpx:TrackPointExtension>
<gpxtpx:hr>142</gpxtpx:hr>
</gpxtpx:TrackPointExtension>
</extensions>
</trkpt>
<trkpt lat="36.754634" lon="128.0321244">
<ele>667.446</ele>
<time>2025-05-17T10:20:20Z</time>
<extensions>
<gpxtpx:TrackPointExtension>
<gpxtpx:hr>142</gpxtpx:hr>
</gpxtpx:TrackPointExtension>
</extensions>
</trkpt>
<trkpt lat="36.7546325" lon="128.0321244">
<ele>667.441</ele>
<time>2025-05-17T10:20:21Z</time>
<extensions>
<gpxtpx:TrackPointExtension>
<gpxtpx:hr>142</gpxtpx:hr>
</gpxtpx:TrackPointExtension>
</extensions>
</trkpt>
<trkpt lat="36.754629" lon="128.0321243">
<ele>667.476</ele>
<time>2025-05-17T10:20:22Z</time>
<extensions>
<gpxtpx:TrackPointExtension>
<gpxtpx:hr>142</gpxtpx:hr>
</gpxtpx:TrackPointExtension>
</extensions>
</trkpt>
<trkpt lat="36.7546272" lon="128.0321214">
<ele>666.955</ele>
<time>2025-05-17T10:20:24Z</time>
<extensions>
<gpxtpx:TrackPointExtension>
<gpxtpx:hr>142</gpxtpx:hr>
</gpxtpx:TrackPointExtension>
</extensions>
</trkpt>
<trkpt lat="36.7546223" lon="128.0321186">
<ele>666.833</ele>
<time>2025-05-17T10:20:25Z</time>
<extensions>
<gpxtpx:TrackPointExtension>
<gpxtpx:hr>142</gpxtpx:hr>
</gpxtpx:TrackPointExtension>
</extensions>
</trkpt>
<trkpt lat="36.7546191" lon="128.032116">
<ele>666.608</ele>
<time>2025-05-17T10:20:26Z</time>
<extensions>
<gpxtpx:TrackPointExtension>
<gpxtpx:hr>142</gpxtpx:hr>
</gpxtpx:TrackPointExtension>
</extensions>
</trkpt>
<trkpt lat="36.7546147" lon="128.0321113">
<ele>666.297</ele>
<time>2025-05-17T10:20:27Z</time>
<extensions>
<gpxtpx:TrackPointExtension>
<gpxtpx:hr>142</gpxtpx:hr>
</gpxtpx:TrackPointExtension>
</extensions>
</trkpt>
<trkpt lat="36.7546106" lon="128.0321084">
<ele>666.079</ele>
<time>2025-05-17T10:20:28Z</time>
<extensions>
<gpxtpx:TrackPointExtension>
<gpxtpx:hr>143</gpxtpx:hr>
</gpxtpx:TrackPointExtension>
</extensions>
</trkpt>
<trkpt lat="36.7546089" lon="128.0321013">
<ele>665.862</ele>
<time>2025-05-17T10:20:29Z</time>
<extensions>
<gpxtpx:TrackPointExtension>
<gpxtpx:hr>143</gpxtpx:hr>
</gpxtpx:TrackPointExtension>
</extensions>
</trkpt>
<trkpt lat="36.7546074" lon="128.0320994">
<ele>665.681</ele>
<time>2025-05-17T10:20:30Z</time>
<extensions>
<gpxtpx:TrackPointExtension>
<gpxtpx:hr>143</gpxtpx:hr>
</gpxtpx:TrackPointExtension>
</extensions>
</trkpt>
<trkpt lat="36.7546047" lon="128.0320966">
<ele>665.527</ele>
<time>2025-05-17T10:20:31Z</time>
<extensions>
<gpxtpx:TrackPointExtension>
<gpxtpx:hr>142</gpxtpx:hr>
</gpxtpx:TrackPointExtension>
</extensions>
</trkpt>
<trkpt lat="36.7546022" lon="128.0320945">
<ele>665.484</ele>
<time>2025-05-17T10:20:32Z</time>
<extensions>
<gpxtpx:TrackPointExtension>
<gpxtpx:hr>142</gpxtpx:hr>
</gpxtpx:TrackPointExtension>
</extensions>
</trkpt>
<trkpt lat="36.7546001" lon="128.0320927">
<ele>665.484</ele>
<time>2025-05-17T10:20:33Z</time>
<extensions>
<gpxtpx:TrackPointExtension>
<gpxtpx:hr>142</gpxtpx:hr>
</gpxtpx:TrackPointExtension>
</extensions>
</trkpt>
<trkpt lat="36.754598" lon="128.0320932">
<ele>665.46</ele>
<time>2025-05-17T10:20:34Z</time>
<extensions>
<gpxtpx:TrackPointExtension>
<gpxtpx:hr>142</gpxtpx:hr>
</gpxtpx:TrackPointExtension>
</extensions>
</trkpt>
<trkpt lat="36.7545966" lon="128.0320949">
<ele>665.635</ele>
<time>2025-05-17T10:20:35Z</time>
<extensions>
<gpxtpx:TrackPointExtension>
<gpxtpx:hr>142</gpxtpx:hr>
</gpxtpx:TrackPointExtension>
</extensions>
</trkpt>
<trkpt lat="36.7545941" lon="128.0320958">
<ele>665.551</ele>
<time>2025-05-17T10:20:36Z</time>
<extensions>
<gpxtpx:TrackPointExtension>
<gpxtpx:hr>141</gpxtpx:hr>
</gpxtpx:TrackPointExtension>
</extensions>
</trkpt>
<trkpt lat="36.7545929" lon="128.0320947">
<ele>665.423</ele>
<time>2025-05-17T10:20:37Z</time>
<extensions>
<gpxtpx:TrackPointExtension>
<gpxtpx:hr>141</gpxtpx:hr>
</gpxtpx:TrackPointExtension>
</extensions>
</trkpt>
<trkpt lat="36.7545892" lon="128.0320897">
<ele>664.884</ele>
<time>2025-05-17T10:20:40Z</time>
<extensions>
<gpxtpx:TrackPointExtension>
<gpxtpx:hr>140</gpxtpx:hr>
</gpxtpx:TrackPointExtension>
</extensions>
</trkpt>
<trkpt lat="36.7545892" lon="128.0320904">
<ele>664.631</ele>
<time>2025-05-17T10:20:41Z</time>
<extensions>
<gpxtpx:TrackPointExtension>
<gpxtpx:hr>140</gpxtpx:hr>
</gpxtpx:TrackPointExtension>
</extensions>
</trkpt>
<trkpt lat="36.7545862" lon="128.0320873">
<ele>664.221</ele>
<time>2025-05-17T10:20:42Z</time>
<extensions>
<gpxtpx:TrackPointExtension>
<gpxtpx:hr>140</gpxtpx:hr>
</gpxtpx:TrackPointExtension>
</extensions>
</trkpt>
<trkpt lat="36.7545823" lon="128.0320839">
<ele>663.909</ele>
<time>2025-05-17T10:20:43Z</time>
<extensions>
<gpxtpx:TrackPointExtension>
<gpxtpx:hr>140</gpxtpx:hr>
</gpxtpx:TrackPointExtension>
</extensions>
</trkpt>
<trkpt lat="36.754577" lon="128.0320845">
<ele>663.616</ele>
<time>2025-05-17T10:20:44Z</time>
<extensions>
<gpxtpx:TrackPointExtension>
<gpxtpx:hr>139</gpxtpx:hr>
</gpxtpx:TrackPointExtension>
</extensions>
</trkpt>
<trkpt lat="36.7545737" lon="128.0320853">
<ele>663.246</ele>
<time>2025-05-17T10:20:45Z</time>
<extensions>
<gpxtpx:TrackPointExtension>
<gpxtpx:hr>139</gpxtpx:hr>
</gpxtpx:TrackPointExtension>
</extensions>
</trkpt>
<trkpt lat="36.7545688" lon="128.0320889">
<ele>662.881</ele>
<time>2025-05-17T10:20:46Z</time>
<extensions>
<gpxtpx:TrackPointExtension>
<gpxtpx:hr>139</gpxtpx:hr>
</gpxtpx:TrackPointExtension>
</extensions>
</trkpt>
<trkpt lat="36.7545621" lon="128.0320908">
<ele>662.616</ele>
<time>2025-05-17T10:20:47Z</time>
<extensions>
<gpxtpx:TrackPointExtension>
<gpxtpx:hr>139</gpxtpx:hr>
</gpxtpx:TrackPointExtension>
</extensions>
</trkpt>
<trkpt lat="36.7545553" lon="128.0320965">
<ele>662.317</ele>
<time>2025-05-17T10:20:48Z</time>
<extensions>
<gpxtpx:TrackPointExtension>
<gpxtpx:hr>139</gpxtpx:hr>
</gpxtpx:TrackPointExtension>
</extensions>
</trkpt>
<trkpt lat="36.7545493" lon="128.0320998">
<ele>661.756</ele>
<time>2025-05-17T10:20:49Z</time>
<extensions>
<gpxtpx:TrackPointExtension>
<gpxtpx:hr>139</gpxtpx:hr>
</gpxtpx:TrackPointExtension>
</extensions>
</trkpt>
<trkpt lat="36.7545456" lon="128.0320987">
<ele>661.601</ele>
<time>2025-05-17T10:20:50Z</time>
<extensions>
<gpxtpx:TrackPointExtension>
<gpxtpx:hr>140</gpxtpx:hr>
</gpxtpx:TrackPointExtension>
</extensions>
</trkpt>
<trkpt lat="36.75454" lon="128.0320971">
<ele>661.347</ele>
<time>2025-05-17T10:20:51Z</time>
<extensions>
<gpxtpx:TrackPointExtension>
<gpxtpx:hr>140</gpxtpx:hr>
</gpxtpx:TrackPointExtension>
</extensions>
</trkpt>
<trkpt lat="36.7545318" lon="128.0320952">
<ele>661.106</ele>
<time>2025-05-17T10:20:52Z</time>
<extensions>
<gpxtpx:TrackPointExtension>
<gpxtpx:hr>140</gpxtpx:hr>
</gpxtpx:TrackPointExtension>
</extensions>
</trkpt>
<trkpt lat="36.7545251" lon="128.0320945">
<ele>660.66</ele>
<time>2025-05-17T10:20:53Z</time>
</trkpt>
<trkpt lat="36.754518" lon="128.0320922">
<ele>660.14</ele>
<time>2025-05-17T10:20:54Z</time>
<extensions>
<gpxtpx:TrackPointExtension>
<gpxtpx:hr>140</gpxtpx:hr>
</gpxtpx:TrackPointExtension>
</extensions>
</trkpt>
<trkpt lat="36.7545107" lon="128.0320898">
<ele>659.681</ele>
<time>2025-05-17T10:20:55Z</time>
<extensions>
<gpxtpx:TrackPointExtension>
<gpxtpx:hr>140</gpxtpx:hr>
</gpxtpx:TrackPointExtension>
</extensions>
</trkpt>
<trkpt lat="36.7544995" lon="128.032087">
<ele>659.309</ele>
<time>2025-05-17T10:20:56Z</time>
<extensions>
<gpxtpx:TrackPointExtension>
<gpxtpx:hr>140</gpxtpx:hr>
</gpxtpx:TrackPointExtension>
</extensions>
</trkpt>
<trkpt lat="36.7544889" lon="128.0320897">
<ele>658.918</ele>
<time>2025-05-17T10:20:57Z</time>
<extensions>
<gpxtpx:TrackPointExtension>
<gpxtpx:hr>139</gpxtpx:hr>
</gpxtpx:TrackPointExtension>
</extensions>
</trkpt>
<trkpt lat="36.7544823" lon="128.0321004">
<ele>658.553</ele>
<time>2025-05-17T10:20:58Z</time>
<extensions>
<gpxtpx:TrackPointExtension>
<gpxtpx:hr>139</gpxtpx:hr>
</gpxtpx:TrackPointExtension>
</extensions>
</trkpt>
<trkpt lat="36.7544738" lon="128.0321017">
<ele>658.262</ele>
<time>2025-05-17T10:20:59Z</time>
<extensions>
<gpxtpx:TrackPointExtension>
<gpxtpx:hr>139</gpxtpx:hr>
</gpxtpx:TrackPointExtension>
</extensions>
</trkpt>
<trkpt lat="36.7544695" lon="128.0321036">
<ele>657.998</ele>
<time>2025-05-17T10:21:00Z</time>
<extensions>
<gpxtpx:TrackPointExtension>
<gpxtpx:hr>138</gpxtpx:hr>
</gpxtpx:TrackPointExtension>
</extensions>
</trkpt>
<trkpt lat="36.7544624" lon="128.0321008">
<ele>657.575</ele>
<time>2025-05-17T10:21:01Z</time>
<extensions>
<gpxtpx:TrackPointExtension>
<gpxtpx:hr>138</gpxtpx:hr>
</gpxtpx:TrackPointExtension>
</extensions>
</trkpt>
<trkpt lat="36.7544548" lon="128.0320987">
<ele>657.216</ele>
<time>2025-05-17T10:21:02Z</time>
<extensions>
<gpxtpx:TrackPointExtension>
<gpxtpx:hr>138</gpxtpx:hr>
</gpxtpx:TrackPointExtension>
</extensions>
</trkpt>
<trkpt lat="36.7544481" lon="128.032097">
<ele>656.865</ele>
<time>2025-05-17T10:21:03Z</time>
<extensions>
<gpxtpx:TrackPointExtension>
<gpxtpx:hr>138</gpxtpx:hr>
</gpxtpx:TrackPointExtension>
</extensions>
</trkpt>
<trkpt lat="36.7544412" lon="128.0320936">
<ele>656.593</ele>
<time>2025-05-17T10:21:04Z</time>
<extensions>
<gpxtpx:TrackPointExtension>
<gpxtpx:hr>138</gpxtpx:hr>
</gpxtpx:TrackPointExtension>
</extensions>
</trkpt>
<trkpt lat="36.7544329" lon="128.0320908">
<ele>656.399</ele>
<time>2025-05-17T10:21:05Z</time>
<extensions>
<gpxtpx:TrackPointExtension>
<gpxtpx:hr>138</gpxtpx:hr>
</gpxtpx:TrackPointExtension>
</extensions>
</trkpt>
<trkpt lat="36.7544282" lon="128.0320893">
<ele>656.144</ele>
<time>2025-05-17T10:21:06Z</time>
<extensions>
<gpxtpx:TrackPointExtension>
<gpxtpx:hr>139</gpxtpx:hr>
</gpxtpx:TrackPointExtension>
</extensions>
</trkpt>
<trkpt lat="36.7544214" lon="128.0320932">
<ele>655.842</ele>
<time>2025-05-17T10:21:07Z</time>
<extensions>
<gpxtpx:TrackPointExtension>
<gpxtpx:hr>139</gpxtpx:hr>
</gpxtpx:TrackPointExtension>
</extensions>
</trkpt>
<trkpt lat="36.754414" lon="128.0321019">
<ele>655.539</ele>
<time>2025-05-17T10:21:08Z</time>
<extensions>
<gpxtpx:TrackPointExtension>
<gpxtpx:hr>139</gpxtpx:hr>
</gpxtpx:TrackPointExtension>
</extensions>
</trkpt>
<trkpt lat="36.7544083" lon="128.0321013">
<ele>655.254</ele>
<time>2025-05-17T10:21:09Z</time>
<extensions>
<gpxtpx:TrackPointExtension>
<gpxtpx:hr>140</gpxtpx:hr>
</gpxtpx:TrackPointExtension>
</extensions>
</trkpt>
<trkpt lat="36.7544039" lon="128.0321028">
<ele>655.148</ele>
<time>2025-05-17T10:21:10Z</time>
<extensions>
<gpxtpx:TrackPointExtension>
<gpxtpx:hr>140</gpxtpx:hr>
</gpxtpx:TrackPointExtension>
</extensions>
</trkpt>
<trkpt lat="36.7543974" lon="128.0321074">
<ele>655.092</ele>
<time>2025-05-17T10:21:11Z</time>
<extensions>
<gpxtpx:TrackPointExtension>
<gpxtpx:hr>141</gpxtpx:hr>
</gpxtpx:TrackPointExtension>
</extensions>
</trkpt>
<trkpt lat="36.754394" lon="128.0321136">
<ele>654.831</ele>
<time>2025-05-17T10:21:12Z</time>
<extensions>
<gpxtpx:TrackPointExtension>
<gpxtpx:hr>142</gpxtpx:hr>
</gpxtpx:TrackPointExtension>
</extensions>
</trkpt>
<trkpt lat="36.7543906" lon="128.0321196">
<ele>654.504</ele>
<time>2025-05-17T10:21:13Z</time>
<extensions>
<gpxtpx:TrackPointExtension>
<gpxtpx:hr>143</gpxtpx:hr>
</gpxtpx:TrackPointExtension>
</extensions>
</trkpt>
<trkpt lat="36.7543838" lon="128.0321253">
<ele>654.314</ele>
<time>2025-05-17T10:21:14Z</time>
<extensions>
<gpxtpx:TrackPointExtension>
<gpxtpx:hr>143</gpxtpx:hr>
</gpxtpx:TrackPointExtension>
</extensions>
</trkpt>
<trkpt lat="36.7543828" lon="128.0321335">
<ele>654.243</ele>
<time>2025-05-17T10:21:15Z</time>
<extensions>
<gpxtpx:TrackPointExtension>
<gpxtpx:hr>143</gpxtpx:hr>
</gpxtpx:TrackPointExtension>
</extensions>
</trkpt>
<trkpt lat="36.7543845" lon="128.0321328">
<ele>654.205</ele>
<time>2025-05-17T10:21:16Z</time>
<extensions>
<gpxtpx:TrackPointExtension>
<gpxtpx:hr>143</gpxtpx:hr>
</gpxtpx:TrackPointExtension>
</extensions>
</trkpt>
<trkpt lat="36.7543843" lon="128.0321363">
<ele>654.097</ele>
<time>2025-05-17T10:21:17Z</time>
<extensions>
<gpxtpx:TrackPointExtension>
<gpxtpx:hr>143</gpxtpx:hr>
</gpxtpx:TrackPointExtension>
</extensions>
</trkpt>
<trkpt lat="36.7543821" lon="128.0321343">
<ele>653.917</ele>
<time>2025-05-17T10:21:18Z</time>
<extensions>
<gpxtpx:TrackPointExtension>
<gpxtpx:hr>143</gpxtpx:hr>
</gpxtpx:TrackPointExtension>
</extensions>
</trkpt>
<trkpt lat="36.7543816" lon="128.0321351">
<ele>653.62</ele>
<time>2025-05-17T10:21:19Z</time>
<extensions>
<gpxtpx:TrackPointExtension>
<gpxtpx:hr>144</gpxtpx:hr>
</gpxtpx:TrackPointExtension>
</extensions>
</trkpt>
<trkpt lat="36.7543814" lon="128.0321371">
<ele>653.389</ele>
<time>2025-05-17T10:21:20Z</time>
<extensions>
<gpxtpx:TrackPointExtension>
<gpxtpx:hr>143</gpxtpx:hr>
</gpxtpx:TrackPointExtension>
</extensions>
</trkpt>
<trkpt lat="36.7543809" lon="128.0321365">
<ele>653.089</ele>
<time>2025-05-17T10:21:21Z</time>
<extensions>
<gpxtpx:TrackPointExtension>
<gpxtpx:hr>143</gpxtpx:hr>
</gpxtpx:TrackPointExtension>
</extensions>
</trkpt>
<trkpt lat="36.7543804" lon="128.0321371">
<ele>652.873</ele>
<time>2025-05-17T10:21:22Z</time>
<extensions>
<gpxtpx:TrackPointExtension>
<gpxtpx:hr>143</gpxtpx:hr>
</gpxtpx:TrackPointExtension>
</extensions>
</trkpt>
<trkpt lat="36.7543801" lon="128.0321353">
<ele>652.63</ele>
<time>2025-05-17T10:21:23Z</time>
<extensions>
<gpxtpx:TrackPointExtension>
<gpxtpx:hr>143</gpxtpx:hr>
</gpxtpx:TrackPointExtension>
</extensions>
</trkpt>
<trkpt lat="36.7543795" lon="128.0321353">
<ele>652.436</ele>
<time>2025-05-17T10:21:24Z</time>
<extensions>
<gpxtpx:TrackPointExtension>
<gpxtpx:hr>142</gpxtpx:hr>
</gpxtpx:TrackPointExtension>
</extensions>
</trkpt>
<trkpt lat="36.754377" lon="128.0321349">
<ele>652.267</ele>
<time>2025-05-17T10:21:25Z</time>
<extensions>
<gpxtpx:TrackPointExtension>
<gpxtpx:hr>142</gpxtpx:hr>
</gpxtpx:TrackPointExtension>
</extensions>
</trkpt>
<trkpt lat="36.7543748" lon="128.032137">
<ele>652.082</ele>
<time>2025-05-17T10:21:26Z</time>
<extensions>
<gpxtpx:TrackPointExtension>
<gpxtpx:hr>142</gpxtpx:hr>
</gpxtpx:TrackPointExtension>
</extensions>
</trkpt>
<trkpt lat="36.7543692" lon="128.0321389">
<ele>651.901</ele>
<time>2025-05-17T10:21:27Z</time>
<extensions>
<gpxtpx:TrackPointExtension>
<gpxtpx:hr>142</gpxtpx:hr>
</gpxtpx:TrackPointExtension>
</extensions>
</trkpt>
<trkpt lat="36.7543679" lon="128.0321411">
<ele>651.719</ele>
<time>2025-05-17T10:21:28Z</time>
<extensions>
<gpxtpx:TrackPointExtension>
<gpxtpx:hr>141</gpxtpx:hr>
</gpxtpx:TrackPointExtension>
</extensions>
</trkpt>
<trkpt lat="36.7543646" lon="128.032142">
<ele>651.5</ele>
<time>2025-05-17T10:21:29Z</time>
<extensions>
<gpxtpx:TrackPointExtension>
<gpxtpx:hr>141</gpxtpx:hr>
</gpxtpx:TrackPointExtension>
</extensions>
</trkpt>
<trkpt lat="36.7543645" lon="128.0321406">
<ele>651.242</ele>
<time>2025-05-17T10:21:30Z</time>
<extensions>
<gpxtpx:TrackPointExtension>
<gpxtpx:hr>141</gpxtpx:hr>
</gpxtpx:TrackPointExtension>
</extensions>
</trkpt>
<trkpt lat="36.7543594" lon="128.0321418">
<ele>650.999</ele>
<time>2025-05-17T10:21:31Z</time>
<extensions>
<gpxtpx:TrackPointExtension>
<gpxtpx:hr>141</gpxtpx:hr>
</gpxtpx:TrackPointExtension>
</extensions>
</trkpt>
<trkpt lat="36.7543583" lon="128.0321419">
<ele>650.756</ele>
<time>2025-05-17T10:21:32Z</time>
<extensions>
<gpxtpx:TrackPointExtension>
<gpxtpx:hr>141</gpxtpx:hr>
</gpxtpx:TrackPointExtension>
</extensions>
</trkpt>
<trkpt lat="36.7543573" lon="128.0321439">
<ele>650.566</ele>
<time>2025-05-17T10:21:33Z</time>
<extensions>
<gpxtpx:TrackPointExtension>
<gpxtpx:hr>141</gpxtpx:hr>
</gpxtpx:TrackPointExtension>
</extensions>
</trkpt>
<trkpt lat="36.7543506" lon="128.0321497">
<ele>650.349</ele>
<time>2025-05-17T10:21:34Z</time>
<extensions>
<gpxtpx:TrackPointExtension>
<gpxtpx:hr>141</gpxtpx:hr>
</gpxtpx:TrackPointExtension>
</extensions>
</trkpt>
<trkpt lat="36.7543396" lon="128.0321487">
<ele>650.043</ele>
<time>2025-05-17T10:21:35Z</time>
<extensions>
<gpxtpx:TrackPointExtension>
<gpxtpx:hr>141</gpxtpx:hr>
</gpxtpx:TrackPointExtension>
</extensions>
</trkpt>
<trkpt lat="36.7543358" lon="128.0321482">
<ele>649.798</ele>
<time>2025-05-17T10:21:36Z</time>
<extensions>
<gpxtpx:TrackPointExtension>
<gpxtpx:hr>141</gpxtpx:hr>
</gpxtpx:TrackPointExtension>
</extensions>
</trkpt>
<trkpt lat="36.7543287" lon="128.0321493">
<ele>649.604</ele>
<time>2025-05-17T10:21:37Z</time>
<extensions>
<gpxtpx:TrackPointExtension>
<gpxtpx:hr>142</gpxtpx:hr>
</gpxtpx:TrackPointExtension>
</extensions>
</trkpt>
<trkpt lat="36.754325" lon="128.032153">
<ele>649.465</ele>
<time>2025-05-17T10:21:38Z</time>
<extensions>
<gpxtpx:TrackPointExtension>
<gpxtpx:hr>142</gpxtpx:hr>
</gpxtpx:TrackPointExtension>
</extensions>
</trkpt>
<trkpt lat="36.7543207" lon="128.0321558">
<ele>649.228</ele>
<time>2025-05-17T10:21:39Z</time>
<extensions>
<gpxtpx:TrackPointExtension>
<gpxtpx:hr>142</gpxtpx:hr>
</gpxtpx:TrackPointExtension>
</extensions>
</trkpt>
<trkpt lat="36.7543169" lon="128.0321586">
<ele>649.067</ele>
<time>2025-05-17T10:21:40Z</time>
<extensions>
<gpxtpx:TrackPointExtension>
<gpxtpx:hr>143</gpxtpx:hr>
</gpxtpx:TrackPointExtension>
</extensions>
</trkpt>
<trkpt lat="36.7543132" lon="128.0321682">
<ele>648.793</ele>
<time>2025-05-17T10:21:41Z</time>
<extensions>
<gpxtpx:TrackPointExtension>
<gpxtpx:hr>143</gpxtpx:hr>
</gpxtpx:TrackPointExtension>
</extensions>
</trkpt>
<trkpt lat="36.7543141" lon="128.0321672">
<ele>648.459</ele>
<time>2025-05-17T10:21:43Z</time>
<extensions>
<gpxtpx:TrackPointExtension>
<gpxtpx:hr>144</gpxtpx:hr>
</gpxtpx:TrackPointExtension>
</extensions>
</trkpt>
<trkpt lat="36.7543085" lon="128.0321622">
<ele>648.232</ele>
<time>2025-05-17T10:21:44Z</time>
<extensions>
<gpxtpx:TrackPointExtension>
<gpxtpx:hr>144</gpxtpx:hr>
</gpxtpx:TrackPointExtension>
</extensions>
</trkpt>
<trkpt lat="36.7543042" lon="128.0321567">
<ele>648.027</ele>
<time>2025-05-17T10:21:45Z</time>
<extensions>
<gpxtpx:TrackPointExtension>
<gpxtpx:hr>143</gpxtpx:hr>
</gpxtpx:TrackPointExtension>
</extensions>
</trkpt>
<trkpt lat="36.7543014" lon="128.0321521">
<ele>647.806</ele>
<time>2025-05-17T10:21:46Z</time>
<extensions>
<gpxtpx:TrackPointExtension>
<gpxtpx:hr>143</gpxtpx:hr>
</gpxtpx:TrackPointExtension>
</extensions>
</trkpt>
<trkpt lat="36.7543017" lon="128.0321557">
<ele>647.493</ele>
<time>2025-05-17T10:21:47Z</time>
<extensions>
<gpxtpx:TrackPointExtension>
<gpxtpx:hr>143</gpxtpx:hr>
</gpxtpx:TrackPointExtension>
</extensions>
</trkpt>
<trkpt lat="36.7542997" lon="128.0321521">
<ele>647.215</ele>
<time>2025-05-17T10:21:48Z</time>
<extensions>
<gpxtpx:TrackPointExtension>
<gpxtpx:hr>142</gpxtpx:hr>
</gpxtpx:TrackPointExtension>
</extensions>
</trkpt>
<trkpt lat="36.7543001" lon="128.0321519">
<ele>646.85</ele>
<time>2025-05-17T10:21:49Z</time>
<extensions>
<gpxtpx:TrackPointExtension>
<gpxtpx:hr>142</gpxtpx:hr>
</gpxtpx:TrackPointExtension>
</extensions>
</trkpt>
<trkpt lat="36.7542994" lon="128.0321499">
<ele>646.56</ele>
<time>2025-05-17T10:21:50Z</time>
<extensions>
<gpxtpx:TrackPointExtension>
<gpxtpx:hr>142</gpxtpx:hr>
</gpxtpx:TrackPointExtension>
</extensions>
</trkpt>
<trkpt lat="36.7542964" lon="128.0321514">
<ele>646.307</ele>
<time>2025-05-17T10:21:51Z</time>
<extensions>
<gpxtpx:TrackPointExtension>
<gpxtpx:hr>143</gpxtpx:hr>
</gpxtpx:TrackPointExtension>
</extensions>
</trkpt>
<trkpt lat="36.7542957" lon="128.0321548">
<ele>646.195</ele>
<time>2025-05-17T10:21:52Z</time>
<extensions>
<gpxtpx:TrackPointExtension>
<gpxtpx:hr>143</gpxtpx:hr>
</gpxtpx:TrackPointExtension>
</extensions>
</trkpt>
<trkpt lat="36.7542953" lon="128.0321576">
<ele>645.819</ele>
<time>2025-05-17T10:21:54Z</time>
<extensions>
<gpxtpx:TrackPointExtension>
<gpxtpx:hr>143</gpxtpx:hr>
</gpxtpx:TrackPointExtension>
</extensions>
</trkpt>
<trkpt lat="36.7542945" lon="128.0321609">
<ele>645.389</ele>
<time>2025-05-17T10:21:57Z</time>
<extensions>
<gpxtpx:TrackPointExtension>
<gpxtpx:hr>144</gpxtpx:hr>
</gpxtpx:TrackPointExtension>
</extensions>
</trkpt>
<trkpt lat="36.7542943" lon="128.0321602">
<ele>645.153</ele>
<time>2025-05-17T10:21:58Z</time>
<extensions>
<gpxtpx:TrackPointExtension>
<gpxtpx:hr>144</gpxtpx:hr>
</gpxtpx:TrackPointExtension>
</extensions>
</trkpt>
<trkpt lat="36.7542924" lon="128.032161">
<ele>644.828</ele>
<time>2025-05-17T10:21:59Z</time>
<extensions>
<gpxtpx:TrackPointExtension>
<gpxtpx:hr>144</gpxtpx:hr>
</gpxtpx:TrackPointExtension>
</extensions>
</trkpt>
<trkpt lat="36.7542868" lon="128.0321651">
<ele>644.511</ele>
<time>2025-05-17T10:22:00Z</time>
<extensions>
<gpxtpx:TrackPointExtension>
<gpxtpx:hr>144</gpxtpx:hr>
</gpxtpx:TrackPointExtension>
</extensions>
</trkpt>
<trkpt lat="36.7542803" lon="128.0321727">
<ele>644.236</ele>
<time>2025-05-17T10:22:01Z</time>
<extensions>
<gpxtpx:TrackPointExtension>
<gpxtpx:hr>144</gpxtpx:hr>
</gpxtpx:TrackPointExtension>
</extensions>
</trkpt>
<trkpt lat="36.7542745" lon="128.0321808">
<ele>644.163</ele>
<time>2025-05-17T10:22:02Z</time>
<extensions>
<gpxtpx:TrackPointExtension>
<gpxtpx:hr>144</gpxtpx:hr>
</gpxtpx:TrackPointExtension>
</extensions>
</trkpt>
<trkpt lat="36.75427" lon="128.032188">
<ele>644.235</ele>
<time>2025-05-17T10:22:03Z</time>
<extensions>
<gpxtpx:TrackPointExtension>
<gpxtpx:hr>143</gpxtpx:hr>
</gpxtpx:TrackPointExtension>
</extensions>
</trkpt>
<trkpt lat="36.7542672" lon="128.032199">
<ele>643.934</ele>
<time>2025-05-17T10:22:04Z</time>
<extensions>
<gpxtpx:TrackPointExtension>
<gpxtpx:hr>143</gpxtpx:hr>
</gpxtpx:TrackPointExtension>
</extensions>
</trkpt>
<trkpt lat="36.754264" lon="128.0322098">
<ele>643.742</ele>
<time>2025-05-17T10:22:05Z</time>
<extensions>
<gpxtpx:TrackPointExtension>
<gpxtpx:hr>143</gpxtpx:hr>
</gpxtpx:TrackPointExtension>
</extensions>
</trkpt>
<trkpt lat="36.7542615" lon="128.0322163">
<ele>643.52</ele>
<time>2025-05-17T10:22:06Z</time>
<extensions>
<gpxtpx:TrackPointExtension>
<gpxtpx:hr>143</gpxtpx:hr>
</gpxtpx:TrackPointExtension>
</extensions>
</trkpt>
<trkpt lat="36.7542567" lon="128.032219">
<ele>643.252</ele>
<time>2025-05-17T10:22:07Z</time>
<extensions>
<gpxtpx:TrackPointExtension>
<gpxtpx:hr>144</gpxtpx:hr>
</gpxtpx:TrackPointExtension>
</extensions>
</trkpt>
<trkpt lat="36.7542512" lon="128.0322201">
<ele>642.96</ele>
<time>2025-05-17T10:22:08Z</time>
<extensions>
<gpxtpx:TrackPointExtension>
<gpxtpx:hr>144</gpxtpx:hr>
</gpxtpx:TrackPointExtension>
</extensions>
</trkpt>
<trkpt lat="36.7542465" lon="128.0322143">
<ele>642.596</ele>
<time>2025-05-17T10:22:10Z</time>
<extensions>
<gpxtpx:TrackPointExtension>
<gpxtpx:hr>145</gpxtpx:hr>
</gpxtpx:TrackPointExtension>
</extensions>
</trkpt>
<trkpt lat="36.7542417" lon="128.0322101">
<ele>642.278</ele>
<time>2025-05-17T10:22:11Z</time>
<extensions>
<gpxtpx:TrackPointExtension>
<gpxtpx:hr>144</gpxtpx:hr>
</gpxtpx:TrackPointExtension>
</extensions>
</trkpt>
<trkpt lat="36.7542363" lon="128.0322075">
<ele>642.032</ele>
<time>2025-05-17T10:22:12Z</time>
<extensions>
<gpxtpx:TrackPointExtension>
<gpxtpx:hr>144</gpxtpx:hr>
</gpxtpx:TrackPointExtension>
</extensions>
</trkpt>
<trkpt lat="36.7542341" lon="128.032211">
<ele>641.809</ele>
<time>2025-05-17T10:22:13Z</time>
<extensions>
<gpxtpx:TrackPointExtension>
<gpxtpx:hr>143</gpxtpx:hr>
</gpxtpx:TrackPointExtension>
</extensions>
</trkpt>
<trkpt lat="36.7542292" lon="128.0322132">
<ele>641.681</ele>
<time>2025-05-17T10:22:14Z</time>
<extensions>
<gpxtpx:TrackPointExtension>
<gpxtpx:hr>143</gpxtpx:hr>
</gpxtpx:TrackPointExtension>
</extensions>
</trkpt>
<trkpt lat="36.7542253" lon="128.0322189">
<ele>641.524</ele>
<time>2025-05-17T10:22:15Z</time>
<extensions>
<gpxtpx:TrackPointExtension>
<gpxtpx:hr>142</gpxtpx:hr>
</gpxtpx:TrackPointExtension>
</extensions>
</trkpt>
<trkpt lat="36.7542253" lon="128.0322234">
<ele>641.28</ele>
<time>2025-05-17T10:22:16Z</time>
<extensions>
<gpxtpx:TrackPointExtension>
<gpxtpx:hr>142</gpxtpx:hr>
</gpxtpx:TrackPointExtension>
</extensions>
</trkpt>
<trkpt lat="36.7542266" lon="128.0322313">
<ele>640.973</ele>
<time>2025-05-17T10:22:17Z</time>
<extensions>
<gpxtpx:TrackPointExtension>
<gpxtpx:hr>142</gpxtpx:hr>
</gpxtpx:TrackPointExtension>
</extensions>
</trkpt>
<trkpt lat="36.7542271" lon="128.0322373">
<ele>640.801</ele>
<time>2025-05-17T10:22:18Z</time>
<extensions>
<gpxtpx:TrackPointExtension>
<gpxtpx:hr>142</gpxtpx:hr>
</gpxtpx:TrackPointExtension>
</extensions>
</trkpt>
<trkpt lat="36.7542276" lon="128.0322414">
<ele>640.584</ele>
<time>2025-05-17T10:22:19Z</time>
<extensions>
<gpxtpx:TrackPointExtension>
<gpxtpx:hr>141</gpxtpx:hr>
</gpxtpx:TrackPointExtension>
</extensions>
</trkpt>
<trkpt lat="36.7542288" lon="128.0322454">
<ele>640.452</ele>
<time>2025-05-17T10:22:20Z</time>
<extensions>
<gpxtpx:TrackPointExtension>
<gpxtpx:hr>141</gpxtpx:hr>
</gpxtpx:TrackPointExtension>
</extensions>
</trkpt>
<trkpt lat="36.754228" lon="128.0322482">
<ele>640.096</ele>
<time>2025-05-17T10:22:21Z</time>
<extensions>
<gpxtpx:TrackPointExtension>
<gpxtpx:hr>141</gpxtpx:hr>
</gpxtpx:TrackPointExtension>
</extensions>
</trkpt>
<trkpt lat="36.7542271" lon="128.0322478">
<ele>639.852</ele>
<time>2025-05-17T10:22:22Z</time>
<extensions>
<gpxtpx:TrackPointExtension>
<gpxtpx:hr>140</gpxtpx:hr>
</gpxtpx:TrackPointExtension>
</extensions>
</trkpt>
<trkpt lat="36.7542234" lon="128.0322502">
<ele>639.641</ele>
<time>2025-05-17T10:22:23Z</time>
<extensions>
<gpxtpx:TrackPointExtension>
<gpxtpx:hr>140</gpxtpx:hr>
</gpxtpx:TrackPointExtension>
</extensions>
</trkpt>
<trkpt lat="36.7542252" lon="128.0322503">
<ele>639.541</ele>
<time>2025-05-17T10:22:24Z</time>
<extensions>
<gpxtpx:TrackPointExtension>
<gpxtpx:hr>140</gpxtpx:hr>
</gpxtpx:TrackPointExtension>
</extensions>
</trkpt>
<trkpt lat="36.7542258" lon="128.0322474">
<ele>639.322</ele>
<time>2025-05-17T10:22:25Z</time>
<extensions>
<gpxtpx:TrackPointExtension>
<gpxtpx:hr>140</gpxtpx:hr>
</gpxtpx:TrackPointExtension>
</extensions>
</trkpt>
<trkpt lat="36.7542226" lon="128.0322477">
<ele>639.09</ele>
<time>2025-05-17T10:22:26Z</time>
<extensions>
<gpxtpx:TrackPointExtension>
<gpxtpx:hr>140</gpxtpx:hr>
</gpxtpx:TrackPointExtension>
</extensions>
</trkpt>
<trkpt lat="36.7542222" lon="128.0322478">
<ele>638.778</ele>
<time>2025-05-17T10:22:27Z</time>
<extensions>
<gpxtpx:TrackPointExtension>
<gpxtpx:hr>140</gpxtpx:hr>
</gpxtpx:TrackPointExtension>
</extensions>
</trkpt>
<trkpt lat="36.7542217" lon="128.0322428">
<ele>638.493</ele>
<time>2025-05-17T10:22:28Z</time>
<extensions>
<gpxtpx:TrackPointExtension>
<gpxtpx:hr>140</gpxtpx:hr>
</gpxtpx:TrackPointExtension>
</extensions>
</trkpt>
<trkpt lat="36.7542216" lon="128.0322383">
<ele>638.222</ele>
<time>2025-05-17T10:22:29Z</time>
<extensions>
<gpxtpx:TrackPointExtension>
<gpxtpx:hr>140</gpxtpx:hr>
</gpxtpx:TrackPointExtension>
</extensions>
</trkpt>
<trkpt lat="36.7542191" lon="128.0322344">
<ele>638.073</ele>
<time>2025-05-17T10:22:30Z</time>
<extensions>
<gpxtpx:TrackPointExtension>
<gpxtpx:hr>140</gpxtpx:hr>
</gpxtpx:TrackPointExtension>
</extensions>
</trkpt>
<trkpt lat="36.7542155" lon="128.0322325">
<ele>637.862</ele>
<time>2025-05-17T10:22:31Z</time>
<extensions>
<gpxtpx:TrackPointExtension>
<gpxtpx:hr>140</gpxtpx:hr>
</gpxtpx:TrackPointExtension>
</extensions>
</trkpt>
<trkpt lat="36.7542167" lon="128.0322297">
<ele>637.847</ele>
<time>2025-05-17T10:22:32Z</time>
<extensions>
<gpxtpx:TrackPointExtension>
<gpxtpx:hr>140</gpxtpx:hr>
</gpxtpx:TrackPointExtension>
</extensions>
</trkpt>
<trkpt lat="36.7542161" lon="128.0322294">
<ele>637.757</ele>
<time>2025-05-17T10:22:33Z</time>
<extensions>
<gpxtpx:TrackPointExtension>
<gpxtpx:hr>140</gpxtpx:hr>
</gpxtpx:TrackPointExtension>
</extensions>
</trkpt>
<trkpt lat="36.7542136" lon="128.0322276">
<ele>637.599</ele>
<time>2025-05-17T10:22:34Z</time>
<extensions>
<gpxtpx:TrackPointExtension>
<gpxtpx:hr>140</gpxtpx:hr>
</gpxtpx:TrackPointExtension>
</extensions>
</trkpt>
<trkpt lat="36.754212" lon="128.0322318">
<ele>637.125</ele>
<time>2025-05-17T10:22:35Z</time>
<extensions>
<gpxtpx:TrackPointExtension>
<gpxtpx:hr>140</gpxtpx:hr>
</gpxtpx:TrackPointExtension>
</extensions>
</trkpt>
<trkpt lat="36.7542101" lon="128.0322371">
<ele>636.836</ele>
<time>2025-05-17T10:22:36Z</time>
<extensions>
<gpxtpx:TrackPointExtension>
<gpxtpx:hr>140</gpxtpx:hr>
</gpxtpx:TrackPointExtension>
</extensions>
</trkpt>
<trkpt lat="36.7542064" lon="128.0322424">
<ele>636.525</ele>
<time>2025-05-17T10:22:37Z</time>
<extensions>
<gpxtpx:TrackPointExtension>
<gpxtpx:hr>140</gpxtpx:hr>
</gpxtpx:TrackPointExtension>
</extensions>
</trkpt>
<trkpt lat="36.7542052" lon="128.0322452">
<ele>636.16</ele>
<time>2025-05-17T10:22:38Z</time>
<extensions>
<gpxtpx:TrackPointExtension>
<gpxtpx:hr>140</gpxtpx:hr>
</gpxtpx:TrackPointExtension>
</extensions>
</trkpt>
<trkpt lat="36.7542007" lon="128.0322463">
<ele>635.792</ele>
<time>2025-05-17T10:22:39Z</time>
<extensions>
<gpxtpx:TrackPointExtension>
<gpxtpx:hr>140</gpxtpx:hr>
</gpxtpx:TrackPointExtension>
</extensions>
</trkpt>
<trkpt lat="36.7541985" lon="128.032249">
<ele>634.926</ele>
<time>2025-05-17T10:22:41Z</time>
<extensions>
<gpxtpx:TrackPointExtension>
<gpxtpx:hr>140</gpxtpx:hr>
</gpxtpx:TrackPointExtension>
</extensions>
</trkpt>
<trkpt lat="36.7541967" lon="128.0322517">
<ele>634.659</ele>
<time>2025-05-17T10:22:42Z</time>
<extensions>
<gpxtpx:TrackPointExtension>
<gpxtpx:hr>140</gpxtpx:hr>
</gpxtpx:TrackPointExtension>
</extensions>
</trkpt>
<trkpt lat="36.7541942" lon="128.0322557">
<ele>634.599</ele>
<time>2025-05-17T10:22:43Z</time>
<extensions>
<gpxtpx:TrackPointExtension>
<gpxtpx:hr>140</gpxtpx:hr>
</gpxtpx:TrackPointExtension>
</extensions>
</trkpt>
<trkpt lat="36.7541912" lon="128.0322584">
<ele>634.563</ele>
<time>2025-05-17T10:22:44Z</time>
<extensions>
<gpxtpx:TrackPointExtension>
<gpxtpx:hr>141</gpxtpx:hr>
</gpxtpx:TrackPointExtension>
</extensions>
</trkpt>
<trkpt lat="36.7541892" lon="128.0322601">
<ele>634.588</ele>
<time>2025-05-17T10:22:45Z</time>
<extensions>
<gpxtpx:TrackPointExtension>
<gpxtpx:hr>141</gpxtpx:hr>
</gpxtpx:TrackPointExtension>
</extensions>
</trkpt>
<trkpt lat="36.7541888" lon="128.0322593">
<ele>634.739</ele>
<time>2025-05-17T10:22:47Z</time>
<extensions>
<gpxtpx:TrackPointExtension>
<gpxtpx:hr>141</gpxtpx:hr>
</gpxtpx:TrackPointExtension>
</extensions>
</trkpt>
<trkpt lat="36.7541916" lon="128.0322588">
<ele>634.638</ele>
<time>2025-05-17T10:22:48Z</time>
<extensions>
<gpxtpx:TrackPointExtension>
<gpxtpx:hr>142</gpxtpx:hr>
</gpxtpx:TrackPointExtension>
</extensions>
</trkpt>
<trkpt lat="36.7541892" lon="128.0322641">
<ele>634.566</ele>
<time>2025-05-17T10:22:49Z</time>
<extensions>
<gpxtpx:TrackPointExtension>
<gpxtpx:hr>142</gpxtpx:hr>
</gpxtpx:TrackPointExtension>
</extensions>
</trkpt>
<trkpt lat="36.7541873" lon="128.0322678">
<ele>634.232</ele>
<time>2025-05-17T10:22:52Z</time>
<extensions>
<gpxtpx:TrackPointExtension>
<gpxtpx:hr>142</gpxtpx:hr>
</gpxtpx:TrackPointExtension>
</extensions>
</trkpt>
<trkpt lat="36.7541873" lon="128.0322683">
<ele>634.289</ele>
<time>2025-05-17T10:22:53Z</time>
<extensions>
<gpxtpx:TrackPointExtension>
<gpxtpx:hr>141</gpxtpx:hr>
</gpxtpx:TrackPointExtension>
</extensions>
</trkpt>
<trkpt lat="36.7541862" lon="128.0322713">
<ele>634.233</ele>
<time>2025-05-17T10:22:54Z</time>
<extensions>
<gpxtpx:TrackPointExtension>
<gpxtpx:hr>141</gpxtpx:hr>
</gpxtpx:TrackPointExtension>
</extensions>
</trkpt>
<trkpt lat="36.7541785" lon="128.0322766">
<ele>633.996</ele>
<time>2025-05-17T10:22:55Z</time>
<extensions>
<gpxtpx:TrackPointExtension>
<gpxtpx:hr>141</gpxtpx:hr>
</gpxtpx:TrackPointExtension>
</extensions>
</trkpt>
<trkpt lat="36.7541763" lon="128.0322699">
<ele>633.714</ele>
<time>2025-05-17T10:22:56Z</time>
<extensions>
<gpxtpx:TrackPointExtension>
<gpxtpx:hr>141</gpxtpx:hr>
</gpxtpx:TrackPointExtension>
</extensions>
</trkpt>
<trkpt lat="36.7541731" lon="128.0322727">
<ele>633.462</ele>
<time>2025-05-17T10:22:57Z</time>
<extensions>
<gpxtpx:TrackPointExtension>
<gpxtpx:hr>140</gpxtpx:hr>
</gpxtpx:TrackPointExtension>
</extensions>
</trkpt>
<trkpt lat="36.754171" lon="128.0322715">
<ele>633.313</ele>
<time>2025-05-17T10:22:58Z</time>
<extensions>
<gpxtpx:TrackPointExtension>
<gpxtpx:hr>140</gpxtpx:hr>
</gpxtpx:TrackPointExtension>
</extensions>
</trkpt>
<trkpt lat="36.754168" lon="128.0322683">
<ele>633.101</ele>
<time>2025-05-17T10:22:59Z</time>
<extensions>
<gpxtpx:TrackPointExtension>
<gpxtpx:hr>141</gpxtpx:hr>
</gpxtpx:TrackPointExtension>
</extensions>
</trkpt>
<trkpt lat="36.7541639" lon="128.0322667">
<ele>633.002</ele>
<time>2025-05-17T10:23:00Z</time>
<extensions>
<gpxtpx:TrackPointExtension>
<gpxtpx:hr>141</gpxtpx:hr>
</gpxtpx:TrackPointExtension>
</extensions>
</trkpt>
<trkpt lat="36.7541577" lon="128.0322669">
<ele>632.955</ele>
<time>2025-05-17T10:23:01Z</time>
<extensions>
<gpxtpx:TrackPointExtension>
<gpxtpx:hr>141</gpxtpx:hr>
</gpxtpx:TrackPointExtension>
</extensions>
</trkpt>
<trkpt lat="36.7541583" lon="128.0322702">
<ele>632.816</ele>
<time>2025-05-17T10:23:02Z</time>
<extensions>
<gpxtpx:TrackPointExtension>
<gpxtpx:hr>141</gpxtpx:hr>
</gpxtpx:TrackPointExtension>
</extensions>
</trkpt>
<trkpt lat="36.7541566" lon="128.0322742">
<ele>632.718</ele>
<time>2025-05-17T10:23:03Z</time>
<extensions>
<gpxtpx:TrackPointExtension>
<gpxtpx:hr>142</gpxtpx:hr>
</gpxtpx:TrackPointExtension>
</extensions>
</trkpt>
<trkpt lat="36.7541567" lon="128.0322785">
<ele>632.518</ele>
<time>2025-05-17T10:23:04Z</time>
<extensions>
<gpxtpx:TrackPointExtension>
<gpxtpx:hr>142</gpxtpx:hr>
</gpxtpx:TrackPointExtension>
</extensions>
</trkpt>
<trkpt lat="36.7541557" lon="128.0322783">
<ele>632.415</ele>
<time>2025-05-17T10:23:05Z</time>
<extensions>
<gpxtpx:TrackPointExtension>
<gpxtpx:hr>142</gpxtpx:hr>
</gpxtpx:TrackPointExtension>
</extensions>
</trkpt>
<trkpt lat="36.7541505" lon="128.0322817">
<ele>631.184</ele>
<time>2025-05-17T10:23:08Z</time>
<extensions>
<gpxtpx:TrackPointExtension>
<gpxtpx:hr>142</gpxtpx:hr>
</gpxtpx:TrackPointExtension>
</extensions>
</trkpt>
<trkpt lat="36.7541503" lon="128.0322811">
<ele>630.88</ele>
<time>2025-05-17T10:23:09Z</time>
<extensions>
<gpxtpx:TrackPointExtension>
<gpxtpx:hr>142</gpxtpx:hr>
</gpxtpx:TrackPointExtension>
</extensions>
</trkpt>
<trkpt lat="36.754146" lon="128.0322826">
<ele>630.66</ele>
<time>2025-05-17T10:23:10Z</time>
<extensions>
<gpxtpx:TrackPointExtension>
<gpxtpx:hr>142</gpxtpx:hr>
</gpxtpx:TrackPointExtension>
</extensions>
</trkpt>
<trkpt lat="36.7541402" lon="128.0322817">
<ele>630.514</ele>
<time>2025-05-17T10:23:11Z</time>
<extensions>
<gpxtpx:TrackPointExtension>
<gpxtpx:hr>142</gpxtpx:hr>
</gpxtpx:TrackPointExtension>
</extensions>
</trkpt>
<trkpt lat="36.754137" lon="128.0322812">
<ele>630.407</ele>
<time>2025-05-17T10:23:12Z</time>
<extensions>
<gpxtpx:TrackPointExtension>
<gpxtpx:hr>142</gpxtpx:hr>
</gpxtpx:TrackPointExtension>
</extensions>
</trkpt>
<trkpt lat="36.7541331" lon="128.0322803">
<ele>630.366</ele>
<time>2025-05-17T10:23:13Z</time>
<extensions>
<gpxtpx:TrackPointExtension>
<gpxtpx:hr>142</gpxtpx:hr>
</gpxtpx:TrackPointExtension>
</extensions>
</trkpt>
<trkpt lat="36.7541329" lon="128.0322776">
<ele>629.625</ele>
<time>2025-05-17T10:23:14Z</time>
</trkpt>
<trkpt lat="36.7541322" lon="128.0322783">
<ele>628.688</ele>
<time>2025-05-17T10:23:16Z</time>
<extensions>
<gpxtpx:TrackPointExtension>
<gpxtpx:hr>143</gpxtpx:hr>
</gpxtpx:TrackPointExtension>
</extensions>
</trkpt>
<trkpt lat="36.7541267" lon="128.0322766">
<ele>628.421</ele>
<time>2025-05-17T10:23:17Z</time>
<extensions>
<gpxtpx:TrackPointExtension>
<gpxtpx:hr>143</gpxtpx:hr>
</gpxtpx:TrackPointExtension>
</extensions>
</trkpt>
<trkpt lat="36.7541237" lon="128.0322765">
<ele>628.223</ele>
<time>2025-05-17T10:23:18Z</time>
<extensions>
<gpxtpx:TrackPointExtension>
<gpxtpx:hr>143</gpxtpx:hr>
</gpxtpx:TrackPointExtension>
</extensions>
</trkpt>
<trkpt lat="36.7541182" lon="128.0322774">
<ele>627.985</ele>
<time>2025-05-17T10:23:19Z</time>
<extensions>
<gpxtpx:TrackPointExtension>
<gpxtpx:hr>143</gpxtpx:hr>
</gpxtpx:TrackPointExtension>
</extensions>
</trkpt>
<trkpt lat="36.7541116" lon="128.0322741">
<ele>627.877</ele>
<time>2025-05-17T10:23:20Z</time>
<extensions>
<gpxtpx:TrackPointExtension>
<gpxtpx:hr>143</gpxtpx:hr>
</gpxtpx:TrackPointExtension>
</extensions>
</trkpt>
<trkpt lat="36.754106" lon="128.0322665">
<ele>627.739</ele>
<time>2025-05-17T10:23:21Z</time>
<extensions>
<gpxtpx:TrackPointExtension>
<gpxtpx:hr>143</gpxtpx:hr>
</gpxtpx:TrackPointExtension>
</extensions>
</trkpt>
<trkpt lat="36.7541001" lon="128.0322632">
<ele>627.739</ele>
<time>2025-05-17T10:23:22Z</time>
<extensions>
<gpxtpx:TrackPointExtension>
<gpxtpx:hr>143</gpxtpx:hr>
</gpxtpx:TrackPointExtension>
</extensions>
</trkpt>
<trkpt lat="36.7540963" lon="128.0322588">
<ele>627.24</ele>
<time>2025-05-17T10:23:25Z</time>
<extensions>
<gpxtpx:TrackPointExtension>
<gpxtpx:hr>145</gpxtpx:hr>
</gpxtpx:TrackPointExtension>
</extensions>
</trkpt>
<trkpt lat="36.7540961" lon="128.0322578">
<ele>627.178</ele>
<time>2025-05-17T10:23:26Z</time>
<extensions>
<gpxtpx:TrackPointExtension>
<gpxtpx:hr>145</gpxtpx:hr>
</gpxtpx:TrackPointExtension>
</extensions>
</trkpt>
<trkpt lat="36.7540927" lon="128.0322584">
<ele>627.21</ele>
<time>2025-05-17T10:23:27Z</time>
<extensions>
<gpxtpx:TrackPointExtension>
<gpxtpx:hr>145</gpxtpx:hr>
</gpxtpx:TrackPointExtension>
</extensions>
</trkpt>
<trkpt lat="36.7540912" lon="128.0322602">
<ele>626.939</ele>
<time>2025-05-17T10:23:28Z</time>
<extensions>
<gpxtpx:TrackPointExtension>
<gpxtpx:hr>145</gpxtpx:hr>
</gpxtpx:TrackPointExtension>
</extensions>
</trkpt>
<trkpt lat="36.7540897" lon="128.0322642">
<ele>626.718</ele>
<time>2025-05-17T10:23:29Z</time>
<extensions>
<gpxtpx:TrackPointExtension>
<gpxtpx:hr>145</gpxtpx:hr>
</gpxtpx:TrackPointExtension>
</extensions>
</trkpt>
<trkpt lat="36.7540873" lon="128.0322648">
<ele>626.45</ele>
<time>2025-05-17T10:23:30Z</time>
<extensions>
<gpxtpx:TrackPointExtension>
<gpxtpx:hr>146</gpxtpx:hr>
</gpxtpx:TrackPointExtension>
</extensions>
</trkpt>
<trkpt lat="36.754087" lon="128.0322641">
<ele>626.264</ele>
<time>2025-05-17T10:23:32Z</time>
<extensions>
<gpxtpx:TrackPointExtension>
<gpxtpx:hr>146</gpxtpx:hr>
</gpxtpx:TrackPointExtension>
</extensions>
</trkpt>
<trkpt lat="36.7540847" lon="128.0322644">
<ele>626.102</ele>
<time>2025-05-17T10:23:33Z</time>
<extensions>
<gpxtpx:TrackPointExtension>
<gpxtpx:hr>146</gpxtpx:hr>
</gpxtpx:TrackPointExtension>
</extensions>
</trkpt>
<trkpt lat="36.7540867" lon="128.0322665">
<ele>625.924</ele>
<time>2025-05-17T10:23:34Z</time>
<extensions>
<gpxtpx:TrackPointExtension>
<gpxtpx:hr>147</gpxtpx:hr>
</gpxtpx:TrackPointExtension>
</extensions>
</trkpt>
<trkpt lat="36.7540863" lon="128.0322679">
<ele>625.749</ele>
<time>2025-05-17T10:23:35Z</time>
<extensions>
<gpxtpx:TrackPointExtension>
<gpxtpx:hr>147</gpxtpx:hr>
</gpxtpx:TrackPointExtension>
</extensions>
</trkpt>
<trkpt lat="36.7540851" lon="128.0322697">
<ele>625.561</ele>
<time>2025-05-17T10:23:36Z</time>
<extensions>
<gpxtpx:TrackPointExtension>
<gpxtpx:hr>148</gpxtpx:hr>
</gpxtpx:TrackPointExtension>
</extensions>
</trkpt>
<trkpt lat="36.754083" lon="128.0322713">
<ele>625.341</ele>
<time>2025-05-17T10:23:37Z</time>
<extensions>
<gpxtpx:TrackPointExtension>
<gpxtpx:hr>148</gpxtpx:hr>
</gpxtpx:TrackPointExtension>
</extensions>
</trkpt>
<trkpt lat="36.75408" lon="128.0322694">
<ele>625.083</ele>
<time>2025-05-17T10:23:38Z</time>
<extensions>
<gpxtpx:TrackPointExtension>
<gpxtpx:hr>148</gpxtpx:hr>
</gpxtpx:TrackPointExtension>
</extensions>
</trkpt>
<trkpt lat="36.7540812" lon="128.0322722">
<ele>624.837</ele>
<time>2025-05-17T10:23:39Z</time>
<extensions>
<gpxtpx:TrackPointExtension>
<gpxtpx:hr>148</gpxtpx:hr>
</gpxtpx:TrackPointExtension>
</extensions>
</trkpt>
<trkpt lat="36.7540787" lon="128.0322704">
<ele>624.554</ele>
<time>2025-05-17T10:23:40Z</time>
<extensions>
<gpxtpx:TrackPointExtension>
<gpxtpx:hr>148</gpxtpx:hr>
</gpxtpx:TrackPointExtension>
</extensions>
</trkpt>
<trkpt lat="36.7540786" lon="128.0322704">
<ele>624.333</ele>
<time>2025-05-17T10:23:41Z</time>
<extensions>
<gpxtpx:TrackPointExtension>
<gpxtpx:hr>147</gpxtpx:hr>
</gpxtpx:TrackPointExtension>
</extensions>
</trkpt>
<trkpt lat="36.7540764" lon="128.0322699">
<ele>624.195</ele>
<time>2025-05-17T10:23:42Z</time>
<extensions>
<gpxtpx:TrackPointExtension>
<gpxtpx:hr>147</gpxtpx:hr>
</gpxtpx:TrackPointExtension>
</extensions>
</trkpt>
<trkpt lat="36.7540766" lon="128.0322709">
<ele>623.963</ele>
<time>2025-05-17T10:23:43Z</time>
<extensions>
<gpxtpx:TrackPointExtension>
<gpxtpx:hr>146</gpxtpx:hr>
</gpxtpx:TrackPointExtension>
</extensions>
</trkpt>
<trkpt lat="36.7540746" lon="128.0322706">
<ele>623.754</ele>
<time>2025-05-17T10:23:44Z</time>
<extensions>
<gpxtpx:TrackPointExtension>
<gpxtpx:hr>146</gpxtpx:hr>
</gpxtpx:TrackPointExtension>
</extensions>
</trkpt>
<trkpt lat="36.7540749" lon="128.0322732">
<ele>623.575</ele>
<time>2025-05-17T10:23:45Z</time>
<extensions>
<gpxtpx:TrackPointExtension>
<gpxtpx:hr>146</gpxtpx:hr>
</gpxtpx:TrackPointExtension>
</extensions>
</trkpt>
<trkpt lat="36.7540745" lon="128.0322775">
<ele>623.488</ele>
<time>2025-05-17T10:23:46Z</time>
<extensions>
<gpxtpx:TrackPointExtension>
<gpxtpx:hr>146</gpxtpx:hr>
</gpxtpx:TrackPointExtension>
</extensions>
</trkpt>
<trkpt lat="36.7540732" lon="128.0322794">
<ele>623.256</ele>
<time>2025-05-17T10:23:47Z</time>
<extensions>
<gpxtpx:TrackPointExtension>
<gpxtpx:hr>146</gpxtpx:hr>
</gpxtpx:TrackPointExtension>
</extensions>
</trkpt>
<trkpt lat="36.7540712" lon="128.0322813">
<ele>623.021</ele>
<time>2025-05-17T10:23:48Z</time>
<extensions>
<gpxtpx:TrackPointExtension>
<gpxtpx:hr>146</gpxtpx:hr>
</gpxtpx:TrackPointExtension>
</extensions>
</trkpt>
<trkpt lat="36.7540678" lon="128.0322836">
<ele>622.648</ele>
<time>2025-05-17T10:23:49Z</time>
<extensions>
<gpxtpx:TrackPointExtension>
<gpxtpx:hr>145</gpxtpx:hr>
</gpxtpx:TrackPointExtension>
</extensions>
</trkpt>
<trkpt lat="36.7540642" lon="128.0322873">
<ele>622.266</ele>
<time>2025-05-17T10:23:50Z</time>
<extensions>
<gpxtpx:TrackPointExtension>
<gpxtpx:hr>145</gpxtpx:hr>
</gpxtpx:TrackPointExtension>
</extensions>
</trkpt>
<trkpt lat="36.7540602" lon="128.0322918">
<ele>621.917</ele>
<time>2025-05-17T10:23:51Z</time>
<extensions>
<gpxtpx:TrackPointExtension>
<gpxtpx:hr>144</gpxtpx:hr>
</gpxtpx:TrackPointExtension>
</extensions>
</trkpt>
<trkpt lat="36.7540571" lon="128.0322928">
<ele>621.634</ele>
<time>2025-05-17T10:23:52Z</time>
<extensions>
<gpxtpx:TrackPointExtension>
<gpxtpx:hr>144</gpxtpx:hr>
</gpxtpx:TrackPointExtension>
</extensions>
</trkpt>
<trkpt lat="36.754056" lon="128.032299">
<ele>621.275</ele>
<time>2025-05-17T10:23:53Z</time>
<extensions>
<gpxtpx:TrackPointExtension>
<gpxtpx:hr>144</gpxtpx:hr>
</gpxtpx:TrackPointExtension>
</extensions>
</trkpt>
<trkpt lat="36.7540532" lon="128.0323038">
<ele>620.956</ele>
<time>2025-05-17T10:23:54Z</time>
<extensions>
<gpxtpx:TrackPointExtension>
<gpxtpx:hr>144</gpxtpx:hr>
</gpxtpx:TrackPointExtension>
</extensions>
</trkpt>
<trkpt lat="36.7540435" lon="128.032313">
<ele>620.679</ele>
<time>2025-05-17T10:23:55Z</time>
<extensions>
<gpxtpx:TrackPointExtension>
<gpxtpx:hr>144</gpxtpx:hr>
</gpxtpx:TrackPointExtension>
</extensions>
</trkpt>
<trkpt lat="36.7540361" lon="128.0323167">
<ele>620.399</ele>
<time>2025-05-17T10:23:56Z</time>
<extensions>
<gpxtpx:TrackPointExtension>
<gpxtpx:hr>144</gpxtpx:hr>
</gpxtpx:TrackPointExtension>
</extensions>
</trkpt>
<trkpt lat="36.7540295" lon="128.0323213">
<ele>620.17</ele>
<time>2025-05-17T10:23:57Z</time>
<extensions>
<gpxtpx:TrackPointExtension>
<gpxtpx:hr>144</gpxtpx:hr>
</gpxtpx:TrackPointExtension>
</extensions>
</trkpt>
<trkpt lat="36.7540276" lon="128.0323221">
<ele>619.862</ele>
<time>2025-05-17T10:23:58Z</time>
<extensions>
<gpxtpx:TrackPointExtension>
<gpxtpx:hr>143</gpxtpx:hr>
</gpxtpx:TrackPointExtension>
</extensions>
</trkpt>
<trkpt lat="36.7540231" lon="128.0323216">
<ele>619.604</ele>
<time>2025-05-17T10:23:59Z</time>
<extensions>
<gpxtpx:TrackPointExtension>
<gpxtpx:hr>143</gpxtpx:hr>
</gpxtpx:TrackPointExtension>
</extensions>
</trkpt>
<trkpt lat="36.7540152" lon="128.0323215">
<ele>619.357</ele>
<time>2025-05-17T10:24:00Z</time>
<extensions>
<gpxtpx:TrackPointExtension>
<gpxtpx:hr>144</gpxtpx:hr>
</gpxtpx:TrackPointExtension>
</extensions>
</trkpt>
<trkpt lat="36.7540116" lon="128.0323215">
<ele>619.087</ele>
<time>2025-05-17T10:24:01Z</time>
<extensions>
<gpxtpx:TrackPointExtension>
<gpxtpx:hr>144</gpxtpx:hr>
</gpxtpx:TrackPointExtension>
</extensions>
</trkpt>
<trkpt lat="36.754003" lon="128.0323216">
<ele>618.894</ele>
<time>2025-05-17T10:24:02Z</time>
<extensions>
<gpxtpx:TrackPointExtension>
<gpxtpx:hr>145</gpxtpx:hr>
</gpxtpx:TrackPointExtension>
</extensions>
</trkpt>
<trkpt lat="36.7539939" lon="128.0323224">
<ele>618.504</ele>
<time>2025-05-17T10:24:03Z</time>
<extensions>
<gpxtpx:TrackPointExtension>
<gpxtpx:hr>145</gpxtpx:hr>
</gpxtpx:TrackPointExtension>
</extensions>
</trkpt>
<trkpt lat="36.7539864" lon="128.0323216">
<ele>618.216</ele>
<time>2025-05-17T10:24:04Z</time>
<extensions>
<gpxtpx:TrackPointExtension>
<gpxtpx:hr>145</gpxtpx:hr>
</gpxtpx:TrackPointExtension>
</extensions>
</trkpt>
<trkpt lat="36.753972" lon="128.0323249">
<ele>617.958</ele>
<time>2025-05-17T10:24:05Z</time>
<extensions>
<gpxtpx:TrackPointExtension>
<gpxtpx:hr>145</gpxtpx:hr>
</gpxtpx:TrackPointExtension>
</extensions>
</trkpt>
<trkpt lat="36.753965" lon="128.0323272">
<ele>617.665</ele>
<time>2025-05-17T10:24:06Z</time>
<extensions>
<gpxtpx:TrackPointExtension>
<gpxtpx:hr>145</gpxtpx:hr>
</gpxtpx:TrackPointExtension>
</extensions>
</trkpt>
<trkpt lat="36.753962" lon="128.0323258">
<ele>617.408</ele>
<time>2025-05-17T10:24:07Z</time>
<extensions>
<gpxtpx:TrackPointExtension>
<gpxtpx:hr>145</gpxtpx:hr>
</gpxtpx:TrackPointExtension>
</extensions>
</trkpt>
<trkpt lat="36.7539584" lon="128.0323273">
<ele>617.215</ele>
<time>2025-05-17T10:24:08Z</time>
<extensions>
<gpxtpx:TrackPointExtension>
<gpxtpx:hr>145</gpxtpx:hr>
</gpxtpx:TrackPointExtension>
</extensions>
</trkpt>
<trkpt lat="36.7539523" lon="128.0323295">
<ele>616.921</ele>
<time>2025-05-17T10:24:09Z</time>
<extensions>
<gpxtpx:TrackPointExtension>
<gpxtpx:hr>145</gpxtpx:hr>
</gpxtpx:TrackPointExtension>
</extensions>
</trkpt>
<trkpt lat="36.753945" lon="128.0323329">
<ele>616.5</ele>
<time>2025-05-17T10:24:10Z</time>
<extensions>
<gpxtpx:TrackPointExtension>
<gpxtpx:hr>145</gpxtpx:hr>
</gpxtpx:TrackPointExtension>
</extensions>
</trkpt>
<trkpt lat="36.7539398" lon="128.0323348">
<ele>616.046</ele>
<time>2025-05-17T10:24:11Z</time>
<extensions>
<gpxtpx:TrackPointExtension>
<gpxtpx:hr>145</gpxtpx:hr>
</gpxtpx:TrackPointExtension>
</extensions>
</trkpt>
<trkpt lat="36.7539333" lon="128.0323388">
<ele>615.584</ele>
<time>2025-05-17T10:24:12Z</time>
<extensions>
<gpxtpx:TrackPointExtension>
<gpxtpx:hr>145</gpxtpx:hr>
</gpxtpx:TrackPointExtension>
</extensions>
</trkpt>
<trkpt lat="36.7539316" lon="128.0323436">
<ele>615.2</ele>
<time>2025-05-17T10:24:13Z</time>
<extensions>
<gpxtpx:TrackPointExtension>
<gpxtpx:hr>145</gpxtpx:hr>
</gpxtpx:TrackPointExtension>
</extensions>
</trkpt>
<trkpt lat="36.7539253" lon="128.0323492">
<ele>614.897</ele>
<time>2025-05-17T10:24:14Z</time>
<extensions>
<gpxtpx:TrackPointExtension>
<gpxtpx:hr>144</gpxtpx:hr>
</gpxtpx:TrackPointExtension>
</extensions>
</trkpt>
<trkpt lat="36.7539188" lon="128.0323551">
<ele>614.628</ele>
<time>2025-05-17T10:24:15Z</time>
<extensions>
<gpxtpx:TrackPointExtension>
<gpxtpx:hr>144</gpxtpx:hr>
</gpxtpx:TrackPointExtension>
</extensions>
</trkpt>
<trkpt lat="36.7539054" lon="128.0323604">
<ele>614.339</ele>
<time>2025-05-17T10:24:16Z</time>
<extensions>
<gpxtpx:TrackPointExtension>
<gpxtpx:hr>144</gpxtpx:hr>
</gpxtpx:TrackPointExtension>
</extensions>
</trkpt>
<trkpt lat="36.7538982" lon="128.0323599">
<ele>614.086</ele>
<time>2025-05-17T10:24:17Z</time>
<extensions>
<gpxtpx:TrackPointExtension>
<gpxtpx:hr>144</gpxtpx:hr>
</gpxtpx:TrackPointExtension>
</extensions>
</trkpt>
<trkpt lat="36.7538907" lon="128.0323575">
<ele>613.868</ele>
<time>2025-05-17T10:24:18Z</time>
<extensions>
<gpxtpx:TrackPointExtension>
<gpxtpx:hr>143</gpxtpx:hr>
</gpxtpx:TrackPointExtension>
</extensions>
</trkpt>
<trkpt lat="36.7538841" lon="128.0323522">
<ele>613.576</ele>
<time>2025-05-17T10:24:19Z</time>
<extensions>
<gpxtpx:TrackPointExtension>
<gpxtpx:hr>143</gpxtpx:hr>
</gpxtpx:TrackPointExtension>
</extensions>
</trkpt>
<trkpt lat="36.7538775" lon="128.0323549">
<ele>613.311</ele>
<time>2025-05-17T10:24:20Z</time>
<extensions>
<gpxtpx:TrackPointExtension>
<gpxtpx:hr>143</gpxtpx:hr>
</gpxtpx:TrackPointExtension>
</extensions>
</trkpt>
<trkpt lat="36.7538687" lon="128.0323561">
<ele>613.109</ele>
<time>2025-05-17T10:24:21Z</time>
<extensions>
<gpxtpx:TrackPointExtension>
<gpxtpx:hr>143</gpxtpx:hr>
</gpxtpx:TrackPointExtension>
</extensions>
</trkpt>
<trkpt lat="36.7538603" lon="128.0323587">
<ele>612.859</ele>
<time>2025-05-17T10:24:22Z</time>
<extensions>
<gpxtpx:TrackPointExtension>
<gpxtpx:hr>143</gpxtpx:hr>
</gpxtpx:TrackPointExtension>
</extensions>
</trkpt>
<trkpt lat="36.7538502" lon="128.0323602">
<ele>612.484</ele>
<time>2025-05-17T10:24:23Z</time>
<extensions>
<gpxtpx:TrackPointExtension>
<gpxtpx:hr>142</gpxtpx:hr>
</gpxtpx:TrackPointExtension>
</extensions>
</trkpt>
<trkpt lat="36.753841" lon="128.0323641">
<ele>612.236</ele>
<time>2025-05-17T10:24:24Z</time>
<extensions>
<gpxtpx:TrackPointExtension>
<gpxtpx:hr>142</gpxtpx:hr>
</gpxtpx:TrackPointExtension>
</extensions>
</trkpt>
<trkpt lat="36.7538336" lon="128.0323702">
<ele>611.897</ele>
<time>2025-05-17T10:24:25Z</time>
<extensions>
<gpxtpx:TrackPointExtension>
<gpxtpx:hr>141</gpxtpx:hr>
</gpxtpx:TrackPointExtension>
</extensions>
</trkpt>
<trkpt lat="36.7538277" lon="128.0323756">
<ele>611.981</ele>
<time>2025-05-17T10:24:26Z</time>
<extensions>
<gpxtpx:TrackPointExtension>
<gpxtpx:hr>141</gpxtpx:hr>
</gpxtpx:TrackPointExtension>
</extensions>
</trkpt>
<trkpt lat="36.7538235" lon="128.0323831">
<ele>611.558</ele>
<time>2025-05-17T10:24:27Z</time>
<extensions>
<gpxtpx:TrackPointExtension>
<gpxtpx:hr>141</gpxtpx:hr>
</gpxtpx:TrackPointExtension>
</extensions>
</trkpt>
<trkpt lat="36.7538164" lon="128.032397">
<ele>611.268</ele>
<time>2025-05-17T10:24:28Z</time>
<extensions>
<gpxtpx:TrackPointExtension>
<gpxtpx:hr>142</gpxtpx:hr>
</gpxtpx:TrackPointExtension>
</extensions>
</trkpt>
<trkpt lat="36.7538031" lon="128.0324137">
<ele>611.06</ele>
<time>2025-05-17T10:24:29Z</time>
<extensions>
<gpxtpx:TrackPointExtension>
<gpxtpx:hr>141</gpxtpx:hr>
</gpxtpx:TrackPointExtension>
</extensions>
</trkpt>
<trkpt lat="36.7537875" lon="128.0324231">
<ele>610.932</ele>
<time>2025-05-17T10:24:30Z</time>
<extensions>
<gpxtpx:TrackPointExtension>
<gpxtpx:hr>141</gpxtpx:hr>
</gpxtpx:TrackPointExtension>
</extensions>
</trkpt>
<trkpt lat="36.7537741" lon="128.0324345">
<ele>610.821</ele>
<time>2025-05-17T10:24:31Z</time>
<extensions>
<gpxtpx:TrackPointExtension>
<gpxtpx:hr>140</gpxtpx:hr>
</gpxtpx:TrackPointExtension>
</extensions>
</trkpt>
<trkpt lat="36.7537599" lon="128.032444">
<ele>610.704</ele>
<time>2025-05-17T10:24:32Z</time>
<extensions>
<gpxtpx:TrackPointExtension>
<gpxtpx:hr>139</gpxtpx:hr>
</gpxtpx:TrackPointExtension>
</extensions>
</trkpt>
<trkpt lat="36.7537484" lon="128.0324493">
<ele>610.573</ele>
<time>2025-05-17T10:24:33Z</time>
<extensions>
<gpxtpx:TrackPointExtension>
<gpxtpx:hr>139</gpxtpx:hr>
</gpxtpx:TrackPointExtension>
</extensions>
</trkpt>
<trkpt lat="36.7537358" lon="128.0324498">
<ele>610.475</ele>
<time>2025-05-17T10:24:34Z</time>
<extensions>
<gpxtpx:TrackPointExtension>
<gpxtpx:hr>138</gpxtpx:hr>
</gpxtpx:TrackPointExtension>
</extensions>
</trkpt>
<trkpt lat="36.753726" lon="128.0324509">
<ele>610.37</ele>
<time>2025-05-17T10:24:35Z</time>
<extensions>
<gpxtpx:TrackPointExtension>
<gpxtpx:hr>138</gpxtpx:hr>
</gpxtpx:TrackPointExtension>
</extensions>
</trkpt>
<trkpt lat="36.7537162" lon="128.0324472">
<ele>610.217</ele>
<time>2025-05-17T10:24:36Z</time>
<extensions>
<gpxtpx:TrackPointExtension>
<gpxtpx:hr>137</gpxtpx:hr>
</gpxtpx:TrackPointExtension>
</extensions>
</trkpt>
<trkpt lat="36.7537054" lon="128.0324408">
<ele>609.995</ele>
<time>2025-05-17T10:24:37Z</time>
<extensions>
<gpxtpx:TrackPointExtension>
<gpxtpx:hr>137</gpxtpx:hr>
</gpxtpx:TrackPointExtension>
</extensions>
</trkpt>
<trkpt lat="36.7536937" lon="128.0324358">
<ele>609.672</ele>
<time>2025-05-17T10:24:38Z</time>
<extensions>
<gpxtpx:TrackPointExtension>
<gpxtpx:hr>136</gpxtpx:hr>
</gpxtpx:TrackPointExtension>
</extensions>
</trkpt>
<trkpt lat="36.7536805" lon="128.0324297">
<ele>609.368</ele>
<time>2025-05-17T10:24:39Z</time>
<extensions>
<gpxtpx:TrackPointExtension>
<gpxtpx:hr>136</gpxtpx:hr>
</gpxtpx:TrackPointExtension>
</extensions>
</trkpt>
<trkpt lat="36.7536771" lon="128.0324278">
<ele>609.116</ele>
<time>2025-05-17T10:24:40Z</time>
<extensions>
<gpxtpx:TrackPointExtension>
<gpxtpx:hr>136</gpxtpx:hr>
</gpxtpx:TrackPointExtension>
</extensions>
</trkpt>
<trkpt lat="36.7536701" lon="128.0324269">
<ele>608.788</ele>
<time>2025-05-17T10:24:41Z</time>
<extensions>
<gpxtpx:TrackPointExtension>
<gpxtpx:hr>136</gpxtpx:hr>
</gpxtpx:TrackPointExtension>
</extensions>
</trkpt>
<trkpt lat="36.7536619" lon="128.0324277">
<ele>608.505</ele>
<time>2025-05-17T10:24:42Z</time>
<extensions>
<gpxtpx:TrackPointExtension>
<gpxtpx:hr>136</gpxtpx:hr>
</gpxtpx:TrackPointExtension>
</extensions>
</trkpt>
<trkpt lat="36.7536555" lon="128.032431">
<ele>608.21</ele>
<time>2025-05-17T10:24:43Z</time>
<extensions>
<gpxtpx:TrackPointExtension>
<gpxtpx:hr>136</gpxtpx:hr>
</gpxtpx:TrackPointExtension>
</extensions>
</trkpt>
<trkpt lat="36.7536489" lon="128.0324345">
<ele>607.969</ele>
<time>2025-05-17T10:24:44Z</time>
<extensions>
<gpxtpx:TrackPointExtension>
<gpxtpx:hr>135</gpxtpx:hr>
</gpxtpx:TrackPointExtension>
</extensions>
</trkpt>
<trkpt lat="36.7536429" lon="128.0324451">
<ele>607.651</ele>
<time>2025-05-17T10:24:45Z</time>
<extensions>
<gpxtpx:TrackPointExtension>
<gpxtpx:hr>135</gpxtpx:hr>
</gpxtpx:TrackPointExtension>
</extensions>
</trkpt>
<trkpt lat="36.7536419" lon="128.0324467">
<ele>607.31</ele>
<time>2025-05-17T10:24:46Z</time>
<extensions>
<gpxtpx:TrackPointExtension>
<gpxtpx:hr>134</gpxtpx:hr>
</gpxtpx:TrackPointExtension>
</extensions>
</trkpt>
<trkpt lat="36.7536318" lon="128.0324561">
<ele>606.924</ele>
<time>2025-05-17T10:24:47Z</time>
<extensions>
<gpxtpx:TrackPointExtension>
<gpxtpx:hr>134</gpxtpx:hr>
</gpxtpx:TrackPointExtension>
</extensions>
</trkpt>
<trkpt lat="36.7536252" lon="128.0324465">
<ele>606.765</ele>
<time>2025-05-17T10:24:48Z</time>
<extensions>
<gpxtpx:TrackPointExtension>
<gpxtpx:hr>134</gpxtpx:hr>
</gpxtpx:TrackPointExtension>
</extensions>
</trkpt>
<trkpt lat="36.7536197" lon="128.0324475">
<ele>606.638</ele>
<time>2025-05-17T10:24:49Z</time>
<extensions>
<gpxtpx:TrackPointExtension>
<gpxtpx:hr>133</gpxtpx:hr>
</gpxtpx:TrackPointExtension>
</extensions>
</trkpt>
<trkpt lat="36.753617" lon="128.0324499">
<ele>606.54</ele>
<time>2025-05-17T10:24:50Z</time>
<extensions>
<gpxtpx:TrackPointExtension>
<gpxtpx:hr>134</gpxtpx:hr>
</gpxtpx:TrackPointExtension>
</extensions>
</trkpt>
<trkpt lat="36.7536172" lon="128.0324516">
<ele>606.43</ele>
<time>2025-05-17T10:24:51Z</time>
<extensions>
<gpxtpx:TrackPointExtension>
<gpxtpx:hr>134</gpxtpx:hr>
</gpxtpx:TrackPointExtension>
</extensions>
</trkpt>
<trkpt lat="36.7536169" lon="128.0324513">
<ele>605.804</ele>
<time>2025-05-17T10:24:53Z</time>
<extensions>
<gpxtpx:TrackPointExtension>
<gpxtpx:hr>135</gpxtpx:hr>
</gpxtpx:TrackPointExtension>
</extensions>
</trkpt>
<trkpt lat="36.7536189" lon="128.0324492">
<ele>605.597</ele>
<time>2025-05-17T10:24:54Z</time>
<extensions>
<gpxtpx:TrackPointExtension>
<gpxtpx:hr>135</gpxtpx:hr>
</gpxtpx:TrackPointExtension>
</extensions>
</trkpt>
<trkpt lat="36.7536202" lon="128.0324456">
<ele>605.39</ele>
<time>2025-05-17T10:24:55Z</time>
<extensions>
<gpxtpx:TrackPointExtension>
<gpxtpx:hr>135</gpxtpx:hr>
</gpxtpx:TrackPointExtension>
</extensions>
</trkpt>
<trkpt lat="36.7536201" lon="128.032444">
<ele>605.061</ele>
<time>2025-05-17T10:24:56Z</time>
<extensions>
<gpxtpx:TrackPointExtension>
<gpxtpx:hr>135</gpxtpx:hr>
</gpxtpx:TrackPointExtension>
</extensions>
</trkpt>
<trkpt lat="36.7536159" lon="128.0324398">
<ele>604.769</ele>
<time>2025-05-17T10:24:57Z</time>
<extensions>
<gpxtpx:TrackPointExtension>
<gpxtpx:hr>136</gpxtpx:hr>
</gpxtpx:TrackPointExtension>
</extensions>
</trkpt>
<trkpt lat="36.7536075" lon="128.0324367">
<ele>604.42</ele>
<time>2025-05-17T10:24:58Z</time>
<extensions>
<gpxtpx:TrackPointExtension>
<gpxtpx:hr>136</gpxtpx:hr>
</gpxtpx:TrackPointExtension>
</extensions>
</trkpt>
<trkpt lat="36.753599" lon="128.0324343">
<ele>604.079</ele>
<time>2025-05-17T10:24:59Z</time>
<extensions>
<gpxtpx:TrackPointExtension>
<gpxtpx:hr>137</gpxtpx:hr>
</gpxtpx:TrackPointExtension>
</extensions>
</trkpt>
<trkpt lat="36.7535912" lon="128.0324307">
<ele>603.716</ele>
<time>2025-05-17T10:25:00Z</time>
<extensions>
<gpxtpx:TrackPointExtension>
<gpxtpx:hr>137</gpxtpx:hr>
</gpxtpx:TrackPointExtension>
</extensions>
</trkpt>
<trkpt lat="36.753582" lon="128.0324266">
<ele>603.415</ele>
<time>2025-05-17T10:25:01Z</time>
<extensions>
<gpxtpx:TrackPointExtension>
<gpxtpx:hr>137</gpxtpx:hr>
</gpxtpx:TrackPointExtension>
</extensions>
</trkpt>
<trkpt lat="36.7535752" lon="128.0324207">
<ele>603.085</ele>
<time>2025-05-17T10:25:02Z</time>
<extensions>
<gpxtpx:TrackPointExtension>
<gpxtpx:hr>137</gpxtpx:hr>
</gpxtpx:TrackPointExtension>
</extensions>
</trkpt>
<trkpt lat="36.7535704" lon="128.0324154">
<ele>602.729</ele>
<time>2025-05-17T10:25:03Z</time>
<extensions>
<gpxtpx:TrackPointExtension>
<gpxtpx:hr>138</gpxtpx:hr>
</gpxtpx:TrackPointExtension>
</extensions>
</trkpt>
<trkpt lat="36.7535587" lon="128.032415">
<ele>602.49</ele>
<time>2025-05-17T10:25:04Z</time>
<extensions>
<gpxtpx:TrackPointExtension>
<gpxtpx:hr>138</gpxtpx:hr>
</gpxtpx:TrackPointExtension>
</extensions>
</trkpt>
<trkpt lat="36.7535491" lon="128.0324157">
<ele>602.331</ele>
<time>2025-05-17T10:25:05Z</time>
<extensions>
<gpxtpx:TrackPointExtension>
<gpxtpx:hr>138</gpxtpx:hr>
</gpxtpx:TrackPointExtension>
</extensions>
</trkpt>
<trkpt lat="36.7535364" lon="128.0324153">
<ele>602.022</ele>
<time>2025-05-17T10:25:06Z</time>
<extensions>
<gpxtpx:TrackPointExtension>
<gpxtpx:hr>139</gpxtpx:hr>
</gpxtpx:TrackPointExtension>
</extensions>
</trkpt>
<trkpt lat="36.7535236" lon="128.0324152">
<ele>601.68</ele>
<time>2025-05-17T10:25:07Z</time>
<extensions>
<gpxtpx:TrackPointExtension>
<gpxtpx:hr>139</gpxtpx:hr>
</gpxtpx:TrackPointExtension>
</extensions>
</trkpt>
<trkpt lat="36.7535181" lon="128.0324164">
<ele>601.487</ele>
<time>2025-05-17T10:25:08Z</time>
<extensions>
<gpxtpx:TrackPointExtension>
<gpxtpx:hr>140</gpxtpx:hr>
</gpxtpx:TrackPointExtension>
</extensions>
</trkpt>
<trkpt lat="36.7535124" lon="128.0324187">
<ele>601.232</ele>
<time>2025-05-17T10:25:09Z</time>
<extensions>
<gpxtpx:TrackPointExtension>
<gpxtpx:hr>139</gpxtpx:hr>
</gpxtpx:TrackPointExtension>
</extensions>
</trkpt>
<trkpt lat="36.7535059" lon="128.0324245">
<ele>600.97</ele>
<time>2025-05-17T10:25:10Z</time>
<extensions>
<gpxtpx:TrackPointExtension>
<gpxtpx:hr>139</gpxtpx:hr>
</gpxtpx:TrackPointExtension>
</extensions>
</trkpt>
<trkpt lat="36.7534997" lon="128.0324286">
<ele>600.693</ele>
<time>2025-05-17T10:25:11Z</time>
<extensions>
<gpxtpx:TrackPointExtension>
<gpxtpx:hr>139</gpxtpx:hr>
</gpxtpx:TrackPointExtension>
</extensions>
</trkpt>
<trkpt lat="36.7534992" lon="128.0324341">
<ele>600.317</ele>
<time>2025-05-17T10:25:12Z</time>
<extensions>
<gpxtpx:TrackPointExtension>
<gpxtpx:hr>138</gpxtpx:hr>
</gpxtpx:TrackPointExtension>
</extensions>
</trkpt>
<trkpt lat="36.7535015" lon="128.0324355">
<ele>600.023</ele>
<time>2025-05-17T10:25:13Z</time>
<extensions>
<gpxtpx:TrackPointExtension>
<gpxtpx:hr>138</gpxtpx:hr>
</gpxtpx:TrackPointExtension>
</extensions>
</trkpt>
<trkpt lat="36.7534998" lon="128.0324355">
<ele>599.737</ele>
<time>2025-05-17T10:25:14Z</time>
<extensions>
<gpxtpx:TrackPointExtension>
<gpxtpx:hr>138</gpxtpx:hr>
</gpxtpx:TrackPointExtension>
</extensions>
</trkpt>
<trkpt lat="36.7534953" lon="128.0324382">
<ele>599.496</ele>
<time>2025-05-17T10:25:15Z</time>
<extensions>
<gpxtpx:TrackPointExtension>
<gpxtpx:hr>138</gpxtpx:hr>
</gpxtpx:TrackPointExtension>
</extensions>
</trkpt>
<trkpt lat="36.7534902" lon="128.0324436">
<ele>599.351</ele>
<time>2025-05-17T10:25:16Z</time>
<extensions>
<gpxtpx:TrackPointExtension>
<gpxtpx:hr>138</gpxtpx:hr>
</gpxtpx:TrackPointExtension>
</extensions>
</trkpt>
<trkpt lat="36.7534853" lon="128.0324484">
<ele>599.135</ele>
<time>2025-05-17T10:25:17Z</time>
<extensions>
<gpxtpx:TrackPointExtension>
<gpxtpx:hr>138</gpxtpx:hr>
</gpxtpx:TrackPointExtension>
</extensions>
</trkpt>
<trkpt lat="36.7534833" lon="128.032446">
<ele>599.025</ele>
<time>2025-05-17T10:25:18Z</time>
<extensions>
<gpxtpx:TrackPointExtension>
<gpxtpx:hr>138</gpxtpx:hr>
</gpxtpx:TrackPointExtension>
</extensions>
</trkpt>
<trkpt lat="36.7534777" lon="128.0324528">
<ele>598.79</ele>
<time>2025-05-17T10:25:19Z</time>
<extensions>
<gpxtpx:TrackPointExtension>
<gpxtpx:hr>138</gpxtpx:hr>
</gpxtpx:TrackPointExtension>
</extensions>
</trkpt>
<trkpt lat="36.7534772" lon="128.0324503">
<ele>598.474</ele>
<time>2025-05-17T10:25:20Z</time>
<extensions>
<gpxtpx:TrackPointExtension>
<gpxtpx:hr>139</gpxtpx:hr>
</gpxtpx:TrackPointExtension>
</extensions>
</trkpt>
<trkpt lat="36.7534796" lon="128.0324464">
<ele>598.205</ele>
<time>2025-05-17T10:25:21Z</time>
<extensions>
<gpxtpx:TrackPointExtension>
<gpxtpx:hr>139</gpxtpx:hr>
</gpxtpx:TrackPointExtension>
</extensions>
</trkpt>
<trkpt lat="36.7534817" lon="128.0324444">
<ele>597.98</ele>
<time>2025-05-17T10:25:22Z</time>
<extensions>
<gpxtpx:TrackPointExtension>
<gpxtpx:hr>138</gpxtpx:hr>
</gpxtpx:TrackPointExtension>
</extensions>
</trkpt>
<trkpt lat="36.7534791" lon="128.0324389">
<ele>597.52</ele>
<time>2025-05-17T10:25:23Z</time>
<extensions>
<gpxtpx:TrackPointExtension>
<gpxtpx:hr>138</gpxtpx:hr>
</gpxtpx:TrackPointExtension>
</extensions>
</trkpt>
<trkpt lat="36.7534692" lon="128.0324326">
<ele>597.144</ele>
<time>2025-05-17T10:25:24Z</time>
<extensions>
<gpxtpx:TrackPointExtension>
<gpxtpx:hr>137</gpxtpx:hr>
</gpxtpx:TrackPointExtension>
</extensions>
</trkpt>
<trkpt lat="36.7534584" lon="128.0324274">
<ele>596.742</ele>
<time>2025-05-17T10:25:25Z</time>
<extensions>
<gpxtpx:TrackPointExtension>
<gpxtpx:hr>137</gpxtpx:hr>
</gpxtpx:TrackPointExtension>
</extensions>
</trkpt>
<trkpt lat="36.753444" lon="128.0324235">
<ele>596.401</ele>
<time>2025-05-17T10:25:26Z</time>
<extensions>
<gpxtpx:TrackPointExtension>
<gpxtpx:hr>136</gpxtpx:hr>
</gpxtpx:TrackPointExtension>
</extensions>
</trkpt>
<trkpt lat="36.7534313" lon="128.0324269">
<ele>596.18</ele>
<time>2025-05-17T10:25:27Z</time>
<extensions>
<gpxtpx:TrackPointExtension>
<gpxtpx:hr>135</gpxtpx:hr>
</gpxtpx:TrackPointExtension>
</extensions>
</trkpt>
<trkpt lat="36.7534231" lon="128.0324269">
<ele>595.86</ele>
<time>2025-05-17T10:25:28Z</time>
<extensions>
<gpxtpx:TrackPointExtension>
<gpxtpx:hr>135</gpxtpx:hr>
</gpxtpx:TrackPointExtension>
</extensions>
</trkpt>
<trkpt lat="36.7534196" lon="128.0324259">
<ele>595.596</ele>
<time>2025-05-17T10:25:29Z</time>
<extensions>
<gpxtpx:TrackPointExtension>
<gpxtpx:hr>135</gpxtpx:hr>
</gpxtpx:TrackPointExtension>
</extensions>
</trkpt>
<trkpt lat="36.7534139" lon="128.032432">
<ele>595.353</ele>
<time>2025-05-17T10:25:30Z</time>
<extensions>
<gpxtpx:TrackPointExtension>
<gpxtpx:hr>135</gpxtpx:hr>
</gpxtpx:TrackPointExtension>
</extensions>
</trkpt>
<trkpt lat="36.7534084" lon="128.0324412">
<ele>595.039</ele>
<time>2025-05-17T10:25:31Z</time>
<extensions>
<gpxtpx:TrackPointExtension>
<gpxtpx:hr>135</gpxtpx:hr>
</gpxtpx:TrackPointExtension>
</extensions>
</trkpt>
<trkpt lat="36.7534012" lon="128.0324479">
<ele>594.699</ele>
<time>2025-05-17T10:25:32Z</time>
<extensions>
<gpxtpx:TrackPointExtension>
<gpxtpx:hr>136</gpxtpx:hr>
</gpxtpx:TrackPointExtension>
</extensions>
</trkpt>
<trkpt lat="36.7533886" lon="128.0324511">
<ele>594.384</ele>
<time>2025-05-17T10:25:33Z</time>
<extensions>
<gpxtpx:TrackPointExtension>
<gpxtpx:hr>136</gpxtpx:hr>
</gpxtpx:TrackPointExtension>
</extensions>
</trkpt>
<trkpt lat="36.7533854" lon="128.0324565">
<ele>594.093</ele>
<time>2025-05-17T10:25:34Z</time>
<extensions>
<gpxtpx:TrackPointExtension>
<gpxtpx:hr>136</gpxtpx:hr>
</gpxtpx:TrackPointExtension>
</extensions>
</trkpt>
<trkpt lat="36.7533802" lon="128.0324575">
<ele>593.815</ele>
<time>2025-05-17T10:25:35Z</time>
<extensions>
<gpxtpx:TrackPointExtension>
<gpxtpx:hr>136</gpxtpx:hr>
</gpxtpx:TrackPointExtension>
</extensions>
</trkpt>
<trkpt lat="36.753376" lon="128.0324602">
<ele>593.532</ele>
<time>2025-05-17T10:25:36Z</time>
<extensions>
<gpxtpx:TrackPointExtension>
<gpxtpx:hr>137</gpxtpx:hr>
</gpxtpx:TrackPointExtension>
</extensions>
</trkpt>
<trkpt lat="36.7533678" lon="128.0324613">
<ele>593.107</ele>
<time>2025-05-17T10:25:37Z</time>
<extensions>
<gpxtpx:TrackPointExtension>
<gpxtpx:hr>137</gpxtpx:hr>
</gpxtpx:TrackPointExtension>
</extensions>
</trkpt>
<trkpt lat="36.7533607" lon="128.0324681">
<ele>592.749</ele>
<time>2025-05-17T10:25:38Z</time>
<extensions>
<gpxtpx:TrackPointExtension>
<gpxtpx:hr>137</gpxtpx:hr>
</gpxtpx:TrackPointExtension>
</extensions>
</trkpt>
<trkpt lat="36.7533528" lon="128.0324689">
<ele>592.485</ele>
<time>2025-05-17T10:25:39Z</time>
<extensions>
<gpxtpx:TrackPointExtension>
<gpxtpx:hr>138</gpxtpx:hr>
</gpxtpx:TrackPointExtension>
</extensions>
</trkpt>
<trkpt lat="36.7533476" lon="128.0324729">
<ele>592.247</ele>
<time>2025-05-17T10:25:40Z</time>
<extensions>
<gpxtpx:TrackPointExtension>
<gpxtpx:hr>138</gpxtpx:hr>
</gpxtpx:TrackPointExtension>
</extensions>
</trkpt>
<trkpt lat="36.7533422" lon="128.0324813">
<ele>591.928</ele>
<time>2025-05-17T10:25:41Z</time>
<extensions>
<gpxtpx:TrackPointExtension>
<gpxtpx:hr>138</gpxtpx:hr>
</gpxtpx:TrackPointExtension>
</extensions>
</trkpt>
<trkpt lat="36.7533345" lon="128.03249">
<ele>591.609</ele>
<time>2025-05-17T10:25:42Z</time>
<extensions>
<gpxtpx:TrackPointExtension>
<gpxtpx:hr>138</gpxtpx:hr>
</gpxtpx:TrackPointExtension>
</extensions>
</trkpt>
<trkpt lat="36.7533302" lon="128.0325009">
<ele>591.186</ele>
<time>2025-05-17T10:25:43Z</time>
<extensions>
<gpxtpx:TrackPointExtension>
<gpxtpx:hr>138</gpxtpx:hr>
</gpxtpx:TrackPointExtension>
</extensions>
</trkpt>
<trkpt lat="36.753326" lon="128.0325168">
<ele>590.858</ele>
<time>2025-05-17T10:25:44Z</time>
<extensions>
<gpxtpx:TrackPointExtension>
<gpxtpx:hr>138</gpxtpx:hr>
</gpxtpx:TrackPointExtension>
</extensions>
</trkpt>
<trkpt lat="36.7533215" lon="128.0325262">
<ele>590.495</ele>
<time>2025-05-17T10:25:45Z</time>
<extensions>
<gpxtpx:TrackPointExtension>
<gpxtpx:hr>138</gpxtpx:hr>
</gpxtpx:TrackPointExtension>
</extensions>
</trkpt>
<trkpt lat="36.7533199" lon="128.0325358">
<ele>590.168</ele>
<time>2025-05-17T10:25:46Z</time>
<extensions>
<gpxtpx:TrackPointExtension>
<gpxtpx:hr>139</gpxtpx:hr>
</gpxtpx:TrackPointExtension>
</extensions>
</trkpt>
<trkpt lat="36.7533156" lon="128.0325447">
<ele>589.881</ele>
<time>2025-05-17T10:25:47Z</time>
<extensions>
<gpxtpx:TrackPointExtension>
<gpxtpx:hr>139</gpxtpx:hr>
</gpxtpx:TrackPointExtension>
</extensions>
</trkpt>
<trkpt lat="36.7533108" lon="128.0325498">
<ele>589.683</ele>
<time>2025-05-17T10:25:48Z</time>
<extensions>
<gpxtpx:TrackPointExtension>
<gpxtpx:hr>138</gpxtpx:hr>
</gpxtpx:TrackPointExtension>
</extensions>
</trkpt>
<trkpt lat="36.7533084" lon="128.0325504">
<ele>589.448</ele>
<time>2025-05-17T10:25:49Z</time>
<extensions>
<gpxtpx:TrackPointExtension>
<gpxtpx:hr>138</gpxtpx:hr>
</gpxtpx:TrackPointExtension>
</extensions>
</trkpt>
<trkpt lat="36.7533062" lon="128.032547">
<ele>589.229</ele>
<time>2025-05-17T10:25:50Z</time>
<extensions>
<gpxtpx:TrackPointExtension>
<gpxtpx:hr>138</gpxtpx:hr>
</gpxtpx:TrackPointExtension>
</extensions>
</trkpt>
<trkpt lat="36.7532929" lon="128.0325432">
<ele>589.038</ele>
<time>2025-05-17T10:25:51Z</time>
<extensions>
<gpxtpx:TrackPointExtension>
<gpxtpx:hr>138</gpxtpx:hr>
</gpxtpx:TrackPointExtension>
</extensions>
</trkpt>
<trkpt lat="36.7532923" lon="128.0325378">
<ele>588.834</ele>
<time>2025-05-17T10:25:52Z</time>
<extensions>
<gpxtpx:TrackPointExtension>
<gpxtpx:hr>138</gpxtpx:hr>
</gpxtpx:TrackPointExtension>
</extensions>
</trkpt>
<trkpt lat="36.753298" lon="128.0325265">
<ele>588.614</ele>
<time>2025-05-17T10:25:53Z</time>
<extensions>
<gpxtpx:TrackPointExtension>
<gpxtpx:hr>138</gpxtpx:hr>
</gpxtpx:TrackPointExtension>
</extensions>
</trkpt>
<trkpt lat="36.753299" lon="128.0325217">
<ele>588.354</ele>
<time>2025-05-17T10:25:54Z</time>
<extensions>
<gpxtpx:TrackPointExtension>
<gpxtpx:hr>138</gpxtpx:hr>
</gpxtpx:TrackPointExtension>
</extensions>
</trkpt>
<trkpt lat="36.7532975" lon="128.032514">
<ele>588.012</ele>
<time>2025-05-17T10:25:55Z</time>
<extensions>
<gpxtpx:TrackPointExtension>
<gpxtpx:hr>138</gpxtpx:hr>
</gpxtpx:TrackPointExtension>
</extensions>
</trkpt>
<trkpt lat="36.7532862" lon="128.0324971">
<ele>587.717</ele>
<time>2025-05-17T10:25:56Z</time>
<extensions>
<gpxtpx:TrackPointExtension>
<gpxtpx:hr>138</gpxtpx:hr>
</gpxtpx:TrackPointExtension>
</extensions>
</trkpt>
<trkpt lat="36.7532791" lon="128.032493">
<ele>587.514</ele>
<time>2025-05-17T10:25:57Z</time>
<extensions>
<gpxtpx:TrackPointExtension>
<gpxtpx:hr>138</gpxtpx:hr>
</gpxtpx:TrackPointExtension>
</extensions>
</trkpt>
<trkpt lat="36.7532746" lon="128.0324842">
<ele>587.217</ele>
<time>2025-05-17T10:25:58Z</time>
<extensions>
<gpxtpx:TrackPointExtension>
<gpxtpx:hr>137</gpxtpx:hr>
</gpxtpx:TrackPointExtension>
</extensions>
</trkpt>
<trkpt lat="36.7532663" lon="128.0324708">
<ele>587.051</ele>
<time>2025-05-17T10:25:59Z</time>
<extensions>
<gpxtpx:TrackPointExtension>
<gpxtpx:hr>137</gpxtpx:hr>
</gpxtpx:TrackPointExtension>
</extensions>
</trkpt>
<trkpt lat="36.753259" lon="128.0324683">
<ele>586.82</ele>
<time>2025-05-17T10:26:00Z</time>
<extensions>
<gpxtpx:TrackPointExtension>
<gpxtpx:hr>137</gpxtpx:hr>
</gpxtpx:TrackPointExtension>
</extensions>
</trkpt>
<trkpt lat="36.7532482" lon="128.0324717">
<ele>586.471</ele>
<time>2025-05-17T10:26:01Z</time>
<extensions>
<gpxtpx:TrackPointExtension>
<gpxtpx:hr>137</gpxtpx:hr>
</gpxtpx:TrackPointExtension>
</extensions>
</trkpt>
<trkpt lat="36.753246" lon="128.0324695">
<ele>586.122</ele>
<time>2025-05-17T10:26:02Z</time>
<extensions>
<gpxtpx:TrackPointExtension>
<gpxtpx:hr>137</gpxtpx:hr>
</gpxtpx:TrackPointExtension>
</extensions>
</trkpt>
<trkpt lat="36.7532452" lon="128.0324737">
<ele>585.844</ele>
<time>2025-05-17T10:26:03Z</time>
<extensions>
<gpxtpx:TrackPointExtension>
<gpxtpx:hr>137</gpxtpx:hr>
</gpxtpx:TrackPointExtension>
</extensions>
</trkpt>
<trkpt lat="36.7532413" lon="128.0324774">
<ele>585.502</ele>
<time>2025-05-17T10:26:04Z</time>
<extensions>
<gpxtpx:TrackPointExtension>
<gpxtpx:hr>137</gpxtpx:hr>
</gpxtpx:TrackPointExtension>
</extensions>
</trkpt>
<trkpt lat="36.7532394" lon="128.0324855">
<ele>585.19</ele>
<time>2025-05-17T10:26:05Z</time>
<extensions>
<gpxtpx:TrackPointExtension>
<gpxtpx:hr>137</gpxtpx:hr>
</gpxtpx:TrackPointExtension>
</extensions>
</trkpt>
<trkpt lat="36.7532364" lon="128.0324968">
<ele>584.945</ele>
<time>2025-05-17T10:26:06Z</time>
<extensions>
<gpxtpx:TrackPointExtension>
<gpxtpx:hr>137</gpxtpx:hr>
</gpxtpx:TrackPointExtension>
</extensions>
</trkpt>
<trkpt lat="36.753233" lon="128.0325134">
<ele>584.668</ele>
<time>2025-05-17T10:26:07Z</time>
<extensions>
<gpxtpx:TrackPointExtension>
<gpxtpx:hr>136</gpxtpx:hr>
</gpxtpx:TrackPointExtension>
</extensions>
</trkpt>
<trkpt lat="36.7532275" lon="128.0325224">
<ele>584.347</ele>
<time>2025-05-17T10:26:08Z</time>
<extensions>
<gpxtpx:TrackPointExtension>
<gpxtpx:hr>136</gpxtpx:hr>
</gpxtpx:TrackPointExtension>
</extensions>
</trkpt>
<trkpt lat="36.7532264" lon="128.0325317">
<ele>584.099</ele>
<time>2025-05-17T10:26:09Z</time>
<extensions>
<gpxtpx:TrackPointExtension>
<gpxtpx:hr>136</gpxtpx:hr>
</gpxtpx:TrackPointExtension>
</extensions>
</trkpt>
<trkpt lat="36.7532257" lon="128.0325356">
<ele>583.813</ele>
<time>2025-05-17T10:26:10Z</time>
<extensions>
<gpxtpx:TrackPointExtension>
<gpxtpx:hr>136</gpxtpx:hr>
</gpxtpx:TrackPointExtension>
</extensions>
</trkpt>
<trkpt lat="36.7532235" lon="128.0325384">
<ele>583.493</ele>
<time>2025-05-17T10:26:11Z</time>
<extensions>
<gpxtpx:TrackPointExtension>
<gpxtpx:hr>136</gpxtpx:hr>
</gpxtpx:TrackPointExtension>
</extensions>
</trkpt>
<trkpt lat="36.7532163" lon="128.0325459">
<ele>583.233</ele>
<time>2025-05-17T10:26:12Z</time>
<extensions>
<gpxtpx:TrackPointExtension>
<gpxtpx:hr>136</gpxtpx:hr>
</gpxtpx:TrackPointExtension>
</extensions>
</trkpt>
<trkpt lat="36.7532069" lon="128.0325502">
<ele>583.102</ele>
<time>2025-05-17T10:26:13Z</time>
<extensions>
<gpxtpx:TrackPointExtension>
<gpxtpx:hr>136</gpxtpx:hr>
</gpxtpx:TrackPointExtension>
</extensions>
</trkpt>
<trkpt lat="36.7532006" lon="128.0325533">
<ele>582.858</ele>
<time>2025-05-17T10:26:14Z</time>
<extensions>
<gpxtpx:TrackPointExtension>
<gpxtpx:hr>136</gpxtpx:hr>
</gpxtpx:TrackPointExtension>
</extensions>
</trkpt>
<trkpt lat="36.753181" lon="128.0325536">
<ele>582.543</ele>
<time>2025-05-17T10:26:15Z</time>
<extensions>
<gpxtpx:TrackPointExtension>
<gpxtpx:hr>136</gpxtpx:hr>
</gpxtpx:TrackPointExtension>
</extensions>
</trkpt>
<trkpt lat="36.7531717" lon="128.0325521">
<ele>582.315</ele>
<time>2025-05-17T10:26:16Z</time>
<extensions>
<gpxtpx:TrackPointExtension>
<gpxtpx:hr>136</gpxtpx:hr>
</gpxtpx:TrackPointExtension>
</extensions>
</trkpt>
<trkpt lat="36.7531637" lon="128.0325482">
<ele>582.077</ele>
<time>2025-05-17T10:26:17Z</time>
<extensions>
<gpxtpx:TrackPointExtension>
<gpxtpx:hr>136</gpxtpx:hr>
</gpxtpx:TrackPointExtension>
</extensions>
</trkpt>
<trkpt lat="36.7531521" lon="128.0325473">
<ele>581.828</ele>
<time>2025-05-17T10:26:18Z</time>
<extensions>
<gpxtpx:TrackPointExtension>
<gpxtpx:hr>136</gpxtpx:hr>
</gpxtpx:TrackPointExtension>
</extensions>
</trkpt>
<trkpt lat="36.7531463" lon="128.0325445">
<ele>581.555</ele>
<time>2025-05-17T10:26:19Z</time>
<extensions>
<gpxtpx:TrackPointExtension>
<gpxtpx:hr>136</gpxtpx:hr>
</gpxtpx:TrackPointExtension>
</extensions>
</trkpt>
<trkpt lat="36.7531454" lon="128.0325449">
<ele>581.281</ele>
<time>2025-05-17T10:26:20Z</time>
<extensions>
<gpxtpx:TrackPointExtension>
<gpxtpx:hr>137</gpxtpx:hr>
</gpxtpx:TrackPointExtension>
</extensions>
</trkpt>
<trkpt lat="36.7531466" lon="128.0325464">
<ele>581.046</ele>
<time>2025-05-17T10:26:21Z</time>
<extensions>
<gpxtpx:TrackPointExtension>
<gpxtpx:hr>137</gpxtpx:hr>
</gpxtpx:TrackPointExtension>
</extensions>
</trkpt>
<trkpt lat="36.7531485" lon="128.0325522">
<ele>580.756</ele>
<time>2025-05-17T10:26:22Z</time>
<extensions>
<gpxtpx:TrackPointExtension>
<gpxtpx:hr>137</gpxtpx:hr>
</gpxtpx:TrackPointExtension>
</extensions>
</trkpt>
<trkpt lat="36.7531489" lon="128.0325588">
<ele>580.474</ele>
<time>2025-05-17T10:26:23Z</time>
<extensions>
<gpxtpx:TrackPointExtension>
<gpxtpx:hr>137</gpxtpx:hr>
</gpxtpx:TrackPointExtension>
</extensions>
</trkpt>
<trkpt lat="36.7531515" lon="128.0325628">
<ele>580.224</ele>
<time>2025-05-17T10:26:24Z</time>
<extensions>
<gpxtpx:TrackPointExtension>
<gpxtpx:hr>137</gpxtpx:hr>
</gpxtpx:TrackPointExtension>
</extensions>
</trkpt>
<trkpt lat="36.7531497" lon="128.0325691">
<ele>579.941</ele>
<time>2025-05-17T10:26:25Z</time>
<extensions>
<gpxtpx:TrackPointExtension>
<gpxtpx:hr>138</gpxtpx:hr>
</gpxtpx:TrackPointExtension>
</extensions>
</trkpt>
<trkpt lat="36.7531482" lon="128.0325713">
<ele>579.685</ele>
<time>2025-05-17T10:26:26Z</time>
<extensions>
<gpxtpx:TrackPointExtension>
<gpxtpx:hr>138</gpxtpx:hr>
</gpxtpx:TrackPointExtension>
</extensions>
</trkpt>
<trkpt lat="36.7531446" lon="128.0325756">
<ele>579.419</ele>
<time>2025-05-17T10:26:27Z</time>
<extensions>
<gpxtpx:TrackPointExtension>
<gpxtpx:hr>138</gpxtpx:hr>
</gpxtpx:TrackPointExtension>
</extensions>
</trkpt>
<trkpt lat="36.7531405" lon="128.0325732">
<ele>579.171</ele>
<time>2025-05-17T10:26:28Z</time>
<extensions>
<gpxtpx:TrackPointExtension>
<gpxtpx:hr>138</gpxtpx:hr>
</gpxtpx:TrackPointExtension>
</extensions>
</trkpt>
<trkpt lat="36.7531343" lon="128.0325772">
<ele>578.88</ele>
<time>2025-05-17T10:26:29Z</time>
<extensions>
<gpxtpx:TrackPointExtension>
<gpxtpx:hr>139</gpxtpx:hr>
</gpxtpx:TrackPointExtension>
</extensions>
</trkpt>
<trkpt lat="36.75313" lon="128.0325756">
<ele>578.674</ele>
<time>2025-05-17T10:26:30Z</time>
<extensions>
<gpxtpx:TrackPointExtension>
<gpxtpx:hr>139</gpxtpx:hr>
</gpxtpx:TrackPointExtension>
</extensions>
</trkpt>
<trkpt lat="36.7531205" lon="128.0325725">
<ele>578.402</ele>
<time>2025-05-17T10:26:31Z</time>
<extensions>
<gpxtpx:TrackPointExtension>
<gpxtpx:hr>138</gpxtpx:hr>
</gpxtpx:TrackPointExtension>
</extensions>
</trkpt>
<trkpt lat="36.7531071" lon="128.0325656">
<ele>578.173</ele>
<time>2025-05-17T10:26:32Z</time>
<extensions>
<gpxtpx:TrackPointExtension>
<gpxtpx:hr>138</gpxtpx:hr>
</gpxtpx:TrackPointExtension>
</extensions>
</trkpt>
<trkpt lat="36.7531029" lon="128.0325605">
<ele>577.957</ele>
<time>2025-05-17T10:26:33Z</time>
<extensions>
<gpxtpx:TrackPointExtension>
<gpxtpx:hr>138</gpxtpx:hr>
</gpxtpx:TrackPointExtension>
</extensions>
</trkpt>
<trkpt lat="36.7530929" lon="128.0325541">
<ele>577.716</ele>
<time>2025-05-17T10:26:34Z</time>
<extensions>
<gpxtpx:TrackPointExtension>
<gpxtpx:hr>138</gpxtpx:hr>
</gpxtpx:TrackPointExtension>
</extensions>
</trkpt>
<trkpt lat="36.7530864" lon="128.0325503">
<ele>577.551</ele>
<time>2025-05-17T10:26:35Z</time>
<extensions>
<gpxtpx:TrackPointExtension>
<gpxtpx:hr>138</gpxtpx:hr>
</gpxtpx:TrackPointExtension>
</extensions>
</trkpt>
<trkpt lat="36.7530813" lon="128.0325437">
<ele>577.382</ele>
<time>2025-05-17T10:26:36Z</time>
<extensions>
<gpxtpx:TrackPointExtension>
<gpxtpx:hr>138</gpxtpx:hr>
</gpxtpx:TrackPointExtension>
</extensions>
</trkpt>
<trkpt lat="36.7530719" lon="128.032538">
<ele>577.074</ele>
<time>2025-05-17T10:26:37Z</time>
<extensions>
<gpxtpx:TrackPointExtension>
<gpxtpx:hr>138</gpxtpx:hr>
</gpxtpx:TrackPointExtension>
</extensions>
</trkpt>
<trkpt lat="36.7530631" lon="128.0325296">
<ele>576.752</ele>
<time>2025-05-17T10:26:38Z</time>
<extensions>
<gpxtpx:TrackPointExtension>
<gpxtpx:hr>138</gpxtpx:hr>
</gpxtpx:TrackPointExtension>
</extensions>
</trkpt>
<trkpt lat="36.7530586" lon="128.0325229">
<ele>576.483</ele>
<time>2025-05-17T10:26:39Z</time>
<extensions>
<gpxtpx:TrackPointExtension>
<gpxtpx:hr>138</gpxtpx:hr>
</gpxtpx:TrackPointExtension>
</extensions>
</trkpt>
<trkpt lat="36.7530573" lon="128.0325208">
<ele>576.275</ele>
<time>2025-05-17T10:26:40Z</time>
<extensions>
<gpxtpx:TrackPointExtension>
<gpxtpx:hr>137</gpxtpx:hr>
</gpxtpx:TrackPointExtension>
</extensions>
</trkpt>
<trkpt lat="36.7530537" lon="128.0325188">
<ele>576.051</ele>
<time>2025-05-17T10:26:41Z</time>
<extensions>
<gpxtpx:TrackPointExtension>
<gpxtpx:hr>136</gpxtpx:hr>
</gpxtpx:TrackPointExtension>
</extensions>
</trkpt>
<trkpt lat="36.7530476" lon="128.0325168">
<ele>575.739</ele>
<time>2025-05-17T10:26:42Z</time>
<extensions>
<gpxtpx:TrackPointExtension>
<gpxtpx:hr>135</gpxtpx:hr>
</gpxtpx:TrackPointExtension>
</extensions>
</trkpt>
<trkpt lat="36.7530428" lon="128.0325169">
<ele>575.469</ele>
<time>2025-05-17T10:26:43Z</time>
<extensions>
<gpxtpx:TrackPointExtension>
<gpxtpx:hr>135</gpxtpx:hr>
</gpxtpx:TrackPointExtension>
</extensions>
</trkpt>
<trkpt lat="36.7530401" lon="128.0325201">
<ele>575.255</ele>
<time>2025-05-17T10:26:44Z</time>
<extensions>
<gpxtpx:TrackPointExtension>
<gpxtpx:hr>134</gpxtpx:hr>
</gpxtpx:TrackPointExtension>
</extensions>
</trkpt>
<trkpt lat="36.7530384" lon="128.0325245">
<ele>575.063</ele>
<time>2025-05-17T10:26:45Z</time>
<extensions>
<gpxtpx:TrackPointExtension>
<gpxtpx:hr>134</gpxtpx:hr>
</gpxtpx:TrackPointExtension>
</extensions>
</trkpt>
<trkpt lat="36.7530344" lon="128.0325335">
<ele>574.923</ele>
<time>2025-05-17T10:26:46Z</time>
<extensions>
<gpxtpx:TrackPointExtension>
<gpxtpx:hr>133</gpxtpx:hr>
</gpxtpx:TrackPointExtension>
</extensions>
</trkpt>
<trkpt lat="36.7530291" lon="128.0325359">
<ele>574.638</ele>
<time>2025-05-17T10:26:47Z</time>
<extensions>
<gpxtpx:TrackPointExtension>
<gpxtpx:hr>132</gpxtpx:hr>
</gpxtpx:TrackPointExtension>
</extensions>
</trkpt>
<trkpt lat="36.7530253" lon="128.0325399">
<ele>574.368</ele>
<time>2025-05-17T10:26:48Z</time>
<extensions>
<gpxtpx:TrackPointExtension>
<gpxtpx:hr>132</gpxtpx:hr>
</gpxtpx:TrackPointExtension>
</extensions>
</trkpt>
<trkpt lat="36.7530238" lon="128.0325435">
<ele>574.068</ele>
<time>2025-05-17T10:26:49Z</time>
<extensions>
<gpxtpx:TrackPointExtension>
<gpxtpx:hr>132</gpxtpx:hr>
</gpxtpx:TrackPointExtension>
</extensions>
</trkpt>
<trkpt lat="36.753019" lon="128.0325521">
<ele>573.681</ele>
<time>2025-05-17T10:26:50Z</time>
<extensions>
<gpxtpx:TrackPointExtension>
<gpxtpx:hr>132</gpxtpx:hr>
</gpxtpx:TrackPointExtension>
</extensions>
</trkpt>
<trkpt lat="36.7530141" lon="128.0325589">
<ele>573.367</ele>
<time>2025-05-17T10:26:51Z</time>
<extensions>
<gpxtpx:TrackPointExtension>
<gpxtpx:hr>132</gpxtpx:hr>
</gpxtpx:TrackPointExtension>
</extensions>
</trkpt>
<trkpt lat="36.7530089" lon="128.032565">
<ele>573.119</ele>
<time>2025-05-17T10:26:52Z</time>
<extensions>
<gpxtpx:TrackPointExtension>
<gpxtpx:hr>132</gpxtpx:hr>
</gpxtpx:TrackPointExtension>
</extensions>
</trkpt>
<trkpt lat="36.7530068" lon="128.0325661">
<ele>572.847</ele>
<time>2025-05-17T10:26:53Z</time>
<extensions>
<gpxtpx:TrackPointExtension>
<gpxtpx:hr>132</gpxtpx:hr>
</gpxtpx:TrackPointExtension>
</extensions>
</trkpt>
<trkpt lat="36.7530069" lon="128.0325633">
<ele>572.64</ele>
<time>2025-05-17T10:26:54Z</time>
<extensions>
<gpxtpx:TrackPointExtension>
<gpxtpx:hr>131</gpxtpx:hr>
</gpxtpx:TrackPointExtension>
</extensions>
</trkpt>
<trkpt lat="36.7530013" lon="128.0325584">
<ele>572.38</ele>
<time>2025-05-17T10:26:55Z</time>
<extensions>
<gpxtpx:TrackPointExtension>
<gpxtpx:hr>131</gpxtpx:hr>
</gpxtpx:TrackPointExtension>
</extensions>
</trkpt>
<trkpt lat="36.7529986" lon="128.0325528">
<ele>572.154</ele>
<time>2025-05-17T10:26:56Z</time>
<extensions>
<gpxtpx:TrackPointExtension>
<gpxtpx:hr>132</gpxtpx:hr>
</gpxtpx:TrackPointExtension>
</extensions>
</trkpt>
<trkpt lat="36.7529935" lon="128.0325452">
<ele>571.927</ele>
<time>2025-05-17T10:26:57Z</time>
<extensions>
<gpxtpx:TrackPointExtension>
<gpxtpx:hr>132</gpxtpx:hr>
</gpxtpx:TrackPointExtension>
</extensions>
</trkpt>
<trkpt lat="36.7529885" lon="128.0325437">
<ele>571.651</ele>
<time>2025-05-17T10:26:58Z</time>
<extensions>
<gpxtpx:TrackPointExtension>
<gpxtpx:hr>132</gpxtpx:hr>
</gpxtpx:TrackPointExtension>
</extensions>
</trkpt>
<trkpt lat="36.7529854" lon="128.0325442">
<ele>571.412</ele>
<time>2025-05-17T10:27:00Z</time>
<extensions>
<gpxtpx:TrackPointExtension>
<gpxtpx:hr>133</gpxtpx:hr>
</gpxtpx:TrackPointExtension>
</extensions>
</trkpt>
<trkpt lat="36.7529763" lon="128.0325396">
<ele>571.132</ele>
<time>2025-05-17T10:27:01Z</time>
<extensions>
<gpxtpx:TrackPointExtension>
<gpxtpx:hr>134</gpxtpx:hr>
</gpxtpx:TrackPointExtension>
</extensions>
</trkpt>
<trkpt lat="36.7529743" lon="128.0325354">
<ele>570.873</ele>
<time>2025-05-17T10:27:02Z</time>
<extensions>
<gpxtpx:TrackPointExtension>
<gpxtpx:hr>134</gpxtpx:hr>
</gpxtpx:TrackPointExtension>
</extensions>
</trkpt>
<trkpt lat="36.7529686" lon="128.0325305">
<ele>570.679</ele>
<time>2025-05-17T10:27:03Z</time>
<extensions>
<gpxtpx:TrackPointExtension>
<gpxtpx:hr>134</gpxtpx:hr>
</gpxtpx:TrackPointExtension>
</extensions>
</trkpt>
<trkpt lat="36.7529624" lon="128.0325292">
<ele>570.456</ele>
<time>2025-05-17T10:27:04Z</time>
<extensions>
<gpxtpx:TrackPointExtension>
<gpxtpx:hr>134</gpxtpx:hr>
</gpxtpx:TrackPointExtension>
</extensions>
</trkpt>
<trkpt lat="36.7529545" lon="128.03253">
<ele>570.199</ele>
<time>2025-05-17T10:27:05Z</time>
<extensions>
<gpxtpx:TrackPointExtension>
<gpxtpx:hr>134</gpxtpx:hr>
</gpxtpx:TrackPointExtension>
</extensions>
</trkpt>
<trkpt lat="36.752946" lon="128.0325287">
<ele>569.973</ele>
<time>2025-05-17T10:27:06Z</time>
<extensions>
<gpxtpx:TrackPointExtension>
<gpxtpx:hr>134</gpxtpx:hr>
</gpxtpx:TrackPointExtension>
</extensions>
</trkpt>
<trkpt lat="36.7529421" lon="128.0325249">
<ele>569.686</ele>
<time>2025-05-17T10:27:07Z</time>
<extensions>
<gpxtpx:TrackPointExtension>
<gpxtpx:hr>135</gpxtpx:hr>
</gpxtpx:TrackPointExtension>
</extensions>
</trkpt>
<trkpt lat="36.7529381" lon="128.032524">
<ele>569.275</ele>
<time>2025-05-17T10:27:08Z</time>
<extensions>
<gpxtpx:TrackPointExtension>
<gpxtpx:hr>135</gpxtpx:hr>
</gpxtpx:TrackPointExtension>
</extensions>
</trkpt>
<trkpt lat="36.7529361" lon="128.0325248">
<ele>568.846</ele>
<time>2025-05-17T10:27:09Z</time>
<extensions>
<gpxtpx:TrackPointExtension>
<gpxtpx:hr>136</gpxtpx:hr>
</gpxtpx:TrackPointExtension>
</extensions>
</trkpt>
<trkpt lat="36.7529375" lon="128.0325284">
<ele>568.507</ele>
<time>2025-05-17T10:27:10Z</time>
<extensions>
<gpxtpx:TrackPointExtension>
<gpxtpx:hr>136</gpxtpx:hr>
</gpxtpx:TrackPointExtension>
</extensions>
</trkpt>
<trkpt lat="36.7529338" lon="128.0325324">
<ele>568.225</ele>
<time>2025-05-17T10:27:11Z</time>
<extensions>
<gpxtpx:TrackPointExtension>
<gpxtpx:hr>136</gpxtpx:hr>
</gpxtpx:TrackPointExtension>
</extensions>
</trkpt>
<trkpt lat="36.7529312" lon="128.0325406">
<ele>567.964</ele>
<time>2025-05-17T10:27:12Z</time>
<extensions>
<gpxtpx:TrackPointExtension>
<gpxtpx:hr>136</gpxtpx:hr>
</gpxtpx:TrackPointExtension>
</extensions>
</trkpt>
<trkpt lat="36.7529259" lon="128.0325475">
<ele>567.721</ele>
<time>2025-05-17T10:27:13Z</time>
<extensions>
<gpxtpx:TrackPointExtension>
<gpxtpx:hr>136</gpxtpx:hr>
</gpxtpx:TrackPointExtension>
</extensions>
</trkpt>
<trkpt lat="36.7529242" lon="128.0325476">
<ele>567.458</ele>
<time>2025-05-17T10:27:14Z</time>
<extensions>
<gpxtpx:TrackPointExtension>
<gpxtpx:hr>136</gpxtpx:hr>
</gpxtpx:TrackPointExtension>
</extensions>
</trkpt>
<trkpt lat="36.7529144" lon="128.0325523">
<ele>567.209</ele>
<time>2025-05-17T10:27:15Z</time>
<extensions>
<gpxtpx:TrackPointExtension>
<gpxtpx:hr>136</gpxtpx:hr>
</gpxtpx:TrackPointExtension>
</extensions>
</trkpt>
<trkpt lat="36.7529077" lon="128.0325557">
<ele>566.953</ele>
<time>2025-05-17T10:27:16Z</time>
<extensions>
<gpxtpx:TrackPointExtension>
<gpxtpx:hr>137</gpxtpx:hr>
</gpxtpx:TrackPointExtension>
</extensions>
</trkpt>
<trkpt lat="36.7528995" lon="128.0325554">
<ele>566.878</ele>
<time>2025-05-17T10:27:17Z</time>
<extensions>
<gpxtpx:TrackPointExtension>
<gpxtpx:hr>137</gpxtpx:hr>
</gpxtpx:TrackPointExtension>
</extensions>
</trkpt>
<trkpt lat="36.7528943" lon="128.0325535">
<ele>566.736</ele>
<time>2025-05-17T10:27:18Z</time>
<extensions>
<gpxtpx:TrackPointExtension>
<gpxtpx:hr>137</gpxtpx:hr>
</gpxtpx:TrackPointExtension>
</extensions>
</trkpt>
<trkpt lat="36.752887" lon="128.0325475">
<ele>566.658</ele>
<time>2025-05-17T10:27:19Z</time>
<extensions>
<gpxtpx:TrackPointExtension>
<gpxtpx:hr>138</gpxtpx:hr>
</gpxtpx:TrackPointExtension>
</extensions>
</trkpt>
<trkpt lat="36.7528814" lon="128.0325412">
<ele>566.706</ele>
<time>2025-05-17T10:27:20Z</time>
<extensions>
<gpxtpx:TrackPointExtension>
<gpxtpx:hr>138</gpxtpx:hr>
</gpxtpx:TrackPointExtension>
</extensions>
</trkpt>
<trkpt lat="36.7528764" lon="128.0325348">
<ele>566.819</ele>
<time>2025-05-17T10:27:21Z</time>
<extensions>
<gpxtpx:TrackPointExtension>
<gpxtpx:hr>138</gpxtpx:hr>
</gpxtpx:TrackPointExtension>
</extensions>
</trkpt>
<trkpt lat="36.7528758" lon="128.0325351">
<ele>566.731</ele>
<time>2025-05-17T10:27:22Z</time>
<extensions>
<gpxtpx:TrackPointExtension>
<gpxtpx:hr>138</gpxtpx:hr>
</gpxtpx:TrackPointExtension>
</extensions>
</trkpt>
<trkpt lat="36.7528747" lon="128.0325315">
<ele>566.576</ele>
<time>2025-05-17T10:27:23Z</time>
<extensions>
<gpxtpx:TrackPointExtension>
<gpxtpx:hr>138</gpxtpx:hr>
</gpxtpx:TrackPointExtension>
</extensions>
</trkpt>
<trkpt lat="36.7528699" lon="128.0325264">
<ele>566.275</ele>
<time>2025-05-17T10:27:24Z</time>
<extensions>
<gpxtpx:TrackPointExtension>
<gpxtpx:hr>138</gpxtpx:hr>
</gpxtpx:TrackPointExtension>
</extensions>
</trkpt>
<trkpt lat="36.7528699" lon="128.032523">
<ele>565.997</ele>
<time>2025-05-17T10:27:25Z</time>
<extensions>
<gpxtpx:TrackPointExtension>
<gpxtpx:hr>138</gpxtpx:hr>
</gpxtpx:TrackPointExtension>
</extensions>
</trkpt>
<trkpt lat="36.7528639" lon="128.0325164">
<ele>565.69</ele>
<time>2025-05-17T10:27:26Z</time>
<extensions>
<gpxtpx:TrackPointExtension>
<gpxtpx:hr>138</gpxtpx:hr>
</gpxtpx:TrackPointExtension>
</extensions>
</trkpt>
<trkpt lat="36.7528638" lon="128.0325159">
<ele>565.387</ele>
<time>2025-05-17T10:27:27Z</time>
<extensions>
<gpxtpx:TrackPointExtension>
<gpxtpx:hr>138</gpxtpx:hr>
</gpxtpx:TrackPointExtension>
</extensions>
</trkpt>
<trkpt lat="36.7528624" lon="128.0325178">
<ele>564.996</ele>
<time>2025-05-17T10:27:28Z</time>
<extensions>
<gpxtpx:TrackPointExtension>
<gpxtpx:hr>138</gpxtpx:hr>
</gpxtpx:TrackPointExtension>
</extensions>
</trkpt>
<trkpt lat="36.7528588" lon="128.0325226">
<ele>564.673</ele>
<time>2025-05-17T10:27:29Z</time>
<extensions>
<gpxtpx:TrackPointExtension>
<gpxtpx:hr>138</gpxtpx:hr>
</gpxtpx:TrackPointExtension>
</extensions>
</trkpt>
<trkpt lat="36.7528523" lon="128.0325262">
<ele>564.311</ele>
<time>2025-05-17T10:27:30Z</time>
<extensions>
<gpxtpx:TrackPointExtension>
<gpxtpx:hr>138</gpxtpx:hr>
</gpxtpx:TrackPointExtension>
</extensions>
</trkpt>
<trkpt lat="36.7528444" lon="128.0325303">
<ele>564.026</ele>
<time>2025-05-17T10:27:31Z</time>
<extensions>
<gpxtpx:TrackPointExtension>
<gpxtpx:hr>138</gpxtpx:hr>
</gpxtpx:TrackPointExtension>
</extensions>
</trkpt>
<trkpt lat="36.7528334" lon="128.0325372">
<ele>563.858</ele>
<time>2025-05-17T10:27:32Z</time>
<extensions>
<gpxtpx:TrackPointExtension>
<gpxtpx:hr>138</gpxtpx:hr>
</gpxtpx:TrackPointExtension>
</extensions>
</trkpt>
<trkpt lat="36.7528189" lon="128.0325427">
<ele>563.72</ele>
<time>2025-05-17T10:27:33Z</time>
<extensions>
<gpxtpx:TrackPointExtension>
<gpxtpx:hr>138</gpxtpx:hr>
</gpxtpx:TrackPointExtension>
</extensions>
</trkpt>
<trkpt lat="36.7528042" lon="128.0325571">
<ele>563.438</ele>
<time>2025-05-17T10:27:34Z</time>
<extensions>
<gpxtpx:TrackPointExtension>
<gpxtpx:hr>138</gpxtpx:hr>
</gpxtpx:TrackPointExtension>
</extensions>
</trkpt>
<trkpt lat="36.7527934" lon="128.0325657">
<ele>563.171</ele>
<time>2025-05-17T10:27:35Z</time>
<extensions>
<gpxtpx:TrackPointExtension>
<gpxtpx:hr>138</gpxtpx:hr>
</gpxtpx:TrackPointExtension>
</extensions>
</trkpt>
<trkpt lat="36.7527812" lon="128.0325749">
<ele>563.064</ele>
<time>2025-05-17T10:27:36Z</time>
<extensions>
<gpxtpx:TrackPointExtension>
<gpxtpx:hr>138</gpxtpx:hr>
</gpxtpx:TrackPointExtension>
</extensions>
</trkpt>
<trkpt lat="36.7527745" lon="128.0325924">
<ele>562.992</ele>
<time>2025-05-17T10:27:37Z</time>
<extensions>
<gpxtpx:TrackPointExtension>
<gpxtpx:hr>138</gpxtpx:hr>
</gpxtpx:TrackPointExtension>
</extensions>
</trkpt>
<trkpt lat="36.7527669" lon="128.0326025">
<ele>562.984</ele>
<time>2025-05-17T10:27:38Z</time>
<extensions>
<gpxtpx:TrackPointExtension>
<gpxtpx:hr>138</gpxtpx:hr>
</gpxtpx:TrackPointExtension>
</extensions>
</trkpt>
<trkpt lat="36.7527623" lon="128.0326184">
<ele>563.033</ele>
<time>2025-05-17T10:27:39Z</time>
<extensions>
<gpxtpx:TrackPointExtension>
<gpxtpx:hr>138</gpxtpx:hr>
</gpxtpx:TrackPointExtension>
</extensions>
</trkpt>
<trkpt lat="36.7527556" lon="128.0326293">
<ele>563.063</ele>
<time>2025-05-17T10:27:40Z</time>
<extensions>
<gpxtpx:TrackPointExtension>
<gpxtpx:hr>138</gpxtpx:hr>
</gpxtpx:TrackPointExtension>
</extensions>
</trkpt>
<trkpt lat="36.7527513" lon="128.0326376">
<ele>562.996</ele>
<time>2025-05-17T10:27:41Z</time>
<extensions>
<gpxtpx:TrackPointExtension>
<gpxtpx:hr>138</gpxtpx:hr>
</gpxtpx:TrackPointExtension>
</extensions>
</trkpt>
<trkpt lat="36.752744" lon="128.0326467">
<ele>562.711</ele>
<time>2025-05-17T10:27:42Z</time>
<extensions>
<gpxtpx:TrackPointExtension>
<gpxtpx:hr>138</gpxtpx:hr>
</gpxtpx:TrackPointExtension>
</extensions>
</trkpt>
<trkpt lat="36.7527408" lon="128.0326473">
<ele>562.505</ele>
<time>2025-05-17T10:27:43Z</time>
<extensions>
<gpxtpx:TrackPointExtension>
<gpxtpx:hr>138</gpxtpx:hr>
</gpxtpx:TrackPointExtension>
</extensions>
</trkpt>
<trkpt lat="36.7527383" lon="128.0326469">
<ele>562.272</ele>
<time>2025-05-17T10:27:44Z</time>
<extensions>
<gpxtpx:TrackPointExtension>
<gpxtpx:hr>139</gpxtpx:hr>
</gpxtpx:TrackPointExtension>
</extensions>
</trkpt>
<trkpt lat="36.7527351" lon="128.0326486">
<ele>561.794</ele>
<time>2025-05-17T10:27:45Z</time>
<extensions>
<gpxtpx:TrackPointExtension>
<gpxtpx:hr>139</gpxtpx:hr>
</gpxtpx:TrackPointExtension>
</extensions>
</trkpt>
<trkpt lat="36.7527332" lon="128.032649">
<ele>561.612</ele>
<time>2025-05-17T10:27:46Z</time>
<extensions>
<gpxtpx:TrackPointExtension>
<gpxtpx:hr>139</gpxtpx:hr>
</gpxtpx:TrackPointExtension>
</extensions>
</trkpt>
<trkpt lat="36.7527338" lon="128.0326473">
<ele>561.362</ele>
<time>2025-05-17T10:27:47Z</time>
<extensions>
<gpxtpx:TrackPointExtension>
<gpxtpx:hr>139</gpxtpx:hr>
</gpxtpx:TrackPointExtension>
</extensions>
</trkpt>
<trkpt lat="36.752731" lon="128.0326504">
<ele>561.171</ele>
<time>2025-05-17T10:27:48Z</time>
<extensions>
<gpxtpx:TrackPointExtension>
<gpxtpx:hr>138</gpxtpx:hr>
</gpxtpx:TrackPointExtension>
</extensions>
</trkpt>
<trkpt lat="36.7527254" lon="128.0326534">
<ele>561.022</ele>
<time>2025-05-17T10:27:49Z</time>
<extensions>
<gpxtpx:TrackPointExtension>
<gpxtpx:hr>137</gpxtpx:hr>
</gpxtpx:TrackPointExtension>
</extensions>
</trkpt>
<trkpt lat="36.7527204" lon="128.0326612">
<ele>560.781</ele>
<time>2025-05-17T10:27:50Z</time>
<extensions>
<gpxtpx:TrackPointExtension>
<gpxtpx:hr>137</gpxtpx:hr>
</gpxtpx:TrackPointExtension>
</extensions>
</trkpt>
<trkpt lat="36.7527214" lon="128.0326644">
<ele>560.529</ele>
<time>2025-05-17T10:27:51Z</time>
<extensions>
<gpxtpx:TrackPointExtension>
<gpxtpx:hr>137</gpxtpx:hr>
</gpxtpx:TrackPointExtension>
</extensions>
</trkpt>
<trkpt lat="36.7527174" lon="128.0326724">
<ele>560.231</ele>
<time>2025-05-17T10:27:52Z</time>
<extensions>
<gpxtpx:TrackPointExtension>
<gpxtpx:hr>137</gpxtpx:hr>
</gpxtpx:TrackPointExtension>
</extensions>
</trkpt>
<trkpt lat="36.7527075" lon="128.0326849">
<ele>560.047</ele>
<time>2025-05-17T10:27:53Z</time>
</trkpt>
<trkpt lat="36.7527003" lon="128.0326939">
<ele>559.82</ele>
<time>2025-05-17T10:27:54Z</time>
<extensions>
<gpxtpx:TrackPointExtension>
<gpxtpx:hr>138</gpxtpx:hr>
</gpxtpx:TrackPointExtension>
</extensions>
</trkpt>
<trkpt lat="36.752688" lon="128.0326962">
<ele>559.633</ele>
<time>2025-05-17T10:27:55Z</time>
<extensions>
<gpxtpx:TrackPointExtension>
<gpxtpx:hr>138</gpxtpx:hr>
</gpxtpx:TrackPointExtension>
</extensions>
</trkpt>
<trkpt lat="36.7526754" lon="128.0326886">
<ele>559.4</ele>
<time>2025-05-17T10:27:56Z</time>
<extensions>
<gpxtpx:TrackPointExtension>
<gpxtpx:hr>138</gpxtpx:hr>
</gpxtpx:TrackPointExtension>
</extensions>
</trkpt>
<trkpt lat="36.7526685" lon="128.0326837">
<ele>559.159</ele>
<time>2025-05-17T10:27:57Z</time>
<extensions>
<gpxtpx:TrackPointExtension>
<gpxtpx:hr>138</gpxtpx:hr>
</gpxtpx:TrackPointExtension>
</extensions>
</trkpt>
<trkpt lat="36.7526602" lon="128.0326825">
<ele>558.935</ele>
<time>2025-05-17T10:27:58Z</time>
<extensions>
<gpxtpx:TrackPointExtension>
<gpxtpx:hr>137</gpxtpx:hr>
</gpxtpx:TrackPointExtension>
</extensions>
</trkpt>
<trkpt lat="36.752656" lon="128.032678">
<ele>558.676</ele>
<time>2025-05-17T10:27:59Z</time>
<extensions>
<gpxtpx:TrackPointExtension>
<gpxtpx:hr>137</gpxtpx:hr>
</gpxtpx:TrackPointExtension>
</extensions>
</trkpt>
<trkpt lat="36.7526514" lon="128.0326751">
<ele>558.351</ele>
<time>2025-05-17T10:28:00Z</time>
<extensions>
<gpxtpx:TrackPointExtension>
<gpxtpx:hr>137</gpxtpx:hr>
</gpxtpx:TrackPointExtension>
</extensions>
</trkpt>
<trkpt lat="36.7526509" lon="128.0326696">
<ele>558.053</ele>
<time>2025-05-17T10:28:01Z</time>
<extensions>
<gpxtpx:TrackPointExtension>
<gpxtpx:hr>137</gpxtpx:hr>
</gpxtpx:TrackPointExtension>
</extensions>
</trkpt>
<trkpt lat="36.7526473" lon="128.0326653">
<ele>557.573</ele>
<time>2025-05-17T10:28:02Z</time>
<extensions>
<gpxtpx:TrackPointExtension>
<gpxtpx:hr>137</gpxtpx:hr>
</gpxtpx:TrackPointExtension>
</extensions>
</trkpt>
<trkpt lat="36.7526386" lon="128.0326605">
<ele>557.153</ele>
<time>2025-05-17T10:28:03Z</time>
<extensions>
<gpxtpx:TrackPointExtension>
<gpxtpx:hr>136</gpxtpx:hr>
</gpxtpx:TrackPointExtension>
</extensions>
</trkpt>
<trkpt lat="36.7526295" lon="128.032655">
<ele>556.766</ele>
<time>2025-05-17T10:28:04Z</time>
<extensions>
<gpxtpx:TrackPointExtension>
<gpxtpx:hr>136</gpxtpx:hr>
</gpxtpx:TrackPointExtension>
</extensions>
</trkpt>
<trkpt lat="36.7526205" lon="128.0326548">
<ele>556.485</ele>
<time>2025-05-17T10:28:05Z</time>
<extensions>
<gpxtpx:TrackPointExtension>
<gpxtpx:hr>136</gpxtpx:hr>
</gpxtpx:TrackPointExtension>
</extensions>
</trkpt>
<trkpt lat="36.7526104" lon="128.0326622">
<ele>556.336</ele>
<time>2025-05-17T10:28:06Z</time>
<extensions>
<gpxtpx:TrackPointExtension>
<gpxtpx:hr>136</gpxtpx:hr>
</gpxtpx:TrackPointExtension>
</extensions>
</trkpt>
<trkpt lat="36.7526042" lon="128.0326751">
<ele>556.341</ele>
<time>2025-05-17T10:28:07Z</time>
<extensions>
<gpxtpx:TrackPointExtension>
<gpxtpx:hr>136</gpxtpx:hr>
</gpxtpx:TrackPointExtension>
</extensions>
</trkpt>
<trkpt lat="36.7526027" lon="128.03269">
<ele>556.278</ele>
<time>2025-05-17T10:28:08Z</time>
<extensions>
<gpxtpx:TrackPointExtension>
<gpxtpx:hr>137</gpxtpx:hr>
</gpxtpx:TrackPointExtension>
</extensions>
</trkpt>
<trkpt lat="36.7525992" lon="128.0327029">
<ele>556.232</ele>
<time>2025-05-17T10:28:09Z</time>
<extensions>
<gpxtpx:TrackPointExtension>
<gpxtpx:hr>137</gpxtpx:hr>
</gpxtpx:TrackPointExtension>
</extensions>
</trkpt>
<trkpt lat="36.7525942" lon="128.0327074">
<ele>556.292</ele>
<time>2025-05-17T10:28:10Z</time>
<extensions>
<gpxtpx:TrackPointExtension>
<gpxtpx:hr>137</gpxtpx:hr>
</gpxtpx:TrackPointExtension>
</extensions>
</trkpt>
<trkpt lat="36.7525948" lon="128.0327141">
<ele>556.32</ele>
<time>2025-05-17T10:28:11Z</time>
<extensions>
<gpxtpx:TrackPointExtension>
<gpxtpx:hr>137</gpxtpx:hr>
</gpxtpx:TrackPointExtension>
</extensions>
</trkpt>
<trkpt lat="36.7525912" lon="128.0327265">
<ele>556.291</ele>
<time>2025-05-17T10:28:12Z</time>
<extensions>
<gpxtpx:TrackPointExtension>
<gpxtpx:hr>137</gpxtpx:hr>
</gpxtpx:TrackPointExtension>
</extensions>
</trkpt>
<trkpt lat="36.7525885" lon="128.0327375">
<ele>556.15</ele>
<time>2025-05-17T10:28:13Z</time>
<extensions>
<gpxtpx:TrackPointExtension>
<gpxtpx:hr>138</gpxtpx:hr>
</gpxtpx:TrackPointExtension>
</extensions>
</trkpt>
<trkpt lat="36.752586" lon="128.0327424">
<ele>555.92</ele>
<time>2025-05-17T10:28:14Z</time>
<extensions>
<gpxtpx:TrackPointExtension>
<gpxtpx:hr>138</gpxtpx:hr>
</gpxtpx:TrackPointExtension>
</extensions>
</trkpt>
<trkpt lat="36.7525827" lon="128.0327544">
<ele>555.651</ele>
<time>2025-05-17T10:28:15Z</time>
<extensions>
<gpxtpx:TrackPointExtension>
<gpxtpx:hr>138</gpxtpx:hr>
</gpxtpx:TrackPointExtension>
</extensions>
</trkpt>
<trkpt lat="36.7525822" lon="128.0327632">
<ele>555.36</ele>
<time>2025-05-17T10:28:16Z</time>
<extensions>
<gpxtpx:TrackPointExtension>
<gpxtpx:hr>139</gpxtpx:hr>
</gpxtpx:TrackPointExtension>
</extensions>
</trkpt>
<trkpt lat="36.7525787" lon="128.0327662">
<ele>555.019</ele>
<time>2025-05-17T10:28:17Z</time>
<extensions>
<gpxtpx:TrackPointExtension>
<gpxtpx:hr>139</gpxtpx:hr>
</gpxtpx:TrackPointExtension>
</extensions>
</trkpt>
<trkpt lat="36.752572" lon="128.0327658">
<ele>554.695</ele>
<time>2025-05-17T10:28:18Z</time>
<extensions>
<gpxtpx:TrackPointExtension>
<gpxtpx:hr>139</gpxtpx:hr>
</gpxtpx:TrackPointExtension>
</extensions>
</trkpt>
<trkpt lat="36.7525623" lon="128.0327675">
<ele>554.609</ele>
<time>2025-05-17T10:28:19Z</time>
<extensions>
<gpxtpx:TrackPointExtension>
<gpxtpx:hr>139</gpxtpx:hr>
</gpxtpx:TrackPointExtension>
</extensions>
</trkpt>
<trkpt lat="36.7525535" lon="128.032769">
<ele>554.386</ele>
<time>2025-05-17T10:28:20Z</time>
<extensions>
<gpxtpx:TrackPointExtension>
<gpxtpx:hr>138</gpxtpx:hr>
</gpxtpx:TrackPointExtension>
</extensions>
</trkpt>
<trkpt lat="36.7525496" lon="128.0327657">
<ele>554.148</ele>
<time>2025-05-17T10:28:21Z</time>
<extensions>
<gpxtpx:TrackPointExtension>
<gpxtpx:hr>138</gpxtpx:hr>
</gpxtpx:TrackPointExtension>
</extensions>
</trkpt>
<trkpt lat="36.7525451" lon="128.0327582">
<ele>553.898</ele>
<time>2025-05-17T10:28:22Z</time>
<extensions>
<gpxtpx:TrackPointExtension>
<gpxtpx:hr>138</gpxtpx:hr>
</gpxtpx:TrackPointExtension>
</extensions>
</trkpt>
<trkpt lat="36.7525319" lon="128.0327495">
<ele>553.752</ele>
<time>2025-05-17T10:28:23Z</time>
<extensions>
<gpxtpx:TrackPointExtension>
<gpxtpx:hr>137</gpxtpx:hr>
</gpxtpx:TrackPointExtension>
</extensions>
</trkpt>
<trkpt lat="36.7525234" lon="128.0327451">
<ele>553.656</ele>
<time>2025-05-17T10:28:24Z</time>
<extensions>
<gpxtpx:TrackPointExtension>
<gpxtpx:hr>137</gpxtpx:hr>
</gpxtpx:TrackPointExtension>
</extensions>
</trkpt>
<trkpt lat="36.7525128" lon="128.0327453">
<ele>553.436</ele>
<time>2025-05-17T10:28:25Z</time>
<extensions>
<gpxtpx:TrackPointExtension>
<gpxtpx:hr>137</gpxtpx:hr>
</gpxtpx:TrackPointExtension>
</extensions>
</trkpt>
<trkpt lat="36.7525038" lon="128.03274">
<ele>553.241</ele>
<time>2025-05-17T10:28:26Z</time>
<extensions>
<gpxtpx:TrackPointExtension>
<gpxtpx:hr>137</gpxtpx:hr>
</gpxtpx:TrackPointExtension>
</extensions>
</trkpt>
<trkpt lat="36.752503" lon="128.0327307">
<ele>552.946</ele>
<time>2025-05-17T10:28:27Z</time>
<extensions>
<gpxtpx:TrackPointExtension>
<gpxtpx:hr>137</gpxtpx:hr>
</gpxtpx:TrackPointExtension>
</extensions>
</trkpt>
<trkpt lat="36.7525016" lon="128.0327288">
<ele>552.617</ele>
<time>2025-05-17T10:28:28Z</time>
<extensions>
<gpxtpx:TrackPointExtension>
<gpxtpx:hr>137</gpxtpx:hr>
</gpxtpx:TrackPointExtension>
</extensions>
</trkpt>
<trkpt lat="36.7524986" lon="128.032728">
<ele>552.325</ele>
<time>2025-05-17T10:28:29Z</time>
<extensions>
<gpxtpx:TrackPointExtension>
<gpxtpx:hr>137</gpxtpx:hr>
</gpxtpx:TrackPointExtension>
</extensions>
</trkpt>
<trkpt lat="36.752489" lon="128.0327232">
<ele>552.049</ele>
<time>2025-05-17T10:28:30Z</time>
<extensions>
<gpxtpx:TrackPointExtension>
<gpxtpx:hr>137</gpxtpx:hr>
</gpxtpx:TrackPointExtension>
</extensions>
</trkpt>
<trkpt lat="36.7524778" lon="128.0327151">
<ele>551.789</ele>
<time>2025-05-17T10:28:31Z</time>
<extensions>
<gpxtpx:TrackPointExtension>
<gpxtpx:hr>137</gpxtpx:hr>
</gpxtpx:TrackPointExtension>
</extensions>
</trkpt>
<trkpt lat="36.752468" lon="128.0327098">
<ele>551.528</ele>
<time>2025-05-17T10:28:32Z</time>
<extensions>
<gpxtpx:TrackPointExtension>
<gpxtpx:hr>136</gpxtpx:hr>
</gpxtpx:TrackPointExtension>
</extensions>
</trkpt>
<trkpt lat="36.7524614" lon="128.032699">
<ele>551.241</ele>
<time>2025-05-17T10:28:33Z</time>
<extensions>
<gpxtpx:TrackPointExtension>
<gpxtpx:hr>136</gpxtpx:hr>
</gpxtpx:TrackPointExtension>
</extensions>
</trkpt>
<trkpt lat="36.752456" lon="128.0326919">
<ele>551.059</ele>
<time>2025-05-17T10:28:34Z</time>
<extensions>
<gpxtpx:TrackPointExtension>
<gpxtpx:hr>136</gpxtpx:hr>
</gpxtpx:TrackPointExtension>
</extensions>
</trkpt>
<trkpt lat="36.7524529" lon="128.0326909">
<ele>550.757</ele>
<time>2025-05-17T10:28:35Z</time>
<extensions>
<gpxtpx:TrackPointExtension>
<gpxtpx:hr>135</gpxtpx:hr>
</gpxtpx:TrackPointExtension>
</extensions>
</trkpt>
<trkpt lat="36.7524478" lon="128.0326821">
<ele>550.445</ele>
<time>2025-05-17T10:28:36Z</time>
<extensions>
<gpxtpx:TrackPointExtension>
<gpxtpx:hr>135</gpxtpx:hr>
</gpxtpx:TrackPointExtension>
</extensions>
</trkpt>
<trkpt lat="36.7524402" lon="128.0326741">
<ele>550.263</ele>
<time>2025-05-17T10:28:37Z</time>
<extensions>
<gpxtpx:TrackPointExtension>
<gpxtpx:hr>136</gpxtpx:hr>
</gpxtpx:TrackPointExtension>
</extensions>
</trkpt>
<trkpt lat="36.752431" lon="128.0326646">
<ele>550.066</ele>
<time>2025-05-17T10:28:38Z</time>
<extensions>
<gpxtpx:TrackPointExtension>
<gpxtpx:hr>136</gpxtpx:hr>
</gpxtpx:TrackPointExtension>
</extensions>
</trkpt>
<trkpt lat="36.7524195" lon="128.0326533">
<ele>549.76</ele>
<time>2025-05-17T10:28:39Z</time>
<extensions>
<gpxtpx:TrackPointExtension>
<gpxtpx:hr>136</gpxtpx:hr>
</gpxtpx:TrackPointExtension>
</extensions>
</trkpt>
<trkpt lat="36.7524118" lon="128.0326414">
<ele>549.429</ele>
<time>2025-05-17T10:28:40Z</time>
<extensions>
<gpxtpx:TrackPointExtension>
<gpxtpx:hr>136</gpxtpx:hr>
</gpxtpx:TrackPointExtension>
</extensions>
</trkpt>
<trkpt lat="36.7524085" lon="128.0326327">
<ele>549.072</ele>
<time>2025-05-17T10:28:41Z</time>
<extensions>
<gpxtpx:TrackPointExtension>
<gpxtpx:hr>136</gpxtpx:hr>
</gpxtpx:TrackPointExtension>
</extensions>
</trkpt>
<trkpt lat="36.7524017" lon="128.0326244">
<ele>548.748</ele>
<time>2025-05-17T10:28:42Z</time>
<extensions>
<gpxtpx:TrackPointExtension>
<gpxtpx:hr>136</gpxtpx:hr>
</gpxtpx:TrackPointExtension>
</extensions>
</trkpt>
<trkpt lat="36.7523906" lon="128.0326169">
<ele>548.384</ele>
<time>2025-05-17T10:28:43Z</time>
<extensions>
<gpxtpx:TrackPointExtension>
<gpxtpx:hr>136</gpxtpx:hr>
</gpxtpx:TrackPointExtension>
</extensions>
</trkpt>
<trkpt lat="36.7523821" lon="128.0326145">
<ele>547.973</ele>
<time>2025-05-17T10:28:44Z</time>
<extensions>
<gpxtpx:TrackPointExtension>
<gpxtpx:hr>137</gpxtpx:hr>
</gpxtpx:TrackPointExtension>
</extensions>
</trkpt>
<trkpt lat="36.7523775" lon="128.0326194">
<ele>547.756</ele>
<time>2025-05-17T10:28:45Z</time>
<extensions>
<gpxtpx:TrackPointExtension>
<gpxtpx:hr>136</gpxtpx:hr>
</gpxtpx:TrackPointExtension>
</extensions>
</trkpt>
<trkpt lat="36.7523666" lon="128.032617">
<ele>547.502</ele>
<time>2025-05-17T10:28:46Z</time>
<extensions>
<gpxtpx:TrackPointExtension>
<gpxtpx:hr>136</gpxtpx:hr>
</gpxtpx:TrackPointExtension>
</extensions>
</trkpt>
<trkpt lat="36.7523544" lon="128.0326165">
<ele>547.343</ele>
<time>2025-05-17T10:28:47Z</time>
<extensions>
<gpxtpx:TrackPointExtension>
<gpxtpx:hr>136</gpxtpx:hr>
</gpxtpx:TrackPointExtension>
</extensions>
</trkpt>
<trkpt lat="36.7523465" lon="128.032616">
<ele>547.228</ele>
<time>2025-05-17T10:28:48Z</time>
<extensions>
<gpxtpx:TrackPointExtension>
<gpxtpx:hr>136</gpxtpx:hr>
</gpxtpx:TrackPointExtension>
</extensions>
</trkpt>
<trkpt lat="36.7523405" lon="128.0326192">
<ele>547.074</ele>
<time>2025-05-17T10:28:49Z</time>
<extensions>
<gpxtpx:TrackPointExtension>
<gpxtpx:hr>136</gpxtpx:hr>
</gpxtpx:TrackPointExtension>
</extensions>
</trkpt>
<trkpt lat="36.7523311" lon="128.0326127">
<ele>546.982</ele>
<time>2025-05-17T10:28:50Z</time>
<extensions>
<gpxtpx:TrackPointExtension>
<gpxtpx:hr>136</gpxtpx:hr>
</gpxtpx:TrackPointExtension>
</extensions>
</trkpt>
<trkpt lat="36.752325" lon="128.0326049">
<ele>547.167</ele>
<time>2025-05-17T10:28:51Z</time>
<extensions>
<gpxtpx:TrackPointExtension>
<gpxtpx:hr>136</gpxtpx:hr>
</gpxtpx:TrackPointExtension>
</extensions>
</trkpt>
<trkpt lat="36.7523239" lon="128.0326098">
<ele>547.605</ele>
<time>2025-05-17T10:28:52Z</time>
<extensions>
<gpxtpx:TrackPointExtension>
<gpxtpx:hr>136</gpxtpx:hr>
</gpxtpx:TrackPointExtension>
</extensions>
</trkpt>
<trkpt lat="36.7523194" lon="128.0326102">
<ele>547.784</ele>
<time>2025-05-17T10:28:53Z</time>
<extensions>
<gpxtpx:TrackPointExtension>
<gpxtpx:hr>136</gpxtpx:hr>
</gpxtpx:TrackPointExtension>
</extensions>
</trkpt>
<trkpt lat="36.7523191" lon="128.0326103">
<ele>547.924</ele>
<time>2025-05-17T10:28:54Z</time>
<extensions>
<gpxtpx:TrackPointExtension>
<gpxtpx:hr>137</gpxtpx:hr>
</gpxtpx:TrackPointExtension>
</extensions>
</trkpt>
<trkpt lat="36.752319" lon="128.0326107">
<ele>547.956</ele>
<time>2025-05-17T10:28:56Z</time>
<extensions>
<gpxtpx:TrackPointExtension>
<gpxtpx:hr>137</gpxtpx:hr>
</gpxtpx:TrackPointExtension>
</extensions>
</trkpt>
<trkpt lat="36.7523189" lon="128.032611">
<ele>547.965</ele>
<time>2025-05-17T10:28:57Z</time>
<extensions>
<gpxtpx:TrackPointExtension>
<gpxtpx:hr>136</gpxtpx:hr>
</gpxtpx:TrackPointExtension>
</extensions>
</trkpt>
<trkpt lat="36.7523186" lon="128.0326122">
<ele>547.973</ele>
<time>2025-05-17T10:28:58Z</time>
<extensions>
<gpxtpx:TrackPointExtension>
<gpxtpx:hr>135</gpxtpx:hr>
</gpxtpx:TrackPointExtension>
</extensions>
</trkpt>
<trkpt lat="36.7523188" lon="128.0326127">
<ele>547.95</ele>
<time>2025-05-17T10:28:59Z</time>
<extensions>
<gpxtpx:TrackPointExtension>
<gpxtpx:hr>135</gpxtpx:hr>
</gpxtpx:TrackPointExtension>
</extensions>
</trkpt>
<trkpt lat="36.7523189" lon="128.0326126">
<ele>547.924</ele>
<time>2025-05-17T10:29:00Z</time>
<extensions>
<gpxtpx:TrackPointExtension>
<gpxtpx:hr>133</gpxtpx:hr>
</gpxtpx:TrackPointExtension>
</extensions>
</trkpt>
<trkpt lat="36.7523189" lon="128.0326129">
<ele>547.932</ele>
<time>2025-05-17T10:29:01Z</time>
<extensions>
<gpxtpx:TrackPointExtension>
<gpxtpx:hr>133</gpxtpx:hr>
</gpxtpx:TrackPointExtension>
</extensions>
</trkpt>
<trkpt lat="36.7523186" lon="128.0326133">
<ele>547.925</ele>
<time>2025-05-17T10:29:02Z</time>
<extensions>
<gpxtpx:TrackPointExtension>
<gpxtpx:hr>133</gpxtpx:hr>
</gpxtpx:TrackPointExtension>
</extensions>
</trkpt>
<trkpt lat="36.7523185" lon="128.0326134">
<ele>547.944</ele>
<time>2025-05-17T10:29:03Z</time>
<extensions>
<gpxtpx:TrackPointExtension>
<gpxtpx:hr>132</gpxtpx:hr>
</gpxtpx:TrackPointExtension>
</extensions>
</trkpt>
<trkpt lat="36.7523188" lon="128.0326136">
<ele>548.009</ele>
<time>2025-05-17T10:29:04Z</time>
<extensions>
<gpxtpx:TrackPointExtension>
<gpxtpx:hr>132</gpxtpx:hr>
</gpxtpx:TrackPointExtension>
</extensions>
</trkpt>
<trkpt lat="36.7523191" lon="128.0326139">
<ele>548.04</ele>
<time>2025-05-17T10:29:05Z</time>
<extensions>
<gpxtpx:TrackPointExtension>
<gpxtpx:hr>132</gpxtpx:hr>
</gpxtpx:TrackPointExtension>
</extensions>
</trkpt>
<trkpt lat="36.7523191" lon="128.0326141">
<ele>548.08</ele>
<time>2025-05-17T10:29:06Z</time>
<extensions>
<gpxtpx:TrackPointExtension>
<gpxtpx:hr>132</gpxtpx:hr>
</gpxtpx:TrackPointExtension>
</extensions>
</trkpt>
<trkpt lat="36.7523191" lon="128.0326145">
<ele>548.133</ele>
<time>2025-05-17T10:29:07Z</time>
<extensions>
<gpxtpx:TrackPointExtension>
<gpxtpx:hr>132</gpxtpx:hr>
</gpxtpx:TrackPointExtension>
</extensions>
</trkpt>
<trkpt lat="36.7523194" lon="128.032615">
<ele>548.179</ele>
<time>2025-05-17T10:29:08Z</time>
<extensions>
<gpxtpx:TrackPointExtension>
<gpxtpx:hr>132</gpxtpx:hr>
</gpxtpx:TrackPointExtension>
</extensions>
</trkpt>
<trkpt lat="36.7523194" lon="128.0326154">
<ele>548.182</ele>
<time>2025-05-17T10:29:09Z</time>
<extensions>
<gpxtpx:TrackPointExtension>
<gpxtpx:hr>131</gpxtpx:hr>
</gpxtpx:TrackPointExtension>
</extensions>
</trkpt>
<trkpt lat="36.7523194" lon="128.0326155">
<ele>548.136</ele>
<time>2025-05-17T10:29:10Z</time>
<extensions>
<gpxtpx:TrackPointExtension>
<gpxtpx:hr>131</gpxtpx:hr>
</gpxtpx:TrackPointExtension>
</extensions>
</trkpt>
<trkpt lat="36.7523192" lon="128.0326157">
<ele>548.132</ele>
<time>2025-05-17T10:29:12Z</time>
<extensions>
<gpxtpx:TrackPointExtension>
<gpxtpx:hr>132</gpxtpx:hr>
</gpxtpx:TrackPointExtension>
</extensions>
</trkpt>
<trkpt lat="36.7523191" lon="128.0326154">
<ele>548.099</ele>
<time>2025-05-17T10:29:13Z</time>
<extensions>
<gpxtpx:TrackPointExtension>
<gpxtpx:hr>132</gpxtpx:hr>
</gpxtpx:TrackPointExtension>
</extensions>
</trkpt>
<trkpt lat="36.7523189" lon="128.0326155">
<ele>548.048</ele>
<time>2025-05-17T10:29:14Z</time>
<extensions>
<gpxtpx:TrackPointExtension>
<gpxtpx:hr>132</gpxtpx:hr>
</gpxtpx:TrackPointExtension>
</extensions>
</trkpt>
<trkpt lat="36.7523185" lon="128.0326153">
<ele>548.002</ele>
<time>2025-05-17T10:29:15Z</time>
<extensions>
<gpxtpx:TrackPointExtension>
<gpxtpx:hr>132</gpxtpx:hr>
</gpxtpx:TrackPointExtension>
</extensions>
</trkpt>
<trkpt lat="36.7523186" lon="128.0326151">
<ele>547.983</ele>
<time>2025-05-17T10:29:16Z</time>
<extensions>
<gpxtpx:TrackPointExtension>
<gpxtpx:hr>132</gpxtpx:hr>
</gpxtpx:TrackPointExtension>
</extensions>
</trkpt>
<trkpt lat="36.7523191" lon="128.032615">
<ele>547.933</ele>
<time>2025-05-17T10:29:17Z</time>
<extensions>
<gpxtpx:TrackPointExtension>
<gpxtpx:hr>132</gpxtpx:hr>
</gpxtpx:TrackPointExtension>
</extensions>
</trkpt>
<trkpt lat="36.7523194" lon="128.032615">
<ele>547.941</ele>
<time>2025-05-17T10:29:18Z</time>
<extensions>
<gpxtpx:TrackPointExtension>
<gpxtpx:hr>133</gpxtpx:hr>
</gpxtpx:TrackPointExtension>
</extensions>
</trkpt>
<trkpt lat="36.7523197" lon="128.0326145">
<ele>547.992</ele>
<time>2025-05-17T10:29:19Z</time>
<extensions>
<gpxtpx:TrackPointExtension>
<gpxtpx:hr>133</gpxtpx:hr>
</gpxtpx:TrackPointExtension>
</extensions>
</trkpt>
<trkpt lat="36.75232" lon="128.0326143">
<ele>547.988</ele>
<time>2025-05-17T10:29:20Z</time>
<extensions>
<gpxtpx:TrackPointExtension>
<gpxtpx:hr>132</gpxtpx:hr>
</gpxtpx:TrackPointExtension>
</extensions>
</trkpt>
<trkpt lat="36.7523203" lon="128.0326141">
<ele>547.99</ele>
<time>2025-05-17T10:29:21Z</time>
<extensions>
<gpxtpx:TrackPointExtension>
<gpxtpx:hr>132</gpxtpx:hr>
</gpxtpx:TrackPointExtension>
</extensions>
</trkpt>
<trkpt lat="36.7523204" lon="128.0326141">
<ele>548.037</ele>
<time>2025-05-17T10:29:22Z</time>
<extensions>
<gpxtpx:TrackPointExtension>
<gpxtpx:hr>132</gpxtpx:hr>
</gpxtpx:TrackPointExtension>
</extensions>
</trkpt>
<trkpt lat="36.7523207" lon="128.032614">
<ele>548.037</ele>
<time>2025-05-17T10:29:23Z</time>
<extensions>
<gpxtpx:TrackPointExtension>
<gpxtpx:hr>132</gpxtpx:hr>
</gpxtpx:TrackPointExtension>
</extensions>
</trkpt>
<trkpt lat="36.7523208" lon="128.0326141">
<ele>548.026</ele>
<time>2025-05-17T10:29:24Z</time>
<extensions>
<gpxtpx:TrackPointExtension>
<gpxtpx:hr>132</gpxtpx:hr>
</gpxtpx:TrackPointExtension>
</extensions>
</trkpt>
<trkpt lat="36.7523209" lon="128.032614">
<ele>548.006</ele>
<time>2025-05-17T10:29:25Z</time>
<extensions>
<gpxtpx:TrackPointExtension>
<gpxtpx:hr>132</gpxtpx:hr>
</gpxtpx:TrackPointExtension>
</extensions>
</trkpt>
<trkpt lat="36.7523212" lon="128.0326136">
<ele>547.958</ele>
<time>2025-05-17T10:29:26Z</time>
<extensions>
<gpxtpx:TrackPointExtension>
<gpxtpx:hr>132</gpxtpx:hr>
</gpxtpx:TrackPointExtension>
</extensions>
</trkpt>
<trkpt lat="36.7523215" lon="128.0326135">
<ele>547.969</ele>
<time>2025-05-17T10:29:27Z</time>
<extensions>
<gpxtpx:TrackPointExtension>
<gpxtpx:hr>132</gpxtpx:hr>
</gpxtpx:TrackPointExtension>
</extensions>
</trkpt>
<trkpt lat="36.7523218" lon="128.0326134">
<ele>547.992</ele>
<time>2025-05-17T10:29:28Z</time>
<extensions>
<gpxtpx:TrackPointExtension>
<gpxtpx:hr>132</gpxtpx:hr>
</gpxtpx:TrackPointExtension>
</extensions>
</trkpt>
<trkpt lat="36.752322" lon="128.0326133">
<ele>547.961</ele>
<time>2025-05-17T10:29:29Z</time>
<extensions>
<gpxtpx:TrackPointExtension>
<gpxtpx:hr>132</gpxtpx:hr>
</gpxtpx:TrackPointExtension>
</extensions>
</trkpt>
<trkpt lat="36.7523222" lon="128.0326131">
<ele>547.943</ele>
<time>2025-05-17T10:29:30Z</time>
<extensions>
<gpxtpx:TrackPointExtension>
<gpxtpx:hr>132</gpxtpx:hr>
</gpxtpx:TrackPointExtension>
</extensions>
</trkpt>
<trkpt lat="36.7523225" lon="128.0326127">
<ele>547.892</ele>
<time>2025-05-17T10:29:31Z</time>
<extensions>
<gpxtpx:TrackPointExtension>
<gpxtpx:hr>132</gpxtpx:hr>
</gpxtpx:TrackPointExtension>
</extensions>
</trkpt>
<trkpt lat="36.7523228" lon="128.0326125">
<ele>547.853</ele>
<time>2025-05-17T10:29:32Z</time>
<extensions>
<gpxtpx:TrackPointExtension>
<gpxtpx:hr>132</gpxtpx:hr>
</gpxtpx:TrackPointExtension>
</extensions>
</trkpt>
<trkpt lat="36.7523231" lon="128.0326124">
<ele>547.743</ele>
<time>2025-05-17T10:29:34Z</time>
<extensions>
<gpxtpx:TrackPointExtension>
<gpxtpx:hr>132</gpxtpx:hr>
</gpxtpx:TrackPointExtension>
</extensions>
</trkpt>
<trkpt lat="36.7523234" lon="128.0326122">
<ele>547.694</ele>
<time>2025-05-17T10:29:35Z</time>
<extensions>
<gpxtpx:TrackPointExtension>
<gpxtpx:hr>131</gpxtpx:hr>
</gpxtpx:TrackPointExtension>
</extensions>
</trkpt>
<trkpt lat="36.7523238" lon="128.0326124">
<ele>547.712</ele>
<time>2025-05-17T10:29:36Z</time>
<extensions>
<gpxtpx:TrackPointExtension>
<gpxtpx:hr>131</gpxtpx:hr>
</gpxtpx:TrackPointExtension>
</extensions>
</trkpt>
<trkpt lat="36.7523252" lon="128.0326121">
<ele>547.662</ele>
<time>2025-05-17T10:29:37Z</time>
<extensions>
<gpxtpx:TrackPointExtension>
<gpxtpx:hr>131</gpxtpx:hr>
</gpxtpx:TrackPointExtension>
</extensions>
</trkpt>
<trkpt lat="36.7523255" lon="128.0326122">
<ele>547.681</ele>
<time>2025-05-17T10:29:38Z</time>
<extensions>
<gpxtpx:TrackPointExtension>
<gpxtpx:hr>130</gpxtpx:hr>
</gpxtpx:TrackPointExtension>
</extensions>
</trkpt>
<trkpt lat="36.7523256" lon="128.0326121">
<ele>547.699</ele>
<time>2025-05-17T10:29:40Z</time>
<extensions>
<gpxtpx:TrackPointExtension>
<gpxtpx:hr>130</gpxtpx:hr>
</gpxtpx:TrackPointExtension>
</extensions>
</trkpt>
<trkpt lat="36.7523253" lon="128.032612">
<ele>547.752</ele>
<time>2025-05-17T10:29:42Z</time>
<extensions>
<gpxtpx:TrackPointExtension>
<gpxtpx:hr>130</gpxtpx:hr>
</gpxtpx:TrackPointExtension>
</extensions>
</trkpt>
<trkpt lat="36.7523252" lon="128.0326117">
<ele>547.734</ele>
<time>2025-05-17T10:29:43Z</time>
<extensions>
<gpxtpx:TrackPointExtension>
<gpxtpx:hr>131</gpxtpx:hr>
</gpxtpx:TrackPointExtension>
</extensions>
</trkpt>
<trkpt lat="36.7523255" lon="128.0326116">
<ele>547.766</ele>
<time>2025-05-17T10:29:44Z</time>
<extensions>
<gpxtpx:TrackPointExtension>
<gpxtpx:hr>131</gpxtpx:hr>
</gpxtpx:TrackPointExtension>
</extensions>
</trkpt>
<trkpt lat="36.7523255" lon="128.0326114">
<ele>547.803</ele>
<time>2025-05-17T10:29:45Z</time>
<extensions>
<gpxtpx:TrackPointExtension>
<gpxtpx:hr>132</gpxtpx:hr>
</gpxtpx:TrackPointExtension>
</extensions>
</trkpt>
<trkpt lat="36.7523251" lon="128.0326112">
<ele>547.763</ele>
<time>2025-05-17T10:29:46Z</time>
<extensions>
<gpxtpx:TrackPointExtension>
<gpxtpx:hr>132</gpxtpx:hr>
</gpxtpx:TrackPointExtension>
</extensions>
</trkpt>
<trkpt lat="36.7523247" lon="128.0326112">
<ele>547.752</ele>
<time>2025-05-17T10:29:47Z</time>
<extensions>
<gpxtpx:TrackPointExtension>
<gpxtpx:hr>132</gpxtpx:hr>
</gpxtpx:TrackPointExtension>
</extensions>
</trkpt>
<trkpt lat="36.7523246" lon="128.0326111">
<ele>547.772</ele>
<time>2025-05-17T10:29:48Z</time>
<extensions>
<gpxtpx:TrackPointExtension>
<gpxtpx:hr>133</gpxtpx:hr>
</gpxtpx:TrackPointExtension>
</extensions>
</trkpt>
<trkpt lat="36.7523244" lon="128.0326108">
<ele>547.742</ele>
<time>2025-05-17T10:29:49Z</time>
<extensions>
<gpxtpx:TrackPointExtension>
<gpxtpx:hr>133</gpxtpx:hr>
</gpxtpx:TrackPointExtension>
</extensions>
</trkpt>
<trkpt lat="36.752324" lon="128.0326107">
<ele>547.739</ele>
<time>2025-05-17T10:29:50Z</time>
<extensions>
<gpxtpx:TrackPointExtension>
<gpxtpx:hr>133</gpxtpx:hr>
</gpxtpx:TrackPointExtension>
</extensions>
</trkpt>
<trkpt lat="36.7523241" lon="128.0326103">
<ele>547.704</ele>
<time>2025-05-17T10:29:51Z</time>
<extensions>
<gpxtpx:TrackPointExtension>
<gpxtpx:hr>133</gpxtpx:hr>
</gpxtpx:TrackPointExtension>
</extensions>
</trkpt>
<trkpt lat="36.7523244" lon="128.03261">
<ele>547.704</ele>
<time>2025-05-17T10:29:52Z</time>
<extensions>
<gpxtpx:TrackPointExtension>
<gpxtpx:hr>133</gpxtpx:hr>
</gpxtpx:TrackPointExtension>
</extensions>
</trkpt>
<trkpt lat="36.7523245" lon="128.0326098">
<ele>547.726</ele>
<time>2025-05-17T10:29:53Z</time>
<extensions>
<gpxtpx:TrackPointExtension>
<gpxtpx:hr>132</gpxtpx:hr>
</gpxtpx:TrackPointExtension>
</extensions>
</trkpt>
<trkpt lat="36.7523246" lon="128.0326093">
<ele>547.769</ele>
<time>2025-05-17T10:29:54Z</time>
<extensions>
<gpxtpx:TrackPointExtension>
<gpxtpx:hr>132</gpxtpx:hr>
</gpxtpx:TrackPointExtension>
</extensions>
</trkpt>
<trkpt lat="36.7523245" lon="128.0326093">
<ele>547.754</ele>
<time>2025-05-17T10:29:55Z</time>
<extensions>
<gpxtpx:TrackPointExtension>
<gpxtpx:hr>132</gpxtpx:hr>
</gpxtpx:TrackPointExtension>
</extensions>
</trkpt>
<trkpt lat="36.7523244" lon="128.0326093">
<ele>547.746</ele>
<time>2025-05-17T10:29:56Z</time>
<extensions>
<gpxtpx:TrackPointExtension>
<gpxtpx:hr>132</gpxtpx:hr>
</gpxtpx:TrackPointExtension>
</extensions>
</trkpt>
<trkpt lat="36.7523246" lon="128.0326092">
<ele>547.717</ele>
<time>2025-05-17T10:29:57Z</time>
<extensions>
<gpxtpx:TrackPointExtension>
<gpxtpx:hr>131</gpxtpx:hr>
</gpxtpx:TrackPointExtension>
</extensions>
</trkpt>
<trkpt lat="36.7523247" lon="128.0326088">
<ele>547.687</ele>
<time>2025-05-17T10:29:58Z</time>
<extensions>
<gpxtpx:TrackPointExtension>
<gpxtpx:hr>131</gpxtpx:hr>
</gpxtpx:TrackPointExtension>
</extensions>
</trkpt>
<trkpt lat="36.7523249" lon="128.0326087">
<ele>547.67</ele>
<time>2025-05-17T10:29:59Z</time>
<extensions>
<gpxtpx:TrackPointExtension>
<gpxtpx:hr>131</gpxtpx:hr>
</gpxtpx:TrackPointExtension>
</extensions>
</trkpt>
<trkpt lat="36.7523252" lon="128.0326083">
<ele>547.685</ele>
<time>2025-05-17T10:30:00Z</time>
<extensions>
<gpxtpx:TrackPointExtension>
<gpxtpx:hr>131</gpxtpx:hr>
</gpxtpx:TrackPointExtension>
</extensions>
</trkpt>
<trkpt lat="36.7523253" lon="128.0326079">
<ele>547.673</ele>
<time>2025-05-17T10:30:01Z</time>
<extensions>
<gpxtpx:TrackPointExtension>
<gpxtpx:hr>130</gpxtpx:hr>
</gpxtpx:TrackPointExtension>
</extensions>
</trkpt>
<trkpt lat="36.7523255" lon="128.0326077">
<ele>547.647</ele>
<time>2025-05-17T10:30:02Z</time>
<extensions>
<gpxtpx:TrackPointExtension>
<gpxtpx:hr>130</gpxtpx:hr>
</gpxtpx:TrackPointExtension>
</extensions>
</trkpt>
<trkpt lat="36.7523256" lon="128.0326073">
<ele>547.615</ele>
<time>2025-05-17T10:30:03Z</time>
<extensions>
<gpxtpx:TrackPointExtension>
<gpxtpx:hr>130</gpxtpx:hr>
</gpxtpx:TrackPointExtension>
</extensions>
</trkpt>
<trkpt lat="36.7523257" lon="128.0326069">
<ele>547.647</ele>
<time>2025-05-17T10:30:04Z</time>
<extensions>
<gpxtpx:TrackPointExtension>
<gpxtpx:hr>131</gpxtpx:hr>
</gpxtpx:TrackPointExtension>
</extensions>
</trkpt>
<trkpt lat="36.7523258" lon="128.0326064">
<ele>547.629</ele>
<time>2025-05-17T10:30:05Z</time>
<extensions>
<gpxtpx:TrackPointExtension>
<gpxtpx:hr>130</gpxtpx:hr>
</gpxtpx:TrackPointExtension>
</extensions>
</trkpt>
<trkpt lat="36.7523259" lon="128.032606">
<ele>547.63</ele>
<time>2025-05-17T10:30:06Z</time>
<extensions>
<gpxtpx:TrackPointExtension>
<gpxtpx:hr>130</gpxtpx:hr>
</gpxtpx:TrackPointExtension>
</extensions>
</trkpt>
<trkpt lat="36.7523262" lon="128.0326057">
<ele>547.621</ele>
<time>2025-05-17T10:30:07Z</time>
<extensions>
<gpxtpx:TrackPointExtension>
<gpxtpx:hr>130</gpxtpx:hr>
</gpxtpx:TrackPointExtension>
</extensions>
</trkpt>
<trkpt lat="36.7523263" lon="128.0326052">
<ele>547.539</ele>
<time>2025-05-17T10:30:08Z</time>
<extensions>
<gpxtpx:TrackPointExtension>
<gpxtpx:hr>129</gpxtpx:hr>
</gpxtpx:TrackPointExtension>
</extensions>
</trkpt>
<trkpt lat="36.7523263" lon="128.0326045">
<ele>547.475</ele>
<time>2025-05-17T10:30:09Z</time>
<extensions>
<gpxtpx:TrackPointExtension>
<gpxtpx:hr>129</gpxtpx:hr>
</gpxtpx:TrackPointExtension>
</extensions>
</trkpt>
<trkpt lat="36.7523264" lon="128.032604">
<ele>547.481</ele>
<time>2025-05-17T10:30:10Z</time>
<extensions>
<gpxtpx:TrackPointExtension>
<gpxtpx:hr>129</gpxtpx:hr>
</gpxtpx:TrackPointExtension>
</extensions>
</trkpt>
<trkpt lat="36.7523263" lon="128.0326036">
<ele>547.446</ele>
<time>2025-05-17T10:30:11Z</time>
<extensions>
<gpxtpx:TrackPointExtension>
<gpxtpx:hr>128</gpxtpx:hr>
</gpxtpx:TrackPointExtension>
</extensions>
</trkpt>
<trkpt lat="36.7523262" lon="128.0326035">
<ele>547.491</ele>
<time>2025-05-17T10:30:12Z</time>
<extensions>
<gpxtpx:TrackPointExtension>
<gpxtpx:hr>128</gpxtpx:hr>
</gpxtpx:TrackPointExtension>
</extensions>
</trkpt>
<trkpt lat="36.7523262" lon="128.0326031">
<ele>547.53</ele>
<time>2025-05-17T10:30:13Z</time>
<extensions>
<gpxtpx:TrackPointExtension>
<gpxtpx:hr>127</gpxtpx:hr>
</gpxtpx:TrackPointExtension>
</extensions>
</trkpt>
<trkpt lat="36.7523259" lon="128.032603">
<ele>547.572</ele>
<time>2025-05-17T10:30:14Z</time>
<extensions>
<gpxtpx:TrackPointExtension>
<gpxtpx:hr>127</gpxtpx:hr>
</gpxtpx:TrackPointExtension>
</extensions>
</trkpt>
<trkpt lat="36.7523255" lon="128.0326019">
<ele>547.612</ele>
<time>2025-05-17T10:30:15Z</time>
<extensions>
<gpxtpx:TrackPointExtension>
<gpxtpx:hr>127</gpxtpx:hr>
</gpxtpx:TrackPointExtension>
</extensions>
</trkpt>
<trkpt lat="36.7523258" lon="128.0326012">
<ele>547.646</ele>
<time>2025-05-17T10:30:16Z</time>
<extensions>
<gpxtpx:TrackPointExtension>
<gpxtpx:hr>126</gpxtpx:hr>
</gpxtpx:TrackPointExtension>
</extensions>
</trkpt>
<trkpt lat="36.7523257" lon="128.0326011">
<ele>547.691</ele>
<time>2025-05-17T10:30:17Z</time>
<extensions>
<gpxtpx:TrackPointExtension>
<gpxtpx:hr>126</gpxtpx:hr>
</gpxtpx:TrackPointExtension>
</extensions>
</trkpt>
<trkpt lat="36.7523257" lon="128.0326009">
<ele>547.651</ele>
<time>2025-05-17T10:30:18Z</time>
<extensions>
<gpxtpx:TrackPointExtension>
<gpxtpx:hr>126</gpxtpx:hr>
</gpxtpx:TrackPointExtension>
</extensions>
</trkpt>
<trkpt lat="36.7523255" lon="128.0326007">
<ele>547.621</ele>
<time>2025-05-17T10:30:19Z</time>
<extensions>
<gpxtpx:TrackPointExtension>
<gpxtpx:hr>126</gpxtpx:hr>
</gpxtpx:TrackPointExtension>
</extensions>
</trkpt>
<trkpt lat="36.7523253" lon="128.0326005">
<ele>547.636</ele>
<time>2025-05-17T10:30:20Z</time>
<extensions>
<gpxtpx:TrackPointExtension>
<gpxtpx:hr>126</gpxtpx:hr>
</gpxtpx:TrackPointExtension>
</extensions>
</trkpt>
<trkpt lat="36.7523256" lon="128.0326002">
<ele>547.638</ele>
<time>2025-05-17T10:30:21Z</time>
<extensions>
<gpxtpx:TrackPointExtension>
<gpxtpx:hr>126</gpxtpx:hr>
</gpxtpx:TrackPointExtension>
</extensions>
</trkpt>
<trkpt lat="36.7523256" lon="128.0326">
<ele>547.649</ele>
<time>2025-05-17T10:30:23Z</time>
<extensions>
<gpxtpx:TrackPointExtension>
<gpxtpx:hr>127</gpxtpx:hr>
</gpxtpx:TrackPointExtension>
</extensions>
</trkpt>
<trkpt lat="36.7523258" lon="128.0325997">
<ele>547.637</ele>
<time>2025-05-17T10:30:24Z</time>
<extensions>
<gpxtpx:TrackPointExtension>
<gpxtpx:hr>127</gpxtpx:hr>
</gpxtpx:TrackPointExtension>
</extensions>
</trkpt>
<trkpt lat="36.7523258" lon="128.0325992">
<ele>547.587</ele>
<time>2025-05-17T10:30:25Z</time>
<extensions>
<gpxtpx:TrackPointExtension>
<gpxtpx:hr>127</gpxtpx:hr>
</gpxtpx:TrackPointExtension>
</extensions>
</trkpt>
<trkpt lat="36.7523258" lon="128.0325988">
<ele>547.614</ele>
<time>2025-05-17T10:30:26Z</time>
<extensions>
<gpxtpx:TrackPointExtension>
<gpxtpx:hr>126</gpxtpx:hr>
</gpxtpx:TrackPointExtension>
</extensions>
</trkpt>
<trkpt lat="36.7523258" lon="128.0325987">
<ele>547.597</ele>
<time>2025-05-17T10:30:27Z</time>
<extensions>
<gpxtpx:TrackPointExtension>
<gpxtpx:hr>126</gpxtpx:hr>
</gpxtpx:TrackPointExtension>
</extensions>
</trkpt>
<trkpt lat="36.7523263" lon="128.0325983">
<ele>547.6</ele>
<time>2025-05-17T10:30:28Z</time>
<extensions>
<gpxtpx:TrackPointExtension>
<gpxtpx:hr>126</gpxtpx:hr>
</gpxtpx:TrackPointExtension>
</extensions>
</trkpt>
<trkpt lat="36.7523265" lon="128.0325981">
<ele>547.525</ele>
<time>2025-05-17T10:30:29Z</time>
<extensions>
<gpxtpx:TrackPointExtension>
<gpxtpx:hr>126</gpxtpx:hr>
</gpxtpx:TrackPointExtension>
</extensions>
</trkpt>
<trkpt lat="36.7523265" lon="128.0325978">
<ele>547.521</ele>
<time>2025-05-17T10:30:30Z</time>
<extensions>
<gpxtpx:TrackPointExtension>
<gpxtpx:hr>126</gpxtpx:hr>
</gpxtpx:TrackPointExtension>
</extensions>
</trkpt>
<trkpt lat="36.7523264" lon="128.0325974">
<ele>547.539</ele>
<time>2025-05-17T10:30:31Z</time>
<extensions>
<gpxtpx:TrackPointExtension>
<gpxtpx:hr>126</gpxtpx:hr>
</gpxtpx:TrackPointExtension>
</extensions>
</trkpt>
<trkpt lat="36.7523268" lon="128.0325967">
<ele>547.507</ele>
<time>2025-05-17T10:30:32Z</time>
<extensions>
<gpxtpx:TrackPointExtension>
<gpxtpx:hr>126</gpxtpx:hr>
</gpxtpx:TrackPointExtension>
</extensions>
</trkpt>
<trkpt lat="36.7523271" lon="128.0325959">
<ele>547.572</ele>
<time>2025-05-17T10:30:33Z</time>
<extensions>
<gpxtpx:TrackPointExtension>
<gpxtpx:hr>127</gpxtpx:hr>
</gpxtpx:TrackPointExtension>
</extensions>
</trkpt>
<trkpt lat="36.752327" lon="128.0325944">
<ele>547.544</ele>
<time>2025-05-17T10:30:34Z</time>
<extensions>
<gpxtpx:TrackPointExtension>
<gpxtpx:hr>127</gpxtpx:hr>
</gpxtpx:TrackPointExtension>
</extensions>
</trkpt>
<trkpt lat="36.7523277" lon="128.0325916">
<ele>547.519</ele>
<time>2025-05-17T10:30:35Z</time>
<extensions>
<gpxtpx:TrackPointExtension>
<gpxtpx:hr>127</gpxtpx:hr>
</gpxtpx:TrackPointExtension>
</extensions>
</trkpt>
<trkpt lat="36.7523277" lon="128.032591">
<ele>547.499</ele>
<time>2025-05-17T10:30:36Z</time>
<extensions>
<gpxtpx:TrackPointExtension>
<gpxtpx:hr>127</gpxtpx:hr>
</gpxtpx:TrackPointExtension>
</extensions>
</trkpt>
<trkpt lat="36.7523276" lon="128.0325906">
<ele>547.437</ele>
<time>2025-05-17T10:30:37Z</time>
<extensions>
<gpxtpx:TrackPointExtension>
<gpxtpx:hr>127</gpxtpx:hr>
</gpxtpx:TrackPointExtension>
</extensions>
</trkpt>
<trkpt lat="36.7523276" lon="128.0325905">
<ele>547.539</ele>
<time>2025-05-17T10:30:38Z</time>
<extensions>
<gpxtpx:TrackPointExtension>
<gpxtpx:hr>128</gpxtpx:hr>
</gpxtpx:TrackPointExtension>
</extensions>
</trkpt>
<trkpt lat="36.7523275" lon="128.0325904">
<ele>547.54</ele>
<time>2025-05-17T10:30:39Z</time>
<extensions>
<gpxtpx:TrackPointExtension>
<gpxtpx:hr>128</gpxtpx:hr>
</gpxtpx:TrackPointExtension>
</extensions>
</trkpt>
<trkpt lat="36.7523274" lon="128.0325899">
<ele>547.547</ele>
<time>2025-05-17T10:30:40Z</time>
<extensions>
<gpxtpx:TrackPointExtension>
<gpxtpx:hr>128</gpxtpx:hr>
</gpxtpx:TrackPointExtension>
</extensions>
</trkpt>
<trkpt lat="36.7523274" lon="128.0325896">
<ele>547.543</ele>
<time>2025-05-17T10:30:41Z</time>
<extensions>
<gpxtpx:TrackPointExtension>
<gpxtpx:hr>128</gpxtpx:hr>
</gpxtpx:TrackPointExtension>
</extensions>
</trkpt>
<trkpt lat="36.7523273" lon="128.0325891">
<ele>547.546</ele>
<time>2025-05-17T10:30:42Z</time>
<extensions>
<gpxtpx:TrackPointExtension>
<gpxtpx:hr>128</gpxtpx:hr>
</gpxtpx:TrackPointExtension>
</extensions>
</trkpt>
<trkpt lat="36.7523275" lon="128.0325889">
<ele>547.572</ele>
<time>2025-05-17T10:30:43Z</time>
<extensions>
<gpxtpx:TrackPointExtension>
<gpxtpx:hr>128</gpxtpx:hr>
</gpxtpx:TrackPointExtension>
</extensions>
</trkpt>
<trkpt lat="36.7523282" lon="128.032588">
<ele>547.633</ele>
<time>2025-05-17T10:30:44Z</time>
<extensions>
<gpxtpx:TrackPointExtension>
<gpxtpx:hr>128</gpxtpx:hr>
</gpxtpx:TrackPointExtension>
</extensions>
</trkpt>
<trkpt lat="36.7523311" lon="128.0325857">
<ele>547.431</ele>
<time>2025-05-17T10:30:45Z</time>
<extensions>
<gpxtpx:TrackPointExtension>
<gpxtpx:hr>128</gpxtpx:hr>
</gpxtpx:TrackPointExtension>
</extensions>
</trkpt>
<trkpt lat="36.7523306" lon="128.0325862">
<ele>547.266</ele>
<time>2025-05-17T10:30:47Z</time>
<extensions>
<gpxtpx:TrackPointExtension>
<gpxtpx:hr>128</gpxtpx:hr>
</gpxtpx:TrackPointExtension>
</extensions>
</trkpt>
<trkpt lat="36.7523302" lon="128.0325865">
<ele>547.269</ele>
<time>2025-05-17T10:30:48Z</time>
<extensions>
<gpxtpx:TrackPointExtension>
<gpxtpx:hr>128</gpxtpx:hr>
</gpxtpx:TrackPointExtension>
</extensions>
</trkpt>
<trkpt lat="36.7523302" lon="128.0325863">
<ele>547.287</ele>
<time>2025-05-17T10:30:49Z</time>
<extensions>
<gpxtpx:TrackPointExtension>
<gpxtpx:hr>128</gpxtpx:hr>
</gpxtpx:TrackPointExtension>
</extensions>
</trkpt>
<trkpt lat="36.7523301" lon="128.0325861">
<ele>547.341</ele>
<time>2025-05-17T10:30:50Z</time>
<extensions>
<gpxtpx:TrackPointExtension>
<gpxtpx:hr>128</gpxtpx:hr>
</gpxtpx:TrackPointExtension>
</extensions>
</trkpt>
<trkpt lat="36.7523301" lon="128.0325857">
<ele>547.408</ele>
<time>2025-05-17T10:30:51Z</time>
<extensions>
<gpxtpx:TrackPointExtension>
<gpxtpx:hr>128</gpxtpx:hr>
</gpxtpx:TrackPointExtension>
</extensions>
</trkpt>
<trkpt lat="36.7523301" lon="128.0325854">
<ele>547.491</ele>
<time>2025-05-17T10:30:52Z</time>
<extensions>
<gpxtpx:TrackPointExtension>
<gpxtpx:hr>128</gpxtpx:hr>
</gpxtpx:TrackPointExtension>
</extensions>
</trkpt>
<trkpt lat="36.7523301" lon="128.0325852">
<ele>547.522</ele>
<time>2025-05-17T10:30:53Z</time>
<extensions>
<gpxtpx:TrackPointExtension>
<gpxtpx:hr>128</gpxtpx:hr>
</gpxtpx:TrackPointExtension>
</extensions>
</trkpt>
<trkpt lat="36.7523302" lon="128.0325848">
<ele>547.504</ele>
<time>2025-05-17T10:30:54Z</time>
<extensions>
<gpxtpx:TrackPointExtension>
<gpxtpx:hr>127</gpxtpx:hr>
</gpxtpx:TrackPointExtension>
</extensions>
</trkpt>
<trkpt lat="36.7523302" lon="128.0325844">
<ele>547.511</ele>
<time>2025-05-17T10:30:55Z</time>
<extensions>
<gpxtpx:TrackPointExtension>
<gpxtpx:hr>127</gpxtpx:hr>
</gpxtpx:TrackPointExtension>
</extensions>
</trkpt>
<trkpt lat="36.7523302" lon="128.0325838">
<ele>547.44</ele>
<time>2025-05-17T10:30:56Z</time>
<extensions>
<gpxtpx:TrackPointExtension>
<gpxtpx:hr>126</gpxtpx:hr>
</gpxtpx:TrackPointExtension>
</extensions>
</trkpt>
<trkpt lat="36.7523302" lon="128.0325833">
<ele>547.467</ele>
<time>2025-05-17T10:30:57Z</time>
<extensions>
<gpxtpx:TrackPointExtension>
<gpxtpx:hr>126</gpxtpx:hr>
</gpxtpx:TrackPointExtension>
</extensions>
</trkpt>
<trkpt lat="36.7523304" lon="128.0325828">
<ele>547.399</ele>
<time>2025-05-17T10:30:58Z</time>
<extensions>
<gpxtpx:TrackPointExtension>
<gpxtpx:hr>125</gpxtpx:hr>
</gpxtpx:TrackPointExtension>
</extensions>
</trkpt>
<trkpt lat="36.7523301" lon="128.0325823">
<ele>547.35</ele>
<time>2025-05-17T10:30:59Z</time>
<extensions>
<gpxtpx:TrackPointExtension>
<gpxtpx:hr>125</gpxtpx:hr>
</gpxtpx:TrackPointExtension>
</extensions>
</trkpt>
<trkpt lat="36.7523301" lon="128.0325818">
<ele>547.384</ele>
<time>2025-05-17T10:31:00Z</time>
<extensions>
<gpxtpx:TrackPointExtension>
<gpxtpx:hr>124</gpxtpx:hr>
</gpxtpx:TrackPointExtension>
</extensions>
</trkpt>
<trkpt lat="36.7523301" lon="128.0325811">
<ele>547.429</ele>
<time>2025-05-17T10:31:01Z</time>
<extensions>
<gpxtpx:TrackPointExtension>
<gpxtpx:hr>124</gpxtpx:hr>
</gpxtpx:TrackPointExtension>
</extensions>
</trkpt>
<trkpt lat="36.7523302" lon="128.0325806">
<ele>547.463</ele>
<time>2025-05-17T10:31:02Z</time>
<extensions>
<gpxtpx:TrackPointExtension>
<gpxtpx:hr>123</gpxtpx:hr>
</gpxtpx:TrackPointExtension>
</extensions>
</trkpt>
<trkpt lat="36.7523302" lon="128.0325803">
<ele>547.471</ele>
<time>2025-05-17T10:31:03Z</time>
<extensions>
<gpxtpx:TrackPointExtension>
<gpxtpx:hr>122</gpxtpx:hr>
</gpxtpx:TrackPointExtension>
</extensions>
</trkpt>
<trkpt lat="36.7523299" lon="128.0325779">
<ele>547.459</ele>
<time>2025-05-17T10:31:04Z</time>
<extensions>
<gpxtpx:TrackPointExtension>
<gpxtpx:hr>122</gpxtpx:hr>
</gpxtpx:TrackPointExtension>
</extensions>
</trkpt>
<trkpt lat="36.7523298" lon="128.0325771">
<ele>547.433</ele>
<time>2025-05-17T10:31:05Z</time>
<extensions>
<gpxtpx:TrackPointExtension>
<gpxtpx:hr>121</gpxtpx:hr>
</gpxtpx:TrackPointExtension>
</extensions>
</trkpt>
<trkpt lat="36.7523295" lon="128.0325767">
<ele>547.489</ele>
<time>2025-05-17T10:31:06Z</time>
<extensions>
<gpxtpx:TrackPointExtension>
<gpxtpx:hr>121</gpxtpx:hr>
</gpxtpx:TrackPointExtension>
</extensions>
</trkpt>
<trkpt lat="36.7523295" lon="128.0325763">
<ele>547.423</ele>
<time>2025-05-17T10:31:07Z</time>
<extensions>
<gpxtpx:TrackPointExtension>
<gpxtpx:hr>121</gpxtpx:hr>
</gpxtpx:TrackPointExtension>
</extensions>
</trkpt>
<trkpt lat="36.7523294" lon="128.0325753">
<ele>547.395</ele>
<time>2025-05-17T10:31:08Z</time>
<extensions>
<gpxtpx:TrackPointExtension>
<gpxtpx:hr>120</gpxtpx:hr>
</gpxtpx:TrackPointExtension>
</extensions>
</trkpt>
<trkpt lat="36.7523294" lon="128.0325748">
<ele>547.386</ele>
<time>2025-05-17T10:31:09Z</time>
<extensions>
<gpxtpx:TrackPointExtension>
<gpxtpx:hr>120</gpxtpx:hr>
</gpxtpx:TrackPointExtension>
</extensions>
</trkpt>
<trkpt lat="36.7523295" lon="128.0325743">
<ele>547.411</ele>
<time>2025-05-17T10:31:10Z</time>
<extensions>
<gpxtpx:TrackPointExtension>
<gpxtpx:hr>120</gpxtpx:hr>
</gpxtpx:TrackPointExtension>
</extensions>
</trkpt>
<trkpt lat="36.7523297" lon="128.0325739">
<ele>547.49</ele>
<time>2025-05-17T10:31:11Z</time>
<extensions>
<gpxtpx:TrackPointExtension>
<gpxtpx:hr>120</gpxtpx:hr>
</gpxtpx:TrackPointExtension>
</extensions>
</trkpt>
<trkpt lat="36.7523299" lon="128.0325736">
<ele>547.514</ele>
<time>2025-05-17T10:31:12Z</time>
<extensions>
<gpxtpx:TrackPointExtension>
<gpxtpx:hr>119</gpxtpx:hr>
</gpxtpx:TrackPointExtension>
</extensions>
</trkpt>
<trkpt lat="36.7523299" lon="128.0325734">
<ele>547.579</ele>
<time>2025-05-17T10:31:13Z</time>
<extensions>
<gpxtpx:TrackPointExtension>
<gpxtpx:hr>119</gpxtpx:hr>
</gpxtpx:TrackPointExtension>
</extensions>
</trkpt>
<trkpt lat="36.7523301" lon="128.0325733">
<ele>547.583</ele>
<time>2025-05-17T10:31:14Z</time>
<extensions>
<gpxtpx:TrackPointExtension>
<gpxtpx:hr>118</gpxtpx:hr>
</gpxtpx:TrackPointExtension>
</extensions>
</trkpt>
<trkpt lat="36.7523301" lon="128.0325731">
<ele>547.524</ele>
<time>2025-05-17T10:31:15Z</time>
<extensions>
<gpxtpx:TrackPointExtension>
<gpxtpx:hr>118</gpxtpx:hr>
</gpxtpx:TrackPointExtension>
</extensions>
</trkpt>
<trkpt lat="36.7523302" lon="128.0325729">
<ele>547.532</ele>
<time>2025-05-17T10:31:16Z</time>
<extensions>
<gpxtpx:TrackPointExtension>
<gpxtpx:hr>118</gpxtpx:hr>
</gpxtpx:TrackPointExtension>
</extensions>
</trkpt>
<trkpt lat="36.7523304" lon="128.0325728">
<ele>547.416</ele>
<time>2025-05-17T10:31:17Z</time>
<extensions>
<gpxtpx:TrackPointExtension>
<gpxtpx:hr>118</gpxtpx:hr>
</gpxtpx:TrackPointExtension>
</extensions>
</trkpt>
<trkpt lat="36.7523306" lon="128.0325729">
<ele>547.365</ele>
<time>2025-05-17T10:31:18Z</time>
<extensions>
<gpxtpx:TrackPointExtension>
<gpxtpx:hr>118</gpxtpx:hr>
</gpxtpx:TrackPointExtension>
</extensions>
</trkpt>
<trkpt lat="36.7523308" lon="128.0325724">
<ele>547.334</ele>
<time>2025-05-17T10:31:19Z</time>
<extensions>
<gpxtpx:TrackPointExtension>
<gpxtpx:hr>118</gpxtpx:hr>
</gpxtpx:TrackPointExtension>
</extensions>
</trkpt>
<trkpt lat="36.7523312" lon="128.0325724">
<ele>547.345</ele>
<time>2025-05-17T10:31:20Z</time>
<extensions>
<gpxtpx:TrackPointExtension>
<gpxtpx:hr>118</gpxtpx:hr>
</gpxtpx:TrackPointExtension>
</extensions>
</trkpt>
<trkpt lat="36.7523313" lon="128.0325723">
<ele>547.352</ele>
<time>2025-05-17T10:31:21Z</time>
<extensions>
<gpxtpx:TrackPointExtension>
<gpxtpx:hr>119</gpxtpx:hr>
</gpxtpx:TrackPointExtension>
</extensions>
</trkpt>
<trkpt lat="36.7523316" lon="128.0325722">
<ele>547.358</ele>
<time>2025-05-17T10:31:22Z</time>
<extensions>
<gpxtpx:TrackPointExtension>
<gpxtpx:hr>120</gpxtpx:hr>
</gpxtpx:TrackPointExtension>
</extensions>
</trkpt>
<trkpt lat="36.7523318" lon="128.0325719">
<ele>547.401</ele>
<time>2025-05-17T10:31:23Z</time>
<extensions>
<gpxtpx:TrackPointExtension>
<gpxtpx:hr>120</gpxtpx:hr>
</gpxtpx:TrackPointExtension>
</extensions>
</trkpt>
<trkpt lat="36.7523319" lon="128.032572">
<ele>547.47</ele>
<time>2025-05-17T10:31:24Z</time>
<extensions>
<gpxtpx:TrackPointExtension>
<gpxtpx:hr>120</gpxtpx:hr>
</gpxtpx:TrackPointExtension>
</extensions>
</trkpt>
<trkpt lat="36.7523319" lon="128.0325718">
<ele>547.479</ele>
<time>2025-05-17T10:31:25Z</time>
<extensions>
<gpxtpx:TrackPointExtension>
<gpxtpx:hr>120</gpxtpx:hr>
</gpxtpx:TrackPointExtension>
</extensions>
</trkpt>
<trkpt lat="36.752332" lon="128.0325714">
<ele>547.539</ele>
<time>2025-05-17T10:31:26Z</time>
<extensions>
<gpxtpx:TrackPointExtension>
<gpxtpx:hr>121</gpxtpx:hr>
</gpxtpx:TrackPointExtension>
</extensions>
</trkpt>
<trkpt lat="36.7523322" lon="128.0325712">
<ele>547.562</ele>
<time>2025-05-17T10:31:27Z</time>
<extensions>
<gpxtpx:TrackPointExtension>
<gpxtpx:hr>120</gpxtpx:hr>
</gpxtpx:TrackPointExtension>
</extensions>
</trkpt>
<trkpt lat="36.7523323" lon="128.032571">
<ele>547.486</ele>
<time>2025-05-17T10:31:30Z</time>
<extensions>
<gpxtpx:TrackPointExtension>
<gpxtpx:hr>121</gpxtpx:hr>
</gpxtpx:TrackPointExtension>
</extensions>
</trkpt>
<trkpt lat="36.7523325" lon="128.0325708">
<ele>547.445</ele>
<time>2025-05-17T10:31:31Z</time>
<extensions>
<gpxtpx:TrackPointExtension>
<gpxtpx:hr>121</gpxtpx:hr>
</gpxtpx:TrackPointExtension>
</extensions>
</trkpt>
<trkpt lat="36.7523332" lon="128.0325699">
<ele>547.415</ele>
<time>2025-05-17T10:31:32Z</time>
<extensions>
<gpxtpx:TrackPointExtension>
<gpxtpx:hr>121</gpxtpx:hr>
</gpxtpx:TrackPointExtension>
</extensions>
</trkpt>
<trkpt lat="36.7523334" lon="128.0325693">
<ele>547.434</ele>
<time>2025-05-17T10:31:33Z</time>
<extensions>
<gpxtpx:TrackPointExtension>
<gpxtpx:hr>120</gpxtpx:hr>
</gpxtpx:TrackPointExtension>
</extensions>
</trkpt>
<trkpt lat="36.7523335" lon="128.0325689">
<ele>547.392</ele>
<time>2025-05-17T10:31:35Z</time>
<extensions>
<gpxtpx:TrackPointExtension>
<gpxtpx:hr>120</gpxtpx:hr>
</gpxtpx:TrackPointExtension>
</extensions>
</trkpt>
<trkpt lat="36.7523337" lon="128.0325684">
<ele>547.433</ele>
<time>2025-05-17T10:31:36Z</time>
<extensions>
<gpxtpx:TrackPointExtension>
<gpxtpx:hr>119</gpxtpx:hr>
</gpxtpx:TrackPointExtension>
</extensions>
</trkpt>
<trkpt lat="36.7523338" lon="128.032568">
<ele>547.441</ele>
<time>2025-05-17T10:31:37Z</time>
<extensions>
<gpxtpx:TrackPointExtension>
<gpxtpx:hr>118</gpxtpx:hr>
</gpxtpx:TrackPointExtension>
</extensions>
</trkpt>
<trkpt lat="36.752334" lon="128.0325676">
<ele>547.508</ele>
<time>2025-05-17T10:31:38Z</time>
<extensions>
<gpxtpx:TrackPointExtension>
<gpxtpx:hr>118</gpxtpx:hr>
</gpxtpx:TrackPointExtension>
</extensions>
</trkpt>
<trkpt lat="36.7523341" lon="128.0325672">
<ele>547.491</ele>
<time>2025-05-17T10:31:39Z</time>
<extensions>
<gpxtpx:TrackPointExtension>
<gpxtpx:hr>118</gpxtpx:hr>
</gpxtpx:TrackPointExtension>
</extensions>
</trkpt>
<trkpt lat="36.7523341" lon="128.0325669">
<ele>547.479</ele>
<time>2025-05-17T10:31:40Z</time>
<extensions>
<gpxtpx:TrackPointExtension>
<gpxtpx:hr>117</gpxtpx:hr>
</gpxtpx:TrackPointExtension>
</extensions>
</trkpt>
<trkpt lat="36.7523341" lon="128.0325665">
<ele>547.454</ele>
<time>2025-05-17T10:31:41Z</time>
<extensions>
<gpxtpx:TrackPointExtension>
<gpxtpx:hr>117</gpxtpx:hr>
</gpxtpx:TrackPointExtension>
</extensions>
</trkpt>
<trkpt lat="36.7523341" lon="128.0325661">
<ele>547.477</ele>
<time>2025-05-17T10:31:42Z</time>
<extensions>
<gpxtpx:TrackPointExtension>
<gpxtpx:hr>117</gpxtpx:hr>
</gpxtpx:TrackPointExtension>
</extensions>
</trkpt>
<trkpt lat="36.7523341" lon="128.0325657">
<ele>547.525</ele>
<time>2025-05-17T10:31:43Z</time>
<extensions>
<gpxtpx:TrackPointExtension>
<gpxtpx:hr>117</gpxtpx:hr>
</gpxtpx:TrackPointExtension>
</extensions>
</trkpt>
<trkpt lat="36.7523341" lon="128.0325656">
<ele>547.647</ele>
<time>2025-05-17T10:31:44Z</time>
<extensions>
<gpxtpx:TrackPointExtension>
<gpxtpx:hr>117</gpxtpx:hr>
</gpxtpx:TrackPointExtension>
</extensions>
</trkpt>
<trkpt lat="36.7523338" lon="128.0325657">
<ele>547.941</ele>
<time>2025-05-17T10:31:45Z</time>
<extensions>
<gpxtpx:TrackPointExtension>
<gpxtpx:hr>117</gpxtpx:hr>
</gpxtpx:TrackPointExtension>
</extensions>
</trkpt>
<trkpt lat="36.7523337" lon="128.0325653">
<ele>547.566</ele>
<time>2025-05-17T10:31:46Z</time>
<extensions>
<gpxtpx:TrackPointExtension>
<gpxtpx:hr>117</gpxtpx:hr>
</gpxtpx:TrackPointExtension>
</extensions>
</trkpt>
<trkpt lat="36.7523336" lon="128.0325651">
<ele>547.158</ele>
<time>2025-05-17T10:31:47Z</time>
<extensions>
<gpxtpx:TrackPointExtension>
<gpxtpx:hr>117</gpxtpx:hr>
</gpxtpx:TrackPointExtension>
</extensions>
</trkpt>
<trkpt lat="36.7523323" lon="128.0325641">
<ele>546.899</ele>
<time>2025-05-17T10:31:48Z</time>
<extensions>
<gpxtpx:TrackPointExtension>
<gpxtpx:hr>117</gpxtpx:hr>
</gpxtpx:TrackPointExtension>
</extensions>
</trkpt>
<trkpt lat="36.7523279" lon="128.0325604">
<ele>546.59</ele>
<time>2025-05-17T10:31:49Z</time>
<extensions>
<gpxtpx:TrackPointExtension>
<gpxtpx:hr>117</gpxtpx:hr>
</gpxtpx:TrackPointExtension>
</extensions>
</trkpt>
<trkpt lat="36.7523215" lon="128.0325533">
<ele>546.163</ele>
<time>2025-05-17T10:31:50Z</time>
<extensions>
<gpxtpx:TrackPointExtension>
<gpxtpx:hr>117</gpxtpx:hr>
</gpxtpx:TrackPointExtension>
</extensions>
</trkpt>
<trkpt lat="36.7523179" lon="128.0325455">
<ele>545.837</ele>
<time>2025-05-17T10:31:51Z</time>
<extensions>
<gpxtpx:TrackPointExtension>
<gpxtpx:hr>117</gpxtpx:hr>
</gpxtpx:TrackPointExtension>
</extensions>
</trkpt>
<trkpt lat="36.7523127" lon="128.0325413">
<ele>545.425</ele>
<time>2025-05-17T10:31:52Z</time>
<extensions>
<gpxtpx:TrackPointExtension>
<gpxtpx:hr>117</gpxtpx:hr>
</gpxtpx:TrackPointExtension>
</extensions>
</trkpt>
<trkpt lat="36.7523066" lon="128.0325336">
<ele>545.08</ele>
<time>2025-05-17T10:31:53Z</time>
<extensions>
<gpxtpx:TrackPointExtension>
<gpxtpx:hr>118</gpxtpx:hr>
</gpxtpx:TrackPointExtension>
</extensions>
</trkpt>
<trkpt lat="36.7523028" lon="128.0325255">
<ele>544.604</ele>
<time>2025-05-17T10:31:54Z</time>
<extensions>
<gpxtpx:TrackPointExtension>
<gpxtpx:hr>118</gpxtpx:hr>
</gpxtpx:TrackPointExtension>
</extensions>
</trkpt>
<trkpt lat="36.7522978" lon="128.0325166">
<ele>544.055</ele>
<time>2025-05-17T10:31:55Z</time>
<extensions>
<gpxtpx:TrackPointExtension>
<gpxtpx:hr>119</gpxtpx:hr>
</gpxtpx:TrackPointExtension>
</extensions>
</trkpt>
<trkpt lat="36.7522933" lon="128.032511">
<ele>543.643</ele>
<time>2025-05-17T10:31:56Z</time>
<extensions>
<gpxtpx:TrackPointExtension>
<gpxtpx:hr>119</gpxtpx:hr>
</gpxtpx:TrackPointExtension>
</extensions>
</trkpt>
<trkpt lat="36.7522872" lon="128.0325052">
<ele>543.361</ele>
<time>2025-05-17T10:31:57Z</time>
<extensions>
<gpxtpx:TrackPointExtension>
<gpxtpx:hr>119</gpxtpx:hr>
</gpxtpx:TrackPointExtension>
</extensions>
</trkpt>
<trkpt lat="36.7522808" lon="128.0324983">
<ele>542.995</ele>
<time>2025-05-17T10:31:58Z</time>
<extensions>
<gpxtpx:TrackPointExtension>
<gpxtpx:hr>120</gpxtpx:hr>
</gpxtpx:TrackPointExtension>
</extensions>
</trkpt>
<trkpt lat="36.7522797" lon="128.0324956">
<ele>542.669</ele>
<time>2025-05-17T10:31:59Z</time>
<extensions>
<gpxtpx:TrackPointExtension>
<gpxtpx:hr>120</gpxtpx:hr>
</gpxtpx:TrackPointExtension>
</extensions>
</trkpt>
<trkpt lat="36.7522741" lon="128.0324899">
<ele>542.263</ele>
<time>2025-05-17T10:32:00Z</time>
<extensions>
<gpxtpx:TrackPointExtension>
<gpxtpx:hr>121</gpxtpx:hr>
</gpxtpx:TrackPointExtension>
</extensions>
</trkpt>
<trkpt lat="36.7522686" lon="128.03248">
<ele>541.899</ele>
<time>2025-05-17T10:32:01Z</time>
<extensions>
<gpxtpx:TrackPointExtension>
<gpxtpx:hr>121</gpxtpx:hr>
</gpxtpx:TrackPointExtension>
</extensions>
</trkpt>
<trkpt lat="36.7522669" lon="128.0324684">
<ele>541.602</ele>
<time>2025-05-17T10:32:02Z</time>
<extensions>
<gpxtpx:TrackPointExtension>
<gpxtpx:hr>121</gpxtpx:hr>
</gpxtpx:TrackPointExtension>
</extensions>
</trkpt>
<trkpt lat="36.7522683" lon="128.0324468">
<ele>541.22</ele>
<time>2025-05-17T10:32:03Z</time>
<extensions>
<gpxtpx:TrackPointExtension>
<gpxtpx:hr>121</gpxtpx:hr>
</gpxtpx:TrackPointExtension>
</extensions>
</trkpt>
<trkpt lat="36.7522666" lon="128.0324364">
<ele>540.971</ele>
<time>2025-05-17T10:32:04Z</time>
<extensions>
<gpxtpx:TrackPointExtension>
<gpxtpx:hr>122</gpxtpx:hr>
</gpxtpx:TrackPointExtension>
</extensions>
</trkpt>
<trkpt lat="36.752262" lon="128.0324278">
<ele>540.59</ele>
<time>2025-05-17T10:32:05Z</time>
<extensions>
<gpxtpx:TrackPointExtension>
<gpxtpx:hr>122</gpxtpx:hr>
</gpxtpx:TrackPointExtension>
</extensions>
</trkpt>
<trkpt lat="36.7522562" lon="128.0324207">
<ele>540.269</ele>
<time>2025-05-17T10:32:06Z</time>
<extensions>
<gpxtpx:TrackPointExtension>
<gpxtpx:hr>122</gpxtpx:hr>
</gpxtpx:TrackPointExtension>
</extensions>
</trkpt>
<trkpt lat="36.752249" lon="128.0324128">
<ele>540.154</ele>
<time>2025-05-17T10:32:07Z</time>
<extensions>
<gpxtpx:TrackPointExtension>
<gpxtpx:hr>122</gpxtpx:hr>
</gpxtpx:TrackPointExtension>
</extensions>
</trkpt>
<trkpt lat="36.7522419" lon="128.0323967">
<ele>539.86</ele>
<time>2025-05-17T10:32:08Z</time>
<extensions>
<gpxtpx:TrackPointExtension>
<gpxtpx:hr>123</gpxtpx:hr>
</gpxtpx:TrackPointExtension>
</extensions>
</trkpt>
<trkpt lat="36.7522385" lon="128.0323797">
<ele>539.487</ele>
<time>2025-05-17T10:32:09Z</time>
<extensions>
<gpxtpx:TrackPointExtension>
<gpxtpx:hr>123</gpxtpx:hr>
</gpxtpx:TrackPointExtension>
</extensions>
</trkpt>
<trkpt lat="36.7522398" lon="128.0323716">
<ele>539.108</ele>
<time>2025-05-17T10:32:10Z</time>
<extensions>
<gpxtpx:TrackPointExtension>
<gpxtpx:hr>123</gpxtpx:hr>
</gpxtpx:TrackPointExtension>
</extensions>
</trkpt>
<trkpt lat="36.7522367" lon="128.0323659">
<ele>538.752</ele>
<time>2025-05-17T10:32:11Z</time>
<extensions>
<gpxtpx:TrackPointExtension>
<gpxtpx:hr>124</gpxtpx:hr>
</gpxtpx:TrackPointExtension>
</extensions>
</trkpt>
<trkpt lat="36.7522368" lon="128.0323616">
<ele>538.215</ele>
<time>2025-05-17T10:32:12Z</time>
<extensions>
<gpxtpx:TrackPointExtension>
<gpxtpx:hr>124</gpxtpx:hr>
</gpxtpx:TrackPointExtension>
</extensions>
</trkpt>
<trkpt lat="36.7522386" lon="128.0323546">
<ele>537.752</ele>
<time>2025-05-17T10:32:13Z</time>
<extensions>
<gpxtpx:TrackPointExtension>
<gpxtpx:hr>125</gpxtpx:hr>
</gpxtpx:TrackPointExtension>
</extensions>
</trkpt>
<trkpt lat="36.7522356" lon="128.0323457">
<ele>537.316</ele>
<time>2025-05-17T10:32:14Z</time>
<extensions>
<gpxtpx:TrackPointExtension>
<gpxtpx:hr>125</gpxtpx:hr>
</gpxtpx:TrackPointExtension>
</extensions>
</trkpt>
<trkpt lat="36.7522352" lon="128.032328">
<ele>536.807</ele>
<time>2025-05-17T10:32:15Z</time>
<extensions>
<gpxtpx:TrackPointExtension>
<gpxtpx:hr>126</gpxtpx:hr>
</gpxtpx:TrackPointExtension>
</extensions>
</trkpt>
<trkpt lat="36.7522412" lon="128.0323195">
<ele>536.404</ele>
<time>2025-05-17T10:32:16Z</time>
<extensions>
<gpxtpx:TrackPointExtension>
<gpxtpx:hr>126</gpxtpx:hr>
</gpxtpx:TrackPointExtension>
</extensions>
</trkpt>
<trkpt lat="36.7522406" lon="128.0323111">
<ele>536.147</ele>
<time>2025-05-17T10:32:17Z</time>
<extensions>
<gpxtpx:TrackPointExtension>
<gpxtpx:hr>126</gpxtpx:hr>
</gpxtpx:TrackPointExtension>
</extensions>
</trkpt>
<trkpt lat="36.7522405" lon="128.0322993">
<ele>535.98</ele>
<time>2025-05-17T10:32:18Z</time>
<extensions>
<gpxtpx:TrackPointExtension>
<gpxtpx:hr>126</gpxtpx:hr>
</gpxtpx:TrackPointExtension>
</extensions>
</trkpt>
<trkpt lat="36.75224" lon="128.0322888">
<ele>535.777</ele>
<time>2025-05-17T10:32:19Z</time>
<extensions>
<gpxtpx:TrackPointExtension>
<gpxtpx:hr>125</gpxtpx:hr>
</gpxtpx:TrackPointExtension>
</extensions>
</trkpt>
<trkpt lat="36.7522452" lon="128.0322718">
<ele>535.452</ele>
<time>2025-05-17T10:32:20Z</time>
<extensions>
<gpxtpx:TrackPointExtension>
<gpxtpx:hr>125</gpxtpx:hr>
</gpxtpx:TrackPointExtension>
</extensions>
</trkpt>
<trkpt lat="36.7522527" lon="128.0322651">
<ele>535.11</ele>
<time>2025-05-17T10:32:21Z</time>
<extensions>
<gpxtpx:TrackPointExtension>
<gpxtpx:hr>125</gpxtpx:hr>
</gpxtpx:TrackPointExtension>
</extensions>
</trkpt>
<trkpt lat="36.7522565" lon="128.0322548">
<ele>534.738</ele>
<time>2025-05-17T10:32:22Z</time>
<extensions>
<gpxtpx:TrackPointExtension>
<gpxtpx:hr>125</gpxtpx:hr>
</gpxtpx:TrackPointExtension>
</extensions>
</trkpt>
<trkpt lat="36.752263" lon="128.0322536">
<ele>534.32</ele>
<time>2025-05-17T10:32:23Z</time>
<extensions>
<gpxtpx:TrackPointExtension>
<gpxtpx:hr>125</gpxtpx:hr>
</gpxtpx:TrackPointExtension>
</extensions>
</trkpt>
<trkpt lat="36.7522715" lon="128.0322495">
<ele>533.964</ele>
<time>2025-05-17T10:32:24Z</time>
<extensions>
<gpxtpx:TrackPointExtension>
<gpxtpx:hr>125</gpxtpx:hr>
</gpxtpx:TrackPointExtension>
</extensions>
</trkpt>
<trkpt lat="36.7522829" lon="128.0322449">
<ele>533.686</ele>
<time>2025-05-17T10:32:25Z</time>
<extensions>
<gpxtpx:TrackPointExtension>
<gpxtpx:hr>126</gpxtpx:hr>
</gpxtpx:TrackPointExtension>
</extensions>
</trkpt>
<trkpt lat="36.7522905" lon="128.0322445">
<ele>533.238</ele>
<time>2025-05-17T10:32:26Z</time>
<extensions>
<gpxtpx:TrackPointExtension>
<gpxtpx:hr>126</gpxtpx:hr>
</gpxtpx:TrackPointExtension>
</extensions>
</trkpt>
<trkpt lat="36.7522997" lon="128.032241">
<ele>532.575</ele>
<time>2025-05-17T10:32:27Z</time>
<extensions>
<gpxtpx:TrackPointExtension>
<gpxtpx:hr>127</gpxtpx:hr>
</gpxtpx:TrackPointExtension>
</extensions>
</trkpt>
<trkpt lat="36.7523064" lon="128.0322366">
<ele>532.099</ele>
<time>2025-05-17T10:32:28Z</time>
<extensions>
<gpxtpx:TrackPointExtension>
<gpxtpx:hr>127</gpxtpx:hr>
</gpxtpx:TrackPointExtension>
</extensions>
</trkpt>
<trkpt lat="36.7523184" lon="128.0322296">
<ele>531.669</ele>
<time>2025-05-17T10:32:29Z</time>
<extensions>
<gpxtpx:TrackPointExtension>
<gpxtpx:hr>127</gpxtpx:hr>
</gpxtpx:TrackPointExtension>
</extensions>
</trkpt>
<trkpt lat="36.7523308" lon="128.0322239">
<ele>531.172</ele>
<time>2025-05-17T10:32:30Z</time>
<extensions>
<gpxtpx:TrackPointExtension>
<gpxtpx:hr>128</gpxtpx:hr>
</gpxtpx:TrackPointExtension>
</extensions>
</trkpt>
<trkpt lat="36.7523411" lon="128.0322163">
<ele>530.732</ele>
<time>2025-05-17T10:32:31Z</time>
<extensions>
<gpxtpx:TrackPointExtension>
<gpxtpx:hr>128</gpxtpx:hr>
</gpxtpx:TrackPointExtension>
</extensions>
</trkpt>
<trkpt lat="36.7523417" lon="128.0322105">
<ele>530.512</ele>
<time>2025-05-17T10:32:32Z</time>
<extensions>
<gpxtpx:TrackPointExtension>
<gpxtpx:hr>128</gpxtpx:hr>
</gpxtpx:TrackPointExtension>
</extensions>
</trkpt>
<trkpt lat="36.7523486" lon="128.0321906">
<ele>530.069</ele>
<time>2025-05-17T10:32:33Z</time>
<extensions>
<gpxtpx:TrackPointExtension>
<gpxtpx:hr>128</gpxtpx:hr>
</gpxtpx:TrackPointExtension>
</extensions>
</trkpt>
<trkpt lat="36.7523538" lon="128.0321746">
<ele>529.527</ele>
<time>2025-05-17T10:32:34Z</time>
<extensions>
<gpxtpx:TrackPointExtension>
<gpxtpx:hr>129</gpxtpx:hr>
</gpxtpx:TrackPointExtension>
</extensions>
</trkpt>
<trkpt lat="36.7523587" lon="128.0321467">
<ele>529.125</ele>
<time>2025-05-17T10:32:35Z</time>
<extensions>
<gpxtpx:TrackPointExtension>
<gpxtpx:hr>130</gpxtpx:hr>
</gpxtpx:TrackPointExtension>
</extensions>
</trkpt>
<trkpt lat="36.7523622" lon="128.0321328">
<ele>528.737</ele>
<time>2025-05-17T10:32:36Z</time>
</trkpt>
<trkpt lat="36.7523641" lon="128.0321232">
<ele>528.421</ele>
<time>2025-05-17T10:32:37Z</time>
</trkpt>
<trkpt lat="36.7523695" lon="128.0321066">
<ele>528.085</ele>
<time>2025-05-17T10:32:38Z</time>
<extensions>
<gpxtpx:TrackPointExtension>
<gpxtpx:hr>131</gpxtpx:hr>
</gpxtpx:TrackPointExtension>
</extensions>
</trkpt>
<trkpt lat="36.7523756" lon="128.0320913">
<ele>527.664</ele>
<time>2025-05-17T10:32:39Z</time>
<extensions>
<gpxtpx:TrackPointExtension>
<gpxtpx:hr>132</gpxtpx:hr>
</gpxtpx:TrackPointExtension>
</extensions>
</trkpt>
<trkpt lat="36.7523835" lon="128.0320671">
<ele>527.253</ele>
<time>2025-05-17T10:32:40Z</time>
<extensions>
<gpxtpx:TrackPointExtension>
<gpxtpx:hr>132</gpxtpx:hr>
</gpxtpx:TrackPointExtension>
</extensions>
</trkpt>
<trkpt lat="36.7523926" lon="128.0320567">
<ele>526.806</ele>
<time>2025-05-17T10:32:41Z</time>
<extensions>
<gpxtpx:TrackPointExtension>
<gpxtpx:hr>132</gpxtpx:hr>
</gpxtpx:TrackPointExtension>
</extensions>
</trkpt>
<trkpt lat="36.752403" lon="128.0320563">
<ele>526.306</ele>
<time>2025-05-17T10:32:42Z</time>
<extensions>
<gpxtpx:TrackPointExtension>
<gpxtpx:hr>132</gpxtpx:hr>
</gpxtpx:TrackPointExtension>
</extensions>
</trkpt>
<trkpt lat="36.7524091" lon="128.0320475">
<ele>525.865</ele>
<time>2025-05-17T10:32:43Z</time>
<extensions>
<gpxtpx:TrackPointExtension>
<gpxtpx:hr>131</gpxtpx:hr>
</gpxtpx:TrackPointExtension>
</extensions>
</trkpt>
<trkpt lat="36.7524165" lon="128.0320375">
<ele>525.429</ele>
<time>2025-05-17T10:32:44Z</time>
<extensions>
<gpxtpx:TrackPointExtension>
<gpxtpx:hr>131</gpxtpx:hr>
</gpxtpx:TrackPointExtension>
</extensions>
</trkpt>
<trkpt lat="36.7524231" lon="128.0320343">
<ele>525.096</ele>
<time>2025-05-17T10:32:45Z</time>
<extensions>
<gpxtpx:TrackPointExtension>
<gpxtpx:hr>131</gpxtpx:hr>
</gpxtpx:TrackPointExtension>
</extensions>
</trkpt>
<trkpt lat="36.7524305" lon="128.0320257">
<ele>524.689</ele>
<time>2025-05-17T10:32:46Z</time>
<extensions>
<gpxtpx:TrackPointExtension>
<gpxtpx:hr>131</gpxtpx:hr>
</gpxtpx:TrackPointExtension>
</extensions>
</trkpt>
<trkpt lat="36.7524388" lon="128.032019">
<ele>524.236</ele>
<time>2025-05-17T10:32:47Z</time>
<extensions>
<gpxtpx:TrackPointExtension>
<gpxtpx:hr>131</gpxtpx:hr>
</gpxtpx:TrackPointExtension>
</extensions>
</trkpt>
<trkpt lat="36.7524496" lon="128.0320123">
<ele>522.986</ele>
<time>2025-05-17T10:32:50Z</time>
<extensions>
<gpxtpx:TrackPointExtension>
<gpxtpx:hr>131</gpxtpx:hr>
</gpxtpx:TrackPointExtension>
</extensions>
</trkpt>
<trkpt lat="36.7524557" lon="128.0320003">
<ele>522.63</ele>
<time>2025-05-17T10:32:51Z</time>
<extensions>
<gpxtpx:TrackPointExtension>
<gpxtpx:hr>131</gpxtpx:hr>
</gpxtpx:TrackPointExtension>
</extensions>
</trkpt>
<trkpt lat="36.7524588" lon="128.0319954">
<ele>522.403</ele>
<time>2025-05-17T10:32:52Z</time>
<extensions>
<gpxtpx:TrackPointExtension>
<gpxtpx:hr>132</gpxtpx:hr>
</gpxtpx:TrackPointExtension>
</extensions>
</trkpt>
<trkpt lat="36.7524663" lon="128.0319839">
<ele>522.052</ele>
<time>2025-05-17T10:32:53Z</time>
<extensions>
<gpxtpx:TrackPointExtension>
<gpxtpx:hr>132</gpxtpx:hr>
</gpxtpx:TrackPointExtension>
</extensions>
</trkpt>
<trkpt lat="36.7524686" lon="128.0319803">
<ele>521.715</ele>
<time>2025-05-17T10:32:54Z</time>
<extensions>
<gpxtpx:TrackPointExtension>
<gpxtpx:hr>132</gpxtpx:hr>
</gpxtpx:TrackPointExtension>
</extensions>
</trkpt>
<trkpt lat="36.7524675" lon="128.0319759">
<ele>521.322</ele>
<time>2025-05-17T10:32:55Z</time>
<extensions>
<gpxtpx:TrackPointExtension>
<gpxtpx:hr>132</gpxtpx:hr>
</gpxtpx:TrackPointExtension>
</extensions>
</trkpt>
<trkpt lat="36.7524601" lon="128.0319793">
<ele>521.03</ele>
<time>2025-05-17T10:32:56Z</time>
<extensions>
<gpxtpx:TrackPointExtension>
<gpxtpx:hr>132</gpxtpx:hr>
</gpxtpx:TrackPointExtension>
</extensions>
</trkpt>
<trkpt lat="36.7524518" lon="128.0319769">
<ele>520.571</ele>
<time>2025-05-17T10:32:57Z</time>
<extensions>
<gpxtpx:TrackPointExtension>
<gpxtpx:hr>132</gpxtpx:hr>
</gpxtpx:TrackPointExtension>
</extensions>
</trkpt>
<trkpt lat="36.752445" lon="128.0319692">
<ele>520.007</ele>
<time>2025-05-17T10:32:58Z</time>
<extensions>
<gpxtpx:TrackPointExtension>
<gpxtpx:hr>132</gpxtpx:hr>
</gpxtpx:TrackPointExtension>
</extensions>
</trkpt>
<trkpt lat="36.7524349" lon="128.0319572">
<ele>519.509</ele>
<time>2025-05-17T10:32:59Z</time>
<extensions>
<gpxtpx:TrackPointExtension>
<gpxtpx:hr>132</gpxtpx:hr>
</gpxtpx:TrackPointExtension>
</extensions>
</trkpt>
<trkpt lat="36.7524247" lon="128.0319494">
<ele>519.033</ele>
<time>2025-05-17T10:33:00Z</time>
<extensions>
<gpxtpx:TrackPointExtension>
<gpxtpx:hr>132</gpxtpx:hr>
</gpxtpx:TrackPointExtension>
</extensions>
</trkpt>
<trkpt lat="36.752417" lon="128.0319424">
<ele>518.753</ele>
<time>2025-05-17T10:33:01Z</time>
<extensions>
<gpxtpx:TrackPointExtension>
<gpxtpx:hr>131</gpxtpx:hr>
</gpxtpx:TrackPointExtension>
</extensions>
</trkpt>
<trkpt lat="36.7524109" lon="128.0319355">
<ele>518.654</ele>
<time>2025-05-17T10:33:02Z</time>
<extensions>
<gpxtpx:TrackPointExtension>
<gpxtpx:hr>131</gpxtpx:hr>
</gpxtpx:TrackPointExtension>
</extensions>
</trkpt>
<trkpt lat="36.7524043" lon="128.0319185">
<ele>518.63</ele>
<time>2025-05-17T10:33:03Z</time>
<extensions>
<gpxtpx:TrackPointExtension>
<gpxtpx:hr>132</gpxtpx:hr>
</gpxtpx:TrackPointExtension>
</extensions>
</trkpt>
<trkpt lat="36.7523997" lon="128.0319069">
<ele>518.626</ele>
<time>2025-05-17T10:33:04Z</time>
<extensions>
<gpxtpx:TrackPointExtension>
<gpxtpx:hr>132</gpxtpx:hr>
</gpxtpx:TrackPointExtension>
</extensions>
</trkpt>
<trkpt lat="36.7523999" lon="128.0318896">
<ele>518.614</ele>
<time>2025-05-17T10:33:05Z</time>
<extensions>
<gpxtpx:TrackPointExtension>
<gpxtpx:hr>132</gpxtpx:hr>
</gpxtpx:TrackPointExtension>
</extensions>
</trkpt>
<trkpt lat="36.7523969" lon="128.0318763">
<ele>518.544</ele>
<time>2025-05-17T10:33:06Z</time>
<extensions>
<gpxtpx:TrackPointExtension>
<gpxtpx:hr>132</gpxtpx:hr>
</gpxtpx:TrackPointExtension>
</extensions>
</trkpt>
<trkpt lat="36.7523909" lon="128.0318687">
<ele>518.381</ele>
<time>2025-05-17T10:33:07Z</time>
<extensions>
<gpxtpx:TrackPointExtension>
<gpxtpx:hr>132</gpxtpx:hr>
</gpxtpx:TrackPointExtension>
</extensions>
</trkpt>
<trkpt lat="36.7523889" lon="128.0318629">
<ele>518.131</ele>
<time>2025-05-17T10:33:08Z</time>
<extensions>
<gpxtpx:TrackPointExtension>
<gpxtpx:hr>133</gpxtpx:hr>
</gpxtpx:TrackPointExtension>
</extensions>
</trkpt>
<trkpt lat="36.7523849" lon="128.0318546">
<ele>517.87</ele>
<time>2025-05-17T10:33:09Z</time>
<extensions>
<gpxtpx:TrackPointExtension>
<gpxtpx:hr>133</gpxtpx:hr>
</gpxtpx:TrackPointExtension>
</extensions>
</trkpt>
<trkpt lat="36.7523741" lon="128.0318509">
<ele>517.742</ele>
<time>2025-05-17T10:33:10Z</time>
<extensions>
<gpxtpx:TrackPointExtension>
<gpxtpx:hr>133</gpxtpx:hr>
</gpxtpx:TrackPointExtension>
</extensions>
</trkpt>
<trkpt lat="36.7523671" lon="128.0318453">
<ele>517.648</ele>
<time>2025-05-17T10:33:11Z</time>
<extensions>
<gpxtpx:TrackPointExtension>
<gpxtpx:hr>134</gpxtpx:hr>
</gpxtpx:TrackPointExtension>
</extensions>
</trkpt>
<trkpt lat="36.7523578" lon="128.0318423">
<ele>517.58</ele>
<time>2025-05-17T10:33:12Z</time>
<extensions>
<gpxtpx:TrackPointExtension>
<gpxtpx:hr>134</gpxtpx:hr>
</gpxtpx:TrackPointExtension>
</extensions>
</trkpt>
<trkpt lat="36.7523489" lon="128.031839">
<ele>517.469</ele>
<time>2025-05-17T10:33:13Z</time>
<extensions>
<gpxtpx:TrackPointExtension>
<gpxtpx:hr>134</gpxtpx:hr>
</gpxtpx:TrackPointExtension>
</extensions>
</trkpt>
<trkpt lat="36.7523419" lon="128.0318423">
<ele>517.439</ele>
<time>2025-05-17T10:33:14Z</time>
<extensions>
<gpxtpx:TrackPointExtension>
<gpxtpx:hr>134</gpxtpx:hr>
</gpxtpx:TrackPointExtension>
</extensions>
</trkpt>
<trkpt lat="36.7523294" lon="128.0318457">
<ele>517.423</ele>
<time>2025-05-17T10:33:15Z</time>
<extensions>
<gpxtpx:TrackPointExtension>
<gpxtpx:hr>133</gpxtpx:hr>
</gpxtpx:TrackPointExtension>
</extensions>
</trkpt>
<trkpt lat="36.7523182" lon="128.0318524">
<ele>517.385</ele>
<time>2025-05-17T10:33:16Z</time>
<extensions>
<gpxtpx:TrackPointExtension>
<gpxtpx:hr>133</gpxtpx:hr>
</gpxtpx:TrackPointExtension>
</extensions>
</trkpt>
<trkpt lat="36.7523105" lon="128.0318495">
<ele>517.477</ele>
<time>2025-05-17T10:33:17Z</time>
<extensions>
<gpxtpx:TrackPointExtension>
<gpxtpx:hr>132</gpxtpx:hr>
</gpxtpx:TrackPointExtension>
</extensions>
</trkpt>
<trkpt lat="36.7522832" lon="128.0318481">
<ele>517.564</ele>
<time>2025-05-17T10:33:18Z</time>
<extensions>
<gpxtpx:TrackPointExtension>
<gpxtpx:hr>132</gpxtpx:hr>
</gpxtpx:TrackPointExtension>
</extensions>
</trkpt>
<trkpt lat="36.7522732" lon="128.0318451">
<ele>517.694</ele>
<time>2025-05-17T10:33:19Z</time>
<extensions>
<gpxtpx:TrackPointExtension>
<gpxtpx:hr>131</gpxtpx:hr>
</gpxtpx:TrackPointExtension>
</extensions>
</trkpt>
<trkpt lat="36.7522662" lon="128.0318561">
<ele>517.83</ele>
<time>2025-05-17T10:33:20Z</time>
<extensions>
<gpxtpx:TrackPointExtension>
<gpxtpx:hr>131</gpxtpx:hr>
</gpxtpx:TrackPointExtension>
</extensions>
</trkpt>
<trkpt lat="36.7522534" lon="128.0318598">
<ele>517.937</ele>
<time>2025-05-17T10:33:21Z</time>
<extensions>
<gpxtpx:TrackPointExtension>
<gpxtpx:hr>131</gpxtpx:hr>
</gpxtpx:TrackPointExtension>
</extensions>
</trkpt>
<trkpt lat="36.7522442" lon="128.0318647">
<ele>518.061</ele>
<time>2025-05-17T10:33:22Z</time>
<extensions>
<gpxtpx:TrackPointExtension>
<gpxtpx:hr>131</gpxtpx:hr>
</gpxtpx:TrackPointExtension>
</extensions>
</trkpt>
<trkpt lat="36.7522339" lon="128.0318696">
<ele>518.112</ele>
<time>2025-05-17T10:33:23Z</time>
<extensions>
<gpxtpx:TrackPointExtension>
<gpxtpx:hr>131</gpxtpx:hr>
</gpxtpx:TrackPointExtension>
</extensions>
</trkpt>
<trkpt lat="36.7522242" lon="128.0318764">
<ele>518.106</ele>
<time>2025-05-17T10:33:24Z</time>
<extensions>
<gpxtpx:TrackPointExtension>
<gpxtpx:hr>130</gpxtpx:hr>
</gpxtpx:TrackPointExtension>
</extensions>
</trkpt>
<trkpt lat="36.7522149" lon="128.031885">
<ele>518.175</ele>
<time>2025-05-17T10:33:25Z</time>
<extensions>
<gpxtpx:TrackPointExtension>
<gpxtpx:hr>130</gpxtpx:hr>
</gpxtpx:TrackPointExtension>
</extensions>
</trkpt>
<trkpt lat="36.7522024" lon="128.0318912">
<ele>518.243</ele>
<time>2025-05-17T10:33:26Z</time>
<extensions>
<gpxtpx:TrackPointExtension>
<gpxtpx:hr>130</gpxtpx:hr>
</gpxtpx:TrackPointExtension>
</extensions>
</trkpt>
<trkpt lat="36.7521799" lon="128.0318978">
<ele>518.294</ele>
<time>2025-05-17T10:33:27Z</time>
<extensions>
<gpxtpx:TrackPointExtension>
<gpxtpx:hr>129</gpxtpx:hr>
</gpxtpx:TrackPointExtension>
</extensions>
</trkpt>
<trkpt lat="36.7521595" lon="128.0319103">
<ele>518.371</ele>
<time>2025-05-17T10:33:28Z</time>
<extensions>
<gpxtpx:TrackPointExtension>
<gpxtpx:hr>129</gpxtpx:hr>
</gpxtpx:TrackPointExtension>
</extensions>
</trkpt>
<trkpt lat="36.7521404" lon="128.0319141">
<ele>518.463</ele>
<time>2025-05-17T10:33:29Z</time>
<extensions>
<gpxtpx:TrackPointExtension>
<gpxtpx:hr>129</gpxtpx:hr>
</gpxtpx:TrackPointExtension>
</extensions>
</trkpt>
<trkpt lat="36.7521277" lon="128.0319174">
<ele>518.519</ele>
<time>2025-05-17T10:33:30Z</time>
<extensions>
<gpxtpx:TrackPointExtension>
<gpxtpx:hr>129</gpxtpx:hr>
</gpxtpx:TrackPointExtension>
</extensions>
</trkpt>
<trkpt lat="36.7521142" lon="128.0319295">
<ele>518.693</ele>
<time>2025-05-17T10:33:31Z</time>
<extensions>
<gpxtpx:TrackPointExtension>
<gpxtpx:hr>129</gpxtpx:hr>
</gpxtpx:TrackPointExtension>
</extensions>
</trkpt>
<trkpt lat="36.7521001" lon="128.0319366">
<ele>518.842</ele>
<time>2025-05-17T10:33:32Z</time>
<extensions>
<gpxtpx:TrackPointExtension>
<gpxtpx:hr>129</gpxtpx:hr>
</gpxtpx:TrackPointExtension>
</extensions>
</trkpt>
<trkpt lat="36.7520853" lon="128.0319448">
<ele>519.013</ele>
<time>2025-05-17T10:33:33Z</time>
<extensions>
<gpxtpx:TrackPointExtension>
<gpxtpx:hr>129</gpxtpx:hr>
</gpxtpx:TrackPointExtension>
</extensions>
</trkpt>
<trkpt lat="36.7520711" lon="128.0319566">
<ele>519.161</ele>
<time>2025-05-17T10:33:34Z</time>
<extensions>
<gpxtpx:TrackPointExtension>
<gpxtpx:hr>128</gpxtpx:hr>
</gpxtpx:TrackPointExtension>
</extensions>
</trkpt>
<trkpt lat="36.7520588" lon="128.0319675">
<ele>519.221</ele>
<time>2025-05-17T10:33:35Z</time>
<extensions>
<gpxtpx:TrackPointExtension>
<gpxtpx:hr>128</gpxtpx:hr>
</gpxtpx:TrackPointExtension>
</extensions>
</trkpt>
<trkpt lat="36.7520431" lon="128.031984">
<ele>519.36</ele>
<time>2025-05-17T10:33:36Z</time>
<extensions>
<gpxtpx:TrackPointExtension>
<gpxtpx:hr>128</gpxtpx:hr>
</gpxtpx:TrackPointExtension>
</extensions>
</trkpt>
<trkpt lat="36.7520303" lon="128.0319965">
<ele>519.452</ele>
<time>2025-05-17T10:33:37Z</time>
<extensions>
<gpxtpx:TrackPointExtension>
<gpxtpx:hr>129</gpxtpx:hr>
</gpxtpx:TrackPointExtension>
</extensions>
</trkpt>
<trkpt lat="36.7520203" lon="128.0320051">
<ele>519.447</ele>
<time>2025-05-17T10:33:38Z</time>
<extensions>
<gpxtpx:TrackPointExtension>
<gpxtpx:hr>129</gpxtpx:hr>
</gpxtpx:TrackPointExtension>
</extensions>
</trkpt>
<trkpt lat="36.7520067" lon="128.0320116">
<ele>519.568</ele>
<time>2025-05-17T10:33:39Z</time>
<extensions>
<gpxtpx:TrackPointExtension>
<gpxtpx:hr>129</gpxtpx:hr>
</gpxtpx:TrackPointExtension>
</extensions>
</trkpt>
<trkpt lat="36.7519941" lon="128.0320223">
<ele>519.583</ele>
<time>2025-05-17T10:33:40Z</time>
<extensions>
<gpxtpx:TrackPointExtension>
<gpxtpx:hr>130</gpxtpx:hr>
</gpxtpx:TrackPointExtension>
</extensions>
</trkpt>
<trkpt lat="36.7519839" lon="128.0320326">
<ele>519.623</ele>
<time>2025-05-17T10:33:41Z</time>
<extensions>
<gpxtpx:TrackPointExtension>
<gpxtpx:hr>130</gpxtpx:hr>
</gpxtpx:TrackPointExtension>
</extensions>
</trkpt>
<trkpt lat="36.7519732" lon="128.0320448">
<ele>519.742</ele>
<time>2025-05-17T10:33:42Z</time>
<extensions>
<gpxtpx:TrackPointExtension>
<gpxtpx:hr>130</gpxtpx:hr>
</gpxtpx:TrackPointExtension>
</extensions>
</trkpt>
<trkpt lat="36.7519614" lon="128.0320473">
<ele>519.837</ele>
<time>2025-05-17T10:33:43Z</time>
<extensions>
<gpxtpx:TrackPointExtension>
<gpxtpx:hr>131</gpxtpx:hr>
</gpxtpx:TrackPointExtension>
</extensions>
</trkpt>
<trkpt lat="36.7519512" lon="128.0320511">
<ele>519.882</ele>
<time>2025-05-17T10:33:44Z</time>
<extensions>
<gpxtpx:TrackPointExtension>
<gpxtpx:hr>131</gpxtpx:hr>
</gpxtpx:TrackPointExtension>
</extensions>
</trkpt>
<trkpt lat="36.7519389" lon="128.0320525">
<ele>519.862</ele>
<time>2025-05-17T10:33:45Z</time>
<extensions>
<gpxtpx:TrackPointExtension>
<gpxtpx:hr>132</gpxtpx:hr>
</gpxtpx:TrackPointExtension>
</extensions>
</trkpt>
<trkpt lat="36.7519284" lon="128.0320529">
<ele>519.883</ele>
<time>2025-05-17T10:33:46Z</time>
<extensions>
<gpxtpx:TrackPointExtension>
<gpxtpx:hr>132</gpxtpx:hr>
</gpxtpx:TrackPointExtension>
</extensions>
</trkpt>
<trkpt lat="36.7519171" lon="128.0320539">
<ele>519.832</ele>
<time>2025-05-17T10:33:47Z</time>
<extensions>
<gpxtpx:TrackPointExtension>
<gpxtpx:hr>132</gpxtpx:hr>
</gpxtpx:TrackPointExtension>
</extensions>
</trkpt>
<trkpt lat="36.7519062" lon="128.0320559">
<ele>519.787</ele>
<time>2025-05-17T10:33:48Z</time>
<extensions>
<gpxtpx:TrackPointExtension>
<gpxtpx:hr>132</gpxtpx:hr>
</gpxtpx:TrackPointExtension>
</extensions>
</trkpt>
<trkpt lat="36.7518948" lon="128.0320571">
<ele>519.805</ele>
<time>2025-05-17T10:33:49Z</time>
<extensions>
<gpxtpx:TrackPointExtension>
<gpxtpx:hr>133</gpxtpx:hr>
</gpxtpx:TrackPointExtension>
</extensions>
</trkpt>
<trkpt lat="36.7518844" lon="128.0320568">
<ele>519.873</ele>
<time>2025-05-17T10:33:50Z</time>
<extensions>
<gpxtpx:TrackPointExtension>
<gpxtpx:hr>133</gpxtpx:hr>
</gpxtpx:TrackPointExtension>
</extensions>
</trkpt>
<trkpt lat="36.7518734" lon="128.0320583">
<ele>520.014</ele>
<time>2025-05-17T10:33:51Z</time>
<extensions>
<gpxtpx:TrackPointExtension>
<gpxtpx:hr>133</gpxtpx:hr>
</gpxtpx:TrackPointExtension>
</extensions>
</trkpt>
<trkpt lat="36.7518594" lon="128.0320604">
<ele>520.144</ele>
<time>2025-05-17T10:33:52Z</time>
<extensions>
<gpxtpx:TrackPointExtension>
<gpxtpx:hr>133</gpxtpx:hr>
</gpxtpx:TrackPointExtension>
</extensions>
</trkpt>
<trkpt lat="36.7518461" lon="128.0320578">
<ele>520.276</ele>
<time>2025-05-17T10:33:53Z</time>
<extensions>
<gpxtpx:TrackPointExtension>
<gpxtpx:hr>133</gpxtpx:hr>
</gpxtpx:TrackPointExtension>
</extensions>
</trkpt>
<trkpt lat="36.7518356" lon="128.0320545">
<ele>520.311</ele>
<time>2025-05-17T10:33:54Z</time>
<extensions>
<gpxtpx:TrackPointExtension>
<gpxtpx:hr>133</gpxtpx:hr>
</gpxtpx:TrackPointExtension>
</extensions>
</trkpt>
<trkpt lat="36.7518253" lon="128.0320535">
<ele>520.331</ele>
<time>2025-05-17T10:33:55Z</time>
<extensions>
<gpxtpx:TrackPointExtension>
<gpxtpx:hr>133</gpxtpx:hr>
</gpxtpx:TrackPointExtension>
</extensions>
</trkpt>
<trkpt lat="36.7518169" lon="128.0320528">
<ele>520.333</ele>
<time>2025-05-17T10:33:56Z</time>
<extensions>
<gpxtpx:TrackPointExtension>
<gpxtpx:hr>133</gpxtpx:hr>
</gpxtpx:TrackPointExtension>
</extensions>
</trkpt>
<trkpt lat="36.7518084" lon="128.0320612">
<ele>520.312</ele>
<time>2025-05-17T10:33:57Z</time>
<extensions>
<gpxtpx:TrackPointExtension>
<gpxtpx:hr>133</gpxtpx:hr>
</gpxtpx:TrackPointExtension>
</extensions>
</trkpt>
<trkpt lat="36.7517996" lon="128.0320635">
<ele>520.341</ele>
<time>2025-05-17T10:33:58Z</time>
<extensions>
<gpxtpx:TrackPointExtension>
<gpxtpx:hr>133</gpxtpx:hr>
</gpxtpx:TrackPointExtension>
</extensions>
</trkpt>
<trkpt lat="36.751791" lon="128.0320654">
<ele>520.397</ele>
<time>2025-05-17T10:33:59Z</time>
<extensions>
<gpxtpx:TrackPointExtension>
<gpxtpx:hr>132</gpxtpx:hr>
</gpxtpx:TrackPointExtension>
</extensions>
</trkpt>
<trkpt lat="36.751782" lon="128.0320683">
<ele>520.223</ele>
<time>2025-05-17T10:34:00Z</time>
<extensions>
<gpxtpx:TrackPointExtension>
<gpxtpx:hr>132</gpxtpx:hr>
</gpxtpx:TrackPointExtension>
</extensions>
</trkpt>
<trkpt lat="36.7517717" lon="128.0320696">
<ele>520.073</ele>
<time>2025-05-17T10:34:01Z</time>
<extensions>
<gpxtpx:TrackPointExtension>
<gpxtpx:hr>132</gpxtpx:hr>
</gpxtpx:TrackPointExtension>
</extensions>
</trkpt>
<trkpt lat="36.7517669" lon="128.0320659">
<ele>520.045</ele>
<time>2025-05-17T10:34:02Z</time>
<extensions>
<gpxtpx:TrackPointExtension>
<gpxtpx:hr>132</gpxtpx:hr>
</gpxtpx:TrackPointExtension>
</extensions>
</trkpt>
<trkpt lat="36.7517657" lon="128.0320597">
<ele>520.047</ele>
<time>2025-05-17T10:34:03Z</time>
<extensions>
<gpxtpx:TrackPointExtension>
<gpxtpx:hr>132</gpxtpx:hr>
</gpxtpx:TrackPointExtension>
</extensions>
</trkpt>
<trkpt lat="36.7517616" lon="128.0320553">
<ele>519.992</ele>
<time>2025-05-17T10:34:04Z</time>
<extensions>
<gpxtpx:TrackPointExtension>
<gpxtpx:hr>132</gpxtpx:hr>
</gpxtpx:TrackPointExtension>
</extensions>
</trkpt>
<trkpt lat="36.7517602" lon="128.0320439">
<ele>519.89</ele>
<time>2025-05-17T10:34:05Z</time>
<extensions>
<gpxtpx:TrackPointExtension>
<gpxtpx:hr>132</gpxtpx:hr>
</gpxtpx:TrackPointExtension>
</extensions>
</trkpt>
<trkpt lat="36.751759" lon="128.0320289">
<ele>519.97</ele>
<time>2025-05-17T10:34:06Z</time>
<extensions>
<gpxtpx:TrackPointExtension>
<gpxtpx:hr>132</gpxtpx:hr>
</gpxtpx:TrackPointExtension>
</extensions>
</trkpt>
<trkpt lat="36.7517412" lon="128.0320146">
<ele>519.94</ele>
<time>2025-05-17T10:34:07Z</time>
<extensions>
<gpxtpx:TrackPointExtension>
<gpxtpx:hr>132</gpxtpx:hr>
</gpxtpx:TrackPointExtension>
</extensions>
</trkpt>
<trkpt lat="36.7517403" lon="128.0320095">
<ele>519.873</ele>
<time>2025-05-17T10:34:08Z</time>
<extensions>
<gpxtpx:TrackPointExtension>
<gpxtpx:hr>132</gpxtpx:hr>
</gpxtpx:TrackPointExtension>
</extensions>
</trkpt>
<trkpt lat="36.7517454" lon="128.0319908">
<ele>520.02</ele>
<time>2025-05-17T10:34:09Z</time>
<extensions>
<gpxtpx:TrackPointExtension>
<gpxtpx:hr>132</gpxtpx:hr>
</gpxtpx:TrackPointExtension>
</extensions>
</trkpt>
<trkpt lat="36.7517479" lon="128.0319797">
<ele>520.214</ele>
<time>2025-05-17T10:34:10Z</time>
<extensions>
<gpxtpx:TrackPointExtension>
<gpxtpx:hr>131</gpxtpx:hr>
</gpxtpx:TrackPointExtension>
</extensions>
</trkpt>
<trkpt lat="36.75175" lon="128.0319678">
<ele>520.112</ele>
<time>2025-05-17T10:34:11Z</time>
<extensions>
<gpxtpx:TrackPointExtension>
<gpxtpx:hr>131</gpxtpx:hr>
</gpxtpx:TrackPointExtension>
</extensions>
</trkpt>
<trkpt lat="36.7517509" lon="128.031963">
<ele>519.956</ele>
<time>2025-05-17T10:34:13Z</time>
<extensions>
<gpxtpx:TrackPointExtension>
<gpxtpx:hr>131</gpxtpx:hr>
</gpxtpx:TrackPointExtension>
</extensions>
</trkpt>
<trkpt lat="36.751753" lon="128.0319584">
<ele>519.955</ele>
<time>2025-05-17T10:34:14Z</time>
<extensions>
<gpxtpx:TrackPointExtension>
<gpxtpx:hr>131</gpxtpx:hr>
</gpxtpx:TrackPointExtension>
</extensions>
</trkpt>
<trkpt lat="36.7517571" lon="128.0319479">
<ele>519.886</ele>
<time>2025-05-17T10:34:15Z</time>
<extensions>
<gpxtpx:TrackPointExtension>
<gpxtpx:hr>132</gpxtpx:hr>
</gpxtpx:TrackPointExtension>
</extensions>
</trkpt>
<trkpt lat="36.7517641" lon="128.0319336">
<ele>519.828</ele>
<time>2025-05-17T10:34:16Z</time>
<extensions>
<gpxtpx:TrackPointExtension>
<gpxtpx:hr>132</gpxtpx:hr>
</gpxtpx:TrackPointExtension>
</extensions>
</trkpt>
<trkpt lat="36.7517701" lon="128.0319302">
<ele>519.814</ele>
<time>2025-05-17T10:34:17Z</time>
<extensions>
<gpxtpx:TrackPointExtension>
<gpxtpx:hr>132</gpxtpx:hr>
</gpxtpx:TrackPointExtension>
</extensions>
</trkpt>
<trkpt lat="36.7517738" lon="128.0319376">
<ele>519.815</ele>
<time>2025-05-17T10:34:18Z</time>
<extensions>
<gpxtpx:TrackPointExtension>
<gpxtpx:hr>132</gpxtpx:hr>
</gpxtpx:TrackPointExtension>
</extensions>
</trkpt>
<trkpt lat="36.7517761" lon="128.0319467">
<ele>520.117</ele>
<time>2025-05-17T10:34:19Z</time>
<extensions>
<gpxtpx:TrackPointExtension>
<gpxtpx:hr>132</gpxtpx:hr>
</gpxtpx:TrackPointExtension>
</extensions>
</trkpt>
<trkpt lat="36.7517753" lon="128.0319498">
<ele>520.573</ele>
<time>2025-05-17T10:34:20Z</time>
<extensions>
<gpxtpx:TrackPointExtension>
<gpxtpx:hr>132</gpxtpx:hr>
</gpxtpx:TrackPointExtension>
</extensions>
</trkpt>
<trkpt lat="36.7517771" lon="128.031951">
<ele>520.706</ele>
<time>2025-05-17T10:34:21Z</time>
<extensions>
<gpxtpx:TrackPointExtension>
<gpxtpx:hr>132</gpxtpx:hr>
</gpxtpx:TrackPointExtension>
</extensions>
</trkpt>
<trkpt lat="36.7517773" lon="128.0319499">
<ele>520.648</ele>
<time>2025-05-17T10:34:22Z</time>
<extensions>
<gpxtpx:TrackPointExtension>
<gpxtpx:hr>132</gpxtpx:hr>
</gpxtpx:TrackPointExtension>
</extensions>
</trkpt>
<trkpt lat="36.7517765" lon="128.0319513">
<ele>519.81</ele>
<time>2025-05-17T10:34:27Z</time>
<extensions>
<gpxtpx:TrackPointExtension>
<gpxtpx:hr>131</gpxtpx:hr>
</gpxtpx:TrackPointExtension>
</extensions>
</trkpt>
<trkpt lat="36.7517767" lon="128.0319525">
<ele>519.757</ele>
<time>2025-05-17T10:34:29Z</time>
<extensions>
<gpxtpx:TrackPointExtension>
<gpxtpx:hr>131</gpxtpx:hr>
</gpxtpx:TrackPointExtension>
</extensions>
</trkpt>
<trkpt lat="36.751776" lon="128.0319553">
<ele>519.741</ele>
<time>2025-05-17T10:34:30Z</time>
<extensions>
<gpxtpx:TrackPointExtension>
<gpxtpx:hr>131</gpxtpx:hr>
</gpxtpx:TrackPointExtension>
</extensions>
</trkpt>
<trkpt lat="36.7517775" lon="128.0319567">
<ele>519.771</ele>
<time>2025-05-17T10:34:31Z</time>
<extensions>
<gpxtpx:TrackPointExtension>
<gpxtpx:hr>131</gpxtpx:hr>
</gpxtpx:TrackPointExtension>
</extensions>
</trkpt>
<trkpt lat="36.7517789" lon="128.0319586">
<ele>519.726</ele>
<time>2025-05-17T10:34:32Z</time>
<extensions>
<gpxtpx:TrackPointExtension>
<gpxtpx:hr>131</gpxtpx:hr>
</gpxtpx:TrackPointExtension>
</extensions>
</trkpt>
<trkpt lat="36.7517804" lon="128.0319613">
<ele>519.752</ele>
<time>2025-05-17T10:34:33Z</time>
<extensions>
<gpxtpx:TrackPointExtension>
<gpxtpx:hr>131</gpxtpx:hr>
</gpxtpx:TrackPointExtension>
</extensions>
</trkpt>
<trkpt lat="36.7517817" lon="128.031962">
<ele>519.688</ele>
<time>2025-05-17T10:34:34Z</time>
<extensions>
<gpxtpx:TrackPointExtension>
<gpxtpx:hr>131</gpxtpx:hr>
</gpxtpx:TrackPointExtension>
</extensions>
</trkpt>
<trkpt lat="36.7517811" lon="128.0319627">
<ele>519.601</ele>
<time>2025-05-17T10:34:35Z</time>
<extensions>
<gpxtpx:TrackPointExtension>
<gpxtpx:hr>131</gpxtpx:hr>
</gpxtpx:TrackPointExtension>
</extensions>
</trkpt>
<trkpt lat="36.7517815" lon="128.0319625">
<ele>519.595</ele>
<time>2025-05-17T10:34:36Z</time>
<extensions>
<gpxtpx:TrackPointExtension>
<gpxtpx:hr>131</gpxtpx:hr>
</gpxtpx:TrackPointExtension>
</extensions>
</trkpt>
<trkpt lat="36.7517811" lon="128.0319633">
<ele>519.53</ele>
<time>2025-05-17T10:34:37Z</time>
<extensions>
<gpxtpx:TrackPointExtension>
<gpxtpx:hr>131</gpxtpx:hr>
</gpxtpx:TrackPointExtension>
</extensions>
</trkpt>
<trkpt lat="36.751782" lon="128.0319625">
<ele>519.501</ele>
<time>2025-05-17T10:34:38Z</time>
<extensions>
<gpxtpx:TrackPointExtension>
<gpxtpx:hr>131</gpxtpx:hr>
</gpxtpx:TrackPointExtension>
</extensions>
</trkpt>
<trkpt lat="36.7517834" lon="128.0319624">
<ele>519.458</ele>
<time>2025-05-17T10:34:39Z</time>
<extensions>
<gpxtpx:TrackPointExtension>
<gpxtpx:hr>131</gpxtpx:hr>
</gpxtpx:TrackPointExtension>
</extensions>
</trkpt>
<trkpt lat="36.7517833" lon="128.031962">
<ele>519.41</ele>
<time>2025-05-17T10:34:40Z</time>
<extensions>
<gpxtpx:TrackPointExtension>
<gpxtpx:hr>132</gpxtpx:hr>
</gpxtpx:TrackPointExtension>
</extensions>
</trkpt>
<trkpt lat="36.7517844" lon="128.0319621">
<ele>519.333</ele>
<time>2025-05-17T10:34:41Z</time>
<extensions>
<gpxtpx:TrackPointExtension>
<gpxtpx:hr>132</gpxtpx:hr>
</gpxtpx:TrackPointExtension>
</extensions>
</trkpt>
<trkpt lat="36.751785" lon="128.0319609">
<ele>519.83</ele>
<time>2025-05-17T10:34:45Z</time>
<extensions>
<gpxtpx:TrackPointExtension>
<gpxtpx:hr>132</gpxtpx:hr>
</gpxtpx:TrackPointExtension>
</extensions>
</trkpt>
<trkpt lat="36.7517847" lon="128.031961">
<ele>519.769</ele>
<time>2025-05-17T10:34:46Z</time>
<extensions>
<gpxtpx:TrackPointExtension>
<gpxtpx:hr>132</gpxtpx:hr>
</gpxtpx:TrackPointExtension>
</extensions>
</trkpt>
<trkpt lat="36.7517862" lon="128.0319616">
<ele>519.675</ele>
<time>2025-05-17T10:34:47Z</time>
<extensions>
<gpxtpx:TrackPointExtension>
<gpxtpx:hr>132</gpxtpx:hr>
</gpxtpx:TrackPointExtension>
</extensions>
</trkpt>
<trkpt lat="36.7517865" lon="128.0319616">
<ele>519.628</ele>
<time>2025-05-17T10:34:48Z</time>
<extensions>
<gpxtpx:TrackPointExtension>
<gpxtpx:hr>132</gpxtpx:hr>
</gpxtpx:TrackPointExtension>
</extensions>
</trkpt>
<trkpt lat="36.7517866" lon="128.0319613">
<ele>519.601</ele>
<time>2025-05-17T10:34:49Z</time>
<extensions>
<gpxtpx:TrackPointExtension>
<gpxtpx:hr>132</gpxtpx:hr>
</gpxtpx:TrackPointExtension>
</extensions>
</trkpt>
<trkpt lat="36.7517875" lon="128.0319601">
<ele>519.548</ele>
<time>2025-05-17T10:34:50Z</time>
<extensions>
<gpxtpx:TrackPointExtension>
<gpxtpx:hr>132</gpxtpx:hr>
</gpxtpx:TrackPointExtension>
</extensions>
</trkpt>
<trkpt lat="36.751788" lon="128.0319595">
<ele>519.534</ele>
<time>2025-05-17T10:34:51Z</time>
<extensions>
<gpxtpx:TrackPointExtension>
<gpxtpx:hr>131</gpxtpx:hr>
</gpxtpx:TrackPointExtension>
</extensions>
</trkpt>
<trkpt lat="36.7517887" lon="128.0319587">
<ele>519.544</ele>
<time>2025-05-17T10:34:52Z</time>
<extensions>
<gpxtpx:TrackPointExtension>
<gpxtpx:hr>131</gpxtpx:hr>
</gpxtpx:TrackPointExtension>
</extensions>
</trkpt>
<trkpt lat="36.751789" lon="128.0319582">
<ele>519.561</ele>
<time>2025-05-17T10:34:53Z</time>
<extensions>
<gpxtpx:TrackPointExtension>
<gpxtpx:hr>132</gpxtpx:hr>
</gpxtpx:TrackPointExtension>
</extensions>
</trkpt>
<trkpt lat="36.7517896" lon="128.031958">
<ele>519.56</ele>
<time>2025-05-17T10:34:54Z</time>
<extensions>
<gpxtpx:TrackPointExtension>
<gpxtpx:hr>132</gpxtpx:hr>
</gpxtpx:TrackPointExtension>
</extensions>
</trkpt>
<trkpt lat="36.7517914" lon="128.0319595">
<ele>519.437</ele>
<time>2025-05-17T10:34:55Z</time>
<extensions>
<gpxtpx:TrackPointExtension>
<gpxtpx:hr>132</gpxtpx:hr>
</gpxtpx:TrackPointExtension>
</extensions>
</trkpt>
<trkpt lat="36.7517924" lon="128.0319615">
<ele>519.577</ele>
<time>2025-05-17T10:34:56Z</time>
<extensions>
<gpxtpx:TrackPointExtension>
<gpxtpx:hr>132</gpxtpx:hr>
</gpxtpx:TrackPointExtension>
</extensions>
</trkpt>
<trkpt lat="36.751793" lon="128.0319619">
<ele>519.759</ele>
<time>2025-05-17T10:34:57Z</time>
<extensions>
<gpxtpx:TrackPointExtension>
<gpxtpx:hr>132</gpxtpx:hr>
</gpxtpx:TrackPointExtension>
</extensions>
</trkpt>
<trkpt lat="36.7517937" lon="128.0319613">
<ele>520.266</ele>
<time>2025-05-17T10:34:58Z</time>
<extensions>
<gpxtpx:TrackPointExtension>
<gpxtpx:hr>132</gpxtpx:hr>
</gpxtpx:TrackPointExtension>
</extensions>
</trkpt>
<trkpt lat="36.7517943" lon="128.031963">
<ele>520.57</ele>
<time>2025-05-17T10:34:59Z</time>
</trkpt>
<trkpt lat="36.751795" lon="128.0319608">
<ele>520.762</ele>
<time>2025-05-17T10:35:00Z</time>
</trkpt>
<trkpt lat="36.7517965" lon="128.0319568">
<ele>520.931</ele>
<time>2025-05-17T10:35:01Z</time>
<extensions>
<gpxtpx:TrackPointExtension>
<gpxtpx:hr>132</gpxtpx:hr>
</gpxtpx:TrackPointExtension>
</extensions>
</trkpt>
<trkpt lat="36.7517986" lon="128.0319557">
<ele>520.737</ele>
<time>2025-05-17T10:35:02Z</time>
<extensions>
<gpxtpx:TrackPointExtension>
<gpxtpx:hr>132</gpxtpx:hr>
</gpxtpx:TrackPointExtension>
</extensions>
</trkpt>
<trkpt lat="36.7518005" lon="128.0319549">
<ele>520.067</ele>
<time>2025-05-17T10:35:03Z</time>
<extensions>
<gpxtpx:TrackPointExtension>
<gpxtpx:hr>133</gpxtpx:hr>
</gpxtpx:TrackPointExtension>
</extensions>
</trkpt>
<trkpt lat="36.7517999" lon="128.0319546">
<ele>519.715</ele>
<time>2025-05-17T10:35:04Z</time>
<extensions>
<gpxtpx:TrackPointExtension>
<gpxtpx:hr>134</gpxtpx:hr>
</gpxtpx:TrackPointExtension>
</extensions>
</trkpt>
<trkpt lat="36.7518005" lon="128.0319537">
<ele>519.988</ele>
<time>2025-05-17T10:35:05Z</time>
<extensions>
<gpxtpx:TrackPointExtension>
<gpxtpx:hr>134</gpxtpx:hr>
</gpxtpx:TrackPointExtension>
</extensions>
</trkpt>
<trkpt lat="36.7518017" lon="128.0319503">
<ele>520.278</ele>
<time>2025-05-17T10:35:06Z</time>
<extensions>
<gpxtpx:TrackPointExtension>
<gpxtpx:hr>135</gpxtpx:hr>
</gpxtpx:TrackPointExtension>
</extensions>
</trkpt>
<trkpt lat="36.7518035" lon="128.0319466">
<ele>520.148</ele>
<time>2025-05-17T10:35:07Z</time>
<extensions>
<gpxtpx:TrackPointExtension>
<gpxtpx:hr>135</gpxtpx:hr>
</gpxtpx:TrackPointExtension>
</extensions>
</trkpt>
<trkpt lat="36.7518044" lon="128.0319423">
<ele>520.082</ele>
<time>2025-05-17T10:35:08Z</time>
<extensions>
<gpxtpx:TrackPointExtension>
<gpxtpx:hr>135</gpxtpx:hr>
</gpxtpx:TrackPointExtension>
</extensions>
</trkpt>
<trkpt lat="36.7518059" lon="128.0319371">
<ele>519.837</ele>
<time>2025-05-17T10:35:09Z</time>
<extensions>
<gpxtpx:TrackPointExtension>
<gpxtpx:hr>135</gpxtpx:hr>
</gpxtpx:TrackPointExtension>
</extensions>
</trkpt>
<trkpt lat="36.7518075" lon="128.0319317">
<ele>519.601</ele>
<time>2025-05-17T10:35:10Z</time>
<extensions>
<gpxtpx:TrackPointExtension>
<gpxtpx:hr>135</gpxtpx:hr>
</gpxtpx:TrackPointExtension>
</extensions>
</trkpt>
<trkpt lat="36.7518099" lon="128.0319275">
<ele>519.872</ele>
<time>2025-05-17T10:35:15Z</time>
<extensions>
<gpxtpx:TrackPointExtension>
<gpxtpx:hr>134</gpxtpx:hr>
</gpxtpx:TrackPointExtension>
</extensions>
</trkpt>
<trkpt lat="36.7518096" lon="128.0319275">
<ele>520.248</ele>
<time>2025-05-17T10:35:16Z</time>
<extensions>
<gpxtpx:TrackPointExtension>
<gpxtpx:hr>134</gpxtpx:hr>
</gpxtpx:TrackPointExtension>
</extensions>
</trkpt>
<trkpt lat="36.7518087" lon="128.0319286">
<ele>520.405</ele>
<time>2025-05-17T10:35:17Z</time>
<extensions>
<gpxtpx:TrackPointExtension>
<gpxtpx:hr>134</gpxtpx:hr>
</gpxtpx:TrackPointExtension>
</extensions>
</trkpt>
<trkpt lat="36.7518084" lon="128.0319286">
<ele>520.463</ele>
<time>2025-05-17T10:35:18Z</time>
<extensions>
<gpxtpx:TrackPointExtension>
<gpxtpx:hr>134</gpxtpx:hr>
</gpxtpx:TrackPointExtension>
</extensions>
</trkpt>
<trkpt lat="36.7518081" lon="128.0319283">
<ele>520.219</ele>
<time>2025-05-17T10:35:19Z</time>
<extensions>
<gpxtpx:TrackPointExtension>
<gpxtpx:hr>134</gpxtpx:hr>
</gpxtpx:TrackPointExtension>
</extensions>
</trkpt>
<trkpt lat="36.7518078" lon="128.0319281">
<ele>519.911</ele>
<time>2025-05-17T10:35:20Z</time>
<extensions>
<gpxtpx:TrackPointExtension>
<gpxtpx:hr>134</gpxtpx:hr>
</gpxtpx:TrackPointExtension>
</extensions>
</trkpt>
<trkpt lat="36.7518078" lon="128.0319279">
<ele>519.571</ele>
<time>2025-05-17T10:35:21Z</time>
<extensions>
<gpxtpx:TrackPointExtension>
<gpxtpx:hr>134</gpxtpx:hr>
</gpxtpx:TrackPointExtension>
</extensions>
</trkpt>
<trkpt lat="36.7518076" lon="128.0319278">
<ele>519.427</ele>
<time>2025-05-17T10:35:22Z</time>
<extensions>
<gpxtpx:TrackPointExtension>
<gpxtpx:hr>134</gpxtpx:hr>
</gpxtpx:TrackPointExtension>
</extensions>
</trkpt>
<trkpt lat="36.7518047" lon="128.0319233">
<ele>519.574</ele>
<time>2025-05-17T10:35:23Z</time>
<extensions>
<gpxtpx:TrackPointExtension>
<gpxtpx:hr>134</gpxtpx:hr>
</gpxtpx:TrackPointExtension>
</extensions>
</trkpt>
<trkpt lat="36.751803" lon="128.0319155">
<ele>519.795</ele>
<time>2025-05-17T10:35:24Z</time>
<extensions>
<gpxtpx:TrackPointExtension>
<gpxtpx:hr>133</gpxtpx:hr>
</gpxtpx:TrackPointExtension>
</extensions>
</trkpt>
<trkpt lat="36.7518012" lon="128.031902">
<ele>519.9</ele>
<time>2025-05-17T10:35:25Z</time>
<extensions>
<gpxtpx:TrackPointExtension>
<gpxtpx:hr>133</gpxtpx:hr>
</gpxtpx:TrackPointExtension>
</extensions>
</trkpt>
<trkpt lat="36.7518022" lon="128.031893">
<ele>520.021</ele>
<time>2025-05-17T10:35:26Z</time>
<extensions>
<gpxtpx:TrackPointExtension>
<gpxtpx:hr>133</gpxtpx:hr>
</gpxtpx:TrackPointExtension>
</extensions>
</trkpt>
<trkpt lat="36.7517984" lon="128.0318929">
<ele>520.082</ele>
<time>2025-05-17T10:35:27Z</time>
<extensions>
<gpxtpx:TrackPointExtension>
<gpxtpx:hr>134</gpxtpx:hr>
</gpxtpx:TrackPointExtension>
</extensions>
</trkpt>
<trkpt lat="36.7517979" lon="128.0318895">
<ele>520.041</ele>
<time>2025-05-17T10:35:28Z</time>
<extensions>
<gpxtpx:TrackPointExtension>
<gpxtpx:hr>134</gpxtpx:hr>
</gpxtpx:TrackPointExtension>
</extensions>
</trkpt>
<trkpt lat="36.7517949" lon="128.0318823">
<ele>520.152</ele>
<time>2025-05-17T10:35:29Z</time>
<extensions>
<gpxtpx:TrackPointExtension>
<gpxtpx:hr>134</gpxtpx:hr>
</gpxtpx:TrackPointExtension>
</extensions>
</trkpt>
<trkpt lat="36.7517938" lon="128.0318768">
<ele>520.041</ele>
<time>2025-05-17T10:35:30Z</time>
<extensions>
<gpxtpx:TrackPointExtension>
<gpxtpx:hr>134</gpxtpx:hr>
</gpxtpx:TrackPointExtension>
</extensions>
</trkpt>
<trkpt lat="36.7517853" lon="128.03188">
<ele>520.069</ele>
<time>2025-05-17T10:35:31Z</time>
<extensions>
<gpxtpx:TrackPointExtension>
<gpxtpx:hr>135</gpxtpx:hr>
</gpxtpx:TrackPointExtension>
</extensions>
</trkpt>
<trkpt lat="36.7517848" lon="128.0318735">
<ele>520.089</ele>
<time>2025-05-17T10:35:32Z</time>
<extensions>
<gpxtpx:TrackPointExtension>
<gpxtpx:hr>135</gpxtpx:hr>
</gpxtpx:TrackPointExtension>
</extensions>
</trkpt>
<trkpt lat="36.7517834" lon="128.031869">
<ele>520.04</ele>
<time>2025-05-17T10:35:33Z</time>
<extensions>
<gpxtpx:TrackPointExtension>
<gpxtpx:hr>135</gpxtpx:hr>
</gpxtpx:TrackPointExtension>
</extensions>
</trkpt>
<trkpt lat="36.7517811" lon="128.0318667">
<ele>520.056</ele>
<time>2025-05-17T10:35:34Z</time>
<extensions>
<gpxtpx:TrackPointExtension>
<gpxtpx:hr>135</gpxtpx:hr>
</gpxtpx:TrackPointExtension>
</extensions>
</trkpt>
<trkpt lat="36.7517819" lon="128.0318643">
<ele>519.756</ele>
<time>2025-05-17T10:35:38Z</time>
<extensions>
<gpxtpx:TrackPointExtension>
<gpxtpx:hr>135</gpxtpx:hr>
</gpxtpx:TrackPointExtension>
</extensions>
</trkpt>
<trkpt lat="36.7517793" lon="128.0318639">
<ele>519.965</ele>
<time>2025-05-17T10:35:39Z</time>
<extensions>
<gpxtpx:TrackPointExtension>
<gpxtpx:hr>135</gpxtpx:hr>
</gpxtpx:TrackPointExtension>
</extensions>
</trkpt>
<trkpt lat="36.751779" lon="128.0318668">
<ele>520.144</ele>
<time>2025-05-17T10:35:40Z</time>
<extensions>
<gpxtpx:TrackPointExtension>
<gpxtpx:hr>135</gpxtpx:hr>
</gpxtpx:TrackPointExtension>
</extensions>
</trkpt>
<trkpt lat="36.7517775" lon="128.0318702">
<ele>520.364</ele>
<time>2025-05-17T10:35:41Z</time>
<extensions>
<gpxtpx:TrackPointExtension>
<gpxtpx:hr>135</gpxtpx:hr>
</gpxtpx:TrackPointExtension>
</extensions>
</trkpt>
<trkpt lat="36.7517761" lon="128.0318684">
<ele>520.363</ele>
<time>2025-05-17T10:35:42Z</time>
<extensions>
<gpxtpx:TrackPointExtension>
<gpxtpx:hr>135</gpxtpx:hr>
</gpxtpx:TrackPointExtension>
</extensions>
</trkpt>
<trkpt lat="36.7517736" lon="128.0318713">
<ele>520.376</ele>
<time>2025-05-17T10:35:43Z</time>
<extensions>
<gpxtpx:TrackPointExtension>
<gpxtpx:hr>135</gpxtpx:hr>
</gpxtpx:TrackPointExtension>
</extensions>
</trkpt>
<trkpt lat="36.7517755" lon="128.0318759">
<ele>520.49</ele>
<time>2025-05-17T10:35:44Z</time>
<extensions>
<gpxtpx:TrackPointExtension>
<gpxtpx:hr>135</gpxtpx:hr>
</gpxtpx:TrackPointExtension>
</extensions>
</trkpt>
<trkpt lat="36.751774" lon="128.0318757">
<ele>520.696</ele>
<time>2025-05-17T10:35:46Z</time>
<extensions>
<gpxtpx:TrackPointExtension>
<gpxtpx:hr>135</gpxtpx:hr>
</gpxtpx:TrackPointExtension>
</extensions>
</trkpt>
<trkpt lat="36.7517741" lon="128.0318773">
<ele>520.69</ele>
<time>2025-05-17T10:35:47Z</time>
<extensions>
<gpxtpx:TrackPointExtension>
<gpxtpx:hr>135</gpxtpx:hr>
</gpxtpx:TrackPointExtension>
</extensions>
</trkpt>
<trkpt lat="36.7517743" lon="128.0318799">
<ele>520.625</ele>
<time>2025-05-17T10:35:48Z</time>
<extensions>
<gpxtpx:TrackPointExtension>
<gpxtpx:hr>135</gpxtpx:hr>
</gpxtpx:TrackPointExtension>
</extensions>
</trkpt>
<trkpt lat="36.7517774" lon="128.031883">
<ele>520.481</ele>
<time>2025-05-17T10:35:49Z</time>
<extensions>
<gpxtpx:TrackPointExtension>
<gpxtpx:hr>135</gpxtpx:hr>
</gpxtpx:TrackPointExtension>
</extensions>
</trkpt>
<trkpt lat="36.7517791" lon="128.0318853">
<ele>520.253</ele>
<time>2025-05-17T10:35:51Z</time>
<extensions>
<gpxtpx:TrackPointExtension>
<gpxtpx:hr>135</gpxtpx:hr>
</gpxtpx:TrackPointExtension>
</extensions>
</trkpt>
<trkpt lat="36.7517807" lon="128.0318873">
<ele>520.214</ele>
<time>2025-05-17T10:35:52Z</time>
<extensions>
<gpxtpx:TrackPointExtension>
<gpxtpx:hr>135</gpxtpx:hr>
</gpxtpx:TrackPointExtension>
</extensions>
</trkpt>
<trkpt lat="36.7517819" lon="128.0318936">
<ele>520.059</ele>
<time>2025-05-17T10:35:53Z</time>
<extensions>
<gpxtpx:TrackPointExtension>
<gpxtpx:hr>135</gpxtpx:hr>
</gpxtpx:TrackPointExtension>
</extensions>
</trkpt>
<trkpt lat="36.7517838" lon="128.0318969">
<ele>519.963</ele>
<time>2025-05-17T10:35:54Z</time>
<extensions>
<gpxtpx:TrackPointExtension>
<gpxtpx:hr>136</gpxtpx:hr>
</gpxtpx:TrackPointExtension>
</extensions>
</trkpt>
<trkpt lat="36.7517817" lon="128.0318977">
<ele>519.808</ele>
<time>2025-05-17T10:35:55Z</time>
<extensions>
<gpxtpx:TrackPointExtension>
<gpxtpx:hr>136</gpxtpx:hr>
</gpxtpx:TrackPointExtension>
</extensions>
</trkpt>
<trkpt lat="36.7517828" lon="128.0318998">
<ele>519.815</ele>
<time>2025-05-17T10:35:56Z</time>
<extensions>
<gpxtpx:TrackPointExtension>
<gpxtpx:hr>136</gpxtpx:hr>
</gpxtpx:TrackPointExtension>
</extensions>
</trkpt>
<trkpt lat="36.7517835" lon="128.0319024">
<ele>519.934</ele>
<time>2025-05-17T10:35:57Z</time>
<extensions>
<gpxtpx:TrackPointExtension>
<gpxtpx:hr>136</gpxtpx:hr>
</gpxtpx:TrackPointExtension>
</extensions>
</trkpt>
<trkpt lat="36.7517618" lon="128.0318844">
<ele>520.004</ele>
<time>2025-05-17T10:35:58Z</time>
<extensions>
<gpxtpx:TrackPointExtension>
<gpxtpx:hr>136</gpxtpx:hr>
</gpxtpx:TrackPointExtension>
</extensions>
</trkpt>
<trkpt lat="36.7517629" lon="128.0318708">
<ele>520.25</ele>
<time>2025-05-17T10:35:59Z</time>
<extensions>
<gpxtpx:TrackPointExtension>
<gpxtpx:hr>135</gpxtpx:hr>
</gpxtpx:TrackPointExtension>
</extensions>
</trkpt>
<trkpt lat="36.7517567" lon="128.0318611">
<ele>520.406</ele>
<time>2025-05-17T10:36:00Z</time>
<extensions>
<gpxtpx:TrackPointExtension>
<gpxtpx:hr>135</gpxtpx:hr>
</gpxtpx:TrackPointExtension>
</extensions>
</trkpt>
<trkpt lat="36.7517559" lon="128.031857">
<ele>520.471</ele>
<time>2025-05-17T10:36:01Z</time>
<extensions>
<gpxtpx:TrackPointExtension>
<gpxtpx:hr>134</gpxtpx:hr>
</gpxtpx:TrackPointExtension>
</extensions>
</trkpt>
<trkpt lat="36.7517588" lon="128.0318484">
<ele>520.55</ele>
<time>2025-05-17T10:36:02Z</time>
<extensions>
<gpxtpx:TrackPointExtension>
<gpxtpx:hr>134</gpxtpx:hr>
</gpxtpx:TrackPointExtension>
</extensions>
</trkpt>
<trkpt lat="36.7517576" lon="128.0318495">
<ele>520.835</ele>
<time>2025-05-17T10:36:04Z</time>
<extensions>
<gpxtpx:TrackPointExtension>
<gpxtpx:hr>133</gpxtpx:hr>
</gpxtpx:TrackPointExtension>
</extensions>
</trkpt>
<trkpt lat="36.75176" lon="128.0318529">
<ele>520.817</ele>
<time>2025-05-17T10:36:05Z</time>
<extensions>
<gpxtpx:TrackPointExtension>
<gpxtpx:hr>133</gpxtpx:hr>
</gpxtpx:TrackPointExtension>
</extensions>
</trkpt>
<trkpt lat="36.7517595" lon="128.0318557">
<ele>520.455</ele>
<time>2025-05-17T10:36:07Z</time>
<extensions>
<gpxtpx:TrackPointExtension>
<gpxtpx:hr>134</gpxtpx:hr>
</gpxtpx:TrackPointExtension>
</extensions>
</trkpt>
<trkpt lat="36.7517544" lon="128.0318591">
<ele>520.409</ele>
<time>2025-05-17T10:36:08Z</time>
<extensions>
<gpxtpx:TrackPointExtension>
<gpxtpx:hr>134</gpxtpx:hr>
</gpxtpx:TrackPointExtension>
</extensions>
</trkpt>
<trkpt lat="36.751754" lon="128.0318636">
<ele>520.501</ele>
<time>2025-05-17T10:36:09Z</time>
<extensions>
<gpxtpx:TrackPointExtension>
<gpxtpx:hr>134</gpxtpx:hr>
</gpxtpx:TrackPointExtension>
</extensions>
</trkpt>
<trkpt lat="36.7517541" lon="128.0318637">
<ele>520.689</ele>
<time>2025-05-17T10:36:10Z</time>
</trkpt>
<trkpt lat="36.7517542" lon="128.0318638">
<ele>521.069</ele>
<time>2025-05-17T10:36:11Z</time>
</trkpt>
<trkpt lat="36.7517542" lon="128.0318639">
<ele>521.215</ele>
<time>2025-05-17T10:36:12Z</time>
</trkpt>
<trkpt lat="36.7517542" lon="128.0318642">
<ele>521.286</ele>
<time>2025-05-17T10:36:13Z</time>
</trkpt>
<trkpt lat="36.751754" lon="128.0318644">
<ele>521.375</ele>
<time>2025-05-17T10:36:14Z</time>
</trkpt>
<trkpt lat="36.7517539" lon="128.0318648">
<ele>521.373</ele>
<time>2025-05-17T10:36:15Z</time>
</trkpt>
<trkpt lat="36.7517516" lon="128.0318663">
<ele>520.789</ele>
<time>2025-05-17T10:36:16Z</time>
</trkpt>
<trkpt lat="36.7517513" lon="128.0318665">
<ele>520.4</ele>
<time>2025-05-17T10:36:17Z</time>
</trkpt>
<trkpt lat="36.7517515" lon="128.0318667">
<ele>520.429</ele>
<time>2025-05-17T10:36:18Z</time>
</trkpt>
<trkpt lat="36.7517517" lon="128.0318667">
<ele>520.678</ele>
<time>2025-05-17T10:36:19Z</time>
</trkpt>
<trkpt lat="36.7517529" lon="128.0318668">
<ele>520.757</ele>
<time>2025-05-17T10:36:20Z</time>
</trkpt>
<trkpt lat="36.7517558" lon="128.0318637">
<ele>520.741</ele>
<time>2025-05-17T10:36:21Z</time>
</trkpt>
<trkpt lat="36.7517603" lon="128.0318657">
<ele>520.514</ele>
<time>2025-05-17T10:36:22Z</time>
</trkpt>
<trkpt lat="36.7517667" lon="128.0318657">
<ele>520.285</ele>
<time>2025-05-17T10:36:23Z</time>
</trkpt>
<trkpt lat="36.7517706" lon="128.0318687">
<ele>520.134</ele>
<time>2025-05-17T10:36:24Z</time>
</trkpt>
<trkpt lat="36.7517724" lon="128.0318754">
<ele>520.15</ele>
<time>2025-05-17T10:36:25Z</time>
</trkpt>
<trkpt lat="36.7517755" lon="128.0318792">
<ele>520.477</ele>
<time>2025-05-17T10:36:26Z</time>
</trkpt>
<trkpt lat="36.7517772" lon="128.0318859">
<ele>520.439</ele>
<time>2025-05-17T10:36:27Z</time>
</trkpt>
<trkpt lat="36.7517791" lon="128.0318912">
<ele>520.368</ele>
<time>2025-05-17T10:36:28Z</time>
<extensions>
<gpxtpx:TrackPointExtension>
<gpxtpx:hr>132</gpxtpx:hr>
</gpxtpx:TrackPointExtension>
</extensions>
</trkpt>
<trkpt lat="36.7517804" lon="128.0318955">
<ele>520.266</ele>
<time>2025-05-17T10:36:29Z</time>
<extensions>
<gpxtpx:TrackPointExtension>
<gpxtpx:hr>132</gpxtpx:hr>
</gpxtpx:TrackPointExtension>
</extensions>
</trkpt>
<trkpt lat="36.751781" lon="128.0319022">
<ele>520.186</ele>
<time>2025-05-17T10:36:30Z</time>
<extensions>
<gpxtpx:TrackPointExtension>
<gpxtpx:hr>132</gpxtpx:hr>
</gpxtpx:TrackPointExtension>
</extensions>
</trkpt>
<trkpt lat="36.7517735" lon="128.0318968">
<ele>520.077</ele>
<time>2025-05-17T10:36:31Z</time>
<extensions>
<gpxtpx:TrackPointExtension>
<gpxtpx:hr>132</gpxtpx:hr>
</gpxtpx:TrackPointExtension>
</extensions>
</trkpt>
<trkpt lat="36.751771" lon="128.0318935">
<ele>520.07</ele>
<time>2025-05-17T10:36:32Z</time>
<extensions>
<gpxtpx:TrackPointExtension>
<gpxtpx:hr>132</gpxtpx:hr>
</gpxtpx:TrackPointExtension>
</extensions>
</trkpt>
<trkpt lat="36.7517791" lon="128.0318818">
<ele>520.13</ele>
<time>2025-05-17T10:36:33Z</time>
<extensions>
<gpxtpx:TrackPointExtension>
<gpxtpx:hr>132</gpxtpx:hr>
</gpxtpx:TrackPointExtension>
</extensions>
</trkpt>
<trkpt lat="36.7517773" lon="128.0318802">
<ele>520.032</ele>
<time>2025-05-17T10:36:34Z</time>
<extensions>
<gpxtpx:TrackPointExtension>
<gpxtpx:hr>132</gpxtpx:hr>
</gpxtpx:TrackPointExtension>
</extensions>
</trkpt>
<trkpt lat="36.7517728" lon="128.0318835">
<ele>519.644</ele>
<time>2025-05-17T10:36:35Z</time>
<extensions>
<gpxtpx:TrackPointExtension>
<gpxtpx:hr>133</gpxtpx:hr>
</gpxtpx:TrackPointExtension>
</extensions>
</trkpt>
<trkpt lat="36.7517694" lon="128.0318811">
<ele>519.564</ele>
<time>2025-05-17T10:36:36Z</time>
<extensions>
<gpxtpx:TrackPointExtension>
<gpxtpx:hr>133</gpxtpx:hr>
</gpxtpx:TrackPointExtension>
</extensions>
</trkpt>
<trkpt lat="36.7517676" lon="128.0318783">
<ele>519.058</ele>
<time>2025-05-17T10:36:38Z</time>
<extensions>
<gpxtpx:TrackPointExtension>
<gpxtpx:hr>133</gpxtpx:hr>
</gpxtpx:TrackPointExtension>
</extensions>
</trkpt>
<trkpt lat="36.7517698" lon="128.0318816">
<ele>519.938</ele>
<time>2025-05-17T10:36:41Z</time>
<extensions>
<gpxtpx:TrackPointExtension>
<gpxtpx:hr>133</gpxtpx:hr>
</gpxtpx:TrackPointExtension>
</extensions>
</trkpt>
<trkpt lat="36.7517692" lon="128.0318787">
<ele>520.014</ele>
<time>2025-05-17T10:36:42Z</time>
<extensions>
<gpxtpx:TrackPointExtension>
<gpxtpx:hr>133</gpxtpx:hr>
</gpxtpx:TrackPointExtension>
</extensions>
</trkpt>
<trkpt lat="36.7517705" lon="128.0318768">
<ele>519.949</ele>
<time>2025-05-17T10:36:43Z</time>
<extensions>
<gpxtpx:TrackPointExtension>
<gpxtpx:hr>133</gpxtpx:hr>
</gpxtpx:TrackPointExtension>
</extensions>
</trkpt>
<trkpt lat="36.7517726" lon="128.0318754">
<ele>519.909</ele>
<time>2025-05-17T10:36:44Z</time>
<extensions>
<gpxtpx:TrackPointExtension>
<gpxtpx:hr>133</gpxtpx:hr>
</gpxtpx:TrackPointExtension>
</extensions>
</trkpt>
<trkpt lat="36.751774" lon="128.0318737">
<ele>520.157</ele>
<time>2025-05-17T10:36:45Z</time>
<extensions>
<gpxtpx:TrackPointExtension>
<gpxtpx:hr>133</gpxtpx:hr>
</gpxtpx:TrackPointExtension>
</extensions>
</trkpt>
<trkpt lat="36.7517747" lon="128.0318767">
<ele>520.04</ele>
<time>2025-05-17T10:36:46Z</time>
<extensions>
<gpxtpx:TrackPointExtension>
<gpxtpx:hr>133</gpxtpx:hr>
</gpxtpx:TrackPointExtension>
</extensions>
</trkpt>
<trkpt lat="36.7517754" lon="128.0318724">
<ele>519.791</ele>
<time>2025-05-17T10:36:47Z</time>
<extensions>
<gpxtpx:TrackPointExtension>
<gpxtpx:hr>133</gpxtpx:hr>
</gpxtpx:TrackPointExtension>
</extensions>
</trkpt>
<trkpt lat="36.7517759" lon="128.0318744">
<ele>519.429</ele>
<time>2025-05-17T10:36:48Z</time>
<extensions>
<gpxtpx:TrackPointExtension>
<gpxtpx:hr>132</gpxtpx:hr>
</gpxtpx:TrackPointExtension>
</extensions>
</trkpt>
<trkpt lat="36.751777" lon="128.0318751">
<ele>519.491</ele>
<time>2025-05-17T10:36:49Z</time>
</trkpt>
<trkpt lat="36.7517808" lon="128.031878">
<ele>519.828</ele>
<time>2025-05-17T10:36:50Z</time>
<extensions>
<gpxtpx:TrackPointExtension>
<gpxtpx:hr>132</gpxtpx:hr>
</gpxtpx:TrackPointExtension>
</extensions>
</trkpt>
<trkpt lat="36.7517827" lon="128.0318791">
<ele>519.848</ele>
<time>2025-05-17T10:36:51Z</time>
<extensions>
<gpxtpx:TrackPointExtension>
<gpxtpx:hr>132</gpxtpx:hr>
</gpxtpx:TrackPointExtension>
</extensions>
</trkpt>
<trkpt lat="36.7517832" lon="128.0318792">
<ele>519.78</ele>
<time>2025-05-17T10:36:53Z</time>
<extensions>
<gpxtpx:TrackPointExtension>
<gpxtpx:hr>132</gpxtpx:hr>
</gpxtpx:TrackPointExtension>
</extensions>
</trkpt>
<trkpt lat="36.7517829" lon="128.0318776">
<ele>519.684</ele>
<time>2025-05-17T10:36:54Z</time>
</trkpt>
<trkpt lat="36.7517832" lon="128.0318776">
<ele>519.667</ele>
<time>2025-05-17T10:36:55Z</time>
<extensions>
<gpxtpx:TrackPointExtension>
<gpxtpx:hr>132</gpxtpx:hr>
</gpxtpx:TrackPointExtension>
</extensions>
</trkpt>
<trkpt lat="36.7517832" lon="128.0318764">
<ele>519.609</ele>
<time>2025-05-17T10:36:56Z</time>
<extensions>
<gpxtpx:TrackPointExtension>
<gpxtpx:hr>131</gpxtpx:hr>
</gpxtpx:TrackPointExtension>
</extensions>
</trkpt>
<trkpt lat="36.7517834" lon="128.0318767">
<ele>519.673</ele>
<time>2025-05-17T10:36:57Z</time>
<extensions>
<gpxtpx:TrackPointExtension>
<gpxtpx:hr>131</gpxtpx:hr>
</gpxtpx:TrackPointExtension>
</extensions>
</trkpt>
<trkpt lat="36.751784" lon="128.0318759">
<ele>519.753</ele>
<time>2025-05-17T10:36:58Z</time>
<extensions>
<gpxtpx:TrackPointExtension>
<gpxtpx:hr>130</gpxtpx:hr>
</gpxtpx:TrackPointExtension>
</extensions>
</trkpt>
<trkpt lat="36.7517856" lon="128.0318719">
<ele>519.863</ele>
<time>2025-05-17T10:36:59Z</time>
<extensions>
<gpxtpx:TrackPointExtension>
<gpxtpx:hr>130</gpxtpx:hr>
</gpxtpx:TrackPointExtension>
</extensions>
</trkpt>
<trkpt lat="36.7517881" lon="128.0318676">
<ele>519.962</ele>
<time>2025-05-17T10:37:00Z</time>
<extensions>
<gpxtpx:TrackPointExtension>
<gpxtpx:hr>129</gpxtpx:hr>
</gpxtpx:TrackPointExtension>
</extensions>
</trkpt>
<trkpt lat="36.7517919" lon="128.0318653">
<ele>519.96</ele>
<time>2025-05-17T10:37:01Z</time>
<extensions>
<gpxtpx:TrackPointExtension>
<gpxtpx:hr>129</gpxtpx:hr>
</gpxtpx:TrackPointExtension>
</extensions>
</trkpt>
<trkpt lat="36.7517948" lon="128.0318639">
<ele>519.714</ele>
<time>2025-05-17T10:37:02Z</time>
<extensions>
<gpxtpx:TrackPointExtension>
<gpxtpx:hr>129</gpxtpx:hr>
</gpxtpx:TrackPointExtension>
</extensions>
</trkpt>
<trkpt lat="36.751799" lon="128.0318613">
<ele>519.503</ele>
<time>2025-05-17T10:37:03Z</time>
<extensions>
<gpxtpx:TrackPointExtension>
<gpxtpx:hr>129</gpxtpx:hr>
</gpxtpx:TrackPointExtension>
</extensions>
</trkpt>
<trkpt lat="36.7518032" lon="128.0318611">
<ele>519.469</ele>
<time>2025-05-17T10:37:04Z</time>
<extensions>
<gpxtpx:TrackPointExtension>
<gpxtpx:hr>129</gpxtpx:hr>
</gpxtpx:TrackPointExtension>
</extensions>
</trkpt>
<trkpt lat="36.7518088" lon="128.0318579">
<ele>519.655</ele>
<time>2025-05-17T10:37:05Z</time>
<extensions>
<gpxtpx:TrackPointExtension>
<gpxtpx:hr>129</gpxtpx:hr>
</gpxtpx:TrackPointExtension>
</extensions>
</trkpt>
<trkpt lat="36.7518095" lon="128.0318601">
<ele>519.664</ele>
<time>2025-05-17T10:37:06Z</time>
<extensions>
<gpxtpx:TrackPointExtension>
<gpxtpx:hr>129</gpxtpx:hr>
</gpxtpx:TrackPointExtension>
</extensions>
</trkpt>
<trkpt lat="36.7518112" lon="128.0318644">
<ele>519.688</ele>
<time>2025-05-17T10:37:07Z</time>
<extensions>
<gpxtpx:TrackPointExtension>
<gpxtpx:hr>128</gpxtpx:hr>
</gpxtpx:TrackPointExtension>
</extensions>
</trkpt>
<trkpt lat="36.7518097" lon="128.0318675">
<ele>519.807</ele>
<time>2025-05-17T10:37:08Z</time>
<extensions>
<gpxtpx:TrackPointExtension>
<gpxtpx:hr>128</gpxtpx:hr>
</gpxtpx:TrackPointExtension>
</extensions>
</trkpt>
<trkpt lat="36.7518131" lon="128.0318673">
<ele>520.059</ele>
<time>2025-05-17T10:37:09Z</time>
<extensions>
<gpxtpx:TrackPointExtension>
<gpxtpx:hr>128</gpxtpx:hr>
</gpxtpx:TrackPointExtension>
</extensions>
</trkpt>
<trkpt lat="36.7518151" lon="128.0318676">
<ele>520.071</ele>
<time>2025-05-17T10:37:13Z</time>
<extensions>
<gpxtpx:TrackPointExtension>
<gpxtpx:hr>127</gpxtpx:hr>
</gpxtpx:TrackPointExtension>
</extensions>
</trkpt>
<trkpt lat="36.7518152" lon="128.0318676">
<ele>520.275</ele>
<time>2025-05-17T10:37:14Z</time>
<extensions>
<gpxtpx:TrackPointExtension>
<gpxtpx:hr>127</gpxtpx:hr>
</gpxtpx:TrackPointExtension>
</extensions>
</trkpt>
<trkpt lat="36.7518152" lon="128.0318677">
<ele>520.341</ele>
<time>2025-05-17T10:37:15Z</time>
<extensions>
<gpxtpx:TrackPointExtension>
<gpxtpx:hr>127</gpxtpx:hr>
</gpxtpx:TrackPointExtension>
</extensions>
</trkpt>
<trkpt lat="36.7518151" lon="128.0318677">
<ele>520.211</ele>
<time>2025-05-17T10:37:16Z</time>
<extensions>
<gpxtpx:TrackPointExtension>
<gpxtpx:hr>127</gpxtpx:hr>
</gpxtpx:TrackPointExtension>
</extensions>
</trkpt>
<trkpt lat="36.7518151" lon="128.0318685">
<ele>520.105</ele>
<time>2025-05-17T10:37:17Z</time>
<extensions>
<gpxtpx:TrackPointExtension>
<gpxtpx:hr>127</gpxtpx:hr>
</gpxtpx:TrackPointExtension>
</extensions>
</trkpt>
<trkpt lat="36.7518144" lon="128.0318676">
<ele>520.033</ele>
<time>2025-05-17T10:37:18Z</time>
<extensions>
<gpxtpx:TrackPointExtension>
<gpxtpx:hr>126</gpxtpx:hr>
</gpxtpx:TrackPointExtension>
</extensions>
</trkpt>
<trkpt lat="36.7518144" lon="128.0318673">
<ele>520.054</ele>
<time>2025-05-17T10:37:19Z</time>
<extensions>
<gpxtpx:TrackPointExtension>
<gpxtpx:hr>126</gpxtpx:hr>
</gpxtpx:TrackPointExtension>
</extensions>
</trkpt>
<trkpt lat="36.7518144" lon="128.0318672">
<ele>520.106</ele>
<time>2025-05-17T10:37:20Z</time>
<extensions>
<gpxtpx:TrackPointExtension>
<gpxtpx:hr>126</gpxtpx:hr>
</gpxtpx:TrackPointExtension>
</extensions>
</trkpt>
<trkpt lat="36.7518145" lon="128.0318667">
<ele>520.008</ele>
<time>2025-05-17T10:37:22Z</time>
<extensions>
<gpxtpx:TrackPointExtension>
<gpxtpx:hr>126</gpxtpx:hr>
</gpxtpx:TrackPointExtension>
</extensions>
</trkpt>
<trkpt lat="36.7518156" lon="128.0318666">
<ele>519.935</ele>
<time>2025-05-17T10:37:23Z</time>
<extensions>
<gpxtpx:TrackPointExtension>
<gpxtpx:hr>125</gpxtpx:hr>
</gpxtpx:TrackPointExtension>
</extensions>
</trkpt>
<trkpt lat="36.7518158" lon="128.0318666">
<ele>519.481</ele>
<time>2025-05-17T10:37:25Z</time>
<extensions>
<gpxtpx:TrackPointExtension>
<gpxtpx:hr>124</gpxtpx:hr>
</gpxtpx:TrackPointExtension>
</extensions>
</trkpt>
</trkseg>
</trk>
<exerciseinfo>
<exercisetype>13001</exercisetype>
<distance>1687.101</distance>
<elevationgain>226.801</elevationgain>
<avggradient>31.60577659473343</avggradient>
<duration>3391229</duration>
<avgspeed>0.49748954</avgspeed>
</exerciseinfo>
</gpx>
