<?xml version="1.0" encoding="UTF-8"?>
<gpx creator="Garmin Connect" version="1.1"
  xsi:schemaLocation="http://www.topografix.com/GPX/1/1 http://www.topografix.com/GPX/11.xsd"
  xmlns:ns3="http://www.garmin.com/xmlschemas/TrackPointExtension/v1"
  xmlns="http://www.topografix.com/GPX/1/1"
  xmlns:xsi="http://www.w3.org/2001/XMLSchema-instance" xmlns:ns2="http://www.garmin.com/xmlschemas/GpxExtensions/v3">
  <metadata>
    <link href="connect.garmin.com">
      <text>Garmin Connect</text>
    </link>
    <time>2025-12-27T02:23:06.000Z</time>
  </metadata>
  <trk>
    <name>장안산</name>
    <desc></desc>
    <type>hiking</type>
    <trkseg>
      <trkpt lat="35.64422671683132648468017578125" lon="127.61665399186313152313232421875">
        <ele>892.4000244140625</ele>
        <time>2025-12-27T02:23:06.000Z</time>
        <extensions>
          <ns3:TrackPointExtension>
            <ns3:hr>94</ns3:hr>
            <ns3:cad>0</ns3:cad>
          </ns3:TrackPointExtension>
        </extensions>
      </trkpt>
      <trkpt lat="35.644193105399608612060546875" lon="127.616671510040760040283203125">
        <ele>892.5999755859375</ele>
        <time>2025-12-27T02:23:07.000Z</time>
        <extensions>
          <ns3:TrackPointExtension>
            <ns3:hr>96</ns3:hr>
            <ns3:cad>0</ns3:cad>
          </ns3:TrackPointExtension>
        </extensions>
      </trkpt>
      <trkpt lat="35.64419050700962543487548828125" lon="127.6166579313576221466064453125">
        <ele>892.79998779296875</ele>
        <time>2025-12-27T02:23:09.000Z</time>
        <extensions>
          <ns3:TrackPointExtension>
            <ns3:hr>99</ns3:hr>
            <ns3:cad>49</ns3:cad>
          </ns3:TrackPointExtension>
        </extensions>
      </trkpt>
      <trkpt lat="35.644181035459041595458984375" lon="127.616618536412715911865234375">
        <ele>893</ele>
        <time>2025-12-27T02:23:11.000Z</time>
        <extensions>
          <ns3:TrackPointExtension>
            <ns3:hr>102</ns3:hr>
            <ns3:cad>50</ns3:cad>
          </ns3:TrackPointExtension>
        </extensions>
      </trkpt>
      <trkpt lat="35.6441734917461872100830078125" lon="127.61661141179502010345458984375">
        <ele>893</ele>
        <time>2025-12-27T02:23:12.000Z</time>
        <extensions>
          <ns3:TrackPointExtension>
            <ns3:hr>103</ns3:hr>
            <ns3:cad>50</ns3:cad>
          </ns3:TrackPointExtension>
        </extensions>
      </trkpt>
      <trkpt lat="35.64413770101964473724365234375" lon="127.61657235212624073028564453125">
        <ele>893.20001220703125</ele>
        <time>2025-12-27T02:23:17.000Z</time>
        <extensions>
          <ns3:TrackPointExtension>
            <ns3:hr>103</ns3:hr>
            <ns3:cad>51</ns3:cad>
          </ns3:TrackPointExtension>
        </extensions>
      </trkpt>
      <trkpt lat="35.64411339350044727325439453125" lon="127.616540081799030303955078125">
        <ele>893.4000244140625</ele>
        <time>2025-12-27T02:23:19.000Z</time>
        <extensions>
          <ns3:TrackPointExtension>
            <ns3:hr>102</ns3:hr>
            <ns3:cad>51</ns3:cad>
          </ns3:TrackPointExtension>
        </extensions>
      </trkpt>
      <trkpt lat="35.64408590085804462432861328125" lon="127.61650898493826389312744140625">
        <ele>893.5999755859375</ele>
        <time>2025-12-27T02:23:22.000Z</time>
        <extensions>
          <ns3:TrackPointExtension>
            <ns3:hr>100</ns3:hr>
            <ns3:cad>52</ns3:cad>
          </ns3:TrackPointExtension>
        </extensions>
      </trkpt>
      <trkpt lat="35.64406058751046657562255859375" lon="127.616483084857463836669921875">
        <ele>893.79998779296875</ele>
        <time>2025-12-27T02:23:25.000Z</time>
        <extensions>
          <ns3:TrackPointExtension>
            <ns3:hr>97</ns3:hr>
            <ns3:cad>51</ns3:cad>
          </ns3:TrackPointExtension>
        </extensions>
      </trkpt>
      <trkpt lat="35.64404181204736232757568359375" lon="127.61646472848951816558837890625">
        <ele>893.79998779296875</ele>
        <time>2025-12-27T02:23:27.000Z</time>
        <extensions>
          <ns3:TrackPointExtension>
            <ns3:hr>94</ns3:hr>
            <ns3:cad>51</ns3:cad>
          </ns3:TrackPointExtension>
        </extensions>
      </trkpt>
      <trkpt lat="35.6440189294517040252685546875" lon="127.6164450310170650482177734375">
        <ele>894.20001220703125</ele>
        <time>2025-12-27T02:23:30.000Z</time>
        <extensions>
          <ns3:TrackPointExtension>
            <ns3:hr>93</ns3:hr>
            <ns3:cad>51</ns3:cad>
          </ns3:TrackPointExtension>
        </extensions>
      </trkpt>
      <trkpt lat="35.64403024502098560333251953125" lon="127.61644796468317508697509765625">
        <ele>894.20001220703125</ele>
        <time>2025-12-27T02:23:31.000Z</time>
        <extensions>
          <ns3:TrackPointExtension>
            <ns3:hr>92</ns3:hr>
            <ns3:cad>51</ns3:cad>
          </ns3:TrackPointExtension>
        </extensions>
      </trkpt>
      <trkpt lat="35.6440722383558750152587890625" lon="127.61647403240203857421875">
        <ele>894.4000244140625</ele>
        <time>2025-12-27T02:23:34.000Z</time>
        <extensions>
          <ns3:TrackPointExtension>
            <ns3:hr>92</ns3:hr>
            <ns3:cad>53</ns3:cad>
          </ns3:TrackPointExtension>
        </extensions>
      </trkpt>
      <trkpt lat="35.6441483460366725921630859375" lon="127.61653597466647624969482421875">
        <ele>893.79998779296875</ele>
        <time>2025-12-27T02:23:41.000Z</time>
        <extensions>
          <ns3:TrackPointExtension>
            <ns3:hr>93</ns3:hr>
            <ns3:cad>61</ns3:cad>
          </ns3:TrackPointExtension>
        </extensions>
      </trkpt>
      <trkpt lat="35.6442117132246494293212890625" lon="127.616620548069477081298828125">
        <ele>893.4000244140625</ele>
        <time>2025-12-27T02:23:48.000Z</time>
        <extensions>
          <ns3:TrackPointExtension>
            <ns3:hr>93</ns3:hr>
            <ns3:cad>58</ns3:cad>
          </ns3:TrackPointExtension>
        </extensions>
      </trkpt>
      <trkpt lat="35.64429913647472858428955078125" lon="127.61664099991321563720703125">
        <ele>893</ele>
        <time>2025-12-27T02:23:54.000Z</time>
        <extensions>
          <ns3:TrackPointExtension>
            <ns3:hr>95</ns3:hr>
            <ns3:cad>60</ns3:cad>
          </ns3:TrackPointExtension>
        </extensions>
      </trkpt>
      <trkpt lat="35.64431221224367618560791015625" lon="127.616632282733917236328125">
        <ele>892.79998779296875</ele>
        <time>2025-12-27T02:23:56.000Z</time>
        <extensions>
          <ns3:TrackPointExtension>
            <ns3:hr>95</ns3:hr>
            <ns3:cad>61</ns3:cad>
          </ns3:TrackPointExtension>
        </extensions>
      </trkpt>
      <trkpt lat="35.6443116255104541778564453125" lon="127.61662934906780719757080078125">
        <ele>892.5999755859375</ele>
        <time>2025-12-27T02:23:59.000Z</time>
        <extensions>
          <ns3:TrackPointExtension>
            <ns3:hr>94</ns3:hr>
            <ns3:cad>0</ns3:cad>
          </ns3:TrackPointExtension>
        </extensions>
      </trkpt>
      <trkpt lat="35.6443112902343273162841796875" lon="127.6166213862597942352294921875">
        <ele>892.5999755859375</ele>
        <time>2025-12-27T02:24:02.000Z</time>
        <extensions>
          <ns3:TrackPointExtension>
            <ns3:hr>94</ns3:hr>
            <ns3:cad>0</ns3:cad>
          </ns3:TrackPointExtension>
        </extensions>
      </trkpt>
      <trkpt lat="35.64426787197589874267578125" lon="127.616644687950611114501953125">
        <ele>893</ele>
        <time>2025-12-27T02:24:08.000Z</time>
        <extensions>
          <ns3:TrackPointExtension>
            <ns3:hr>94</ns3:hr>
            <ns3:cad>51</ns3:cad>
          </ns3:TrackPointExtension>
        </extensions>
      </trkpt>
      <trkpt lat="35.644188411533832550048828125" lon="127.616613171994686126708984375">
        <ele>893</ele>
        <time>2025-12-27T02:24:15.000Z</time>
        <extensions>
          <ns3:TrackPointExtension>
            <ns3:hr>94</ns3:hr>
            <ns3:cad>52</ns3:cad>
          </ns3:TrackPointExtension>
        </extensions>
      </trkpt>
      <trkpt lat="35.644146837294101715087890625" lon="127.616564221680164337158203125">
        <ele>893.4000244140625</ele>
        <time>2025-12-27T02:24:20.000Z</time>
        <extensions>
          <ns3:TrackPointExtension>
            <ns3:hr>91</ns3:hr>
            <ns3:cad>51</ns3:cad>
          </ns3:TrackPointExtension>
        </extensions>
      </trkpt>
      <trkpt lat="35.64412345178425312042236328125" lon="127.61653932742774486541748046875">
        <ele>893.5999755859375</ele>
        <time>2025-12-27T02:24:23.000Z</time>
        <extensions>
          <ns3:TrackPointExtension>
            <ns3:hr>91</ns3:hr>
            <ns3:cad>50</ns3:cad>
          </ns3:TrackPointExtension>
        </extensions>
      </trkpt>
      <trkpt lat="35.644043572247028350830078125" lon="127.61643069796264171600341796875">
        <ele>894.5999755859375</ele>
        <time>2025-12-27T02:24:35.000Z</time>
        <extensions>
          <ns3:TrackPointExtension>
            <ns3:hr>93</ns3:hr>
            <ns3:cad>50</ns3:cad>
          </ns3:TrackPointExtension>
        </extensions>
      </trkpt>
      <trkpt lat="35.6439830549061298370361328125" lon="127.6164158619940280914306640625">
        <ele>895.20001220703125</ele>
        <time>2025-12-27T02:24:42.000Z</time>
        <extensions>
          <ns3:TrackPointExtension>
            <ns3:hr>96</ns3:hr>
            <ns3:cad>51</ns3:cad>
          </ns3:TrackPointExtension>
        </extensions>
      </trkpt>
      <trkpt lat="35.64397324807941913604736328125" lon="127.61642449535429477691650390625">
        <ele>895.79998779296875</ele>
        <time>2025-12-27T02:24:44.000Z</time>
        <extensions>
          <ns3:TrackPointExtension>
            <ns3:hr>96</ns3:hr>
            <ns3:cad>50</ns3:cad>
          </ns3:TrackPointExtension>
        </extensions>
      </trkpt>
      <trkpt lat="35.64394894056022167205810546875" lon="127.6164363138377666473388671875">
        <ele>897</ele>
        <time>2025-12-27T02:24:48.000Z</time>
        <extensions>
          <ns3:TrackPointExtension>
            <ns3:hr>97</ns3:hr>
            <ns3:cad>50</ns3:cad>
          </ns3:TrackPointExtension>
        </extensions>
      </trkpt>
      <trkpt lat="35.64393502660095691680908203125" lon="127.616438157856464385986328125">
        <ele>897.5999755859375</ele>
        <time>2025-12-27T02:24:51.000Z</time>
        <extensions>
          <ns3:TrackPointExtension>
            <ns3:hr>98</ns3:hr>
            <ns3:cad>50</ns3:cad>
          </ns3:TrackPointExtension>
        </extensions>
      </trkpt>
      <trkpt lat="35.6439287401735782623291015625" lon="127.61642642319202423095703125">
        <ele>898</ele>
        <time>2025-12-27T02:24:53.000Z</time>
        <extensions>
          <ns3:TrackPointExtension>
            <ns3:hr>100</ns3:hr>
            <ns3:cad>46</ns3:cad>
          </ns3:TrackPointExtension>
        </extensions>
      </trkpt>
      <trkpt lat="35.64392295666038990020751953125" lon="127.61641896329820156097412109375">
        <ele>898.4000244140625</ele>
        <time>2025-12-27T02:24:55.000Z</time>
        <extensions>
          <ns3:TrackPointExtension>
            <ns3:hr>103</ns3:hr>
            <ns3:cad>45</ns3:cad>
          </ns3:TrackPointExtension>
        </extensions>
      </trkpt>
      <trkpt lat="35.643914155662059783935546875" lon="127.61640504933893680572509765625">
        <ele>898.79998779296875</ele>
        <time>2025-12-27T02:24:57.000Z</time>
        <extensions>
          <ns3:TrackPointExtension>
            <ns3:hr>105</ns3:hr>
            <ns3:cad>47</ns3:cad>
          </ns3:TrackPointExtension>
        </extensions>
      </trkpt>
      <trkpt lat="35.6439109705388545989990234375" lon="127.61640094220638275146484375">
        <ele>899.20001220703125</ele>
        <time>2025-12-27T02:24:58.000Z</time>
        <extensions>
          <ns3:TrackPointExtension>
            <ns3:hr>105</ns3:hr>
            <ns3:cad>49</ns3:cad>
          </ns3:TrackPointExtension>
        </extensions>
      </trkpt>
      <trkpt lat="35.64389261417090892791748046875" lon="127.61637412011623382568359375">
        <ele>900.20001220703125</ele>
        <time>2025-12-27T02:25:03.000Z</time>
        <extensions>
          <ns3:TrackPointExtension>
            <ns3:hr>107</ns3:hr>
            <ns3:cad>53</ns3:cad>
          </ns3:TrackPointExtension>
        </extensions>
      </trkpt>
      <trkpt lat="35.64388892613351345062255859375" lon="127.61636674404144287109375">
        <ele>900.5999755859375</ele>
        <time>2025-12-27T02:25:05.000Z</time>
        <extensions>
          <ns3:TrackPointExtension>
            <ns3:hr>110</ns3:hr>
            <ns3:cad>52</ns3:cad>
          </ns3:TrackPointExtension>
        </extensions>
      </trkpt>
      <trkpt lat="35.64388171769678592681884765625" lon="127.61636280454695224761962890625">
        <ele>901</ele>
        <time>2025-12-27T02:25:07.000Z</time>
        <extensions>
          <ns3:TrackPointExtension>
            <ns3:hr>113</ns3:hr>
            <ns3:cad>51</ns3:cad>
          </ns3:TrackPointExtension>
        </extensions>
      </trkpt>
      <trkpt lat="35.6438740901648998260498046875" lon="127.61636146344244480133056640625">
        <ele>901.4000244140625</ele>
        <time>2025-12-27T02:25:08.000Z</time>
        <extensions>
          <ns3:TrackPointExtension>
            <ns3:hr>113</ns3:hr>
            <ns3:cad>51</ns3:cad>
          </ns3:TrackPointExtension>
        </extensions>
      </trkpt>
      <trkpt lat="35.643846429884433746337890625" lon="127.61633045040071010589599609375">
        <ele>902.20001220703125</ele>
        <time>2025-12-27T02:25:12.000Z</time>
        <extensions>
          <ns3:TrackPointExtension>
            <ns3:hr>116</ns3:hr>
            <ns3:cad>51</ns3:cad>
          </ns3:TrackPointExtension>
        </extensions>
      </trkpt>
      <trkpt lat="35.64384450204670429229736328125" lon="127.61632039211690425872802734375">
        <ele>902.20001220703125</ele>
        <time>2025-12-27T02:25:13.000Z</time>
        <extensions>
          <ns3:TrackPointExtension>
            <ns3:hr>116</ns3:hr>
            <ns3:cad>50</ns3:cad>
          </ns3:TrackPointExtension>
        </extensions>
      </trkpt>
      <trkpt lat="35.6438422389328479766845703125" lon="127.6163092441856861114501953125">
        <ele>902.4000244140625</ele>
        <time>2025-12-27T02:25:14.000Z</time>
        <extensions>
          <ns3:TrackPointExtension>
            <ns3:hr>117</ns3:hr>
            <ns3:cad>47</ns3:cad>
          </ns3:TrackPointExtension>
        </extensions>
      </trkpt>
      <trkpt lat="35.6438382156193256378173828125" lon="127.6162956655025482177734375">
        <ele>902.5999755859375</ele>
        <time>2025-12-27T02:25:15.000Z</time>
        <extensions>
          <ns3:TrackPointExtension>
            <ns3:hr>120</ns3:hr>
            <ns3:cad>47</ns3:cad>
          </ns3:TrackPointExtension>
        </extensions>
      </trkpt>
      <trkpt lat="35.64382086507976055145263671875" lon="127.6162688434123992919921875">
        <ele>903</ele>
        <time>2025-12-27T02:25:17.000Z</time>
        <extensions>
          <ns3:TrackPointExtension>
            <ns3:hr>125</ns3:hr>
            <ns3:cad>48</ns3:cad>
          </ns3:TrackPointExtension>
        </extensions>
      </trkpt>
      <trkpt lat="35.64380359835922718048095703125" lon="127.61623875238001346588134765625">
        <ele>903.20001220703125</ele>
        <time>2025-12-27T02:25:19.000Z</time>
        <extensions>
          <ns3:TrackPointExtension>
            <ns3:hr>128</ns3:hr>
            <ns3:cad>48</ns3:cad>
          </ns3:TrackPointExtension>
        </extensions>
      </trkpt>
      <trkpt lat="35.6437875889241695404052734375" lon="127.6162183843553066253662109375">
        <ele>903.5999755859375</ele>
        <time>2025-12-27T02:25:21.000Z</time>
        <extensions>
          <ns3:TrackPointExtension>
            <ns3:hr>128</ns3:hr>
            <ns3:cad>48</ns3:cad>
          </ns3:TrackPointExtension>
        </extensions>
      </trkpt>
      <trkpt lat="35.6437094695866107940673828125" lon="127.616156525909900665283203125">
        <ele>904.5999755859375</ele>
        <time>2025-12-27T02:25:29.000Z</time>
        <extensions>
          <ns3:TrackPointExtension>
            <ns3:hr>129</ns3:hr>
            <ns3:cad>50</ns3:cad>
          </ns3:TrackPointExtension>
        </extensions>
      </trkpt>
      <trkpt lat="35.64363897778093814849853515625" lon="127.616135068237781524658203125">
        <ele>905.5999755859375</ele>
        <time>2025-12-27T02:25:36.000Z</time>
        <extensions>
          <ns3:TrackPointExtension>
            <ns3:hr>129</ns3:hr>
            <ns3:cad>50</ns3:cad>
          </ns3:TrackPointExtension>
        </extensions>
      </trkpt>
      <trkpt lat="35.64362975768744945526123046875" lon="127.616137079894542694091796875">
        <ele>905.79998779296875</ele>
        <time>2025-12-27T02:25:37.000Z</time>
        <extensions>
          <ns3:TrackPointExtension>
            <ns3:hr>129</ns3:hr>
            <ns3:cad>50</ns3:cad>
          </ns3:TrackPointExtension>
        </extensions>
      </trkpt>
      <trkpt lat="35.6435421667993068695068359375" lon="127.616147808730602264404296875">
        <ele>906.79998779296875</ele>
        <time>2025-12-27T02:25:45.000Z</time>
        <extensions>
          <ns3:TrackPointExtension>
            <ns3:hr>130</ns3:hr>
            <ns3:cad>49</ns3:cad>
          </ns3:TrackPointExtension>
        </extensions>
      </trkpt>
      <trkpt lat="35.643522553145885467529296875" lon="127.6161543466150760650634765625">
        <ele>907</ele>
        <time>2025-12-27T02:25:47.000Z</time>
        <extensions>
          <ns3:TrackPointExtension>
            <ns3:hr>129</ns3:hr>
            <ns3:cad>49</ns3:cad>
          </ns3:TrackPointExtension>
        </extensions>
      </trkpt>
      <trkpt lat="35.6434868462383747100830078125" lon="127.6161771453917026519775390625">
        <ele>907.79998779296875</ele>
        <time>2025-12-27T02:25:53.000Z</time>
        <extensions>
          <ns3:TrackPointExtension>
            <ns3:hr>132</ns3:hr>
            <ns3:cad>0</ns3:cad>
          </ns3:TrackPointExtension>
        </extensions>
      </trkpt>
      <trkpt lat="35.6434868462383747100830078125" lon="127.6161771453917026519775390625">
        <ele>907.79998779296875</ele>
        <time>2025-12-27T02:25:54.000Z</time>
        <extensions>
          <ns3:TrackPointExtension>
            <ns3:hr>133</ns3:hr>
            <ns3:cad>0</ns3:cad>
          </ns3:TrackPointExtension>
        </extensions>
      </trkpt>
      <trkpt lat="35.64344015903770923614501953125" lon="127.61620782315731048583984375">
        <ele>908</ele>
        <time>2025-12-27T02:26:01.000Z</time>
        <extensions>
          <ns3:TrackPointExtension>
            <ns3:hr>132</ns3:hr>
            <ns3:cad>0</ns3:cad>
          </ns3:TrackPointExtension>
        </extensions>
      </trkpt>
      <trkpt lat="35.64338316209614276885986328125" lon="127.616235651075839996337890625">
        <ele>908.79998779296875</ele>
        <time>2025-12-27T02:26:07.000Z</time>
        <extensions>
          <ns3:TrackPointExtension>
            <ns3:hr>132</ns3:hr>
            <ns3:cad>48</ns3:cad>
          </ns3:TrackPointExtension>
        </extensions>
      </trkpt>
      <trkpt lat="35.64338182099163532257080078125" lon="127.6162348128855228424072265625">
        <ele>909</ele>
        <time>2025-12-27T02:26:09.000Z</time>
        <extensions>
          <ns3:TrackPointExtension>
            <ns3:hr>132</ns3:hr>
            <ns3:cad>0</ns3:cad>
          </ns3:TrackPointExtension>
        </extensions>
      </trkpt>
      <trkpt lat="35.64338282682001590728759765625" lon="127.61623598635196685791015625">
        <ele>909</ele>
        <time>2025-12-27T02:26:17.000Z</time>
        <extensions>
          <ns3:TrackPointExtension>
            <ns3:hr>129</ns3:hr>
            <ns3:cad>0</ns3:cad>
          </ns3:TrackPointExtension>
        </extensions>
      </trkpt>
      <trkpt lat="35.64336799085140228271484375" lon="127.6162542589008808135986328125">
        <ele>909.20001220703125</ele>
        <time>2025-12-27T02:26:20.000Z</time>
        <extensions>
          <ns3:TrackPointExtension>
            <ns3:hr>127</ns3:hr>
            <ns3:cad>0</ns3:cad>
          </ns3:TrackPointExtension>
        </extensions>
      </trkpt>
      <trkpt lat="35.64331610687077045440673828125" lon="127.61630111373960971832275390625">
        <ele>910</ele>
        <time>2025-12-27T02:26:26.000Z</time>
        <extensions>
          <ns3:TrackPointExtension>
            <ns3:hr>128</ns3:hr>
            <ns3:cad>45</ns3:cad>
          </ns3:TrackPointExtension>
        </extensions>
      </trkpt>
      <trkpt lat="35.6433101557195186614990234375" lon="127.616299688816070556640625">
        <ele>910</ele>
        <time>2025-12-27T02:26:27.000Z</time>
        <extensions>
          <ns3:TrackPointExtension>
            <ns3:hr>129</ns3:hr>
            <ns3:cad>45</ns3:cad>
          </ns3:TrackPointExtension>
        </extensions>
      </trkpt>
      <trkpt lat="35.64330361783504486083984375" lon="127.6162693463265895843505859375">
        <ele>910</ele>
        <time>2025-12-27T02:26:31.000Z</time>
        <extensions>
          <ns3:TrackPointExtension>
            <ns3:hr>129</ns3:hr>
            <ns3:cad>0</ns3:cad>
          </ns3:TrackPointExtension>
        </extensions>
      </trkpt>
      <trkpt lat="35.643302612006664276123046875" lon="127.616263143718242645263671875">
        <ele>910</ele>
        <time>2025-12-27T02:26:33.000Z</time>
        <extensions>
          <ns3:TrackPointExtension>
            <ns3:hr>129</ns3:hr>
            <ns3:cad>0</ns3:cad>
          </ns3:TrackPointExtension>
        </extensions>
      </trkpt>
      <trkpt lat="35.643287859857082366943359375" lon="127.61628502048552036285400390625">
        <ele>910</ele>
        <time>2025-12-27T02:26:40.000Z</time>
        <extensions>
          <ns3:TrackPointExtension>
            <ns3:hr>128</ns3:hr>
            <ns3:cad>0</ns3:cad>
          </ns3:TrackPointExtension>
        </extensions>
      </trkpt>
      <trkpt lat="35.64327788539230823516845703125" lon="127.6162857748568058013916015625">
        <ele>910.20001220703125</ele>
        <time>2025-12-27T02:26:44.000Z</time>
        <extensions>
          <ns3:TrackPointExtension>
            <ns3:hr>125</ns3:hr>
            <ns3:cad>0</ns3:cad>
          </ns3:TrackPointExtension>
        </extensions>
      </trkpt>
      <trkpt lat="35.6432769633829593658447265625" lon="127.6162861101329326629638671875">
        <ele>910.20001220703125</ele>
        <time>2025-12-27T02:26:45.000Z</time>
        <extensions>
          <ns3:TrackPointExtension>
            <ns3:hr>120</ns3:hr>
            <ns3:cad>0</ns3:cad>
          </ns3:TrackPointExtension>
        </extensions>
      </trkpt>
      <trkpt lat="35.64327654428780078887939453125" lon="127.6162817515432834625244140625">
        <ele>910.20001220703125</ele>
        <time>2025-12-27T02:26:46.000Z</time>
        <extensions>
          <ns3:TrackPointExtension>
            <ns3:hr>112</ns3:hr>
            <ns3:cad>0</ns3:cad>
          </ns3:TrackPointExtension>
        </extensions>
      </trkpt>
      <trkpt lat="35.64327470026910305023193359375" lon="127.616286613047122955322265625">
        <ele>910.20001220703125</ele>
        <time>2025-12-27T02:26:48.000Z</time>
        <extensions>
          <ns3:TrackPointExtension>
            <ns3:hr>109</ns3:hr>
            <ns3:cad>0</ns3:cad>
          </ns3:TrackPointExtension>
        </extensions>
      </trkpt>
      <trkpt lat="35.64327335916459560394287109375" lon="127.61628787033259868621826171875">
        <ele>910.20001220703125</ele>
        <time>2025-12-27T02:26:49.000Z</time>
        <extensions>
          <ns3:TrackPointExtension>
            <ns3:hr>107</ns3:hr>
            <ns3:cad>0</ns3:cad>
          </ns3:TrackPointExtension>
        </extensions>
      </trkpt>
      <trkpt lat="35.6432964093983173370361328125" lon="127.61626171879470348358154296875">
        <ele>910.4000244140625</ele>
        <time>2025-12-27T02:26:57.000Z</time>
        <extensions>
          <ns3:TrackPointExtension>
            <ns3:hr>107</ns3:hr>
            <ns3:cad>0</ns3:cad>
          </ns3:TrackPointExtension>
        </extensions>
      </trkpt>
      <trkpt lat="35.64329833723604679107666015625" lon="127.61626255698502063751220703125">
        <ele>910.4000244140625</ele>
        <time>2025-12-27T02:27:00.000Z</time>
        <extensions>
          <ns3:TrackPointExtension>
            <ns3:hr>101</ns3:hr>
            <ns3:cad>0</ns3:cad>
          </ns3:TrackPointExtension>
        </extensions>
      </trkpt>
      <trkpt lat="35.64329682849347591400146484375" lon="127.61626272462308406829833984375">
        <ele>910.4000244140625</ele>
        <time>2025-12-27T02:27:01.000Z</time>
        <extensions>
          <ns3:TrackPointExtension>
            <ns3:hr>97</ns3:hr>
            <ns3:cad>0</ns3:cad>
          </ns3:TrackPointExtension>
        </extensions>
      </trkpt>
      <trkpt lat="35.64328593201935291290283203125" lon="127.61624260805547237396240234375">
        <ele>911</ele>
        <time>2025-12-27T02:27:07.000Z</time>
        <extensions>
          <ns3:TrackPointExtension>
            <ns3:hr>96</ns3:hr>
            <ns3:cad>0</ns3:cad>
          </ns3:TrackPointExtension>
        </extensions>
      </trkpt>
      <trkpt lat="35.6432853452861309051513671875" lon="127.61623037047684192657470703125">
        <ele>911.5999755859375</ele>
        <time>2025-12-27T02:27:09.000Z</time>
        <extensions>
          <ns3:TrackPointExtension>
            <ns3:hr>97</ns3:hr>
            <ns3:cad>0</ns3:cad>
          </ns3:TrackPointExtension>
        </extensions>
      </trkpt>
      <trkpt lat="35.64328014850616455078125" lon="127.61622148565948009490966796875">
        <ele>912.20001220703125</ele>
        <time>2025-12-27T02:27:11.000Z</time>
        <extensions>
          <ns3:TrackPointExtension>
            <ns3:hr>98</ns3:hr>
            <ns3:cad>0</ns3:cad>
          </ns3:TrackPointExtension>
        </extensions>
      </trkpt>
      <trkpt lat="35.64326698891818523406982421875" lon="127.6161959208548069000244140625">
        <ele>913.5999755859375</ele>
        <time>2025-12-27T02:27:15.000Z</time>
        <extensions>
          <ns3:TrackPointExtension>
            <ns3:hr>100</ns3:hr>
            <ns3:cad>52</ns3:cad>
          </ns3:TrackPointExtension>
        </extensions>
      </trkpt>
      <trkpt lat="35.64326145686209201812744140625" lon="127.61618561111390590667724609375">
        <ele>914.4000244140625</ele>
        <time>2025-12-27T02:27:18.000Z</time>
        <extensions>
          <ns3:TrackPointExtension>
            <ns3:hr>102</ns3:hr>
            <ns3:cad>50</ns3:cad>
          </ns3:TrackPointExtension>
        </extensions>
      </trkpt>
      <trkpt lat="35.64325667917728424072265625" lon="127.616176307201385498046875">
        <ele>914.79998779296875</ele>
        <time>2025-12-27T02:27:19.000Z</time>
        <extensions>
          <ns3:TrackPointExtension>
            <ns3:hr>103</ns3:hr>
            <ns3:cad>50</ns3:cad>
          </ns3:TrackPointExtension>
        </extensions>
      </trkpt>
      <trkpt lat="35.6432548351585865020751953125" lon="127.61616230942308902740478515625">
        <ele>915.4000244140625</ele>
        <time>2025-12-27T02:27:24.000Z</time>
        <extensions>
          <ns3:TrackPointExtension>
            <ns3:hr>106</ns3:hr>
            <ns3:cad>0</ns3:cad>
          </ns3:TrackPointExtension>
        </extensions>
      </trkpt>
      <trkpt lat="35.6432544998824596405029296875" lon="127.61616348288953304290771484375">
        <ele>915.4000244140625</ele>
        <time>2025-12-27T02:27:25.000Z</time>
        <extensions>
          <ns3:TrackPointExtension>
            <ns3:hr>106</ns3:hr>
            <ns3:cad>0</ns3:cad>
          </ns3:TrackPointExtension>
        </extensions>
      </trkpt>
      <trkpt lat="35.643248297274112701416015625" lon="127.61616784147918224334716796875">
        <ele>916</ele>
        <time>2025-12-27T02:27:31.000Z</time>
        <extensions>
          <ns3:TrackPointExtension>
            <ns3:hr>107</ns3:hr>
            <ns3:cad>0</ns3:cad>
          </ns3:TrackPointExtension>
        </extensions>
      </trkpt>
      <trkpt lat="35.643236897885799407958984375" lon="127.61616063304245471954345703125">
        <ele>916.5999755859375</ele>
        <time>2025-12-27T02:27:33.000Z</time>
        <extensions>
          <ns3:TrackPointExtension>
            <ns3:hr>108</ns3:hr>
            <ns3:cad>47</ns3:cad>
          </ns3:TrackPointExtension>
        </extensions>
      </trkpt>
      <trkpt lat="35.64322893507778644561767578125" lon="127.61615015566349029541015625">
        <ele>917.20001220703125</ele>
        <time>2025-12-27T02:27:35.000Z</time>
        <extensions>
          <ns3:TrackPointExtension>
            <ns3:hr>109</ns3:hr>
            <ns3:cad>47</ns3:cad>
          </ns3:TrackPointExtension>
        </extensions>
      </trkpt>
      <trkpt lat="35.6432196311652660369873046875" lon="127.61613515205681324005126953125">
        <ele>918.20001220703125</ele>
        <time>2025-12-27T02:27:40.000Z</time>
        <extensions>
          <ns3:TrackPointExtension>
            <ns3:hr>112</ns3:hr>
            <ns3:cad>0</ns3:cad>
          </ns3:TrackPointExtension>
        </extensions>
      </trkpt>
      <trkpt lat="35.64321988262236118316650390625" lon="127.61613179929554462432861328125">
        <ele>918.20001220703125</ele>
        <time>2025-12-27T02:27:41.000Z</time>
        <extensions>
          <ns3:TrackPointExtension>
            <ns3:hr>112</ns3:hr>
            <ns3:cad>0</ns3:cad>
          </ns3:TrackPointExtension>
        </extensions>
      </trkpt>
      <trkpt lat="35.6432196311652660369873046875" lon="127.61612677015364170074462890625">
        <ele>918.4000244140625</ele>
        <time>2025-12-27T02:27:43.000Z</time>
        <extensions>
          <ns3:TrackPointExtension>
            <ns3:hr>117</ns3:hr>
            <ns3:cad>0</ns3:cad>
          </ns3:TrackPointExtension>
        </extensions>
      </trkpt>
      <trkpt lat="35.64322005026042461395263671875" lon="127.6161266863346099853515625">
        <ele>918.4000244140625</ele>
        <time>2025-12-27T02:27:44.000Z</time>
        <extensions>
          <ns3:TrackPointExtension>
            <ns3:hr>120</ns3:hr>
            <ns3:cad>0</ns3:cad>
          </ns3:TrackPointExtension>
        </extensions>
      </trkpt>
      <trkpt lat="35.6432171165943145751953125" lon="127.61611528694629669189453125">
        <ele>918.4000244140625</ele>
        <time>2025-12-27T02:27:48.000Z</time>
        <extensions>
          <ns3:TrackPointExtension>
            <ns3:hr>123</ns3:hr>
            <ns3:cad>0</ns3:cad>
          </ns3:TrackPointExtension>
        </extensions>
      </trkpt>
      <trkpt lat="35.64321720041334629058837890625" lon="127.6161151193082332611083984375">
        <ele>918.4000244140625</ele>
        <time>2025-12-27T02:27:49.000Z</time>
        <extensions>
          <ns3:TrackPointExtension>
            <ns3:hr>128</ns3:hr>
            <ns3:cad>0</ns3:cad>
          </ns3:TrackPointExtension>
        </extensions>
      </trkpt>
      <trkpt lat="35.64321720041334629058837890625" lon="127.6161151193082332611083984375">
        <ele>918.4000244140625</ele>
        <time>2025-12-27T02:27:50.000Z</time>
        <extensions>
          <ns3:TrackPointExtension>
            <ns3:hr>132</ns3:hr>
            <ns3:cad>0</ns3:cad>
          </ns3:TrackPointExtension>
        </extensions>
      </trkpt>
      <trkpt lat="35.6432159431278705596923828125" lon="127.616110257804393768310546875">
        <ele>918.5999755859375</ele>
        <time>2025-12-27T02:27:53.000Z</time>
        <extensions>
          <ns3:TrackPointExtension>
            <ns3:hr>132</ns3:hr>
            <ns3:cad>0</ns3:cad>
          </ns3:TrackPointExtension>
        </extensions>
      </trkpt>
      <trkpt lat="35.6432085670530796051025390625" lon="127.616092152893543243408203125">
        <ele>919.4000244140625</ele>
        <time>2025-12-27T02:27:57.000Z</time>
        <extensions>
          <ns3:TrackPointExtension>
            <ns3:hr>131</ns3:hr>
            <ns3:cad>0</ns3:cad>
          </ns3:TrackPointExtension>
        </extensions>
      </trkpt>
      <trkpt lat="35.64318233169615268707275390625" lon="127.61609324254095554351806640625">
        <ele>920.4000244140625</ele>
        <time>2025-12-27T02:28:01.000Z</time>
        <extensions>
          <ns3:TrackPointExtension>
            <ns3:hr>130</ns3:hr>
            <ns3:cad>42</ns3:cad>
          </ns3:TrackPointExtension>
        </extensions>
      </trkpt>
      <trkpt lat="35.64312550239264965057373046875" lon="127.61609382927417755126953125">
        <ele>920.5999755859375</ele>
        <time>2025-12-27T02:28:06.000Z</time>
        <extensions>
          <ns3:TrackPointExtension>
            <ns3:hr>130</ns3:hr>
            <ns3:cad>44</ns3:cad>
          </ns3:TrackPointExtension>
        </extensions>
      </trkpt>
      <trkpt lat="35.64310287125408649444580078125" lon="127.61610053479671478271484375">
        <ele>921</ele>
        <time>2025-12-27T02:28:08.000Z</time>
        <extensions>
          <ns3:TrackPointExtension>
            <ns3:hr>130</ns3:hr>
            <ns3:cad>45</ns3:cad>
          </ns3:TrackPointExtension>
        </extensions>
      </trkpt>
      <trkpt lat="35.64307554624974727630615234375" lon="127.61610179208219051361083984375">
        <ele>921.79998779296875</ele>
        <time>2025-12-27T02:28:11.000Z</time>
        <extensions>
          <ns3:TrackPointExtension>
            <ns3:hr>131</ns3:hr>
            <ns3:cad>46</ns3:cad>
          </ns3:TrackPointExtension>
        </extensions>
      </trkpt>
      <trkpt lat="35.64305559732019901275634765625" lon="127.61611662805080413818359375">
        <ele>922.79998779296875</ele>
        <time>2025-12-27T02:28:14.000Z</time>
        <extensions>
          <ns3:TrackPointExtension>
            <ns3:hr>132</ns3:hr>
            <ns3:cad>47</ns3:cad>
          </ns3:TrackPointExtension>
        </extensions>
      </trkpt>
      <trkpt lat="35.6430466286838054656982421875" lon="127.6161213219165802001953125">
        <ele>923.4000244140625</ele>
        <time>2025-12-27T02:28:16.000Z</time>
        <extensions>
          <ns3:TrackPointExtension>
            <ns3:hr>132</ns3:hr>
            <ns3:cad>47</ns3:cad>
          </ns3:TrackPointExtension>
        </extensions>
      </trkpt>
      <trkpt lat="35.64303732477128505706787109375" lon="127.61612878181040287017822265625">
        <ele>924</ele>
        <time>2025-12-27T02:28:18.000Z</time>
        <extensions>
          <ns3:TrackPointExtension>
            <ns3:hr>133</ns3:hr>
            <ns3:cad>49</ns3:cad>
          </ns3:TrackPointExtension>
        </extensions>
      </trkpt>
      <trkpt lat="35.64301972277462482452392578125" lon="127.6161375828087329864501953125">
        <ele>925.20001220703125</ele>
        <time>2025-12-27T02:28:23.000Z</time>
        <extensions>
          <ns3:TrackPointExtension>
            <ns3:hr>134</ns3:hr>
            <ns3:cad>47</ns3:cad>
          </ns3:TrackPointExtension>
        </extensions>
      </trkpt>
      <trkpt lat="35.6430161185562610626220703125" lon="127.6161389239132404327392578125">
        <ele>925.4000244140625</ele>
        <time>2025-12-27T02:28:24.000Z</time>
        <extensions>
          <ns3:TrackPointExtension>
            <ns3:hr>134</ns3:hr>
            <ns3:cad>47</ns3:cad>
          </ns3:TrackPointExtension>
        </extensions>
      </trkpt>
      <trkpt lat="35.6430027075111865997314453125" lon="127.61614655144512653350830078125">
        <ele>926.20001220703125</ele>
        <time>2025-12-27T02:28:27.000Z</time>
        <extensions>
          <ns3:TrackPointExtension>
            <ns3:hr>134</ns3:hr>
            <ns3:cad>47</ns3:cad>
          </ns3:TrackPointExtension>
        </extensions>
      </trkpt>
      <trkpt lat="35.64299591816961765289306640625" lon="127.61611662805080413818359375">
        <ele>927</ele>
        <time>2025-12-27T02:28:31.000Z</time>
        <extensions>
          <ns3:TrackPointExtension>
            <ns3:hr>134</ns3:hr>
            <ns3:cad>47</ns3:cad>
          </ns3:TrackPointExtension>
        </extensions>
      </trkpt>
      <trkpt lat="35.64299650490283966064453125" lon="127.61610464192926883697509765625">
        <ele>927.4000244140625</ele>
        <time>2025-12-27T02:28:33.000Z</time>
        <extensions>
          <ns3:TrackPointExtension>
            <ns3:hr>134</ns3:hr>
            <ns3:cad>46</ns3:cad>
          </ns3:TrackPointExtension>
        </extensions>
      </trkpt>
      <trkpt lat="35.64302827231585979461669921875" lon="127.6160373352468013763427734375">
        <ele>928.5999755859375</ele>
        <time>2025-12-27T02:28:38.000Z</time>
        <extensions>
          <ns3:TrackPointExtension>
            <ns3:hr>136</ns3:hr>
            <ns3:cad>43</ns3:cad>
          </ns3:TrackPointExtension>
        </extensions>
      </trkpt>
      <trkpt lat="35.64303766004741191864013671875" lon="127.6160152070224285125732421875">
        <ele>929</ele>
        <time>2025-12-27T02:28:40.000Z</time>
        <extensions>
          <ns3:TrackPointExtension>
            <ns3:hr>137</ns3:hr>
            <ns3:cad>43</ns3:cad>
          </ns3:TrackPointExtension>
        </extensions>
      </trkpt>
      <trkpt lat="35.643051825463771820068359375" lon="127.61597723700106143951416015625">
        <ele>929.79998779296875</ele>
        <time>2025-12-27T02:28:43.000Z</time>
        <extensions>
          <ns3:TrackPointExtension>
            <ns3:hr>138</ns3:hr>
            <ns3:cad>44</ns3:cad>
          </ns3:TrackPointExtension>
        </extensions>
      </trkpt>
      <trkpt lat="35.643069259822368621826171875" lon="127.6159484870731830596923828125">
        <ele>931</ele>
        <time>2025-12-27T02:28:47.000Z</time>
        <extensions>
          <ns3:TrackPointExtension>
            <ns3:hr>138</ns3:hr>
            <ns3:cad>43</ns3:cad>
          </ns3:TrackPointExtension>
        </extensions>
      </trkpt>
      <trkpt lat="35.64307185821235179901123046875" lon="127.61593289673328399658203125">
        <ele>931.4000244140625</ele>
        <time>2025-12-27T02:28:49.000Z</time>
        <extensions>
          <ns3:TrackPointExtension>
            <ns3:hr>141</ns3:hr>
            <ns3:cad>45</ns3:cad>
          </ns3:TrackPointExtension>
        </extensions>
      </trkpt>
      <trkpt lat="35.64307336695492267608642578125" lon="127.61592392809689044952392578125">
        <ele>931.5999755859375</ele>
        <time>2025-12-27T02:28:50.000Z</time>
        <extensions>
          <ns3:TrackPointExtension>
            <ns3:hr>145</ns3:hr>
            <ns3:cad>46</ns3:cad>
          </ns3:TrackPointExtension>
        </extensions>
      </trkpt>
      <trkpt lat="35.643075294792652130126953125" lon="127.6159122772514820098876953125">
        <ele>931.79998779296875</ele>
        <time>2025-12-27T02:28:51.000Z</time>
        <extensions>
          <ns3:TrackPointExtension>
            <ns3:hr>145</ns3:hr>
            <ns3:cad>47</ns3:cad>
          </ns3:TrackPointExtension>
        </extensions>
      </trkpt>
      <trkpt lat="35.64307521097362041473388671875" lon="127.6159008778631687164306640625">
        <ele>932</ele>
        <time>2025-12-27T02:28:52.000Z</time>
        <extensions>
          <ns3:TrackPointExtension>
            <ns3:hr>145</ns3:hr>
            <ns3:cad>47</ns3:cad>
          </ns3:TrackPointExtension>
        </extensions>
      </trkpt>
      <trkpt lat="35.64307428896427154541015625" lon="127.6158911548554897308349609375">
        <ele>932.5999755859375</ele>
        <time>2025-12-27T02:28:54.000Z</time>
        <extensions>
          <ns3:TrackPointExtension>
            <ns3:hr>145</ns3:hr>
            <ns3:cad>47</ns3:cad>
          </ns3:TrackPointExtension>
        </extensions>
      </trkpt>
      <trkpt lat="35.64308024011552333831787109375" lon="127.615871541202068328857421875">
        <ele>933.20001220703125</ele>
        <time>2025-12-27T02:28:57.000Z</time>
        <extensions>
          <ns3:TrackPointExtension>
            <ns3:hr>147</ns3:hr>
            <ns3:cad>44</ns3:cad>
          </ns3:TrackPointExtension>
        </extensions>
      </trkpt>
      <trkpt lat="35.64309918321669101715087890625" lon="127.615838348865509033203125">
        <ele>934.4000244140625</ele>
        <time>2025-12-27T02:29:02.000Z</time>
        <extensions>
          <ns3:TrackPointExtension>
            <ns3:hr>146</ns3:hr>
            <ns3:cad>44</ns3:cad>
          </ns3:TrackPointExtension>
        </extensions>
      </trkpt>
      <trkpt lat="35.64310136251151561737060546875" lon="127.615819908678531646728515625">
        <ele>935.5999755859375</ele>
        <time>2025-12-27T02:29:07.000Z</time>
        <extensions>
          <ns3:TrackPointExtension>
            <ns3:hr>147</ns3:hr>
            <ns3:cad>41</ns3:cad>
          </ns3:TrackPointExtension>
        </extensions>
      </trkpt>
      <trkpt lat="35.643089711666107177734375" lon="127.6158034801483154296875">
        <ele>936.5999755859375</ele>
        <time>2025-12-27T02:29:10.000Z</time>
        <extensions>
          <ns3:TrackPointExtension>
            <ns3:hr>148</ns3:hr>
            <ns3:cad>41</ns3:cad>
          </ns3:TrackPointExtension>
        </extensions>
      </trkpt>
      <trkpt lat="35.64308610744774341583251953125" lon="127.615799121558666229248046875">
        <ele>936.79998779296875</ele>
        <time>2025-12-27T02:29:11.000Z</time>
        <extensions>
          <ns3:TrackPointExtension>
            <ns3:hr>148</ns3:hr>
            <ns3:cad>0</ns3:cad>
          </ns3:TrackPointExtension>
        </extensions>
      </trkpt>
      <trkpt lat="35.6430711038410663604736328125" lon="127.61574648320674896240234375">
        <ele>938</ele>
        <time>2025-12-27T02:29:16.000Z</time>
        <extensions>
          <ns3:TrackPointExtension>
            <ns3:hr>149</ns3:hr>
            <ns3:cad>44</ns3:cad>
          </ns3:TrackPointExtension>
        </extensions>
      </trkpt>
      <trkpt lat="35.643071271479129791259765625" lon="127.615728713572025299072265625">
        <ele>938</ele>
        <time>2025-12-27T02:29:17.000Z</time>
        <extensions>
          <ns3:TrackPointExtension>
            <ns3:hr>150</ns3:hr>
            <ns3:cad>43</ns3:cad>
          </ns3:TrackPointExtension>
        </extensions>
      </trkpt>
      <trkpt lat="35.643077977001667022705078125" lon="127.61567347683012485504150390625">
        <ele>939</ele>
        <time>2025-12-27T02:29:22.000Z</time>
        <extensions>
          <ns3:TrackPointExtension>
            <ns3:hr>151</ns3:hr>
            <ns3:cad>48</ns3:cad>
          </ns3:TrackPointExtension>
        </extensions>
      </trkpt>
      <trkpt lat="35.6430808268487453460693359375" lon="127.61565721593797206878662109375">
        <ele>939.20001220703125</ele>
        <time>2025-12-27T02:29:23.000Z</time>
        <extensions>
          <ns3:TrackPointExtension>
            <ns3:hr>151</ns3:hr>
            <ns3:cad>48</ns3:cad>
          </ns3:TrackPointExtension>
        </extensions>
      </trkpt>
      <trkpt lat="35.64308275468647480010986328125" lon="127.615575827658176422119140625">
        <ele>940</ele>
        <time>2025-12-27T02:29:28.000Z</time>
        <extensions>
          <ns3:TrackPointExtension>
            <ns3:hr>151</ns3:hr>
            <ns3:cad>48</ns3:cad>
          </ns3:TrackPointExtension>
        </extensions>
      </trkpt>
      <trkpt lat="35.64309918321669101715087890625" lon="127.61550114490091800689697265625">
        <ele>940.5999755859375</ele>
        <time>2025-12-27T02:29:32.000Z</time>
        <extensions>
          <ns3:TrackPointExtension>
            <ns3:hr>151</ns3:hr>
            <ns3:cad>49</ns3:cad>
          </ns3:TrackPointExtension>
        </extensions>
      </trkpt>
      <trkpt lat="35.6431180424988269805908203125" lon="127.615471221506595611572265625">
        <ele>941.20001220703125</ele>
        <time>2025-12-27T02:29:34.000Z</time>
        <extensions>
          <ns3:TrackPointExtension>
            <ns3:hr>151</ns3:hr>
            <ns3:cad>49</ns3:cad>
          </ns3:TrackPointExtension>
        </extensions>
      </trkpt>
      <trkpt lat="35.6431629694998264312744140625" lon="127.61544113047420978546142578125">
        <ele>941.79998779296875</ele>
        <time>2025-12-27T02:29:38.000Z</time>
        <extensions>
          <ns3:TrackPointExtension>
            <ns3:hr>153</ns3:hr>
            <ns3:cad>47</ns3:cad>
          </ns3:TrackPointExtension>
        </extensions>
      </trkpt>
      <trkpt lat="35.6432323716580867767333984375" lon="127.6153917610645294189453125">
        <ele>941.4000244140625</ele>
        <time>2025-12-27T02:29:45.000Z</time>
        <extensions>
          <ns3:TrackPointExtension>
            <ns3:hr>153</ns3:hr>
            <ns3:cad>53</ns3:cad>
          </ns3:TrackPointExtension>
        </extensions>
      </trkpt>
      <trkpt lat="35.64330470748245716094970703125" lon="127.615332417190074920654296875">
        <ele>940.20001220703125</ele>
        <time>2025-12-27T02:29:53.000Z</time>
        <extensions>
          <ns3:TrackPointExtension>
            <ns3:hr>152</ns3:hr>
            <ns3:cad>57</ns3:cad>
          </ns3:TrackPointExtension>
        </extensions>
      </trkpt>
      <trkpt lat="35.64333982765674591064453125" lon="127.615289501845836639404296875">
        <ele>939</ele>
        <time>2025-12-27T02:29:56.000Z</time>
        <extensions>
          <ns3:TrackPointExtension>
            <ns3:hr>151</ns3:hr>
            <ns3:cad>0</ns3:cad>
          </ns3:TrackPointExtension>
        </extensions>
      </trkpt>
      <trkpt lat="35.64335751347243785858154296875" lon="127.61522890068590641021728515625">
        <ele>938.4000244140625</ele>
        <time>2025-12-27T02:30:00.000Z</time>
        <extensions>
          <ns3:TrackPointExtension>
            <ns3:hr>148</ns3:hr>
            <ns3:cad>69</ns3:cad>
          </ns3:TrackPointExtension>
        </extensions>
      </trkpt>
      <trkpt lat="35.64335457980632781982421875" lon="127.61515229009091854095458984375">
        <ele>939.5999755859375</ele>
        <time>2025-12-27T02:30:07.000Z</time>
        <extensions>
          <ns3:TrackPointExtension>
            <ns3:hr>145</ns3:hr>
            <ns3:cad>53</ns3:cad>
          </ns3:TrackPointExtension>
        </extensions>
      </trkpt>
      <trkpt lat="35.64334527589380741119384765625" lon="127.6151381246745586395263671875">
        <ele>940.20001220703125</ele>
        <time>2025-12-27T02:30:09.000Z</time>
        <extensions>
          <ns3:TrackPointExtension>
            <ns3:hr>145</ns3:hr>
            <ns3:cad>49</ns3:cad>
          </ns3:TrackPointExtension>
        </extensions>
      </trkpt>
      <trkpt lat="35.64333773218095302581787109375" lon="127.6151143200695514678955078125">
        <ele>941.4000244140625</ele>
        <time>2025-12-27T02:30:14.000Z</time>
        <extensions>
          <ns3:TrackPointExtension>
            <ns3:hr>145</ns3:hr>
            <ns3:cad>48</ns3:cad>
          </ns3:TrackPointExtension>
        </extensions>
      </trkpt>
      <trkpt lat="35.6433379836380481719970703125" lon="127.61507182382047176361083984375">
        <ele>942.5999755859375</ele>
        <time>2025-12-27T02:30:18.000Z</time>
        <extensions>
          <ns3:TrackPointExtension>
            <ns3:hr>145</ns3:hr>
            <ns3:cad>47</ns3:cad>
          </ns3:TrackPointExtension>
        </extensions>
      </trkpt>
      <trkpt lat="35.6433540768921375274658203125" lon="127.61502371169626712799072265625">
        <ele>943.5999755859375</ele>
        <time>2025-12-27T02:30:22.000Z</time>
        <extensions>
          <ns3:TrackPointExtension>
            <ns3:hr>145</ns3:hr>
            <ns3:cad>47</ns3:cad>
          </ns3:TrackPointExtension>
        </extensions>
      </trkpt>
      <trkpt lat="35.64336120150983333587646484375" lon="127.61495254933834075927734375">
        <ele>944.20001220703125</ele>
        <time>2025-12-27T02:30:26.000Z</time>
        <extensions>
          <ns3:TrackPointExtension>
            <ns3:hr>142</ns3:hr>
            <ns3:cad>50</ns3:cad>
          </ns3:TrackPointExtension>
        </extensions>
      </trkpt>
      <trkpt lat="35.64336505718529224395751953125" lon="127.61492195539176464080810546875">
        <ele>944.5999755859375</ele>
        <time>2025-12-27T02:30:29.000Z</time>
        <extensions>
          <ns3:TrackPointExtension>
            <ns3:hr>141</ns3:hr>
            <ns3:cad>47</ns3:cad>
          </ns3:TrackPointExtension>
        </extensions>
      </trkpt>
      <trkpt lat="35.64337193034589290618896484375" lon="127.61489429511129856109619140625">
        <ele>945.79998779296875</ele>
        <time>2025-12-27T02:30:33.000Z</time>
        <extensions>
          <ns3:TrackPointExtension>
            <ns3:hr>141</ns3:hr>
            <ns3:cad>47</ns3:cad>
          </ns3:TrackPointExtension>
        </extensions>
      </trkpt>
      <trkpt lat="35.64337528310716152191162109375" lon="127.61485733091831207275390625">
        <ele>946.79998779296875</ele>
        <time>2025-12-27T02:30:37.000Z</time>
        <extensions>
          <ns3:TrackPointExtension>
            <ns3:hr>142</ns3:hr>
            <ns3:cad>45</ns3:cad>
          </ns3:TrackPointExtension>
        </extensions>
      </trkpt>
      <trkpt lat="35.64338047988712787628173828125" lon="127.61482271365821361541748046875">
        <ele>947.20001220703125</ele>
        <time>2025-12-27T02:30:39.000Z</time>
        <extensions>
          <ns3:TrackPointExtension>
            <ns3:hr>144</ns3:hr>
            <ns3:cad>44</ns3:cad>
          </ns3:TrackPointExtension>
        </extensions>
      </trkpt>
      <trkpt lat="35.64338634721934795379638671875" lon="127.614782564342021942138671875">
        <ele>948</ele>
        <time>2025-12-27T02:30:42.000Z</time>
        <extensions>
          <ns3:TrackPointExtension>
            <ns3:hr>145</ns3:hr>
            <ns3:cad>44</ns3:cad>
          </ns3:TrackPointExtension>
        </extensions>
      </trkpt>
      <trkpt lat="35.64338969998061656951904296875" lon="127.61471089906990528106689453125">
        <ele>948.5999755859375</ele>
        <time>2025-12-27T02:30:47.000Z</time>
        <extensions>
          <ns3:TrackPointExtension>
            <ns3:hr>148</ns3:hr>
            <ns3:cad>47</ns3:cad>
          </ns3:TrackPointExtension>
        </extensions>
      </trkpt>
      <trkpt lat="35.6433842517435550689697265625" lon="127.614703439176082611083984375">
        <ele>948.5999755859375</ele>
        <time>2025-12-27T02:30:48.000Z</time>
        <extensions>
          <ns3:TrackPointExtension>
            <ns3:hr>148</ns3:hr>
            <ns3:cad>48</ns3:cad>
          </ns3:TrackPointExtension>
        </extensions>
      </trkpt>
      <trkpt lat="35.64337545074522495269775390625" lon="127.6146342046558856964111328125">
        <ele>948.20001220703125</ele>
        <time>2025-12-27T02:30:53.000Z</time>
        <extensions>
          <ns3:TrackPointExtension>
            <ns3:hr>149</ns3:hr>
            <ns3:cad>53</ns3:cad>
          </ns3:TrackPointExtension>
        </extensions>
      </trkpt>
      <trkpt lat="35.6433775462210178375244140625" lon="127.614560611546039581298828125">
        <ele>947.5999755859375</ele>
        <time>2025-12-27T02:30:57.000Z</time>
        <extensions>
          <ns3:TrackPointExtension>
            <ns3:hr>147</ns3:hr>
            <ns3:cad>58</ns3:cad>
          </ns3:TrackPointExtension>
        </extensions>
      </trkpt>
      <trkpt lat="35.64339037053287029266357421875" lon="127.61445189826190471649169921875">
        <ele>947.5999755859375</ele>
        <time>2025-12-27T02:31:04.000Z</time>
        <extensions>
          <ns3:TrackPointExtension>
            <ns3:hr>147</ns3:hr>
            <ns3:cad>54</ns3:cad>
          </ns3:TrackPointExtension>
        </extensions>
      </trkpt>
      <trkpt lat="35.6433902867138385772705078125" lon="127.61439205147325992584228515625">
        <ele>947.79998779296875</ele>
        <time>2025-12-27T02:31:08.000Z</time>
        <extensions>
          <ns3:TrackPointExtension>
            <ns3:hr>143</ns3:hr>
            <ns3:cad>53</ns3:cad>
          </ns3:TrackPointExtension>
        </extensions>
      </trkpt>
      <trkpt lat="35.6433815695345401763916015625" lon="127.61436841450631618499755859375">
        <ele>948</ele>
        <time>2025-12-27T02:31:10.000Z</time>
        <extensions>
          <ns3:TrackPointExtension>
            <ns3:hr>138</ns3:hr>
            <ns3:cad>54</ns3:cad>
          </ns3:TrackPointExtension>
        </extensions>
      </trkpt>
      <trkpt lat="35.6433678232133388519287109375" lon="127.61434058658778667449951171875">
        <ele>948</ele>
        <time>2025-12-27T02:31:12.000Z</time>
        <extensions>
          <ns3:TrackPointExtension>
            <ns3:hr>136</ns3:hr>
            <ns3:cad>54</ns3:cad>
          </ns3:TrackPointExtension>
        </extensions>
      </trkpt>
      <trkpt lat="35.6433136761188507080078125" lon="127.614247798919677734375">
        <ele>949.20001220703125</ele>
        <time>2025-12-27T02:31:20.000Z</time>
        <extensions>
          <ns3:TrackPointExtension>
            <ns3:hr>134</ns3:hr>
            <ns3:cad>52</ns3:cad>
          </ns3:TrackPointExtension>
        </extensions>
      </trkpt>
      <trkpt lat="35.64330537803471088409423828125" lon="127.61423648335039615631103515625">
        <ele>949.4000244140625</ele>
        <time>2025-12-27T02:31:21.000Z</time>
        <extensions>
          <ns3:TrackPointExtension>
            <ns3:hr>134</ns3:hr>
            <ns3:cad>52</ns3:cad>
          </ns3:TrackPointExtension>
        </extensions>
      </trkpt>
      <trkpt lat="35.64328350126743316650390625" lon="127.614207565784454345703125">
        <ele>950.20001220703125</ele>
        <time>2025-12-27T02:31:24.000Z</time>
        <extensions>
          <ns3:TrackPointExtension>
            <ns3:hr>134</ns3:hr>
            <ns3:cad>48</ns3:cad>
          </ns3:TrackPointExtension>
        </extensions>
      </trkpt>
      <trkpt lat="35.6432628817856311798095703125" lon="127.614177726209163665771484375">
        <ele>951.4000244140625</ele>
        <time>2025-12-27T02:31:28.000Z</time>
        <extensions>
          <ns3:TrackPointExtension>
            <ns3:hr>135</ns3:hr>
            <ns3:cad>48</ns3:cad>
          </ns3:TrackPointExtension>
        </extensions>
      </trkpt>
      <trkpt lat="35.64325802028179168701171875" lon="127.61417881585657596588134765625">
        <ele>951.79998779296875</ele>
        <time>2025-12-27T02:31:30.000Z</time>
        <extensions>
          <ns3:TrackPointExtension>
            <ns3:hr>136</ns3:hr>
            <ns3:cad>50</ns3:cad>
          </ns3:TrackPointExtension>
        </extensions>
      </trkpt>
      <trkpt lat="35.64323865808546543121337890625" lon="127.6141514070332050323486328125">
        <ele>952.4000244140625</ele>
        <time>2025-12-27T02:31:33.000Z</time>
        <extensions>
          <ns3:TrackPointExtension>
            <ns3:hr>136</ns3:hr>
            <ns3:cad>50</ns3:cad>
          </ns3:TrackPointExtension>
        </extensions>
      </trkpt>
      <trkpt lat="35.6432253308594226837158203125" lon="127.614124752581119537353515625">
        <ele>953.4000244140625</ele>
        <time>2025-12-27T02:31:37.000Z</time>
        <extensions>
          <ns3:TrackPointExtension>
            <ns3:hr>135</ns3:hr>
            <ns3:cad>50</ns3:cad>
          </ns3:TrackPointExtension>
        </extensions>
      </trkpt>
      <trkpt lat="35.64322306774556636810302734375" lon="127.61411980725824832916259765625">
        <ele>953.5999755859375</ele>
        <time>2025-12-27T02:31:38.000Z</time>
        <extensions>
          <ns3:TrackPointExtension>
            <ns3:hr>135</ns3:hr>
            <ns3:cad>49</ns3:cad>
          </ns3:TrackPointExtension>
        </extensions>
      </trkpt>
      <trkpt lat="35.643208734691143035888671875" lon="127.61409717611968517303466796875">
        <ele>954.5999755859375</ele>
        <time>2025-12-27T02:31:43.000Z</time>
        <extensions>
          <ns3:TrackPointExtension>
            <ns3:hr>133</ns3:hr>
            <ns3:cad>47</ns3:cad>
          </ns3:TrackPointExtension>
        </extensions>
      </trkpt>
      <trkpt lat="35.643199346959590911865234375" lon="127.6140836812555789947509765625">
        <ele>955.20001220703125</ele>
        <time>2025-12-27T02:31:45.000Z</time>
        <extensions>
          <ns3:TrackPointExtension>
            <ns3:hr>130</ns3:hr>
            <ns3:cad>46</ns3:cad>
          </ns3:TrackPointExtension>
        </extensions>
      </trkpt>
      <trkpt lat="35.6431938149034976959228515625" lon="127.614073455333709716796875">
        <ele>955.4000244140625</ele>
        <time>2025-12-27T02:31:46.000Z</time>
        <extensions>
          <ns3:TrackPointExtension>
            <ns3:hr>130</ns3:hr>
            <ns3:cad>47</ns3:cad>
          </ns3:TrackPointExtension>
        </extensions>
      </trkpt>
      <trkpt lat="35.64318954013288021087646484375" lon="127.61406364850699901580810546875">
        <ele>955.79998779296875</ele>
        <time>2025-12-27T02:31:47.000Z</time>
        <extensions>
          <ns3:TrackPointExtension>
            <ns3:hr>130</ns3:hr>
            <ns3:cad>49</ns3:cad>
          </ns3:TrackPointExtension>
        </extensions>
      </trkpt>
      <trkpt lat="35.6431767158210277557373046875" lon="127.61402986943721771240234375">
        <ele>956.4000244140625</ele>
        <time>2025-12-27T02:31:50.000Z</time>
        <extensions>
          <ns3:TrackPointExtension>
            <ns3:hr>135</ns3:hr>
            <ns3:cad>48</ns3:cad>
          </ns3:TrackPointExtension>
        </extensions>
      </trkpt>
      <trkpt lat="35.64316682517528533935546875" lon="127.61400346644222736358642578125">
        <ele>956.79998779296875</ele>
        <time>2025-12-27T02:31:52.000Z</time>
        <extensions>
          <ns3:TrackPointExtension>
            <ns3:hr>136</ns3:hr>
            <ns3:cad>46</ns3:cad>
          </ns3:TrackPointExtension>
        </extensions>
      </trkpt>
      <trkpt lat="35.6431602872908115386962890625" lon="127.6139810867607593536376953125">
        <ele>957.20001220703125</ele>
        <time>2025-12-27T02:31:54.000Z</time>
        <extensions>
          <ns3:TrackPointExtension>
            <ns3:hr>135</ns3:hr>
            <ns3:cad>42</ns3:cad>
          </ns3:TrackPointExtension>
        </extensions>
      </trkpt>
      <trkpt lat="35.6431740336120128631591796875" lon="127.6139314658939838409423828125">
        <ele>957.79998779296875</ele>
        <time>2025-12-27T02:31:59.000Z</time>
        <extensions>
          <ns3:TrackPointExtension>
            <ns3:hr>139</ns3:hr>
            <ns3:cad>46</ns3:cad>
          </ns3:TrackPointExtension>
        </extensions>
      </trkpt>
      <trkpt lat="35.64318425953388214111328125" lon="127.6139106787741184234619140625">
        <ele>957.79998779296875</ele>
        <time>2025-12-27T02:32:01.000Z</time>
        <extensions>
          <ns3:TrackPointExtension>
            <ns3:hr>142</ns3:hr>
            <ns3:cad>47</ns3:cad>
          </ns3:TrackPointExtension>
        </extensions>
      </trkpt>
      <trkpt lat="35.64319222234189510345458984375" lon="127.613904140889644622802734375">
        <ele>957.79998779296875</ele>
        <time>2025-12-27T02:32:02.000Z</time>
        <extensions>
          <ns3:TrackPointExtension>
            <ns3:hr>142</ns3:hr>
            <ns3:cad>47</ns3:cad>
          </ns3:TrackPointExtension>
        </extensions>
      </trkpt>
      <trkpt lat="35.643230862915515899658203125" lon="127.61384052224457263946533203125">
        <ele>956.79998779296875</ele>
        <time>2025-12-27T02:32:08.000Z</time>
        <extensions>
          <ns3:TrackPointExtension>
            <ns3:hr>144</ns3:hr>
            <ns3:cad>51</ns3:cad>
          </ns3:TrackPointExtension>
        </extensions>
      </trkpt>
      <trkpt lat="35.64323731698095798492431640625" lon="127.6138265244662761688232421875">
        <ele>956.20001220703125</ele>
        <time>2025-12-27T02:32:10.000Z</time>
        <extensions>
          <ns3:TrackPointExtension>
            <ns3:hr>144</ns3:hr>
            <ns3:cad>53</ns3:cad>
          </ns3:TrackPointExtension>
        </extensions>
      </trkpt>
      <trkpt lat="35.64324997365474700927734375" lon="127.613809593021869659423828125">
        <ele>955.79998779296875</ele>
        <time>2025-12-27T02:32:12.000Z</time>
        <extensions>
          <ns3:TrackPointExtension>
            <ns3:hr>143</ns3:hr>
            <ns3:cad>55</ns3:cad>
          </ns3:TrackPointExtension>
        </extensions>
      </trkpt>
      <trkpt lat="35.64332641661167144775390625" lon="127.61373926885426044464111328125">
        <ele>955.4000244140625</ele>
        <time>2025-12-27T02:32:19.000Z</time>
        <extensions>
          <ns3:TrackPointExtension>
            <ns3:hr>143</ns3:hr>
            <ns3:cad>55</ns3:cad>
          </ns3:TrackPointExtension>
        </extensions>
      </trkpt>
      <trkpt lat="35.6433812342584133148193359375" lon="127.6136625744402408599853515625">
        <ele>956.20001220703125</ele>
        <time>2025-12-27T02:32:25.000Z</time>
        <extensions>
          <ns3:TrackPointExtension>
            <ns3:hr>141</ns3:hr>
            <ns3:cad>53</ns3:cad>
          </ns3:TrackPointExtension>
        </extensions>
      </trkpt>
      <trkpt lat="35.64340981654822826385498046875" lon="127.61355436407029628753662109375">
        <ele>956.4000244140625</ele>
        <time>2025-12-27T02:32:32.000Z</time>
        <extensions>
          <ns3:TrackPointExtension>
            <ns3:hr>141</ns3:hr>
            <ns3:cad>52</ns3:cad>
          </ns3:TrackPointExtension>
        </extensions>
      </trkpt>
      <trkpt lat="35.6433865986764430999755859375" lon="127.61346434243023395538330078125">
        <ele>955.4000244140625</ele>
        <time>2025-12-27T02:32:38.000Z</time>
        <extensions>
          <ns3:TrackPointExtension>
            <ns3:hr>141</ns3:hr>
            <ns3:cad>55</ns3:cad>
          </ns3:TrackPointExtension>
        </extensions>
      </trkpt>
      <trkpt lat="35.6433644704520702362060546875" lon="127.61341623030602931976318359375">
        <ele>954.5999755859375</ele>
        <time>2025-12-27T02:32:41.000Z</time>
        <extensions>
          <ns3:TrackPointExtension>
            <ns3:hr>140</ns3:hr>
            <ns3:cad>56</ns3:cad>
          </ns3:TrackPointExtension>
        </extensions>
      </trkpt>
      <trkpt lat="35.64336488954722881317138671875" lon="127.61338722892105579376220703125">
        <ele>954.4000244140625</ele>
        <time>2025-12-27T02:32:43.000Z</time>
        <extensions>
          <ns3:TrackPointExtension>
            <ns3:hr>136</ns3:hr>
            <ns3:cad>57</ns3:cad>
          </ns3:TrackPointExtension>
        </extensions>
      </trkpt>
      <trkpt lat="35.6433726847171783447265625" lon="127.613354288041591644287109375">
        <ele>954.4000244140625</ele>
        <time>2025-12-27T02:32:45.000Z</time>
        <extensions>
          <ns3:TrackPointExtension>
            <ns3:hr>134</ns3:hr>
            <ns3:cad>58</ns3:cad>
          </ns3:TrackPointExtension>
        </extensions>
      </trkpt>
      <trkpt lat="35.6433834135532379150390625" lon="127.6133242808282375335693359375">
        <ele>954.4000244140625</ele>
        <time>2025-12-27T02:32:47.000Z</time>
        <extensions>
          <ns3:TrackPointExtension>
            <ns3:hr>131</ns3:hr>
            <ns3:cad>57</ns3:cad>
          </ns3:TrackPointExtension>
        </extensions>
      </trkpt>
      <trkpt lat="35.6434026919305324554443359375" lon="127.61328211985528469085693359375">
        <ele>954.79998779296875</ele>
        <time>2025-12-27T02:32:51.000Z</time>
        <extensions>
          <ns3:TrackPointExtension>
            <ns3:hr>128</ns3:hr>
            <ns3:cad>50</ns3:cad>
          </ns3:TrackPointExtension>
        </extensions>
      </trkpt>
      <trkpt lat="35.643409229815006256103515625" lon="127.613265775144100189208984375">
        <ele>954.79998779296875</ele>
        <time>2025-12-27T02:32:53.000Z</time>
        <extensions>
          <ns3:TrackPointExtension>
            <ns3:hr>126</ns3:hr>
            <ns3:cad>50</ns3:cad>
          </ns3:TrackPointExtension>
        </extensions>
      </trkpt>
      <trkpt lat="35.643419958651065826416015625" lon="127.613230235874652862548828125">
        <ele>954.5999755859375</ele>
        <time>2025-12-27T02:32:57.000Z</time>
        <extensions>
          <ns3:TrackPointExtension>
            <ns3:hr>123</ns3:hr>
            <ns3:cad>45</ns3:cad>
          </ns3:TrackPointExtension>
        </extensions>
      </trkpt>
      <trkpt lat="35.64342607744038105010986328125" lon="127.61317533440887928009033203125">
        <ele>954.4000244140625</ele>
        <time>2025-12-27T02:33:00.000Z</time>
        <extensions>
          <ns3:TrackPointExtension>
            <ns3:hr>120</ns3:hr>
            <ns3:cad>0</ns3:cad>
          </ns3:TrackPointExtension>
        </extensions>
      </trkpt>
      <trkpt lat="35.64343714155256748199462890625" lon="127.61312118731439113616943359375">
        <ele>953.5999755859375</ele>
        <time>2025-12-27T02:33:03.000Z</time>
        <extensions>
          <ns3:TrackPointExtension>
            <ns3:hr>119</ns3:hr>
            <ns3:cad>0</ns3:cad>
          </ns3:TrackPointExtension>
        </extensions>
      </trkpt>
      <trkpt lat="35.6434486247599124908447265625" lon="127.613053880631923675537109375">
        <ele>953.20001220703125</ele>
        <time>2025-12-27T02:33:07.000Z</time>
        <extensions>
          <ns3:TrackPointExtension>
            <ns3:hr>120</ns3:hr>
            <ns3:cad>62</ns3:cad>
          </ns3:TrackPointExtension>
        </extensions>
      </trkpt>
      <trkpt lat="35.64341719262301921844482421875" lon="127.61293686926364898681640625">
        <ele>953.4000244140625</ele>
        <time>2025-12-27T02:33:15.000Z</time>
        <extensions>
          <ns3:TrackPointExtension>
            <ns3:hr>121</ns3:hr>
            <ns3:cad>54</ns3:cad>
          </ns3:TrackPointExtension>
        </extensions>
      </trkpt>
      <trkpt lat="35.64340076409280300140380859375" lon="127.612837292253971099853515625">
        <ele>952.4000244140625</ele>
        <time>2025-12-27T02:33:21.000Z</time>
        <extensions>
          <ns3:TrackPointExtension>
            <ns3:hr>120</ns3:hr>
            <ns3:cad>55</ns3:cad>
          </ns3:TrackPointExtension>
        </extensions>
      </trkpt>
      <trkpt lat="35.64340612851083278656005859375" lon="127.6128240488469600677490234375">
        <ele>952.20001220703125</ele>
        <time>2025-12-27T02:33:22.000Z</time>
        <extensions>
          <ns3:TrackPointExtension>
            <ns3:hr>120</ns3:hr>
            <ns3:cad>55</ns3:cad>
          </ns3:TrackPointExtension>
        </extensions>
      </trkpt>
      <trkpt lat="35.6434187851846218109130859375" lon="127.61269010603427886962890625">
        <ele>951.5999755859375</ele>
        <time>2025-12-27T02:33:30.000Z</time>
        <extensions>
          <ns3:TrackPointExtension>
            <ns3:hr>119</ns3:hr>
            <ns3:cad>57</ns3:cad>
          </ns3:TrackPointExtension>
        </extensions>
      </trkpt>
      <trkpt lat="35.64337469637393951416015625" lon="127.61258742772042751312255859375">
        <ele>952</ele>
        <time>2025-12-27T02:33:39.000Z</time>
        <extensions>
          <ns3:TrackPointExtension>
            <ns3:hr>117</ns3:hr>
            <ns3:cad>53</ns3:cad>
          </ns3:TrackPointExtension>
        </extensions>
      </trkpt>
      <trkpt lat="35.64329213462769985198974609375" lon="127.61247552931308746337890625">
        <ele>953.5999755859375</ele>
        <time>2025-12-27T02:33:49.000Z</time>
        <extensions>
          <ns3:TrackPointExtension>
            <ns3:hr>116</ns3:hr>
            <ns3:cad>52</ns3:cad>
          </ns3:TrackPointExtension>
        </extensions>
      </trkpt>
      <trkpt lat="35.64328216016292572021484375" lon="127.6124632917344570159912109375">
        <ele>953.5999755859375</ele>
        <time>2025-12-27T02:33:50.000Z</time>
        <extensions>
          <ns3:TrackPointExtension>
            <ns3:hr>116</ns3:hr>
            <ns3:cad>53</ns3:cad>
          </ns3:TrackPointExtension>
        </extensions>
      </trkpt>
      <trkpt lat="35.64320161007344722747802734375" lon="127.612389363348484039306640625">
        <ele>953.5999755859375</ele>
        <time>2025-12-27T02:33:57.000Z</time>
        <extensions>
          <ns3:TrackPointExtension>
            <ns3:hr>117</ns3:hr>
            <ns3:cad>55</ns3:cad>
          </ns3:TrackPointExtension>
        </extensions>
      </trkpt>
      <trkpt lat="35.64312851987779140472412109375" lon="127.61235105805099010467529296875">
        <ele>954.5999755859375</ele>
        <time>2025-12-27T02:34:04.000Z</time>
        <extensions>
          <ns3:TrackPointExtension>
            <ns3:hr>120</ns3:hr>
            <ns3:cad>53</ns3:cad>
          </ns3:TrackPointExtension>
        </extensions>
      </trkpt>
      <trkpt lat="35.64311695285141468048095703125" lon="127.6123412512242794036865234375">
        <ele>954.79998779296875</ele>
        <time>2025-12-27T02:34:05.000Z</time>
        <extensions>
          <ns3:TrackPointExtension>
            <ns3:hr>120</ns3:hr>
            <ns3:cad>53</ns3:cad>
          </ns3:TrackPointExtension>
        </extensions>
      </trkpt>
      <trkpt lat="35.643046461045742034912109375" lon="127.612316943705081939697265625">
        <ele>955.4000244140625</ele>
        <time>2025-12-27T02:34:11.000Z</time>
        <extensions>
          <ns3:TrackPointExtension>
            <ns3:hr>123</ns3:hr>
            <ns3:cad>54</ns3:cad>
          </ns3:TrackPointExtension>
        </extensions>
      </trkpt>
      <trkpt lat="35.64302056096494197845458984375" lon="127.61230789124965667724609375">
        <ele>955.5999755859375</ele>
        <time>2025-12-27T02:34:13.000Z</time>
        <extensions>
          <ns3:TrackPointExtension>
            <ns3:hr>123</ns3:hr>
            <ns3:cad>55</ns3:cad>
          </ns3:TrackPointExtension>
        </extensions>
      </trkpt>
      <trkpt lat="35.64300798811018466949462890625" lon="127.61230445466935634613037109375">
        <ele>955.79998779296875</ele>
        <time>2025-12-27T02:34:14.000Z</time>
        <extensions>
          <ns3:TrackPointExtension>
            <ns3:hr>124</ns3:hr>
            <ns3:cad>55</ns3:cad>
          </ns3:TrackPointExtension>
        </extensions>
      </trkpt>
      <trkpt lat="35.64295199699699878692626953125" lon="127.61228551156818866729736328125">
        <ele>956.5999755859375</ele>
        <time>2025-12-27T02:34:19.000Z</time>
        <extensions>
          <ns3:TrackPointExtension>
            <ns3:hr>126</ns3:hr>
            <ns3:cad>53</ns3:cad>
          </ns3:TrackPointExtension>
        </extensions>
      </trkpt>
      <trkpt lat="35.6429111771285533905029296875" lon="127.61226187460124492645263671875">
        <ele>957</ele>
        <time>2025-12-27T02:34:22.000Z</time>
        <extensions>
          <ns3:TrackPointExtension>
            <ns3:hr>127</ns3:hr>
            <ns3:cad>52</ns3:cad>
          </ns3:TrackPointExtension>
        </extensions>
      </trkpt>
      <trkpt lat="35.64285744912922382354736328125" lon="127.6122401654720306396484375">
        <ele>957.79998779296875</ele>
        <time>2025-12-27T02:34:27.000Z</time>
        <extensions>
          <ns3:TrackPointExtension>
            <ns3:hr>128</ns3:hr>
            <ns3:cad>52</ns3:cad>
          </ns3:TrackPointExtension>
        </extensions>
      </trkpt>
      <trkpt lat="35.6428203172981739044189453125" lon="127.6122160255908966064453125">
        <ele>958.4000244140625</ele>
        <time>2025-12-27T02:34:31.000Z</time>
        <extensions>
          <ns3:TrackPointExtension>
            <ns3:hr>129</ns3:hr>
            <ns3:cad>48</ns3:cad>
          </ns3:TrackPointExtension>
        </extensions>
      </trkpt>
      <trkpt lat="35.64280011691153049468994140625" lon="127.61219867505133152008056640625">
        <ele>959</ele>
        <time>2025-12-27T02:34:33.000Z</time>
        <extensions>
          <ns3:TrackPointExtension>
            <ns3:hr>129</ns3:hr>
            <ns3:cad>49</ns3:cad>
          </ns3:TrackPointExtension>
        </extensions>
      </trkpt>
      <trkpt lat="35.64274999313056468963623046875" lon="127.61216841638088226318359375">
        <ele>959.79998779296875</ele>
        <time>2025-12-27T02:34:38.000Z</time>
        <extensions>
          <ns3:TrackPointExtension>
            <ns3:hr>132</ns3:hr>
            <ns3:cad>50</ns3:cad>
          </ns3:TrackPointExtension>
        </extensions>
      </trkpt>
      <trkpt lat="35.6427396833896636962890625" lon="127.61216171085834503173828125">
        <ele>960</ele>
        <time>2025-12-27T02:34:39.000Z</time>
        <extensions>
          <ns3:TrackPointExtension>
            <ns3:hr>132</ns3:hr>
            <ns3:cad>51</ns3:cad>
          </ns3:TrackPointExtension>
        </extensions>
      </trkpt>
      <trkpt lat="35.6426744721829891204833984375" lon="127.61211535893380641937255859375">
        <ele>961</ele>
        <time>2025-12-27T02:34:46.000Z</time>
        <extensions>
          <ns3:TrackPointExtension>
            <ns3:hr>133</ns3:hr>
            <ns3:cad>51</ns3:cad>
          </ns3:TrackPointExtension>
        </extensions>
      </trkpt>
      <trkpt lat="35.64266650937497615814208984375" lon="127.612107060849666595458984375">
        <ele>961.20001220703125</ele>
        <time>2025-12-27T02:34:47.000Z</time>
        <extensions>
          <ns3:TrackPointExtension>
            <ns3:hr>133</ns3:hr>
            <ns3:cad>51</ns3:cad>
          </ns3:TrackPointExtension>
        </extensions>
      </trkpt>
      <trkpt lat="35.64260599203407764434814453125" lon="127.61201578192412853240966796875">
        <ele>962</ele>
        <time>2025-12-27T02:34:54.000Z</time>
        <extensions>
          <ns3:TrackPointExtension>
            <ns3:hr>134</ns3:hr>
            <ns3:cad>52</ns3:cad>
          </ns3:TrackPointExtension>
        </extensions>
      </trkpt>
      <trkpt lat="35.64259006641805171966552734375" lon="127.6119912229478359222412109375">
        <ele>962.4000244140625</ele>
        <time>2025-12-27T02:34:56.000Z</time>
        <extensions>
          <ns3:TrackPointExtension>
            <ns3:hr>134</ns3:hr>
            <ns3:cad>51</ns3:cad>
          </ns3:TrackPointExtension>
        </extensions>
      </trkpt>
      <trkpt lat="35.6425559520721435546875" lon="127.61193380691111087799072265625">
        <ele>963.4000244140625</ele>
        <time>2025-12-27T02:35:01.000Z</time>
        <extensions>
          <ns3:TrackPointExtension>
            <ns3:hr>134</ns3:hr>
            <ns3:cad>50</ns3:cad>
          </ns3:TrackPointExtension>
        </extensions>
      </trkpt>
      <trkpt lat="35.64252669923007488250732421875" lon="127.61189709417521953582763671875">
        <ele>964.4000244140625</ele>
        <time>2025-12-27T02:35:05.000Z</time>
        <extensions>
          <ns3:TrackPointExtension>
            <ns3:hr>134</ns3:hr>
            <ns3:cad>49</ns3:cad>
          </ns3:TrackPointExtension>
        </extensions>
      </trkpt>
      <trkpt lat="35.6424848735332489013671875" lon="127.611833475530147552490234375">
        <ele>965.5999755859375</ele>
        <time>2025-12-27T02:35:11.000Z</time>
        <extensions>
          <ns3:TrackPointExtension>
            <ns3:hr>136</ns3:hr>
            <ns3:cad>50</ns3:cad>
          </ns3:TrackPointExtension>
        </extensions>
      </trkpt>
      <trkpt lat="35.64247724600136280059814453125" lon="127.6118084974586963653564453125">
        <ele>966</ele>
        <time>2025-12-27T02:35:13.000Z</time>
        <extensions>
          <ns3:TrackPointExtension>
            <ns3:hr>137</ns3:hr>
            <ns3:cad>50</ns3:cad>
          </ns3:TrackPointExtension>
        </extensions>
      </trkpt>
      <trkpt lat="35.6424672715365886688232421875" lon="127.61177337728440761566162109375">
        <ele>966.4000244140625</ele>
        <time>2025-12-27T02:35:15.000Z</time>
        <extensions>
          <ns3:TrackPointExtension>
            <ns3:hr>140</ns3:hr>
            <ns3:cad>50</ns3:cad>
          </ns3:TrackPointExtension>
        </extensions>
      </trkpt>
      <trkpt lat="35.64246215857565402984619140625" lon="127.6117585413157939910888671875">
        <ele>966.5999755859375</ele>
        <time>2025-12-27T02:35:16.000Z</time>
        <extensions>
          <ns3:TrackPointExtension>
            <ns3:hr>141</ns3:hr>
            <ns3:cad>50</ns3:cad>
          </ns3:TrackPointExtension>
        </extensions>
      </trkpt>
      <trkpt lat="35.64244573004543781280517578125" lon="127.61168754659593105316162109375">
        <ele>967.4000244140625</ele>
        <time>2025-12-27T02:35:21.000Z</time>
        <extensions>
          <ns3:TrackPointExtension>
            <ns3:hr>142</ns3:hr>
            <ns3:cad>50</ns3:cad>
          </ns3:TrackPointExtension>
        </extensions>
      </trkpt>
      <trkpt lat="35.642414800822734832763671875" lon="127.61155528016388416290283203125">
        <ele>966.79998779296875</ele>
        <time>2025-12-27T02:35:30.000Z</time>
        <extensions>
          <ns3:TrackPointExtension>
            <ns3:hr>143</ns3:hr>
            <ns3:cad>53</ns3:cad>
          </ns3:TrackPointExtension>
        </extensions>
      </trkpt>
      <trkpt lat="35.64241002313792705535888671875" lon="127.61143676005303859710693359375">
        <ele>965.5999755859375</ele>
        <time>2025-12-27T02:35:37.000Z</time>
        <extensions>
          <ns3:TrackPointExtension>
            <ns3:hr>142</ns3:hr>
            <ns3:cad>53</ns3:cad>
          </ns3:TrackPointExtension>
        </extensions>
      </trkpt>
      <trkpt lat="35.64241178333759307861328125" lon="127.611421085894107818603515625">
        <ele>965.5999755859375</ele>
        <time>2025-12-27T02:35:38.000Z</time>
        <extensions>
          <ns3:TrackPointExtension>
            <ns3:hr>142</ns3:hr>
            <ns3:cad>57</ns3:cad>
          </ns3:TrackPointExtension>
        </extensions>
      </trkpt>
      <trkpt lat="35.64240750856697559356689453125" lon="127.611387558281421661376953125">
        <ele>965.5999755859375</ele>
        <time>2025-12-27T02:35:40.000Z</time>
        <extensions>
          <ns3:TrackPointExtension>
            <ns3:hr>138</ns3:hr>
            <ns3:cad>57</ns3:cad>
          </ns3:TrackPointExtension>
        </extensions>
      </trkpt>
      <trkpt lat="35.64238973893225193023681640625" lon="127.6112854667007923126220703125">
        <ele>966.4000244140625</ele>
        <time>2025-12-27T02:35:47.000Z</time>
        <extensions>
          <ns3:TrackPointExtension>
            <ns3:hr>135</ns3:hr>
            <ns3:cad>52</ns3:cad>
          </ns3:TrackPointExtension>
        </extensions>
      </trkpt>
      <trkpt lat="35.642387308180332183837890625" lon="127.611273564398288726806640625">
        <ele>966.5999755859375</ele>
        <time>2025-12-27T02:35:48.000Z</time>
        <extensions>
          <ns3:TrackPointExtension>
            <ns3:hr>135</ns3:hr>
            <ns3:cad>52</ns3:cad>
          </ns3:TrackPointExtension>
        </extensions>
      </trkpt>
      <trkpt lat="35.6423854641616344451904296875" lon="127.61126392520964145660400390625">
        <ele>967</ele>
        <time>2025-12-27T02:35:49.000Z</time>
        <extensions>
          <ns3:TrackPointExtension>
            <ns3:hr>134</ns3:hr>
            <ns3:cad>52</ns3:cad>
          </ns3:TrackPointExtension>
        </extensions>
      </trkpt>
      <trkpt lat="35.64237314276397228240966796875" lon="127.6112432219088077545166015625">
        <ele>967.79998779296875</ele>
        <time>2025-12-27T02:35:52.000Z</time>
        <extensions>
          <ns3:TrackPointExtension>
            <ns3:hr>133</ns3:hr>
            <ns3:cad>49</ns3:cad>
          </ns3:TrackPointExtension>
        </extensions>
      </trkpt>
      <trkpt lat="35.64234900288283824920654296875" lon="127.61120357550680637359619140625">
        <ele>968.79998779296875</ele>
        <time>2025-12-27T02:35:56.000Z</time>
        <extensions>
          <ns3:TrackPointExtension>
            <ns3:hr>132</ns3:hr>
            <ns3:cad>45</ns3:cad>
          </ns3:TrackPointExtension>
        </extensions>
      </trkpt>
      <trkpt lat="35.642343051731586456298828125" lon="127.61119586415588855743408203125">
        <ele>969</ele>
        <time>2025-12-27T02:35:57.000Z</time>
        <extensions>
          <ns3:TrackPointExtension>
            <ns3:hr>132</ns3:hr>
            <ns3:cad>45</ns3:cad>
          </ns3:TrackPointExtension>
        </extensions>
      </trkpt>
      <trkpt lat="35.64232167787849903106689453125" lon="127.61115496046841144561767578125">
        <ele>970</ele>
        <time>2025-12-27T02:36:01.000Z</time>
        <extensions>
          <ns3:TrackPointExtension>
            <ns3:hr>133</ns3:hr>
            <ns3:cad>48</ns3:cad>
          </ns3:TrackPointExtension>
        </extensions>
      </trkpt>
      <trkpt lat="35.64229032956063747406005859375" lon="127.6110980473458766937255859375">
        <ele>970.79998779296875</ele>
        <time>2025-12-27T02:36:06.000Z</time>
        <extensions>
          <ns3:TrackPointExtension>
            <ns3:hr>135</ns3:hr>
            <ns3:cad>47</ns3:cad>
          </ns3:TrackPointExtension>
        </extensions>
      </trkpt>
      <trkpt lat="35.64228194765746593475341796875" lon="127.6110876537859439849853515625">
        <ele>971</ele>
        <time>2025-12-27T02:36:07.000Z</time>
        <extensions>
          <ns3:TrackPointExtension>
            <ns3:hr>136</ns3:hr>
            <ns3:cad>49</ns3:cad>
          </ns3:TrackPointExtension>
        </extensions>
      </trkpt>
      <trkpt lat="35.64221623353660106658935546875" lon="127.6110410504043102264404296875">
        <ele>971.4000244140625</ele>
        <time>2025-12-27T02:36:14.000Z</time>
        <extensions>
          <ns3:TrackPointExtension>
            <ns3:hr>138</ns3:hr>
            <ns3:cad>52</ns3:cad>
          </ns3:TrackPointExtension>
        </extensions>
      </trkpt>
      <trkpt lat="35.6421940214931964874267578125" lon="127.611027471721172332763671875">
        <ele>972.20001220703125</ele>
        <time>2025-12-27T02:36:17.000Z</time>
        <extensions>
          <ns3:TrackPointExtension>
            <ns3:hr>139</ns3:hr>
            <ns3:cad>52</ns3:cad>
          </ns3:TrackPointExtension>
        </extensions>
      </trkpt>
      <trkpt lat="35.64214129932224750518798828125" lon="127.6110018230974674224853515625">
        <ele>973</ele>
        <time>2025-12-27T02:36:22.000Z</time>
        <extensions>
          <ns3:TrackPointExtension>
            <ns3:hr>136</ns3:hr>
            <ns3:cad>51</ns3:cad>
          </ns3:TrackPointExtension>
        </extensions>
      </trkpt>
      <trkpt lat="35.64213057048618793487548828125" lon="127.61099838651716709136962890625">
        <ele>973.20001220703125</ele>
        <time>2025-12-27T02:36:23.000Z</time>
        <extensions>
          <ns3:TrackPointExtension>
            <ns3:hr>137</ns3:hr>
            <ns3:cad>51</ns3:cad>
          </ns3:TrackPointExtension>
        </extensions>
      </trkpt>
      <trkpt lat="35.64204021356999874114990234375" lon="127.6109575666487216949462890625">
        <ele>974</ele>
        <time>2025-12-27T02:36:32.000Z</time>
        <extensions>
          <ns3:TrackPointExtension>
            <ns3:hr>138</ns3:hr>
            <ns3:cad>50</ns3:cad>
          </ns3:TrackPointExtension>
        </extensions>
      </trkpt>
      <trkpt lat="35.64205479808151721954345703125" lon="127.6109287329018115997314453125">
        <ele>973.79998779296875</ele>
        <time>2025-12-27T02:36:38.000Z</time>
        <extensions>
          <ns3:TrackPointExtension>
            <ns3:hr>136</ns3:hr>
            <ns3:cad>0</ns3:cad>
          </ns3:TrackPointExtension>
        </extensions>
      </trkpt>
      <trkpt lat="35.64205773174762725830078125" lon="127.610925547778606414794921875">
        <ele>973.79998779296875</ele>
        <time>2025-12-27T02:36:39.000Z</time>
        <extensions>
          <ns3:TrackPointExtension>
            <ns3:hr>135</ns3:hr>
            <ns3:cad>0</ns3:cad>
          </ns3:TrackPointExtension>
        </extensions>
      </trkpt>
      <trkpt lat="35.64205261878669261932373046875" lon="127.61092881672084331512451171875">
        <ele>973.79998779296875</ele>
        <time>2025-12-27T02:36:45.000Z</time>
        <extensions>
          <ns3:TrackPointExtension>
            <ns3:hr>132</ns3:hr>
            <ns3:cad>0</ns3:cad>
          </ns3:TrackPointExtension>
        </extensions>
      </trkpt>
      <trkpt lat="35.64204004593193531036376953125" lon="127.6109312474727630615234375">
        <ele>973.79998779296875</ele>
        <time>2025-12-27T02:36:49.000Z</time>
        <extensions>
          <ns3:TrackPointExtension>
            <ns3:hr>129</ns3:hr>
            <ns3:cad>0</ns3:cad>
          </ns3:TrackPointExtension>
        </extensions>
      </trkpt>
      <trkpt lat="35.6420186720788478851318359375" lon="127.6109173335134983062744140625">
        <ele>973.79998779296875</ele>
        <time>2025-12-27T02:36:54.000Z</time>
        <extensions>
          <ns3:TrackPointExtension>
            <ns3:hr>126</ns3:hr>
            <ns3:cad>0</ns3:cad>
          </ns3:TrackPointExtension>
        </extensions>
      </trkpt>
      <trkpt lat="35.642017163336277008056640625" lon="127.61092253029346466064453125">
        <ele>973.79998779296875</ele>
        <time>2025-12-27T02:36:58.000Z</time>
        <extensions>
          <ns3:TrackPointExtension>
            <ns3:hr>124</ns3:hr>
            <ns3:cad>0</ns3:cad>
          </ns3:TrackPointExtension>
        </extensions>
      </trkpt>
      <trkpt lat="35.64200081862509250640869140625" lon="127.6109143160283565521240234375">
        <ele>973.79998779296875</ele>
        <time>2025-12-27T02:37:08.000Z</time>
        <extensions>
          <ns3:TrackPointExtension>
            <ns3:hr>121</ns3:hr>
            <ns3:cad>0</ns3:cad>
          </ns3:TrackPointExtension>
        </extensions>
      </trkpt>
      <trkpt lat="35.641987323760986328125" lon="127.61090752668678760528564453125">
        <ele>973.79998779296875</ele>
        <time>2025-12-27T02:37:10.000Z</time>
        <extensions>
          <ns3:TrackPointExtension>
            <ns3:hr>119</ns3:hr>
            <ns3:cad>0</ns3:cad>
          </ns3:TrackPointExtension>
        </extensions>
      </trkpt>
      <trkpt lat="35.6419408880174160003662109375" lon="127.61089696548879146575927734375">
        <ele>973.79998779296875</ele>
        <time>2025-12-27T02:37:17.000Z</time>
        <extensions>
          <ns3:TrackPointExtension>
            <ns3:hr>116</ns3:hr>
            <ns3:cad>45</ns3:cad>
          </ns3:TrackPointExtension>
        </extensions>
      </trkpt>
      <trkpt lat="35.64192353747785091400146484375" lon="127.610890679061412811279296875">
        <ele>974</ele>
        <time>2025-12-27T02:37:19.000Z</time>
        <extensions>
          <ns3:TrackPointExtension>
            <ns3:hr>117</ns3:hr>
            <ns3:cad>47</ns3:cad>
          </ns3:TrackPointExtension>
        </extensions>
      </trkpt>
      <trkpt lat="35.64190216362476348876953125" lon="127.61088497936725616455078125">
        <ele>974.20001220703125</ele>
        <time>2025-12-27T02:37:21.000Z</time>
        <extensions>
          <ns3:TrackPointExtension>
            <ns3:hr>116</ns3:hr>
            <ns3:cad>47</ns3:cad>
          </ns3:TrackPointExtension>
        </extensions>
      </trkpt>
      <trkpt lat="35.64186017028987407684326171875" lon="127.610876597464084625244140625">
        <ele>974.79998779296875</ele>
        <time>2025-12-27T02:37:25.000Z</time>
        <extensions>
          <ns3:TrackPointExtension>
            <ns3:hr>113</ns3:hr>
            <ns3:cad>46</ns3:cad>
          </ns3:TrackPointExtension>
        </extensions>
      </trkpt>
      <trkpt lat="35.64184692688286304473876953125" lon="127.6108668744564056396484375">
        <ele>975</ele>
        <time>2025-12-27T02:37:27.000Z</time>
        <extensions>
          <ns3:TrackPointExtension>
            <ns3:hr>114</ns3:hr>
            <ns3:cad>46</ns3:cad>
          </ns3:TrackPointExtension>
        </extensions>
      </trkpt>
      <trkpt lat="35.64178791828453540802001953125" lon="127.6108211092650890350341796875">
        <ele>974.79998779296875</ele>
        <time>2025-12-27T02:37:36.000Z</time>
        <extensions>
          <ns3:TrackPointExtension>
            <ns3:hr>114</ns3:hr>
            <ns3:cad>0</ns3:cad>
          </ns3:TrackPointExtension>
        </extensions>
      </trkpt>
      <trkpt lat="35.64172036014497280120849609375" lon="127.61078179813921451568603515625">
        <ele>974.79998779296875</ele>
        <time>2025-12-27T02:37:42.000Z</time>
        <extensions>
          <ns3:TrackPointExtension>
            <ns3:hr>112</ns3:hr>
            <ns3:cad>47</ns3:cad>
          </ns3:TrackPointExtension>
        </extensions>
      </trkpt>
      <trkpt lat="35.64170376397669315338134765625" lon="127.610766626894474029541015625">
        <ele>975</ele>
        <time>2025-12-27T02:37:49.000Z</time>
        <extensions>
          <ns3:TrackPointExtension>
            <ns3:hr>111</ns3:hr>
            <ns3:cad>0</ns3:cad>
          </ns3:TrackPointExtension>
        </extensions>
      </trkpt>
      <trkpt lat="35.64169965684413909912109375" lon="127.61076168157160282135009765625">
        <ele>975</ele>
        <time>2025-12-27T02:37:54.000Z</time>
        <extensions>
          <ns3:TrackPointExtension>
            <ns3:hr>108</ns3:hr>
            <ns3:cad>0</ns3:cad>
          </ns3:TrackPointExtension>
        </extensions>
      </trkpt>
      <trkpt lat="35.6416981481015682220458984375" lon="127.6107584126293659210205078125">
        <ele>975</ele>
        <time>2025-12-27T02:37:56.000Z</time>
        <extensions>
          <ns3:TrackPointExtension>
            <ns3:hr>105</ns3:hr>
            <ns3:cad>0</ns3:cad>
          </ns3:TrackPointExtension>
        </extensions>
      </trkpt>
      <trkpt lat="35.6416807137429714202880859375" lon="127.61074944399297237396240234375">
        <ele>975</ele>
        <time>2025-12-27T02:37:59.000Z</time>
        <extensions>
          <ns3:TrackPointExtension>
            <ns3:hr>103</ns3:hr>
            <ns3:cad>0</ns3:cad>
          </ns3:TrackPointExtension>
        </extensions>
      </trkpt>
      <trkpt lat="35.6416559033095836639404296875" lon="127.61073150672018527984619140625">
        <ele>975.20001220703125</ele>
        <time>2025-12-27T02:38:03.000Z</time>
        <extensions>
          <ns3:TrackPointExtension>
            <ns3:hr>100</ns3:hr>
            <ns3:cad>47</ns3:cad>
          </ns3:TrackPointExtension>
        </extensions>
      </trkpt>
      <trkpt lat="35.6416131556034088134765625" lon="127.61070669628679752349853515625">
        <ele>975.20001220703125</ele>
        <time>2025-12-27T02:38:07.000Z</time>
        <extensions>
          <ns3:TrackPointExtension>
            <ns3:hr>103</ns3:hr>
            <ns3:cad>47</ns3:cad>
          </ns3:TrackPointExtension>
        </extensions>
      </trkpt>
      <trkpt lat="35.6416009180247783660888671875" lon="127.61070384643971920013427734375">
        <ele>975.4000244140625</ele>
        <time>2025-12-27T02:38:08.000Z</time>
        <extensions>
          <ns3:TrackPointExtension>
            <ns3:hr>103</ns3:hr>
            <ns3:cad>46</ns3:cad>
          </ns3:TrackPointExtension>
        </extensions>
      </trkpt>
      <trkpt lat="35.64157233573496341705322265625" lon="127.61067987419664859771728515625">
        <ele>975.4000244140625</ele>
        <time>2025-12-27T02:38:11.000Z</time>
        <extensions>
          <ns3:TrackPointExtension>
            <ns3:hr>104</ns3:hr>
            <ns3:cad>48</ns3:cad>
          </ns3:TrackPointExtension>
        </extensions>
      </trkpt>
      <trkpt lat="35.6415419094264507293701171875" lon="127.6106373779475688934326171875">
        <ele>974.79998779296875</ele>
        <time>2025-12-27T02:38:15.000Z</time>
        <extensions>
          <ns3:TrackPointExtension>
            <ns3:hr>102</ns3:hr>
            <ns3:cad>52</ns3:cad>
          </ns3:TrackPointExtension>
        </extensions>
      </trkpt>
      <trkpt lat="35.64149756915867328643798828125" lon="127.610550038516521453857421875">
        <ele>975.20001220703125</ele>
        <time>2025-12-27T02:38:22.000Z</time>
        <extensions>
          <ns3:TrackPointExtension>
            <ns3:hr>101</ns3:hr>
            <ns3:cad>54</ns3:cad>
          </ns3:TrackPointExtension>
        </extensions>
      </trkpt>
      <trkpt lat="35.64147435128688812255859375" lon="127.6105123199522495269775390625">
        <ele>976</ele>
        <time>2025-12-27T02:38:26.000Z</time>
        <extensions>
          <ns3:TrackPointExtension>
            <ns3:hr>104</ns3:hr>
            <ns3:cad>51</ns3:cad>
          </ns3:TrackPointExtension>
        </extensions>
      </trkpt>
      <trkpt lat="35.6414651311933994293212890625" lon="127.61049027554690837860107421875">
        <ele>976.4000244140625</ele>
        <time>2025-12-27T02:38:28.000Z</time>
        <extensions>
          <ns3:TrackPointExtension>
            <ns3:hr>105</ns3:hr>
            <ns3:cad>51</ns3:cad>
          </ns3:TrackPointExtension>
        </extensions>
      </trkpt>
      <trkpt lat="35.64145951531827449798583984375" lon="127.61047736741602420806884765625">
        <ele>976.79998779296875</ele>
        <time>2025-12-27T02:38:29.000Z</time>
        <extensions>
          <ns3:TrackPointExtension>
            <ns3:hr>106</ns3:hr>
            <ns3:cad>50</ns3:cad>
          </ns3:TrackPointExtension>
        </extensions>
      </trkpt>
      <trkpt lat="35.64144073985517024993896484375" lon="127.61045004241168498992919921875">
        <ele>977.5999755859375</ele>
        <time>2025-12-27T02:38:32.000Z</time>
        <extensions>
          <ns3:TrackPointExtension>
            <ns3:hr>108</ns3:hr>
            <ns3:cad>49</ns3:cad>
          </ns3:TrackPointExtension>
        </extensions>
      </trkpt>
      <trkpt lat="35.64142012037336826324462890625" lon="127.61040377430617809295654296875">
        <ele>978.20001220703125</ele>
        <time>2025-12-27T02:38:35.000Z</time>
        <extensions>
          <ns3:TrackPointExtension>
            <ns3:hr>111</ns3:hr>
            <ns3:cad>50</ns3:cad>
          </ns3:TrackPointExtension>
        </extensions>
      </trkpt>
      <trkpt lat="35.64140553586184978485107421875" lon="127.610368989408016204833984375">
        <ele>978.4000244140625</ele>
        <time>2025-12-27T02:38:37.000Z</time>
        <extensions>
          <ns3:TrackPointExtension>
            <ns3:hr>117</ns3:hr>
            <ns3:cad>50</ns3:cad>
          </ns3:TrackPointExtension>
        </extensions>
      </trkpt>
      <trkpt lat="35.64138005487620830535888671875" lon="127.61032196693122386932373046875">
        <ele>978.79998779296875</ele>
        <time>2025-12-27T02:38:40.000Z</time>
        <extensions>
          <ns3:TrackPointExtension>
            <ns3:hr>120</ns3:hr>
            <ns3:cad>50</ns3:cad>
          </ns3:TrackPointExtension>
        </extensions>
      </trkpt>
      <trkpt lat="35.64136714674532413482666015625" lon="127.61029749177396297454833984375">
        <ele>979</ele>
        <time>2025-12-27T02:38:42.000Z</time>
        <extensions>
          <ns3:TrackPointExtension>
            <ns3:hr>123</ns3:hr>
            <ns3:cad>50</ns3:cad>
          </ns3:TrackPointExtension>
        </extensions>
      </trkpt>
      <trkpt lat="35.6413561664521694183349609375" lon="127.61027217842638492584228515625">
        <ele>979.5999755859375</ele>
        <time>2025-12-27T02:38:44.000Z</time>
        <extensions>
          <ns3:TrackPointExtension>
            <ns3:hr>124</ns3:hr>
            <ns3:cad>50</ns3:cad>
          </ns3:TrackPointExtension>
        </extensions>
      </trkpt>
      <trkpt lat="35.64135205931961536407470703125" lon="127.61026094667613506317138671875">
        <ele>979.79998779296875</ele>
        <time>2025-12-27T02:38:45.000Z</time>
        <extensions>
          <ns3:TrackPointExtension>
            <ns3:hr>124</ns3:hr>
            <ns3:cad>50</ns3:cad>
          </ns3:TrackPointExtension>
        </extensions>
      </trkpt>
      <trkpt lat="35.64132037572562694549560546875" lon="127.61020562611520290374755859375">
        <ele>980.79998779296875</ele>
        <time>2025-12-27T02:38:51.000Z</time>
        <extensions>
          <ns3:TrackPointExtension>
            <ns3:hr>124</ns3:hr>
            <ns3:cad>50</ns3:cad>
          </ns3:TrackPointExtension>
        </extensions>
      </trkpt>
      <trkpt lat="35.64129958860576152801513671875" lon="127.61016748845577239990234375">
        <ele>981.4000244140625</ele>
        <time>2025-12-27T02:38:54.000Z</time>
        <extensions>
          <ns3:TrackPointExtension>
            <ns3:hr>125</ns3:hr>
            <ns3:cad>51</ns3:cad>
          </ns3:TrackPointExtension>
        </extensions>
      </trkpt>
      <trkpt lat="35.64127720892429351806640625" lon="127.61012432165443897247314453125">
        <ele>982</ele>
        <time>2025-12-27T02:38:58.000Z</time>
        <extensions>
          <ns3:TrackPointExtension>
            <ns3:hr>125</ns3:hr>
            <ns3:cad>49</ns3:cad>
          </ns3:TrackPointExtension>
        </extensions>
      </trkpt>
      <trkpt lat="35.64124904572963714599609375" lon="127.610082663595676422119140625">
        <ele>983.20001220703125</ele>
        <time>2025-12-27T02:39:03.000Z</time>
        <extensions>
          <ns3:TrackPointExtension>
            <ns3:hr>126</ns3:hr>
            <ns3:cad>48</ns3:cad>
          </ns3:TrackPointExtension>
        </extensions>
      </trkpt>
      <trkpt lat="35.64124502241611480712890625" lon="127.61006950400769710540771484375">
        <ele>983.4000244140625</ele>
        <time>2025-12-27T02:39:04.000Z</time>
        <extensions>
          <ns3:TrackPointExtension>
            <ns3:hr>127</ns3:hr>
            <ns3:cad>48</ns3:cad>
          </ns3:TrackPointExtension>
        </extensions>
      </trkpt>
      <trkpt lat="35.64122096635401248931884765625" lon="127.6100211404263973236083984375">
        <ele>984.4000244140625</ele>
        <time>2025-12-27T02:39:08.000Z</time>
        <extensions>
          <ns3:TrackPointExtension>
            <ns3:hr>128</ns3:hr>
            <ns3:cad>48</ns3:cad>
          </ns3:TrackPointExtension>
        </extensions>
      </trkpt>
      <trkpt lat="35.64118375070393085479736328125" lon="127.609955258667469024658203125">
        <ele>984.5999755859375</ele>
        <time>2025-12-27T02:39:13.000Z</time>
        <extensions>
          <ns3:TrackPointExtension>
            <ns3:hr>129</ns3:hr>
            <ns3:cad>52</ns3:cad>
          </ns3:TrackPointExtension>
        </extensions>
      </trkpt>
      <trkpt lat="35.641110241413116455078125" lon="127.60985207743942737579345703125">
        <ele>983.4000244140625</ele>
        <time>2025-12-27T02:39:21.000Z</time>
        <extensions>
          <ns3:TrackPointExtension>
            <ns3:hr>131</ns3:hr>
            <ns3:cad>58</ns3:cad>
          </ns3:TrackPointExtension>
        </extensions>
      </trkpt>
      <trkpt lat="35.641038157045841217041015625" lon="127.60975384153425693511962890625">
        <ele>982.79998779296875</ele>
        <time>2025-12-27T02:39:29.000Z</time>
        <extensions>
          <ns3:TrackPointExtension>
            <ns3:hr>131</ns3:hr>
            <ns3:cad>58</ns3:cad>
          </ns3:TrackPointExtension>
        </extensions>
      </trkpt>
      <trkpt lat="35.64095140434801578521728515625" lon="127.6096647419035434722900390625">
        <ele>983.20001220703125</ele>
        <time>2025-12-27T02:39:38.000Z</time>
        <extensions>
          <ns3:TrackPointExtension>
            <ns3:hr>130</ns3:hr>
            <ns3:cad>54</ns3:cad>
          </ns3:TrackPointExtension>
        </extensions>
      </trkpt>
      <trkpt lat="35.64092994667589664459228515625" lon="127.60963238775730133056640625">
        <ele>984.5999755859375</ele>
        <time>2025-12-27T02:39:43.000Z</time>
        <extensions>
          <ns3:TrackPointExtension>
            <ns3:hr>129</ns3:hr>
            <ns3:cad>50</ns3:cad>
          </ns3:TrackPointExtension>
        </extensions>
      </trkpt>
      <trkpt lat="35.640916787087917327880859375" lon="127.60961604304611682891845703125">
        <ele>985.4000244140625</ele>
        <time>2025-12-27T02:39:46.000Z</time>
        <extensions>
          <ns3:TrackPointExtension>
            <ns3:hr>129</ns3:hr>
            <ns3:cad>51</ns3:cad>
          </ns3:TrackPointExtension>
        </extensions>
      </trkpt>
      <trkpt lat="35.64091108739376068115234375" lon="127.60960916988551616668701171875">
        <ele>985.79998779296875</ele>
        <time>2025-12-27T02:39:47.000Z</time>
        <extensions>
          <ns3:TrackPointExtension>
            <ns3:hr>129</ns3:hr>
            <ns3:cad>52</ns3:cad>
          </ns3:TrackPointExtension>
        </extensions>
      </trkpt>
      <trkpt lat="35.64089859835803508758544921875" lon="127.60960732586681842803955078125">
        <ele>987</ele>
        <time>2025-12-27T02:39:50.000Z</time>
        <extensions>
          <ns3:TrackPointExtension>
            <ns3:hr>130</ns3:hr>
            <ns3:cad>51</ns3:cad>
          </ns3:TrackPointExtension>
        </extensions>
      </trkpt>
      <trkpt lat="35.64087613485753536224365234375" lon="127.609603218734264373779296875">
        <ele>987.79998779296875</ele>
        <time>2025-12-27T02:39:54.000Z</time>
        <extensions>
          <ns3:TrackPointExtension>
            <ns3:hr>133</ns3:hr>
            <ns3:cad>51</ns3:cad>
          </ns3:TrackPointExtension>
        </extensions>
      </trkpt>
      <trkpt lat="35.64087311737239360809326171875" lon="127.60960179381072521209716796875">
        <ele>988</ele>
        <time>2025-12-27T02:39:55.000Z</time>
        <extensions>
          <ns3:TrackPointExtension>
            <ns3:hr>133</ns3:hr>
            <ns3:cad>51</ns3:cad>
          </ns3:TrackPointExtension>
        </extensions>
      </trkpt>
      <trkpt lat="35.64085685648024082183837890625" lon="127.6095829345285892486572265625">
        <ele>989.20001220703125</ele>
        <time>2025-12-27T02:39:59.000Z</time>
        <extensions>
          <ns3:TrackPointExtension>
            <ns3:hr>135</ns3:hr>
            <ns3:cad>51</ns3:cad>
          </ns3:TrackPointExtension>
        </extensions>
      </trkpt>
      <trkpt lat="35.640842020511627197265625" lon="127.6095665059983730316162109375">
        <ele>990.20001220703125</ele>
        <time>2025-12-27T02:40:02.000Z</time>
        <extensions>
          <ns3:TrackPointExtension>
            <ns3:hr>138</ns3:hr>
            <ns3:cad>51</ns3:cad>
          </ns3:TrackPointExtension>
        </extensions>
      </trkpt>
      <trkpt lat="35.64083254896104335784912109375" lon="127.6095592975616455078125">
        <ele>991</ele>
        <time>2025-12-27T02:40:04.000Z</time>
        <extensions>
          <ns3:TrackPointExtension>
            <ns3:hr>142</ns3:hr>
            <ns3:cad>54</ns3:cad>
          </ns3:TrackPointExtension>
        </extensions>
      </trkpt>
      <trkpt lat="35.64082416705787181854248046875" lon="127.60955451987683773040771484375">
        <ele>991.4000244140625</ele>
        <time>2025-12-27T02:40:06.000Z</time>
        <extensions>
          <ns3:TrackPointExtension>
            <ns3:hr>143</ns3:hr>
            <ns3:cad>55</ns3:cad>
          </ns3:TrackPointExtension>
        </extensions>
      </trkpt>
      <trkpt lat="35.640803463757038116455078125" lon="127.609536834061145782470703125">
        <ele>992.5999755859375</ele>
        <time>2025-12-27T02:40:10.000Z</time>
        <extensions>
          <ns3:TrackPointExtension>
            <ns3:hr>142</ns3:hr>
            <ns3:cad>55</ns3:cad>
          </ns3:TrackPointExtension>
        </extensions>
      </trkpt>
      <trkpt lat="35.64080120064318180084228515625" lon="127.60953641496598720550537109375">
        <ele>992.79998779296875</ele>
        <time>2025-12-27T02:40:11.000Z</time>
        <extensions>
          <ns3:TrackPointExtension>
            <ns3:hr>141</ns3:hr>
            <ns3:cad>55</ns3:cad>
          </ns3:TrackPointExtension>
        </extensions>
      </trkpt>
      <trkpt lat="35.6407789885997772216796875" lon="127.60953641496598720550537109375">
        <ele>993.5999755859375</ele>
        <time>2025-12-27T02:40:15.000Z</time>
        <extensions>
          <ns3:TrackPointExtension>
            <ns3:hr>140</ns3:hr>
            <ns3:cad>53</ns3:cad>
          </ns3:TrackPointExtension>
        </extensions>
      </trkpt>
      <trkpt lat="35.64076264388859272003173828125" lon="127.609524428844451904296875">
        <ele>994.4000244140625</ele>
        <time>2025-12-27T02:40:18.000Z</time>
        <extensions>
          <ns3:TrackPointExtension>
            <ns3:hr>141</ns3:hr>
            <ns3:cad>52</ns3:cad>
          </ns3:TrackPointExtension>
        </extensions>
      </trkpt>
      <trkpt lat="35.6407575309276580810546875" lon="127.60952132754027843475341796875">
        <ele>994.79998779296875</ele>
        <time>2025-12-27T02:40:19.000Z</time>
        <extensions>
          <ns3:TrackPointExtension>
            <ns3:hr>141</ns3:hr>
            <ns3:cad>52</ns3:cad>
          </ns3:TrackPointExtension>
        </extensions>
      </trkpt>
      <trkpt lat="35.64073716290295124053955078125" lon="127.60948914103209972381591796875">
        <ele>996</ele>
        <time>2025-12-27T02:40:23.000Z</time>
        <extensions>
          <ns3:TrackPointExtension>
            <ns3:hr>141</ns3:hr>
            <ns3:cad>51</ns3:cad>
          </ns3:TrackPointExtension>
        </extensions>
      </trkpt>
      <trkpt lat="35.64073012210428714752197265625" lon="127.609471119940280914306640625">
        <ele>996.4000244140625</ele>
        <time>2025-12-27T02:40:25.000Z</time>
        <extensions>
          <ns3:TrackPointExtension>
            <ns3:hr>142</ns3:hr>
            <ns3:cad>51</ns3:cad>
          </ns3:TrackPointExtension>
        </extensions>
      </trkpt>
      <trkpt lat="35.64072425477206707000732421875" lon="127.60946416296064853668212890625">
        <ele>996.79998779296875</ele>
        <time>2025-12-27T02:40:27.000Z</time>
        <extensions>
          <ns3:TrackPointExtension>
            <ns3:hr>147</ns3:hr>
            <ns3:cad>50</ns3:cad>
          </ns3:TrackPointExtension>
        </extensions>
      </trkpt>
      <trkpt lat="35.64072199165821075439453125" lon="127.60946516878902912139892578125">
        <ele>997.20001220703125</ele>
        <time>2025-12-27T02:40:28.000Z</time>
        <extensions>
          <ns3:TrackPointExtension>
            <ns3:hr>154</ns3:hr>
            <ns3:cad>50</ns3:cad>
          </ns3:TrackPointExtension>
        </extensions>
      </trkpt>
      <trkpt lat="35.6407184712588787078857421875" lon="127.60946500115096569061279296875">
        <ele>997.4000244140625</ele>
        <time>2025-12-27T02:40:29.000Z</time>
        <extensions>
          <ns3:TrackPointExtension>
            <ns3:hr>154</ns3:hr>
            <ns3:cad>50</ns3:cad>
          </ns3:TrackPointExtension>
        </extensions>
      </trkpt>
      <trkpt lat="35.6406943313777446746826171875" lon="127.60945527814328670501708984375">
        <ele>998.20001220703125</ele>
        <time>2025-12-27T02:40:33.000Z</time>
        <extensions>
          <ns3:TrackPointExtension>
            <ns3:hr>154</ns3:hr>
            <ns3:cad>52</ns3:cad>
          </ns3:TrackPointExtension>
        </extensions>
      </trkpt>
      <trkpt lat="35.640674047172069549560546875" lon="127.6094645820558071136474609375">
        <ele>999.4000244140625</ele>
        <time>2025-12-27T02:40:39.000Z</time>
        <extensions>
          <ns3:TrackPointExtension>
            <ns3:hr>154</ns3:hr>
            <ns3:cad>52</ns3:cad>
          </ns3:TrackPointExtension>
        </extensions>
      </trkpt>
      <trkpt lat="35.64066826365888118743896484375" lon="127.60946449823677539825439453125">
        <ele>999.5999755859375</ele>
        <time>2025-12-27T02:40:40.000Z</time>
        <extensions>
          <ns3:TrackPointExtension>
            <ns3:hr>154</ns3:hr>
            <ns3:cad>52</ns3:cad>
          </ns3:TrackPointExtension>
        </extensions>
      </trkpt>
      <trkpt lat="35.64065669663250446319580078125" lon="127.6094800047576427459716796875">
        <ele>1000.4000244140625</ele>
        <time>2025-12-27T02:40:43.000Z</time>
        <extensions>
          <ns3:TrackPointExtension>
            <ns3:hr>154</ns3:hr>
            <ns3:cad>75</ns3:cad>
          </ns3:TrackPointExtension>
        </extensions>
      </trkpt>
      <trkpt lat="35.6406487338244915008544921875" lon="127.609472461044788360595703125">
        <ele>1001</ele>
        <time>2025-12-27T02:40:45.000Z</time>
        <extensions>
          <ns3:TrackPointExtension>
            <ns3:hr>155</ns3:hr>
            <ns3:cad>71</ns3:cad>
          </ns3:TrackPointExtension>
        </extensions>
      </trkpt>
      <trkpt lat="35.64062451012432575225830078125" lon="127.6094612292945384979248046875">
        <ele>1001.5999755859375</ele>
        <time>2025-12-27T02:40:48.000Z</time>
        <extensions>
          <ns3:TrackPointExtension>
            <ns3:hr>154</ns3:hr>
            <ns3:cad>72</ns3:cad>
          </ns3:TrackPointExtension>
        </extensions>
      </trkpt>
      <trkpt lat="35.64059852622449398040771484375" lon="127.609440274536609649658203125">
        <ele>1002.5999755859375</ele>
        <time>2025-12-27T02:40:52.000Z</time>
        <extensions>
          <ns3:TrackPointExtension>
            <ns3:hr>153</ns3:hr>
            <ns3:cad>76</ns3:cad>
          </ns3:TrackPointExtension>
        </extensions>
      </trkpt>
      <trkpt lat="35.64059584401547908782958984375" lon="127.6094441302120685577392578125">
        <ele>1003</ele>
        <time>2025-12-27T02:40:53.000Z</time>
        <extensions>
          <ns3:TrackPointExtension>
            <ns3:hr>153</ns3:hr>
            <ns3:cad>79</ns3:cad>
          </ns3:TrackPointExtension>
        </extensions>
      </trkpt>
      <trkpt lat="35.64058109186589717864990234375" lon="127.6094501651823520660400390625">
        <ele>1003.4000244140625</ele>
        <time>2025-12-27T02:40:55.000Z</time>
        <extensions>
          <ns3:TrackPointExtension>
            <ns3:hr>152</ns3:hr>
            <ns3:cad>76</ns3:cad>
          </ns3:TrackPointExtension>
        </extensions>
      </trkpt>
      <trkpt lat="35.64057639800012111663818359375" lon="127.60945745743811130523681640625">
        <ele>1003.79998779296875</ele>
        <time>2025-12-27T02:40:57.000Z</time>
        <extensions>
          <ns3:TrackPointExtension>
            <ns3:hr>153</ns3:hr>
            <ns3:cad>77</ns3:cad>
          </ns3:TrackPointExtension>
        </extensions>
      </trkpt>
      <trkpt lat="35.64056080766022205352783203125" lon="127.60946332477033138275146484375">
        <ele>1004.4000244140625</ele>
        <time>2025-12-27T02:41:00.000Z</time>
        <extensions>
          <ns3:TrackPointExtension>
            <ns3:hr>155</ns3:hr>
            <ns3:cad>77</ns3:cad>
          </ns3:TrackPointExtension>
        </extensions>
      </trkpt>
      <trkpt lat="35.64055309630930423736572265625" lon="127.6094639115035533905029296875">
        <ele>1004.79998779296875</ele>
        <time>2025-12-27T02:41:02.000Z</time>
        <extensions>
          <ns3:TrackPointExtension>
            <ns3:hr>154</ns3:hr>
            <ns3:cad>77</ns3:cad>
          </ns3:TrackPointExtension>
        </extensions>
      </trkpt>
      <trkpt lat="35.64052560366690158843994140625" lon="127.60946919210255146026611328125">
        <ele>1005.5999755859375</ele>
        <time>2025-12-27T02:41:07.000Z</time>
        <extensions>
          <ns3:TrackPointExtension>
            <ns3:hr>153</ns3:hr>
            <ns3:cad>0</ns3:cad>
          </ns3:TrackPointExtension>
        </extensions>
      </trkpt>
      <trkpt lat="35.64052107743918895721435546875" lon="127.6094702817499637603759765625">
        <ele>1005.79998779296875</ele>
        <time>2025-12-27T02:41:08.000Z</time>
        <extensions>
          <ns3:TrackPointExtension>
            <ns3:hr>153</ns3:hr>
            <ns3:cad>0</ns3:cad>
          </ns3:TrackPointExtension>
        </extensions>
      </trkpt>
      <trkpt lat="35.64049358479678630828857421875" lon="127.60948562063276767730712890625">
        <ele>1007</ele>
        <time>2025-12-27T02:41:14.000Z</time>
        <extensions>
          <ns3:TrackPointExtension>
            <ns3:hr>154</ns3:hr>
            <ns3:cad>68</ns3:cad>
          </ns3:TrackPointExtension>
        </extensions>
      </trkpt>
      <trkpt lat="35.640470869839191436767578125" lon="127.60945863090455532073974609375">
        <ele>1007.79998779296875</ele>
        <time>2025-12-27T02:41:20.000Z</time>
        <extensions>
          <ns3:TrackPointExtension>
            <ns3:hr>157</ns3:hr>
            <ns3:cad>71</ns3:cad>
          </ns3:TrackPointExtension>
        </extensions>
      </trkpt>
      <trkpt lat="35.6404624879360198974609375" lon="127.6094444654881954193115234375">
        <ele>1008.20001220703125</ele>
        <time>2025-12-27T02:41:22.000Z</time>
        <extensions>
          <ns3:TrackPointExtension>
            <ns3:hr>158</ns3:hr>
            <ns3:cad>71</ns3:cad>
          </ns3:TrackPointExtension>
        </extensions>
      </trkpt>
      <trkpt lat="35.64043591730296611785888671875" lon="127.6094256900250911712646484375">
        <ele>1009.20001220703125</ele>
        <time>2025-12-27T02:41:26.000Z</time>
        <extensions>
          <ns3:TrackPointExtension>
            <ns3:hr>159</ns3:hr>
            <ns3:cad>79</ns3:cad>
          </ns3:TrackPointExtension>
        </extensions>
      </trkpt>
      <trkpt lat="35.6404170580208301544189453125" lon="127.60940968059003353118896484375">
        <ele>1009.79998779296875</ele>
        <time>2025-12-27T02:41:29.000Z</time>
        <extensions>
          <ns3:TrackPointExtension>
            <ns3:hr>156</ns3:hr>
            <ns3:cad>74</ns3:cad>
          </ns3:TrackPointExtension>
        </extensions>
      </trkpt>
      <trkpt lat="35.6404069997370243072509765625" lon="127.6093958504498004913330078125">
        <ele>1010.4000244140625</ele>
        <time>2025-12-27T02:41:31.000Z</time>
        <extensions>
          <ns3:TrackPointExtension>
            <ns3:hr>155</ns3:hr>
            <ns3:cad>76</ns3:cad>
          </ns3:TrackPointExtension>
        </extensions>
      </trkpt>
      <trkpt lat="35.64040071330964565277099609375" lon="127.60932234115898609161376953125">
        <ele>1011.5999755859375</ele>
        <time>2025-12-27T02:41:37.000Z</time>
        <extensions>
          <ns3:TrackPointExtension>
            <ns3:hr>155</ns3:hr>
            <ns3:cad>68</ns3:cad>
          </ns3:TrackPointExtension>
        </extensions>
      </trkpt>
      <trkpt lat="35.6403959356248378753662109375" lon="127.6093227602541446685791015625">
        <ele>1011.5999755859375</ele>
        <time>2025-12-27T02:41:38.000Z</time>
        <extensions>
          <ns3:TrackPointExtension>
            <ns3:hr>155</ns3:hr>
            <ns3:cad>68</ns3:cad>
          </ns3:TrackPointExtension>
        </extensions>
      </trkpt>
      <trkpt lat="35.6403744779527187347412109375" lon="127.60930708609521389007568359375">
        <ele>1012.5999755859375</ele>
        <time>2025-12-27T02:41:43.000Z</time>
        <extensions>
          <ns3:TrackPointExtension>
            <ns3:hr>155</ns3:hr>
            <ns3:cad>74</ns3:cad>
          </ns3:TrackPointExtension>
        </extensions>
      </trkpt>
      <trkpt lat="35.640362910926342010498046875" lon="127.60929300449788570404052734375">
        <ele>1013</ele>
        <time>2025-12-27T02:41:45.000Z</time>
        <extensions>
          <ns3:TrackPointExtension>
            <ns3:hr>155</ns3:hr>
            <ns3:cad>76</ns3:cad>
          </ns3:TrackPointExtension>
        </extensions>
      </trkpt>
      <trkpt lat="35.6403147988021373748779296875" lon="127.609256207942962646484375">
        <ele>1013.5999755859375</ele>
        <time>2025-12-27T02:41:51.000Z</time>
        <extensions>
          <ns3:TrackPointExtension>
            <ns3:hr>156</ns3:hr>
            <ns3:cad>80</ns3:cad>
          </ns3:TrackPointExtension>
        </extensions>
      </trkpt>
      <trkpt lat="35.6402814388275146484375" lon="127.6092339120805263519287109375">
        <ele>1013.79998779296875</ele>
        <time>2025-12-27T02:41:55.000Z</time>
        <extensions>
          <ns3:TrackPointExtension>
            <ns3:hr>155</ns3:hr>
            <ns3:cad>44</ns3:cad>
          </ns3:TrackPointExtension>
        </extensions>
      </trkpt>
      <trkpt lat="35.640232823789119720458984375" lon="127.6091671921312808990478515625">
        <ele>1014.5999755859375</ele>
        <time>2025-12-27T02:42:02.000Z</time>
        <extensions>
          <ns3:TrackPointExtension>
            <ns3:hr>152</ns3:hr>
            <ns3:cad>47</ns3:cad>
          </ns3:TrackPointExtension>
        </extensions>
      </trkpt>
      <trkpt lat="35.6402105279266834259033203125" lon="127.60912905447185039520263671875">
        <ele>1014.79998779296875</ele>
        <time>2025-12-27T02:42:05.000Z</time>
        <extensions>
          <ns3:TrackPointExtension>
            <ns3:hr>152</ns3:hr>
            <ns3:cad>44</ns3:cad>
          </ns3:TrackPointExtension>
        </extensions>
      </trkpt>
      <trkpt lat="35.640169791877269744873046875" lon="127.6090277172625064849853515625">
        <ele>1015</ele>
        <time>2025-12-27T02:42:13.000Z</time>
        <extensions>
          <ns3:TrackPointExtension>
            <ns3:hr>150</ns3:hr>
            <ns3:cad>48</ns3:cad>
          </ns3:TrackPointExtension>
        </extensions>
      </trkpt>
      <trkpt lat="35.64015780575573444366455078125" lon="127.60900835506618022918701171875">
        <ele>1014.79998779296875</ele>
        <time>2025-12-27T02:42:15.000Z</time>
        <extensions>
          <ns3:TrackPointExtension>
            <ns3:hr>147</ns3:hr>
            <ns3:cad>50</ns3:cad>
          </ns3:TrackPointExtension>
        </extensions>
      </trkpt>
      <trkpt lat="35.64012243412435054779052734375" lon="127.6089700497686862945556640625">
        <ele>1014.4000244140625</ele>
        <time>2025-12-27T02:42:19.000Z</time>
        <extensions>
          <ns3:TrackPointExtension>
            <ns3:hr>144</ns3:hr>
            <ns3:cad>51</ns3:cad>
          </ns3:TrackPointExtension>
        </extensions>
      </trkpt>
      <trkpt lat="35.64009376801550388336181640625" lon="127.6089174114167690277099609375">
        <ele>1014.20001220703125</ele>
        <time>2025-12-27T02:42:22.000Z</time>
        <extensions>
          <ns3:TrackPointExtension>
            <ns3:hr>142</ns3:hr>
            <ns3:cad>55</ns3:cad>
          </ns3:TrackPointExtension>
        </extensions>
      </trkpt>
      <trkpt lat="35.64007834531366825103759765625" lon="127.60882680304348468780517578125">
        <ele>1014.20001220703125</ele>
        <time>2025-12-27T02:42:28.000Z</time>
        <extensions>
          <ns3:TrackPointExtension>
            <ns3:hr>139</ns3:hr>
            <ns3:cad>54</ns3:cad>
          </ns3:TrackPointExtension>
        </extensions>
      </trkpt>
      <trkpt lat="35.6400777585804462432861328125" lon="127.6088161580264568328857421875">
        <ele>1014.20001220703125</ele>
        <time>2025-12-27T02:42:29.000Z</time>
        <extensions>
          <ns3:TrackPointExtension>
            <ns3:hr>137</ns3:hr>
            <ns3:cad>53</ns3:cad>
          </ns3:TrackPointExtension>
        </extensions>
      </trkpt>
      <trkpt lat="35.64006627537310123443603515625" lon="127.60877139866352081298828125">
        <ele>1014.4000244140625</ele>
        <time>2025-12-27T02:42:33.000Z</time>
        <extensions>
          <ns3:TrackPointExtension>
            <ns3:hr>134</ns3:hr>
            <ns3:cad>52</ns3:cad>
          </ns3:TrackPointExtension>
        </extensions>
      </trkpt>
      <trkpt lat="35.64005906693637371063232421875" lon="127.6087076961994171142578125">
        <ele>1014.5999755859375</ele>
        <time>2025-12-27T02:42:37.000Z</time>
        <extensions>
          <ns3:TrackPointExtension>
            <ns3:hr>133</ns3:hr>
            <ns3:cad>51</ns3:cad>
          </ns3:TrackPointExtension>
        </extensions>
      </trkpt>
      <trkpt lat="35.64003693871200084686279296875" lon="127.6085848174989223480224609375">
        <ele>1015.4000244140625</ele>
        <time>2025-12-27T02:42:46.000Z</time>
        <extensions>
          <ns3:TrackPointExtension>
            <ns3:hr>130</ns3:hr>
            <ns3:cad>49</ns3:cad>
          </ns3:TrackPointExtension>
        </extensions>
      </trkpt>
      <trkpt lat="35.640034340322017669677734375" lon="127.60857098735868930816650390625">
        <ele>1015.4000244140625</ele>
        <time>2025-12-27T02:42:47.000Z</time>
        <extensions>
          <ns3:TrackPointExtension>
            <ns3:hr>130</ns3:hr>
            <ns3:cad>49</ns3:cad>
          </ns3:TrackPointExtension>
        </extensions>
      </trkpt>
      <trkpt lat="35.64003040082752704620361328125" lon="127.608549110591411590576171875">
        <ele>1015.79998779296875</ele>
        <time>2025-12-27T02:42:49.000Z</time>
        <extensions>
          <ns3:TrackPointExtension>
            <ns3:hr>129</ns3:hr>
            <ns3:cad>49</ns3:cad>
          </ns3:TrackPointExtension>
        </extensions>
      </trkpt>
      <trkpt lat="35.6400143913924694061279296875" lon="127.60847124271094799041748046875">
        <ele>1016.79998779296875</ele>
        <time>2025-12-27T02:42:55.000Z</time>
        <extensions>
          <ns3:TrackPointExtension>
            <ns3:hr>129</ns3:hr>
            <ns3:cad>47</ns3:cad>
          </ns3:TrackPointExtension>
        </extensions>
      </trkpt>
      <trkpt lat="35.64000911079347133636474609375" lon="127.60846168734133243560791015625">
        <ele>1017</ele>
        <time>2025-12-27T02:42:56.000Z</time>
        <extensions>
          <ns3:TrackPointExtension>
            <ns3:hr>129</ns3:hr>
            <ns3:cad>47</ns3:cad>
          </ns3:TrackPointExtension>
        </extensions>
      </trkpt>
      <trkpt lat="35.639982707798480987548828125" lon="127.60842363350093364715576171875">
        <ele>1018</ele>
        <time>2025-12-27T02:43:01.000Z</time>
        <extensions>
          <ns3:TrackPointExtension>
            <ns3:hr>130</ns3:hr>
            <ns3:cad>47</ns3:cad>
          </ns3:TrackPointExtension>
        </extensions>
      </trkpt>
      <trkpt lat="35.63995848409831523895263671875" lon="127.60839479975402355194091796875">
        <ele>1018.20001220703125</ele>
        <time>2025-12-27T02:43:04.000Z</time>
        <extensions>
          <ns3:TrackPointExtension>
            <ns3:hr>131</ns3:hr>
            <ns3:cad>44</ns3:cad>
          </ns3:TrackPointExtension>
        </extensions>
      </trkpt>
      <trkpt lat="35.63993317075073719024658203125" lon="127.6083357073366641998291015625">
        <ele>1019</ele>
        <time>2025-12-27T02:43:09.000Z</time>
        <extensions>
          <ns3:TrackPointExtension>
            <ns3:hr>132</ns3:hr>
            <ns3:cad>49</ns3:cad>
          </ns3:TrackPointExtension>
        </extensions>
      </trkpt>
      <trkpt lat="35.639917664229869842529296875" lon="127.60831567458808422088623046875">
        <ele>1019.4000244140625</ele>
        <time>2025-12-27T02:43:12.000Z</time>
        <extensions>
          <ns3:TrackPointExtension>
            <ns3:hr>132</ns3:hr>
            <ns3:cad>49</ns3:cad>
          </ns3:TrackPointExtension>
        </extensions>
      </trkpt>
      <trkpt lat="35.6398849748075008392333984375" lon="127.6082887686789035797119140625">
        <ele>1020</ele>
        <time>2025-12-27T02:43:16.000Z</time>
        <extensions>
          <ns3:TrackPointExtension>
            <ns3:hr>132</ns3:hr>
            <ns3:cad>47</ns3:cad>
          </ns3:TrackPointExtension>
        </extensions>
      </trkpt>
      <trkpt lat="35.63984164036810398101806640625" lon="127.6082649640738964080810546875">
        <ele>1021</ele>
        <time>2025-12-27T02:43:21.000Z</time>
        <extensions>
          <ns3:TrackPointExtension>
            <ns3:hr>132</ns3:hr>
            <ns3:cad>47</ns3:cad>
          </ns3:TrackPointExtension>
        </extensions>
      </trkpt>
      <trkpt lat="35.63982588239014148712158203125" lon="127.6082505472004413604736328125">
        <ele>1021.20001220703125</ele>
        <time>2025-12-27T02:43:23.000Z</time>
        <extensions>
          <ns3:TrackPointExtension>
            <ns3:hr>132</ns3:hr>
            <ns3:cad>47</ns3:cad>
          </ns3:TrackPointExtension>
        </extensions>
      </trkpt>
      <trkpt lat="35.6397837214171886444091796875" lon="127.60818525217473506927490234375">
        <ele>1021.4000244140625</ele>
        <time>2025-12-27T02:43:29.000Z</time>
        <extensions>
          <ns3:TrackPointExtension>
            <ns3:hr>133</ns3:hr>
            <ns3:cad>50</ns3:cad>
          </ns3:TrackPointExtension>
        </extensions>
      </trkpt>
      <trkpt lat="35.639705099165439605712890625" lon="127.608086764812469482421875">
        <ele>1021.20001220703125</ele>
        <time>2025-12-27T02:43:37.000Z</time>
        <extensions>
          <ns3:TrackPointExtension>
            <ns3:hr>134</ns3:hr>
            <ns3:cad>53</ns3:cad>
          </ns3:TrackPointExtension>
        </extensions>
      </trkpt>
      <trkpt lat="35.639640055596828460693359375" lon="127.608037479221820831298828125">
        <ele>1021.20001220703125</ele>
        <time>2025-12-27T02:43:45.000Z</time>
        <extensions>
          <ns3:TrackPointExtension>
            <ns3:hr>132</ns3:hr>
            <ns3:cad>53</ns3:cad>
          </ns3:TrackPointExtension>
        </extensions>
      </trkpt>
      <trkpt lat="35.63959370367228984832763671875" lon="127.60801141150295734405517578125">
        <ele>1022</ele>
        <time>2025-12-27T02:43:50.000Z</time>
        <extensions>
          <ns3:TrackPointExtension>
            <ns3:hr>129</ns3:hr>
            <ns3:cad>51</ns3:cad>
          </ns3:TrackPointExtension>
        </extensions>
      </trkpt>
      <trkpt lat="35.63958481885492801666259765625" lon="127.60800872929394245147705078125">
        <ele>1022.20001220703125</ele>
        <time>2025-12-27T02:43:51.000Z</time>
        <extensions>
          <ns3:TrackPointExtension>
            <ns3:hr>129</ns3:hr>
            <ns3:cad>51</ns3:cad>
          </ns3:TrackPointExtension>
        </extensions>
      </trkpt>
      <trkpt lat="35.63955095596611499786376953125" lon="127.60799129493534564971923828125">
        <ele>1023.20001220703125</ele>
        <time>2025-12-27T02:43:55.000Z</time>
        <extensions>
          <ns3:TrackPointExtension>
            <ns3:hr>129</ns3:hr>
            <ns3:cad>48</ns3:cad>
          </ns3:TrackPointExtension>
        </extensions>
      </trkpt>
      <trkpt lat="35.63954450190067291259765625" lon="127.60798525996506214141845703125">
        <ele>1023.4000244140625</ele>
        <time>2025-12-27T02:43:56.000Z</time>
        <extensions>
          <ns3:TrackPointExtension>
            <ns3:hr>129</ns3:hr>
            <ns3:cad>47</ns3:cad>
          </ns3:TrackPointExtension>
        </extensions>
      </trkpt>
      <trkpt lat="35.639523379504680633544921875" lon="127.60794804431498050689697265625">
        <ele>1024.5999755859375</ele>
        <time>2025-12-27T02:44:01.000Z</time>
        <extensions>
          <ns3:TrackPointExtension>
            <ns3:hr>128</ns3:hr>
            <ns3:cad>78</ns3:cad>
          </ns3:TrackPointExtension>
        </extensions>
      </trkpt>
      <trkpt lat="35.639508627355098724365234375" lon="127.60792247951030731201171875">
        <ele>1025.4000244140625</ele>
        <time>2025-12-27T02:44:04.000Z</time>
        <extensions>
          <ns3:TrackPointExtension>
            <ns3:hr>129</ns3:hr>
            <ns3:cad>44</ns3:cad>
          </ns3:TrackPointExtension>
        </extensions>
      </trkpt>
      <trkpt lat="35.63950426876544952392578125" lon="127.6079065538942813873291015625">
        <ele>1025.800048828125</ele>
        <time>2025-12-27T02:44:06.000Z</time>
        <extensions>
          <ns3:TrackPointExtension>
            <ns3:hr>129</ns3:hr>
            <ns3:cad>43</ns3:cad>
          </ns3:TrackPointExtension>
        </extensions>
      </trkpt>
      <trkpt lat="35.63948926515877246856689453125" lon="127.60788023471832275390625">
        <ele>1027</ele>
        <time>2025-12-27T02:44:11.000Z</time>
        <extensions>
          <ns3:TrackPointExtension>
            <ns3:hr>131</ns3:hr>
            <ns3:cad>43</ns3:cad>
          </ns3:TrackPointExtension>
        </extensions>
      </trkpt>
      <trkpt lat="35.63945942558348178863525390625" lon="127.6078609563410282135009765625">
        <ele>1027.800048828125</ele>
        <time>2025-12-27T02:44:16.000Z</time>
        <extensions>
          <ns3:TrackPointExtension>
            <ns3:hr>132</ns3:hr>
            <ns3:cad>42</ns3:cad>
          </ns3:TrackPointExtension>
        </extensions>
      </trkpt>
      <trkpt lat="35.6394528038799762725830078125" lon="127.60785768739879131317138671875">
        <ele>1028</ele>
        <time>2025-12-27T02:44:17.000Z</time>
        <extensions>
          <ns3:TrackPointExtension>
            <ns3:hr>132</ns3:hr>
            <ns3:cad>42</ns3:cad>
          </ns3:TrackPointExtension>
        </extensions>
      </trkpt>
      <trkpt lat="35.63942254520952701568603515625" lon="127.607851065695285797119140625">
        <ele>1029</ele>
        <time>2025-12-27T02:44:22.000Z</time>
        <extensions>
          <ns3:TrackPointExtension>
            <ns3:hr>134</ns3:hr>
            <ns3:cad>41</ns3:cad>
          </ns3:TrackPointExtension>
        </extensions>
      </trkpt>
      <trkpt lat="35.63939706422388553619384765625" lon="127.607841677963733673095703125">
        <ele>1030</ele>
        <time>2025-12-27T02:44:26.000Z</time>
        <extensions>
          <ns3:TrackPointExtension>
            <ns3:hr>136</ns3:hr>
            <ns3:cad>43</ns3:cad>
          </ns3:TrackPointExtension>
        </extensions>
      </trkpt>
      <trkpt lat="35.63939253799617290496826171875" lon="127.60783874429762363433837890625">
        <ele>1030.199951171875</ele>
        <time>2025-12-27T02:44:27.000Z</time>
        <extensions>
          <ns3:TrackPointExtension>
            <ns3:hr>136</ns3:hr>
            <ns3:cad>43</ns3:cad>
          </ns3:TrackPointExtension>
        </extensions>
      </trkpt>
      <trkpt lat="35.63937393017113208770751953125" lon="127.60782365687191486358642578125">
        <ele>1031.4000244140625</ele>
        <time>2025-12-27T02:44:32.000Z</time>
        <extensions>
          <ns3:TrackPointExtension>
            <ns3:hr>137</ns3:hr>
            <ns3:cad>43</ns3:cad>
          </ns3:TrackPointExtension>
        </extensions>
      </trkpt>
      <trkpt lat="35.63935414887964725494384765625" lon="127.60780689306557178497314453125">
        <ele>1032.199951171875</ele>
        <time>2025-12-27T02:44:36.000Z</time>
        <extensions>
          <ns3:TrackPointExtension>
            <ns3:hr>138</ns3:hr>
            <ns3:cad>43</ns3:cad>
          </ns3:TrackPointExtension>
        </extensions>
      </trkpt>
      <trkpt lat="35.63934878446161746978759765625" lon="127.60780136100947856903076171875">
        <ele>1032.4000244140625</ele>
        <time>2025-12-27T02:44:37.000Z</time>
        <extensions>
          <ns3:TrackPointExtension>
            <ns3:hr>138</ns3:hr>
            <ns3:cad>44</ns3:cad>
          </ns3:TrackPointExtension>
        </extensions>
      </trkpt>
      <trkpt lat="35.63933369703590869903564453125" lon="127.607780657708644866943359375">
        <ele>1033.4000244140625</ele>
        <time>2025-12-27T02:44:41.000Z</time>
        <extensions>
          <ns3:TrackPointExtension>
            <ns3:hr>139</ns3:hr>
            <ns3:cad>44</ns3:cad>
          </ns3:TrackPointExtension>
        </extensions>
      </trkpt>
      <trkpt lat="35.63932724297046661376953125" lon="127.6077513210475444793701171875">
        <ele>1034.4000244140625</ele>
        <time>2025-12-27T02:44:45.000Z</time>
        <extensions>
          <ns3:TrackPointExtension>
            <ns3:hr>140</ns3:hr>
            <ns3:cad>44</ns3:cad>
          </ns3:TrackPointExtension>
        </extensions>
      </trkpt>
      <trkpt lat="35.6393253989517688751220703125" lon="127.6077452860772609710693359375">
        <ele>1034.5999755859375</ele>
        <time>2025-12-27T02:44:46.000Z</time>
        <extensions>
          <ns3:TrackPointExtension>
            <ns3:hr>140</ns3:hr>
            <ns3:cad>44</ns3:cad>
          </ns3:TrackPointExtension>
        </extensions>
      </trkpt>
      <trkpt lat="35.639314837753772735595703125" lon="127.60772039182484149932861328125">
        <ele>1035.5999755859375</ele>
        <time>2025-12-27T02:44:51.000Z</time>
        <extensions>
          <ns3:TrackPointExtension>
            <ns3:hr>141</ns3:hr>
            <ns3:cad>72</ns3:cad>
          </ns3:TrackPointExtension>
        </extensions>
      </trkpt>
      <trkpt lat="35.6392925418913364410400390625" lon="127.60769306682050228118896484375">
        <ele>1036.4000244140625</ele>
        <time>2025-12-27T02:44:55.000Z</time>
        <extensions>
          <ns3:TrackPointExtension>
            <ns3:hr>141</ns3:hr>
            <ns3:cad>68</ns3:cad>
          </ns3:TrackPointExtension>
        </extensions>
      </trkpt>
      <trkpt lat="35.63927829265594482421875" lon="127.60767496190965175628662109375">
        <ele>1036.800048828125</ele>
        <time>2025-12-27T02:44:57.000Z</time>
        <extensions>
          <ns3:TrackPointExtension>
            <ns3:hr>141</ns3:hr>
            <ns3:cad>70</ns3:cad>
          </ns3:TrackPointExtension>
        </extensions>
      </trkpt>
      <trkpt lat="35.63925750553607940673828125" lon="127.607633806765079498291015625">
        <ele>1037.800048828125</ele>
        <time>2025-12-27T02:45:02.000Z</time>
        <extensions>
          <ns3:TrackPointExtension>
            <ns3:hr>143</ns3:hr>
            <ns3:cad>77</ns3:cad>
          </ns3:TrackPointExtension>
        </extensions>
      </trkpt>
      <trkpt lat="35.63924049027264118194580078125" lon="127.607619054615497589111328125">
        <ele>1038.4000244140625</ele>
        <time>2025-12-27T02:45:05.000Z</time>
        <extensions>
          <ns3:TrackPointExtension>
            <ns3:hr>143</ns3:hr>
            <ns3:cad>42</ns3:cad>
          </ns3:TrackPointExtension>
        </extensions>
      </trkpt>
      <trkpt lat="35.63922825269401073455810546875" lon="127.6076079905033111572265625">
        <ele>1038.800048828125</ele>
        <time>2025-12-27T02:45:07.000Z</time>
        <extensions>
          <ns3:TrackPointExtension>
            <ns3:hr>144</ns3:hr>
            <ns3:cad>41</ns3:cad>
          </ns3:TrackPointExtension>
        </extensions>
      </trkpt>
      <trkpt lat="35.63920629210770130157470703125" lon="127.6075642369687557220458984375">
        <ele>1039.800048828125</ele>
        <time>2025-12-27T02:45:13.000Z</time>
        <extensions>
          <ns3:TrackPointExtension>
            <ns3:hr>146</ns3:hr>
            <ns3:cad>41</ns3:cad>
          </ns3:TrackPointExtension>
        </extensions>
      </trkpt>
      <trkpt lat="35.6392016820609569549560546875" lon="127.60755476541817188262939453125">
        <ele>1040</ele>
        <time>2025-12-27T02:45:14.000Z</time>
        <extensions>
          <ns3:TrackPointExtension>
            <ns3:hr>147</ns3:hr>
            <ns3:cad>41</ns3:cad>
          </ns3:TrackPointExtension>
        </extensions>
      </trkpt>
      <trkpt lat="35.6391859240829944610595703125" lon="127.60751067660748958587646484375">
        <ele>1041</ele>
        <time>2025-12-27T02:45:18.000Z</time>
        <extensions>
          <ns3:TrackPointExtension>
            <ns3:hr>148</ns3:hr>
            <ns3:cad>41</ns3:cad>
          </ns3:TrackPointExtension>
        </extensions>
      </trkpt>
      <trkpt lat="35.6391678191721439361572265625" lon="127.607474885880947113037109375">
        <ele>1041.800048828125</ele>
        <time>2025-12-27T02:45:22.000Z</time>
        <extensions>
          <ns3:TrackPointExtension>
            <ns3:hr>150</ns3:hr>
            <ns3:cad>44</ns3:cad>
          </ns3:TrackPointExtension>
        </extensions>
      </trkpt>
      <trkpt lat="35.63916002400219440460205078125" lon="127.60745870880782604217529296875">
        <ele>1042.199951171875</ele>
        <time>2025-12-27T02:45:24.000Z</time>
        <extensions>
          <ns3:TrackPointExtension>
            <ns3:hr>150</ns3:hr>
            <ns3:cad>43</ns3:cad>
          </ns3:TrackPointExtension>
        </extensions>
      </trkpt>
      <trkpt lat="35.63914292491972446441650390625" lon="127.6074183918535709381103515625">
        <ele>1043</ele>
        <time>2025-12-27T02:45:28.000Z</time>
        <extensions>
          <ns3:TrackPointExtension>
            <ns3:hr>150</ns3:hr>
            <ns3:cad>42</ns3:cad>
          </ns3:TrackPointExtension>
        </extensions>
      </trkpt>
      <trkpt lat="35.63914309255778789520263671875" lon="127.6074041426181793212890625">
        <ele>1043.199951171875</ele>
        <time>2025-12-27T02:45:29.000Z</time>
        <extensions>
          <ns3:TrackPointExtension>
            <ns3:hr>150</ns3:hr>
            <ns3:cad>43</ns3:cad>
          </ns3:TrackPointExtension>
        </extensions>
      </trkpt>
      <trkpt lat="35.6391279213130474090576171875" lon="127.60736047290265560150146484375">
        <ele>1044.4000244140625</ele>
        <time>2025-12-27T02:45:34.000Z</time>
        <extensions>
          <ns3:TrackPointExtension>
            <ns3:hr>150</ns3:hr>
            <ns3:cad>43</ns3:cad>
          </ns3:TrackPointExtension>
        </extensions>
      </trkpt>
      <trkpt lat="35.639123730361461639404296875" lon="127.60735695250332355499267578125">
        <ele>1044.5999755859375</ele>
        <time>2025-12-27T02:45:35.000Z</time>
        <extensions>
          <ns3:TrackPointExtension>
            <ns3:hr>150</ns3:hr>
            <ns3:cad>42</ns3:cad>
          </ns3:TrackPointExtension>
        </extensions>
      </trkpt>
      <trkpt lat="35.6391044519841670989990234375" lon="127.6073409430682659149169921875">
        <ele>1045.4000244140625</ele>
        <time>2025-12-27T02:45:38.000Z</time>
        <extensions>
          <ns3:TrackPointExtension>
            <ns3:hr>149</ns3:hr>
            <ns3:cad>43</ns3:cad>
          </ns3:TrackPointExtension>
        </extensions>
      </trkpt>
      <trkpt lat="35.6390893645584583282470703125" lon="127.60733641684055328369140625">
        <ele>1046.199951171875</ele>
        <time>2025-12-27T02:45:41.000Z</time>
        <extensions>
          <ns3:TrackPointExtension>
            <ns3:hr>149</ns3:hr>
            <ns3:cad>41</ns3:cad>
          </ns3:TrackPointExtension>
        </extensions>
      </trkpt>
      <trkpt lat="35.63907637260854244232177734375" lon="127.607334740459918975830078125">
        <ele>1046.5999755859375</ele>
        <time>2025-12-27T02:45:43.000Z</time>
        <extensions>
          <ns3:TrackPointExtension>
            <ns3:hr>148</ns3:hr>
            <ns3:cad>79</ns3:cad>
          </ns3:TrackPointExtension>
        </extensions>
      </trkpt>
      <trkpt lat="35.63904435373842716217041015625" lon="127.607321329414844512939453125">
        <ele>1047.800048828125</ele>
        <time>2025-12-27T02:45:48.000Z</time>
        <extensions>
          <ns3:TrackPointExtension>
            <ns3:hr>149</ns3:hr>
            <ns3:cad>40</ns3:cad>
          </ns3:TrackPointExtension>
        </extensions>
      </trkpt>
      <trkpt lat="35.63902943395078182220458984375" lon="127.607302553951740264892578125">
        <ele>1048.5999755859375</ele>
        <time>2025-12-27T02:45:51.000Z</time>
        <extensions>
          <ns3:TrackPointExtension>
            <ns3:hr>150</ns3:hr>
            <ns3:cad>41</ns3:cad>
          </ns3:TrackPointExtension>
        </extensions>
      </trkpt>
      <trkpt lat="35.63902406953275203704833984375" lon="127.60728922672569751739501953125">
        <ele>1049</ele>
        <time>2025-12-27T02:45:53.000Z</time>
        <extensions>
          <ns3:TrackPointExtension>
            <ns3:hr>151</ns3:hr>
            <ns3:cad>40</ns3:cad>
          </ns3:TrackPointExtension>
        </extensions>
      </trkpt>
      <trkpt lat="35.63899733126163482666015625" lon="127.6072611473500728607177734375">
        <ele>1050</ele>
        <time>2025-12-27T02:45:58.000Z</time>
        <extensions>
          <ns3:TrackPointExtension>
            <ns3:hr>153</ns3:hr>
            <ns3:cad>75</ns3:cad>
          </ns3:TrackPointExtension>
        </extensions>
      </trkpt>
      <trkpt lat="35.63899121247231960296630859375" lon="127.607255280017852783203125">
        <ele>1050</ele>
        <time>2025-12-27T02:45:59.000Z</time>
        <extensions>
          <ns3:TrackPointExtension>
            <ns3:hr>154</ns3:hr>
            <ns3:cad>74</ns3:cad>
          </ns3:TrackPointExtension>
        </extensions>
      </trkpt>
      <trkpt lat="35.638960115611553192138671875" lon="127.60724279098212718963623046875">
        <ele>1051</ele>
        <time>2025-12-27T02:46:06.000Z</time>
        <extensions>
          <ns3:TrackPointExtension>
            <ns3:hr>154</ns3:hr>
            <ns3:cad>71</ns3:cad>
          </ns3:TrackPointExtension>
        </extensions>
      </trkpt>
      <trkpt lat="35.63895449973642826080322265625" lon="127.60722954757511615753173828125">
        <ele>1051.5999755859375</ele>
        <time>2025-12-27T02:46:08.000Z</time>
        <extensions>
          <ns3:TrackPointExtension>
            <ns3:hr>153</ns3:hr>
            <ns3:cad>71</ns3:cad>
          </ns3:TrackPointExtension>
        </extensions>
      </trkpt>
      <trkpt lat="35.63893639482557773590087890625" lon="127.60720088146626949310302734375">
        <ele>1052.199951171875</ele>
        <time>2025-12-27T02:46:11.000Z</time>
        <extensions>
          <ns3:TrackPointExtension>
            <ns3:hr>154</ns3:hr>
            <ns3:cad>43</ns3:cad>
          </ns3:TrackPointExtension>
        </extensions>
      </trkpt>
      <trkpt lat="35.6389133445918560028076171875" lon="127.60716517455875873565673828125">
        <ele>1053.199951171875</ele>
        <time>2025-12-27T02:46:17.000Z</time>
        <extensions>
          <ns3:TrackPointExtension>
            <ns3:hr>155</ns3:hr>
            <ns3:cad>74</ns3:cad>
          </ns3:TrackPointExtension>
        </extensions>
      </trkpt>
      <trkpt lat="35.63889901153743267059326171875" lon="127.6071600615978240966796875">
        <ele>1054.199951171875</ele>
        <time>2025-12-27T02:46:21.000Z</time>
        <extensions>
          <ns3:TrackPointExtension>
            <ns3:hr>154</ns3:hr>
            <ns3:cad>71</ns3:cad>
          </ns3:TrackPointExtension>
        </extensions>
      </trkpt>
      <trkpt lat="35.63887529075145721435546875" lon="127.6071431301534175872802734375">
        <ele>1055.4000244140625</ele>
        <time>2025-12-27T02:46:26.000Z</time>
        <extensions>
          <ns3:TrackPointExtension>
            <ns3:hr>153</ns3:hr>
            <ns3:cad>74</ns3:cad>
          </ns3:TrackPointExtension>
        </extensions>
      </trkpt>
      <trkpt lat="35.63885123468935489654541015625" lon="127.6071439683437347412109375">
        <ele>1056.4000244140625</ele>
        <time>2025-12-27T02:46:31.000Z</time>
        <extensions>
          <ns3:TrackPointExtension>
            <ns3:hr>153</ns3:hr>
            <ns3:cad>64</ns3:cad>
          </ns3:TrackPointExtension>
        </extensions>
      </trkpt>
      <trkpt lat="35.6388352252542972564697265625" lon="127.60713801719248294830322265625">
        <ele>1057</ele>
        <time>2025-12-27T02:46:34.000Z</time>
        <extensions>
          <ns3:TrackPointExtension>
            <ns3:hr>154</ns3:hr>
            <ns3:cad>64</ns3:cad>
          </ns3:TrackPointExtension>
        </extensions>
      </trkpt>
      <trkpt lat="35.63882701098918914794921875" lon="127.60713617317378520965576171875">
        <ele>1057.5999755859375</ele>
        <time>2025-12-27T02:46:36.000Z</time>
        <extensions>
          <ns3:TrackPointExtension>
            <ns3:hr>154</ns3:hr>
            <ns3:cad>73</ns3:cad>
          </ns3:TrackPointExtension>
        </extensions>
      </trkpt>
      <trkpt lat="35.6388073973357677459716796875" lon="127.60712661780416965484619140625">
        <ele>1058.5999755859375</ele>
        <time>2025-12-27T02:46:42.000Z</time>
        <extensions>
          <ns3:TrackPointExtension>
            <ns3:hr>154</ns3:hr>
            <ns3:cad>67</ns3:cad>
          </ns3:TrackPointExtension>
        </extensions>
      </trkpt>
      <trkpt lat="35.6387970037758350372314453125" lon="127.60712913237512111663818359375">
        <ele>1059</ele>
        <time>2025-12-27T02:46:44.000Z</time>
        <extensions>
          <ns3:TrackPointExtension>
            <ns3:hr>154</ns3:hr>
            <ns3:cad>56</ns3:cad>
          </ns3:TrackPointExtension>
        </extensions>
      </trkpt>
      <trkpt lat="35.63877982087433338165283203125" lon="127.60712561197578907012939453125">
        <ele>1059.800048828125</ele>
        <time>2025-12-27T02:46:48.000Z</time>
        <extensions>
          <ns3:TrackPointExtension>
            <ns3:hr>155</ns3:hr>
            <ns3:cad>0</ns3:cad>
          </ns3:TrackPointExtension>
        </extensions>
      </trkpt>
      <trkpt lat="35.6387584470212459564208984375" lon="127.60710448957979679107666015625">
        <ele>1060.4000244140625</ele>
        <time>2025-12-27T02:46:52.000Z</time>
        <extensions>
          <ns3:TrackPointExtension>
            <ns3:hr>156</ns3:hr>
            <ns3:cad>62</ns3:cad>
          </ns3:TrackPointExtension>
        </extensions>
      </trkpt>
      <trkpt lat="35.63874654471874237060546875" lon="127.60709191672503948211669921875">
        <ele>1060.800048828125</ele>
        <time>2025-12-27T02:46:54.000Z</time>
        <extensions>
          <ns3:TrackPointExtension>
            <ns3:hr>155</ns3:hr>
            <ns3:cad>69</ns3:cad>
          </ns3:TrackPointExtension>
        </extensions>
      </trkpt>
      <trkpt lat="35.63873187638819217681884765625" lon="127.607076577842235565185546875">
        <ele>1062</ele>
        <time>2025-12-27T02:46:59.000Z</time>
        <extensions>
          <ns3:TrackPointExtension>
            <ns3:hr>155</ns3:hr>
            <ns3:cad>64</ns3:cad>
          </ns3:TrackPointExtension>
        </extensions>
      </trkpt>
      <trkpt lat="35.6387198902666568756103515625" lon="127.6070650108158588409423828125">
        <ele>1062.199951171875</ele>
        <time>2025-12-27T02:47:01.000Z</time>
        <extensions>
          <ns3:TrackPointExtension>
            <ns3:hr>155</ns3:hr>
            <ns3:cad>64</ns3:cad>
          </ns3:TrackPointExtension>
        </extensions>
      </trkpt>
      <trkpt lat="35.63869868405163288116455078125" lon="127.60701991617679595947265625">
        <ele>1063</ele>
        <time>2025-12-27T02:47:06.000Z</time>
        <extensions>
          <ns3:TrackPointExtension>
            <ns3:hr>154</ns3:hr>
            <ns3:cad>62</ns3:cad>
          </ns3:TrackPointExtension>
        </extensions>
      </trkpt>
      <trkpt lat="35.63868678174912929534912109375" lon="127.60697842575609683990478515625">
        <ele>1063.199951171875</ele>
        <time>2025-12-27T02:47:09.000Z</time>
        <extensions>
          <ns3:TrackPointExtension>
            <ns3:hr>154</ns3:hr>
            <ns3:cad>62</ns3:cad>
          </ns3:TrackPointExtension>
        </extensions>
      </trkpt>
      <trkpt lat="35.6386682577431201934814453125" lon="127.6069081015884876251220703125">
        <ele>1062.800048828125</ele>
        <time>2025-12-27T02:47:14.000Z</time>
        <extensions>
          <ns3:TrackPointExtension>
            <ns3:hr>151</ns3:hr>
            <ns3:cad>45</ns3:cad>
          </ns3:TrackPointExtension>
        </extensions>
      </trkpt>
      <trkpt lat="35.63866649754345417022705078125" lon="127.606890834867954254150390625">
        <ele>1062.800048828125</ele>
        <time>2025-12-27T02:47:15.000Z</time>
        <extensions>
          <ns3:TrackPointExtension>
            <ns3:hr>150</ns3:hr>
            <ns3:cad>49</ns3:cad>
          </ns3:TrackPointExtension>
        </extensions>
      </trkpt>
      <trkpt lat="35.63865945674479007720947265625" lon="127.60686057619750499725341796875">
        <ele>1062.800048828125</ele>
        <time>2025-12-27T02:47:17.000Z</time>
        <extensions>
          <ns3:TrackPointExtension>
            <ns3:hr>147</ns3:hr>
            <ns3:cad>53</ns3:cad>
          </ns3:TrackPointExtension>
        </extensions>
      </trkpt>
      <trkpt lat="35.63863665796816349029541015625" lon="127.60677256621420383453369140625">
        <ele>1062.5999755859375</ele>
        <time>2025-12-27T02:47:23.000Z</time>
        <extensions>
          <ns3:TrackPointExtension>
            <ns3:hr>148</ns3:hr>
            <ns3:cad>52</ns3:cad>
          </ns3:TrackPointExtension>
        </extensions>
      </trkpt>
      <trkpt lat="35.6386213190853595733642578125" lon="127.6066764257848262786865234375">
        <ele>1061.800048828125</ele>
        <time>2025-12-27T02:47:29.000Z</time>
        <extensions>
          <ns3:TrackPointExtension>
            <ns3:hr>146</ns3:hr>
            <ns3:cad>57</ns3:cad>
          </ns3:TrackPointExtension>
        </extensions>
      </trkpt>
      <trkpt lat="35.638606734573841094970703125" lon="127.60662035085260868072509765625">
        <ele>1061.800048828125</ele>
        <time>2025-12-27T02:47:33.000Z</time>
        <extensions>
          <ns3:TrackPointExtension>
            <ns3:hr>144</ns3:hr>
            <ns3:cad>56</ns3:cad>
          </ns3:TrackPointExtension>
        </extensions>
      </trkpt>
      <trkpt lat="35.63856222666800022125244140625" lon="127.6065252162516117095947265625">
        <ele>1061.800048828125</ele>
        <time>2025-12-27T02:47:42.000Z</time>
        <extensions>
          <ns3:TrackPointExtension>
            <ns3:hr>143</ns3:hr>
            <ns3:cad>52</ns3:cad>
          </ns3:TrackPointExtension>
        </extensions>
      </trkpt>
      <trkpt lat="35.63854563049972057342529296875" lon="127.60649076662957668304443359375">
        <ele>1062</ele>
        <time>2025-12-27T02:47:45.000Z</time>
        <extensions>
          <ns3:TrackPointExtension>
            <ns3:hr>140</ns3:hr>
            <ns3:cad>52</ns3:cad>
          </ns3:TrackPointExtension>
        </extensions>
      </trkpt>
      <trkpt lat="35.63852668739855289459228515625" lon="127.6064437441527843475341796875">
        <ele>1062.4000244140625</ele>
        <time>2025-12-27T02:47:49.000Z</time>
        <extensions>
          <ns3:TrackPointExtension>
            <ns3:hr>135</ns3:hr>
            <ns3:cad>52</ns3:cad>
          </ns3:TrackPointExtension>
        </extensions>
      </trkpt>
      <trkpt lat="35.63851579092442989349365234375" lon="127.60642287321388721466064453125">
        <ele>1063</ele>
        <time>2025-12-27T02:47:51.000Z</time>
        <extensions>
          <ns3:TrackPointExtension>
            <ns3:hr>133</ns3:hr>
            <ns3:cad>50</ns3:cad>
          </ns3:TrackPointExtension>
        </extensions>
      </trkpt>
      <trkpt lat="35.63850581645965576171875" lon="127.60640661232173442840576171875">
        <ele>1063.4000244140625</ele>
        <time>2025-12-27T02:47:53.000Z</time>
        <extensions>
          <ns3:TrackPointExtension>
            <ns3:hr>130</ns3:hr>
            <ns3:cad>49</ns3:cad>
          </ns3:TrackPointExtension>
        </extensions>
      </trkpt>
      <trkpt lat="35.63849030993878841400146484375" lon="127.6063817180693149566650390625">
        <ele>1064</ele>
        <time>2025-12-27T02:47:56.000Z</time>
        <extensions>
          <ns3:TrackPointExtension>
            <ns3:hr>129</ns3:hr>
            <ns3:cad>47</ns3:cad>
          </ns3:TrackPointExtension>
        </extensions>
      </trkpt>
      <trkpt lat="35.63846650533378124237060546875" lon="127.606330253183841705322265625">
        <ele>1064.800048828125</ele>
        <time>2025-12-27T02:48:01.000Z</time>
        <extensions>
          <ns3:TrackPointExtension>
            <ns3:hr>129</ns3:hr>
            <ns3:cad>44</ns3:cad>
          </ns3:TrackPointExtension>
        </extensions>
      </trkpt>
      <trkpt lat="35.6384615600109100341796875" lon="127.6063191890716552734375">
        <ele>1065.199951171875</ele>
        <time>2025-12-27T02:48:02.000Z</time>
        <extensions>
          <ns3:TrackPointExtension>
            <ns3:hr>129</ns3:hr>
            <ns3:cad>44</ns3:cad>
          </ns3:TrackPointExtension>
        </extensions>
      </trkpt>
      <trkpt lat="35.63843431882560253143310546875" lon="127.60627183131873607635498046875">
        <ele>1066.199951171875</ele>
        <time>2025-12-27T02:48:07.000Z</time>
        <extensions>
          <ns3:TrackPointExtension>
            <ns3:hr>129</ns3:hr>
            <ns3:cad>44</ns3:cad>
          </ns3:TrackPointExtension>
        </extensions>
      </trkpt>
      <trkpt lat="35.63840364105999469757080078125" lon="127.60623126290738582611083984375">
        <ele>1067</ele>
        <time>2025-12-27T02:48:11.000Z</time>
        <extensions>
          <ns3:TrackPointExtension>
            <ns3:hr>130</ns3:hr>
            <ns3:cad>45</ns3:cad>
          </ns3:TrackPointExtension>
        </extensions>
      </trkpt>
      <trkpt lat="35.63839861191809177398681640625" lon="127.606224305927753448486328125">
        <ele>1067.199951171875</ele>
        <time>2025-12-27T02:48:12.000Z</time>
        <extensions>
          <ns3:TrackPointExtension>
            <ns3:hr>130</ns3:hr>
            <ns3:cad>46</ns3:cad>
          </ns3:TrackPointExtension>
        </extensions>
      </trkpt>
      <trkpt lat="35.638367347419261932373046875" lon="127.60615800507366657257080078125">
        <ele>1068</ele>
        <time>2025-12-27T02:48:18.000Z</time>
        <extensions>
          <ns3:TrackPointExtension>
            <ns3:hr>130</ns3:hr>
            <ns3:cad>47</ns3:cad>
          </ns3:TrackPointExtension>
        </extensions>
      </trkpt>
      <trkpt lat="35.63835536129772663116455078125" lon="127.6061262376606464385986328125">
        <ele>1068.199951171875</ele>
        <time>2025-12-27T02:48:21.000Z</time>
        <extensions>
          <ns3:TrackPointExtension>
            <ns3:hr>131</ns3:hr>
            <ns3:cad>46</ns3:cad>
          </ns3:TrackPointExtension>
        </extensions>
      </trkpt>
      <trkpt lat="35.6383296288549900054931640625" lon="127.60608541779220104217529296875">
        <ele>1069.5999755859375</ele>
        <time>2025-12-27T02:48:26.000Z</time>
        <extensions>
          <ns3:TrackPointExtension>
            <ns3:hr>133</ns3:hr>
            <ns3:cad>45</ns3:cad>
          </ns3:TrackPointExtension>
        </extensions>
      </trkpt>
      <trkpt lat="35.6383058242499828338623046875" lon="127.60605004616081714630126953125">
        <ele>1070.5999755859375</ele>
        <time>2025-12-27T02:48:30.000Z</time>
        <extensions>
          <ns3:TrackPointExtension>
            <ns3:hr>133</ns3:hr>
            <ns3:cad>44</ns3:cad>
          </ns3:TrackPointExtension>
        </extensions>
      </trkpt>
      <trkpt lat="35.63828193582594394683837890625" lon="127.6060011796653270721435546875">
        <ele>1071.199951171875</ele>
        <time>2025-12-27T02:48:35.000Z</time>
        <extensions>
          <ns3:TrackPointExtension>
            <ns3:hr>134</ns3:hr>
            <ns3:cad>43</ns3:cad>
          </ns3:TrackPointExtension>
        </extensions>
      </trkpt>
      <trkpt lat="35.6382759846746921539306640625" lon="127.60598332621157169342041015625">
        <ele>1071.5999755859375</ele>
        <time>2025-12-27T02:48:37.000Z</time>
        <extensions>
          <ns3:TrackPointExtension>
            <ns3:hr>134</ns3:hr>
            <ns3:cad>44</ns3:cad>
          </ns3:TrackPointExtension>
        </extensions>
      </trkpt>
      <trkpt lat="35.63825511373579502105712890625" lon="127.60597041808068752288818359375">
        <ele>1072.5999755859375</ele>
        <time>2025-12-27T02:48:42.000Z</time>
        <extensions>
          <ns3:TrackPointExtension>
            <ns3:hr>134</ns3:hr>
            <ns3:cad>42</ns3:cad>
          </ns3:TrackPointExtension>
        </extensions>
      </trkpt>
      <trkpt lat="35.6382337398827075958251953125" lon="127.60594904422760009765625">
        <ele>1073.5999755859375</ele>
        <time>2025-12-27T02:48:45.000Z</time>
        <extensions>
          <ns3:TrackPointExtension>
            <ns3:hr>136</ns3:hr>
            <ns3:cad>42</ns3:cad>
          </ns3:TrackPointExtension>
        </extensions>
      </trkpt>
      <trkpt lat="35.638227201998233795166015625" lon="127.6059384830296039581298828125">
        <ele>1073.800048828125</ele>
        <time>2025-12-27T02:48:46.000Z</time>
        <extensions>
          <ns3:TrackPointExtension>
            <ns3:hr>137</ns3:hr>
            <ns3:cad>42</ns3:cad>
          </ns3:TrackPointExtension>
        </extensions>
      </trkpt>
      <trkpt lat="35.63820063136518001556396484375" lon="127.60588441975414752960205078125">
        <ele>1074.800048828125</ele>
        <time>2025-12-27T02:48:51.000Z</time>
        <extensions>
          <ns3:TrackPointExtension>
            <ns3:hr>138</ns3:hr>
            <ns3:cad>42</ns3:cad>
          </ns3:TrackPointExtension>
        </extensions>
      </trkpt>
      <trkpt lat="35.638175904750823974609375" lon="127.60586363263428211212158203125">
        <ele>1075.199951171875</ele>
        <time>2025-12-27T02:48:54.000Z</time>
        <extensions>
          <ns3:TrackPointExtension>
            <ns3:hr>138</ns3:hr>
            <ns3:cad>43</ns3:cad>
          </ns3:TrackPointExtension>
        </extensions>
      </trkpt>
      <trkpt lat="35.63816945068538188934326171875" lon="127.60585424490272998809814453125">
        <ele>1075.199951171875</ele>
        <time>2025-12-27T02:48:55.000Z</time>
        <extensions>
          <ns3:TrackPointExtension>
            <ns3:hr>141</ns3:hr>
            <ns3:cad>45</ns3:cad>
          </ns3:TrackPointExtension>
        </extensions>
      </trkpt>
      <trkpt lat="35.6381613202393054962158203125" lon="127.6058429293334484100341796875">
        <ele>1075.4000244140625</ele>
        <time>2025-12-27T02:48:57.000Z</time>
        <extensions>
          <ns3:TrackPointExtension>
            <ns3:hr>145</ns3:hr>
            <ns3:cad>45</ns3:cad>
          </ns3:TrackPointExtension>
        </extensions>
      </trkpt>
      <trkpt lat="35.63815084286034107208251953125" lon="127.6058295182883739471435546875">
        <ele>1075.800048828125</ele>
        <time>2025-12-27T02:48:59.000Z</time>
        <extensions>
          <ns3:TrackPointExtension>
            <ns3:hr>148</ns3:hr>
            <ns3:cad>46</ns3:cad>
          </ns3:TrackPointExtension>
        </extensions>
      </trkpt>
      <trkpt lat="35.63814572989940643310546875" lon="127.605821974575519561767578125">
        <ele>1076</ele>
        <time>2025-12-27T02:49:00.000Z</time>
        <extensions>
          <ns3:TrackPointExtension>
            <ns3:hr>148</ns3:hr>
            <ns3:cad>46</ns3:cad>
          </ns3:TrackPointExtension>
        </extensions>
      </trkpt>
      <trkpt lat="35.63813340850174427032470703125" lon="127.60579037480056285858154296875">
        <ele>1077.199951171875</ele>
        <time>2025-12-27T02:49:03.000Z</time>
        <extensions>
          <ns3:TrackPointExtension>
            <ns3:hr>147</ns3:hr>
            <ns3:cad>45</ns3:cad>
          </ns3:TrackPointExtension>
        </extensions>
      </trkpt>
      <trkpt lat="35.63811144791543483734130859375" lon="127.60574360378086566925048828125">
        <ele>1078.4000244140625</ele>
        <time>2025-12-27T02:49:08.000Z</time>
        <extensions>
          <ns3:TrackPointExtension>
            <ns3:hr>147</ns3:hr>
            <ns3:cad>40</ns3:cad>
          </ns3:TrackPointExtension>
        </extensions>
      </trkpt>
      <trkpt lat="35.63810239546000957489013671875" lon="127.605724073946475982666015625">
        <ele>1079.4000244140625</ele>
        <time>2025-12-27T02:49:11.000Z</time>
        <extensions>
          <ns3:TrackPointExtension>
            <ns3:hr>147</ns3:hr>
            <ns3:cad>40</ns3:cad>
          </ns3:TrackPointExtension>
        </extensions>
      </trkpt>
      <trkpt lat="35.6380942650139331817626953125" lon="127.60572382248938083648681640625">
        <ele>1079.5999755859375</ele>
        <time>2025-12-27T02:49:12.000Z</time>
        <extensions>
          <ns3:TrackPointExtension>
            <ns3:hr>147</ns3:hr>
            <ns3:cad>40</ns3:cad>
          </ns3:TrackPointExtension>
        </extensions>
      </trkpt>
      <trkpt lat="35.63805914483964443206787109375" lon="127.60569515638053417205810546875">
        <ele>1080.800048828125</ele>
        <time>2025-12-27T02:49:17.000Z</time>
        <extensions>
          <ns3:TrackPointExtension>
            <ns3:hr>148</ns3:hr>
            <ns3:cad>41</ns3:cad>
          </ns3:TrackPointExtension>
        </extensions>
      </trkpt>
      <trkpt lat="35.63804204575717449188232421875" lon="127.6056741178035736083984375">
        <ele>1081.800048828125</ele>
        <time>2025-12-27T02:49:20.000Z</time>
        <extensions>
          <ns3:TrackPointExtension>
            <ns3:hr>148</ns3:hr>
            <ns3:cad>41</ns3:cad>
          </ns3:TrackPointExtension>
        </extensions>
      </trkpt>
      <trkpt lat="35.6380412913858890533447265625" lon="127.60566967539489269256591796875">
        <ele>1082</ele>
        <time>2025-12-27T02:49:21.000Z</time>
        <extensions>
          <ns3:TrackPointExtension>
            <ns3:hr>149</ns3:hr>
            <ns3:cad>41</ns3:cad>
          </ns3:TrackPointExtension>
        </extensions>
      </trkpt>
      <trkpt lat="35.638028718531131744384765625" lon="127.60564201511442661285400390625">
        <ele>1083.199951171875</ele>
        <time>2025-12-27T02:49:26.000Z</time>
        <extensions>
          <ns3:TrackPointExtension>
            <ns3:hr>150</ns3:hr>
            <ns3:cad>42</ns3:cad>
          </ns3:TrackPointExtension>
        </extensions>
      </trkpt>
      <trkpt lat="35.63802779652178287506103515625" lon="127.60563698597252368927001953125">
        <ele>1083.4000244140625</ele>
        <time>2025-12-27T02:49:27.000Z</time>
        <extensions>
          <ns3:TrackPointExtension>
            <ns3:hr>150</ns3:hr>
            <ns3:cad>79</ns3:cad>
          </ns3:TrackPointExtension>
        </extensions>
      </trkpt>
      <trkpt lat="35.63801505602896213531494140625" lon="127.605610080063343048095703125">
        <ele>1084.199951171875</ele>
        <time>2025-12-27T02:49:30.000Z</time>
        <extensions>
          <ns3:TrackPointExtension>
            <ns3:hr>151</ns3:hr>
            <ns3:cad>79</ns3:cad>
          </ns3:TrackPointExtension>
        </extensions>
      </trkpt>
      <trkpt lat="35.638005249202251434326171875" lon="127.60558401234447956085205078125">
        <ele>1084.800048828125</ele>
        <time>2025-12-27T02:49:33.000Z</time>
        <extensions>
          <ns3:TrackPointExtension>
            <ns3:hr>152</ns3:hr>
            <ns3:cad>70</ns3:cad>
          </ns3:TrackPointExtension>
        </extensions>
      </trkpt>
      <trkpt lat="35.63800097443163394927978515625" lon="127.60555006563663482666015625">
        <ele>1085.199951171875</ele>
        <time>2025-12-27T02:49:36.000Z</time>
        <extensions>
          <ns3:TrackPointExtension>
            <ns3:hr>153</ns3:hr>
            <ns3:cad>41</ns3:cad>
          </ns3:TrackPointExtension>
        </extensions>
      </trkpt>
      <trkpt lat="35.63799745403230190277099609375" lon="127.60551980696618556976318359375">
        <ele>1086.4000244140625</ele>
        <time>2025-12-27T02:49:40.000Z</time>
        <extensions>
          <ns3:TrackPointExtension>
            <ns3:hr>154</ns3:hr>
            <ns3:cad>43</ns3:cad>
          </ns3:TrackPointExtension>
        </extensions>
      </trkpt>
      <trkpt lat="35.6379940174520015716552734375" lon="127.6054702699184417724609375">
        <ele>1087.4000244140625</ele>
        <time>2025-12-27T02:49:46.000Z</time>
        <extensions>
          <ns3:TrackPointExtension>
            <ns3:hr>155</ns3:hr>
            <ns3:cad>44</ns3:cad>
          </ns3:TrackPointExtension>
        </extensions>
      </trkpt>
      <trkpt lat="35.6379943527281284332275390625" lon="127.605465911328792572021484375">
        <ele>1087.5999755859375</ele>
        <time>2025-12-27T02:49:47.000Z</time>
        <extensions>
          <ns3:TrackPointExtension>
            <ns3:hr>154</ns3:hr>
            <ns3:cad>44</ns3:cad>
          </ns3:TrackPointExtension>
        </extensions>
      </trkpt>
      <trkpt lat="35.637999214231967926025390625" lon="127.60543095879256725311279296875">
        <ele>1088.4000244140625</ele>
        <time>2025-12-27T02:49:51.000Z</time>
        <extensions>
          <ns3:TrackPointExtension>
            <ns3:hr>155</ns3:hr>
            <ns3:cad>44</ns3:cad>
          </ns3:TrackPointExtension>
        </extensions>
      </trkpt>
      <trkpt lat="35.63800952397286891937255859375" lon="127.60541268624365329742431640625">
        <ele>1089.5999755859375</ele>
        <time>2025-12-27T02:49:56.000Z</time>
        <extensions>
          <ns3:TrackPointExtension>
            <ns3:hr>156</ns3:hr>
            <ns3:cad>43</ns3:cad>
          </ns3:TrackPointExtension>
        </extensions>
      </trkpt>
      <trkpt lat="35.63801036216318607330322265625" lon="127.605412267148494720458984375">
        <ele>1089.800048828125</ele>
        <time>2025-12-27T02:49:57.000Z</time>
        <extensions>
          <ns3:TrackPointExtension>
            <ns3:hr>156</ns3:hr>
            <ns3:cad>43</ns3:cad>
          </ns3:TrackPointExtension>
        </extensions>
      </trkpt>
      <trkpt lat="35.63802042044699192047119140625" lon="127.60538284666836261749267578125">
        <ele>1090.5999755859375</ele>
        <time>2025-12-27T02:50:02.000Z</time>
        <extensions>
          <ns3:TrackPointExtension>
            <ns3:hr>157</ns3:hr>
            <ns3:cad>70</ns3:cad>
          </ns3:TrackPointExtension>
        </extensions>
      </trkpt>
      <trkpt lat="35.63802226446568965911865234375" lon="127.60535736568272113800048828125">
        <ele>1091.199951171875</ele>
        <time>2025-12-27T02:50:05.000Z</time>
        <extensions>
          <ns3:TrackPointExtension>
            <ns3:hr>156</ns3:hr>
            <ns3:cad>68</ns3:cad>
          </ns3:TrackPointExtension>
        </extensions>
      </trkpt>
      <trkpt lat="35.63801153562963008880615234375" lon="127.60522291995584964752197265625">
        <ele>1091.199951171875</ele>
        <time>2025-12-27T02:50:16.000Z</time>
        <extensions>
          <ns3:TrackPointExtension>
            <ns3:hr>153</ns3:hr>
            <ns3:cad>49</ns3:cad>
          </ns3:TrackPointExtension>
        </extensions>
      </trkpt>
      <trkpt lat="35.63800835050642490386962890625" lon="127.60520079173147678375244140625">
        <ele>1091.4000244140625</ele>
        <time>2025-12-27T02:50:18.000Z</time>
        <extensions>
          <ns3:TrackPointExtension>
            <ns3:hr>150</ns3:hr>
            <ns3:cad>49</ns3:cad>
          </ns3:TrackPointExtension>
        </extensions>
      </trkpt>
      <trkpt lat="35.63799686729907989501953125" lon="127.60518486611545085906982421875">
        <ele>1091.800048828125</ele>
        <time>2025-12-27T02:50:20.000Z</time>
        <extensions>
          <ns3:TrackPointExtension>
            <ns3:hr>149</ns3:hr>
            <ns3:cad>46</ns3:cad>
          </ns3:TrackPointExtension>
        </extensions>
      </trkpt>
      <trkpt lat="35.6379745714366436004638671875" lon="127.60515770874917507171630859375">
        <ele>1092.4000244140625</ele>
        <time>2025-12-27T02:50:23.000Z</time>
        <extensions>
          <ns3:TrackPointExtension>
            <ns3:hr>149</ns3:hr>
            <ns3:cad>44</ns3:cad>
          </ns3:TrackPointExtension>
        </extensions>
      </trkpt>
      <trkpt lat="35.63794992864131927490234375" lon="127.605133317410945892333984375">
        <ele>1093</ele>
        <time>2025-12-27T02:50:27.000Z</time>
        <extensions>
          <ns3:TrackPointExtension>
            <ns3:hr>150</ns3:hr>
            <ns3:cad>43</ns3:cad>
          </ns3:TrackPointExtension>
        </extensions>
      </trkpt>
      <trkpt lat="35.6379251182079315185546875" lon="127.60508981533348560333251953125">
        <ele>1094</ele>
        <time>2025-12-27T02:50:32.000Z</time>
        <extensions>
          <ns3:TrackPointExtension>
            <ns3:hr>149</ns3:hr>
            <ns3:cad>42</ns3:cad>
          </ns3:TrackPointExtension>
        </extensions>
      </trkpt>
      <trkpt lat="35.637919418513774871826171875" lon="127.60507933795452117919921875">
        <ele>1094.199951171875</ele>
        <time>2025-12-27T02:50:33.000Z</time>
        <extensions>
          <ns3:TrackPointExtension>
            <ns3:hr>149</ns3:hr>
            <ns3:cad>42</ns3:cad>
          </ns3:TrackPointExtension>
        </extensions>
      </trkpt>
      <trkpt lat="35.6378880701959133148193359375" lon="127.60501923970878124237060546875">
        <ele>1094.800048828125</ele>
        <time>2025-12-27T02:50:38.000Z</time>
        <extensions>
          <ns3:TrackPointExtension>
            <ns3:hr>146</ns3:hr>
            <ns3:cad>43</ns3:cad>
          </ns3:TrackPointExtension>
        </extensions>
      </trkpt>
      <trkpt lat="35.63787792809307575225830078125" lon="127.60499593801796436309814453125">
        <ele>1095</ele>
        <time>2025-12-27T02:50:40.000Z</time>
        <extensions>
          <ns3:TrackPointExtension>
            <ns3:hr>146</ns3:hr>
            <ns3:cad>45</ns3:cad>
          </ns3:TrackPointExtension>
        </extensions>
      </trkpt>
      <trkpt lat="35.6378662772476673126220703125" lon="127.60497582145035266876220703125">
        <ele>1095.199951171875</ele>
        <time>2025-12-27T02:50:42.000Z</time>
        <extensions>
          <ns3:TrackPointExtension>
            <ns3:hr>146</ns3:hr>
            <ns3:cad>46</ns3:cad>
          </ns3:TrackPointExtension>
        </extensions>
      </trkpt>
      <trkpt lat="35.63781850039958953857421875" lon="127.6048951037228107452392578125">
        <ele>1096</ele>
        <time>2025-12-27T02:50:50.000Z</time>
        <extensions>
          <ns3:TrackPointExtension>
            <ns3:hr>144</ns3:hr>
            <ns3:cad>47</ns3:cad>
          </ns3:TrackPointExtension>
        </extensions>
      </trkpt>
      <trkpt lat="35.63781179487705230712890625" lon="127.60488487780094146728515625">
        <ele>1096</ele>
        <time>2025-12-27T02:50:51.000Z</time>
        <extensions>
          <ns3:TrackPointExtension>
            <ns3:hr>143</ns3:hr>
            <ns3:cad>47</ns3:cad>
          </ns3:TrackPointExtension>
        </extensions>
      </trkpt>
      <trkpt lat="35.63775672577321529388427734375" lon="127.60477901436388492584228515625">
        <ele>1096.199951171875</ele>
        <time>2025-12-27T02:51:00.000Z</time>
        <extensions>
          <ns3:TrackPointExtension>
            <ns3:hr>144</ns3:hr>
            <ns3:cad>50</ns3:cad>
          </ns3:TrackPointExtension>
        </extensions>
      </trkpt>
      <trkpt lat="35.63771724700927734375" lon="127.60468379594385623931884765625">
        <ele>1096.5999755859375</ele>
        <time>2025-12-27T02:51:10.000Z</time>
        <extensions>
          <ns3:TrackPointExtension>
            <ns3:hr>142</ns3:hr>
            <ns3:cad>49</ns3:cad>
          </ns3:TrackPointExtension>
        </extensions>
      </trkpt>
      <trkpt lat="35.6376902572810649871826171875" lon="127.60462126694619655609130859375">
        <ele>1096.800048828125</ele>
        <time>2025-12-27T02:51:15.000Z</time>
        <extensions>
          <ns3:TrackPointExtension>
            <ns3:hr>139</ns3:hr>
            <ns3:cad>47</ns3:cad>
          </ns3:TrackPointExtension>
        </extensions>
      </trkpt>
      <trkpt lat="35.637662597000598907470703125" lon="127.6045883260667324066162109375">
        <ele>1097</ele>
        <time>2025-12-27T02:51:19.000Z</time>
        <extensions>
          <ns3:TrackPointExtension>
            <ns3:hr>136</ns3:hr>
            <ns3:cad>50</ns3:cad>
          </ns3:TrackPointExtension>
        </extensions>
      </trkpt>
      <trkpt lat="35.63763217069208621978759765625" lon="127.604562342166900634765625">
        <ele>1097</ele>
        <time>2025-12-27T02:51:23.000Z</time>
        <extensions>
          <ns3:TrackPointExtension>
            <ns3:hr>133</ns3:hr>
            <ns3:cad>50</ns3:cad>
          </ns3:TrackPointExtension>
        </extensions>
      </trkpt>
      <trkpt lat="35.6376245431602001190185546875" lon="127.604553289711475372314453125">
        <ele>1097.199951171875</ele>
        <time>2025-12-27T02:51:24.000Z</time>
        <extensions>
          <ns3:TrackPointExtension>
            <ns3:hr>132</ns3:hr>
            <ns3:cad>50</ns3:cad>
          </ns3:TrackPointExtension>
        </extensions>
      </trkpt>
      <trkpt lat="35.63757567666471004486083984375" lon="127.60451230220496654510498046875">
        <ele>1097.4000244140625</ele>
        <time>2025-12-27T02:51:29.000Z</time>
        <extensions>
          <ns3:TrackPointExtension>
            <ns3:hr>131</ns3:hr>
            <ns3:cad>47</ns3:cad>
          </ns3:TrackPointExtension>
        </extensions>
      </trkpt>
      <trkpt lat="35.63755086623132228851318359375" lon="127.60448816232383251190185546875">
        <ele>1097.5999755859375</ele>
        <time>2025-12-27T02:51:33.000Z</time>
        <extensions>
          <ns3:TrackPointExtension>
            <ns3:hr>128</ns3:hr>
            <ns3:cad>45</ns3:cad>
          </ns3:TrackPointExtension>
        </extensions>
      </trkpt>
      <trkpt lat="35.6375497765839099884033203125" lon="127.60448925197124481201171875">
        <ele>1097.800048828125</ele>
        <time>2025-12-27T02:51:37.000Z</time>
        <extensions>
          <ns3:TrackPointExtension>
            <ns3:hr>126</ns3:hr>
            <ns3:cad>0</ns3:cad>
          </ns3:TrackPointExtension>
        </extensions>
      </trkpt>
      <trkpt lat="35.6375457532703876495361328125" lon="127.60448531247675418853759765625">
        <ele>1097.800048828125</ele>
        <time>2025-12-27T02:51:44.000Z</time>
        <extensions>
          <ns3:TrackPointExtension>
            <ns3:hr>126</ns3:hr>
            <ns3:cad>0</ns3:cad>
          </ns3:TrackPointExtension>
        </extensions>
      </trkpt>
      <trkpt lat="35.63754164613783359527587890625" lon="127.604474835097789764404296875">
        <ele>1097.800048828125</ele>
        <time>2025-12-27T02:51:50.000Z</time>
        <extensions>
          <ns3:TrackPointExtension>
            <ns3:hr>122</ns3:hr>
            <ns3:cad>0</ns3:cad>
          </ns3:TrackPointExtension>
        </extensions>
      </trkpt>
      <trkpt lat="35.63754089176654815673828125" lon="127.6044729910790920257568359375">
        <ele>1097.800048828125</ele>
        <time>2025-12-27T02:51:51.000Z</time>
        <extensions>
          <ns3:TrackPointExtension>
            <ns3:hr>119</ns3:hr>
            <ns3:cad>0</ns3:cad>
          </ns3:TrackPointExtension>
        </extensions>
      </trkpt>
      <trkpt lat="35.63753862865269184112548828125" lon="127.60447374545037746429443359375">
        <ele>1097.800048828125</ele>
        <time>2025-12-27T02:51:52.000Z</time>
        <extensions>
          <ns3:TrackPointExtension>
            <ns3:hr>119</ns3:hr>
            <ns3:cad>0</ns3:cad>
          </ns3:TrackPointExtension>
        </extensions>
      </trkpt>
      <trkpt lat="35.6375175900757312774658203125" lon="127.60448715649545192718505859375">
        <ele>1098.199951171875</ele>
        <time>2025-12-27T02:51:57.000Z</time>
        <extensions>
          <ns3:TrackPointExtension>
            <ns3:hr>119</ns3:hr>
            <ns3:cad>0</ns3:cad>
          </ns3:TrackPointExtension>
        </extensions>
      </trkpt>
      <trkpt lat="35.63750443048775196075439453125" lon="127.60449537076056003570556640625">
        <ele>1098.4000244140625</ele>
        <time>2025-12-27T02:51:59.000Z</time>
        <extensions>
          <ns3:TrackPointExtension>
            <ns3:hr>118</ns3:hr>
            <ns3:cad>0</ns3:cad>
          </ns3:TrackPointExtension>
        </extensions>
      </trkpt>
      <trkpt lat="35.637459419667720794677734375" lon="127.6045242883265018463134765625">
        <ele>1099</ele>
        <time>2025-12-27T02:52:05.000Z</time>
        <extensions>
          <ns3:TrackPointExtension>
            <ns3:hr>114</ns3:hr>
            <ns3:cad>48</ns3:cad>
          </ns3:TrackPointExtension>
        </extensions>
      </trkpt>
      <trkpt lat="35.63744123093783855438232421875" lon="127.60452353395521640777587890625">
        <ele>1099.4000244140625</ele>
        <time>2025-12-27T02:52:07.000Z</time>
        <extensions>
          <ns3:TrackPointExtension>
            <ns3:hr>115</ns3:hr>
            <ns3:cad>49</ns3:cad>
          </ns3:TrackPointExtension>
        </extensions>
      </trkpt>
      <trkpt lat="35.63742094673216342926025390625" lon="127.604528479278087615966796875">
        <ele>1100.4000244140625</ele>
        <time>2025-12-27T02:52:11.000Z</time>
        <extensions>
          <ns3:TrackPointExtension>
            <ns3:hr>118</ns3:hr>
            <ns3:cad>46</ns3:cad>
          </ns3:TrackPointExtension>
        </extensions>
      </trkpt>
      <trkpt lat="35.63738876022398471832275390625" lon="127.60452722199261188507080078125">
        <ele>1101.4000244140625</ele>
        <time>2025-12-27T02:52:15.000Z</time>
        <extensions>
          <ns3:TrackPointExtension>
            <ns3:hr>121</ns3:hr>
            <ns3:cad>46</ns3:cad>
          </ns3:TrackPointExtension>
        </extensions>
      </trkpt>
      <trkpt lat="35.63735171221196651458740234375" lon="127.60454918257892131805419921875">
        <ele>1102.4000244140625</ele>
        <time>2025-12-27T02:52:20.000Z</time>
        <extensions>
          <ns3:TrackPointExtension>
            <ns3:hr>123</ns3:hr>
            <ns3:cad>47</ns3:cad>
          </ns3:TrackPointExtension>
        </extensions>
      </trkpt>
      <trkpt lat="35.637332685291767120361328125" lon="127.6045475900173187255859375">
        <ele>1103.199951171875</ele>
        <time>2025-12-27T02:52:23.000Z</time>
        <extensions>
          <ns3:TrackPointExtension>
            <ns3:hr>125</ns3:hr>
            <ns3:cad>48</ns3:cad>
          </ns3:TrackPointExtension>
        </extensions>
      </trkpt>
      <trkpt lat="35.6373216211795806884765625" lon="127.6045423932373523712158203125">
        <ele>1103.5999755859375</ele>
        <time>2025-12-27T02:52:25.000Z</time>
        <extensions>
          <ns3:TrackPointExtension>
            <ns3:hr>127</ns3:hr>
            <ns3:cad>47</ns3:cad>
          </ns3:TrackPointExtension>
        </extensions>
      </trkpt>
      <trkpt lat="35.6372983194887638092041015625" lon="127.60453484952449798583984375">
        <ele>1104.199951171875</ele>
        <time>2025-12-27T02:52:28.000Z</time>
        <extensions>
          <ns3:TrackPointExtension>
            <ns3:hr>131</ns3:hr>
            <ns3:cad>47</ns3:cad>
          </ns3:TrackPointExtension>
        </extensions>
      </trkpt>
      <trkpt lat="35.63728868030011653900146484375" lon="127.60453350841999053955078125">
        <ele>1104.5999755859375</ele>
        <time>2025-12-27T02:52:30.000Z</time>
        <extensions>
          <ns3:TrackPointExtension>
            <ns3:hr>133</ns3:hr>
            <ns3:cad>46</ns3:cad>
          </ns3:TrackPointExtension>
        </extensions>
      </trkpt>
      <trkpt lat="35.63728205859661102294921875" lon="127.6045360229909420013427734375">
        <ele>1104.5999755859375</ele>
        <time>2025-12-27T02:52:31.000Z</time>
        <extensions>
          <ns3:TrackPointExtension>
            <ns3:hr>133</ns3:hr>
            <ns3:cad>46</ns3:cad>
          </ns3:TrackPointExtension>
        </extensions>
      </trkpt>
      <trkpt lat="35.637268312275409698486328125" lon="127.6045366935431957244873046875">
        <ele>1105.4000244140625</ele>
        <time>2025-12-27T02:52:34.000Z</time>
        <extensions>
          <ns3:TrackPointExtension>
            <ns3:hr>130</ns3:hr>
            <ns3:cad>46</ns3:cad>
          </ns3:TrackPointExtension>
        </extensions>
      </trkpt>
      <trkpt lat="35.6372436694800853729248046875" lon="127.6045363582670688629150390625">
        <ele>1105.800048828125</ele>
        <time>2025-12-27T02:52:37.000Z</time>
        <extensions>
          <ns3:TrackPointExtension>
            <ns3:hr>129</ns3:hr>
            <ns3:cad>43</ns3:cad>
          </ns3:TrackPointExtension>
        </extensions>
      </trkpt>
      <trkpt lat="35.637237131595611572265625" lon="127.6045366935431957244873046875">
        <ele>1106</ele>
        <time>2025-12-27T02:52:38.000Z</time>
        <extensions>
          <ns3:TrackPointExtension>
            <ns3:hr>129</ns3:hr>
            <ns3:cad>43</ns3:cad>
          </ns3:TrackPointExtension>
        </extensions>
      </trkpt>
      <trkpt lat="35.63722304999828338623046875" lon="127.6045353524386882781982421875">
        <ele>1106.199951171875</ele>
        <time>2025-12-27T02:52:40.000Z</time>
        <extensions>
          <ns3:TrackPointExtension>
            <ns3:hr>133</ns3:hr>
            <ns3:cad>43</ns3:cad>
          </ns3:TrackPointExtension>
        </extensions>
      </trkpt>
      <trkpt lat="35.63720150850713253021240234375" lon="127.604533173143863677978515625">
        <ele>1106.5999755859375</ele>
        <time>2025-12-27T02:52:42.000Z</time>
        <extensions>
          <ns3:TrackPointExtension>
            <ns3:hr>136</ns3:hr>
            <ns3:cad>43</ns3:cad>
          </ns3:TrackPointExtension>
        </extensions>
      </trkpt>
      <trkpt lat="35.63719111494719982147216796875" lon="127.6045343466103076934814453125">
        <ele>1106.800048828125</ele>
        <time>2025-12-27T02:52:43.000Z</time>
        <extensions>
          <ns3:TrackPointExtension>
            <ns3:hr>137</ns3:hr>
            <ns3:cad>44</ns3:cad>
          </ns3:TrackPointExtension>
        </extensions>
      </trkpt>
      <trkpt lat="35.637148953974246978759765625" lon="127.60455873794853687286376953125">
        <ele>1107.5999755859375</ele>
        <time>2025-12-27T02:52:48.000Z</time>
        <extensions>
          <ns3:TrackPointExtension>
            <ns3:hr>137</ns3:hr>
            <ns3:cad>43</ns3:cad>
          </ns3:TrackPointExtension>
        </extensions>
      </trkpt>
      <trkpt lat="35.63710863701999187469482421875" lon="127.60456695221364498138427734375">
        <ele>1108</ele>
        <time>2025-12-27T02:52:52.000Z</time>
        <extensions>
          <ns3:TrackPointExtension>
            <ns3:hr>135</ns3:hr>
            <ns3:cad>46</ns3:cad>
          </ns3:TrackPointExtension>
        </extensions>
      </trkpt>
      <trkpt lat="35.6370830722153186798095703125" lon="127.60456703603267669677734375">
        <ele>1108.199951171875</ele>
        <time>2025-12-27T02:52:55.000Z</time>
        <extensions>
          <ns3:TrackPointExtension>
            <ns3:hr>138</ns3:hr>
            <ns3:cad>47</ns3:cad>
          </ns3:TrackPointExtension>
        </extensions>
      </trkpt>
      <trkpt lat="35.63705683685839176177978515625" lon="127.604564689099788665771484375">
        <ele>1108.800048828125</ele>
        <time>2025-12-27T02:52:58.000Z</time>
        <extensions>
          <ns3:TrackPointExtension>
            <ns3:hr>139</ns3:hr>
            <ns3:cad>46</ns3:cad>
          </ns3:TrackPointExtension>
        </extensions>
      </trkpt>
      <trkpt lat="35.637046359479427337646484375" lon="127.60456594638526439666748046875">
        <ele>1109</ele>
        <time>2025-12-27T02:52:59.000Z</time>
        <extensions>
          <ns3:TrackPointExtension>
            <ns3:hr>139</ns3:hr>
            <ns3:cad>45</ns3:cad>
          </ns3:TrackPointExtension>
        </extensions>
      </trkpt>
      <trkpt lat="35.636979639530181884765625" lon="127.6045541279017925262451171875">
        <ele>1110</ele>
        <time>2025-12-27T02:53:05.000Z</time>
        <extensions>
          <ns3:TrackPointExtension>
            <ns3:hr>140</ns3:hr>
            <ns3:cad>44</ns3:cad>
          </ns3:TrackPointExtension>
        </extensions>
      </trkpt>
      <trkpt lat="35.63696379773318767547607421875" lon="127.6045433990657329559326171875">
        <ele>1110.4000244140625</ele>
        <time>2025-12-27T02:53:07.000Z</time>
        <extensions>
          <ns3:TrackPointExtension>
            <ns3:hr>140</ns3:hr>
            <ns3:cad>45</ns3:cad>
          </ns3:TrackPointExtension>
        </extensions>
      </trkpt>
      <trkpt lat="35.63695122487843036651611328125" lon="127.6045167446136474609375">
        <ele>1111.4000244140625</ele>
        <time>2025-12-27T02:53:11.000Z</time>
        <extensions>
          <ns3:TrackPointExtension>
            <ns3:hr>141</ns3:hr>
            <ns3:cad>44</ns3:cad>
          </ns3:TrackPointExtension>
        </extensions>
      </trkpt>
      <trkpt lat="35.63693043775856494903564453125" lon="127.60451029054820537567138671875">
        <ele>1112</ele>
        <time>2025-12-27T02:53:14.000Z</time>
        <extensions>
          <ns3:TrackPointExtension>
            <ns3:hr>140</ns3:hr>
            <ns3:cad>43</ns3:cad>
          </ns3:TrackPointExtension>
        </extensions>
      </trkpt>
      <trkpt lat="35.63692507334053516387939453125" lon="127.60451531969010829925537109375">
        <ele>1112.4000244140625</ele>
        <time>2025-12-27T02:53:16.000Z</time>
        <extensions>
          <ns3:TrackPointExtension>
            <ns3:hr>141</ns3:hr>
            <ns3:cad>46</ns3:cad>
          </ns3:TrackPointExtension>
        </extensions>
      </trkpt>
      <trkpt lat="35.636916272342205047607421875" lon="127.6045145653188228607177734375">
        <ele>1113.5999755859375</ele>
        <time>2025-12-27T02:53:21.000Z</time>
        <extensions>
          <ns3:TrackPointExtension>
            <ns3:hr>141</ns3:hr>
            <ns3:cad>44</ns3:cad>
          </ns3:TrackPointExtension>
        </extensions>
      </trkpt>
      <trkpt lat="35.63691216520965099334716796875" lon="127.60451800189912319183349609375">
        <ele>1113.800048828125</ele>
        <time>2025-12-27T02:53:22.000Z</time>
        <extensions>
          <ns3:TrackPointExtension>
            <ns3:hr>141</ns3:hr>
            <ns3:cad>44</ns3:cad>
          </ns3:TrackPointExtension>
        </extensions>
      </trkpt>
      <trkpt lat="35.6368849240243434906005859375" lon="127.60452806018292903900146484375">
        <ele>1114.5999755859375</ele>
        <time>2025-12-27T02:53:25.000Z</time>
        <extensions>
          <ns3:TrackPointExtension>
            <ns3:hr>144</ns3:hr>
            <ns3:cad>43</ns3:cad>
          </ns3:TrackPointExtension>
        </extensions>
      </trkpt>
      <trkpt lat="35.6368778832256793975830078125" lon="127.604530155658721923828125">
        <ele>1114.800048828125</ele>
        <time>2025-12-27T02:53:26.000Z</time>
        <extensions>
          <ns3:TrackPointExtension>
            <ns3:hr>144</ns3:hr>
            <ns3:cad>43</ns3:cad>
          </ns3:TrackPointExtension>
        </extensions>
      </trkpt>
      <trkpt lat="35.63684427179396152496337890625" lon="127.6045397110283374786376953125">
        <ele>1115.4000244140625</ele>
        <time>2025-12-27T02:53:29.000Z</time>
        <extensions>
          <ns3:TrackPointExtension>
            <ns3:hr>146</ns3:hr>
            <ns3:cad>42</ns3:cad>
          </ns3:TrackPointExtension>
        </extensions>
      </trkpt>
      <trkpt lat="35.63680722378194332122802734375" lon="127.60454733856022357940673828125">
        <ele>1115.800048828125</ele>
        <time>2025-12-27T02:53:32.000Z</time>
        <extensions>
          <ns3:TrackPointExtension>
            <ns3:hr>148</ns3:hr>
            <ns3:cad>42</ns3:cad>
          </ns3:TrackPointExtension>
        </extensions>
      </trkpt>
      <trkpt lat="35.6367664039134979248046875" lon="127.60455102659761905670166015625">
        <ele>1116.800048828125</ele>
        <time>2025-12-27T02:53:37.000Z</time>
        <extensions>
          <ns3:TrackPointExtension>
            <ns3:hr>149</ns3:hr>
            <ns3:cad>42</ns3:cad>
          </ns3:TrackPointExtension>
        </extensions>
      </trkpt>
      <trkpt lat="35.63675676472485065460205078125" lon="127.6045596599578857421875">
        <ele>1117</ele>
        <time>2025-12-27T02:53:38.000Z</time>
        <extensions>
          <ns3:TrackPointExtension>
            <ns3:hr>148</ns3:hr>
            <ns3:cad>42</ns3:cad>
          </ns3:TrackPointExtension>
        </extensions>
      </trkpt>
      <trkpt lat="35.63670613802969455718994140625" lon="127.60458606295287609100341796875">
        <ele>1117.800048828125</ele>
        <time>2025-12-27T02:53:44.000Z</time>
        <extensions>
          <ns3:TrackPointExtension>
            <ns3:hr>148</ns3:hr>
            <ns3:cad>47</ns3:cad>
          </ns3:TrackPointExtension>
        </extensions>
      </trkpt>
      <trkpt lat="35.63669993542134761810302734375" lon="127.6045824587345123291015625">
        <ele>1118</ele>
        <time>2025-12-27T02:53:45.000Z</time>
        <extensions>
          <ns3:TrackPointExtension>
            <ns3:hr>149</ns3:hr>
            <ns3:cad>47</ns3:cad>
          </ns3:TrackPointExtension>
        </extensions>
      </trkpt>
      <trkpt lat="35.6366914696991443634033203125" lon="127.6045755855739116668701171875">
        <ele>1118.199951171875</ele>
        <time>2025-12-27T02:53:46.000Z</time>
        <extensions>
          <ns3:TrackPointExtension>
            <ns3:hr>148</ns3:hr>
            <ns3:cad>47</ns3:cad>
          </ns3:TrackPointExtension>
        </extensions>
      </trkpt>
      <trkpt lat="35.63665467314422130584716796875" lon="127.60455974377691745758056640625">
        <ele>1119</ele>
        <time>2025-12-27T02:53:50.000Z</time>
        <extensions>
          <ns3:TrackPointExtension>
            <ns3:hr>148</ns3:hr>
            <ns3:cad>44</ns3:cad>
          </ns3:TrackPointExtension>
        </extensions>
      </trkpt>
      <trkpt lat="35.6366421841084957122802734375" lon="127.604555971920490264892578125">
        <ele>1119.199951171875</ele>
        <time>2025-12-27T02:53:51.000Z</time>
        <extensions>
          <ns3:TrackPointExtension>
            <ns3:hr>148</ns3:hr>
            <ns3:cad>43</ns3:cad>
          </ns3:TrackPointExtension>
        </extensions>
      </trkpt>
      <trkpt lat="35.6365553475916385650634765625" lon="127.60453275404870510101318359375">
        <ele>1118.5999755859375</ele>
        <time>2025-12-27T02:53:58.000Z</time>
        <extensions>
          <ns3:TrackPointExtension>
            <ns3:hr>148</ns3:hr>
            <ns3:cad>54</ns3:cad>
          </ns3:TrackPointExtension>
        </extensions>
      </trkpt>
      <trkpt lat="35.63651419244706630706787109375" lon="127.60451565496623516082763671875">
        <ele>1117.800048828125</ele>
        <time>2025-12-27T02:54:01.000Z</time>
        <extensions>
          <ns3:TrackPointExtension>
            <ns3:hr>147</ns3:hr>
            <ns3:cad>51</ns3:cad>
          </ns3:TrackPointExtension>
        </extensions>
      </trkpt>
      <trkpt lat="35.636461637914180755615234375" lon="127.60445781983435153961181640625">
        <ele>1117</ele>
        <time>2025-12-27T02:54:06.000Z</time>
        <extensions>
          <ns3:TrackPointExtension>
            <ns3:hr>145</ns3:hr>
            <ns3:cad>62</ns3:cad>
          </ns3:TrackPointExtension>
        </extensions>
      </trkpt>
      <trkpt lat="35.63645535148680210113525390625" lon="127.6044424809515476226806640625">
        <ele>1116.800048828125</ele>
        <time>2025-12-27T02:54:07.000Z</time>
        <extensions>
          <ns3:TrackPointExtension>
            <ns3:hr>145</ns3:hr>
            <ns3:cad>61</ns3:cad>
          </ns3:TrackPointExtension>
        </extensions>
      </trkpt>
      <trkpt lat="35.63641595654189586639404296875" lon="127.604366205632686614990234375">
        <ele>1116</ele>
        <time>2025-12-27T02:54:12.000Z</time>
        <extensions>
          <ns3:TrackPointExtension>
            <ns3:hr>142</ns3:hr>
            <ns3:cad>66</ns3:cad>
          </ns3:TrackPointExtension>
        </extensions>
      </trkpt>
      <trkpt lat="35.63639366067945957183837890625" lon="127.604311220347881317138671875">
        <ele>1116</ele>
        <time>2025-12-27T02:54:15.000Z</time>
        <extensions>
          <ns3:TrackPointExtension>
            <ns3:hr>141</ns3:hr>
            <ns3:cad>66</ns3:cad>
          </ns3:TrackPointExtension>
        </extensions>
      </trkpt>
      <trkpt lat="35.63637672923505306243896484375" lon="127.60423636995255947113037109375">
        <ele>1116.800048828125</ele>
        <time>2025-12-27T02:54:21.000Z</time>
        <extensions>
          <ns3:TrackPointExtension>
            <ns3:hr>138</ns3:hr>
            <ns3:cad>50</ns3:cad>
          </ns3:TrackPointExtension>
        </extensions>
      </trkpt>
      <trkpt lat="35.6363699398934841156005859375" lon="127.60423041880130767822265625">
        <ele>1117</ele>
        <time>2025-12-27T02:54:23.000Z</time>
        <extensions>
          <ns3:TrackPointExtension>
            <ns3:hr>138</ns3:hr>
            <ns3:cad>51</ns3:cad>
          </ns3:TrackPointExtension>
        </extensions>
      </trkpt>
      <trkpt lat="35.63635024242103099822998046875" lon="127.60413360781967639923095703125">
        <ele>1117</ele>
        <time>2025-12-27T02:54:30.000Z</time>
        <extensions>
          <ns3:TrackPointExtension>
            <ns3:hr>136</ns3:hr>
            <ns3:cad>55</ns3:cad>
          </ns3:TrackPointExtension>
        </extensions>
      </trkpt>
      <trkpt lat="35.6362948380410671234130859375" lon="127.6040495373308658599853515625">
        <ele>1116.4000244140625</ele>
        <time>2025-12-27T02:54:37.000Z</time>
        <extensions>
          <ns3:TrackPointExtension>
            <ns3:hr>136</ns3:hr>
            <ns3:cad>57</ns3:cad>
          </ns3:TrackPointExtension>
        </extensions>
      </trkpt>
      <trkpt lat="35.636285953223705291748046875" lon="127.60396027006208896636962890625">
        <ele>1117.800048828125</ele>
        <time>2025-12-27T02:54:44.000Z</time>
        <extensions>
          <ns3:TrackPointExtension>
            <ns3:hr>136</ns3:hr>
            <ns3:cad>49</ns3:cad>
          </ns3:TrackPointExtension>
        </extensions>
      </trkpt>
      <trkpt lat="35.63628695905208587646484375" lon="127.60395021177828311920166015625">
        <ele>1118</ele>
        <time>2025-12-27T02:54:45.000Z</time>
        <extensions>
          <ns3:TrackPointExtension>
            <ns3:hr>136</ns3:hr>
            <ns3:cad>48</ns3:cad>
          </ns3:TrackPointExtension>
        </extensions>
      </trkpt>
      <trkpt lat="35.636286623775959014892578125" lon="127.6039333641529083251953125">
        <ele>1118.800048828125</ele>
        <time>2025-12-27T02:54:48.000Z</time>
        <extensions>
          <ns3:TrackPointExtension>
            <ns3:hr>135</ns3:hr>
            <ns3:cad>45</ns3:cad>
          </ns3:TrackPointExtension>
        </extensions>
      </trkpt>
      <trkpt lat="35.63627145253121852874755859375" lon="127.603922300040721893310546875">
        <ele>1119.800048828125</ele>
        <time>2025-12-27T02:54:52.000Z</time>
        <extensions>
          <ns3:TrackPointExtension>
            <ns3:hr>137</ns3:hr>
            <ns3:cad>47</ns3:cad>
          </ns3:TrackPointExtension>
        </extensions>
      </trkpt>
      <trkpt lat="35.63626524992287158966064453125" lon="127.6039201207458972930908203125">
        <ele>1120</ele>
        <time>2025-12-27T02:54:53.000Z</time>
        <extensions>
          <ns3:TrackPointExtension>
            <ns3:hr>137</ns3:hr>
            <ns3:cad>46</ns3:cad>
          </ns3:TrackPointExtension>
        </extensions>
      </trkpt>
      <trkpt lat="35.6362569518387317657470703125" lon="127.60391660034656524658203125">
        <ele>1120</ele>
        <time>2025-12-27T02:54:54.000Z</time>
        <extensions>
          <ns3:TrackPointExtension>
            <ns3:hr>137</ns3:hr>
            <ns3:cad>45</ns3:cad>
          </ns3:TrackPointExtension>
        </extensions>
      </trkpt>
      <trkpt lat="35.63621076755225658416748046875" lon="127.6039073802530765533447265625">
        <ele>1119</ele>
        <time>2025-12-27T02:55:00.000Z</time>
        <extensions>
          <ns3:TrackPointExtension>
            <ns3:hr>138</ns3:hr>
            <ns3:cad>57</ns3:cad>
          </ns3:TrackPointExtension>
        </extensions>
      </trkpt>
      <trkpt lat="35.6361795030534267425537109375" lon="127.60388709604740142822265625">
        <ele>1118.199951171875</ele>
        <time>2025-12-27T02:55:03.000Z</time>
        <extensions>
          <ns3:TrackPointExtension>
            <ns3:hr>138</ns3:hr>
            <ns3:cad>57</ns3:cad>
          </ns3:TrackPointExtension>
        </extensions>
      </trkpt>
      <trkpt lat="35.63615695573389530181884765625" lon="127.60387393645942211151123046875">
        <ele>1117.800048828125</ele>
        <time>2025-12-27T02:55:05.000Z</time>
        <extensions>
          <ns3:TrackPointExtension>
            <ns3:hr>137</ns3:hr>
            <ns3:cad>57</ns3:cad>
          </ns3:TrackPointExtension>
        </extensions>
      </trkpt>
      <trkpt lat="35.63608579337596893310546875" lon="127.603827416896820068359375">
        <ele>1117.199951171875</ele>
        <time>2025-12-27T02:55:12.000Z</time>
        <extensions>
          <ns3:TrackPointExtension>
            <ns3:hr>137</ns3:hr>
            <ns3:cad>60</ns3:cad>
          </ns3:TrackPointExtension>
        </extensions>
      </trkpt>
      <trkpt lat="35.636069364845752716064453125" lon="127.6038178615272045135498046875">
        <ele>1117.199951171875</ele>
        <time>2025-12-27T02:55:14.000Z</time>
        <extensions>
          <ns3:TrackPointExtension>
            <ns3:hr>140</ns3:hr>
            <ns3:cad>53</ns3:cad>
          </ns3:TrackPointExtension>
        </extensions>
      </trkpt>
      <trkpt lat="35.6360266171395778656005859375" lon="127.6038155145943164825439453125">
        <ele>1117.5999755859375</ele>
        <time>2025-12-27T02:55:18.000Z</time>
        <extensions>
          <ns3:TrackPointExtension>
            <ns3:hr>137</ns3:hr>
            <ns3:cad>52</ns3:cad>
          </ns3:TrackPointExtension>
        </extensions>
      </trkpt>
      <trkpt lat="35.63600306399166584014892578125" lon="127.60382029227912425994873046875">
        <ele>1117.5999755859375</ele>
        <time>2025-12-27T02:55:20.000Z</time>
        <extensions>
          <ns3:TrackPointExtension>
            <ns3:hr>135</ns3:hr>
            <ns3:cad>50</ns3:cad>
          </ns3:TrackPointExtension>
        </extensions>
      </trkpt>
      <trkpt lat="35.63598923385143280029296875" lon="127.60382062755525112152099609375">
        <ele>1117.5999755859375</ele>
        <time>2025-12-27T02:55:21.000Z</time>
        <extensions>
          <ns3:TrackPointExtension>
            <ns3:hr>132</ns3:hr>
            <ns3:cad>50</ns3:cad>
          </ns3:TrackPointExtension>
        </extensions>
      </trkpt>
      <trkpt lat="35.6358975358307361602783203125" lon="127.6038285903632640838623046875">
        <ele>1117.199951171875</ele>
        <time>2025-12-27T02:55:28.000Z</time>
        <extensions>
          <ns3:TrackPointExtension>
            <ns3:hr>130</ns3:hr>
            <ns3:cad>52</ns3:cad>
          </ns3:TrackPointExtension>
        </extensions>
      </trkpt>
      <trkpt lat="35.63580374233424663543701171875" lon="127.60383118875324726104736328125">
        <ele>1116.800048828125</ele>
        <time>2025-12-27T02:55:36.000Z</time>
        <extensions>
          <ns3:TrackPointExtension>
            <ns3:hr>128</ns3:hr>
            <ns3:cad>55</ns3:cad>
          </ns3:TrackPointExtension>
        </extensions>
      </trkpt>
      <trkpt lat="35.63570450060069561004638671875" lon="127.6038909517228603363037109375">
        <ele>1116.4000244140625</ele>
        <time>2025-12-27T02:55:45.000Z</time>
        <extensions>
          <ns3:TrackPointExtension>
            <ns3:hr>125</ns3:hr>
            <ns3:cad>54</ns3:cad>
          </ns3:TrackPointExtension>
        </extensions>
      </trkpt>
      <trkpt lat="35.63567097298800945281982421875" lon="127.60391970165073871612548828125">
        <ele>1116.199951171875</ele>
        <time>2025-12-27T02:55:48.000Z</time>
        <extensions>
          <ns3:TrackPointExtension>
            <ns3:hr>122</ns3:hr>
            <ns3:cad>53</ns3:cad>
          </ns3:TrackPointExtension>
        </extensions>
      </trkpt>
      <trkpt lat="35.63563811592757701873779296875" lon="127.6039360463619232177734375">
        <ele>1116.199951171875</ele>
        <time>2025-12-27T02:55:51.000Z</time>
        <extensions>
          <ns3:TrackPointExtension>
            <ns3:hr>119</ns3:hr>
            <ns3:cad>53</ns3:cad>
          </ns3:TrackPointExtension>
        </extensions>
      </trkpt>
      <trkpt lat="35.63558614812791347503662109375" lon="127.6039489544928073883056640625">
        <ele>1116.5999755859375</ele>
        <time>2025-12-27T02:55:55.000Z</time>
        <extensions>
          <ns3:TrackPointExtension>
            <ns3:hr>117</ns3:hr>
            <ns3:cad>53</ns3:cad>
          </ns3:TrackPointExtension>
        </extensions>
      </trkpt>
      <trkpt lat="35.63550316728651523590087890625" lon="127.6040191948413848876953125">
        <ele>1116.4000244140625</ele>
        <time>2025-12-27T02:56:03.000Z</time>
        <extensions>
          <ns3:TrackPointExtension>
            <ns3:hr>114</ns3:hr>
            <ns3:cad>55</ns3:cad>
          </ns3:TrackPointExtension>
        </extensions>
      </trkpt>
      <trkpt lat="35.6354207731783390045166015625" lon="127.60406018234789371490478515625">
        <ele>1117.199951171875</ele>
        <time>2025-12-27T02:56:12.000Z</time>
        <extensions>
          <ns3:TrackPointExtension>
            <ns3:hr>115</ns3:hr>
            <ns3:cad>53</ns3:cad>
          </ns3:TrackPointExtension>
        </extensions>
      </trkpt>
      <trkpt lat="35.63529714010655879974365234375" lon="127.60398524813354015350341796875">
        <ele>1117</ele>
        <time>2025-12-27T02:56:21.000Z</time>
        <extensions>
          <ns3:TrackPointExtension>
            <ns3:hr>117</ns3:hr>
            <ns3:cad>55</ns3:cad>
          </ns3:TrackPointExtension>
        </extensions>
      </trkpt>
      <trkpt lat="35.635237209498882293701171875" lon="127.6039601862430572509765625">
        <ele>1117.800048828125</ele>
        <time>2025-12-27T02:56:27.000Z</time>
        <extensions>
          <ns3:TrackPointExtension>
            <ns3:hr>119</ns3:hr>
            <ns3:cad>52</ns3:cad>
          </ns3:TrackPointExtension>
        </extensions>
      </trkpt>
      <trkpt lat="35.63520024530589580535888671875" lon="127.6039459370076656341552734375">
        <ele>1118.5999755859375</ele>
        <time>2025-12-27T02:56:31.000Z</time>
        <extensions>
          <ns3:TrackPointExtension>
            <ns3:hr>120</ns3:hr>
            <ns3:cad>49</ns3:cad>
          </ns3:TrackPointExtension>
        </extensions>
      </trkpt>
      <trkpt lat="35.635111816227436065673828125" lon="127.60389489121735095977783203125">
        <ele>1118.800048828125</ele>
        <time>2025-12-27T02:56:40.000Z</time>
        <extensions>
          <ns3:TrackPointExtension>
            <ns3:hr>120</ns3:hr>
            <ns3:cad>51</ns3:cad>
          </ns3:TrackPointExtension>
        </extensions>
      </trkpt>
      <trkpt lat="35.635100416839122772216796875" lon="127.60388466529548168182373046875">
        <ele>1119</ele>
        <time>2025-12-27T02:56:41.000Z</time>
        <extensions>
          <ns3:TrackPointExtension>
            <ns3:hr>120</ns3:hr>
            <ns3:cad>51</ns3:cad>
          </ns3:TrackPointExtension>
        </extensions>
      </trkpt>
      <trkpt lat="35.6350445933640003204345703125" lon="127.603867985308170318603515625">
        <ele>1119.5999755859375</ele>
        <time>2025-12-27T02:56:47.000Z</time>
        <extensions>
          <ns3:TrackPointExtension>
            <ns3:hr>120</ns3:hr>
            <ns3:cad>50</ns3:cad>
          </ns3:TrackPointExtension>
        </extensions>
      </trkpt>
      <trkpt lat="35.6350256502628326416015625" lon="127.60386697947978973388671875">
        <ele>1120.199951171875</ele>
        <time>2025-12-27T02:56:49.000Z</time>
        <extensions>
          <ns3:TrackPointExtension>
            <ns3:hr>120</ns3:hr>
            <ns3:cad>50</ns3:cad>
          </ns3:TrackPointExtension>
        </extensions>
      </trkpt>
      <trkpt lat="35.63499547541141510009765625" lon="127.6038730144500732421875">
        <ele>1121</ele>
        <time>2025-12-27T02:56:52.000Z</time>
        <extensions>
          <ns3:TrackPointExtension>
            <ns3:hr>123</ns3:hr>
            <ns3:cad>47</ns3:cad>
          </ns3:TrackPointExtension>
        </extensions>
      </trkpt>
      <trkpt lat="35.63498533330857753753662109375" lon="127.60387779213488101959228515625">
        <ele>1121.199951171875</ele>
        <time>2025-12-27T02:56:53.000Z</time>
        <extensions>
          <ns3:TrackPointExtension>
            <ns3:hr>124</ns3:hr>
            <ns3:cad>44</ns3:cad>
          </ns3:TrackPointExtension>
        </extensions>
      </trkpt>
      <trkpt lat="35.6349617801606655120849609375" lon="127.6038832403719425201416015625">
        <ele>1122.199951171875</ele>
        <time>2025-12-27T02:56:56.000Z</time>
        <extensions>
          <ns3:TrackPointExtension>
            <ns3:hr>125</ns3:hr>
            <ns3:cad>44</ns3:cad>
          </ns3:TrackPointExtension>
        </extensions>
      </trkpt>
      <trkpt lat="35.63495390117168426513671875" lon="127.60388114489614963531494140625">
        <ele>1122.4000244140625</ele>
        <time>2025-12-27T02:56:57.000Z</time>
        <extensions>
          <ns3:TrackPointExtension>
            <ns3:hr>125</ns3:hr>
            <ns3:cad>44</ns3:cad>
          </ns3:TrackPointExtension>
        </extensions>
      </trkpt>
      <trkpt lat="35.6349205411970615386962890625" lon="127.60388080962002277374267578125">
        <ele>1123.5999755859375</ele>
        <time>2025-12-27T02:57:02.000Z</time>
        <extensions>
          <ns3:TrackPointExtension>
            <ns3:hr>127</ns3:hr>
            <ns3:cad>79</ns3:cad>
          </ns3:TrackPointExtension>
        </extensions>
      </trkpt>
      <trkpt lat="35.63490218482911586761474609375" lon="127.6038835756480693817138671875">
        <ele>1124.199951171875</ele>
        <time>2025-12-27T02:57:04.000Z</time>
        <extensions>
          <ns3:TrackPointExtension>
            <ns3:hr>128</ns3:hr>
            <ns3:cad>79</ns3:cad>
          </ns3:TrackPointExtension>
        </extensions>
      </trkpt>
      <trkpt lat="35.6348883546888828277587890625" lon="127.6038906164467334747314453125">
        <ele>1124.800048828125</ele>
        <time>2025-12-27T02:57:06.000Z</time>
        <extensions>
          <ns3:TrackPointExtension>
            <ns3:hr>129</ns3:hr>
            <ns3:cad>78</ns3:cad>
          </ns3:TrackPointExtension>
        </extensions>
      </trkpt>
      <trkpt lat="35.6348665617406368255615234375" lon="127.60390411131083965301513671875">
        <ele>1125.199951171875</ele>
        <time>2025-12-27T02:57:09.000Z</time>
        <extensions>
          <ns3:TrackPointExtension>
            <ns3:hr>132</ns3:hr>
            <ns3:cad>78</ns3:cad>
          </ns3:TrackPointExtension>
        </extensions>
      </trkpt>
      <trkpt lat="35.63485289923846721649169921875" lon="127.6039033569395542144775390625">
        <ele>1125.199951171875</ele>
        <time>2025-12-27T02:57:11.000Z</time>
        <extensions>
          <ns3:TrackPointExtension>
            <ns3:hr>133</ns3:hr>
            <ns3:cad>79</ns3:cad>
          </ns3:TrackPointExtension>
        </extensions>
      </trkpt>
      <trkpt lat="35.6348471157252788543701171875" lon="127.603902854025363922119140625">
        <ele>1125.4000244140625</ele>
        <time>2025-12-27T02:57:19.000Z</time>
        <extensions>
          <ns3:TrackPointExtension>
            <ns3:hr>134</ns3:hr>
            <ns3:cad>0</ns3:cad>
          </ns3:TrackPointExtension>
        </extensions>
      </trkpt>
      <trkpt lat="35.6348471157252788543701171875" lon="127.603902854025363922119140625">
        <ele>1125.4000244140625</ele>
        <time>2025-12-27T02:57:22.000Z</time>
        <extensions>
          <ns3:TrackPointExtension>
            <ns3:hr>131</ns3:hr>
            <ns3:cad>0</ns3:cad>
          </ns3:TrackPointExtension>
        </extensions>
      </trkpt>
      <trkpt lat="35.634846277534961700439453125" lon="127.60390494950115680694580078125">
        <ele>1125.199951171875</ele>
        <time>2025-12-27T02:57:26.000Z</time>
        <extensions>
          <ns3:TrackPointExtension>
            <ns3:hr>130</ns3:hr>
            <ns3:cad>0</ns3:cad>
          </ns3:TrackPointExtension>
        </extensions>
      </trkpt>
      <trkpt lat="35.6348566710948944091796875" lon="127.60390327312052249908447265625">
        <ele>1125</ele>
        <time>2025-12-27T02:57:30.000Z</time>
        <extensions>
          <ns3:TrackPointExtension>
            <ns3:hr>127</ns3:hr>
            <ns3:cad>0</ns3:cad>
          </ns3:TrackPointExtension>
        </extensions>
      </trkpt>
      <trkpt lat="35.63485139049589633941650390625" lon="127.60389707051217555999755859375">
        <ele>1125</ele>
        <time>2025-12-27T02:57:36.000Z</time>
        <extensions>
          <ns3:TrackPointExtension>
            <ns3:hr>127</ns3:hr>
            <ns3:cad>0</ns3:cad>
          </ns3:TrackPointExtension>
        </extensions>
      </trkpt>
      <trkpt lat="35.63485323451459407806396484375" lon="127.60389405302703380584716796875">
        <ele>1125.4000244140625</ele>
        <time>2025-12-27T02:57:39.000Z</time>
        <extensions>
          <ns3:TrackPointExtension>
            <ns3:hr>124</ns3:hr>
            <ns3:cad>0</ns3:cad>
          </ns3:TrackPointExtension>
        </extensions>
      </trkpt>
      <trkpt lat="35.6348581798374652862548828125" lon="127.60388969443738460540771484375">
        <ele>1125.4000244140625</ele>
        <time>2025-12-27T02:57:44.000Z</time>
        <extensions>
          <ns3:TrackPointExtension>
            <ns3:hr>121</ns3:hr>
            <ns3:cad>0</ns3:cad>
          </ns3:TrackPointExtension>
        </extensions>
      </trkpt>
      <trkpt lat="35.634840242564678192138671875" lon="127.60387293063104152679443359375">
        <ele>1125.199951171875</ele>
        <time>2025-12-27T02:57:48.000Z</time>
        <extensions>
          <ns3:TrackPointExtension>
            <ns3:hr>118</ns3:hr>
            <ns3:cad>0</ns3:cad>
          </ns3:TrackPointExtension>
        </extensions>
      </trkpt>
      <trkpt lat="35.634828172624111175537109375" lon="127.603804953396320343017578125">
        <ele>1125.800048828125</ele>
        <time>2025-12-27T02:57:54.000Z</time>
        <extensions>
          <ns3:TrackPointExtension>
            <ns3:hr>116</ns3:hr>
            <ns3:cad>0</ns3:cad>
          </ns3:TrackPointExtension>
        </extensions>
      </trkpt>
      <trkpt lat="35.6348085589706897735595703125" lon="127.60374250821769237518310546875">
        <ele>1127</ele>
        <time>2025-12-27T02:57:59.000Z</time>
        <extensions>
          <ns3:TrackPointExtension>
            <ns3:hr>117</ns3:hr>
            <ns3:cad>43</ns3:cad>
          </ns3:TrackPointExtension>
        </extensions>
      </trkpt>
      <trkpt lat="35.6348072178661823272705078125" lon="127.603717111051082611083984375">
        <ele>1127.5999755859375</ele>
        <time>2025-12-27T02:58:01.000Z</time>
        <extensions>
          <ns3:TrackPointExtension>
            <ns3:hr>115</ns3:hr>
            <ns3:cad>44</ns3:cad>
          </ns3:TrackPointExtension>
        </extensions>
      </trkpt>
      <trkpt lat="35.63479959033429622650146484375" lon="127.60369640775024890899658203125">
        <ele>1128.199951171875</ele>
        <time>2025-12-27T02:58:03.000Z</time>
        <extensions>
          <ns3:TrackPointExtension>
            <ns3:hr>114</ns3:hr>
            <ns3:cad>44</ns3:cad>
          </ns3:TrackPointExtension>
        </extensions>
      </trkpt>
      <trkpt lat="35.6348048709332942962646484375" lon="127.6036619581282138824462890625">
        <ele>1129.199951171875</ele>
        <time>2025-12-27T02:58:06.000Z</time>
        <extensions>
          <ns3:TrackPointExtension>
            <ns3:hr>117</ns3:hr>
            <ns3:cad>43</ns3:cad>
          </ns3:TrackPointExtension>
        </extensions>
      </trkpt>
      <trkpt lat="35.6348083913326263427734375" lon="127.60365047492086887359619140625">
        <ele>1129.4000244140625</ele>
        <time>2025-12-27T02:58:07.000Z</time>
        <extensions>
          <ns3:TrackPointExtension>
            <ns3:hr>117</ns3:hr>
            <ns3:cad>43</ns3:cad>
          </ns3:TrackPointExtension>
        </extensions>
      </trkpt>
      <trkpt lat="35.6348176114261150360107421875" lon="127.60361485183238983154296875">
        <ele>1130.4000244140625</ele>
        <time>2025-12-27T02:58:11.000Z</time>
        <extensions>
          <ns3:TrackPointExtension>
            <ns3:hr>120</ns3:hr>
            <ns3:cad>47</ns3:cad>
          </ns3:TrackPointExtension>
        </extensions>
      </trkpt>
      <trkpt lat="35.6348189525306224822998046875" lon="127.60361175052821636199951171875">
        <ele>1130.5999755859375</ele>
        <time>2025-12-27T02:58:12.000Z</time>
        <extensions>
          <ns3:TrackPointExtension>
            <ns3:hr>122</ns3:hr>
            <ns3:cad>48</ns3:cad>
          </ns3:TrackPointExtension>
        </extensions>
      </trkpt>
      <trkpt lat="35.6348176114261150360107421875" lon="127.6036059670150279998779296875">
        <ele>1131</ele>
        <time>2025-12-27T02:58:14.000Z</time>
        <extensions>
          <ns3:TrackPointExtension>
            <ns3:hr>125</ns3:hr>
            <ns3:cad>48</ns3:cad>
          </ns3:TrackPointExtension>
        </extensions>
      </trkpt>
      <trkpt lat="35.63481970690190792083740234375" lon="127.60360387153923511505126953125">
        <ele>1131</ele>
        <time>2025-12-27T02:58:15.000Z</time>
        <extensions>
          <ns3:TrackPointExtension>
            <ns3:hr>126</ns3:hr>
            <ns3:cad>48</ns3:cad>
          </ns3:TrackPointExtension>
        </extensions>
      </trkpt>
      <trkpt lat="35.63482624478638172149658203125" lon="127.6035915501415729522705078125">
        <ele>1131</ele>
        <time>2025-12-27T02:58:18.000Z</time>
        <extensions>
          <ns3:TrackPointExtension>
            <ns3:hr>129</ns3:hr>
            <ns3:cad>0</ns3:cad>
          </ns3:TrackPointExtension>
        </extensions>
      </trkpt>
      <trkpt lat="35.634830854833126068115234375" lon="127.60357067920267581939697265625">
        <ele>1131.4000244140625</ele>
        <time>2025-12-27T02:58:26.000Z</time>
        <extensions>
          <ns3:TrackPointExtension>
            <ns3:hr>127</ns3:hr>
            <ns3:cad>0</ns3:cad>
          </ns3:TrackPointExtension>
        </extensions>
      </trkpt>
      <trkpt lat="35.63483965583145618438720703125" lon="127.60355106554925441741943359375">
        <ele>1131.5999755859375</ele>
        <time>2025-12-27T02:58:28.000Z</time>
        <extensions>
          <ns3:TrackPointExtension>
            <ns3:hr>124</ns3:hr>
            <ns3:cad>0</ns3:cad>
          </ns3:TrackPointExtension>
        </extensions>
      </trkpt>
      <trkpt lat="35.6348417513072490692138671875" lon="127.60353296063840389251708984375">
        <ele>1131.800048828125</ele>
        <time>2025-12-27T02:58:29.000Z</time>
        <extensions>
          <ns3:TrackPointExtension>
            <ns3:hr>123</ns3:hr>
            <ns3:cad>0</ns3:cad>
          </ns3:TrackPointExtension>
        </extensions>
      </trkpt>
      <trkpt lat="35.63483395613729953765869140625" lon="127.60349775664508342742919921875">
        <ele>1132</ele>
        <time>2025-12-27T02:58:32.000Z</time>
        <extensions>
          <ns3:TrackPointExtension>
            <ns3:hr>122</ns3:hr>
            <ns3:cad>46</ns3:cad>
          </ns3:TrackPointExtension>
        </extensions>
      </trkpt>
      <trkpt lat="35.63480495475232601165771484375" lon="127.6034376583993434906005859375">
        <ele>1132</ele>
        <time>2025-12-27T02:58:37.000Z</time>
        <extensions>
          <ns3:TrackPointExtension>
            <ns3:hr>121</ns3:hr>
            <ns3:cad>47</ns3:cad>
          </ns3:TrackPointExtension>
        </extensions>
      </trkpt>
      <trkpt lat="35.634762458503246307373046875" lon="127.6033620536327362060546875">
        <ele>1131.199951171875</ele>
        <time>2025-12-27T02:58:43.000Z</time>
        <extensions>
          <ns3:TrackPointExtension>
            <ns3:hr>120</ns3:hr>
            <ns3:cad>51</ns3:cad>
          </ns3:TrackPointExtension>
        </extensions>
      </trkpt>
      <trkpt lat="35.6347559206187725067138671875" lon="127.60333397425711154937744140625">
        <ele>1130.4000244140625</ele>
        <time>2025-12-27T02:58:45.000Z</time>
        <extensions>
          <ns3:TrackPointExtension>
            <ns3:hr>119</ns3:hr>
            <ns3:cad>51</ns3:cad>
          </ns3:TrackPointExtension>
        </extensions>
      </trkpt>
      <trkpt lat="35.63477612100541591644287109375" lon="127.6032676734030246734619140625">
        <ele>1129.4000244140625</ele>
        <time>2025-12-27T02:58:49.000Z</time>
        <extensions>
          <ns3:TrackPointExtension>
            <ns3:hr>118</ns3:hr>
            <ns3:cad>59</ns3:cad>
          </ns3:TrackPointExtension>
        </extensions>
      </trkpt>
      <trkpt lat="35.63476623035967350006103515625" lon="127.6031996123492717742919921875">
        <ele>1128</ele>
        <time>2025-12-27T02:58:53.000Z</time>
        <extensions>
          <ns3:TrackPointExtension>
            <ns3:hr>118</ns3:hr>
            <ns3:cad>60</ns3:cad>
          </ns3:TrackPointExtension>
        </extensions>
      </trkpt>
      <trkpt lat="35.6347465328872203826904296875" lon="127.603158541023731231689453125">
        <ele>1127.4000244140625</ele>
        <time>2025-12-27T02:58:56.000Z</time>
        <extensions>
          <ns3:TrackPointExtension>
            <ns3:hr>118</ns3:hr>
            <ns3:cad>60</ns3:cad>
          </ns3:TrackPointExtension>
        </extensions>
      </trkpt>
      <trkpt lat="35.63468559645116329193115234375" lon="127.60307480581104755401611328125">
        <ele>1126.800048828125</ele>
        <time>2025-12-27T02:59:03.000Z</time>
        <extensions>
          <ns3:TrackPointExtension>
            <ns3:hr>117</ns3:hr>
            <ns3:cad>56</ns3:cad>
          </ns3:TrackPointExtension>
        </extensions>
      </trkpt>
      <trkpt lat="35.6346788071095943450927734375" lon="127.60307078249752521514892578125">
        <ele>1126.800048828125</ele>
        <time>2025-12-27T02:59:04.000Z</time>
        <extensions>
          <ns3:TrackPointExtension>
            <ns3:hr>116</ns3:hr>
            <ns3:cad>55</ns3:cad>
          </ns3:TrackPointExtension>
        </extensions>
      </trkpt>
      <trkpt lat="35.63462541438639163970947265625" lon="127.60299920104444026947021484375">
        <ele>1127.199951171875</ele>
        <time>2025-12-27T02:59:11.000Z</time>
        <extensions>
          <ns3:TrackPointExtension>
            <ns3:hr>116</ns3:hr>
            <ns3:cad>52</ns3:cad>
          </ns3:TrackPointExtension>
        </extensions>
      </trkpt>
      <trkpt lat="35.634565986692905426025390625" lon="127.6028884761035442352294921875">
        <ele>1127.5999755859375</ele>
        <time>2025-12-27T02:59:20.000Z</time>
        <extensions>
          <ns3:TrackPointExtension>
            <ns3:hr>114</ns3:hr>
            <ns3:cad>46</ns3:cad>
          </ns3:TrackPointExtension>
        </extensions>
      </trkpt>
      <trkpt lat="35.63451460562646389007568359375" lon="127.60276836343109607696533203125">
        <ele>1127.5999755859375</ele>
        <time>2025-12-27T02:59:31.000Z</time>
        <extensions>
          <ns3:TrackPointExtension>
            <ns3:hr>112</ns3:hr>
            <ns3:cad>50</ns3:cad>
          </ns3:TrackPointExtension>
        </extensions>
      </trkpt>
      <trkpt lat="35.6345098279416561126708984375" lon="127.60271924547851085662841796875">
        <ele>1128</ele>
        <time>2025-12-27T02:59:35.000Z</time>
        <extensions>
          <ns3:TrackPointExtension>
            <ns3:hr>110</ns3:hr>
            <ns3:cad>47</ns3:cad>
          </ns3:TrackPointExtension>
        </extensions>
      </trkpt>
      <trkpt lat="35.63448526896536350250244140625" lon="127.60267985053360462188720703125">
        <ele>1128.199951171875</ele>
        <time>2025-12-27T02:59:39.000Z</time>
        <extensions>
          <ns3:TrackPointExtension>
            <ns3:hr>110</ns3:hr>
            <ns3:cad>52</ns3:cad>
          </ns3:TrackPointExtension>
        </extensions>
      </trkpt>
      <trkpt lat="35.6344394199550151824951171875" lon="127.60261832736432552337646484375">
        <ele>1128.199951171875</ele>
        <time>2025-12-27T02:59:44.000Z</time>
        <extensions>
          <ns3:TrackPointExtension>
            <ns3:hr>113</ns3:hr>
            <ns3:cad>48</ns3:cad>
          </ns3:TrackPointExtension>
        </extensions>
      </trkpt>
      <trkpt lat="35.63442911021411418914794921875" lon="127.6025555469095706939697265625">
        <ele>1128</ele>
        <time>2025-12-27T02:59:49.000Z</time>
        <extensions>
          <ns3:TrackPointExtension>
            <ns3:hr>113</ns3:hr>
            <ns3:cad>52</ns3:cad>
          </ns3:TrackPointExtension>
        </extensions>
      </trkpt>
      <trkpt lat="35.63443833030760288238525390625" lon="127.60244314558804035186767578125">
        <ele>1128.4000244140625</ele>
        <time>2025-12-27T02:59:59.000Z</time>
        <extensions>
          <ns3:TrackPointExtension>
            <ns3:hr>113</ns3:hr>
            <ns3:cad>46</ns3:cad>
          </ns3:TrackPointExtension>
        </extensions>
      </trkpt>
      <trkpt lat="35.63445509411394596099853515625" lon="127.60240542702376842498779296875">
        <ele>1129</ele>
        <time>2025-12-27T03:00:04.000Z</time>
        <extensions>
          <ns3:TrackPointExtension>
            <ns3:hr>114</ns3:hr>
            <ns3:cad>43</ns3:cad>
          </ns3:TrackPointExtension>
        </extensions>
      </trkpt>
      <trkpt lat="35.63446171581745147705078125" lon="127.602386735379695892333984375">
        <ele>1129.4000244140625</ele>
        <time>2025-12-27T03:00:06.000Z</time>
        <extensions>
          <ns3:TrackPointExtension>
            <ns3:hr>114</ns3:hr>
            <ns3:cad>41</ns3:cad>
          </ns3:TrackPointExtension>
        </extensions>
      </trkpt>
      <trkpt lat="35.63446330837905406951904296875" lon="127.60235446505248546600341796875">
        <ele>1130</ele>
        <time>2025-12-27T03:00:10.000Z</time>
        <extensions>
          <ns3:TrackPointExtension>
            <ns3:hr>115</ns3:hr>
            <ns3:cad>45</ns3:cad>
          </ns3:TrackPointExtension>
        </extensions>
      </trkpt>
      <trkpt lat="35.6344632245600223541259765625" lon="127.60232730768620967864990234375">
        <ele>1131</ele>
        <time>2025-12-27T03:00:13.000Z</time>
        <extensions>
          <ns3:TrackPointExtension>
            <ns3:hr>116</ns3:hr>
            <ns3:cad>45</ns3:cad>
          </ns3:TrackPointExtension>
        </extensions>
      </trkpt>
      <trkpt lat="35.63446079380810260772705078125" lon="127.60231507010757923126220703125">
        <ele>1131.4000244140625</ele>
        <time>2025-12-27T03:00:14.000Z</time>
        <extensions>
          <ns3:TrackPointExtension>
            <ns3:hr>116</ns3:hr>
            <ns3:cad>46</ns3:cad>
          </ns3:TrackPointExtension>
        </extensions>
      </trkpt>
      <trkpt lat="35.63445501029491424560546875" lon="127.60228271596133708953857421875">
        <ele>1132.199951171875</ele>
        <time>2025-12-27T03:00:17.000Z</time>
        <extensions>
          <ns3:TrackPointExtension>
            <ns3:hr>117</ns3:hr>
            <ns3:cad>47</ns3:cad>
          </ns3:TrackPointExtension>
        </extensions>
      </trkpt>
      <trkpt lat="35.63444235362112522125244140625" lon="127.6022246293723583221435546875">
        <ele>1132.800048828125</ele>
        <time>2025-12-27T03:00:21.000Z</time>
        <extensions>
          <ns3:TrackPointExtension>
            <ns3:hr>120</ns3:hr>
            <ns3:cad>45</ns3:cad>
          </ns3:TrackPointExtension>
        </extensions>
      </trkpt>
      <trkpt lat="35.63443648628890514373779296875" lon="127.602158077061176300048828125">
        <ele>1133.4000244140625</ele>
        <time>2025-12-27T03:00:25.000Z</time>
        <extensions>
          <ns3:TrackPointExtension>
            <ns3:hr>123</ns3:hr>
            <ns3:cad>49</ns3:cad>
          </ns3:TrackPointExtension>
        </extensions>
      </trkpt>
      <trkpt lat="35.63442793674767017364501953125" lon="127.60213569737970829010009765625">
        <ele>1133.5999755859375</ele>
        <time>2025-12-27T03:00:28.000Z</time>
        <extensions>
          <ns3:TrackPointExtension>
            <ns3:hr>126</ns3:hr>
            <ns3:cad>47</ns3:cad>
          </ns3:TrackPointExtension>
        </extensions>
      </trkpt>
      <trkpt lat="35.63442374579608440399169921875" lon="127.6021253876388072967529296875">
        <ele>1133.800048828125</ele>
        <time>2025-12-27T03:00:29.000Z</time>
        <extensions>
          <ns3:TrackPointExtension>
            <ns3:hr>127</ns3:hr>
            <ns3:cad>45</ns3:cad>
          </ns3:TrackPointExtension>
        </extensions>
      </trkpt>
      <trkpt lat="35.63435937277972698211669921875" lon="127.60206344537436962127685546875">
        <ele>1134</ele>
        <time>2025-12-27T03:00:36.000Z</time>
        <extensions>
          <ns3:TrackPointExtension>
            <ns3:hr>130</ns3:hr>
            <ns3:cad>52</ns3:cad>
          </ns3:TrackPointExtension>
        </extensions>
      </trkpt>
      <trkpt lat="35.63434914685785770416259765625" lon="127.60205305181443691253662109375">
        <ele>1134</ele>
        <time>2025-12-27T03:00:37.000Z</time>
        <extensions>
          <ns3:TrackPointExtension>
            <ns3:hr>130</ns3:hr>
            <ns3:cad>52</ns3:cad>
          </ns3:TrackPointExtension>
        </extensions>
      </trkpt>
      <trkpt lat="35.63426063396036624908447265625" lon="127.60195481590926647186279296875">
        <ele>1132.800048828125</ele>
        <time>2025-12-27T03:00:46.000Z</time>
        <extensions>
          <ns3:TrackPointExtension>
            <ns3:hr>131</ns3:hr>
            <ns3:cad>55</ns3:cad>
          </ns3:TrackPointExtension>
        </extensions>
      </trkpt>
      <trkpt lat="35.6341913156211376190185546875" lon="127.6018685661256313323974609375">
        <ele>1133.199951171875</ele>
        <time>2025-12-27T03:00:54.000Z</time>
        <extensions>
          <ns3:TrackPointExtension>
            <ns3:hr>129</ns3:hr>
            <ns3:cad>51</ns3:cad>
          </ns3:TrackPointExtension>
        </extensions>
      </trkpt>
      <trkpt lat="35.63413792289793491363525390625" lon="127.6018045283854007720947265625">
        <ele>1134.5999755859375</ele>
        <time>2025-12-27T03:01:01.000Z</time>
        <extensions>
          <ns3:TrackPointExtension>
            <ns3:hr>127</ns3:hr>
            <ns3:cad>49</ns3:cad>
          </ns3:TrackPointExtension>
        </extensions>
      </trkpt>
      <trkpt lat="35.63412954099476337432861328125" lon="127.601797319948673248291015625">
        <ele>1134.5999755859375</ele>
        <time>2025-12-27T03:01:02.000Z</time>
        <extensions>
          <ns3:TrackPointExtension>
            <ns3:hr>124</ns3:hr>
            <ns3:cad>49</ns3:cad>
          </ns3:TrackPointExtension>
        </extensions>
      </trkpt>
      <trkpt lat="35.6341217458248138427734375" lon="127.6017837412655353546142578125">
        <ele>1134.800048828125</ele>
        <time>2025-12-27T03:01:03.000Z</time>
        <extensions>
          <ns3:TrackPointExtension>
            <ns3:hr>123</ns3:hr>
            <ns3:cad>49</ns3:cad>
          </ns3:TrackPointExtension>
        </extensions>
      </trkpt>
      <trkpt lat="35.63409131951630115509033203125" lon="127.601740658283233642578125">
        <ele>1135.5999755859375</ele>
        <time>2025-12-27T03:01:07.000Z</time>
        <extensions>
          <ns3:TrackPointExtension>
            <ns3:hr>123</ns3:hr>
            <ns3:cad>50</ns3:cad>
          </ns3:TrackPointExtension>
        </extensions>
      </trkpt>
      <trkpt lat="35.634079165756702423095703125" lon="127.6016912050545215606689453125">
        <ele>1136.4000244140625</ele>
        <time>2025-12-27T03:01:11.000Z</time>
        <extensions>
          <ns3:TrackPointExtension>
            <ns3:hr>124</ns3:hr>
            <ns3:cad>49</ns3:cad>
          </ns3:TrackPointExtension>
        </extensions>
      </trkpt>
      <trkpt lat="35.6340783275663852691650390625" lon="127.601678632199764251708984375">
        <ele>1136.5999755859375</ele>
        <time>2025-12-27T03:01:12.000Z</time>
        <extensions>
          <ns3:TrackPointExtension>
            <ns3:hr>123</ns3:hr>
            <ns3:cad>47</ns3:cad>
          </ns3:TrackPointExtension>
        </extensions>
      </trkpt>
      <trkpt lat="35.6340826861560344696044921875" lon="127.601646445691585540771484375">
        <ele>1137.5999755859375</ele>
        <time>2025-12-27T03:01:16.000Z</time>
        <extensions>
          <ns3:TrackPointExtension>
            <ns3:hr>124</ns3:hr>
            <ns3:cad>48</ns3:cad>
          </ns3:TrackPointExtension>
        </extensions>
      </trkpt>
      <trkpt lat="35.6340707838535308837890625" lon="127.6016338728368282318115234375">
        <ele>1138.199951171875</ele>
        <time>2025-12-27T03:01:18.000Z</time>
        <extensions>
          <ns3:TrackPointExtension>
            <ns3:hr>124</ns3:hr>
            <ns3:cad>47</ns3:cad>
          </ns3:TrackPointExtension>
        </extensions>
      </trkpt>
      <trkpt lat="35.63405460678040981292724609375" lon="127.60161283425986766815185546875">
        <ele>1138.5999755859375</ele>
        <time>2025-12-27T03:01:21.000Z</time>
        <extensions>
          <ns3:TrackPointExtension>
            <ns3:hr>125</ns3:hr>
            <ns3:cad>46</ns3:cad>
          </ns3:TrackPointExtension>
        </extensions>
      </trkpt>
      <trkpt lat="35.63400574028491973876953125" lon="127.601558268070220947265625">
        <ele>1139.5999755859375</ele>
        <time>2025-12-27T03:01:27.000Z</time>
        <extensions>
          <ns3:TrackPointExtension>
            <ns3:hr>126</ns3:hr>
            <ns3:cad>47</ns3:cad>
          </ns3:TrackPointExtension>
        </extensions>
      </trkpt>
      <trkpt lat="35.63392636366188526153564453125" lon="127.601520381867885589599609375">
        <ele>1138.199951171875</ele>
        <time>2025-12-27T03:01:34.000Z</time>
        <extensions>
          <ns3:TrackPointExtension>
            <ns3:hr>129</ns3:hr>
            <ns3:cad>57</ns3:cad>
          </ns3:TrackPointExtension>
        </extensions>
      </trkpt>
      <trkpt lat="35.63390314579010009765625" lon="127.60151334106922149658203125">
        <ele>1137.5999755859375</ele>
        <time>2025-12-27T03:01:36.000Z</time>
        <extensions>
          <ns3:TrackPointExtension>
            <ns3:hr>130</ns3:hr>
            <ns3:cad>57</ns3:cad>
          </ns3:TrackPointExtension>
        </extensions>
      </trkpt>
      <trkpt lat="35.6338406167924404144287109375" lon="127.60150118730962276458740234375">
        <ele>1136.800048828125</ele>
        <time>2025-12-27T03:01:41.000Z</time>
        <extensions>
          <ns3:TrackPointExtension>
            <ns3:hr>130</ns3:hr>
            <ns3:cad>57</ns3:cad>
          </ns3:TrackPointExtension>
        </extensions>
      </trkpt>
      <trkpt lat="35.6338293850421905517578125" lon="127.6015004329383373260498046875">
        <ele>1136.5999755859375</ele>
        <time>2025-12-27T03:01:42.000Z</time>
        <extensions>
          <ns3:TrackPointExtension>
            <ns3:hr>130</ns3:hr>
            <ns3:cad>56</ns3:cad>
          </ns3:TrackPointExtension>
        </extensions>
      </trkpt>
      <trkpt lat="35.6337703764438629150390625" lon="127.6015091501176357269287109375">
        <ele>1135.4000244140625</ele>
        <time>2025-12-27T03:01:48.000Z</time>
        <extensions>
          <ns3:TrackPointExtension>
            <ns3:hr>129</ns3:hr>
            <ns3:cad>57</ns3:cad>
          </ns3:TrackPointExtension>
        </extensions>
      </trkpt>
      <trkpt lat="35.63375973142683506011962890625" lon="127.6015086472034454345703125">
        <ele>1135.199951171875</ele>
        <time>2025-12-27T03:01:49.000Z</time>
        <extensions>
          <ns3:TrackPointExtension>
            <ns3:hr>129</ns3:hr>
            <ns3:cad>57</ns3:cad>
          </ns3:TrackPointExtension>
        </extensions>
      </trkpt>
      <trkpt lat="35.63373223878443241119384765625" lon="127.6015031151473522186279296875">
        <ele>1134.199951171875</ele>
        <time>2025-12-27T03:01:52.000Z</time>
        <extensions>
          <ns3:TrackPointExtension>
            <ns3:hr>128</ns3:hr>
            <ns3:cad>53</ns3:cad>
          </ns3:TrackPointExtension>
        </extensions>
      </trkpt>
      <trkpt lat="35.63370667397975921630859375" lon="127.601502947509288787841796875">
        <ele>1133.199951171875</ele>
        <time>2025-12-27T03:01:55.000Z</time>
        <extensions>
          <ns3:TrackPointExtension>
            <ns3:hr>127</ns3:hr>
            <ns3:cad>57</ns3:cad>
          </ns3:TrackPointExtension>
        </extensions>
      </trkpt>
      <trkpt lat="35.6336977891623973846435546875" lon="127.60150470770895481109619140625">
        <ele>1132.800048828125</ele>
        <time>2025-12-27T03:01:56.000Z</time>
        <extensions>
          <ns3:TrackPointExtension>
            <ns3:hr>126</ns3:hr>
            <ns3:cad>65</ns3:cad>
          </ns3:TrackPointExtension>
        </extensions>
      </trkpt>
      <trkpt lat="35.63368462957441806793212890625" lon="127.6014860160648822784423828125">
        <ele>1132</ele>
        <time>2025-12-27T03:01:59.000Z</time>
        <extensions>
          <ns3:TrackPointExtension>
            <ns3:hr>126</ns3:hr>
            <ns3:cad>65</ns3:cad>
          </ns3:TrackPointExtension>
        </extensions>
      </trkpt>
      <trkpt lat="35.63366635702550411224365234375" lon="127.60148626752197742462158203125">
        <ele>1131.5999755859375</ele>
        <time>2025-12-27T03:02:01.000Z</time>
        <extensions>
          <ns3:TrackPointExtension>
            <ns3:hr>125</ns3:hr>
            <ns3:cad>60</ns3:cad>
          </ns3:TrackPointExtension>
        </extensions>
      </trkpt>
      <trkpt lat="35.63365629874169826507568359375" lon="127.6014917157590389251708984375">
        <ele>1131.199951171875</ele>
        <time>2025-12-27T03:02:02.000Z</time>
        <extensions>
          <ns3:TrackPointExtension>
            <ns3:hr>125</ns3:hr>
            <ns3:cad>59</ns3:cad>
          </ns3:TrackPointExtension>
        </extensions>
      </trkpt>
      <trkpt lat="35.63364707864820957183837890625" lon="127.60149263776838779449462890625">
        <ele>1130.800048828125</ele>
        <time>2025-12-27T03:02:03.000Z</time>
        <extensions>
          <ns3:TrackPointExtension>
            <ns3:hr>125</ns3:hr>
            <ns3:cad>59</ns3:cad>
          </ns3:TrackPointExtension>
        </extensions>
      </trkpt>
      <trkpt lat="35.6336320750415325164794921875" lon="127.60152004659175872802734375">
        <ele>1129.4000244140625</ele>
        <time>2025-12-27T03:02:06.000Z</time>
        <extensions>
          <ns3:TrackPointExtension>
            <ns3:hr>124</ns3:hr>
            <ns3:cad>56</ns3:cad>
          </ns3:TrackPointExtension>
        </extensions>
      </trkpt>
      <trkpt lat="35.633617825806140899658203125" lon="127.6015104912221431732177734375">
        <ele>1128.800048828125</ele>
        <time>2025-12-27T03:02:08.000Z</time>
        <extensions>
          <ns3:TrackPointExtension>
            <ns3:hr>123</ns3:hr>
            <ns3:cad>57</ns3:cad>
          </ns3:TrackPointExtension>
        </extensions>
      </trkpt>
      <trkpt lat="35.6335941888391971588134765625" lon="127.60149615816771984100341796875">
        <ele>1128.199951171875</ele>
        <time>2025-12-27T03:02:10.000Z</time>
        <extensions>
          <ns3:TrackPointExtension>
            <ns3:hr>122</ns3:hr>
            <ns3:cad>57</ns3:cad>
          </ns3:TrackPointExtension>
        </extensions>
      </trkpt>
      <trkpt lat="35.633561499416828155517578125" lon="127.6014984212815761566162109375">
        <ele>1127.4000244140625</ele>
        <time>2025-12-27T03:02:13.000Z</time>
        <extensions>
          <ns3:TrackPointExtension>
            <ns3:hr>121</ns3:hr>
            <ns3:cad>57</ns3:cad>
          </ns3:TrackPointExtension>
        </extensions>
      </trkpt>
      <trkpt lat="35.63355387188494205474853515625" lon="127.60150152258574962615966796875">
        <ele>1127</ele>
        <time>2025-12-27T03:02:14.000Z</time>
        <extensions>
          <ns3:TrackPointExtension>
            <ns3:hr>121</ns3:hr>
            <ns3:cad>57</ns3:cad>
          </ns3:TrackPointExtension>
        </extensions>
      </trkpt>
      <trkpt lat="35.6334780156612396240234375" lon="127.60150269605219364166259765625">
        <ele>1126.199951171875</ele>
        <time>2025-12-27T03:02:20.000Z</time>
        <extensions>
          <ns3:TrackPointExtension>
            <ns3:hr>120</ns3:hr>
            <ns3:cad>60</ns3:cad>
          </ns3:TrackPointExtension>
        </extensions>
      </trkpt>
      <trkpt lat="35.63338723964989185333251953125" lon="127.6014886982738971710205078125">
        <ele>1126.199951171875</ele>
        <time>2025-12-27T03:02:27.000Z</time>
        <extensions>
          <ns3:TrackPointExtension>
            <ns3:hr>118</ns3:hr>
            <ns3:cad>56</ns3:cad>
          </ns3:TrackPointExtension>
        </extensions>
      </trkpt>
      <trkpt lat="35.6333360262215137481689453125" lon="127.6015034504234790802001953125">
        <ele>1126.199951171875</ele>
        <time>2025-12-27T03:02:32.000Z</time>
        <extensions>
          <ns3:TrackPointExtension>
            <ns3:hr>118</ns3:hr>
            <ns3:cad>54</ns3:cad>
          </ns3:TrackPointExtension>
        </extensions>
      </trkpt>
      <trkpt lat="35.63324089162051677703857421875" lon="127.6014612056314945220947265625">
        <ele>1127.800048828125</ele>
        <time>2025-12-27T03:02:40.000Z</time>
        <extensions>
          <ns3:TrackPointExtension>
            <ns3:hr>116</ns3:hr>
            <ns3:cad>48</ns3:cad>
          </ns3:TrackPointExtension>
        </extensions>
      </trkpt>
      <trkpt lat="35.6331600062549114227294921875" lon="127.6014065556228160858154296875">
        <ele>1126.5999755859375</ele>
        <time>2025-12-27T03:02:47.000Z</time>
        <extensions>
          <ns3:TrackPointExtension>
            <ns3:hr>117</ns3:hr>
            <ns3:cad>0</ns3:cad>
          </ns3:TrackPointExtension>
        </extensions>
      </trkpt>
      <trkpt lat="35.63312890939414501190185546875" lon="127.601390965282917022705078125">
        <ele>1125.800048828125</ele>
        <time>2025-12-27T03:02:49.000Z</time>
        <extensions>
          <ns3:TrackPointExtension>
            <ns3:hr>117</ns3:hr>
            <ns3:cad>0</ns3:cad>
          </ns3:TrackPointExtension>
        </extensions>
      </trkpt>
      <trkpt lat="35.6330952979624271392822265625" lon="127.6013763807713985443115234375">
        <ele>1125.4000244140625</ele>
        <time>2025-12-27T03:02:52.000Z</time>
        <extensions>
          <ns3:TrackPointExtension>
            <ns3:hr>113</ns3:hr>
            <ns3:cad>0</ns3:cad>
          </ns3:TrackPointExtension>
        </extensions>
      </trkpt>
      <trkpt lat="35.633071996271610260009765625" lon="127.60136607103049755096435546875">
        <ele>1125.4000244140625</ele>
        <time>2025-12-27T03:02:54.000Z</time>
        <extensions>
          <ns3:TrackPointExtension>
            <ns3:hr>110</ns3:hr>
            <ns3:cad>0</ns3:cad>
          </ns3:TrackPointExtension>
        </extensions>
      </trkpt>
      <trkpt lat="35.6330520473420619964599609375" lon="127.60135299526154994964599609375">
        <ele>1125.4000244140625</ele>
        <time>2025-12-27T03:02:56.000Z</time>
        <extensions>
          <ns3:TrackPointExtension>
            <ns3:hr>109</ns3:hr>
            <ns3:cad>0</ns3:cad>
          </ns3:TrackPointExtension>
        </extensions>
      </trkpt>
      <trkpt lat="35.63299798406660556793212890625" lon="127.6012711040675640106201171875">
        <ele>1126.4000244140625</ele>
        <time>2025-12-27T03:03:04.000Z</time>
        <extensions>
          <ns3:TrackPointExtension>
            <ns3:hr>110</ns3:hr>
            <ns3:cad>50</ns3:cad>
          </ns3:TrackPointExtension>
        </extensions>
      </trkpt>
      <trkpt lat="35.63299546949565410614013671875" lon="127.60125174187123775482177734375">
        <ele>1127</ele>
        <time>2025-12-27T03:03:06.000Z</time>
        <extensions>
          <ns3:TrackPointExtension>
            <ns3:hr>110</ns3:hr>
            <ns3:cad>48</ns3:cad>
          </ns3:TrackPointExtension>
        </extensions>
      </trkpt>
      <trkpt lat="35.63298256136476993560791015625" lon="127.601221315562725067138671875">
        <ele>1128.199951171875</ele>
        <time>2025-12-27T03:03:11.000Z</time>
        <extensions>
          <ns3:TrackPointExtension>
            <ns3:hr>110</ns3:hr>
            <ns3:cad>47</ns3:cad>
          </ns3:TrackPointExtension>
        </extensions>
      </trkpt>
      <trkpt lat="35.63297845423221588134765625" lon="127.601209580898284912109375">
        <ele>1128.5999755859375</ele>
        <time>2025-12-27T03:03:13.000Z</time>
        <extensions>
          <ns3:TrackPointExtension>
            <ns3:hr>112</ns3:hr>
            <ns3:cad>47</ns3:cad>
          </ns3:TrackPointExtension>
        </extensions>
      </trkpt>
      <trkpt lat="35.63297736458480358123779296875" lon="127.60119457729160785675048828125">
        <ele>1129.199951171875</ele>
        <time>2025-12-27T03:03:16.000Z</time>
        <extensions>
          <ns3:TrackPointExtension>
            <ns3:hr>115</ns3:hr>
            <ns3:cad>48</ns3:cad>
          </ns3:TrackPointExtension>
        </extensions>
      </trkpt>
      <trkpt lat="35.63297870568931102752685546875" lon="127.6011772267520427703857421875">
        <ele>1130</ele>
        <time>2025-12-27T03:03:20.000Z</time>
        <extensions>
          <ns3:TrackPointExtension>
            <ns3:hr>117</ns3:hr>
            <ns3:cad>43</ns3:cad>
          </ns3:TrackPointExtension>
        </extensions>
      </trkpt>
      <trkpt lat="35.6329776160418987274169921875" lon="127.6011718623340129852294921875">
        <ele>1130.199951171875</ele>
        <time>2025-12-27T03:03:21.000Z</time>
        <extensions>
          <ns3:TrackPointExtension>
            <ns3:hr>117</ns3:hr>
            <ns3:cad>44</ns3:cad>
          </ns3:TrackPointExtension>
        </extensions>
      </trkpt>
      <trkpt lat="35.63295758329331874847412109375" lon="127.60115786455571651458740234375">
        <ele>1131.199951171875</ele>
        <time>2025-12-27T03:03:25.000Z</time>
        <extensions>
          <ns3:TrackPointExtension>
            <ns3:hr>120</ns3:hr>
            <ns3:cad>47</ns3:cad>
          </ns3:TrackPointExtension>
        </extensions>
      </trkpt>
      <trkpt lat="35.632947273552417755126953125" lon="127.6011550985276699066162109375">
        <ele>1131.4000244140625</ele>
        <time>2025-12-27T03:03:26.000Z</time>
        <extensions>
          <ns3:TrackPointExtension>
            <ns3:hr>121</ns3:hr>
            <ns3:cad>46</ns3:cad>
          </ns3:TrackPointExtension>
        </extensions>
      </trkpt>
      <trkpt lat="35.63292757607996463775634765625" lon="127.60115065611898899078369140625">
        <ele>1131.800048828125</ele>
        <time>2025-12-27T03:03:28.000Z</time>
        <extensions>
          <ns3:TrackPointExtension>
            <ns3:hr>126</ns3:hr>
            <ns3:cad>44</ns3:cad>
          </ns3:TrackPointExtension>
        </extensions>
      </trkpt>
      <trkpt lat="35.6328854151070117950439453125" lon="127.6011366583406925201416015625">
        <ele>1132</ele>
        <time>2025-12-27T03:03:32.000Z</time>
        <extensions>
          <ns3:TrackPointExtension>
            <ns3:hr>129</ns3:hr>
            <ns3:cad>48</ns3:cad>
          </ns3:TrackPointExtension>
        </extensions>
      </trkpt>
      <trkpt lat="35.63283219002187252044677734375" lon="127.601111344993114471435546875">
        <ele>1131.800048828125</ele>
        <time>2025-12-27T03:03:37.000Z</time>
        <extensions>
          <ns3:TrackPointExtension>
            <ns3:hr>131</ns3:hr>
            <ns3:cad>53</ns3:cad>
          </ns3:TrackPointExtension>
        </extensions>
      </trkpt>
      <trkpt lat="35.63278860412538051605224609375" lon="127.60106147266924381256103515625">
        <ele>1132.4000244140625</ele>
        <time>2025-12-27T03:03:42.000Z</time>
        <extensions>
          <ns3:TrackPointExtension>
            <ns3:hr>132</ns3:hr>
            <ns3:cad>51</ns3:cad>
          </ns3:TrackPointExtension>
        </extensions>
      </trkpt>
      <trkpt lat="35.63275448977947235107421875" lon="127.6010112650692462921142578125">
        <ele>1133</ele>
        <time>2025-12-27T03:03:46.000Z</time>
        <extensions>
          <ns3:TrackPointExtension>
            <ns3:hr>131</ns3:hr>
            <ns3:cad>49</ns3:cad>
          </ns3:TrackPointExtension>
        </extensions>
      </trkpt>
      <trkpt lat="35.63269338570535182952880859375" lon="127.60095317848026752471923828125">
        <ele>1133.199951171875</ele>
        <time>2025-12-27T03:03:54.000Z</time>
        <extensions>
          <ns3:TrackPointExtension>
            <ns3:hr>129</ns3:hr>
            <ns3:cad>50</ns3:cad>
          </ns3:TrackPointExtension>
        </extensions>
      </trkpt>
      <trkpt lat="35.63267159275710582733154296875" lon="127.60093809105455875396728515625">
        <ele>1133.5999755859375</ele>
        <time>2025-12-27T03:03:56.000Z</time>
        <extensions>
          <ns3:TrackPointExtension>
            <ns3:hr>130</ns3:hr>
            <ns3:cad>51</ns3:cad>
          </ns3:TrackPointExtension>
        </extensions>
      </trkpt>
      <trkpt lat="35.6326446868479251861572265625" lon="127.60087254457175731658935546875">
        <ele>1134.199951171875</ele>
        <time>2025-12-27T03:04:01.000Z</time>
        <extensions>
          <ns3:TrackPointExtension>
            <ns3:hr>131</ns3:hr>
            <ns3:cad>51</ns3:cad>
          </ns3:TrackPointExtension>
        </extensions>
      </trkpt>
      <trkpt lat="35.6326309405267238616943359375" lon="127.60086500085890293121337890625">
        <ele>1134.5999755859375</ele>
        <time>2025-12-27T03:04:03.000Z</time>
        <extensions>
          <ns3:TrackPointExtension>
            <ns3:hr>131</ns3:hr>
            <ns3:cad>51</ns3:cad>
          </ns3:TrackPointExtension>
        </extensions>
      </trkpt>
      <trkpt lat="35.63259665854275226593017578125" lon="127.6008231751620769500732421875">
        <ele>1134.4000244140625</ele>
        <time>2025-12-27T03:04:07.000Z</time>
        <extensions>
          <ns3:TrackPointExtension>
            <ns3:hr>130</ns3:hr>
            <ns3:cad>0</ns3:cad>
          </ns3:TrackPointExtension>
        </extensions>
      </trkpt>
      <trkpt lat="35.632563717663288116455078125" lon="127.60072938166558742523193359375">
        <ele>1134.5999755859375</ele>
        <time>2025-12-27T03:04:14.000Z</time>
        <extensions>
          <ns3:TrackPointExtension>
            <ns3:hr>129</ns3:hr>
            <ns3:cad>56</ns3:cad>
          </ns3:TrackPointExtension>
        </extensions>
      </trkpt>
      <trkpt lat="35.632575452327728271484375" lon="127.6007101871073246002197265625">
        <ele>1135.4000244140625</ele>
        <time>2025-12-27T03:04:17.000Z</time>
        <extensions>
          <ns3:TrackPointExtension>
            <ns3:hr>128</ns3:hr>
            <ns3:cad>49</ns3:cad>
          </ns3:TrackPointExtension>
        </extensions>
      </trkpt>
      <trkpt lat="35.632581152021884918212890625" lon="127.60070390067994594573974609375">
        <ele>1135.800048828125</ele>
        <time>2025-12-27T03:04:18.000Z</time>
        <extensions>
          <ns3:TrackPointExtension>
            <ns3:hr>127</ns3:hr>
            <ns3:cad>49</ns3:cad>
          </ns3:TrackPointExtension>
        </extensions>
      </trkpt>
      <trkpt lat="35.63258928246796131134033203125" lon="127.6006837002933025360107421875">
        <ele>1136.4000244140625</ele>
        <time>2025-12-27T03:04:21.000Z</time>
        <extensions>
          <ns3:TrackPointExtension>
            <ns3:hr>127</ns3:hr>
            <ns3:cad>48</ns3:cad>
          </ns3:TrackPointExtension>
        </extensions>
      </trkpt>
      <trkpt lat="35.632603280246257781982421875" lon="127.6006716303527355194091796875">
        <ele>1136.800048828125</ele>
        <time>2025-12-27T03:04:23.000Z</time>
        <extensions>
          <ns3:TrackPointExtension>
            <ns3:hr>127</ns3:hr>
            <ns3:cad>47</ns3:cad>
          </ns3:TrackPointExtension>
        </extensions>
      </trkpt>
      <trkpt lat="35.6326024420559406280517578125" lon="127.60065880604088306427001953125">
        <ele>1137.800048828125</ele>
        <time>2025-12-27T03:04:26.000Z</time>
        <extensions>
          <ns3:TrackPointExtension>
            <ns3:hr>127</ns3:hr>
            <ns3:cad>45</ns3:cad>
          </ns3:TrackPointExtension>
        </extensions>
      </trkpt>
      <trkpt lat="35.6326000951230525970458984375" lon="127.6006543636322021484375">
        <ele>1138</ele>
        <time>2025-12-27T03:04:27.000Z</time>
        <extensions>
          <ns3:TrackPointExtension>
            <ns3:hr>127</ns3:hr>
            <ns3:cad>45</ns3:cad>
          </ns3:TrackPointExtension>
        </extensions>
      </trkpt>
      <trkpt lat="35.6325732730329036712646484375" lon="127.6006503403186798095703125">
        <ele>1139.199951171875</ele>
        <time>2025-12-27T03:04:32.000Z</time>
        <extensions>
          <ns3:TrackPointExtension>
            <ns3:hr>128</ns3:hr>
            <ns3:cad>43</ns3:cad>
          </ns3:TrackPointExtension>
        </extensions>
      </trkpt>
      <trkpt lat="35.63256740570068359375" lon="127.6006451435387134552001953125">
        <ele>1139.4000244140625</ele>
        <time>2025-12-27T03:04:33.000Z</time>
        <extensions>
          <ns3:TrackPointExtension>
            <ns3:hr>128</ns3:hr>
            <ns3:cad>0</ns3:cad>
          </ns3:TrackPointExtension>
        </extensions>
      </trkpt>
      <trkpt lat="35.6325487978756427764892578125" lon="127.60063315741717815399169921875">
        <ele>1140.199951171875</ele>
        <time>2025-12-27T03:04:36.000Z</time>
        <extensions>
          <ns3:TrackPointExtension>
            <ns3:hr>128</ns3:hr>
            <ns3:cad>40</ns3:cad>
          </ns3:TrackPointExtension>
        </extensions>
      </trkpt>
      <trkpt lat="35.63252918422222137451171875" lon="127.60061119683086872100830078125">
        <ele>1141.4000244140625</ele>
        <time>2025-12-27T03:04:40.000Z</time>
        <extensions>
          <ns3:TrackPointExtension>
            <ns3:hr>127</ns3:hr>
            <ns3:cad>42</ns3:cad>
          </ns3:TrackPointExtension>
        </extensions>
      </trkpt>
      <trkpt lat="35.63251401297748088836669921875" lon="127.60060449130833148956298828125">
        <ele>1142.4000244140625</ele>
        <time>2025-12-27T03:04:44.000Z</time>
        <extensions>
          <ns3:TrackPointExtension>
            <ns3:hr>127</ns3:hr>
            <ns3:cad>41</ns3:cad>
          </ns3:TrackPointExtension>
        </extensions>
      </trkpt>
      <trkpt lat="35.63250579871237277984619140625" lon="127.60058739222586154937744140625">
        <ele>1143.199951171875</ele>
        <time>2025-12-27T03:04:47.000Z</time>
        <extensions>
          <ns3:TrackPointExtension>
            <ns3:hr>128</ns3:hr>
            <ns3:cad>42</ns3:cad>
          </ns3:TrackPointExtension>
        </extensions>
      </trkpt>
      <trkpt lat="35.63250504434108734130859375" lon="127.60058462619781494140625">
        <ele>1143.4000244140625</ele>
        <time>2025-12-27T03:04:48.000Z</time>
        <extensions>
          <ns3:TrackPointExtension>
            <ns3:hr>127</ns3:hr>
            <ns3:cad>42</ns3:cad>
          </ns3:TrackPointExtension>
        </extensions>
      </trkpt>
      <trkpt lat="35.6324981711804866790771484375" lon="127.60057859122753143310546875">
        <ele>1144</ele>
        <time>2025-12-27T03:04:50.000Z</time>
        <extensions>
          <ns3:TrackPointExtension>
            <ns3:hr>124</ns3:hr>
            <ns3:cad>42</ns3:cad>
          </ns3:TrackPointExtension>
        </extensions>
      </trkpt>
      <trkpt lat="35.63248719088733196258544921875" lon="127.60056518018245697021484375">
        <ele>1144.5999755859375</ele>
        <time>2025-12-27T03:04:53.000Z</time>
        <extensions>
          <ns3:TrackPointExtension>
            <ns3:hr>123</ns3:hr>
            <ns3:cad>45</ns3:cad>
          </ns3:TrackPointExtension>
        </extensions>
      </trkpt>
      <trkpt lat="35.63247646205127239227294921875" lon="127.60055704973638057708740234375">
        <ele>1145</ele>
        <time>2025-12-27T03:04:55.000Z</time>
        <extensions>
          <ns3:TrackPointExtension>
            <ns3:hr>123</ns3:hr>
            <ns3:cad>42</ns3:cad>
          </ns3:TrackPointExtension>
        </extensions>
      </trkpt>
      <trkpt lat="35.632466487586498260498046875" lon="127.60054816491901874542236328125">
        <ele>1145.5999755859375</ele>
        <time>2025-12-27T03:04:58.000Z</time>
        <extensions>
          <ns3:TrackPointExtension>
            <ns3:hr>124</ns3:hr>
            <ns3:cad>44</ns3:cad>
          </ns3:TrackPointExtension>
        </extensions>
      </trkpt>
      <trkpt lat="35.632453076541423797607421875" lon="127.6005269587039947509765625">
        <ele>1146.800048828125</ele>
        <time>2025-12-27T03:05:03.000Z</time>
        <extensions>
          <ns3:TrackPointExtension>
            <ns3:hr>126</ns3:hr>
            <ns3:cad>46</ns3:cad>
          </ns3:TrackPointExtension>
        </extensions>
      </trkpt>
      <trkpt lat="35.6324480473995208740234375" lon="127.60052016936242580413818359375">
        <ele>1147.199951171875</ele>
        <time>2025-12-27T03:05:05.000Z</time>
        <extensions>
          <ns3:TrackPointExtension>
            <ns3:hr>129</ns3:hr>
            <ns3:cad>46</ns3:cad>
          </ns3:TrackPointExtension>
        </extensions>
      </trkpt>
      <trkpt lat="35.63244494609534740447998046875" lon="127.60051614604890346527099609375">
        <ele>1147.5999755859375</ele>
        <time>2025-12-27T03:05:06.000Z</time>
        <extensions>
          <ns3:TrackPointExtension>
            <ns3:hr>138</ns3:hr>
            <ns3:cad>47</ns3:cad>
          </ns3:TrackPointExtension>
        </extensions>
      </trkpt>
      <trkpt lat="35.63244209624826908111572265625" lon="127.6005110330879688262939453125">
        <ele>1147.800048828125</ele>
        <time>2025-12-27T03:05:07.000Z</time>
        <extensions>
          <ns3:TrackPointExtension>
            <ns3:hr>146</ns3:hr>
            <ns3:cad>47</ns3:cad>
          </ns3:TrackPointExtension>
        </extensions>
      </trkpt>
      <trkpt lat="35.6324405036866664886474609375" lon="127.6005070097744464874267578125">
        <ele>1148</ele>
        <time>2025-12-27T03:05:08.000Z</time>
        <extensions>
          <ns3:TrackPointExtension>
            <ns3:hr>149</ns3:hr>
            <ns3:cad>44</ns3:cad>
          </ns3:TrackPointExtension>
        </extensions>
      </trkpt>
      <trkpt lat="35.63243396580219268798828125" lon="127.60050189681351184844970703125">
        <ele>1148.5999755859375</ele>
        <time>2025-12-27T03:05:10.000Z</time>
        <extensions>
          <ns3:TrackPointExtension>
            <ns3:hr>151</ns3:hr>
            <ns3:cad>40</ns3:cad>
          </ns3:TrackPointExtension>
        </extensions>
      </trkpt>
      <trkpt lat="35.6324270926415920257568359375" lon="127.60049804113805294036865234375">
        <ele>1149.199951171875</ele>
        <time>2025-12-27T03:05:12.000Z</time>
        <extensions>
          <ns3:TrackPointExtension>
            <ns3:hr>152</ns3:hr>
            <ns3:cad>40</ns3:cad>
          </ns3:TrackPointExtension>
        </extensions>
      </trkpt>
      <trkpt lat="35.63241611234843730926513671875" lon="127.600485384464263916015625">
        <ele>1150.4000244140625</ele>
        <time>2025-12-27T03:05:17.000Z</time>
        <extensions>
          <ns3:TrackPointExtension>
            <ns3:hr>152</ns3:hr>
            <ns3:cad>44</ns3:cad>
          </ns3:TrackPointExtension>
        </extensions>
      </trkpt>
      <trkpt lat="35.632411502301692962646484375" lon="127.60047976858913898468017578125">
        <ele>1150.5999755859375</ele>
        <time>2025-12-27T03:05:18.000Z</time>
        <extensions>
          <ns3:TrackPointExtension>
            <ns3:hr>152</ns3:hr>
            <ns3:cad>44</ns3:cad>
          </ns3:TrackPointExtension>
        </extensions>
      </trkpt>
      <trkpt lat="35.6324009411036968231201171875" lon="127.6004625856876373291015625">
        <ele>1151.5999755859375</ele>
        <time>2025-12-27T03:05:22.000Z</time>
        <extensions>
          <ns3:TrackPointExtension>
            <ns3:hr>152</ns3:hr>
            <ns3:cad>43</ns3:cad>
          </ns3:TrackPointExtension>
        </extensions>
      </trkpt>
      <trkpt lat="35.63238057307898998260498046875" lon="127.60042260400950908660888671875">
        <ele>1152.199951171875</ele>
        <time>2025-12-27T03:05:26.000Z</time>
        <extensions>
          <ns3:TrackPointExtension>
            <ns3:hr>153</ns3:hr>
            <ns3:cad>80</ns3:cad>
          </ns3:TrackPointExtension>
        </extensions>
      </trkpt>
      <trkpt lat="35.632346458733081817626953125" lon="127.6003614999353885650634765625">
        <ele>1152.199951171875</ele>
        <time>2025-12-27T03:05:32.000Z</time>
        <extensions>
          <ns3:TrackPointExtension>
            <ns3:hr>154</ns3:hr>
            <ns3:cad>43</ns3:cad>
          </ns3:TrackPointExtension>
        </extensions>
      </trkpt>
      <trkpt lat="35.6322990171611309051513671875" lon="127.60029586963355541229248046875">
        <ele>1150.800048828125</ele>
        <time>2025-12-27T03:05:38.000Z</time>
        <extensions>
          <ns3:TrackPointExtension>
            <ns3:hr>153</ns3:hr>
            <ns3:cad>53</ns3:cad>
          </ns3:TrackPointExtension>
        </extensions>
      </trkpt>
      <trkpt lat="35.63227839767932891845703125" lon="127.6002833805978298187255859375">
        <ele>1150.4000244140625</ele>
        <time>2025-12-27T03:05:40.000Z</time>
        <extensions>
          <ns3:TrackPointExtension>
            <ns3:hr>151</ns3:hr>
            <ns3:cad>0</ns3:cad>
          </ns3:TrackPointExtension>
        </extensions>
      </trkpt>
      <trkpt lat="35.6322420202195644378662109375" lon="127.6002682931721210479736328125">
        <ele>1149.800048828125</ele>
        <time>2025-12-27T03:05:44.000Z</time>
        <extensions>
          <ns3:TrackPointExtension>
            <ns3:hr>149</ns3:hr>
            <ns3:cad>56</ns3:cad>
          </ns3:TrackPointExtension>
        </extensions>
      </trkpt>
      <trkpt lat="35.6321950815618038177490234375" lon="127.60023258626461029052734375">
        <ele>1149.5999755859375</ele>
        <time>2025-12-27T03:05:48.000Z</time>
        <extensions>
          <ns3:TrackPointExtension>
            <ns3:hr>146</ns3:hr>
            <ns3:cad>57</ns3:cad>
          </ns3:TrackPointExtension>
        </extensions>
      </trkpt>
      <trkpt lat="35.6321468017995357513427734375" lon="127.60020710527896881103515625">
        <ele>1149.5999755859375</ele>
        <time>2025-12-27T03:05:52.000Z</time>
        <extensions>
          <ns3:TrackPointExtension>
            <ns3:hr>143</ns3:hr>
            <ns3:cad>55</ns3:cad>
          </ns3:TrackPointExtension>
        </extensions>
      </trkpt>
      <trkpt lat="35.632124841213226318359375" lon="127.60019394569098949432373046875">
        <ele>1149.4000244140625</ele>
        <time>2025-12-27T03:05:55.000Z</time>
        <extensions>
          <ns3:TrackPointExtension>
            <ns3:hr>140</ns3:hr>
            <ns3:cad>53</ns3:cad>
          </ns3:TrackPointExtension>
        </extensions>
      </trkpt>
      <trkpt lat="35.632076226174831390380859375" lon="127.6001586578786373138427734375">
        <ele>1149.199951171875</ele>
        <time>2025-12-27T03:06:00.000Z</time>
        <extensions>
          <ns3:TrackPointExtension>
            <ns3:hr>137</ns3:hr>
            <ns3:cad>53</ns3:cad>
          </ns3:TrackPointExtension>
        </extensions>
      </trkpt>
      <trkpt lat="35.63203088007867336273193359375" lon="127.6001164130866527557373046875">
        <ele>1148.199951171875</ele>
        <time>2025-12-27T03:06:05.000Z</time>
        <extensions>
          <ns3:TrackPointExtension>
            <ns3:hr>136</ns3:hr>
            <ns3:cad>49</ns3:cad>
          </ns3:TrackPointExtension>
        </extensions>
      </trkpt>
      <trkpt lat="35.63200489617884159088134765625" lon="127.60007944889366626739501953125">
        <ele>1147</ele>
        <time>2025-12-27T03:06:08.000Z</time>
        <extensions>
          <ns3:TrackPointExtension>
            <ns3:hr>134</ns3:hr>
            <ns3:cad>49</ns3:cad>
          </ns3:TrackPointExtension>
        </extensions>
      </trkpt>
      <trkpt lat="35.63197338022291660308837890625" lon="127.60003066621720790863037109375">
        <ele>1147</ele>
        <time>2025-12-27T03:06:14.000Z</time>
        <extensions>
          <ns3:TrackPointExtension>
            <ns3:hr>132</ns3:hr>
            <ns3:cad>52</ns3:cad>
          </ns3:TrackPointExtension>
        </extensions>
      </trkpt>
      <trkpt lat="35.6319652497768402099609375" lon="127.60002312250435352325439453125">
        <ele>1147.5999755859375</ele>
        <time>2025-12-27T03:06:17.000Z</time>
        <extensions>
          <ns3:TrackPointExtension>
            <ns3:hr>129</ns3:hr>
            <ns3:cad>50</ns3:cad>
          </ns3:TrackPointExtension>
        </extensions>
      </trkpt>
      <trkpt lat="35.631956867873668670654296875" lon="127.6000091247260570526123046875">
        <ele>1148.199951171875</ele>
        <time>2025-12-27T03:06:19.000Z</time>
        <extensions>
          <ns3:TrackPointExtension>
            <ns3:hr>126</ns3:hr>
            <ns3:cad>46</ns3:cad>
          </ns3:TrackPointExtension>
        </extensions>
      </trkpt>
      <trkpt lat="35.63194387592375278472900390625" lon="127.599989511072635650634765625">
        <ele>1148.800048828125</ele>
        <time>2025-12-27T03:06:21.000Z</time>
        <extensions>
          <ns3:TrackPointExtension>
            <ns3:hr>126</ns3:hr>
            <ns3:cad>44</ns3:cad>
          </ns3:TrackPointExtension>
        </extensions>
      </trkpt>
      <trkpt lat="35.63192510046064853668212890625" lon="127.59996478445827960968017578125">
        <ele>1149.199951171875</ele>
        <time>2025-12-27T03:06:27.000Z</time>
        <extensions>
          <ns3:TrackPointExtension>
            <ns3:hr>128</ns3:hr>
            <ns3:cad>0</ns3:cad>
          </ns3:TrackPointExtension>
        </extensions>
      </trkpt>
      <trkpt lat="35.63194136135280132293701171875" lon="127.599963359534740447998046875">
        <ele>1149.199951171875</ele>
        <time>2025-12-27T03:06:36.000Z</time>
        <extensions>
          <ns3:TrackPointExtension>
            <ns3:hr>130</ns3:hr>
            <ns3:cad>0</ns3:cad>
          </ns3:TrackPointExtension>
        </extensions>
      </trkpt>
      <trkpt lat="35.6319506652653217315673828125" lon="127.599954642355442047119140625">
        <ele>1149.199951171875</ele>
        <time>2025-12-27T03:06:38.000Z</time>
        <extensions>
          <ns3:TrackPointExtension>
            <ns3:hr>127</ns3:hr>
            <ns3:cad>0</ns3:cad>
          </ns3:TrackPointExtension>
        </extensions>
      </trkpt>
      <trkpt lat="35.6319577060639858245849609375" lon="127.59994969703257083892822265625">
        <ele>1149.4000244140625</ele>
        <time>2025-12-27T03:06:40.000Z</time>
        <extensions>
          <ns3:TrackPointExtension>
            <ns3:hr>124</ns3:hr>
            <ns3:cad>0</ns3:cad>
          </ns3:TrackPointExtension>
        </extensions>
      </trkpt>
      <trkpt lat="35.63196365721523761749267578125" lon="127.5999477691948413848876953125">
        <ele>1149.4000244140625</ele>
        <time>2025-12-27T03:06:44.000Z</time>
        <extensions>
          <ns3:TrackPointExtension>
            <ns3:hr>120</ns3:hr>
            <ns3:cad>0</ns3:cad>
          </ns3:TrackPointExtension>
        </extensions>
      </trkpt>
      <trkpt lat="35.631960891187191009521484375" lon="127.599956989288330078125">
        <ele>1149.5999755859375</ele>
        <time>2025-12-27T03:06:51.000Z</time>
        <extensions>
          <ns3:TrackPointExtension>
            <ns3:hr>117</ns3:hr>
            <ns3:cad>0</ns3:cad>
          </ns3:TrackPointExtension>
        </extensions>
      </trkpt>
      <trkpt lat="35.63195049762725830078125" lon="127.599961347877979278564453125">
        <ele>1149.4000244140625</ele>
        <time>2025-12-27T03:06:55.000Z</time>
        <extensions>
          <ns3:TrackPointExtension>
            <ns3:hr>115</ns3:hr>
            <ns3:cad>0</ns3:cad>
          </ns3:TrackPointExtension>
        </extensions>
      </trkpt>
      <trkpt lat="35.63192426227033138275146484375" lon="127.5999641977250576019287109375">
        <ele>1149.4000244140625</ele>
        <time>2025-12-27T03:06:58.000Z</time>
        <extensions>
          <ns3:TrackPointExtension>
            <ns3:hr>112</ns3:hr>
            <ns3:cad>0</ns3:cad>
          </ns3:TrackPointExtension>
        </extensions>
      </trkpt>
      <trkpt lat="35.6319080851972103118896484375" lon="127.59994869120419025421142578125">
        <ele>1149.5999755859375</ele>
        <time>2025-12-27T03:07:01.000Z</time>
        <extensions>
          <ns3:TrackPointExtension>
            <ns3:hr>110</ns3:hr>
            <ns3:cad>0</ns3:cad>
          </ns3:TrackPointExtension>
        </extensions>
      </trkpt>
      <trkpt lat="35.63186273910105228424072265625" lon="127.59994584135711193084716796875">
        <ele>1148</ele>
        <time>2025-12-27T03:07:06.000Z</time>
        <extensions>
          <ns3:TrackPointExtension>
            <ns3:hr>109</ns3:hr>
            <ns3:cad>0</ns3:cad>
          </ns3:TrackPointExtension>
        </extensions>
      </trkpt>
      <trkpt lat="35.63182535581290721893310546875" lon="127.599965035915374755859375">
        <ele>1147.199951171875</ele>
        <time>2025-12-27T03:07:12.000Z</time>
        <extensions>
          <ns3:TrackPointExtension>
            <ns3:hr>112</ns3:hr>
            <ns3:cad>0</ns3:cad>
          </ns3:TrackPointExtension>
        </extensions>
      </trkpt>
      <trkpt lat="35.63180624507367610931396484375" lon="127.59997517801821231842041015625">
        <ele>1146.800048828125</ele>
        <time>2025-12-27T03:07:14.000Z</time>
        <extensions>
          <ns3:TrackPointExtension>
            <ns3:hr>112</ns3:hr>
            <ns3:cad>0</ns3:cad>
          </ns3:TrackPointExtension>
        </extensions>
      </trkpt>
      <trkpt lat="35.63176902942359447479248046875" lon="127.5999715737998485565185546875">
        <ele>1146.4000244140625</ele>
        <time>2025-12-27T03:07:17.000Z</time>
        <extensions>
          <ns3:TrackPointExtension>
            <ns3:hr>115</ns3:hr>
            <ns3:cad>0</ns3:cad>
          </ns3:TrackPointExtension>
        </extensions>
      </trkpt>
      <trkpt lat="35.6317672692239284515380859375" lon="127.59997400455176830291748046875">
        <ele>1146.5999755859375</ele>
        <time>2025-12-27T03:07:18.000Z</time>
        <extensions>
          <ns3:TrackPointExtension>
            <ns3:hr>115</ns3:hr>
            <ns3:cad>0</ns3:cad>
          </ns3:TrackPointExtension>
        </extensions>
      </trkpt>
      <trkpt lat="35.6317391060292720794677734375" lon="127.59996595792472362518310546875">
        <ele>1148</ele>
        <time>2025-12-27T03:07:22.000Z</time>
        <extensions>
          <ns3:TrackPointExtension>
            <ns3:hr>115</ns3:hr>
            <ns3:cad>0</ns3:cad>
          </ns3:TrackPointExtension>
        </extensions>
      </trkpt>
      <trkpt lat="35.63172259368002414703369140625" lon="127.59996294043958187103271484375">
        <ele>1148.5999755859375</ele>
        <time>2025-12-27T03:07:24.000Z</time>
        <extensions>
          <ns3:TrackPointExtension>
            <ns3:hr>114</ns3:hr>
            <ns3:cad>44</ns3:cad>
          </ns3:TrackPointExtension>
        </extensions>
      </trkpt>
      <trkpt lat="35.63171069137752056121826171875" lon="127.599957995116710662841796875">
        <ele>1149.199951171875</ele>
        <time>2025-12-27T03:07:26.000Z</time>
        <extensions>
          <ns3:TrackPointExtension>
            <ns3:hr>114</ns3:hr>
            <ns3:cad>44</ns3:cad>
          </ns3:TrackPointExtension>
        </extensions>
      </trkpt>
      <trkpt lat="35.63169392757117748260498046875" lon="127.59993528015911579132080078125">
        <ele>1150.4000244140625</ele>
        <time>2025-12-27T03:07:30.000Z</time>
        <extensions>
          <ns3:TrackPointExtension>
            <ns3:hr>115</ns3:hr>
            <ns3:cad>46</ns3:cad>
          </ns3:TrackPointExtension>
        </extensions>
      </trkpt>
      <trkpt lat="35.63168185763061046600341796875" lon="127.59993662126362323760986328125">
        <ele>1151</ele>
        <time>2025-12-27T03:07:32.000Z</time>
        <extensions>
          <ns3:TrackPointExtension>
            <ns3:hr>117</ns3:hr>
            <ns3:cad>0</ns3:cad>
          </ns3:TrackPointExtension>
        </extensions>
      </trkpt>
      <trkpt lat="35.6316653452813625335693359375" lon="127.59993997402489185333251953125">
        <ele>1151.5999755859375</ele>
        <time>2025-12-27T03:07:34.000Z</time>
        <extensions>
          <ns3:TrackPointExtension>
            <ns3:hr>118</ns3:hr>
            <ns3:cad>0</ns3:cad>
          </ns3:TrackPointExtension>
        </extensions>
      </trkpt>
      <trkpt lat="35.63166140578687191009521484375" lon="127.599956989288330078125">
        <ele>1152.199951171875</ele>
        <time>2025-12-27T03:07:37.000Z</time>
        <extensions>
          <ns3:TrackPointExtension>
            <ns3:hr>122</ns3:hr>
            <ns3:cad>40</ns3:cad>
          </ns3:TrackPointExtension>
        </extensions>
      </trkpt>
      <trkpt lat="35.63165419735014438629150390625" lon="127.599957324564456939697265625">
        <ele>1152.4000244140625</ele>
        <time>2025-12-27T03:07:38.000Z</time>
        <extensions>
          <ns3:TrackPointExtension>
            <ns3:hr>123</ns3:hr>
            <ns3:cad>40</ns3:cad>
          </ns3:TrackPointExtension>
        </extensions>
      </trkpt>
      <trkpt lat="35.6316505931317806243896484375" lon="127.59995824657380580902099609375">
        <ele>1152.5999755859375</ele>
        <time>2025-12-27T03:07:39.000Z</time>
        <extensions>
          <ns3:TrackPointExtension>
            <ns3:hr>125</ns3:hr>
            <ns3:cad>41</ns3:cad>
          </ns3:TrackPointExtension>
        </extensions>
      </trkpt>
      <trkpt lat="35.63164581544697284698486328125" lon="127.59995707310736179351806640625">
        <ele>1152.800048828125</ele>
        <time>2025-12-27T03:07:40.000Z</time>
        <extensions>
          <ns3:TrackPointExtension>
            <ns3:hr>128</ns3:hr>
            <ns3:cad>42</ns3:cad>
          </ns3:TrackPointExtension>
        </extensions>
      </trkpt>
      <trkpt lat="35.63162670470774173736572265625" lon="127.5999610126018524169921875">
        <ele>1153.4000244140625</ele>
        <time>2025-12-27T03:07:43.000Z</time>
        <extensions>
          <ns3:TrackPointExtension>
            <ns3:hr>131</ns3:hr>
            <ns3:cad>0</ns3:cad>
          </ns3:TrackPointExtension>
        </extensions>
      </trkpt>
      <trkpt lat="35.6316204182803630828857421875" lon="127.5999611802399158477783203125">
        <ele>1153.800048828125</ele>
        <time>2025-12-27T03:07:44.000Z</time>
        <extensions>
          <ns3:TrackPointExtension>
            <ns3:hr>132</ns3:hr>
            <ns3:cad>0</ns3:cad>
          </ns3:TrackPointExtension>
        </extensions>
      </trkpt>
      <trkpt lat="35.63160927034914493560791015625" lon="127.59995824657380580902099609375">
        <ele>1154.4000244140625</ele>
        <time>2025-12-27T03:07:46.000Z</time>
        <extensions>
          <ns3:TrackPointExtension>
            <ns3:hr>133</ns3:hr>
            <ns3:cad>46</ns3:cad>
          </ns3:TrackPointExtension>
        </extensions>
      </trkpt>
      <trkpt lat="35.631601475179195404052734375" lon="127.59996729902923107147216796875">
        <ele>1154.800048828125</ele>
        <time>2025-12-27T03:07:48.000Z</time>
        <extensions>
          <ns3:TrackPointExtension>
            <ns3:hr>132</ns3:hr>
            <ns3:cad>46</ns3:cad>
          </ns3:TrackPointExtension>
        </extensions>
      </trkpt>
      <trkpt lat="35.6315865553915500640869140625" lon="127.59995958767831325531005859375">
        <ele>1155.5999755859375</ele>
        <time>2025-12-27T03:07:52.000Z</time>
        <extensions>
          <ns3:TrackPointExtension>
            <ns3:hr>133</ns3:hr>
            <ns3:cad>41</ns3:cad>
          </ns3:TrackPointExtension>
        </extensions>
      </trkpt>
      <trkpt lat="35.631580017507076263427734375" lon="127.59996210224926471710205078125">
        <ele>1156.199951171875</ele>
        <time>2025-12-27T03:07:54.000Z</time>
        <extensions>
          <ns3:TrackPointExtension>
            <ns3:hr>134</ns3:hr>
            <ns3:cad>43</ns3:cad>
          </ns3:TrackPointExtension>
        </extensions>
      </trkpt>
      <trkpt lat="35.63155445270240306854248046875" lon="127.5999578274786472320556640625">
        <ele>1157.4000244140625</ele>
        <time>2025-12-27T03:07:59.000Z</time>
        <extensions>
          <ns3:TrackPointExtension>
            <ns3:hr>136</ns3:hr>
            <ns3:cad>43</ns3:cad>
          </ns3:TrackPointExtension>
        </extensions>
      </trkpt>
      <trkpt lat="35.63154481351375579833984375" lon="127.599939890205860137939453125">
        <ele>1157.800048828125</ele>
        <time>2025-12-27T03:08:01.000Z</time>
        <extensions>
          <ns3:TrackPointExtension>
            <ns3:hr>140</ns3:hr>
            <ns3:cad>43</ns3:cad>
          </ns3:TrackPointExtension>
        </extensions>
      </trkpt>
      <trkpt lat="35.63154087401926517486572265625" lon="127.59993662126362323760986328125">
        <ele>1158</ele>
        <time>2025-12-27T03:08:02.000Z</time>
        <extensions>
          <ns3:TrackPointExtension>
            <ns3:hr>145</ns3:hr>
            <ns3:cad>43</ns3:cad>
          </ns3:TrackPointExtension>
        </extensions>
      </trkpt>
      <trkpt lat="35.63151958398520946502685546875" lon="127.59991147555410861968994140625">
        <ele>1158.5999755859375</ele>
        <time>2025-12-27T03:08:05.000Z</time>
        <extensions>
          <ns3:TrackPointExtension>
            <ns3:hr>147</ns3:hr>
            <ns3:cad>43</ns3:cad>
          </ns3:TrackPointExtension>
        </extensions>
      </trkpt>
      <trkpt lat="35.63151556067168712615966796875" lon="127.59990401566028594970703125">
        <ele>1158.800048828125</ele>
        <time>2025-12-27T03:08:06.000Z</time>
        <extensions>
          <ns3:TrackPointExtension>
            <ns3:hr>146</ns3:hr>
            <ns3:cad>43</ns3:cad>
          </ns3:TrackPointExtension>
        </extensions>
      </trkpt>
      <trkpt lat="35.63151170499622821807861328125" lon="127.59990342892706394195556640625">
        <ele>1159.5999755859375</ele>
        <time>2025-12-27T03:08:10.000Z</time>
        <extensions>
          <ns3:TrackPointExtension>
            <ns3:hr>147</ns3:hr>
            <ns3:cad>44</ns3:cad>
          </ns3:TrackPointExtension>
        </extensions>
      </trkpt>
      <trkpt lat="35.631495527923107147216796875" lon="127.59990267455577850341796875">
        <ele>1160.4000244140625</ele>
        <time>2025-12-27T03:08:13.000Z</time>
        <extensions>
          <ns3:TrackPointExtension>
            <ns3:hr>147</ns3:hr>
            <ns3:cad>43</ns3:cad>
          </ns3:TrackPointExtension>
        </extensions>
      </trkpt>
      <trkpt lat="35.63148823566734790802001953125" lon="127.59990124963223934173583984375">
        <ele>1160.5999755859375</ele>
        <time>2025-12-27T03:08:14.000Z</time>
        <extensions>
          <ns3:TrackPointExtension>
            <ns3:hr>148</ns3:hr>
            <ns3:cad>43</ns3:cad>
          </ns3:TrackPointExtension>
        </extensions>
      </trkpt>
      <trkpt lat="35.63145705498754978179931640625" lon="127.59988649748265743255615234375">
        <ele>1161.199951171875</ele>
        <time>2025-12-27T03:08:17.000Z</time>
        <extensions>
          <ns3:TrackPointExtension>
            <ns3:hr>151</ns3:hr>
            <ns3:cad>44</ns3:cad>
          </ns3:TrackPointExtension>
        </extensions>
      </trkpt>
      <trkpt lat="35.63142805360257625579833984375" lon="127.59986302815377712249755859375">
        <ele>1161.4000244140625</ele>
        <time>2025-12-27T03:08:20.000Z</time>
        <extensions>
          <ns3:TrackPointExtension>
            <ns3:hr>150</ns3:hr>
            <ns3:cad>47</ns3:cad>
          </ns3:TrackPointExtension>
        </extensions>
      </trkpt>
      <trkpt lat="35.63137608580291271209716796875" lon="127.5998456776142120361328125">
        <ele>1161.800048828125</ele>
        <time>2025-12-27T03:08:26.000Z</time>
        <extensions>
          <ns3:TrackPointExtension>
            <ns3:hr>148</ns3:hr>
            <ns3:cad>51</ns3:cad>
          </ns3:TrackPointExtension>
        </extensions>
      </trkpt>
      <trkpt lat="35.63136451877653598785400390625" lon="127.59984760545194149017333984375">
        <ele>1161.800048828125</ele>
        <time>2025-12-27T03:08:27.000Z</time>
        <extensions>
          <ns3:TrackPointExtension>
            <ns3:hr>148</ns3:hr>
            <ns3:cad>51</ns3:cad>
          </ns3:TrackPointExtension>
        </extensions>
      </trkpt>
      <trkpt lat="35.63134071417152881622314453125" lon="127.5998609326779842376708984375">
        <ele>1162.800048828125</ele>
        <time>2025-12-27T03:08:31.000Z</time>
        <extensions>
          <ns3:TrackPointExtension>
            <ns3:hr>147</ns3:hr>
            <ns3:cad>41</ns3:cad>
          </ns3:TrackPointExtension>
        </extensions>
      </trkpt>
      <trkpt lat="35.63132210634648799896240234375" lon="127.59986788965761661529541015625">
        <ele>1163.800048828125</ele>
        <time>2025-12-27T03:08:34.000Z</time>
        <extensions>
          <ns3:TrackPointExtension>
            <ns3:hr>147</ns3:hr>
            <ns3:cad>41</ns3:cad>
          </ns3:TrackPointExtension>
        </extensions>
      </trkpt>
      <trkpt lat="35.6313136406242847442626953125" lon="127.59986554272472858428955078125">
        <ele>1164.199951171875</ele>
        <time>2025-12-27T03:08:35.000Z</time>
        <extensions>
          <ns3:TrackPointExtension>
            <ns3:hr>147</ns3:hr>
            <ns3:cad>74</ns3:cad>
          </ns3:TrackPointExtension>
        </extensions>
      </trkpt>
      <trkpt lat="35.631301403045654296875" lon="127.59986286051571369171142578125">
        <ele>1165</ele>
        <time>2025-12-27T03:08:38.000Z</time>
        <extensions>
          <ns3:TrackPointExtension>
            <ns3:hr>147</ns3:hr>
            <ns3:cad>0</ns3:cad>
          </ns3:TrackPointExtension>
        </extensions>
      </trkpt>
      <trkpt lat="35.63128539361059665679931640625" lon="127.5998666323721408843994140625">
        <ele>1165.199951171875</ele>
        <time>2025-12-27T03:08:41.000Z</time>
        <extensions>
          <ns3:TrackPointExtension>
            <ns3:hr>148</ns3:hr>
            <ns3:cad>0</ns3:cad>
          </ns3:TrackPointExtension>
        </extensions>
      </trkpt>
      <trkpt lat="35.63124180771410465240478515625" lon="127.5998545624315738677978515625">
        <ele>1166</ele>
        <time>2025-12-27T03:08:45.000Z</time>
        <extensions>
          <ns3:TrackPointExtension>
            <ns3:hr>148</ns3:hr>
            <ns3:cad>79</ns3:cad>
          </ns3:TrackPointExtension>
        </extensions>
      </trkpt>
      <trkpt lat="35.6312088668346405029296875" lon="127.5998508743941783905029296875">
        <ele>1166.4000244140625</ele>
        <time>2025-12-27T03:08:49.000Z</time>
        <extensions>
          <ns3:TrackPointExtension>
            <ns3:hr>148</ns3:hr>
            <ns3:cad>70</ns3:cad>
          </ns3:TrackPointExtension>
        </extensions>
      </trkpt>
      <trkpt lat="35.63113284297287464141845703125" lon="127.59981743060052394866943359375">
        <ele>1167.199951171875</ele>
        <time>2025-12-27T03:08:57.000Z</time>
        <extensions>
          <ns3:TrackPointExtension>
            <ns3:hr>150</ns3:hr>
            <ns3:cad>46</ns3:cad>
          </ns3:TrackPointExtension>
        </extensions>
      </trkpt>
      <trkpt lat="35.63104365952312946319580078125" lon="127.599726654589176177978515625">
        <ele>1167</ele>
        <time>2025-12-27T03:09:07.000Z</time>
        <extensions>
          <ns3:TrackPointExtension>
            <ns3:hr>149</ns3:hr>
            <ns3:cad>48</ns3:cad>
          </ns3:TrackPointExtension>
        </extensions>
      </trkpt>
      <trkpt lat="35.63100443221628665924072265625" lon="127.59970293380320072174072265625">
        <ele>1166.4000244140625</ele>
        <time>2025-12-27T03:09:14.000Z</time>
        <extensions>
          <ns3:TrackPointExtension>
            <ns3:hr>146</ns3:hr>
            <ns3:cad>55</ns3:cad>
          </ns3:TrackPointExtension>
        </extensions>
      </trkpt>
      <trkpt lat="35.6309996545314788818359375" lon="127.599719278514385223388671875">
        <ele>1166.199951171875</ele>
        <time>2025-12-27T03:09:16.000Z</time>
        <extensions>
          <ns3:TrackPointExtension>
            <ns3:hr>144</ns3:hr>
            <ns3:cad>54</ns3:cad>
          </ns3:TrackPointExtension>
        </extensions>
      </trkpt>
      <trkpt lat="35.63098423182964324951171875" lon="127.5997425802052021026611328125">
        <ele>1166.4000244140625</ele>
        <time>2025-12-27T03:09:21.000Z</time>
        <extensions>
          <ns3:TrackPointExtension>
            <ns3:hr>142</ns3:hr>
            <ns3:cad>54</ns3:cad>
          </ns3:TrackPointExtension>
        </extensions>
      </trkpt>
      <trkpt lat="35.63097484409809112548828125" lon="127.5997254811227321624755859375">
        <ele>1166.199951171875</ele>
        <time>2025-12-27T03:09:25.000Z</time>
        <extensions>
          <ns3:TrackPointExtension>
            <ns3:hr>141</ns3:hr>
            <ns3:cad>0</ns3:cad>
          </ns3:TrackPointExtension>
        </extensions>
      </trkpt>
      <trkpt lat="35.6309770233929157257080078125" lon="127.59973193518817424774169921875">
        <ele>1166.199951171875</ele>
        <time>2025-12-27T03:09:29.000Z</time>
        <extensions>
          <ns3:TrackPointExtension>
            <ns3:hr>140</ns3:hr>
            <ns3:cad>0</ns3:cad>
          </ns3:TrackPointExtension>
        </extensions>
      </trkpt>
      <trkpt lat="35.63098414801061153411865234375" lon="127.5997519679367542266845703125">
        <ele>1166</ele>
        <time>2025-12-27T03:09:37.000Z</time>
        <extensions>
          <ns3:TrackPointExtension>
            <ns3:hr>138</ns3:hr>
            <ns3:cad>0</ns3:cad>
          </ns3:TrackPointExtension>
        </extensions>
      </trkpt>
      <trkpt lat="35.630985908210277557373046875" lon="127.59975825436413288116455078125">
        <ele>1166.199951171875</ele>
        <time>2025-12-27T03:09:41.000Z</time>
        <extensions>
          <ns3:TrackPointExtension>
            <ns3:hr>141</ns3:hr>
            <ns3:cad>0</ns3:cad>
          </ns3:TrackPointExtension>
        </extensions>
      </trkpt>
      <trkpt lat="35.630985908210277557373046875" lon="127.59974283166229724884033203125">
        <ele>1166</ele>
        <time>2025-12-27T03:09:49.000Z</time>
        <extensions>
          <ns3:TrackPointExtension>
            <ns3:hr>136</ns3:hr>
            <ns3:cad>0</ns3:cad>
          </ns3:TrackPointExtension>
        </extensions>
      </trkpt>
      <trkpt lat="35.63098515383899211883544921875" lon="127.59974040091037750244140625">
        <ele>1166</ele>
        <time>2025-12-27T03:09:50.000Z</time>
        <extensions>
          <ns3:TrackPointExtension>
            <ns3:hr>123</ns3:hr>
            <ns3:cad>0</ns3:cad>
          </ns3:TrackPointExtension>
        </extensions>
      </trkpt>
      <trkpt lat="35.63098490238189697265625" lon="127.59973696433007717132568359375">
        <ele>1166</ele>
        <time>2025-12-27T03:09:51.000Z</time>
        <extensions>
          <ns3:TrackPointExtension>
            <ns3:hr>120</ns3:hr>
            <ns3:cad>0</ns3:cad>
          </ns3:TrackPointExtension>
        </extensions>
      </trkpt>
      <trkpt lat="35.63098490238189697265625" lon="127.59973713196814060211181640625">
        <ele>1166</ele>
        <time>2025-12-27T03:09:53.000Z</time>
        <extensions>
          <ns3:TrackPointExtension>
            <ns3:hr>117</ns3:hr>
            <ns3:cad>0</ns3:cad>
          </ns3:TrackPointExtension>
        </extensions>
      </trkpt>
      <trkpt lat="35.63098490238189697265625" lon="127.59973713196814060211181640625">
        <ele>1166</ele>
        <time>2025-12-27T03:09:54.000Z</time>
        <extensions>
          <ns3:TrackPointExtension>
            <ns3:hr>117</ns3:hr>
            <ns3:cad>0</ns3:cad>
          </ns3:TrackPointExtension>
        </extensions>
      </trkpt>
      <trkpt lat="35.6309981457889080047607421875" lon="127.59969078004360198974609375">
        <ele>1165.800048828125</ele>
        <time>2025-12-27T03:10:05.000Z</time>
        <extensions>
          <ns3:TrackPointExtension>
            <ns3:hr>117</ns3:hr>
            <ns3:cad>0</ns3:cad>
          </ns3:TrackPointExtension>
        </extensions>
      </trkpt>
      <trkpt lat="35.63100342638790607452392578125" lon="127.599602602422237396240234375">
        <ele>1165</ele>
        <time>2025-12-27T03:10:12.000Z</time>
        <extensions>
          <ns3:TrackPointExtension>
            <ns3:hr>120</ns3:hr>
            <ns3:cad>44</ns3:cad>
          </ns3:TrackPointExtension>
        </extensions>
      </trkpt>
      <trkpt lat="35.63100560568273067474365234375" lon="127.5995682366192340850830078125">
        <ele>1164.4000244140625</ele>
        <time>2025-12-27T03:10:14.000Z</time>
        <extensions>
          <ns3:TrackPointExtension>
            <ns3:hr>123</ns3:hr>
            <ns3:cad>62</ns3:cad>
          </ns3:TrackPointExtension>
        </extensions>
      </trkpt>
      <trkpt lat="35.6310038454830646514892578125" lon="127.59952993132174015045166015625">
        <ele>1164</ele>
        <time>2025-12-27T03:10:16.000Z</time>
        <extensions>
          <ns3:TrackPointExtension>
            <ns3:hr>123</ns3:hr>
            <ns3:cad>62</ns3:cad>
          </ns3:TrackPointExtension>
        </extensions>
      </trkpt>
      <trkpt lat="35.6309835612773895263671875" lon="127.5994602777063846588134765625">
        <ele>1163.199951171875</ele>
        <time>2025-12-27T03:10:21.000Z</time>
        <extensions>
          <ns3:TrackPointExtension>
            <ns3:hr>122</ns3:hr>
            <ns3:cad>61</ns3:cad>
          </ns3:TrackPointExtension>
        </extensions>
      </trkpt>
      <trkpt lat="35.630971826612949371337890625" lon="127.599453069269657135009765625">
        <ele>1163</ele>
        <time>2025-12-27T03:10:22.000Z</time>
        <extensions>
          <ns3:TrackPointExtension>
            <ns3:hr>122</ns3:hr>
            <ns3:cad>59</ns3:cad>
          </ns3:TrackPointExtension>
        </extensions>
      </trkpt>
      <trkpt lat="35.63095766119658946990966796875" lon="127.5994445197284221649169921875">
        <ele>1162.5999755859375</ele>
        <time>2025-12-27T03:10:23.000Z</time>
        <extensions>
          <ns3:TrackPointExtension>
            <ns3:hr>122</ns3:hr>
            <ns3:cad>59</ns3:cad>
          </ns3:TrackPointExtension>
        </extensions>
      </trkpt>
      <trkpt lat="35.6309361197054386138916015625" lon="127.59938593022525310516357421875">
        <ele>1161.5999755859375</ele>
        <time>2025-12-27T03:10:27.000Z</time>
        <extensions>
          <ns3:TrackPointExtension>
            <ns3:hr>121</ns3:hr>
            <ns3:cad>59</ns3:cad>
          </ns3:TrackPointExtension>
        </extensions>
      </trkpt>
      <trkpt lat="35.63093536533415317535400390625" lon="127.5993704237043857574462890625">
        <ele>1161.4000244140625</ele>
        <time>2025-12-27T03:10:28.000Z</time>
        <extensions>
          <ns3:TrackPointExtension>
            <ns3:hr>120</ns3:hr>
            <ns3:cad>63</ns3:cad>
          </ns3:TrackPointExtension>
        </extensions>
      </trkpt>
      <trkpt lat="35.6308885104954242706298828125" lon="127.59928216226398944854736328125">
        <ele>1160.5999755859375</ele>
        <time>2025-12-27T03:10:35.000Z</time>
        <extensions>
          <ns3:TrackPointExtension>
            <ns3:hr>119</ns3:hr>
            <ns3:cad>58</ns3:cad>
          </ns3:TrackPointExtension>
        </extensions>
      </trkpt>
      <trkpt lat="35.6308663822710514068603515625" lon="127.5991876982152462005615234375">
        <ele>1161.4000244140625</ele>
        <time>2025-12-27T03:10:42.000Z</time>
        <extensions>
          <ns3:TrackPointExtension>
            <ns3:hr>117</ns3:hr>
            <ns3:cad>52</ns3:cad>
          </ns3:TrackPointExtension>
        </extensions>
      </trkpt>
      <trkpt lat="35.63085875473916530609130859375" lon="127.59917705319821834564208984375">
        <ele>1161.5999755859375</ele>
        <time>2025-12-27T03:10:43.000Z</time>
        <extensions>
          <ns3:TrackPointExtension>
            <ns3:hr>117</ns3:hr>
            <ns3:cad>52</ns3:cad>
          </ns3:TrackPointExtension>
        </extensions>
      </trkpt>
      <trkpt lat="35.630794800817966461181640625" lon="127.59906993247568607330322265625">
        <ele>1161.4000244140625</ele>
        <time>2025-12-27T03:10:50.000Z</time>
        <extensions>
          <ns3:TrackPointExtension>
            <ns3:hr>114</ns3:hr>
            <ns3:cad>0</ns3:cad>
          </ns3:TrackPointExtension>
        </extensions>
      </trkpt>
      <trkpt lat="35.63080024905502796173095703125" lon="127.59899483062326908111572265625">
        <ele>1160.4000244140625</ele>
        <time>2025-12-27T03:10:54.000Z</time>
        <extensions>
          <ns3:TrackPointExtension>
            <ns3:hr>113</ns3:hr>
            <ns3:cad>58</ns3:cad>
          </ns3:TrackPointExtension>
        </extensions>
      </trkpt>
      <trkpt lat="35.6308011710643768310546875" lon="127.59892978705465793609619140625">
        <ele>1159.4000244140625</ele>
        <time>2025-12-27T03:10:58.000Z</time>
        <extensions>
          <ns3:TrackPointExtension>
            <ns3:hr>113</ns3:hr>
            <ns3:cad>58</ns3:cad>
          </ns3:TrackPointExtension>
        </extensions>
      </trkpt>
      <trkpt lat="35.6308023445308208465576171875" lon="127.5989147834479808807373046875">
        <ele>1159.4000244140625</ele>
        <time>2025-12-27T03:10:59.000Z</time>
        <extensions>
          <ns3:TrackPointExtension>
            <ns3:hr>113</ns3:hr>
            <ns3:cad>59</ns3:cad>
          </ns3:TrackPointExtension>
        </extensions>
      </trkpt>
      <trkpt lat="35.630822293460369110107421875" lon="127.5988135300576686859130859375">
        <ele>1158.800048828125</ele>
        <time>2025-12-27T03:11:06.000Z</time>
        <extensions>
          <ns3:TrackPointExtension>
            <ns3:hr>113</ns3:hr>
            <ns3:cad>57</ns3:cad>
          </ns3:TrackPointExtension>
        </extensions>
      </trkpt>
      <trkpt lat="35.63081324100494384765625" lon="127.5988071598112583160400390625">
        <ele>1158.5999755859375</ele>
        <time>2025-12-27T03:11:07.000Z</time>
        <extensions>
          <ns3:TrackPointExtension>
            <ns3:hr>113</ns3:hr>
            <ns3:cad>57</ns3:cad>
          </ns3:TrackPointExtension>
        </extensions>
      </trkpt>
      <trkpt lat="35.63079454936087131500244140625" lon="127.5987888872623443603515625">
        <ele>1158</ele>
        <time>2025-12-27T03:11:09.000Z</time>
        <extensions>
          <ns3:TrackPointExtension>
            <ns3:hr>113</ns3:hr>
            <ns3:cad>63</ns3:cad>
          </ns3:TrackPointExtension>
        </extensions>
      </trkpt>
      <trkpt lat="35.6307815574109554290771484375" lon="127.598767764866352081298828125">
        <ele>1157.4000244140625</ele>
        <time>2025-12-27T03:11:11.000Z</time>
        <extensions>
          <ns3:TrackPointExtension>
            <ns3:hr>113</ns3:hr>
            <ns3:cad>62</ns3:cad>
          </ns3:TrackPointExtension>
        </extensions>
      </trkpt>
      <trkpt lat="35.63077527098357677459716796875" lon="127.5987558625638484954833984375">
        <ele>1157</ele>
        <time>2025-12-27T03:11:12.000Z</time>
        <extensions>
          <ns3:TrackPointExtension>
            <ns3:hr>113</ns3:hr>
            <ns3:cad>61</ns3:cad>
          </ns3:TrackPointExtension>
        </extensions>
      </trkpt>
      <trkpt lat="35.6307611055672168731689453125" lon="127.59872778318822383880615234375">
        <ele>1156</ele>
        <time>2025-12-27T03:11:14.000Z</time>
        <extensions>
          <ns3:TrackPointExtension>
            <ns3:hr>114</ns3:hr>
            <ns3:cad>64</ns3:cad>
          </ns3:TrackPointExtension>
        </extensions>
      </trkpt>
      <trkpt lat="35.63074140809476375579833984375" lon="127.5986911542713642120361328125">
        <ele>1154.5999755859375</ele>
        <time>2025-12-27T03:11:17.000Z</time>
        <extensions>
          <ns3:TrackPointExtension>
            <ns3:hr>114</ns3:hr>
            <ns3:cad>67</ns3:cad>
          </ns3:TrackPointExtension>
        </extensions>
      </trkpt>
      <trkpt lat="35.630719363689422607421875" lon="127.59867916814982891082763671875">
        <ele>1153.5999755859375</ele>
        <time>2025-12-27T03:11:19.000Z</time>
        <extensions>
          <ns3:TrackPointExtension>
            <ns3:hr>113</ns3:hr>
            <ns3:cad>67</ns3:cad>
          </ns3:TrackPointExtension>
        </extensions>
      </trkpt>
      <trkpt lat="35.630709640681743621826171875" lon="127.59867078624665737152099609375">
        <ele>1153.199951171875</ele>
        <time>2025-12-27T03:11:20.000Z</time>
        <extensions>
          <ns3:TrackPointExtension>
            <ns3:hr>113</ns3:hr>
            <ns3:cad>67</ns3:cad>
          </ns3:TrackPointExtension>
        </extensions>
      </trkpt>
      <trkpt lat="35.63067846000194549560546875" lon="127.5986582972109317779541015625">
        <ele>1152</ele>
        <time>2025-12-27T03:11:23.000Z</time>
        <extensions>
          <ns3:TrackPointExtension>
            <ns3:hr>113</ns3:hr>
            <ns3:cad>67</ns3:cad>
          </ns3:TrackPointExtension>
        </extensions>
      </trkpt>
      <trkpt lat="35.63065029680728912353515625" lon="127.59865972213447093963623046875">
        <ele>1150.800048828125</ele>
        <time>2025-12-27T03:11:26.000Z</time>
        <extensions>
          <ns3:TrackPointExtension>
            <ns3:hr>112</ns3:hr>
            <ns3:cad>66</ns3:cad>
          </ns3:TrackPointExtension>
        </extensions>
      </trkpt>
      <trkpt lat="35.63062959350645542144775390625" lon="127.59863876737654209136962890625">
        <ele>1149.800048828125</ele>
        <time>2025-12-27T03:11:29.000Z</time>
        <extensions>
          <ns3:TrackPointExtension>
            <ns3:hr>112</ns3:hr>
            <ns3:cad>0</ns3:cad>
          </ns3:TrackPointExtension>
        </extensions>
      </trkpt>
      <trkpt lat="35.630612075328826904296875" lon="127.59862862527370452880859375">
        <ele>1149</ele>
        <time>2025-12-27T03:11:32.000Z</time>
        <extensions>
          <ns3:TrackPointExtension>
            <ns3:hr>113</ns3:hr>
            <ns3:cad>0</ns3:cad>
          </ns3:TrackPointExtension>
        </extensions>
      </trkpt>
      <trkpt lat="35.63060796819627285003662109375" lon="127.59863457642495632171630859375">
        <ele>1148.800048828125</ele>
        <time>2025-12-27T03:11:33.000Z</time>
        <extensions>
          <ns3:TrackPointExtension>
            <ns3:hr>112</ns3:hr>
            <ns3:cad>0</ns3:cad>
          </ns3:TrackPointExtension>
        </extensions>
      </trkpt>
      <trkpt lat="35.6305948086082935333251953125" lon="127.5986220873892307281494140625">
        <ele>1148.199951171875</ele>
        <time>2025-12-27T03:11:35.000Z</time>
        <extensions>
          <ns3:TrackPointExtension>
            <ns3:hr>112</ns3:hr>
            <ns3:cad>60</ns3:cad>
          </ns3:TrackPointExtension>
        </extensions>
      </trkpt>
      <trkpt lat="35.63057628460228443145751953125" lon="127.5986013002693653106689453125">
        <ele>1147.5999755859375</ele>
        <time>2025-12-27T03:11:37.000Z</time>
        <extensions>
          <ns3:TrackPointExtension>
            <ns3:hr>111</ns3:hr>
            <ns3:cad>60</ns3:cad>
          </ns3:TrackPointExtension>
        </extensions>
      </trkpt>
      <trkpt lat="35.63056035898625850677490234375" lon="127.598571963608264923095703125">
        <ele>1146.199951171875</ele>
        <time>2025-12-27T03:11:40.000Z</time>
        <extensions>
          <ns3:TrackPointExtension>
            <ns3:hr>110</ns3:hr>
            <ns3:cad>75</ns3:cad>
          </ns3:TrackPointExtension>
        </extensions>
      </trkpt>
      <trkpt lat="35.63055113889276981353759765625" lon="127.59853013791143894195556640625">
        <ele>1144.800048828125</ele>
        <time>2025-12-27T03:11:43.000Z</time>
        <extensions>
          <ns3:TrackPointExtension>
            <ns3:hr>109</ns3:hr>
            <ns3:cad>75</ns3:cad>
          </ns3:TrackPointExtension>
        </extensions>
      </trkpt>
      <trkpt lat="35.6305435113608837127685546875" lon="127.5985090993344783782958984375">
        <ele>1143.800048828125</ele>
        <time>2025-12-27T03:11:45.000Z</time>
        <extensions>
          <ns3:TrackPointExtension>
            <ns3:hr>109</ns3:hr>
            <ns3:cad>70</ns3:cad>
          </ns3:TrackPointExtension>
        </extensions>
      </trkpt>
      <trkpt lat="35.6305351294577121734619140625" lon="127.59849878959357738494873046875">
        <ele>1143.4000244140625</ele>
        <time>2025-12-27T03:11:46.000Z</time>
        <extensions>
          <ns3:TrackPointExtension>
            <ns3:hr>109</ns3:hr>
            <ns3:cad>70</ns3:cad>
          </ns3:TrackPointExtension>
        </extensions>
      </trkpt>
      <trkpt lat="35.630495734512805938720703125" lon="127.59846123866736888885498046875">
        <ele>1142.4000244140625</ele>
        <time>2025-12-27T03:11:50.000Z</time>
        <extensions>
          <ns3:TrackPointExtension>
            <ns3:hr>109</ns3:hr>
            <ns3:cad>62</ns3:cad>
          </ns3:TrackPointExtension>
        </extensions>
      </trkpt>
      <trkpt lat="35.63047905452549457550048828125" lon="127.59843877516686916351318359375">
        <ele>1142</ele>
        <time>2025-12-27T03:11:52.000Z</time>
        <extensions>
          <ns3:TrackPointExtension>
            <ns3:hr>109</ns3:hr>
            <ns3:cad>62</ns3:cad>
          </ns3:TrackPointExtension>
        </extensions>
      </trkpt>
      <trkpt lat="35.63040755689144134521484375" lon="127.59834590367972850799560546875">
        <ele>1142.800048828125</ele>
        <time>2025-12-27T03:12:01.000Z</time>
        <extensions>
          <ns3:TrackPointExtension>
            <ns3:hr>109</ns3:hr>
            <ns3:cad>53</ns3:cad>
          </ns3:TrackPointExtension>
        </extensions>
      </trkpt>
      <trkpt lat="35.63040127046406269073486328125" lon="127.5983350910246372222900390625">
        <ele>1143.4000244140625</ele>
        <time>2025-12-27T03:12:03.000Z</time>
        <extensions>
          <ns3:TrackPointExtension>
            <ns3:hr>108</ns3:hr>
            <ns3:cad>52</ns3:cad>
          </ns3:TrackPointExtension>
        </extensions>
      </trkpt>
      <trkpt lat="35.6303654797375202178955078125" lon="127.59830147959291934967041015625">
        <ele>1144.5999755859375</ele>
        <time>2025-12-27T03:12:08.000Z</time>
        <extensions>
          <ns3:TrackPointExtension>
            <ns3:hr>108</ns3:hr>
            <ns3:cad>49</ns3:cad>
          </ns3:TrackPointExtension>
        </extensions>
      </trkpt>
      <trkpt lat="35.63035366125404834747314453125" lon="127.598282955586910247802734375">
        <ele>1145</ele>
        <time>2025-12-27T03:12:10.000Z</time>
        <extensions>
          <ns3:TrackPointExtension>
            <ns3:hr>108</ns3:hr>
            <ns3:cad>47</ns3:cad>
          </ns3:TrackPointExtension>
        </extensions>
      </trkpt>
      <trkpt lat="35.63032818026840686798095703125" lon="127.59822738356888294219970703125">
        <ele>1145.5999755859375</ele>
        <time>2025-12-27T03:12:14.000Z</time>
        <extensions>
          <ns3:TrackPointExtension>
            <ns3:hr>108</ns3:hr>
            <ns3:cad>49</ns3:cad>
          </ns3:TrackPointExtension>
        </extensions>
      </trkpt>
      <trkpt lat="35.63031242229044437408447265625" lon="127.598189748823642730712890625">
        <ele>1145.800048828125</ele>
        <time>2025-12-27T03:12:17.000Z</time>
        <extensions>
          <ns3:TrackPointExtension>
            <ns3:hr>110</ns3:hr>
            <ns3:cad>48</ns3:cad>
          </ns3:TrackPointExtension>
        </extensions>
      </trkpt>
      <trkpt lat="35.630300603806972503662109375" lon="127.598154880106449127197265625">
        <ele>1146.199951171875</ele>
        <time>2025-12-27T03:12:20.000Z</time>
        <extensions>
          <ns3:TrackPointExtension>
            <ns3:hr>113</ns3:hr>
            <ns3:cad>51</ns3:cad>
          </ns3:TrackPointExtension>
        </extensions>
      </trkpt>
      <trkpt lat="35.6302883662283420562744140625" lon="127.59814121760427951812744140625">
        <ele>1146.4000244140625</ele>
        <time>2025-12-27T03:12:21.000Z</time>
        <extensions>
          <ns3:TrackPointExtension>
            <ns3:hr>116</ns3:hr>
            <ns3:cad>51</ns3:cad>
          </ns3:TrackPointExtension>
        </extensions>
      </trkpt>
      <trkpt lat="35.6302799843251705169677734375" lon="127.59813082404434680938720703125">
        <ele>1146.5999755859375</ele>
        <time>2025-12-27T03:12:22.000Z</time>
        <extensions>
          <ns3:TrackPointExtension>
            <ns3:hr>118</ns3:hr>
            <ns3:cad>51</ns3:cad>
          </ns3:TrackPointExtension>
        </extensions>
      </trkpt>
      <trkpt lat="35.6302732788026332855224609375" lon="127.5981195084750652313232421875">
        <ele>1147</ele>
        <time>2025-12-27T03:12:23.000Z</time>
        <extensions>
          <ns3:TrackPointExtension>
            <ns3:hr>121</ns3:hr>
            <ns3:cad>51</ns3:cad>
          </ns3:TrackPointExtension>
        </extensions>
      </trkpt>
      <trkpt lat="35.63025877811014652252197265625" lon="127.59810383431613445281982421875">
        <ele>1147.199951171875</ele>
        <time>2025-12-27T03:12:25.000Z</time>
        <extensions>
          <ns3:TrackPointExtension>
            <ns3:hr>125</ns3:hr>
            <ns3:cad>50</ns3:cad>
          </ns3:TrackPointExtension>
        </extensions>
      </trkpt>
      <trkpt lat="35.6302414275705814361572265625" lon="127.59808740578591823577880859375">
        <ele>1147.4000244140625</ele>
        <time>2025-12-27T03:12:27.000Z</time>
        <extensions>
          <ns3:TrackPointExtension>
            <ns3:hr>128</ns3:hr>
            <ns3:cad>48</ns3:cad>
          </ns3:TrackPointExtension>
        </extensions>
      </trkpt>
      <trkpt lat="35.63020697794854640960693359375" lon="127.59805421344935894012451171875">
        <ele>1147.800048828125</ele>
        <time>2025-12-27T03:12:31.000Z</time>
        <extensions>
          <ns3:TrackPointExtension>
            <ns3:hr>129</ns3:hr>
            <ns3:cad>50</ns3:cad>
          </ns3:TrackPointExtension>
        </extensions>
      </trkpt>
      <trkpt lat="35.63019759021699428558349609375" lon="127.59803208522498607635498046875">
        <ele>1148</ele>
        <time>2025-12-27T03:12:33.000Z</time>
        <extensions>
          <ns3:TrackPointExtension>
            <ns3:hr>130</ns3:hr>
            <ns3:cad>51</ns3:cad>
          </ns3:TrackPointExtension>
        </extensions>
      </trkpt>
      <trkpt lat="35.63018753193318843841552734375" lon="127.59800325147807598114013671875">
        <ele>1149</ele>
        <time>2025-12-27T03:12:37.000Z</time>
        <extensions>
          <ns3:TrackPointExtension>
            <ns3:hr>131</ns3:hr>
            <ns3:cad>49</ns3:cad>
          </ns3:TrackPointExtension>
        </extensions>
      </trkpt>
      <trkpt lat="35.63017177395522594451904296875" lon="127.5980110466480255126953125">
        <ele>1149.199951171875</ele>
        <time>2025-12-27T03:12:39.000Z</time>
        <extensions>
          <ns3:TrackPointExtension>
            <ns3:hr>132</ns3:hr>
            <ns3:cad>48</ns3:cad>
          </ns3:TrackPointExtension>
        </extensions>
      </trkpt>
      <trkpt lat="35.63016255386173725128173828125" lon="127.59801439940929412841796875">
        <ele>1149.4000244140625</ele>
        <time>2025-12-27T03:12:40.000Z</time>
        <extensions>
          <ns3:TrackPointExtension>
            <ns3:hr>133</ns3:hr>
            <ns3:cad>49</ns3:cad>
          </ns3:TrackPointExtension>
        </extensions>
      </trkpt>
      <trkpt lat="35.63013053499162197113037109375" lon="127.59802110493183135986328125">
        <ele>1150</ele>
        <time>2025-12-27T03:12:43.000Z</time>
        <extensions>
          <ns3:TrackPointExtension>
            <ns3:hr>134</ns3:hr>
            <ns3:cad>48</ns3:cad>
          </ns3:TrackPointExtension>
        </extensions>
      </trkpt>
      <trkpt lat="35.63009935431182384490966796875" lon="127.59801012463867664337158203125">
        <ele>1151.199951171875</ele>
        <time>2025-12-27T03:12:47.000Z</time>
        <extensions>
          <ns3:TrackPointExtension>
            <ns3:hr>135</ns3:hr>
            <ns3:cad>47</ns3:cad>
          </ns3:TrackPointExtension>
        </extensions>
      </trkpt>
      <trkpt lat="35.63008435070514678955078125" lon="127.59800140745937824249267578125">
        <ele>1151.800048828125</ele>
        <time>2025-12-27T03:12:49.000Z</time>
        <extensions>
          <ns3:TrackPointExtension>
            <ns3:hr>136</ns3:hr>
            <ns3:cad>45</ns3:cad>
          </ns3:TrackPointExtension>
        </extensions>
      </trkpt>
      <trkpt lat="35.6300707720220088958740234375" lon="127.59799025952816009521484375">
        <ele>1152.4000244140625</ele>
        <time>2025-12-27T03:12:51.000Z</time>
        <extensions>
          <ns3:TrackPointExtension>
            <ns3:hr>137</ns3:hr>
            <ns3:cad>45</ns3:cad>
          </ns3:TrackPointExtension>
        </extensions>
      </trkpt>
      <trkpt lat="35.6300446204841136932373046875" lon="127.59797274135053157806396484375">
        <ele>1153.5999755859375</ele>
        <time>2025-12-27T03:12:55.000Z</time>
        <extensions>
          <ns3:TrackPointExtension>
            <ns3:hr>139</ns3:hr>
            <ns3:cad>48</ns3:cad>
          </ns3:TrackPointExtension>
        </extensions>
      </trkpt>
      <trkpt lat="35.63002400100231170654296875" lon="127.5979761779308319091796875">
        <ele>1154.800048828125</ele>
        <time>2025-12-27T03:12:58.000Z</time>
        <extensions>
          <ns3:TrackPointExtension>
            <ns3:hr>138</ns3:hr>
            <ns3:cad>43</ns3:cad>
          </ns3:TrackPointExtension>
        </extensions>
      </trkpt>
      <trkpt lat="35.6299926526844501495361328125" lon="127.597975842654705047607421875">
        <ele>1156</ele>
        <time>2025-12-27T03:13:02.000Z</time>
        <extensions>
          <ns3:TrackPointExtension>
            <ns3:hr>140</ns3:hr>
            <ns3:cad>42</ns3:cad>
          </ns3:TrackPointExtension>
        </extensions>
      </trkpt>
      <trkpt lat="35.62995635904371738433837890625" lon="127.59796922095119953155517578125">
        <ele>1157</ele>
        <time>2025-12-27T03:13:06.000Z</time>
        <extensions>
          <ns3:TrackPointExtension>
            <ns3:hr>141</ns3:hr>
            <ns3:cad>43</ns3:cad>
          </ns3:TrackPointExtension>
        </extensions>
      </trkpt>
      <trkpt lat="35.629947893321514129638671875" lon="127.5979652814567089080810546875">
        <ele>1157.199951171875</ele>
        <time>2025-12-27T03:13:07.000Z</time>
        <extensions>
          <ns3:TrackPointExtension>
            <ns3:hr>141</ns3:hr>
            <ns3:cad>42</ns3:cad>
          </ns3:TrackPointExtension>
        </extensions>
      </trkpt>
      <trkpt lat="35.62991403043270111083984375" lon="127.597900740802288055419921875">
        <ele>1157.800048828125</ele>
        <time>2025-12-27T03:13:13.000Z</time>
        <extensions>
          <ns3:TrackPointExtension>
            <ns3:hr>143</ns3:hr>
            <ns3:cad>41</ns3:cad>
          </ns3:TrackPointExtension>
        </extensions>
      </trkpt>
      <trkpt lat="35.6298950873315334320068359375" lon="127.597888000309467315673828125">
        <ele>1157.5999755859375</ele>
        <time>2025-12-27T03:13:15.000Z</time>
        <extensions>
          <ns3:TrackPointExtension>
            <ns3:hr>144</ns3:hr>
            <ns3:cad>41</ns3:cad>
          </ns3:TrackPointExtension>
        </extensions>
      </trkpt>
      <trkpt lat="35.6298758089542388916015625" lon="127.59785405360162258148193359375">
        <ele>1157.199951171875</ele>
        <time>2025-12-27T03:13:17.000Z</time>
        <extensions>
          <ns3:TrackPointExtension>
            <ns3:hr>144</ns3:hr>
            <ns3:cad>48</ns3:cad>
          </ns3:TrackPointExtension>
        </extensions>
      </trkpt>
      <trkpt lat="35.62987287528812885284423828125" lon="127.59783469140529632568359375">
        <ele>1156.800048828125</ele>
        <time>2025-12-27T03:13:18.000Z</time>
        <extensions>
          <ns3:TrackPointExtension>
            <ns3:hr>144</ns3:hr>
            <ns3:cad>48</ns3:cad>
          </ns3:TrackPointExtension>
        </extensions>
      </trkpt>
      <trkpt lat="35.6298726238310337066650390625" lon="127.59777895174920558929443359375">
        <ele>1155.5999755859375</ele>
        <time>2025-12-27T03:13:22.000Z</time>
        <extensions>
          <ns3:TrackPointExtension>
            <ns3:hr>144</ns3:hr>
            <ns3:cad>0</ns3:cad>
          </ns3:TrackPointExtension>
        </extensions>
      </trkpt>
      <trkpt lat="35.62988025136291980743408203125" lon="127.59774215519428253173828125">
        <ele>1155.199951171875</ele>
        <time>2025-12-27T03:13:25.000Z</time>
        <extensions>
          <ns3:TrackPointExtension>
            <ns3:hr>143</ns3:hr>
            <ns3:cad>60</ns3:cad>
          </ns3:TrackPointExtension>
        </extensions>
      </trkpt>
      <trkpt lat="35.6298910640180110931396484375" lon="127.59759924374520778656005859375">
        <ele>1155.5999755859375</ele>
        <time>2025-12-27T03:13:35.000Z</time>
        <extensions>
          <ns3:TrackPointExtension>
            <ns3:hr>142</ns3:hr>
            <ns3:cad>50</ns3:cad>
          </ns3:TrackPointExtension>
        </extensions>
      </trkpt>
      <trkpt lat="35.62989500351250171661376953125" lon="127.59756806306540966033935546875">
        <ele>1156.800048828125</ele>
        <time>2025-12-27T03:13:41.000Z</time>
        <extensions>
          <ns3:TrackPointExtension>
            <ns3:hr>141</ns3:hr>
            <ns3:cad>47</ns3:cad>
          </ns3:TrackPointExtension>
        </extensions>
      </trkpt>
      <trkpt lat="35.62989617697894573211669921875" lon="127.59756370447576045989990234375">
        <ele>1157.199951171875</ele>
        <time>2025-12-27T03:13:42.000Z</time>
        <extensions>
          <ns3:TrackPointExtension>
            <ns3:hr>141</ns3:hr>
            <ns3:cad>47</ns3:cad>
          </ns3:TrackPointExtension>
        </extensions>
      </trkpt>
      <trkpt lat="35.62989919446408748626708984375" lon="127.5975523889064788818359375">
        <ele>1158</ele>
        <time>2025-12-27T03:13:45.000Z</time>
        <extensions>
          <ns3:TrackPointExtension>
            <ns3:hr>141</ns3:hr>
            <ns3:cad>47</ns3:cad>
          </ns3:TrackPointExtension>
        </extensions>
      </trkpt>
      <trkpt lat="35.6298994459211826324462890625" lon="127.59753839112818241119384765625">
        <ele>1159.199951171875</ele>
        <time>2025-12-27T03:13:50.000Z</time>
        <extensions>
          <ns3:TrackPointExtension>
            <ns3:hr>138</ns3:hr>
            <ns3:cad>77</ns3:cad>
          </ns3:TrackPointExtension>
        </extensions>
      </trkpt>
      <trkpt lat="35.62989869154989719390869140625" lon="127.59753570891916751861572265625">
        <ele>1159.4000244140625</ele>
        <time>2025-12-27T03:13:51.000Z</time>
        <extensions>
          <ns3:TrackPointExtension>
            <ns3:hr>138</ns3:hr>
            <ns3:cad>75</ns3:cad>
          </ns3:TrackPointExtension>
        </extensions>
      </trkpt>
      <trkpt lat="35.62989718280732631683349609375" lon="127.59751089848577976226806640625">
        <ele>1160.199951171875</ele>
        <time>2025-12-27T03:13:54.000Z</time>
        <extensions>
          <ns3:TrackPointExtension>
            <ns3:hr>137</ns3:hr>
            <ns3:cad>72</ns3:cad>
          </ns3:TrackPointExtension>
        </extensions>
      </trkpt>
      <trkpt lat="35.6298974342644214630126953125" lon="127.59747971780598163604736328125">
        <ele>1160.800048828125</ele>
        <time>2025-12-27T03:13:58.000Z</time>
        <extensions>
          <ns3:TrackPointExtension>
            <ns3:hr>140</ns3:hr>
            <ns3:cad>79</ns3:cad>
          </ns3:TrackPointExtension>
        </extensions>
      </trkpt>
      <trkpt lat="35.6298977695405483245849609375" lon="127.59747401811182498931884765625">
        <ele>1161</ele>
        <time>2025-12-27T03:13:59.000Z</time>
        <extensions>
          <ns3:TrackPointExtension>
            <ns3:hr>140</ns3:hr>
            <ns3:cad>79</ns3:cad>
          </ns3:TrackPointExtension>
        </extensions>
      </trkpt>
      <trkpt lat="35.62989684753119945526123046875" lon="127.59746798314154148101806640625">
        <ele>1161.4000244140625</ele>
        <time>2025-12-27T03:14:01.000Z</time>
        <extensions>
          <ns3:TrackPointExtension>
            <ns3:hr>140</ns3:hr>
            <ns3:cad>79</ns3:cad>
          </ns3:TrackPointExtension>
        </extensions>
      </trkpt>
      <trkpt lat="35.6298934109508991241455078125" lon="127.59744979441165924072265625">
        <ele>1162.4000244140625</ele>
        <time>2025-12-27T03:14:06.000Z</time>
        <extensions>
          <ns3:TrackPointExtension>
            <ns3:hr>141</ns3:hr>
            <ns3:cad>74</ns3:cad>
          </ns3:TrackPointExtension>
        </extensions>
      </trkpt>
      <trkpt lat="35.62989391386508941650390625" lon="127.59744501672685146331787109375">
        <ele>1162.5999755859375</ele>
        <time>2025-12-27T03:14:07.000Z</time>
        <extensions>
          <ns3:TrackPointExtension>
            <ns3:hr>141</ns3:hr>
            <ns3:cad>70</ns3:cad>
          </ns3:TrackPointExtension>
        </extensions>
      </trkpt>
      <trkpt lat="35.62989349476993083953857421875" lon="127.59743093512952327728271484375">
        <ele>1163.4000244140625</ele>
        <time>2025-12-27T03:14:10.000Z</time>
        <extensions>
          <ns3:TrackPointExtension>
            <ns3:hr>141</ns3:hr>
            <ns3:cad>64</ns3:cad>
          </ns3:TrackPointExtension>
        </extensions>
      </trkpt>
      <trkpt lat="35.62989181838929653167724609375" lon="127.59741601534187793731689453125">
        <ele>1164.199951171875</ele>
        <time>2025-12-27T03:14:15.000Z</time>
        <extensions>
          <ns3:TrackPointExtension>
            <ns3:hr>143</ns3:hr>
            <ns3:cad>71</ns3:cad>
          </ns3:TrackPointExtension>
        </extensions>
      </trkpt>
      <trkpt lat="35.62989148311316967010498046875" lon="127.59741065092384815216064453125">
        <ele>1164.4000244140625</ele>
        <time>2025-12-27T03:14:16.000Z</time>
        <extensions>
          <ns3:TrackPointExtension>
            <ns3:hr>145</ns3:hr>
            <ns3:cad>78</ns3:cad>
          </ns3:TrackPointExtension>
        </extensions>
      </trkpt>
      <trkpt lat="35.629891566932201385498046875" lon="127.5973929651081562042236328125">
        <ele>1165.4000244140625</ele>
        <time>2025-12-27T03:14:20.000Z</time>
        <extensions>
          <ns3:TrackPointExtension>
            <ns3:hr>148</ns3:hr>
            <ns3:cad>76</ns3:cad>
          </ns3:TrackPointExtension>
        </extensions>
      </trkpt>
      <trkpt lat="35.6298860348761081695556640625" lon="127.5973721779882907867431640625">
        <ele>1166.4000244140625</ele>
        <time>2025-12-27T03:14:24.000Z</time>
        <extensions>
          <ns3:TrackPointExtension>
            <ns3:hr>150</ns3:hr>
            <ns3:cad>75</ns3:cad>
          </ns3:TrackPointExtension>
        </extensions>
      </trkpt>
      <trkpt lat="35.6298846937716007232666015625" lon="127.59736421518027782440185546875">
        <ele>1166.5999755859375</ele>
        <time>2025-12-27T03:14:25.000Z</time>
        <extensions>
          <ns3:TrackPointExtension>
            <ns3:hr>150</ns3:hr>
            <ns3:cad>75</ns3:cad>
          </ns3:TrackPointExtension>
        </extensions>
      </trkpt>
      <trkpt lat="35.62988276593387126922607421875" lon="127.5973366387188434600830078125">
        <ele>1167.199951171875</ele>
        <time>2025-12-27T03:14:29.000Z</time>
        <extensions>
          <ns3:TrackPointExtension>
            <ns3:hr>147</ns3:hr>
            <ns3:cad>74</ns3:cad>
          </ns3:TrackPointExtension>
        </extensions>
      </trkpt>
      <trkpt lat="35.62988243065774440765380859375" lon="127.597327418625354766845703125">
        <ele>1167.800048828125</ele>
        <time>2025-12-27T03:14:31.000Z</time>
        <extensions>
          <ns3:TrackPointExtension>
            <ns3:hr>144</ns3:hr>
            <ns3:cad>41</ns3:cad>
          </ns3:TrackPointExtension>
        </extensions>
      </trkpt>
      <trkpt lat="35.62988025136291980743408203125" lon="127.5973232276737689971923828125">
        <ele>1168.199951171875</ele>
        <time>2025-12-27T03:14:32.000Z</time>
        <extensions>
          <ns3:TrackPointExtension>
            <ns3:hr>144</ns3:hr>
            <ns3:cad>41</ns3:cad>
          </ns3:TrackPointExtension>
        </extensions>
      </trkpt>
      <trkpt lat="35.62987337820231914520263671875" lon="127.59731928817927837371826171875">
        <ele>1169</ele>
        <time>2025-12-27T03:14:35.000Z</time>
        <extensions>
          <ns3:TrackPointExtension>
            <ns3:hr>143</ns3:hr>
            <ns3:cad>75</ns3:cad>
          </ns3:TrackPointExtension>
        </extensions>
      </trkpt>
      <trkpt lat="35.629868768155574798583984375" lon="127.5973021052777767181396484375">
        <ele>1170</ele>
        <time>2025-12-27T03:14:39.000Z</time>
        <extensions>
          <ns3:TrackPointExtension>
            <ns3:hr>144</ns3:hr>
            <ns3:cad>74</ns3:cad>
          </ns3:TrackPointExtension>
        </extensions>
      </trkpt>
      <trkpt lat="35.6298702768981456756591796875" lon="127.59729397483170032501220703125">
        <ele>1170</ele>
        <time>2025-12-27T03:14:40.000Z</time>
        <extensions>
          <ns3:TrackPointExtension>
            <ns3:hr>144</ns3:hr>
            <ns3:cad>72</ns3:cad>
          </ns3:TrackPointExtension>
        </extensions>
      </trkpt>
      <trkpt lat="35.62986918725073337554931640625" lon="127.59727302007377147674560546875">
        <ele>1171.199951171875</ele>
        <time>2025-12-27T03:14:46.000Z</time>
        <extensions>
          <ns3:TrackPointExtension>
            <ns3:hr>144</ns3:hr>
            <ns3:cad>70</ns3:cad>
          </ns3:TrackPointExtension>
        </extensions>
      </trkpt>
      <trkpt lat="35.6298686005175113677978515625" lon="127.5972541607916355133056640625">
        <ele>1172.199951171875</ele>
        <time>2025-12-27T03:14:50.000Z</time>
        <extensions>
          <ns3:TrackPointExtension>
            <ns3:hr>145</ns3:hr>
            <ns3:cad>67</ns3:cad>
          </ns3:TrackPointExtension>
        </extensions>
      </trkpt>
      <trkpt lat="35.629870109260082244873046875" lon="127.597249634563922882080078125">
        <ele>1172.5999755859375</ele>
        <time>2025-12-27T03:14:52.000Z</time>
        <extensions>
          <ns3:TrackPointExtension>
            <ns3:hr>147</ns3:hr>
            <ns3:cad>70</ns3:cad>
          </ns3:TrackPointExtension>
        </extensions>
      </trkpt>
      <trkpt lat="35.62986851669847965240478515625" lon="127.59723831899464130401611328125">
        <ele>1173.199951171875</ele>
        <time>2025-12-27T03:14:55.000Z</time>
        <extensions>
          <ns3:TrackPointExtension>
            <ns3:hr>149</ns3:hr>
            <ns3:cad>69</ns3:cad>
          </ns3:TrackPointExtension>
        </extensions>
      </trkpt>
      <trkpt lat="35.62986977398395538330078125" lon="127.5972206331789493560791015625">
        <ele>1174</ele>
        <time>2025-12-27T03:14:58.000Z</time>
        <extensions>
          <ns3:TrackPointExtension>
            <ns3:hr>149</ns3:hr>
            <ns3:cad>66</ns3:cad>
          </ns3:TrackPointExtension>
        </extensions>
      </trkpt>
      <trkpt lat="35.6298689357936382293701171875" lon="127.597218789160251617431640625">
        <ele>1174.4000244140625</ele>
        <time>2025-12-27T03:14:59.000Z</time>
        <extensions>
          <ns3:TrackPointExtension>
            <ns3:hr>149</ns3:hr>
            <ns3:cad>63</ns3:cad>
          </ns3:TrackPointExtension>
        </extensions>
      </trkpt>
      <trkpt lat="35.62985946424305438995361328125" lon="127.59719070978462696075439453125">
        <ele>1175.4000244140625</ele>
        <time>2025-12-27T03:15:06.000Z</time>
        <extensions>
          <ns3:TrackPointExtension>
            <ns3:hr>150</ns3:hr>
            <ns3:cad>60</ns3:cad>
          </ns3:TrackPointExtension>
        </extensions>
      </trkpt>
      <trkpt lat="35.6298330612480640411376953125" lon="127.5971673242747783660888671875">
        <ele>1175.4000244140625</ele>
        <time>2025-12-27T03:15:10.000Z</time>
        <extensions>
          <ns3:TrackPointExtension>
            <ns3:hr>150</ns3:hr>
            <ns3:cad>41</ns3:cad>
          </ns3:TrackPointExtension>
        </extensions>
      </trkpt>
      <trkpt lat="35.6298162974417209625244140625" lon="127.59714611805975437164306640625">
        <ele>1175.800048828125</ele>
        <time>2025-12-27T03:15:13.000Z</time>
        <extensions>
          <ns3:TrackPointExtension>
            <ns3:hr>150</ns3:hr>
            <ns3:cad>40</ns3:cad>
          </ns3:TrackPointExtension>
        </extensions>
      </trkpt>
      <trkpt lat="35.6297961808741092681884765625" lon="127.597122900187969207763671875">
        <ele>1176.4000244140625</ele>
        <time>2025-12-27T03:15:16.000Z</time>
        <extensions>
          <ns3:TrackPointExtension>
            <ns3:hr>149</ns3:hr>
            <ns3:cad>40</ns3:cad>
          </ns3:TrackPointExtension>
        </extensions>
      </trkpt>
      <trkpt lat="35.62977983616292476654052734375" lon="127.5970910489559173583984375">
        <ele>1177.5999755859375</ele>
        <time>2025-12-27T03:15:21.000Z</time>
        <extensions>
          <ns3:TrackPointExtension>
            <ns3:hr>149</ns3:hr>
            <ns3:cad>76</ns3:cad>
          </ns3:TrackPointExtension>
        </extensions>
      </trkpt>
      <trkpt lat="35.62977321445941925048828125" lon="127.59707755409181118011474609375">
        <ele>1178</ele>
        <time>2025-12-27T03:15:23.000Z</time>
        <extensions>
          <ns3:TrackPointExtension>
            <ns3:hr>149</ns3:hr>
            <ns3:cad>76</ns3:cad>
          </ns3:TrackPointExtension>
        </extensions>
      </trkpt>
      <trkpt lat="35.62976927496492862701416015625" lon="127.597041092813014984130859375">
        <ele>1178.5999755859375</ele>
        <time>2025-12-27T03:15:28.000Z</time>
        <extensions>
          <ns3:TrackPointExtension>
            <ns3:hr>149</ns3:hr>
            <ns3:cad>76</ns3:cad>
          </ns3:TrackPointExtension>
        </extensions>
      </trkpt>
      <trkpt lat="35.62975452281534671783447265625" lon="127.5970298610627651214599609375">
        <ele>1179.199951171875</ele>
        <time>2025-12-27T03:15:31.000Z</time>
        <extensions>
          <ns3:TrackPointExtension>
            <ns3:hr>149</ns3:hr>
            <ns3:cad>64</ns3:cad>
          </ns3:TrackPointExtension>
        </extensions>
      </trkpt>
      <trkpt lat="35.6297390162944793701171875" lon="127.5970157794654369354248046875">
        <ele>1179.800048828125</ele>
        <time>2025-12-27T03:15:34.000Z</time>
        <extensions>
          <ns3:TrackPointExtension>
            <ns3:hr>149</ns3:hr>
            <ns3:cad>62</ns3:cad>
          </ns3:TrackPointExtension>
        </extensions>
      </trkpt>
      <trkpt lat="35.62970791943371295928955078125" lon="127.59699256159365177154541015625">
        <ele>1180</ele>
        <time>2025-12-27T03:15:39.000Z</time>
        <extensions>
          <ns3:TrackPointExtension>
            <ns3:hr>150</ns3:hr>
            <ns3:cad>75</ns3:cad>
          </ns3:TrackPointExtension>
        </extensions>
      </trkpt>
      <trkpt lat="35.6296934187412261962890625" lon="127.59691645391285419464111328125">
        <ele>1180.5999755859375</ele>
        <time>2025-12-27T03:15:47.000Z</time>
        <extensions>
          <ns3:TrackPointExtension>
            <ns3:hr>148</ns3:hr>
            <ns3:cad>45</ns3:cad>
          </ns3:TrackPointExtension>
        </extensions>
      </trkpt>
      <trkpt lat="35.62969274818897247314453125" lon="127.59690639562904834747314453125">
        <ele>1180.800048828125</ele>
        <time>2025-12-27T03:15:48.000Z</time>
        <extensions>
          <ns3:TrackPointExtension>
            <ns3:hr>148</ns3:hr>
            <ns3:cad>45</ns3:cad>
          </ns3:TrackPointExtension>
        </extensions>
      </trkpt>
      <trkpt lat="35.62968076206743717193603515625" lon="127.59686683304607868194580078125">
        <ele>1180.199951171875</ele>
        <time>2025-12-27T03:15:52.000Z</time>
        <extensions>
          <ns3:TrackPointExtension>
            <ns3:hr>144</ns3:hr>
            <ns3:cad>43</ns3:cad>
          </ns3:TrackPointExtension>
        </extensions>
      </trkpt>
      <trkpt lat="35.62967891804873943328857421875" lon="127.59685560129582881927490234375">
        <ele>1180</ele>
        <time>2025-12-27T03:15:53.000Z</time>
        <extensions>
          <ns3:TrackPointExtension>
            <ns3:hr>143</ns3:hr>
            <ns3:cad>43</ns3:cad>
          </ns3:TrackPointExtension>
        </extensions>
      </trkpt>
      <trkpt lat="35.62966634519398212432861328125" lon="127.59682022966444492340087890625">
        <ele>1180</ele>
        <time>2025-12-27T03:15:56.000Z</time>
        <extensions>
          <ns3:TrackPointExtension>
            <ns3:hr>140</ns3:hr>
            <ns3:cad>49</ns3:cad>
          </ns3:TrackPointExtension>
        </extensions>
      </trkpt>
      <trkpt lat="35.6296355836093425750732421875" lon="127.59678754024207592010498046875">
        <ele>1181</ele>
        <time>2025-12-27T03:16:01.000Z</time>
        <extensions>
          <ns3:TrackPointExtension>
            <ns3:hr>141</ns3:hr>
            <ns3:cad>47</ns3:cad>
          </ns3:TrackPointExtension>
        </extensions>
      </trkpt>
      <trkpt lat="35.62962359748780727386474609375" lon="127.59675585664808750152587890625">
        <ele>1181.800048828125</ele>
        <time>2025-12-27T03:16:05.000Z</time>
        <extensions>
          <ns3:TrackPointExtension>
            <ns3:hr>140</ns3:hr>
            <ns3:cad>45</ns3:cad>
          </ns3:TrackPointExtension>
        </extensions>
      </trkpt>
      <trkpt lat="35.62961102463304996490478515625" lon="127.5967405177652835845947265625">
        <ele>1183</ele>
        <time>2025-12-27T03:16:09.000Z</time>
        <extensions>
          <ns3:TrackPointExtension>
            <ns3:hr>139</ns3:hr>
            <ns3:cad>78</ns3:cad>
          </ns3:TrackPointExtension>
        </extensions>
      </trkpt>
      <trkpt lat="35.62960423529148101806640625" lon="127.59673590771853923797607421875">
        <ele>1183</ele>
        <time>2025-12-27T03:16:10.000Z</time>
        <extensions>
          <ns3:TrackPointExtension>
            <ns3:hr>139</ns3:hr>
            <ns3:cad>41</ns3:cad>
          </ns3:TrackPointExtension>
        </extensions>
      </trkpt>
      <trkpt lat="35.62957380898296833038330078125" lon="127.5967123545706272125244140625">
        <ele>1184</ele>
        <time>2025-12-27T03:16:14.000Z</time>
        <extensions>
          <ns3:TrackPointExtension>
            <ns3:hr>137</ns3:hr>
            <ns3:cad>42</ns3:cad>
          </ns3:TrackPointExtension>
        </extensions>
      </trkpt>
      <trkpt lat="35.62954723834991455078125" lon="127.59668863378465175628662109375">
        <ele>1185.199951171875</ele>
        <time>2025-12-27T03:16:17.000Z</time>
        <extensions>
          <ns3:TrackPointExtension>
            <ns3:hr>136</ns3:hr>
            <ns3:cad>42</ns3:cad>
          </ns3:TrackPointExtension>
        </extensions>
      </trkpt>
      <trkpt lat="35.629521422088146209716796875" lon="127.596637420356273651123046875">
        <ele>1185.800048828125</ele>
        <time>2025-12-27T03:16:21.000Z</time>
        <extensions>
          <ns3:TrackPointExtension>
            <ns3:hr>137</ns3:hr>
            <ns3:cad>44</ns3:cad>
          </ns3:TrackPointExtension>
        </extensions>
      </trkpt>
      <trkpt lat="35.62952016480267047882080078125" lon="127.59660431183874607086181640625">
        <ele>1186.199951171875</ele>
        <time>2025-12-27T03:16:24.000Z</time>
        <extensions>
          <ns3:TrackPointExtension>
            <ns3:hr>137</ns3:hr>
            <ns3:cad>44</ns3:cad>
          </ns3:TrackPointExtension>
        </extensions>
      </trkpt>
      <trkpt lat="35.62950591556727886199951171875" lon="127.59657078422605991363525390625">
        <ele>1187.4000244140625</ele>
        <time>2025-12-27T03:16:29.000Z</time>
        <extensions>
          <ns3:TrackPointExtension>
            <ns3:hr>137</ns3:hr>
            <ns3:cad>42</ns3:cad>
          </ns3:TrackPointExtension>
        </extensions>
      </trkpt>
      <trkpt lat="35.62949837185442447662353515625" lon="127.5965269468724727630615234375">
        <ele>1188.4000244140625</ele>
        <time>2025-12-27T03:16:33.000Z</time>
        <extensions>
          <ns3:TrackPointExtension>
            <ns3:hr>140</ns3:hr>
            <ns3:cad>40</ns3:cad>
          </ns3:TrackPointExtension>
        </extensions>
      </trkpt>
      <trkpt lat="35.62949719838798046112060546875" lon="127.5964982807636260986328125">
        <ele>1188.800048828125</ele>
        <time>2025-12-27T03:16:35.000Z</time>
        <extensions>
          <ns3:TrackPointExtension>
            <ns3:hr>140</ns3:hr>
            <ns3:cad>40</ns3:cad>
          </ns3:TrackPointExtension>
        </extensions>
      </trkpt>
      <trkpt lat="35.629479177296161651611328125" lon="127.596416138112545013427734375">
        <ele>1189</ele>
        <time>2025-12-27T03:16:42.000Z</time>
        <extensions>
          <ns3:TrackPointExtension>
            <ns3:hr>142</ns3:hr>
            <ns3:cad>50</ns3:cad>
          </ns3:TrackPointExtension>
        </extensions>
      </trkpt>
      <trkpt lat="35.629477836191654205322265625" lon="127.596391998231410980224609375">
        <ele>1189.4000244140625</ele>
        <time>2025-12-27T03:16:44.000Z</time>
        <extensions>
          <ns3:TrackPointExtension>
            <ns3:hr>142</ns3:hr>
            <ns3:cad>48</ns3:cad>
          </ns3:TrackPointExtension>
        </extensions>
      </trkpt>
      <trkpt lat="35.629465766251087188720703125" lon="127.5963717140257358551025390625">
        <ele>1190.4000244140625</ele>
        <time>2025-12-27T03:16:49.000Z</time>
        <extensions>
          <ns3:TrackPointExtension>
            <ns3:hr>143</ns3:hr>
            <ns3:cad>80</ns3:cad>
          </ns3:TrackPointExtension>
        </extensions>
      </trkpt>
      <trkpt lat="35.62945763580501079559326171875" lon="127.5963526032865047454833984375">
        <ele>1190.800048828125</ele>
        <time>2025-12-27T03:16:51.000Z</time>
        <extensions>
          <ns3:TrackPointExtension>
            <ns3:hr>143</ns3:hr>
            <ns3:cad>43</ns3:cad>
          </ns3:TrackPointExtension>
        </extensions>
      </trkpt>
      <trkpt lat="35.629426874220371246337890625" lon="127.59631547145545482635498046875">
        <ele>1191.5999755859375</ele>
        <time>2025-12-27T03:16:56.000Z</time>
        <extensions>
          <ns3:TrackPointExtension>
            <ns3:hr>143</ns3:hr>
            <ns3:cad>77</ns3:cad>
          </ns3:TrackPointExtension>
        </extensions>
      </trkpt>
      <trkpt lat="35.6293928436934947967529296875" lon="127.59628311730921268463134765625">
        <ele>1191.800048828125</ele>
        <time>2025-12-27T03:17:02.000Z</time>
        <extensions>
          <ns3:TrackPointExtension>
            <ns3:hr>142</ns3:hr>
            <ns3:cad>78</ns3:cad>
          </ns3:TrackPointExtension>
        </extensions>
      </trkpt>
      <trkpt lat="35.62934942543506622314453125" lon="127.5961775891482830047607421875">
        <ele>1192.199951171875</ele>
        <time>2025-12-27T03:17:11.000Z</time>
        <extensions>
          <ns3:TrackPointExtension>
            <ns3:hr>145</ns3:hr>
            <ns3:cad>49</ns3:cad>
          </ns3:TrackPointExtension>
        </extensions>
      </trkpt>
      <trkpt lat="35.62936074100434780120849609375" lon="127.59614624083042144775390625">
        <ele>1192.5999755859375</ele>
        <time>2025-12-27T03:17:15.000Z</time>
        <extensions>
          <ns3:TrackPointExtension>
            <ns3:hr>147</ns3:hr>
            <ns3:cad>47</ns3:cad>
          </ns3:TrackPointExtension>
        </extensions>
      </trkpt>
      <trkpt lat="35.62936996109783649444580078125" lon="127.59612252004444599151611328125">
        <ele>1193.800048828125</ele>
        <time>2025-12-27T03:17:19.000Z</time>
        <extensions>
          <ns3:TrackPointExtension>
            <ns3:hr>147</ns3:hr>
            <ns3:cad>43</ns3:cad>
          </ns3:TrackPointExtension>
        </extensions>
      </trkpt>
      <trkpt lat="35.62936292029917240142822265625" lon="127.59606686420738697052001953125">
        <ele>1194.800048828125</ele>
        <time>2025-12-27T03:17:25.000Z</time>
        <extensions>
          <ns3:TrackPointExtension>
            <ns3:hr>147</ns3:hr>
            <ns3:cad>45</ns3:cad>
          </ns3:TrackPointExtension>
        </extensions>
      </trkpt>
      <trkpt lat="35.62934582121670246124267578125" lon="127.596045322716236114501953125">
        <ele>1196</ele>
        <time>2025-12-27T03:17:30.000Z</time>
        <extensions>
          <ns3:TrackPointExtension>
            <ns3:hr>147</ns3:hr>
            <ns3:cad>41</ns3:cad>
          </ns3:TrackPointExtension>
        </extensions>
      </trkpt>
      <trkpt lat="35.62934716232120990753173828125" lon="127.59603903628885746002197265625">
        <ele>1196.4000244140625</ele>
        <time>2025-12-27T03:17:33.000Z</time>
        <extensions>
          <ns3:TrackPointExtension>
            <ns3:hr>147</ns3:hr>
            <ns3:cad>41</ns3:cad>
          </ns3:TrackPointExtension>
        </extensions>
      </trkpt>
      <trkpt lat="35.629347749054431915283203125" lon="127.5960200093686580657958984375">
        <ele>1197.199951171875</ele>
        <time>2025-12-27T03:17:37.000Z</time>
        <extensions>
          <ns3:TrackPointExtension>
            <ns3:hr>147</ns3:hr>
            <ns3:cad>41</ns3:cad>
          </ns3:TrackPointExtension>
        </extensions>
      </trkpt>
      <trkpt lat="35.629351772367954254150390625" lon="127.59599964134395122528076171875">
        <ele>1198</ele>
        <time>2025-12-27T03:17:40.000Z</time>
        <extensions>
          <ns3:TrackPointExtension>
            <ns3:hr>145</ns3:hr>
            <ns3:cad>41</ns3:cad>
          </ns3:TrackPointExtension>
        </extensions>
      </trkpt>
      <trkpt lat="35.62935353256762027740478515625" lon="127.5959925167262554168701171875">
        <ele>1198.199951171875</ele>
        <time>2025-12-27T03:17:41.000Z</time>
        <extensions>
          <ns3:TrackPointExtension>
            <ns3:hr>145</ns3:hr>
            <ns3:cad>41</ns3:cad>
          </ns3:TrackPointExtension>
        </extensions>
      </trkpt>
      <trkpt lat="35.62935772351920604705810546875" lon="127.5959542952477931976318359375">
        <ele>1199.199951171875</ele>
        <time>2025-12-27T03:17:46.000Z</time>
        <extensions>
          <ns3:TrackPointExtension>
            <ns3:hr>146</ns3:hr>
            <ns3:cad>41</ns3:cad>
          </ns3:TrackPointExtension>
        </extensions>
      </trkpt>
      <trkpt lat="35.62936015427112579345703125" lon="127.59592764079570770263671875">
        <ele>1200.199951171875</ele>
        <time>2025-12-27T03:17:49.000Z</time>
        <extensions>
          <ns3:TrackPointExtension>
            <ns3:hr>148</ns3:hr>
            <ns3:cad>68</ns3:cad>
          </ns3:TrackPointExtension>
        </extensions>
      </trkpt>
      <trkpt lat="35.62935805879533290863037109375" lon="127.59592093527317047119140625">
        <ele>1200.4000244140625</ele>
        <time>2025-12-27T03:17:50.000Z</time>
        <extensions>
          <ns3:TrackPointExtension>
            <ns3:hr>148</ns3:hr>
            <ns3:cad>68</ns3:cad>
          </ns3:TrackPointExtension>
        </extensions>
      </trkpt>
      <trkpt lat="35.6293378584086894989013671875" lon="127.59590978734195232391357421875">
        <ele>1201.5999755859375</ele>
        <time>2025-12-27T03:17:54.000Z</time>
        <extensions>
          <ns3:TrackPointExtension>
            <ns3:hr>150</ns3:hr>
            <ns3:cad>70</ns3:cad>
          </ns3:TrackPointExtension>
        </extensions>
      </trkpt>
      <trkpt lat="35.62933308072388172149658203125" lon="127.59590693749487400054931640625">
        <ele>1202</ele>
        <time>2025-12-27T03:17:56.000Z</time>
        <extensions>
          <ns3:TrackPointExtension>
            <ns3:hr>150</ns3:hr>
            <ns3:cad>76</ns3:cad>
          </ns3:TrackPointExtension>
        </extensions>
      </trkpt>
      <trkpt lat="35.6293321587145328521728515625" lon="127.5958959572017192840576171875">
        <ele>1202.5999755859375</ele>
        <time>2025-12-27T03:17:58.000Z</time>
        <extensions>
          <ns3:TrackPointExtension>
            <ns3:hr>151</ns3:hr>
            <ns3:cad>75</ns3:cad>
          </ns3:TrackPointExtension>
        </extensions>
      </trkpt>
      <trkpt lat="35.629314221441745758056640625" lon="127.59589386172592639923095703125">
        <ele>1203.5999755859375</ele>
        <time>2025-12-27T03:18:04.000Z</time>
        <extensions>
          <ns3:TrackPointExtension>
            <ns3:hr>151</ns3:hr>
            <ns3:cad>77</ns3:cad>
          </ns3:TrackPointExtension>
        </extensions>
      </trkpt>
      <trkpt lat="35.62928999774158000946044921875" lon="127.5958872400224208831787109375">
        <ele>1204.5999755859375</ele>
        <time>2025-12-27T03:18:08.000Z</time>
        <extensions>
          <ns3:TrackPointExtension>
            <ns3:hr>151</ns3:hr>
            <ns3:cad>62</ns3:cad>
          </ns3:TrackPointExtension>
        </extensions>
      </trkpt>
      <trkpt lat="35.629296116530895233154296875" lon="127.59587978012859821319580078125">
        <ele>1205</ele>
        <time>2025-12-27T03:18:10.000Z</time>
        <extensions>
          <ns3:TrackPointExtension>
            <ns3:hr>151</ns3:hr>
            <ns3:cad>62</ns3:cad>
          </ns3:TrackPointExtension>
        </extensions>
      </trkpt>
      <trkpt lat="35.62929184176027774810791015625" lon="127.5958563946187496185302734375">
        <ele>1205.800048828125</ele>
        <time>2025-12-27T03:18:14.000Z</time>
        <extensions>
          <ns3:TrackPointExtension>
            <ns3:hr>152</ns3:hr>
            <ns3:cad>68</ns3:cad>
          </ns3:TrackPointExtension>
        </extensions>
      </trkpt>
      <trkpt lat="35.62929041683673858642578125" lon="127.59586117230355739593505859375">
        <ele>1206.4000244140625</ele>
        <time>2025-12-27T03:18:17.000Z</time>
        <extensions>
          <ns3:TrackPointExtension>
            <ns3:hr>155</ns3:hr>
            <ns3:cad>65</ns3:cad>
          </ns3:TrackPointExtension>
        </extensions>
      </trkpt>
      <trkpt lat="35.629291422665119171142578125" lon="127.59586754254996776580810546875">
        <ele>1206.5999755859375</ele>
        <time>2025-12-27T03:18:18.000Z</time>
        <extensions>
          <ns3:TrackPointExtension>
            <ns3:hr>155</ns3:hr>
            <ns3:cad>65</ns3:cad>
          </ns3:TrackPointExtension>
        </extensions>
      </trkpt>
      <trkpt lat="35.62929033301770687103271484375" lon="127.59587307460606098175048828125">
        <ele>1206.800048828125</ele>
        <time>2025-12-27T03:18:20.000Z</time>
        <extensions>
          <ns3:TrackPointExtension>
            <ns3:hr>155</ns3:hr>
            <ns3:cad>68</ns3:cad>
          </ns3:TrackPointExtension>
        </extensions>
      </trkpt>
      <trkpt lat="35.6292677856981754302978515625" lon="127.5958761759102344512939453125">
        <ele>1207.4000244140625</ele>
        <time>2025-12-27T03:18:24.000Z</time>
        <extensions>
          <ns3:TrackPointExtension>
            <ns3:hr>155</ns3:hr>
            <ns3:cad>65</ns3:cad>
          </ns3:TrackPointExtension>
        </extensions>
      </trkpt>
      <trkpt lat="35.62925211153924465179443359375" lon="127.5958563946187496185302734375">
        <ele>1208</ele>
        <time>2025-12-27T03:18:28.000Z</time>
        <extensions>
          <ns3:TrackPointExtension>
            <ns3:hr>155</ns3:hr>
            <ns3:cad>66</ns3:cad>
          </ns3:TrackPointExtension>
        </extensions>
      </trkpt>
      <trkpt lat="35.62923501245677471160888671875" lon="127.59584239684045314788818359375">
        <ele>1208.800048828125</ele>
        <time>2025-12-27T03:18:32.000Z</time>
        <extensions>
          <ns3:TrackPointExtension>
            <ns3:hr>155</ns3:hr>
            <ns3:cad>67</ns3:cad>
          </ns3:TrackPointExtension>
        </extensions>
      </trkpt>
      <trkpt lat="35.62922545708715915679931640625" lon="127.5958356074988842010498046875">
        <ele>1209</ele>
        <time>2025-12-27T03:18:34.000Z</time>
        <extensions>
          <ns3:TrackPointExtension>
            <ns3:hr>155</ns3:hr>
            <ns3:cad>68</ns3:cad>
          </ns3:TrackPointExtension>
        </extensions>
      </trkpt>
      <trkpt lat="35.6292154826223850250244140625" lon="127.59581456892192363739013671875">
        <ele>1210.199951171875</ele>
        <time>2025-12-27T03:18:39.000Z</time>
        <extensions>
          <ns3:TrackPointExtension>
            <ns3:hr>156</ns3:hr>
            <ns3:cad>0</ns3:cad>
          </ns3:TrackPointExtension>
        </extensions>
      </trkpt>
      <trkpt lat="35.629219003021717071533203125" lon="127.59579327888786792755126953125">
        <ele>1211.199951171875</ele>
        <time>2025-12-27T03:18:48.000Z</time>
        <extensions>
          <ns3:TrackPointExtension>
            <ns3:hr>157</ns3:hr>
            <ns3:cad>0</ns3:cad>
          </ns3:TrackPointExtension>
        </extensions>
      </trkpt>
      <trkpt lat="35.62923836521804332733154296875" lon="127.5957568176090717315673828125">
        <ele>1212.199951171875</ele>
        <time>2025-12-27T03:18:53.000Z</time>
        <extensions>
          <ns3:TrackPointExtension>
            <ns3:hr>153</ns3:hr>
            <ns3:cad>61</ns3:cad>
          </ns3:TrackPointExtension>
        </extensions>
      </trkpt>
      <trkpt lat="35.6292349286377429962158203125" lon="127.5957554765045642852783203125">
        <ele>1212.199951171875</ele>
        <time>2025-12-27T03:18:54.000Z</time>
        <extensions>
          <ns3:TrackPointExtension>
            <ns3:hr>152</ns3:hr>
            <ns3:cad>61</ns3:cad>
          </ns3:TrackPointExtension>
        </extensions>
      </trkpt>
      <trkpt lat="35.62923048622906208038330078125" lon="127.5957601703703403472900390625">
        <ele>1212.4000244140625</ele>
        <time>2025-12-27T03:18:55.000Z</time>
        <extensions>
          <ns3:TrackPointExtension>
            <ns3:hr>151</ns3:hr>
            <ns3:cad>61</ns3:cad>
          </ns3:TrackPointExtension>
        </extensions>
      </trkpt>
      <trkpt lat="35.62921556644141674041748046875" lon="127.59575958363711833953857421875">
        <ele>1213.199951171875</ele>
        <time>2025-12-27T03:19:03.000Z</time>
        <extensions>
          <ns3:TrackPointExtension>
            <ns3:hr>148</ns3:hr>
            <ns3:cad>0</ns3:cad>
          </ns3:TrackPointExtension>
        </extensions>
      </trkpt>
      <trkpt lat="35.62921338714659214019775390625" lon="127.59575866162776947021484375">
        <ele>1213.4000244140625</ele>
        <time>2025-12-27T03:19:04.000Z</time>
        <extensions>
          <ns3:TrackPointExtension>
            <ns3:hr>148</ns3:hr>
            <ns3:cad>0</ns3:cad>
          </ns3:TrackPointExtension>
        </extensions>
      </trkpt>
      <trkpt lat="35.6291970424354076385498046875" lon="127.5957467593252658843994140625">
        <ele>1214.5999755859375</ele>
        <time>2025-12-27T03:19:09.000Z</time>
        <extensions>
          <ns3:TrackPointExtension>
            <ns3:hr>148</ns3:hr>
            <ns3:cad>0</ns3:cad>
          </ns3:TrackPointExtension>
        </extensions>
      </trkpt>
      <trkpt lat="35.6292007304728031158447265625" lon="127.59574650786817073822021484375">
        <ele>1215</ele>
        <time>2025-12-27T03:19:11.000Z</time>
        <extensions>
          <ns3:TrackPointExtension>
            <ns3:hr>148</ns3:hr>
            <ns3:cad>0</ns3:cad>
          </ns3:TrackPointExtension>
        </extensions>
      </trkpt>
      <trkpt lat="35.62919209711253643035888671875" lon="127.59573963470757007598876953125">
        <ele>1215.5999755859375</ele>
        <time>2025-12-27T03:19:13.000Z</time>
        <extensions>
          <ns3:TrackPointExtension>
            <ns3:hr>147</ns3:hr>
            <ns3:cad>78</ns3:cad>
          </ns3:TrackPointExtension>
        </extensions>
      </trkpt>
      <trkpt lat="35.6291839666664600372314453125" lon="127.59573318064212799072265625">
        <ele>1216.4000244140625</ele>
        <time>2025-12-27T03:19:17.000Z</time>
        <extensions>
          <ns3:TrackPointExtension>
            <ns3:hr>147</ns3:hr>
            <ns3:cad>0</ns3:cad>
          </ns3:TrackPointExtension>
        </extensions>
      </trkpt>
      <trkpt lat="35.62917885370552539825439453125" lon="127.5957340188324451446533203125">
        <ele>1216.800048828125</ele>
        <time>2025-12-27T03:19:19.000Z</time>
        <extensions>
          <ns3:TrackPointExtension>
            <ns3:hr>147</ns3:hr>
            <ns3:cad>0</ns3:cad>
          </ns3:TrackPointExtension>
        </extensions>
      </trkpt>
      <trkpt lat="35.62916963361203670501708984375" lon="127.59573326446115970611572265625">
        <ele>1218</ele>
        <time>2025-12-27T03:19:23.000Z</time>
        <extensions>
          <ns3:TrackPointExtension>
            <ns3:hr>149</ns3:hr>
            <ns3:cad>75</ns3:cad>
          </ns3:TrackPointExtension>
        </extensions>
      </trkpt>
      <trkpt lat="35.62914046458899974822998046875" lon="127.59574256837368011474609375">
        <ele>1219</ele>
        <time>2025-12-27T03:19:27.000Z</time>
        <extensions>
          <ns3:TrackPointExtension>
            <ns3:hr>152</ns3:hr>
            <ns3:cad>75</ns3:cad>
          </ns3:TrackPointExtension>
        </extensions>
      </trkpt>
      <trkpt lat="35.6291340105235576629638671875" lon="127.5957420654594898223876953125">
        <ele>1219</ele>
        <time>2025-12-27T03:19:28.000Z</time>
        <extensions>
          <ns3:TrackPointExtension>
            <ns3:hr>153</ns3:hr>
            <ns3:cad>73</ns3:cad>
          </ns3:TrackPointExtension>
        </extensions>
      </trkpt>
      <trkpt lat="35.6291303224861621856689453125" lon="127.595737874507904052734375">
        <ele>1219.199951171875</ele>
        <time>2025-12-27T03:19:29.000Z</time>
        <extensions>
          <ns3:TrackPointExtension>
            <ns3:hr>154</ns3:hr>
            <ns3:cad>71</ns3:cad>
          </ns3:TrackPointExtension>
        </extensions>
      </trkpt>
      <trkpt lat="35.629117749631404876708984375" lon="127.595735527575016021728515625">
        <ele>1219.5999755859375</ele>
        <time>2025-12-27T03:19:32.000Z</time>
        <extensions>
          <ns3:TrackPointExtension>
            <ns3:hr>157</ns3:hr>
            <ns3:cad>67</ns3:cad>
          </ns3:TrackPointExtension>
        </extensions>
      </trkpt>
      <trkpt lat="35.629106350243091583251953125" lon="127.59572555311024188995361328125">
        <ele>1220.199951171875</ele>
        <time>2025-12-27T03:19:35.000Z</time>
        <extensions>
          <ns3:TrackPointExtension>
            <ns3:hr>157</ns3:hr>
            <ns3:cad>72</ns3:cad>
          </ns3:TrackPointExtension>
        </extensions>
      </trkpt>
      <trkpt lat="35.62910157255828380584716796875" lon="127.595722787082195281982421875">
        <ele>1221</ele>
        <time>2025-12-27T03:19:38.000Z</time>
        <extensions>
          <ns3:TrackPointExtension>
            <ns3:hr>156</ns3:hr>
            <ns3:cad>73</ns3:cad>
          </ns3:TrackPointExtension>
        </extensions>
      </trkpt>
      <trkpt lat="35.6290978007018566131591796875" lon="127.59572035633027553558349609375">
        <ele>1221.4000244140625</ele>
        <time>2025-12-27T03:19:40.000Z</time>
        <extensions>
          <ns3:TrackPointExtension>
            <ns3:hr>156</ns3:hr>
            <ns3:cad>68</ns3:cad>
          </ns3:TrackPointExtension>
        </extensions>
      </trkpt>
      <trkpt lat="35.62909536994993686676025390625" lon="127.5957145728170871734619140625">
        <ele>1222.5999755859375</ele>
        <time>2025-12-27T03:19:45.000Z</time>
        <extensions>
          <ns3:TrackPointExtension>
            <ns3:hr>156</ns3:hr>
            <ns3:cad>58</ns3:cad>
          </ns3:TrackPointExtension>
        </extensions>
      </trkpt>
      <trkpt lat="35.6290807016193866729736328125" lon="127.59570376016199588775634765625">
        <ele>1223</ele>
        <time>2025-12-27T03:19:48.000Z</time>
        <extensions>
          <ns3:TrackPointExtension>
            <ns3:hr>155</ns3:hr>
            <ns3:cad>57</ns3:cad>
          </ns3:TrackPointExtension>
        </extensions>
      </trkpt>
      <trkpt lat="35.62906804494559764862060546875" lon="127.595696635544300079345703125">
        <ele>1223.5999755859375</ele>
        <time>2025-12-27T03:19:51.000Z</time>
        <extensions>
          <ns3:TrackPointExtension>
            <ns3:hr>154</ns3:hr>
            <ns3:cad>66</ns3:cad>
          </ns3:TrackPointExtension>
        </extensions>
      </trkpt>
      <trkpt lat="35.62904792837798595428466796875" lon="127.59569034911692142486572265625">
        <ele>1224.5999755859375</ele>
        <time>2025-12-27T03:19:55.000Z</time>
        <extensions>
          <ns3:TrackPointExtension>
            <ns3:hr>155</ns3:hr>
            <ns3:cad>67</ns3:cad>
          </ns3:TrackPointExtension>
        </extensions>
      </trkpt>
      <trkpt lat="35.62904088757932186126708984375" lon="127.59568691253662109375">
        <ele>1224.800048828125</ele>
        <time>2025-12-27T03:19:56.000Z</time>
        <extensions>
          <ns3:TrackPointExtension>
            <ns3:hr>155</ns3:hr>
            <ns3:cad>65</ns3:cad>
          </ns3:TrackPointExtension>
        </extensions>
      </trkpt>
      <trkpt lat="35.6290228664875030517578125" lon="127.59568381123244762420654296875">
        <ele>1225.5999755859375</ele>
        <time>2025-12-27T03:20:01.000Z</time>
        <extensions>
          <ns3:TrackPointExtension>
            <ns3:hr>156</ns3:hr>
            <ns3:cad>63</ns3:cad>
          </ns3:TrackPointExtension>
        </extensions>
      </trkpt>
      <trkpt lat="35.62900283373892307281494140625" lon="127.59568247012794017791748046875">
        <ele>1226.199951171875</ele>
        <time>2025-12-27T03:20:05.000Z</time>
        <extensions>
          <ns3:TrackPointExtension>
            <ns3:hr>156</ns3:hr>
            <ns3:cad>65</ns3:cad>
          </ns3:TrackPointExtension>
        </extensions>
      </trkpt>
      <trkpt lat="35.62899403274059295654296875" lon="127.59567685425281524658203125">
        <ele>1226.800048828125</ele>
        <time>2025-12-27T03:20:07.000Z</time>
        <extensions>
          <ns3:TrackPointExtension>
            <ns3:hr>157</ns3:hr>
            <ns3:cad>65</ns3:cad>
          </ns3:TrackPointExtension>
        </extensions>
      </trkpt>
      <trkpt lat="35.62897701747715473175048828125" lon="127.5956750102341175079345703125">
        <ele>1227.800048828125</ele>
        <time>2025-12-27T03:20:11.000Z</time>
        <extensions>
          <ns3:TrackPointExtension>
            <ns3:hr>156</ns3:hr>
            <ns3:cad>67</ns3:cad>
          </ns3:TrackPointExtension>
        </extensions>
      </trkpt>
      <trkpt lat="35.62897617928683757781982421875" lon="127.5956733338534832000732421875">
        <ele>1228</ele>
        <time>2025-12-27T03:20:12.000Z</time>
        <extensions>
          <ns3:TrackPointExtension>
            <ns3:hr>157</ns3:hr>
            <ns3:cad>66</ns3:cad>
          </ns3:TrackPointExtension>
        </extensions>
      </trkpt>
      <trkpt lat="35.6289553083479404449462890625" lon="127.5956408120691776275634765625">
        <ele>1228.800048828125</ele>
        <time>2025-12-27T03:20:17.000Z</time>
        <extensions>
          <ns3:TrackPointExtension>
            <ns3:hr>156</ns3:hr>
            <ns3:cad>61</ns3:cad>
          </ns3:TrackPointExtension>
        </extensions>
      </trkpt>
      <trkpt lat="35.62895379960536956787109375" lon="127.59561139158904552459716796875">
        <ele>1229.199951171875</ele>
        <time>2025-12-27T03:20:20.000Z</time>
        <extensions>
          <ns3:TrackPointExtension>
            <ns3:hr>155</ns3:hr>
            <ns3:cad>61</ns3:cad>
          </ns3:TrackPointExtension>
        </extensions>
      </trkpt>
      <trkpt lat="35.62895740382373332977294921875" lon="127.5955915264785289764404296875">
        <ele>1230</ele>
        <time>2025-12-27T03:20:23.000Z</time>
        <extensions>
          <ns3:TrackPointExtension>
            <ns3:hr>155</ns3:hr>
            <ns3:cad>61</ns3:cad>
          </ns3:TrackPointExtension>
        </extensions>
      </trkpt>
      <trkpt lat="35.62895958311855792999267578125" lon="127.59557895362377166748046875">
        <ele>1231</ele>
        <time>2025-12-27T03:20:27.000Z</time>
        <extensions>
          <ns3:TrackPointExtension>
            <ns3:hr>154</ns3:hr>
            <ns3:cad>61</ns3:cad>
          </ns3:TrackPointExtension>
        </extensions>
      </trkpt>
      <trkpt lat="35.62896276824176311492919921875" lon="127.595558501780033111572265625">
        <ele>1232.199951171875</ele>
        <time>2025-12-27T03:20:33.000Z</time>
        <extensions>
          <ns3:TrackPointExtension>
            <ns3:hr>153</ns3:hr>
            <ns3:cad>61</ns3:cad>
          </ns3:TrackPointExtension>
        </extensions>
      </trkpt>
      <trkpt lat="35.6289616785943508148193359375" lon="127.5955472700297832489013671875">
        <ele>1232.800048828125</ele>
        <time>2025-12-27T03:20:36.000Z</time>
        <extensions>
          <ns3:TrackPointExtension>
            <ns3:hr>154</ns3:hr>
            <ns3:cad>60</ns3:cad>
          </ns3:TrackPointExtension>
        </extensions>
      </trkpt>
      <trkpt lat="35.62896226532757282257080078125" lon="127.5955328531563282012939453125">
        <ele>1233.199951171875</ele>
        <time>2025-12-27T03:20:38.000Z</time>
        <extensions>
          <ns3:TrackPointExtension>
            <ns3:hr>154</ns3:hr>
            <ns3:cad>59</ns3:cad>
          </ns3:TrackPointExtension>
        </extensions>
      </trkpt>
      <trkpt lat="35.62896410934627056121826171875" lon="127.59550024755299091339111328125">
        <ele>1234.4000244140625</ele>
        <time>2025-12-27T03:20:43.000Z</time>
        <extensions>
          <ns3:TrackPointExtension>
            <ns3:hr>153</ns3:hr>
            <ns3:cad>61</ns3:cad>
          </ns3:TrackPointExtension>
        </extensions>
      </trkpt>
      <trkpt lat="35.6289690546691417694091796875" lon="127.5954429991543292999267578125">
        <ele>1235.4000244140625</ele>
        <time>2025-12-27T03:20:50.000Z</time>
        <extensions>
          <ns3:TrackPointExtension>
            <ns3:hr>155</ns3:hr>
            <ns3:cad>66</ns3:cad>
          </ns3:TrackPointExtension>
        </extensions>
      </trkpt>
      <trkpt lat="35.62895639799535274505615234375" lon="127.5953608565032482147216796875">
        <ele>1236.199951171875</ele>
        <time>2025-12-27T03:20:59.000Z</time>
        <extensions>
          <ns3:TrackPointExtension>
            <ns3:hr>155</ns3:hr>
            <ns3:cad>45</ns3:cad>
          </ns3:TrackPointExtension>
        </extensions>
      </trkpt>
      <trkpt lat="35.62894751317799091339111328125" lon="127.59532548487186431884765625">
        <ele>1236.4000244140625</ele>
        <time>2025-12-27T03:21:02.000Z</time>
        <extensions>
          <ns3:TrackPointExtension>
            <ns3:hr>154</ns3:hr>
            <ns3:cad>46</ns3:cad>
          </ns3:TrackPointExtension>
        </extensions>
      </trkpt>
      <trkpt lat="35.6289665400981903076171875" lon="127.59525968693196773529052734375">
        <ele>1237.5999755859375</ele>
        <time>2025-12-27T03:21:08.000Z</time>
        <extensions>
          <ns3:TrackPointExtension>
            <ns3:hr>153</ns3:hr>
            <ns3:cad>41</ns3:cad>
          </ns3:TrackPointExtension>
        </extensions>
      </trkpt>
      <trkpt lat="35.62897148542106151580810546875" lon="127.59525239467620849609375">
        <ele>1238.4000244140625</ele>
        <time>2025-12-27T03:21:13.000Z</time>
        <extensions>
          <ns3:TrackPointExtension>
            <ns3:hr>150</ns3:hr>
            <ns3:cad>78</ns3:cad>
          </ns3:TrackPointExtension>
        </extensions>
      </trkpt>
      <trkpt lat="35.62897383235394954681396484375" lon="127.59524242021143436431884765625">
        <ele>1238.5999755859375</ele>
        <time>2025-12-27T03:21:14.000Z</time>
        <extensions>
          <ns3:TrackPointExtension>
            <ns3:hr>150</ns3:hr>
            <ns3:cad>78</ns3:cad>
          </ns3:TrackPointExtension>
        </extensions>
      </trkpt>
      <trkpt lat="35.6289732456207275390625" lon="127.595233954489231109619140625">
        <ele>1238.800048828125</ele>
        <time>2025-12-27T03:21:15.000Z</time>
        <extensions>
          <ns3:TrackPointExtension>
            <ns3:hr>151</ns3:hr>
            <ns3:cad>77</ns3:cad>
          </ns3:TrackPointExtension>
        </extensions>
      </trkpt>
      <trkpt lat="35.6289807893335819244384765625" lon="127.595184333622455596923828125">
        <ele>1239.800048828125</ele>
        <time>2025-12-27T03:21:19.000Z</time>
        <extensions>
          <ns3:TrackPointExtension>
            <ns3:hr>151</ns3:hr>
            <ns3:cad>72</ns3:cad>
          </ns3:TrackPointExtension>
        </extensions>
      </trkpt>
      <trkpt lat="35.6289871595799922943115234375" lon="127.59516748599708080291748046875">
        <ele>1240.199951171875</ele>
        <time>2025-12-27T03:21:21.000Z</time>
        <extensions>
          <ns3:TrackPointExtension>
            <ns3:hr>151</ns3:hr>
            <ns3:cad>72</ns3:cad>
          </ns3:TrackPointExtension>
        </extensions>
      </trkpt>
      <trkpt lat="35.62899461947381496429443359375" lon="127.59514845907688140869140625">
        <ele>1241</ele>
        <time>2025-12-27T03:21:25.000Z</time>
        <extensions>
          <ns3:TrackPointExtension>
            <ns3:hr>151</ns3:hr>
            <ns3:cad>0</ns3:cad>
          </ns3:TrackPointExtension>
        </extensions>
      </trkpt>
      <trkpt lat="35.629007108509540557861328125" lon="127.5951115787029266357421875">
        <ele>1241.5999755859375</ele>
        <time>2025-12-27T03:21:28.000Z</time>
        <extensions>
          <ns3:TrackPointExtension>
            <ns3:hr>151</ns3:hr>
            <ns3:cad>0</ns3:cad>
          </ns3:TrackPointExtension>
        </extensions>
      </trkpt>
      <trkpt lat="35.629015155136585235595703125" lon="127.59509137831628322601318359375">
        <ele>1242</ele>
        <time>2025-12-27T03:21:31.000Z</time>
        <extensions>
          <ns3:TrackPointExtension>
            <ns3:hr>151</ns3:hr>
            <ns3:cad>0</ns3:cad>
          </ns3:TrackPointExtension>
        </extensions>
      </trkpt>
      <trkpt lat="35.62901691533625125885009765625" lon="127.5950772128999233245849609375">
        <ele>1242.199951171875</ele>
        <time>2025-12-27T03:21:35.000Z</time>
        <extensions>
          <ns3:TrackPointExtension>
            <ns3:hr>149</ns3:hr>
            <ns3:cad>0</ns3:cad>
          </ns3:TrackPointExtension>
        </extensions>
      </trkpt>
      <trkpt lat="35.62902563251554965972900390625" lon="127.5950631313025951385498046875">
        <ele>1242.199951171875</ele>
        <time>2025-12-27T03:21:42.000Z</time>
        <extensions>
          <ns3:TrackPointExtension>
            <ns3:hr>147</ns3:hr>
            <ns3:cad>0</ns3:cad>
          </ns3:TrackPointExtension>
        </extensions>
      </trkpt>
      <trkpt lat="35.6290496885776519775390625" lon="127.595063634216785430908203125">
        <ele>1242.4000244140625</ele>
        <time>2025-12-27T03:21:45.000Z</time>
        <extensions>
          <ns3:TrackPointExtension>
            <ns3:hr>144</ns3:hr>
            <ns3:cad>0</ns3:cad>
          </ns3:TrackPointExtension>
        </extensions>
      </trkpt>
      <trkpt lat="35.62905848957598209381103515625" lon="127.59507411159574985504150390625">
        <ele>1242.4000244140625</ele>
        <time>2025-12-27T03:21:47.000Z</time>
        <extensions>
          <ns3:TrackPointExtension>
            <ns3:hr>143</ns3:hr>
            <ns3:cad>0</ns3:cad>
          </ns3:TrackPointExtension>
        </extensions>
      </trkpt>
      <trkpt lat="35.6290880776941776275634765625" lon="127.59508601389825344085693359375">
        <ele>1242.199951171875</ele>
        <time>2025-12-27T03:21:51.000Z</time>
        <extensions>
          <ns3:TrackPointExtension>
            <ns3:hr>140</ns3:hr>
            <ns3:cad>0</ns3:cad>
          </ns3:TrackPointExtension>
        </extensions>
      </trkpt>
      <trkpt lat="35.629110038280487060546875" lon="127.59508819319307804107666015625">
        <ele>1242.4000244140625</ele>
        <time>2025-12-27T03:21:53.000Z</time>
        <extensions>
          <ns3:TrackPointExtension>
            <ns3:hr>138</ns3:hr>
            <ns3:cad>0</ns3:cad>
          </ns3:TrackPointExtension>
        </extensions>
      </trkpt>
      <trkpt lat="35.6291460804641246795654296875" lon="127.59507042355835437774658203125">
        <ele>1242.199951171875</ele>
        <time>2025-12-27T03:22:00.000Z</time>
        <extensions>
          <ns3:TrackPointExtension>
            <ns3:hr>137</ns3:hr>
            <ns3:cad>44</ns3:cad>
          </ns3:TrackPointExtension>
        </extensions>
      </trkpt>
      <trkpt lat="35.62916007824242115020751953125" lon="127.5950450263917446136474609375">
        <ele>1242</ele>
        <time>2025-12-27T03:22:06.000Z</time>
        <extensions>
          <ns3:TrackPointExtension>
            <ns3:hr>134</ns3:hr>
            <ns3:cad>0</ns3:cad>
          </ns3:TrackPointExtension>
        </extensions>
      </trkpt>
      <trkpt lat="35.62915739603340625762939453125" lon="127.59504661895334720611572265625">
        <ele>1242.199951171875</ele>
        <time>2025-12-27T03:22:08.000Z</time>
        <extensions>
          <ns3:TrackPointExtension>
            <ns3:hr>131</ns3:hr>
            <ns3:cad>0</ns3:cad>
          </ns3:TrackPointExtension>
        </extensions>
      </trkpt>
      <trkpt lat="35.62915924005210399627685546875" lon="127.59505315683782100677490234375">
        <ele>1242.199951171875</ele>
        <time>2025-12-27T03:22:11.000Z</time>
        <extensions>
          <ns3:TrackPointExtension>
            <ns3:hr>128</ns3:hr>
            <ns3:cad>0</ns3:cad>
          </ns3:TrackPointExtension>
        </extensions>
      </trkpt>
      <trkpt lat="35.6291604973375797271728515625" lon="127.59505718015134334564208984375">
        <ele>1242.4000244140625</ele>
        <time>2025-12-27T03:22:13.000Z</time>
        <extensions>
          <ns3:TrackPointExtension>
            <ns3:hr>128</ns3:hr>
            <ns3:cad>0</ns3:cad>
          </ns3:TrackPointExtension>
        </extensions>
      </trkpt>
      <trkpt lat="35.62916343100368976593017578125" lon="127.59506539441645145416259765625">
        <ele>1242.199951171875</ele>
        <time>2025-12-27T03:22:24.000Z</time>
        <extensions>
          <ns3:TrackPointExtension>
            <ns3:hr>126</ns3:hr>
            <ns3:cad>0</ns3:cad>
          </ns3:TrackPointExtension>
        </extensions>
      </trkpt>
      <trkpt lat="35.62916435301303863525390625" lon="127.59506807662546634674072265625">
        <ele>1242.4000244140625</ele>
        <time>2025-12-27T03:22:28.000Z</time>
        <extensions>
          <ns3:TrackPointExtension>
            <ns3:hr>122</ns3:hr>
            <ns3:cad>0</ns3:cad>
          </ns3:TrackPointExtension>
        </extensions>
      </trkpt>
      <trkpt lat="35.62916359864175319671630859375" lon="127.59506891481578350067138671875">
        <ele>1242.4000244140625</ele>
        <time>2025-12-27T03:22:30.000Z</time>
        <extensions>
          <ns3:TrackPointExtension>
            <ns3:hr>119</ns3:hr>
            <ns3:cad>0</ns3:cad>
          </ns3:TrackPointExtension>
        </extensions>
      </trkpt>
      <trkpt lat="35.629155300557613372802734375" lon="127.59507377631962299346923828125">
        <ele>1242.199951171875</ele>
        <time>2025-12-27T03:22:36.000Z</time>
        <extensions>
          <ns3:TrackPointExtension>
            <ns3:hr>116</ns3:hr>
            <ns3:cad>0</ns3:cad>
          </ns3:TrackPointExtension>
        </extensions>
      </trkpt>
      <trkpt lat="35.629155300557613372802734375" lon="127.59507377631962299346923828125">
        <ele>1242.199951171875</ele>
        <time>2025-12-27T03:22:39.000Z</time>
        <extensions>
          <ns3:TrackPointExtension>
            <ns3:hr>115</ns3:hr>
            <ns3:cad>0</ns3:cad>
          </ns3:TrackPointExtension>
        </extensions>
      </trkpt>
      <trkpt lat="35.629155300557613372802734375" lon="127.59507377631962299346923828125">
        <ele>1242.199951171875</ele>
        <time>2025-12-27T03:22:42.000Z</time>
        <extensions>
          <ns3:TrackPointExtension>
            <ns3:hr>112</ns3:hr>
            <ns3:cad>0</ns3:cad>
          </ns3:TrackPointExtension>
        </extensions>
      </trkpt>
      <trkpt lat="35.62913862057030200958251953125" lon="127.59508450515568256378173828125">
        <ele>1242.199951171875</ele>
        <time>2025-12-27T03:22:49.000Z</time>
        <extensions>
          <ns3:TrackPointExtension>
            <ns3:hr>110</ns3:hr>
            <ns3:cad>0</ns3:cad>
          </ns3:TrackPointExtension>
        </extensions>
      </trkpt>
      <trkpt lat="35.62913778237998485565185546875" lon="127.59507142938673496246337890625">
        <ele>1241.800048828125</ele>
        <time>2025-12-27T03:22:54.000Z</time>
        <extensions>
          <ns3:TrackPointExtension>
            <ns3:hr>115</ns3:hr>
            <ns3:cad>0</ns3:cad>
          </ns3:TrackPointExtension>
        </extensions>
      </trkpt>
      <trkpt lat="35.62913778237998485565185546875" lon="127.59507142938673496246337890625">
        <ele>1241.800048828125</ele>
        <time>2025-12-27T03:22:55.000Z</time>
        <extensions>
          <ns3:TrackPointExtension>
            <ns3:hr>119</ns3:hr>
            <ns3:cad>0</ns3:cad>
          </ns3:TrackPointExtension>
        </extensions>
      </trkpt>
      <trkpt lat="35.62913778237998485565185546875" lon="127.59507142938673496246337890625">
        <ele>1241.199951171875</ele>
        <time>2025-12-27T03:22:59.000Z</time>
        <extensions>
          <ns3:TrackPointExtension>
            <ns3:hr>114</ns3:hr>
            <ns3:cad>0</ns3:cad>
          </ns3:TrackPointExtension>
        </extensions>
      </trkpt>
      <trkpt lat="35.62913778237998485565185546875" lon="127.59507142938673496246337890625">
        <ele>1241.4000244140625</ele>
        <time>2025-12-27T03:23:01.000Z</time>
        <extensions>
          <ns3:TrackPointExtension>
            <ns3:hr>111</ns3:hr>
            <ns3:cad>0</ns3:cad>
          </ns3:TrackPointExtension>
        </extensions>
      </trkpt>
      <trkpt lat="35.62916141934692859649658203125" lon="127.59507696144282817840576171875">
        <ele>1241.800048828125</ele>
        <time>2025-12-27T03:23:04.000Z</time>
        <extensions>
          <ns3:TrackPointExtension>
            <ns3:hr>108</ns3:hr>
            <ns3:cad>0</ns3:cad>
          </ns3:TrackPointExtension>
        </extensions>
      </trkpt>
      <trkpt lat="35.6291672028601169586181640625" lon="127.59507444687187671661376953125">
        <ele>1241.800048828125</ele>
        <time>2025-12-27T03:23:05.000Z</time>
        <extensions>
          <ns3:TrackPointExtension>
            <ns3:hr>105</ns3:hr>
            <ns3:cad>0</ns3:cad>
          </ns3:TrackPointExtension>
        </extensions>
      </trkpt>
      <trkpt lat="35.6291864812374114990234375" lon="127.59508232586085796356201171875">
        <ele>1241.800048828125</ele>
        <time>2025-12-27T03:23:06.000Z</time>
        <extensions>
          <ns3:TrackPointExtension>
            <ns3:hr>102</ns3:hr>
            <ns3:cad>0</ns3:cad>
          </ns3:TrackPointExtension>
        </extensions>
      </trkpt>
      <trkpt lat="35.62919385731220245361328125" lon="127.59508869610726833343505859375">
        <ele>1241.5999755859375</ele>
        <time>2025-12-27T03:23:07.000Z</time>
        <extensions>
          <ns3:TrackPointExtension>
            <ns3:hr>102</ns3:hr>
            <ns3:cad>0</ns3:cad>
          </ns3:TrackPointExtension>
        </extensions>
      </trkpt>
      <trkpt lat="35.62918002717196941375732421875" lon="127.59507830254733562469482421875">
        <ele>1241.5999755859375</ele>
        <time>2025-12-27T03:23:09.000Z</time>
        <extensions>
          <ns3:TrackPointExtension>
            <ns3:hr>102</ns3:hr>
            <ns3:cad>0</ns3:cad>
          </ns3:TrackPointExtension>
        </extensions>
      </trkpt>
      <trkpt lat="35.6291735731065273284912109375" lon="127.5950762070715427398681640625">
        <ele>1241.800048828125</ele>
        <time>2025-12-27T03:23:10.000Z</time>
        <extensions>
          <ns3:TrackPointExtension>
            <ns3:hr>102</ns3:hr>
            <ns3:cad>0</ns3:cad>
          </ns3:TrackPointExtension>
        </extensions>
      </trkpt>
      <trkpt lat="35.6291596591472625732421875" lon="127.59506422095000743865966796875">
        <ele>1241.800048828125</ele>
        <time>2025-12-27T03:23:14.000Z</time>
        <extensions>
          <ns3:TrackPointExtension>
            <ns3:hr>108</ns3:hr>
            <ns3:cad>0</ns3:cad>
          </ns3:TrackPointExtension>
        </extensions>
      </trkpt>
      <trkpt lat="35.62915898859500885009765625" lon="127.59506187401711940765380859375">
        <ele>1241.800048828125</ele>
        <time>2025-12-27T03:23:15.000Z</time>
        <extensions>
          <ns3:TrackPointExtension>
            <ns3:hr>111</ns3:hr>
            <ns3:cad>0</ns3:cad>
          </ns3:TrackPointExtension>
        </extensions>
      </trkpt>
      <trkpt lat="35.62915823422372341156005859375" lon="127.5950614549219608306884765625">
        <ele>1241.5999755859375</ele>
        <time>2025-12-27T03:23:16.000Z</time>
        <extensions>
          <ns3:TrackPointExtension>
            <ns3:hr>115</ns3:hr>
            <ns3:cad>0</ns3:cad>
          </ns3:TrackPointExtension>
        </extensions>
      </trkpt>
      <trkpt lat="35.629157312214374542236328125" lon="127.59506153874099254608154296875">
        <ele>1241.800048828125</ele>
        <time>2025-12-27T03:23:18.000Z</time>
        <extensions>
          <ns3:TrackPointExtension>
            <ns3:hr>116</ns3:hr>
            <ns3:cad>0</ns3:cad>
          </ns3:TrackPointExtension>
        </extensions>
      </trkpt>
      <trkpt lat="35.629166699945926666259765625" lon="127.59512658230960369110107421875">
        <ele>1241.800048828125</ele>
        <time>2025-12-27T03:23:26.000Z</time>
        <extensions>
          <ns3:TrackPointExtension>
            <ns3:hr>114</ns3:hr>
            <ns3:cad>0</ns3:cad>
          </ns3:TrackPointExtension>
        </extensions>
      </trkpt>
      <trkpt lat="35.62916628085076808929443359375" lon="127.59511551819741725921630859375">
        <ele>1241.5999755859375</ele>
        <time>2025-12-27T03:23:35.000Z</time>
        <extensions>
          <ns3:TrackPointExtension>
            <ns3:hr>117</ns3:hr>
            <ns3:cad>0</ns3:cad>
          </ns3:TrackPointExtension>
        </extensions>
      </trkpt>
      <trkpt lat="35.6291631795465946197509765625" lon="127.59512876160442829132080078125">
        <ele>1241.800048828125</ele>
        <time>2025-12-27T03:23:45.000Z</time>
        <extensions>
          <ns3:TrackPointExtension>
            <ns3:hr>115</ns3:hr>
            <ns3:cad>0</ns3:cad>
          </ns3:TrackPointExtension>
        </extensions>
      </trkpt>
      <trkpt lat="35.6291677057743072509765625" lon="127.59513664059340953826904296875">
        <ele>1241.4000244140625</ele>
        <time>2025-12-27T03:23:55.000Z</time>
        <extensions>
          <ns3:TrackPointExtension>
            <ns3:hr>112</ns3:hr>
            <ns3:cad>0</ns3:cad>
          </ns3:TrackPointExtension>
        </extensions>
      </trkpt>
      <trkpt lat="35.6291655264794826507568359375" lon="127.595141418278217315673828125">
        <ele>1241.4000244140625</ele>
        <time>2025-12-27T03:23:56.000Z</time>
        <extensions>
          <ns3:TrackPointExtension>
            <ns3:hr>111</ns3:hr>
            <ns3:cad>0</ns3:cad>
          </ns3:TrackPointExtension>
        </extensions>
      </trkpt>
      <trkpt lat="35.629164017736911773681640625" lon="127.59514083154499530792236328125">
        <ele>1241.5999755859375</ele>
        <time>2025-12-27T03:23:58.000Z</time>
        <extensions>
          <ns3:TrackPointExtension>
            <ns3:hr>108</ns3:hr>
            <ns3:cad>0</ns3:cad>
          </ns3:TrackPointExtension>
        </extensions>
      </trkpt>
      <trkpt lat="35.6291651912033557891845703125" lon="127.59514401666820049285888671875">
        <ele>1242</ele>
        <time>2025-12-27T03:24:01.000Z</time>
        <extensions>
          <ns3:TrackPointExtension>
            <ns3:hr>105</ns3:hr>
            <ns3:cad>0</ns3:cad>
          </ns3:TrackPointExtension>
        </extensions>
      </trkpt>
      <trkpt lat="35.629157312214374542236328125" lon="127.595078051090240478515625">
        <ele>1241.5999755859375</ele>
        <time>2025-12-27T03:24:06.000Z</time>
        <extensions>
          <ns3:TrackPointExtension>
            <ns3:hr>103</ns3:hr>
            <ns3:cad>0</ns3:cad>
          </ns3:TrackPointExtension>
        </extensions>
      </trkpt>
      <trkpt lat="35.629155635833740234375" lon="127.59508249349892139434814453125">
        <ele>1241.4000244140625</ele>
        <time>2025-12-27T03:24:13.000Z</time>
        <extensions>
          <ns3:TrackPointExtension>
            <ns3:hr>102</ns3:hr>
            <ns3:cad>0</ns3:cad>
          </ns3:TrackPointExtension>
        </extensions>
      </trkpt>
      <trkpt lat="35.62915622256696224212646484375" lon="127.59508299641311168670654296875">
        <ele>1241.5999755859375</ele>
        <time>2025-12-27T03:24:16.000Z</time>
        <extensions>
          <ns3:TrackPointExtension>
            <ns3:hr>99</ns3:hr>
            <ns3:cad>0</ns3:cad>
          </ns3:TrackPointExtension>
        </extensions>
      </trkpt>
      <trkpt lat="35.6291648559272289276123046875" lon="127.59508986957371234893798828125">
        <ele>1241.4000244140625</ele>
        <time>2025-12-27T03:24:23.000Z</time>
        <extensions>
          <ns3:TrackPointExtension>
            <ns3:hr>101</ns3:hr>
            <ns3:cad>0</ns3:cad>
          </ns3:TrackPointExtension>
        </extensions>
      </trkpt>
      <trkpt lat="35.62916301190853118896484375" lon="127.59511015377938747406005859375">
        <ele>1241.800048828125</ele>
        <time>2025-12-27T03:24:30.000Z</time>
        <extensions>
          <ns3:TrackPointExtension>
            <ns3:hr>102</ns3:hr>
            <ns3:cad>0</ns3:cad>
          </ns3:TrackPointExtension>
        </extensions>
      </trkpt>
      <trkpt lat="35.62915773130953311920166015625" lon="127.59510965086519718170166015625">
        <ele>1241.800048828125</ele>
        <time>2025-12-27T03:24:39.000Z</time>
        <extensions>
          <ns3:TrackPointExtension>
            <ns3:hr>99</ns3:hr>
            <ns3:cad>0</ns3:cad>
          </ns3:TrackPointExtension>
        </extensions>
      </trkpt>
      <trkpt lat="35.62915806658565998077392578125" lon="127.59511183016002178192138671875">
        <ele>1241.800048828125</ele>
        <time>2025-12-27T03:24:42.000Z</time>
        <extensions>
          <ns3:TrackPointExtension>
            <ns3:hr>99</ns3:hr>
            <ns3:cad>0</ns3:cad>
          </ns3:TrackPointExtension>
        </extensions>
      </trkpt>
      <trkpt lat="35.6291730701923370361328125" lon="127.59512364864349365234375">
        <ele>1241.800048828125</ele>
        <time>2025-12-27T03:24:53.000Z</time>
        <extensions>
          <ns3:TrackPointExtension>
            <ns3:hr>98</ns3:hr>
            <ns3:cad>0</ns3:cad>
          </ns3:TrackPointExtension>
        </extensions>
      </trkpt>
      <trkpt lat="35.629168711602687835693359375" lon="127.595124654471874237060546875">
        <ele>1241.800048828125</ele>
        <time>2025-12-27T03:25:03.000Z</time>
        <extensions>
          <ns3:TrackPointExtension>
            <ns3:hr>98</ns3:hr>
            <ns3:cad>0</ns3:cad>
          </ns3:TrackPointExtension>
        </extensions>
      </trkpt>
      <trkpt lat="35.6291615031659603118896484375" lon="127.5951182842254638671875">
        <ele>1242</ele>
        <time>2025-12-27T03:25:10.000Z</time>
        <extensions>
          <ns3:TrackPointExtension>
            <ns3:hr>97</ns3:hr>
            <ns3:cad>0</ns3:cad>
          </ns3:TrackPointExtension>
        </extensions>
      </trkpt>
      <trkpt lat="35.62917885370552539825439453125" lon="127.59510747157037258148193359375">
        <ele>1241.800048828125</ele>
        <time>2025-12-27T03:25:16.000Z</time>
        <extensions>
          <ns3:TrackPointExtension>
            <ns3:hr>96</ns3:hr>
            <ns3:cad>0</ns3:cad>
          </ns3:TrackPointExtension>
        </extensions>
      </trkpt>
      <trkpt lat="35.6291853077709674835205078125" lon="127.59510864503681659698486328125">
        <ele>1241.800048828125</ele>
        <time>2025-12-27T03:25:26.000Z</time>
        <extensions>
          <ns3:TrackPointExtension>
            <ns3:hr>98</ns3:hr>
            <ns3:cad>0</ns3:cad>
          </ns3:TrackPointExtension>
        </extensions>
      </trkpt>
      <trkpt lat="35.629115067422389984130859375" lon="127.5951549969613552093505859375">
        <ele>1241.4000244140625</ele>
        <time>2025-12-27T03:25:37.000Z</time>
        <extensions>
          <ns3:TrackPointExtension>
            <ns3:hr>97</ns3:hr>
            <ns3:cad>0</ns3:cad>
          </ns3:TrackPointExtension>
        </extensions>
      </trkpt>
      <trkpt lat="35.62909771688282489776611328125" lon="127.5951556675136089324951171875">
        <ele>1241.4000244140625</ele>
        <time>2025-12-27T03:25:39.000Z</time>
        <extensions>
          <ns3:TrackPointExtension>
            <ns3:hr>100</ns3:hr>
            <ns3:cad>0</ns3:cad>
          </ns3:TrackPointExtension>
        </extensions>
      </trkpt>
      <trkpt lat="35.62904675491154193878173828125" lon="127.59518274106085300445556640625">
        <ele>1241.199951171875</ele>
        <time>2025-12-27T03:25:45.000Z</time>
        <extensions>
          <ns3:TrackPointExtension>
            <ns3:hr>100</ns3:hr>
            <ns3:cad>0</ns3:cad>
          </ns3:TrackPointExtension>
        </extensions>
      </trkpt>
      <trkpt lat="35.62905128113925457000732421875" lon="127.59517603553831577301025390625">
        <ele>1241.4000244140625</ele>
        <time>2025-12-27T03:25:53.000Z</time>
        <extensions>
          <ns3:TrackPointExtension>
            <ns3:hr>101</ns3:hr>
            <ns3:cad>0</ns3:cad>
          </ns3:TrackPointExtension>
        </extensions>
      </trkpt>
      <trkpt lat="35.62905128113925457000732421875" lon="127.59517603553831577301025390625">
        <ele>1241.4000244140625</ele>
        <time>2025-12-27T03:25:56.000Z</time>
        <extensions>
          <ns3:TrackPointExtension>
            <ns3:hr>104</ns3:hr>
            <ns3:cad>0</ns3:cad>
          </ns3:TrackPointExtension>
        </extensions>
      </trkpt>
      <trkpt lat="35.62905128113925457000732421875" lon="127.59517603553831577301025390625">
        <ele>1241.4000244140625</ele>
        <time>2025-12-27T03:26:02.000Z</time>
        <extensions>
          <ns3:TrackPointExtension>
            <ns3:hr>101</ns3:hr>
            <ns3:cad>0</ns3:cad>
          </ns3:TrackPointExtension>
        </extensions>
      </trkpt>
      <trkpt lat="35.62905128113925457000732421875" lon="127.59517603553831577301025390625">
        <ele>1241.199951171875</ele>
        <time>2025-12-27T03:26:12.000Z</time>
        <extensions>
          <ns3:TrackPointExtension>
            <ns3:hr>99</ns3:hr>
            <ns3:cad>0</ns3:cad>
          </ns3:TrackPointExtension>
        </extensions>
      </trkpt>
      <trkpt lat="35.62905128113925457000732421875" lon="127.59517603553831577301025390625">
        <ele>1241</ele>
        <time>2025-12-27T03:26:15.000Z</time>
        <extensions>
          <ns3:TrackPointExtension>
            <ns3:hr>99</ns3:hr>
            <ns3:cad>0</ns3:cad>
          </ns3:TrackPointExtension>
        </extensions>
      </trkpt>
      <trkpt lat="35.62905128113925457000732421875" lon="127.59517603553831577301025390625">
        <ele>1241.4000244140625</ele>
        <time>2025-12-27T03:26:22.000Z</time>
        <extensions>
          <ns3:TrackPointExtension>
            <ns3:hr>95</ns3:hr>
            <ns3:cad>0</ns3:cad>
          </ns3:TrackPointExtension>
        </extensions>
      </trkpt>
      <trkpt lat="35.62905128113925457000732421875" lon="127.59517603553831577301025390625">
        <ele>1241.199951171875</ele>
        <time>2025-12-27T03:26:24.000Z</time>
        <extensions>
          <ns3:TrackPointExtension>
            <ns3:hr>92</ns3:hr>
            <ns3:cad>0</ns3:cad>
          </ns3:TrackPointExtension>
        </extensions>
      </trkpt>
      <trkpt lat="35.62905128113925457000732421875" lon="127.59517603553831577301025390625">
        <ele>1241.199951171875</ele>
        <time>2025-12-27T03:26:26.000Z</time>
        <extensions>
          <ns3:TrackPointExtension>
            <ns3:hr>89</ns3:hr>
            <ns3:cad>0</ns3:cad>
          </ns3:TrackPointExtension>
        </extensions>
      </trkpt>
      <trkpt lat="35.62905128113925457000732421875" lon="127.59517603553831577301025390625">
        <ele>1241.199951171875</ele>
        <time>2025-12-27T03:26:30.000Z</time>
        <extensions>
          <ns3:TrackPointExtension>
            <ns3:hr>88</ns3:hr>
            <ns3:cad>0</ns3:cad>
          </ns3:TrackPointExtension>
        </extensions>
      </trkpt>
      <trkpt lat="35.6290374509990215301513671875" lon="127.59520235471427440643310546875">
        <ele>1241</ele>
        <time>2025-12-27T03:26:38.000Z</time>
        <extensions>
          <ns3:TrackPointExtension>
            <ns3:hr>89</ns3:hr>
            <ns3:cad>0</ns3:cad>
          </ns3:TrackPointExtension>
        </extensions>
      </trkpt>
      <trkpt lat="35.6290371157228946685791015625" lon="127.59523923508822917938232421875">
        <ele>1240.5999755859375</ele>
        <time>2025-12-27T03:26:44.000Z</time>
        <extensions>
          <ns3:TrackPointExtension>
            <ns3:hr>91</ns3:hr>
            <ns3:cad>0</ns3:cad>
          </ns3:TrackPointExtension>
        </extensions>
      </trkpt>
      <trkpt lat="35.629002749919891357421875" lon="127.59525172412395477294921875">
        <ele>1239.800048828125</ele>
        <time>2025-12-27T03:26:49.000Z</time>
        <extensions>
          <ns3:TrackPointExtension>
            <ns3:hr>92</ns3:hr>
            <ns3:cad>0</ns3:cad>
          </ns3:TrackPointExtension>
        </extensions>
      </trkpt>
      <trkpt lat="35.6290052644908428192138671875" lon="127.59524635970592498779296875">
        <ele>1239.199951171875</ele>
        <time>2025-12-27T03:26:52.000Z</time>
        <extensions>
          <ns3:TrackPointExtension>
            <ns3:hr>92</ns3:hr>
            <ns3:cad>0</ns3:cad>
          </ns3:TrackPointExtension>
        </extensions>
      </trkpt>
      <trkpt lat="35.628992356359958648681640625" lon="127.595256082713603973388671875">
        <ele>1238.5999755859375</ele>
        <time>2025-12-27T03:26:58.000Z</time>
        <extensions>
          <ns3:TrackPointExtension>
            <ns3:hr>93</ns3:hr>
            <ns3:cad>0</ns3:cad>
          </ns3:TrackPointExtension>
        </extensions>
      </trkpt>
      <trkpt lat="35.62898841686546802520751953125" lon="127.59527175687253475189208984375">
        <ele>1238.199951171875</ele>
        <time>2025-12-27T03:27:01.000Z</time>
        <extensions>
          <ns3:TrackPointExtension>
            <ns3:hr>93</ns3:hr>
            <ns3:cad>0</ns3:cad>
          </ns3:TrackPointExtension>
        </extensions>
      </trkpt>
      <trkpt lat="35.628997720777988433837890625" lon="127.595323808491230010986328125">
        <ele>1237.5999755859375</ele>
        <time>2025-12-27T03:27:11.000Z</time>
        <extensions>
          <ns3:TrackPointExtension>
            <ns3:hr>92</ns3:hr>
            <ns3:cad>0</ns3:cad>
          </ns3:TrackPointExtension>
        </extensions>
      </trkpt>
      <trkpt lat="35.6289999000728130340576171875" lon="127.59533378295600414276123046875">
        <ele>1237.4000244140625</ele>
        <time>2025-12-27T03:27:12.000Z</time>
        <extensions>
          <ns3:TrackPointExtension>
            <ns3:hr>92</ns3:hr>
            <ns3:cad>0</ns3:cad>
          </ns3:TrackPointExtension>
        </extensions>
      </trkpt>
      <trkpt lat="35.62900266610085964202880859375" lon="127.59538323618471622467041015625">
        <ele>1236.5999755859375</ele>
        <time>2025-12-27T03:27:20.000Z</time>
        <extensions>
          <ns3:TrackPointExtension>
            <ns3:hr>97</ns3:hr>
            <ns3:cad>0</ns3:cad>
          </ns3:TrackPointExtension>
        </extensions>
      </trkpt>
      <trkpt lat="35.62900082208216190338134765625" lon="127.5954010896384716033935546875">
        <ele>1236.5999755859375</ele>
        <time>2025-12-27T03:27:21.000Z</time>
        <extensions>
          <ns3:TrackPointExtension>
            <ns3:hr>100</ns3:hr>
            <ns3:cad>0</ns3:cad>
          </ns3:TrackPointExtension>
        </extensions>
      </trkpt>
      <trkpt lat="35.6290022470057010650634765625" lon="127.59540402330458164215087890625">
        <ele>1236.4000244140625</ele>
        <time>2025-12-27T03:27:22.000Z</time>
        <extensions>
          <ns3:TrackPointExtension>
            <ns3:hr>101</ns3:hr>
            <ns3:cad>0</ns3:cad>
          </ns3:TrackPointExtension>
        </extensions>
      </trkpt>
      <trkpt lat="35.628999732434749603271484375" lon="127.59544551372528076171875">
        <ele>1235.5999755859375</ele>
        <time>2025-12-27T03:27:28.000Z</time>
        <extensions>
          <ns3:TrackPointExtension>
            <ns3:hr>99</ns3:hr>
            <ns3:cad>0</ns3:cad>
          </ns3:TrackPointExtension>
        </extensions>
      </trkpt>
      <trkpt lat="35.62900065444409847259521484375" lon="127.59548633359372615814208984375">
        <ele>1235.4000244140625</ele>
        <time>2025-12-27T03:27:33.000Z</time>
        <extensions>
          <ns3:TrackPointExtension>
            <ns3:hr>102</ns3:hr>
            <ns3:cad>45</ns3:cad>
          </ns3:TrackPointExtension>
        </extensions>
      </trkpt>
      <trkpt lat="35.62899730168282985687255859375" lon="127.59548733942210674285888671875">
        <ele>1235.4000244140625</ele>
        <time>2025-12-27T03:27:37.000Z</time>
        <extensions>
          <ns3:TrackPointExtension>
            <ns3:hr>102</ns3:hr>
            <ns3:cad>0</ns3:cad>
          </ns3:TrackPointExtension>
        </extensions>
      </trkpt>
      <trkpt lat="35.62899679876863956451416015625" lon="127.5954872556030750274658203125">
        <ele>1235.5999755859375</ele>
        <time>2025-12-27T03:27:41.000Z</time>
        <extensions>
          <ns3:TrackPointExtension>
            <ns3:hr>99</ns3:hr>
            <ns3:cad>0</ns3:cad>
          </ns3:TrackPointExtension>
        </extensions>
      </trkpt>
      <trkpt lat="35.62899679876863956451416015625" lon="127.5954872556030750274658203125">
        <ele>1235.5999755859375</ele>
        <time>2025-12-27T03:27:44.000Z</time>
        <extensions>
          <ns3:TrackPointExtension>
            <ns3:hr>96</ns3:hr>
            <ns3:cad>0</ns3:cad>
          </ns3:TrackPointExtension>
        </extensions>
      </trkpt>
      <trkpt lat="35.62899679876863956451416015625" lon="127.5954872556030750274658203125">
        <ele>1235.800048828125</ele>
        <time>2025-12-27T03:27:48.000Z</time>
        <extensions>
          <ns3:TrackPointExtension>
            <ns3:hr>93</ns3:hr>
            <ns3:cad>0</ns3:cad>
          </ns3:TrackPointExtension>
        </extensions>
      </trkpt>
      <trkpt lat="35.62899679876863956451416015625" lon="127.5954872556030750274658203125">
        <ele>1235.800048828125</ele>
        <time>2025-12-27T03:27:52.000Z</time>
        <extensions>
          <ns3:TrackPointExtension>
            <ns3:hr>89</ns3:hr>
            <ns3:cad>0</ns3:cad>
          </ns3:TrackPointExtension>
        </extensions>
      </trkpt>
      <trkpt lat="35.62899679876863956451416015625" lon="127.5954872556030750274658203125">
        <ele>1235.5999755859375</ele>
        <time>2025-12-27T03:28:00.000Z</time>
        <extensions>
          <ns3:TrackPointExtension>
            <ns3:hr>86</ns3:hr>
            <ns3:cad>0</ns3:cad>
          </ns3:TrackPointExtension>
        </extensions>
      </trkpt>
      <trkpt lat="35.62899679876863956451416015625" lon="127.5954872556030750274658203125">
        <ele>1235.4000244140625</ele>
        <time>2025-12-27T03:28:08.000Z</time>
        <extensions>
          <ns3:TrackPointExtension>
            <ns3:hr>86</ns3:hr>
            <ns3:cad>0</ns3:cad>
          </ns3:TrackPointExtension>
        </extensions>
      </trkpt>
      <trkpt lat="35.62901356257498264312744140625" lon="127.59552019648253917694091796875">
        <ele>1235.5999755859375</ele>
        <time>2025-12-27T03:28:22.000Z</time>
        <extensions>
          <ns3:TrackPointExtension>
            <ns3:hr>84</ns3:hr>
            <ns3:cad>0</ns3:cad>
          </ns3:TrackPointExtension>
        </extensions>
      </trkpt>
      <trkpt lat="35.62901959754526615142822265625" lon="127.5955380499362945556640625">
        <ele>1235.4000244140625</ele>
        <time>2025-12-27T03:28:24.000Z</time>
        <extensions>
          <ns3:TrackPointExtension>
            <ns3:hr>85</ns3:hr>
            <ns3:cad>0</ns3:cad>
          </ns3:TrackPointExtension>
        </extensions>
      </trkpt>
      <trkpt lat="35.629022531211376190185546875" lon="127.5955943763256072998046875">
        <ele>1234.4000244140625</ele>
        <time>2025-12-27T03:28:29.000Z</time>
        <extensions>
          <ns3:TrackPointExtension>
            <ns3:hr>84</ns3:hr>
            <ns3:cad>57</ns3:cad>
          </ns3:TrackPointExtension>
        </extensions>
      </trkpt>
      <trkpt lat="35.62901507131755352020263671875" lon="127.59561323560774326324462890625">
        <ele>1233</ele>
        <time>2025-12-27T03:28:31.000Z</time>
        <extensions>
          <ns3:TrackPointExtension>
            <ns3:hr>84</ns3:hr>
            <ns3:cad>0</ns3:cad>
          </ns3:TrackPointExtension>
        </extensions>
      </trkpt>
      <trkpt lat="35.629008114337921142578125" lon="127.595626898109912872314453125">
        <ele>1231.199951171875</ele>
        <time>2025-12-27T03:28:33.000Z</time>
        <extensions>
          <ns3:TrackPointExtension>
            <ns3:hr>84</ns3:hr>
            <ns3:cad>0</ns3:cad>
          </ns3:TrackPointExtension>
        </extensions>
      </trkpt>
      <trkpt lat="35.62899009324610233306884765625" lon="127.59564734995365142822265625">
        <ele>1229.5999755859375</ele>
        <time>2025-12-27T03:28:35.000Z</time>
        <extensions>
          <ns3:TrackPointExtension>
            <ns3:hr>85</ns3:hr>
            <ns3:cad>96</ns3:cad>
          </ns3:TrackPointExtension>
        </extensions>
      </trkpt>
      <trkpt lat="35.62899109907448291778564453125" lon="127.5956418178975582122802734375">
        <ele>1228.4000244140625</ele>
        <time>2025-12-27T03:28:37.000Z</time>
        <extensions>
          <ns3:TrackPointExtension>
            <ns3:hr>85</ns3:hr>
            <ns3:cad>96</ns3:cad>
          </ns3:TrackPointExtension>
        </extensions>
      </trkpt>
      <trkpt lat="35.6289885006844997406005859375" lon="127.59563569910824298858642578125">
        <ele>1228.199951171875</ele>
        <time>2025-12-27T03:28:43.000Z</time>
        <extensions>
          <ns3:TrackPointExtension>
            <ns3:hr>82</ns3:hr>
            <ns3:cad>0</ns3:cad>
          </ns3:TrackPointExtension>
        </extensions>
      </trkpt>
      <trkpt lat="35.62898640520870685577392578125" lon="127.59563603438436985015869140625">
        <ele>1228.199951171875</ele>
        <time>2025-12-27T03:28:50.000Z</time>
        <extensions>
          <ns3:TrackPointExtension>
            <ns3:hr>85</ns3:hr>
            <ns3:cad>0</ns3:cad>
          </ns3:TrackPointExtension>
        </extensions>
      </trkpt>
      <trkpt lat="35.62898640520870685577392578125" lon="127.59563603438436985015869140625">
        <ele>1228.199951171875</ele>
        <time>2025-12-27T03:28:51.000Z</time>
        <extensions>
          <ns3:TrackPointExtension>
            <ns3:hr>88</ns3:hr>
            <ns3:cad>0</ns3:cad>
          </ns3:TrackPointExtension>
        </extensions>
      </trkpt>
      <trkpt lat="35.62898640520870685577392578125" lon="127.59563603438436985015869140625">
        <ele>1228.199951171875</ele>
        <time>2025-12-27T03:29:04.000Z</time>
        <extensions>
          <ns3:TrackPointExtension>
            <ns3:hr>87</ns3:hr>
            <ns3:cad>0</ns3:cad>
          </ns3:TrackPointExtension>
        </extensions>
      </trkpt>
      <trkpt lat="35.62901725061237812042236328125" lon="127.59563796222209930419921875">
        <ele>1226.800048828125</ele>
        <time>2025-12-27T03:29:14.000Z</time>
        <extensions>
          <ns3:TrackPointExtension>
            <ns3:hr>88</ns3:hr>
            <ns3:cad>0</ns3:cad>
          </ns3:TrackPointExtension>
        </extensions>
      </trkpt>
      <trkpt lat="35.6290280632674694061279296875" lon="127.59564206935465335845947265625">
        <ele>1226.199951171875</ele>
        <time>2025-12-27T03:29:15.000Z</time>
        <extensions>
          <ns3:TrackPointExtension>
            <ns3:hr>88</ns3:hr>
            <ns3:cad>0</ns3:cad>
          </ns3:TrackPointExtension>
        </extensions>
      </trkpt>
      <trkpt lat="35.62903954647481441497802734375" lon="127.59564491920173168182373046875">
        <ele>1225.5999755859375</ele>
        <time>2025-12-27T03:29:16.000Z</time>
        <extensions>
          <ns3:TrackPointExtension>
            <ns3:hr>89</ns3:hr>
            <ns3:cad>85</ns3:cad>
          </ns3:TrackPointExtension>
        </extensions>
      </trkpt>
      <trkpt lat="35.6290565617382526397705078125" lon="127.59565531276166439056396484375">
        <ele>1224.4000244140625</ele>
        <time>2025-12-27T03:29:18.000Z</time>
        <extensions>
          <ns3:TrackPointExtension>
            <ns3:hr>88</ns3:hr>
            <ns3:cad>85</ns3:cad>
          </ns3:TrackPointExtension>
        </extensions>
      </trkpt>
      <trkpt lat="35.629077851772308349609375" lon="127.59566905908286571502685546875">
        <ele>1223</ele>
        <time>2025-12-27T03:29:20.000Z</time>
        <extensions>
          <ns3:TrackPointExtension>
            <ns3:hr>88</ns3:hr>
            <ns3:cad>0</ns3:cad>
          </ns3:TrackPointExtension>
        </extensions>
      </trkpt>
      <trkpt lat="35.62909268774092197418212890625" lon="127.5956820510327816009521484375">
        <ele>1222</ele>
        <time>2025-12-27T03:29:22.000Z</time>
        <extensions>
          <ns3:TrackPointExtension>
            <ns3:hr>88</ns3:hr>
            <ns3:cad>49</ns3:cad>
          </ns3:TrackPointExtension>
        </extensions>
      </trkpt>
      <trkpt lat="35.62909972853958606719970703125" lon="127.59568716399371623992919921875">
        <ele>1221.4000244140625</ele>
        <time>2025-12-27T03:29:23.000Z</time>
        <extensions>
          <ns3:TrackPointExtension>
            <ns3:hr>88</ns3:hr>
            <ns3:cad>0</ns3:cad>
          </ns3:TrackPointExtension>
        </extensions>
      </trkpt>
      <trkpt lat="35.629106350243091583251953125" lon="127.595687918365001678466796875">
        <ele>1220.800048828125</ele>
        <time>2025-12-27T03:29:24.000Z</time>
        <extensions>
          <ns3:TrackPointExtension>
            <ns3:hr>88</ns3:hr>
            <ns3:cad>0</ns3:cad>
          </ns3:TrackPointExtension>
        </extensions>
      </trkpt>
      <trkpt lat="35.62911934219300746917724609375" lon="127.5956957973539829254150390625">
        <ele>1219.800048828125</ele>
        <time>2025-12-27T03:29:26.000Z</time>
        <extensions>
          <ns3:TrackPointExtension>
            <ns3:hr>88</ns3:hr>
            <ns3:cad>83</ns3:cad>
          </ns3:TrackPointExtension>
        </extensions>
      </trkpt>
      <trkpt lat="35.62913660891354084014892578125" lon="127.59570241905748844146728515625">
        <ele>1218.5999755859375</ele>
        <time>2025-12-27T03:29:29.000Z</time>
        <extensions>
          <ns3:TrackPointExtension>
            <ns3:hr>88</ns3:hr>
            <ns3:cad>79</ns3:cad>
          </ns3:TrackPointExtension>
        </extensions>
      </trkpt>
      <trkpt lat="35.6291511096060276031494140625" lon="127.59571314789354801177978515625">
        <ele>1218.199951171875</ele>
        <time>2025-12-27T03:29:31.000Z</time>
        <extensions>
          <ns3:TrackPointExtension>
            <ns3:hr>88</ns3:hr>
            <ns3:cad>0</ns3:cad>
          </ns3:TrackPointExtension>
        </extensions>
      </trkpt>
      <trkpt lat="35.6291705556213855743408203125" lon="127.595722787082195281982421875">
        <ele>1217.4000244140625</ele>
        <time>2025-12-27T03:29:33.000Z</time>
        <extensions>
          <ns3:TrackPointExtension>
            <ns3:hr>88</ns3:hr>
            <ns3:cad>80</ns3:cad>
          </ns3:TrackPointExtension>
        </extensions>
      </trkpt>
      <trkpt lat="35.62919109128415584564208984375" lon="127.5957263074815273284912109375">
        <ele>1216</ele>
        <time>2025-12-27T03:29:35.000Z</time>
        <extensions>
          <ns3:TrackPointExtension>
            <ns3:hr>88</ns3:hr>
            <ns3:cad>0</ns3:cad>
          </ns3:TrackPointExtension>
        </extensions>
      </trkpt>
      <trkpt lat="35.62920433469116687774658203125" lon="127.595730833709239959716796875">
        <ele>1215</ele>
        <time>2025-12-27T03:29:37.000Z</time>
        <extensions>
          <ns3:TrackPointExtension>
            <ns3:hr>89</ns3:hr>
            <ns3:cad>0</ns3:cad>
          </ns3:TrackPointExtension>
        </extensions>
      </trkpt>
      <trkpt lat="35.629208944737911224365234375" lon="127.595736198127269744873046875">
        <ele>1214.5999755859375</ele>
        <time>2025-12-27T03:29:38.000Z</time>
        <extensions>
          <ns3:TrackPointExtension>
            <ns3:hr>89</ns3:hr>
            <ns3:cad>0</ns3:cad>
          </ns3:TrackPointExtension>
        </extensions>
      </trkpt>
      <trkpt lat="35.6292231939733028411865234375" lon="127.59574390947818756103515625">
        <ele>1213.800048828125</ele>
        <time>2025-12-27T03:29:40.000Z</time>
        <extensions>
          <ns3:TrackPointExtension>
            <ns3:hr>90</ns3:hr>
            <ns3:cad>0</ns3:cad>
          </ns3:TrackPointExtension>
        </extensions>
      </trkpt>
      <trkpt lat="35.6292339228093624114990234375" lon="127.5957548059523105621337890625">
        <ele>1212.5999755859375</ele>
        <time>2025-12-27T03:29:42.000Z</time>
        <extensions>
          <ns3:TrackPointExtension>
            <ns3:hr>89</ns3:hr>
            <ns3:cad>0</ns3:cad>
          </ns3:TrackPointExtension>
        </extensions>
      </trkpt>
      <trkpt lat="35.629233419895172119140625" lon="127.5957759283483028411865234375">
        <ele>1211.199951171875</ele>
        <time>2025-12-27T03:29:45.000Z</time>
        <extensions>
          <ns3:TrackPointExtension>
            <ns3:hr>89</ns3:hr>
            <ns3:cad>75</ns3:cad>
          </ns3:TrackPointExtension>
        </extensions>
      </trkpt>
      <trkpt lat="35.62925261445343494415283203125" lon="127.5958034209907054901123046875">
        <ele>1209.800048828125</ele>
        <time>2025-12-27T03:29:48.000Z</time>
        <extensions>
          <ns3:TrackPointExtension>
            <ns3:hr>88</ns3:hr>
            <ns3:cad>75</ns3:cad>
          </ns3:TrackPointExtension>
        </extensions>
      </trkpt>
      <trkpt lat="35.62927138991653919219970703125" lon="127.59580702520906925201416015625">
        <ele>1208.4000244140625</ele>
        <time>2025-12-27T03:29:50.000Z</time>
        <extensions>
          <ns3:TrackPointExtension>
            <ns3:hr>88</ns3:hr>
            <ns3:cad>75</ns3:cad>
          </ns3:TrackPointExtension>
        </extensions>
      </trkpt>
      <trkpt lat="35.62927432358264923095703125" lon="127.59580886922776699066162109375">
        <ele>1207.800048828125</ele>
        <time>2025-12-27T03:29:51.000Z</time>
        <extensions>
          <ns3:TrackPointExtension>
            <ns3:hr>88</ns3:hr>
            <ns3:cad>75</ns3:cad>
          </ns3:TrackPointExtension>
        </extensions>
      </trkpt>
      <trkpt lat="35.6292884051799774169921875" lon="127.59581138379871845245361328125">
        <ele>1207.4000244140625</ele>
        <time>2025-12-27T03:29:52.000Z</time>
        <extensions>
          <ns3:TrackPointExtension>
            <ns3:hr>88</ns3:hr>
            <ns3:cad>0</ns3:cad>
          </ns3:TrackPointExtension>
        </extensions>
      </trkpt>
      <trkpt lat="35.6293271295726299285888671875" lon="127.5958215259015560150146484375">
        <ele>1206</ele>
        <time>2025-12-27T03:29:55.000Z</time>
        <extensions>
          <ns3:TrackPointExtension>
            <ns3:hr>87</ns3:hr>
            <ns3:cad>0</ns3:cad>
          </ns3:TrackPointExtension>
        </extensions>
      </trkpt>
      <trkpt lat="35.62933542765676975250244140625" lon="127.595848850905895233154296875">
        <ele>1205.4000244140625</ele>
        <time>2025-12-27T03:29:57.000Z</time>
        <extensions>
          <ns3:TrackPointExtension>
            <ns3:hr>87</ns3:hr>
            <ns3:cad>72</ns3:cad>
          </ns3:TrackPointExtension>
        </extensions>
      </trkpt>
      <trkpt lat="35.62933945097029209136962890625" lon="127.59588246233761310577392578125">
        <ele>1205</ele>
        <time>2025-12-27T03:30:00.000Z</time>
        <extensions>
          <ns3:TrackPointExtension>
            <ns3:hr>87</ns3:hr>
            <ns3:cad>0</ns3:cad>
          </ns3:TrackPointExtension>
        </extensions>
      </trkpt>
      <trkpt lat="35.62933760695159435272216796875" lon="127.595868967473506927490234375">
        <ele>1204.199951171875</ele>
        <time>2025-12-27T03:30:03.000Z</time>
        <extensions>
          <ns3:TrackPointExtension>
            <ns3:hr>88</ns3:hr>
            <ns3:cad>62</ns3:cad>
          </ns3:TrackPointExtension>
        </extensions>
      </trkpt>
      <trkpt lat="35.629352442920207977294921875" lon="127.59588648565113544464111328125">
        <ele>1203.800048828125</ele>
        <time>2025-12-27T03:30:04.000Z</time>
        <extensions>
          <ns3:TrackPointExtension>
            <ns3:hr>89</ns3:hr>
            <ns3:cad>57</ns3:cad>
          </ns3:TrackPointExtension>
        </extensions>
      </trkpt>
      <trkpt lat="35.6293609924614429473876953125" lon="127.59592269547283649444580078125">
        <ele>1202.800048828125</ele>
        <time>2025-12-27T03:30:07.000Z</time>
        <extensions>
          <ns3:TrackPointExtension>
            <ns3:hr>89</ns3:hr>
            <ns3:cad>57</ns3:cad>
          </ns3:TrackPointExtension>
        </extensions>
      </trkpt>
      <trkpt lat="35.6293509341776371002197265625" lon="127.59594180621206760406494140625">
        <ele>1201.800048828125</ele>
        <time>2025-12-27T03:30:09.000Z</time>
        <extensions>
          <ns3:TrackPointExtension>
            <ns3:hr>89</ns3:hr>
            <ns3:cad>58</ns3:cad>
          </ns3:TrackPointExtension>
        </extensions>
      </trkpt>
      <trkpt lat="35.6293499283492565155029296875" lon="127.5959492661058902740478515625">
        <ele>1201.4000244140625</ele>
        <time>2025-12-27T03:30:10.000Z</time>
        <extensions>
          <ns3:TrackPointExtension>
            <ns3:hr>89</ns3:hr>
            <ns3:cad>58</ns3:cad>
          </ns3:TrackPointExtension>
        </extensions>
      </trkpt>
      <trkpt lat="35.629359148442745208740234375" lon="127.59594666771590709686279296875">
        <ele>1200.4000244140625</ele>
        <time>2025-12-27T03:30:12.000Z</time>
        <extensions>
          <ns3:TrackPointExtension>
            <ns3:hr>89</ns3:hr>
            <ns3:cad>58</ns3:cad>
          </ns3:TrackPointExtension>
        </extensions>
      </trkpt>
      <trkpt lat="35.62937214039266109466552734375" lon="127.5959660299122333526611328125">
        <ele>1199.4000244140625</ele>
        <time>2025-12-27T03:30:14.000Z</time>
        <extensions>
          <ns3:TrackPointExtension>
            <ns3:hr>89</ns3:hr>
            <ns3:cad>58</ns3:cad>
          </ns3:TrackPointExtension>
        </extensions>
      </trkpt>
      <trkpt lat="35.62940181232988834381103515625" lon="127.59603266604244709014892578125">
        <ele>1198.199951171875</ele>
        <time>2025-12-27T03:30:19.000Z</time>
        <extensions>
          <ns3:TrackPointExtension>
            <ns3:hr>90</ns3:hr>
            <ns3:cad>62</ns3:cad>
          </ns3:TrackPointExtension>
        </extensions>
      </trkpt>
      <trkpt lat="35.62940080650150775909423828125" lon="127.59606451727449893951416015625">
        <ele>1197</ele>
        <time>2025-12-27T03:30:21.000Z</time>
        <extensions>
          <ns3:TrackPointExtension>
            <ns3:hr>89</ns3:hr>
            <ns3:cad>58</ns3:cad>
          </ns3:TrackPointExtension>
        </extensions>
      </trkpt>
      <trkpt lat="35.62941991724073886871337890625" lon="127.59609737433493137359619140625">
        <ele>1196</ele>
        <time>2025-12-27T03:30:23.000Z</time>
        <extensions>
          <ns3:TrackPointExtension>
            <ns3:hr>89</ns3:hr>
            <ns3:cad>58</ns3:cad>
          </ns3:TrackPointExtension>
        </extensions>
      </trkpt>
      <trkpt lat="35.6294233538210391998291015625" lon="127.596161998808383941650390625">
        <ele>1194.199951171875</ele>
        <time>2025-12-27T03:30:26.000Z</time>
        <extensions>
          <ns3:TrackPointExtension>
            <ns3:hr>91</ns3:hr>
            <ns3:cad>58</ns3:cad>
          </ns3:TrackPointExtension>
        </extensions>
      </trkpt>
      <trkpt lat="35.62942050397396087646484375" lon="127.5961799360811710357666015625">
        <ele>1193.5999755859375</ele>
        <time>2025-12-27T03:30:27.000Z</time>
        <extensions>
          <ns3:TrackPointExtension>
            <ns3:hr>92</ns3:hr>
            <ns3:cad>58</ns3:cad>
          </ns3:TrackPointExtension>
        </extensions>
      </trkpt>
      <trkpt lat="35.629425533115863800048828125" lon="127.59620550088584423065185546875">
        <ele>1193</ele>
        <time>2025-12-27T03:30:28.000Z</time>
        <extensions>
          <ns3:TrackPointExtension>
            <ns3:hr>93</ns3:hr>
            <ns3:cad>58</ns3:cad>
          </ns3:TrackPointExtension>
        </extensions>
      </trkpt>
      <trkpt lat="35.62945176847279071807861328125" lon="127.59627708233892917633056640625">
        <ele>1192</ele>
        <time>2025-12-27T03:30:31.000Z</time>
        <extensions>
          <ns3:TrackPointExtension>
            <ns3:hr>96</ns3:hr>
            <ns3:cad>83</ns3:cad>
          </ns3:TrackPointExtension>
        </extensions>
      </trkpt>
      <trkpt lat="35.629463084042072296142578125" lon="127.59629149921238422393798828125">
        <ele>1191.5999755859375</ele>
        <time>2025-12-27T03:30:32.000Z</time>
        <extensions>
          <ns3:TrackPointExtension>
            <ns3:hr>97</ns3:hr>
            <ns3:cad>83</ns3:cad>
          </ns3:TrackPointExtension>
        </extensions>
      </trkpt>
      <trkpt lat="35.629508011043071746826171875" lon="127.5963660143315792083740234375">
        <ele>1191.199951171875</ele>
        <time>2025-12-27T03:30:36.000Z</time>
        <extensions>
          <ns3:TrackPointExtension>
            <ns3:hr>100</ns3:hr>
            <ns3:cad>83</ns3:cad>
          </ns3:TrackPointExtension>
        </extensions>
      </trkpt>
      <trkpt lat="35.6295252777636051177978515625" lon="127.59641169570386409759521484375">
        <ele>1190.5999755859375</ele>
        <time>2025-12-27T03:30:38.000Z</time>
        <extensions>
          <ns3:TrackPointExtension>
            <ns3:hr>101</ns3:hr>
            <ns3:cad>86</ns3:cad>
          </ns3:TrackPointExtension>
        </extensions>
      </trkpt>
      <trkpt lat="35.6295333243906497955322265625" lon="127.59643600322306156158447265625">
        <ele>1190</ele>
        <time>2025-12-27T03:30:39.000Z</time>
        <extensions>
          <ns3:TrackPointExtension>
            <ns3:hr>102</ns3:hr>
            <ns3:cad>82</ns3:cad>
          </ns3:TrackPointExtension>
        </extensions>
      </trkpt>
      <trkpt lat="35.62954329885542392730712890625" lon="127.5964629091322422027587890625">
        <ele>1189.4000244140625</ele>
        <time>2025-12-27T03:30:40.000Z</time>
        <extensions>
          <ns3:TrackPointExtension>
            <ns3:hr>103</ns3:hr>
            <ns3:cad>82</ns3:cad>
          </ns3:TrackPointExtension>
        </extensions>
      </trkpt>
      <trkpt lat="35.62956291250884532928466796875" lon="127.59655234403908252716064453125">
        <ele>1188</ele>
        <time>2025-12-27T03:30:43.000Z</time>
        <extensions>
          <ns3:TrackPointExtension>
            <ns3:hr>105</ns3:hr>
            <ns3:cad>87</ns3:cad>
          </ns3:TrackPointExtension>
        </extensions>
      </trkpt>
      <trkpt lat="35.6295849569141864776611328125" lon="127.59664152748882770538330078125">
        <ele>1186.800048828125</ele>
        <time>2025-12-27T03:30:47.000Z</time>
        <extensions>
          <ns3:TrackPointExtension>
            <ns3:hr>108</ns3:hr>
            <ns3:cad>88</ns3:cad>
          </ns3:TrackPointExtension>
        </extensions>
      </trkpt>
      <trkpt lat="35.62960817478597164154052734375" lon="127.59667857550084590911865234375">
        <ele>1185.4000244140625</ele>
        <time>2025-12-27T03:30:49.000Z</time>
        <extensions>
          <ns3:TrackPointExtension>
            <ns3:hr>109</ns3:hr>
            <ns3:cad>88</ns3:cad>
          </ns3:TrackPointExtension>
        </extensions>
      </trkpt>
      <trkpt lat="35.62963667325675487518310546875" lon="127.59671352803707122802734375">
        <ele>1183.5999755859375</ele>
        <time>2025-12-27T03:30:51.000Z</time>
        <extensions>
          <ns3:TrackPointExtension>
            <ns3:hr>110</ns3:hr>
            <ns3:cad>86</ns3:cad>
          </ns3:TrackPointExtension>
        </extensions>
      </trkpt>
      <trkpt lat="35.62966248951852321624755859375" lon="127.5967673398554325103759765625">
        <ele>1182.4000244140625</ele>
        <time>2025-12-27T03:30:53.000Z</time>
        <extensions>
          <ns3:TrackPointExtension>
            <ns3:hr>111</ns3:hr>
            <ns3:cad>93</ns3:cad>
          </ns3:TrackPointExtension>
        </extensions>
      </trkpt>
      <trkpt lat="35.62967824749648571014404296875" lon="127.596800364553928375244140625">
        <ele>1181.800048828125</ele>
        <time>2025-12-27T03:30:54.000Z</time>
        <extensions>
          <ns3:TrackPointExtension>
            <ns3:hr>112</ns3:hr>
            <ns3:cad>93</ns3:cad>
          </ns3:TrackPointExtension>
        </extensions>
      </trkpt>
      <trkpt lat="35.6296969391405582427978515625" lon="127.59683917276561260223388671875">
        <ele>1181.199951171875</ele>
        <time>2025-12-27T03:30:55.000Z</time>
        <extensions>
          <ns3:TrackPointExtension>
            <ns3:hr>113</ns3:hr>
            <ns3:cad>93</ns3:cad>
          </ns3:TrackPointExtension>
        </extensions>
      </trkpt>
      <trkpt lat="35.62973356805741786956787109375" lon="127.596968002617359161376953125">
        <ele>1180.199951171875</ele>
        <time>2025-12-27T03:30:59.000Z</time>
        <extensions>
          <ns3:TrackPointExtension>
            <ns3:hr>115</ns3:hr>
            <ns3:cad>93</ns3:cad>
          </ns3:TrackPointExtension>
        </extensions>
      </trkpt>
      <trkpt lat="35.62980263493955135345458984375" lon="127.5970586948096752166748046875">
        <ele>1180</ele>
        <time>2025-12-27T03:31:03.000Z</time>
        <extensions>
          <ns3:TrackPointExtension>
            <ns3:hr>114</ns3:hr>
            <ns3:cad>82</ns3:cad>
          </ns3:TrackPointExtension>
        </extensions>
      </trkpt>
      <trkpt lat="35.62981545925140380859375" lon="127.59708576835691928863525390625">
        <ele>1179.5999755859375</ele>
        <time>2025-12-27T03:31:04.000Z</time>
        <extensions>
          <ns3:TrackPointExtension>
            <ns3:hr>115</ns3:hr>
            <ns3:cad>82</ns3:cad>
          </ns3:TrackPointExtension>
        </extensions>
      </trkpt>
      <trkpt lat="35.629846639931201934814453125" lon="127.59711158461868762969970703125">
        <ele>1178.4000244140625</ele>
        <time>2025-12-27T03:31:06.000Z</time>
        <extensions>
          <ns3:TrackPointExtension>
            <ns3:hr>116</ns3:hr>
            <ns3:cad>82</ns3:cad>
          </ns3:TrackPointExtension>
        </extensions>
      </trkpt>
      <trkpt lat="35.62987371347844600677490234375" lon="127.5971307791769504547119140625">
        <ele>1177.199951171875</ele>
        <time>2025-12-27T03:31:08.000Z</time>
        <extensions>
          <ns3:TrackPointExtension>
            <ns3:hr>116</ns3:hr>
            <ns3:cad>87</ns3:cad>
          </ns3:TrackPointExtension>
        </extensions>
      </trkpt>
      <trkpt lat="35.62989785335958003997802734375" lon="127.59716807864606380462646484375">
        <ele>1176</ele>
        <time>2025-12-27T03:31:10.000Z</time>
        <extensions>
          <ns3:TrackPointExtension>
            <ns3:hr>115</ns3:hr>
            <ns3:cad>87</ns3:cad>
          </ns3:TrackPointExtension>
        </extensions>
      </trkpt>
      <trkpt lat="35.629918389022350311279296875" lon="127.59724871255457401275634765625">
        <ele>1175</ele>
        <time>2025-12-27T03:31:14.000Z</time>
        <extensions>
          <ns3:TrackPointExtension>
            <ns3:hr>116</ns3:hr>
            <ns3:cad>87</ns3:cad>
          </ns3:TrackPointExtension>
        </extensions>
      </trkpt>
      <trkpt lat="35.62992400489747524261474609375" lon="127.5972608663141727447509765625">
        <ele>1174.4000244140625</ele>
        <time>2025-12-27T03:31:15.000Z</time>
        <extensions>
          <ns3:TrackPointExtension>
            <ns3:hr>116</ns3:hr>
            <ns3:cad>87</ns3:cad>
          </ns3:TrackPointExtension>
        </extensions>
      </trkpt>
      <trkpt lat="35.6299259327352046966552734375" lon="127.59726966731250286102294921875">
        <ele>1173.800048828125</ele>
        <time>2025-12-27T03:31:16.000Z</time>
        <extensions>
          <ns3:TrackPointExtension>
            <ns3:hr>117</ns3:hr>
            <ns3:cad>87</ns3:cad>
          </ns3:TrackPointExtension>
        </extensions>
      </trkpt>
      <trkpt lat="35.62992283143103122711181640625" lon="127.597296573221683502197265625">
        <ele>1172.199951171875</ele>
        <time>2025-12-27T03:31:18.000Z</time>
        <extensions>
          <ns3:TrackPointExtension>
            <ns3:hr>116</ns3:hr>
            <ns3:cad>87</ns3:cad>
          </ns3:TrackPointExtension>
        </extensions>
      </trkpt>
      <trkpt lat="35.62992618419229984283447265625" lon="127.59731702506542205810546875">
        <ele>1171</ele>
        <time>2025-12-27T03:31:20.000Z</time>
        <extensions>
          <ns3:TrackPointExtension>
            <ns3:hr>115</ns3:hr>
            <ns3:cad>87</ns3:cad>
          </ns3:TrackPointExtension>
        </extensions>
      </trkpt>
      <trkpt lat="35.6299266032874584197998046875" lon="127.59732834063470363616943359375">
        <ele>1170.4000244140625</ele>
        <time>2025-12-27T03:31:21.000Z</time>
        <extensions>
          <ns3:TrackPointExtension>
            <ns3:hr>115</ns3:hr>
            <ns3:cad>66</ns3:cad>
          </ns3:TrackPointExtension>
        </extensions>
      </trkpt>
      <trkpt lat="35.62992484308779239654541015625" lon="127.59733990766108036041259765625">
        <ele>1169.800048828125</ele>
        <time>2025-12-27T03:31:22.000Z</time>
        <extensions>
          <ns3:TrackPointExtension>
            <ns3:hr>114</ns3:hr>
            <ns3:cad>66</ns3:cad>
          </ns3:TrackPointExtension>
        </extensions>
      </trkpt>
      <trkpt lat="35.62992819584906101226806640625" lon="127.59738684631884098052978515625">
        <ele>1168.4000244140625</ele>
        <time>2025-12-27T03:31:24.000Z</time>
        <extensions>
          <ns3:TrackPointExtension>
            <ns3:hr>114</ns3:hr>
            <ns3:cad>0</ns3:cad>
          </ns3:TrackPointExtension>
        </extensions>
      </trkpt>
      <trkpt lat="35.62993154861032962799072265625" lon="127.59740930981934070587158203125">
        <ele>1167</ele>
        <time>2025-12-27T03:31:26.000Z</time>
        <extensions>
          <ns3:TrackPointExtension>
            <ns3:hr>113</ns3:hr>
            <ns3:cad>0</ns3:cad>
          </ns3:TrackPointExtension>
        </extensions>
      </trkpt>
      <trkpt lat="35.6299390085041522979736328125" lon="127.59742992930114269256591796875">
        <ele>1165.800048828125</ele>
        <time>2025-12-27T03:31:28.000Z</time>
        <extensions>
          <ns3:TrackPointExtension>
            <ns3:hr>113</ns3:hr>
            <ns3:cad>0</ns3:cad>
          </ns3:TrackPointExtension>
        </extensions>
      </trkpt>
      <trkpt lat="35.62994646839797496795654296875" lon="127.5974583439528942108154296875">
        <ele>1164.800048828125</ele>
        <time>2025-12-27T03:31:30.000Z</time>
        <extensions>
          <ns3:TrackPointExtension>
            <ns3:hr>113</ns3:hr>
            <ns3:cad>0</ns3:cad>
          </ns3:TrackPointExtension>
        </extensions>
      </trkpt>
      <trkpt lat="35.629952587187290191650390625" lon="127.59748659096658229827880859375">
        <ele>1163.4000244140625</ele>
        <time>2025-12-27T03:31:32.000Z</time>
        <extensions>
          <ns3:TrackPointExtension>
            <ns3:hr>114</ns3:hr>
            <ns3:cad>0</ns3:cad>
          </ns3:TrackPointExtension>
        </extensions>
      </trkpt>
      <trkpt lat="35.629950575530529022216796875" lon="127.5974962301552295684814453125">
        <ele>1162.800048828125</ele>
        <time>2025-12-27T03:31:33.000Z</time>
        <extensions>
          <ns3:TrackPointExtension>
            <ns3:hr>115</ns3:hr>
            <ns3:cad>0</ns3:cad>
          </ns3:TrackPointExtension>
        </extensions>
      </trkpt>
      <trkpt lat="35.629949904978275299072265625" lon="127.597507126629352569580078125">
        <ele>1162</ele>
        <time>2025-12-27T03:31:34.000Z</time>
        <extensions>
          <ns3:TrackPointExtension>
            <ns3:hr>116</ns3:hr>
            <ns3:cad>0</ns3:cad>
          </ns3:TrackPointExtension>
        </extensions>
      </trkpt>
      <trkpt lat="35.6299483962357044219970703125" lon="127.5975428335368633270263671875">
        <ele>1160.5999755859375</ele>
        <time>2025-12-27T03:31:36.000Z</time>
        <extensions>
          <ns3:TrackPointExtension>
            <ns3:hr>115</ns3:hr>
            <ns3:cad>0</ns3:cad>
          </ns3:TrackPointExtension>
        </extensions>
      </trkpt>
      <trkpt lat="35.629945881664752960205078125" lon="127.59756915271282196044921875">
        <ele>1159.5999755859375</ele>
        <time>2025-12-27T03:31:38.000Z</time>
        <extensions>
          <ns3:TrackPointExtension>
            <ns3:hr>113</ns3:hr>
            <ns3:cad>0</ns3:cad>
          </ns3:TrackPointExtension>
        </extensions>
      </trkpt>
      <trkpt lat="35.629950575530529022216796875" lon="127.59757585823535919189453125">
        <ele>1159</ele>
        <time>2025-12-27T03:31:39.000Z</time>
        <extensions>
          <ns3:TrackPointExtension>
            <ns3:hr>113</ns3:hr>
            <ns3:cad>0</ns3:cad>
          </ns3:TrackPointExtension>
        </extensions>
      </trkpt>
      <trkpt lat="35.62994412146508693695068359375" lon="127.59759035892784595489501953125">
        <ele>1158.4000244140625</ele>
        <time>2025-12-27T03:31:40.000Z</time>
        <extensions>
          <ns3:TrackPointExtension>
            <ns3:hr>112</ns3:hr>
            <ns3:cad>0</ns3:cad>
          </ns3:TrackPointExtension>
        </extensions>
      </trkpt>
      <trkpt lat="35.62993490137159824371337890625" lon="127.59761651046574115753173828125">
        <ele>1157.199951171875</ele>
        <time>2025-12-27T03:31:42.000Z</time>
        <extensions>
          <ns3:TrackPointExtension>
            <ns3:hr>110</ns3:hr>
            <ns3:cad>0</ns3:cad>
          </ns3:TrackPointExtension>
        </extensions>
      </trkpt>
      <trkpt lat="35.62992199324071407318115234375" lon="127.59766898117959499359130859375">
        <ele>1156.199951171875</ele>
        <time>2025-12-27T03:31:44.000Z</time>
        <extensions>
          <ns3:TrackPointExtension>
            <ns3:hr>109</ns3:hr>
            <ns3:cad>0</ns3:cad>
          </ns3:TrackPointExtension>
        </extensions>
      </trkpt>
      <trkpt lat="35.629918389022350311279296875" lon="127.5977017544209957122802734375">
        <ele>1155.4000244140625</ele>
        <time>2025-12-27T03:31:45.000Z</time>
        <extensions>
          <ns3:TrackPointExtension>
            <ns3:hr>108</ns3:hr>
            <ns3:cad>0</ns3:cad>
          </ns3:TrackPointExtension>
        </extensions>
      </trkpt>
      <trkpt lat="35.62990866601467132568359375" lon="127.5978636927902698516845703125">
        <ele>1155.199951171875</ele>
        <time>2025-12-27T03:31:50.000Z</time>
        <extensions>
          <ns3:TrackPointExtension>
            <ns3:hr>109</ns3:hr>
            <ns3:cad>77</ns3:cad>
          </ns3:TrackPointExtension>
        </extensions>
      </trkpt>
      <trkpt lat="35.62992786057293415069580078125" lon="127.597942650318145751953125">
        <ele>1156.5999755859375</ele>
        <time>2025-12-27T03:31:54.000Z</time>
        <extensions>
          <ns3:TrackPointExtension>
            <ns3:hr>110</ns3:hr>
            <ns3:cad>74</ns3:cad>
          </ns3:TrackPointExtension>
        </extensions>
      </trkpt>
      <trkpt lat="35.629951246082782745361328125" lon="127.59793938137590885162353515625">
        <ele>1156.800048828125</ele>
        <time>2025-12-27T03:31:55.000Z</time>
        <extensions>
          <ns3:TrackPointExtension>
            <ns3:hr>110</ns3:hr>
            <ns3:cad>73</ns3:cad>
          </ns3:TrackPointExtension>
        </extensions>
      </trkpt>
      <trkpt lat="35.6300271861255168914794921875" lon="127.59793032892048358917236328125">
        <ele>1156</ele>
        <time>2025-12-27T03:32:01.000Z</time>
        <extensions>
          <ns3:TrackPointExtension>
            <ns3:hr>112</ns3:hr>
            <ns3:cad>73</ns3:cad>
          </ns3:TrackPointExtension>
        </extensions>
      </trkpt>
      <trkpt lat="35.6300362385809421539306640625" lon="127.59792563505470752716064453125">
        <ele>1155.4000244140625</ele>
        <time>2025-12-27T03:32:02.000Z</time>
        <extensions>
          <ns3:TrackPointExtension>
            <ns3:hr>112</ns3:hr>
            <ns3:cad>73</ns3:cad>
          </ns3:TrackPointExtension>
        </extensions>
      </trkpt>
      <trkpt lat="35.6300580315291881561279296875" lon="127.59793116711080074310302734375">
        <ele>1154.4000244140625</ele>
        <time>2025-12-27T03:32:04.000Z</time>
        <extensions>
          <ns3:TrackPointExtension>
            <ns3:hr>112</ns3:hr>
            <ns3:cad>73</ns3:cad>
          </ns3:TrackPointExtension>
        </extensions>
      </trkpt>
      <trkpt lat="35.6300838477909564971923828125" lon="127.5979491882026195526123046875">
        <ele>1153.4000244140625</ele>
        <time>2025-12-27T03:32:06.000Z</time>
        <extensions>
          <ns3:TrackPointExtension>
            <ns3:hr>111</ns3:hr>
            <ns3:cad>73</ns3:cad>
          </ns3:TrackPointExtension>
        </extensions>
      </trkpt>
      <trkpt lat="35.630094073712825775146484375" lon="127.59795379824936389923095703125">
        <ele>1152.800048828125</ele>
        <time>2025-12-27T03:32:07.000Z</time>
        <extensions>
          <ns3:TrackPointExtension>
            <ns3:hr>111</ns3:hr>
            <ns3:cad>73</ns3:cad>
          </ns3:TrackPointExtension>
        </extensions>
      </trkpt>
      <trkpt lat="35.63011041842401027679443359375" lon="127.59796201251447200775146484375">
        <ele>1152.199951171875</ele>
        <time>2025-12-27T03:32:08.000Z</time>
        <extensions>
          <ns3:TrackPointExtension>
            <ns3:hr>110</ns3:hr>
            <ns3:cad>73</ns3:cad>
          </ns3:TrackPointExtension>
        </extensions>
      </trkpt>
      <trkpt lat="35.63013606704771518707275390625" lon="127.597952373325824737548828125">
        <ele>1150.5999755859375</ele>
        <time>2025-12-27T03:32:10.000Z</time>
        <extensions>
          <ns3:TrackPointExtension>
            <ns3:hr>112</ns3:hr>
            <ns3:cad>0</ns3:cad>
          </ns3:TrackPointExtension>
        </extensions>
      </trkpt>
      <trkpt lat="35.63017311505973339080810546875" lon="127.597956396639347076416015625">
        <ele>1149.199951171875</ele>
        <time>2025-12-27T03:32:12.000Z</time>
        <extensions>
          <ns3:TrackPointExtension>
            <ns3:hr>113</ns3:hr>
            <ns3:cad>0</ns3:cad>
          </ns3:TrackPointExtension>
        </extensions>
      </trkpt>
      <trkpt lat="35.63018401153385639190673828125" lon="127.59796922095119953155517578125">
        <ele>1148.5999755859375</ele>
        <time>2025-12-27T03:32:13.000Z</time>
        <extensions>
          <ns3:TrackPointExtension>
            <ns3:hr>113</ns3:hr>
            <ns3:cad>0</ns3:cad>
          </ns3:TrackPointExtension>
        </extensions>
      </trkpt>
      <trkpt lat="35.63018669374287128448486328125" lon="127.5979877449572086334228515625">
        <ele>1148.199951171875</ele>
        <time>2025-12-27T03:32:14.000Z</time>
        <extensions>
          <ns3:TrackPointExtension>
            <ns3:hr>114</ns3:hr>
            <ns3:cad>0</ns3:cad>
          </ns3:TrackPointExtension>
        </extensions>
      </trkpt>
      <trkpt lat="35.6302270106971263885498046875" lon="127.598035521805286407470703125">
        <ele>1147.4000244140625</ele>
        <time>2025-12-27T03:32:16.000Z</time>
        <extensions>
          <ns3:TrackPointExtension>
            <ns3:hr>115</ns3:hr>
            <ns3:cad>81</ns3:cad>
          </ns3:TrackPointExtension>
        </extensions>
      </trkpt>
      <trkpt lat="35.6302441097795963287353515625" lon="127.59805731475353240966796875">
        <ele>1147</ele>
        <time>2025-12-27T03:32:17.000Z</time>
        <extensions>
          <ns3:TrackPointExtension>
            <ns3:hr>115</ns3:hr>
            <ns3:cad>81</ns3:cad>
          </ns3:TrackPointExtension>
        </extensions>
      </trkpt>
      <trkpt lat="35.6303049623966217041015625" lon="127.5981558859348297119140625">
        <ele>1145.800048828125</ele>
        <time>2025-12-27T03:32:21.000Z</time>
        <extensions>
          <ns3:TrackPointExtension>
            <ns3:hr>117</ns3:hr>
            <ns3:cad>83</ns3:cad>
          </ns3:TrackPointExtension>
        </extensions>
      </trkpt>
      <trkpt lat="35.6303269229829311370849609375" lon="127.5982041656970977783203125">
        <ele>1145.199951171875</ele>
        <time>2025-12-27T03:32:23.000Z</time>
        <extensions>
          <ns3:TrackPointExtension>
            <ns3:hr>117</ns3:hr>
            <ns3:cad>82</ns3:cad>
          </ns3:TrackPointExtension>
        </extensions>
      </trkpt>
      <trkpt lat="35.630338825285434722900390625" lon="127.598235346376895904541015625">
        <ele>1144.800048828125</ele>
        <time>2025-12-27T03:32:24.000Z</time>
        <extensions>
          <ns3:TrackPointExtension>
            <ns3:hr>117</ns3:hr>
            <ns3:cad>82</ns3:cad>
          </ns3:TrackPointExtension>
        </extensions>
      </trkpt>
      <trkpt lat="35.6303852610290050506591796875" lon="127.5982901640236377716064453125">
        <ele>1143.5999755859375</ele>
        <time>2025-12-27T03:32:27.000Z</time>
        <extensions>
          <ns3:TrackPointExtension>
            <ns3:hr>118</ns3:hr>
            <ns3:cad>82</ns3:cad>
          </ns3:TrackPointExtension>
        </extensions>
      </trkpt>
      <trkpt lat="35.63041619025170803070068359375" lon="127.5983357615768909454345703125">
        <ele>1142.800048828125</ele>
        <time>2025-12-27T03:32:29.000Z</time>
        <extensions>
          <ns3:TrackPointExtension>
            <ns3:hr>119</ns3:hr>
            <ns3:cad>82</ns3:cad>
          </ns3:TrackPointExtension>
        </extensions>
      </trkpt>
      <trkpt lat="35.63043613918125629425048828125" lon="127.59835931472480297088623046875">
        <ele>1142.199951171875</ele>
        <time>2025-12-27T03:32:30.000Z</time>
        <extensions>
          <ns3:TrackPointExtension>
            <ns3:hr>119</ns3:hr>
            <ns3:cad>82</ns3:cad>
          </ns3:TrackPointExtension>
        </extensions>
      </trkpt>
      <trkpt lat="35.63046849332749843597412109375" lon="127.59839418344199657440185546875">
        <ele>1141.199951171875</ele>
        <time>2025-12-27T03:32:32.000Z</time>
        <extensions>
          <ns3:TrackPointExtension>
            <ns3:hr>120</ns3:hr>
            <ns3:cad>43</ns3:cad>
          </ns3:TrackPointExtension>
        </extensions>
      </trkpt>
      <trkpt lat="35.630525909364223480224609375" lon="127.598443888127803802490234375">
        <ele>1140.5999755859375</ele>
        <time>2025-12-27T03:32:35.000Z</time>
        <extensions>
          <ns3:TrackPointExtension>
            <ns3:hr>121</ns3:hr>
            <ns3:cad>85</ns3:cad>
          </ns3:TrackPointExtension>
        </extensions>
      </trkpt>
      <trkpt lat="35.63057142309844493865966796875" lon="127.5985104404389858245849609375">
        <ele>1142.199951171875</ele>
        <time>2025-12-27T03:32:39.000Z</time>
        <extensions>
          <ns3:TrackPointExtension>
            <ns3:hr>122</ns3:hr>
            <ns3:cad>81</ns3:cad>
          </ns3:TrackPointExtension>
        </extensions>
      </trkpt>
      <trkpt lat="35.6305837444961071014404296875" lon="127.5985359214246273040771484375">
        <ele>1142.800048828125</ele>
        <time>2025-12-27T03:32:41.000Z</time>
        <extensions>
          <ns3:TrackPointExtension>
            <ns3:hr>123</ns3:hr>
            <ns3:cad>81</ns3:cad>
          </ns3:TrackPointExtension>
        </extensions>
      </trkpt>
      <trkpt lat="35.6305911205708980560302734375" lon="127.59855561889708042144775390625">
        <ele>1143.4000244140625</ele>
        <time>2025-12-27T03:32:43.000Z</time>
        <extensions>
          <ns3:TrackPointExtension>
            <ns3:hr>123</ns3:hr>
            <ns3:cad>81</ns3:cad>
          </ns3:TrackPointExtension>
        </extensions>
      </trkpt>
      <trkpt lat="35.63060008920729160308837890625" lon="127.598581016063690185546875">
        <ele>1144.800048828125</ele>
        <time>2025-12-27T03:32:47.000Z</time>
        <extensions>
          <ns3:TrackPointExtension>
            <ns3:hr>123</ns3:hr>
            <ns3:cad>47</ns3:cad>
          </ns3:TrackPointExtension>
        </extensions>
      </trkpt>
      <trkpt lat="35.63060260377824306488037109375" lon="127.59859099052846431732177734375">
        <ele>1145</ele>
        <time>2025-12-27T03:32:48.000Z</time>
        <extensions>
          <ns3:TrackPointExtension>
            <ns3:hr>123</ns3:hr>
            <ns3:cad>76</ns3:cad>
          </ns3:TrackPointExtension>
        </extensions>
      </trkpt>
      <trkpt lat="35.63061467371881008148193359375" lon="127.59859669022262096405029296875">
        <ele>1145.5999755859375</ele>
        <time>2025-12-27T03:32:50.000Z</time>
        <extensions>
          <ns3:TrackPointExtension>
            <ns3:hr>122</ns3:hr>
            <ns3:cad>45</ns3:cad>
          </ns3:TrackPointExtension>
        </extensions>
      </trkpt>
      <trkpt lat="35.63061718828976154327392578125" lon="127.5985999591648578643798828125">
        <ele>1146</ele>
        <time>2025-12-27T03:32:51.000Z</time>
        <extensions>
          <ns3:TrackPointExtension>
            <ns3:hr>122</ns3:hr>
            <ns3:cad>45</ns3:cad>
          </ns3:TrackPointExtension>
        </extensions>
      </trkpt>
      <trkpt lat="35.63062221743166446685791015625" lon="127.59859819896519184112548828125">
        <ele>1146.5999755859375</ele>
        <time>2025-12-27T03:32:53.000Z</time>
        <extensions>
          <ns3:TrackPointExtension>
            <ns3:hr>136</ns3:hr>
            <ns3:cad>45</ns3:cad>
          </ns3:TrackPointExtension>
        </extensions>
      </trkpt>
      <trkpt lat="35.63062674365937709808349609375" lon="127.59859601967036724090576171875">
        <ele>1147</ele>
        <time>2025-12-27T03:32:54.000Z</time>
        <extensions>
          <ns3:TrackPointExtension>
            <ns3:hr>144</ns3:hr>
            <ns3:cad>43</ns3:cad>
          </ns3:TrackPointExtension>
        </extensions>
      </trkpt>
      <trkpt lat="35.63062909059226512908935546875" lon="127.59859534911811351776123046875">
        <ele>1147</ele>
        <time>2025-12-27T03:32:55.000Z</time>
        <extensions>
          <ns3:TrackPointExtension>
            <ns3:hr>146</ns3:hr>
            <ns3:cad>43</ns3:cad>
          </ns3:TrackPointExtension>
        </extensions>
      </trkpt>
      <trkpt lat="35.630660690367221832275390625" lon="127.59863189421594142913818359375">
        <ele>1148.199951171875</ele>
        <time>2025-12-27T03:33:01.000Z</time>
        <extensions>
          <ns3:TrackPointExtension>
            <ns3:hr>148</ns3:hr>
            <ns3:cad>47</ns3:cad>
          </ns3:TrackPointExtension>
        </extensions>
      </trkpt>
      <trkpt lat="35.63066747970879077911376953125" lon="127.5986328162252902984619140625">
        <ele>1148.4000244140625</ele>
        <time>2025-12-27T03:33:02.000Z</time>
        <extensions>
          <ns3:TrackPointExtension>
            <ns3:hr>149</ns3:hr>
            <ns3:cad>47</ns3:cad>
          </ns3:TrackPointExtension>
        </extensions>
      </trkpt>
      <trkpt lat="35.6306930445134639739990234375" lon="127.5986306369304656982421875">
        <ele>1149.199951171875</ele>
        <time>2025-12-27T03:33:06.000Z</time>
        <extensions>
          <ns3:TrackPointExtension>
            <ns3:hr>151</ns3:hr>
            <ns3:cad>43</ns3:cad>
          </ns3:TrackPointExtension>
        </extensions>
      </trkpt>
      <trkpt lat="35.63071106560528278350830078125" lon="127.5986422039568424224853515625">
        <ele>1150.199951171875</ele>
        <time>2025-12-27T03:33:09.000Z</time>
        <extensions>
          <ns3:TrackPointExtension>
            <ns3:hr>151</ns3:hr>
            <ns3:cad>43</ns3:cad>
          </ns3:TrackPointExtension>
        </extensions>
      </trkpt>
      <trkpt lat="35.63071743585169315338134765625" lon="127.59865276515483856201171875">
        <ele>1150.5999755859375</ele>
        <time>2025-12-27T03:33:10.000Z</time>
        <extensions>
          <ns3:TrackPointExtension>
            <ns3:hr>150</ns3:hr>
            <ns3:cad>41</ns3:cad>
          </ns3:TrackPointExtension>
        </extensions>
      </trkpt>
      <trkpt lat="35.6307436712086200714111328125" lon="127.59865955449640750885009765625">
        <ele>1151.4000244140625</ele>
        <time>2025-12-27T03:33:14.000Z</time>
        <extensions>
          <ns3:TrackPointExtension>
            <ns3:hr>151</ns3:hr>
            <ns3:cad>41</ns3:cad>
          </ns3:TrackPointExtension>
        </extensions>
      </trkpt>
      <trkpt lat="35.6307523883879184722900390625" lon="127.5986650027334690093994140625">
        <ele>1151.5999755859375</ele>
        <time>2025-12-27T03:33:15.000Z</time>
        <extensions>
          <ns3:TrackPointExtension>
            <ns3:hr>152</ns3:hr>
            <ns3:cad>43</ns3:cad>
          </ns3:TrackPointExtension>
        </extensions>
      </trkpt>
      <trkpt lat="35.630770660936832427978515625" lon="127.59868629276752471923828125">
        <ele>1152.5999755859375</ele>
        <time>2025-12-27T03:33:19.000Z</time>
        <extensions>
          <ns3:TrackPointExtension>
            <ns3:hr>153</ns3:hr>
            <ns3:cad>0</ns3:cad>
          </ns3:TrackPointExtension>
        </extensions>
      </trkpt>
      <trkpt lat="35.63077124767005443572998046875" lon="127.59869056753814220428466796875">
        <ele>1152.800048828125</ele>
        <time>2025-12-27T03:33:20.000Z</time>
        <extensions>
          <ns3:TrackPointExtension>
            <ns3:hr>153</ns3:hr>
            <ns3:cad>0</ns3:cad>
          </ns3:TrackPointExtension>
        </extensions>
      </trkpt>
      <trkpt lat="35.63078532926738262176513671875" lon="127.5987106002867221832275390625">
        <ele>1153.800048828125</ele>
        <time>2025-12-27T03:33:24.000Z</time>
        <extensions>
          <ns3:TrackPointExtension>
            <ns3:hr>153</ns3:hr>
            <ns3:cad>0</ns3:cad>
          </ns3:TrackPointExtension>
        </extensions>
      </trkpt>
      <trkpt lat="35.6307892687618732452392578125" lon="127.5987223349511623382568359375">
        <ele>1154.199951171875</ele>
        <time>2025-12-27T03:33:26.000Z</time>
        <extensions>
          <ns3:TrackPointExtension>
            <ns3:hr>154</ns3:hr>
            <ns3:cad>77</ns3:cad>
          </ns3:TrackPointExtension>
        </extensions>
      </trkpt>
      <trkpt lat="35.63080050051212310791015625" lon="127.59875879622995853424072265625">
        <ele>1155</ele>
        <time>2025-12-27T03:33:30.000Z</time>
        <extensions>
          <ns3:TrackPointExtension>
            <ns3:hr>155</ns3:hr>
            <ns3:cad>75</ns3:cad>
          </ns3:TrackPointExtension>
        </extensions>
      </trkpt>
      <trkpt lat="35.63081215135753154754638671875" lon="127.598775811493396759033203125">
        <ele>1156</ele>
        <time>2025-12-27T03:33:33.000Z</time>
        <extensions>
          <ns3:TrackPointExtension>
            <ns3:hr>156</ns3:hr>
            <ns3:cad>71</ns3:cad>
          </ns3:TrackPointExtension>
        </extensions>
      </trkpt>
      <trkpt lat="35.63081382773816585540771484375" lon="127.5987806729972362518310546875">
        <ele>1156.199951171875</ele>
        <time>2025-12-27T03:33:34.000Z</time>
        <extensions>
          <ns3:TrackPointExtension>
            <ns3:hr>156</ns3:hr>
            <ns3:cad>71</ns3:cad>
          </ns3:TrackPointExtension>
        </extensions>
      </trkpt>
      <trkpt lat="35.6308348663151264190673828125" lon="127.59881244041025638580322265625">
        <ele>1157</ele>
        <time>2025-12-27T03:33:39.000Z</time>
        <extensions>
          <ns3:TrackPointExtension>
            <ns3:hr>157</ns3:hr>
            <ns3:cad>76</ns3:cad>
          </ns3:TrackPointExtension>
        </extensions>
      </trkpt>
      <trkpt lat="35.6308298371732234954833984375" lon="127.59883590973913669586181640625">
        <ele>1157.199951171875</ele>
        <time>2025-12-27T03:33:41.000Z</time>
        <extensions>
          <ns3:TrackPointExtension>
            <ns3:hr>156</ns3:hr>
            <ns3:cad>77</ns3:cad>
          </ns3:TrackPointExtension>
        </extensions>
      </trkpt>
      <trkpt lat="35.63082857988774776458740234375" lon="127.59887765161693096160888671875">
        <ele>1158</ele>
        <time>2025-12-27T03:33:45.000Z</time>
        <extensions>
          <ns3:TrackPointExtension>
            <ns3:hr>158</ns3:hr>
            <ns3:cad>75</ns3:cad>
          </ns3:TrackPointExtension>
        </extensions>
      </trkpt>
      <trkpt lat="35.63082338310778141021728515625" lon="127.59890363551676273345947265625">
        <ele>1158.4000244140625</ele>
        <time>2025-12-27T03:33:47.000Z</time>
        <extensions>
          <ns3:TrackPointExtension>
            <ns3:hr>158</ns3:hr>
            <ns3:cad>41</ns3:cad>
          </ns3:TrackPointExtension>
        </extensions>
      </trkpt>
      <trkpt lat="35.6308160908520221710205078125" lon="127.59896926581859588623046875">
        <ele>1158.5999755859375</ele>
        <time>2025-12-27T03:33:52.000Z</time>
        <extensions>
          <ns3:TrackPointExtension>
            <ns3:hr>158</ns3:hr>
            <ns3:cad>45</ns3:cad>
          </ns3:TrackPointExtension>
        </extensions>
      </trkpt>
      <trkpt lat="35.63081148080527782440185546875" lon="127.599066160619258880615234375">
        <ele>1159.4000244140625</ele>
        <time>2025-12-27T03:33:59.000Z</time>
        <extensions>
          <ns3:TrackPointExtension>
            <ns3:hr>160</ns3:hr>
            <ns3:cad>49</ns3:cad>
          </ns3:TrackPointExtension>
        </extensions>
      </trkpt>
      <trkpt lat="35.6308103911578655242919921875" lon="127.599075548350811004638671875">
        <ele>1159.5999755859375</ele>
        <time>2025-12-27T03:34:00.000Z</time>
        <extensions>
          <ns3:TrackPointExtension>
            <ns3:hr>160</ns3:hr>
            <ns3:cad>49</ns3:cad>
          </ns3:TrackPointExtension>
        </extensions>
      </trkpt>
      <trkpt lat="35.6308278255164623260498046875" lon="127.59912961162626743316650390625">
        <ele>1160.4000244140625</ele>
        <time>2025-12-27T03:34:06.000Z</time>
        <extensions>
          <ns3:TrackPointExtension>
            <ns3:hr>160</ns3:hr>
            <ns3:cad>46</ns3:cad>
          </ns3:TrackPointExtension>
        </extensions>
      </trkpt>
      <trkpt lat="35.63083662651479244232177734375" lon="127.59913497604429721832275390625">
        <ele>1160.5999755859375</ele>
        <time>2025-12-27T03:34:07.000Z</time>
        <extensions>
          <ns3:TrackPointExtension>
            <ns3:hr>160</ns3:hr>
            <ns3:cad>45</ns3:cad>
          </ns3:TrackPointExtension>
        </extensions>
      </trkpt>
      <trkpt lat="35.6308429129421710968017578125" lon="127.5991410948336124420166015625">
        <ele>1160.5999755859375</ele>
        <time>2025-12-27T03:34:08.000Z</time>
        <extensions>
          <ns3:TrackPointExtension>
            <ns3:hr>160</ns3:hr>
            <ns3:cad>45</ns3:cad>
          </ns3:TrackPointExtension>
        </extensions>
      </trkpt>
      <trkpt lat="35.63087786547839641571044921875" lon="127.59921602904796600341796875">
        <ele>1160</ele>
        <time>2025-12-27T03:34:13.000Z</time>
        <extensions>
          <ns3:TrackPointExtension>
            <ns3:hr>157</ns3:hr>
            <ns3:cad>0</ns3:cad>
          </ns3:TrackPointExtension>
        </extensions>
      </trkpt>
      <trkpt lat="35.6308901868760585784912109375" lon="127.59924796409904956817626953125">
        <ele>1159.5999755859375</ele>
        <time>2025-12-27T03:34:15.000Z</time>
        <extensions>
          <ns3:TrackPointExtension>
            <ns3:hr>156</ns3:hr>
            <ns3:cad>0</ns3:cad>
          </ns3:TrackPointExtension>
        </extensions>
      </trkpt>
      <trkpt lat="35.6308977305889129638671875" lon="127.59926254861056804656982421875">
        <ele>1159.4000244140625</ele>
        <time>2025-12-27T03:34:16.000Z</time>
        <extensions>
          <ns3:TrackPointExtension>
            <ns3:hr>155</ns3:hr>
            <ns3:cad>57</ns3:cad>
          </ns3:TrackPointExtension>
        </extensions>
      </trkpt>
      <trkpt lat="35.6309287436306476593017578125" lon="127.5993137620389461517333984375">
        <ele>1159.199951171875</ele>
        <time>2025-12-27T03:34:20.000Z</time>
        <extensions>
          <ns3:TrackPointExtension>
            <ns3:hr>152</ns3:hr>
            <ns3:cad>59</ns3:cad>
          </ns3:TrackPointExtension>
        </extensions>
      </trkpt>
      <trkpt lat="35.63093620352447032928466796875" lon="127.59936296381056308746337890625">
        <ele>1159.5999755859375</ele>
        <time>2025-12-27T03:34:24.000Z</time>
        <extensions>
          <ns3:TrackPointExtension>
            <ns3:hr>150</ns3:hr>
            <ns3:cad>53</ns3:cad>
          </ns3:TrackPointExtension>
        </extensions>
      </trkpt>
      <trkpt lat="35.63093737699091434478759765625" lon="127.5993928872048854827880859375">
        <ele>1160</ele>
        <time>2025-12-27T03:34:27.000Z</time>
        <extensions>
          <ns3:TrackPointExtension>
            <ns3:hr>147</ns3:hr>
            <ns3:cad>50</ns3:cad>
          </ns3:TrackPointExtension>
        </extensions>
      </trkpt>
      <trkpt lat="35.6309525482356548309326171875" lon="127.59942046366631984710693359375">
        <ele>1160.5999755859375</ele>
        <time>2025-12-27T03:34:30.000Z</time>
        <extensions>
          <ns3:TrackPointExtension>
            <ns3:hr>144</ns3:hr>
            <ns3:cad>48</ns3:cad>
          </ns3:TrackPointExtension>
        </extensions>
      </trkpt>
      <trkpt lat="35.630971491336822509765625" lon="127.59943957440555095672607421875">
        <ele>1161</ele>
        <time>2025-12-27T03:34:32.000Z</time>
        <extensions>
          <ns3:TrackPointExtension>
            <ns3:hr>144</ns3:hr>
            <ns3:cad>47</ns3:cad>
          </ns3:TrackPointExtension>
        </extensions>
      </trkpt>
      <trkpt lat="35.6309887580573558807373046875" lon="127.59946974925696849822998046875">
        <ele>1161.5999755859375</ele>
        <time>2025-12-27T03:34:35.000Z</time>
        <extensions>
          <ns3:TrackPointExtension>
            <ns3:hr>145</ns3:hr>
            <ns3:cad>45</ns3:cad>
          </ns3:TrackPointExtension>
        </extensions>
      </trkpt>
      <trkpt lat="35.63099638558924198150634765625" lon="127.5995330326259136199951171875">
        <ele>1162.199951171875</ele>
        <time>2025-12-27T03:34:40.000Z</time>
        <extensions>
          <ns3:TrackPointExtension>
            <ns3:hr>144</ns3:hr>
            <ns3:cad>44</ns3:cad>
          </ns3:TrackPointExtension>
        </extensions>
      </trkpt>
      <trkpt lat="35.63099755905568599700927734375" lon="127.59956605732440948486328125">
        <ele>1162.800048828125</ele>
        <time>2025-12-27T03:34:43.000Z</time>
        <extensions>
          <ns3:TrackPointExtension>
            <ns3:hr>144</ns3:hr>
            <ns3:cad>48</ns3:cad>
          </ns3:TrackPointExtension>
        </extensions>
      </trkpt>
      <trkpt lat="35.63100166618824005126953125" lon="127.5996165163815021514892578125">
        <ele>1163.4000244140625</ele>
        <time>2025-12-27T03:34:47.000Z</time>
        <extensions>
          <ns3:TrackPointExtension>
            <ns3:hr>143</ns3:hr>
            <ns3:cad>49</ns3:cad>
          </ns3:TrackPointExtension>
        </extensions>
      </trkpt>
      <trkpt lat="35.63100879080593585968017578125" lon="127.59963177144527435302734375">
        <ele>1163.800048828125</ele>
        <time>2025-12-27T03:34:49.000Z</time>
        <extensions>
          <ns3:TrackPointExtension>
            <ns3:hr>142</ns3:hr>
            <ns3:cad>48</ns3:cad>
          </ns3:TrackPointExtension>
        </extensions>
      </trkpt>
      <trkpt lat="35.63105237670242786407470703125" lon="127.599674351513385772705078125">
        <ele>1164.800048828125</ele>
        <time>2025-12-27T03:34:54.000Z</time>
        <extensions>
          <ns3:TrackPointExtension>
            <ns3:hr>141</ns3:hr>
            <ns3:cad>43</ns3:cad>
          </ns3:TrackPointExtension>
        </extensions>
      </trkpt>
      <trkpt lat="35.63105992041528224945068359375" lon="127.5996839068830013275146484375">
        <ele>1164.800048828125</ele>
        <time>2025-12-27T03:34:55.000Z</time>
        <extensions>
          <ns3:TrackPointExtension>
            <ns3:hr>141</ns3:hr>
            <ns3:cad>44</ns3:cad>
          </ns3:TrackPointExtension>
        </extensions>
      </trkpt>
      <trkpt lat="35.63112043775618076324462890625" lon="127.59975356049835681915283203125">
        <ele>1165.5999755859375</ele>
        <time>2025-12-27T03:35:03.000Z</time>
        <extensions>
          <ns3:TrackPointExtension>
            <ns3:hr>141</ns3:hr>
            <ns3:cad>49</ns3:cad>
          </ns3:TrackPointExtension>
        </extensions>
      </trkpt>
      <trkpt lat="35.631207190454006195068359375" lon="127.59978340007364749908447265625">
        <ele>1164.800048828125</ele>
        <time>2025-12-27T03:35:10.000Z</time>
        <extensions>
          <ns3:TrackPointExtension>
            <ns3:hr>141</ns3:hr>
            <ns3:cad>50</ns3:cad>
          </ns3:TrackPointExtension>
        </extensions>
      </trkpt>
      <trkpt lat="35.6312866508960723876953125" lon="127.59979982860386371612548828125">
        <ele>1163.800048828125</ele>
        <time>2025-12-27T03:35:16.000Z</time>
        <extensions>
          <ns3:TrackPointExtension>
            <ns3:hr>139</ns3:hr>
            <ns3:cad>59</ns3:cad>
          </ns3:TrackPointExtension>
        </extensions>
      </trkpt>
      <trkpt lat="35.631316490471363067626953125" lon="127.5997918657958507537841796875">
        <ele>1163.199951171875</ele>
        <time>2025-12-27T03:35:19.000Z</time>
        <extensions>
          <ns3:TrackPointExtension>
            <ns3:hr>139</ns3:hr>
            <ns3:cad>57</ns3:cad>
          </ns3:TrackPointExtension>
        </extensions>
      </trkpt>
      <trkpt lat="35.63132696785032749176025390625" lon="127.59978868067264556884765625">
        <ele>1162.800048828125</ele>
        <time>2025-12-27T03:35:20.000Z</time>
        <extensions>
          <ns3:TrackPointExtension>
            <ns3:hr>138</ns3:hr>
            <ns3:cad>56</ns3:cad>
          </ns3:TrackPointExtension>
        </extensions>
      </trkpt>
      <trkpt lat="35.6313458271324634552001953125" lon="127.59979136288166046142578125">
        <ele>1161.4000244140625</ele>
        <time>2025-12-27T03:35:23.000Z</time>
        <extensions>
          <ns3:TrackPointExtension>
            <ns3:hr>136</ns3:hr>
            <ns3:cad>56</ns3:cad>
          </ns3:TrackPointExtension>
        </extensions>
      </trkpt>
      <trkpt lat="35.631360076367855072021484375" lon="127.5997935421764850616455078125">
        <ele>1160.800048828125</ele>
        <time>2025-12-27T03:35:26.000Z</time>
        <extensions>
          <ns3:TrackPointExtension>
            <ns3:hr>132</ns3:hr>
            <ns3:cad>0</ns3:cad>
          </ns3:TrackPointExtension>
        </extensions>
      </trkpt>
      <trkpt lat="35.63136250711977481842041015625" lon="127.59979513473808765411376953125">
        <ele>1160.800048828125</ele>
        <time>2025-12-27T03:35:28.000Z</time>
        <extensions>
          <ns3:TrackPointExtension>
            <ns3:hr>129</ns3:hr>
            <ns3:cad>0</ns3:cad>
          </ns3:TrackPointExtension>
        </extensions>
      </trkpt>
      <trkpt lat="35.6313817016780376434326171875" lon="127.59979060851037502288818359375">
        <ele>1160.199951171875</ele>
        <time>2025-12-27T03:35:31.000Z</time>
        <extensions>
          <ns3:TrackPointExtension>
            <ns3:hr>126</ns3:hr>
            <ns3:cad>0</ns3:cad>
          </ns3:TrackPointExtension>
        </extensions>
      </trkpt>
      <trkpt lat="35.631411708891391754150390625" lon="127.59978842921555042266845703125">
        <ele>1159.4000244140625</ele>
        <time>2025-12-27T03:35:33.000Z</time>
        <extensions>
          <ns3:TrackPointExtension>
            <ns3:hr>126</ns3:hr>
            <ns3:cad>0</ns3:cad>
          </ns3:TrackPointExtension>
        </extensions>
      </trkpt>
      <trkpt lat="35.6314256228506565093994140625" lon="127.599793709814548492431640625">
        <ele>1158.800048828125</ele>
        <time>2025-12-27T03:35:34.000Z</time>
        <extensions>
          <ns3:TrackPointExtension>
            <ns3:hr>124</ns3:hr>
            <ns3:cad>0</ns3:cad>
          </ns3:TrackPointExtension>
        </extensions>
      </trkpt>
      <trkpt lat="35.63143886625766754150390625" lon="127.599809132516384124755859375">
        <ele>1158.199951171875</ele>
        <time>2025-12-27T03:35:35.000Z</time>
        <extensions>
          <ns3:TrackPointExtension>
            <ns3:hr>124</ns3:hr>
            <ns3:cad>0</ns3:cad>
          </ns3:TrackPointExtension>
        </extensions>
      </trkpt>
      <trkpt lat="35.6314839608967304229736328125" lon="127.5998421572148799896240234375">
        <ele>1157.800048828125</ele>
        <time>2025-12-27T03:35:39.000Z</time>
        <extensions>
          <ns3:TrackPointExtension>
            <ns3:hr>124</ns3:hr>
            <ns3:cad>0</ns3:cad>
          </ns3:TrackPointExtension>
        </extensions>
      </trkpt>
      <trkpt lat="35.631545148789882659912109375" lon="127.59987652301788330078125">
        <ele>1157.5999755859375</ele>
        <time>2025-12-27T03:35:45.000Z</time>
        <extensions>
          <ns3:TrackPointExtension>
            <ns3:hr>123</ns3:hr>
            <ns3:cad>55</ns3:cad>
          </ns3:TrackPointExtension>
        </extensions>
      </trkpt>
      <trkpt lat="35.6315602362155914306640625" lon="127.5998897664248943328857421875">
        <ele>1156.5999755859375</ele>
        <time>2025-12-27T03:35:47.000Z</time>
        <extensions>
          <ns3:TrackPointExtension>
            <ns3:hr>123</ns3:hr>
            <ns3:cad>53</ns3:cad>
          </ns3:TrackPointExtension>
        </extensions>
      </trkpt>
      <trkpt lat="35.63157473690807819366455078125" lon="127.5998978130519390106201171875">
        <ele>1155.4000244140625</ele>
        <time>2025-12-27T03:35:49.000Z</time>
        <extensions>
          <ns3:TrackPointExtension>
            <ns3:hr>123</ns3:hr>
            <ns3:cad>48</ns3:cad>
          </ns3:TrackPointExtension>
        </extensions>
      </trkpt>
      <trkpt lat="35.631585381925106048583984375" lon="127.59989823214709758758544921875">
        <ele>1154</ele>
        <time>2025-12-27T03:35:52.000Z</time>
        <extensions>
          <ns3:TrackPointExtension>
            <ns3:hr>122</ns3:hr>
            <ns3:cad>47</ns3:cad>
          </ns3:TrackPointExtension>
        </extensions>
      </trkpt>
      <trkpt lat="35.63159300945699214935302734375" lon="127.599898986518383026123046875">
        <ele>1153.4000244140625</ele>
        <time>2025-12-27T03:35:53.000Z</time>
        <extensions>
          <ns3:TrackPointExtension>
            <ns3:hr>119</ns3:hr>
            <ns3:cad>47</ns3:cad>
          </ns3:TrackPointExtension>
        </extensions>
      </trkpt>
      <trkpt lat="35.63159937970340251922607421875" lon="127.599900662899017333984375">
        <ele>1153</ele>
        <time>2025-12-27T03:35:54.000Z</time>
        <extensions>
          <ns3:TrackPointExtension>
            <ns3:hr>119</ns3:hr>
            <ns3:cad>50</ns3:cad>
          </ns3:TrackPointExtension>
        </extensions>
      </trkpt>
      <trkpt lat="35.6316031515598297119140625" lon="127.59989320300519466400146484375">
        <ele>1152.199951171875</ele>
        <time>2025-12-27T03:35:56.000Z</time>
        <extensions>
          <ns3:TrackPointExtension>
            <ns3:hr>118</ns3:hr>
            <ns3:cad>50</ns3:cad>
          </ns3:TrackPointExtension>
        </extensions>
      </trkpt>
      <trkpt lat="35.63160390593111515045166015625" lon="127.59988532401621341705322265625">
        <ele>1151.5999755859375</ele>
        <time>2025-12-27T03:35:57.000Z</time>
        <extensions>
          <ns3:TrackPointExtension>
            <ns3:hr>118</ns3:hr>
            <ns3:cad>50</ns3:cad>
          </ns3:TrackPointExtension>
        </extensions>
      </trkpt>
      <trkpt lat="35.63161798752844333648681640625" lon="127.599884569644927978515625">
        <ele>1151</ele>
        <time>2025-12-27T03:36:00.000Z</time>
        <extensions>
          <ns3:TrackPointExtension>
            <ns3:hr>117</ns3:hr>
            <ns3:cad>50</ns3:cad>
          </ns3:TrackPointExtension>
        </extensions>
      </trkpt>
      <trkpt lat="35.6316301412880420684814453125" lon="127.59989219717681407928466796875">
        <ele>1150.4000244140625</ele>
        <time>2025-12-27T03:36:02.000Z</time>
        <extensions>
          <ns3:TrackPointExtension>
            <ns3:hr>117</ns3:hr>
            <ns3:cad>50</ns3:cad>
          </ns3:TrackPointExtension>
        </extensions>
      </trkpt>
      <trkpt lat="35.63167649321258068084716796875" lon="127.59988599456846714019775390625">
        <ele>1149.199951171875</ele>
        <time>2025-12-27T03:36:05.000Z</time>
        <extensions>
          <ns3:TrackPointExtension>
            <ns3:hr>116</ns3:hr>
            <ns3:cad>50</ns3:cad>
          </ns3:TrackPointExtension>
        </extensions>
      </trkpt>
      <trkpt lat="35.6316935084760189056396484375" lon="127.59990041144192218780517578125">
        <ele>1148.4000244140625</ele>
        <time>2025-12-27T03:36:07.000Z</time>
        <extensions>
          <ns3:TrackPointExtension>
            <ns3:hr>116</ns3:hr>
            <ns3:cad>50</ns3:cad>
          </ns3:TrackPointExtension>
        </extensions>
      </trkpt>
      <trkpt lat="35.63170574605464935302734375" lon="127.59990938007831573486328125">
        <ele>1148</ele>
        <time>2025-12-27T03:36:08.000Z</time>
        <extensions>
          <ns3:TrackPointExtension>
            <ns3:hr>115</ns3:hr>
            <ns3:cad>50</ns3:cad>
          </ns3:TrackPointExtension>
        </extensions>
      </trkpt>
      <trkpt lat="35.631738603115081787109375" lon="127.59992237202823162078857421875">
        <ele>1146.5999755859375</ele>
        <time>2025-12-27T03:36:11.000Z</time>
        <extensions>
          <ns3:TrackPointExtension>
            <ns3:hr>116</ns3:hr>
            <ns3:cad>50</ns3:cad>
          </ns3:TrackPointExtension>
        </extensions>
      </trkpt>
      <trkpt lat="35.63176165334880352020263671875" lon="127.59994114749133586883544921875">
        <ele>1145.4000244140625</ele>
        <time>2025-12-27T03:36:13.000Z</time>
        <extensions>
          <ns3:TrackPointExtension>
            <ns3:hr>116</ns3:hr>
            <ns3:cad>50</ns3:cad>
          </ns3:TrackPointExtension>
        </extensions>
      </trkpt>
      <trkpt lat="35.631777830421924591064453125" lon="127.59994919411838054656982421875">
        <ele>1144.800048828125</ele>
        <time>2025-12-27T03:36:14.000Z</time>
        <extensions>
          <ns3:TrackPointExtension>
            <ns3:hr>116</ns3:hr>
            <ns3:cad>50</ns3:cad>
          </ns3:TrackPointExtension>
        </extensions>
      </trkpt>
      <trkpt lat="35.63179182820022106170654296875" lon="127.59995422326028347015380859375">
        <ele>1144.199951171875</ele>
        <time>2025-12-27T03:36:15.000Z</time>
        <extensions>
          <ns3:TrackPointExtension>
            <ns3:hr>116</ns3:hr>
            <ns3:cad>50</ns3:cad>
          </ns3:TrackPointExtension>
        </extensions>
      </trkpt>
      <trkpt lat="35.63181378878653049468994140625" lon="127.59994047693908214569091796875">
        <ele>1143.4000244140625</ele>
        <time>2025-12-27T03:36:17.000Z</time>
        <extensions>
          <ns3:TrackPointExtension>
            <ns3:hr>116</ns3:hr>
            <ns3:cad>50</ns3:cad>
          </ns3:TrackPointExtension>
        </extensions>
      </trkpt>
      <trkpt lat="35.63181529752910137176513671875" lon="127.599939219653606414794921875">
        <ele>1143.199951171875</ele>
        <time>2025-12-27T03:36:18.000Z</time>
        <extensions>
          <ns3:TrackPointExtension>
            <ns3:hr>115</ns3:hr>
            <ns3:cad>60</ns3:cad>
          </ns3:TrackPointExtension>
        </extensions>
      </trkpt>
      <trkpt lat="35.63182166777551174163818359375" lon="127.59993745945394039154052734375">
        <ele>1143.199951171875</ele>
        <time>2025-12-27T03:36:19.000Z</time>
        <extensions>
          <ns3:TrackPointExtension>
            <ns3:hr>116</ns3:hr>
            <ns3:cad>60</ns3:cad>
          </ns3:TrackPointExtension>
        </extensions>
      </trkpt>
      <trkpt lat="35.6319003738462924957275390625" lon="127.59992740117013454437255859375">
        <ele>1143.800048828125</ele>
        <time>2025-12-27T03:36:25.000Z</time>
        <extensions>
          <ns3:TrackPointExtension>
            <ns3:hr>115</ns3:hr>
            <ns3:cad>60</ns3:cad>
          </ns3:TrackPointExtension>
        </extensions>
      </trkpt>
      <trkpt lat="35.63192124478518962860107421875" lon="127.5999236293137073516845703125">
        <ele>1144.4000244140625</ele>
        <time>2025-12-27T03:36:28.000Z</time>
        <extensions>
          <ns3:TrackPointExtension>
            <ns3:hr>116</ns3:hr>
            <ns3:cad>46</ns3:cad>
          </ns3:TrackPointExtension>
        </extensions>
      </trkpt>
      <trkpt lat="35.63192811794579029083251953125" lon="127.599932849407196044921875">
        <ele>1144.800048828125</ele>
        <time>2025-12-27T03:36:29.000Z</time>
        <extensions>
          <ns3:TrackPointExtension>
            <ns3:hr>116</ns3:hr>
            <ns3:cad>46</ns3:cad>
          </ns3:TrackPointExtension>
        </extensions>
      </trkpt>
      <trkpt lat="35.63193641602993011474609375" lon="127.59994718246161937713623046875">
        <ele>1145.800048828125</ele>
        <time>2025-12-27T03:36:31.000Z</time>
        <extensions>
          <ns3:TrackPointExtension>
            <ns3:hr>117</ns3:hr>
            <ns3:cad>46</ns3:cad>
          </ns3:TrackPointExtension>
        </extensions>
      </trkpt>
      <trkpt lat="35.631974302232265472412109375" lon="127.59998221881687641143798828125">
        <ele>1146.199951171875</ele>
        <time>2025-12-27T03:36:35.000Z</time>
        <extensions>
          <ns3:TrackPointExtension>
            <ns3:hr>120</ns3:hr>
            <ns3:cad>0</ns3:cad>
          </ns3:TrackPointExtension>
        </extensions>
      </trkpt>
      <trkpt lat="35.63198762945830821990966796875" lon="127.600007615983486175537109375">
        <ele>1145.199951171875</ele>
        <time>2025-12-27T03:36:38.000Z</time>
        <extensions>
          <ns3:TrackPointExtension>
            <ns3:hr>122</ns3:hr>
            <ns3:cad>0</ns3:cad>
          </ns3:TrackPointExtension>
        </extensions>
      </trkpt>
      <trkpt lat="35.63200456090271472930908203125" lon="127.6000389643013477325439453125">
        <ele>1144.199951171875</ele>
        <time>2025-12-27T03:36:40.000Z</time>
        <extensions>
          <ns3:TrackPointExtension>
            <ns3:hr>123</ns3:hr>
            <ns3:cad>0</ns3:cad>
          </ns3:TrackPointExtension>
        </extensions>
      </trkpt>
      <trkpt lat="35.63203875906765460968017578125" lon="127.60008028708398342132568359375">
        <ele>1143.4000244140625</ele>
        <time>2025-12-27T03:36:44.000Z</time>
        <extensions>
          <ns3:TrackPointExtension>
            <ns3:hr>124</ns3:hr>
            <ns3:cad>0</ns3:cad>
          </ns3:TrackPointExtension>
        </extensions>
      </trkpt>
      <trkpt lat="35.6320591270923614501953125" lon="127.60011733509600162506103515625">
        <ele>1144.4000244140625</ele>
        <time>2025-12-27T03:36:50.000Z</time>
        <extensions>
          <ns3:TrackPointExtension>
            <ns3:hr>127</ns3:hr>
            <ns3:cad>53</ns3:cad>
          </ns3:TrackPointExtension>
        </extensions>
      </trkpt>
      <trkpt lat="35.63207983039319515228271484375" lon="127.60012504644691944122314453125">
        <ele>1145.199951171875</ele>
        <time>2025-12-27T03:36:53.000Z</time>
        <extensions>
          <ns3:TrackPointExtension>
            <ns3:hr>129</ns3:hr>
            <ns3:cad>48</ns3:cad>
          </ns3:TrackPointExtension>
        </extensions>
      </trkpt>
      <trkpt lat="35.63214302994310855865478515625" lon="127.60016284883022308349609375">
        <ele>1145.800048828125</ele>
        <time>2025-12-27T03:37:00.000Z</time>
        <extensions>
          <ns3:TrackPointExtension>
            <ns3:hr>132</ns3:hr>
            <ns3:cad>49</ns3:cad>
          </ns3:TrackPointExtension>
        </extensions>
      </trkpt>
      <trkpt lat="35.63217253424227237701416015625" lon="127.60017919354140758514404296875">
        <ele>1145.800048828125</ele>
        <time>2025-12-27T03:37:03.000Z</time>
        <extensions>
          <ns3:TrackPointExtension>
            <ns3:hr>133</ns3:hr>
            <ns3:cad>50</ns3:cad>
          </ns3:TrackPointExtension>
        </extensions>
      </trkpt>
      <trkpt lat="35.63227035105228424072265625" lon="127.600239627063274383544921875">
        <ele>1146</ele>
        <time>2025-12-27T03:37:11.000Z</time>
        <extensions>
          <ns3:TrackPointExtension>
            <ns3:hr>132</ns3:hr>
            <ns3:cad>53</ns3:cad>
          </ns3:TrackPointExtension>
        </extensions>
      </trkpt>
      <trkpt lat="35.63233715482056140899658203125" lon="127.6003058440983295440673828125">
        <ele>1146.199951171875</ele>
        <time>2025-12-27T03:37:18.000Z</time>
        <extensions>
          <ns3:TrackPointExtension>
            <ns3:hr>129</ns3:hr>
            <ns3:cad>51</ns3:cad>
          </ns3:TrackPointExtension>
        </extensions>
      </trkpt>
      <trkpt lat="35.63236280344426631927490234375" lon="127.60035471059381961822509765625">
        <ele>1147.4000244140625</ele>
        <time>2025-12-27T03:37:23.000Z</time>
        <extensions>
          <ns3:TrackPointExtension>
            <ns3:hr>128</ns3:hr>
            <ns3:cad>50</ns3:cad>
          </ns3:TrackPointExtension>
        </extensions>
      </trkpt>
      <trkpt lat="35.63238576985895633697509765625" lon="127.60038639418780803680419921875">
        <ele>1148</ele>
        <time>2025-12-27T03:37:26.000Z</time>
        <extensions>
          <ns3:TrackPointExtension>
            <ns3:hr>127</ns3:hr>
            <ns3:cad>47</ns3:cad>
          </ns3:TrackPointExtension>
        </extensions>
      </trkpt>
      <trkpt lat="35.63243052922189235687255859375" lon="127.6004543714225292205810546875">
        <ele>1147.800048828125</ele>
        <time>2025-12-27T03:37:32.000Z</time>
        <extensions>
          <ns3:TrackPointExtension>
            <ns3:hr>127</ns3:hr>
            <ns3:cad>0</ns3:cad>
          </ns3:TrackPointExtension>
        </extensions>
      </trkpt>
      <trkpt lat="35.6324465386569499969482421875" lon="127.60047641582787036895751953125">
        <ele>1146.4000244140625</ele>
        <time>2025-12-27T03:37:35.000Z</time>
        <extensions>
          <ns3:TrackPointExtension>
            <ns3:hr>126</ns3:hr>
            <ns3:cad>0</ns3:cad>
          </ns3:TrackPointExtension>
        </extensions>
      </trkpt>
      <trkpt lat="35.63246053643524646759033203125" lon="127.600488401949405670166015625">
        <ele>1145</ele>
        <time>2025-12-27T03:37:37.000Z</time>
        <extensions>
          <ns3:TrackPointExtension>
            <ns3:hr>125</ns3:hr>
            <ns3:cad>0</ns3:cad>
          </ns3:TrackPointExtension>
        </extensions>
      </trkpt>
      <trkpt lat="35.63247931189835071563720703125" lon="127.6005055010318756103515625">
        <ele>1144</ele>
        <time>2025-12-27T03:37:39.000Z</time>
        <extensions>
          <ns3:TrackPointExtension>
            <ns3:hr>125</ns3:hr>
            <ns3:cad>0</ns3:cad>
          </ns3:TrackPointExtension>
        </extensions>
      </trkpt>
      <trkpt lat="35.63249104656279087066650390625" lon="127.60052067227661609649658203125">
        <ele>1143.199951171875</ele>
        <time>2025-12-27T03:37:41.000Z</time>
        <extensions>
          <ns3:TrackPointExtension>
            <ns3:hr>125</ns3:hr>
            <ns3:cad>100</ns3:cad>
          </ns3:TrackPointExtension>
        </extensions>
      </trkpt>
      <trkpt lat="35.632497332990169525146484375" lon="127.6005281321704387664794921875">
        <ele>1142.800048828125</ele>
        <time>2025-12-27T03:37:42.000Z</time>
        <extensions>
          <ns3:TrackPointExtension>
            <ns3:hr>125</ns3:hr>
            <ns3:cad>100</ns3:cad>
          </ns3:TrackPointExtension>
        </extensions>
      </trkpt>
      <trkpt lat="35.63251250423491001129150390625" lon="127.60055252350866794586181640625">
        <ele>1141.4000244140625</ele>
        <time>2025-12-27T03:37:45.000Z</time>
        <extensions>
          <ns3:TrackPointExtension>
            <ns3:hr>126</ns3:hr>
            <ns3:cad>100</ns3:cad>
          </ns3:TrackPointExtension>
        </extensions>
      </trkpt>
      <trkpt lat="35.6325293518602848052978515625" lon="127.600560151040554046630859375">
        <ele>1140.4000244140625</ele>
        <time>2025-12-27T03:37:47.000Z</time>
        <extensions>
          <ns3:TrackPointExtension>
            <ns3:hr>127</ns3:hr>
            <ns3:cad>100</ns3:cad>
          </ns3:TrackPointExtension>
        </extensions>
      </trkpt>
      <trkpt lat="35.6325437687337398529052734375" lon="127.60057079605758190155029296875">
        <ele>1139.4000244140625</ele>
        <time>2025-12-27T03:37:49.000Z</time>
        <extensions>
          <ns3:TrackPointExtension>
            <ns3:hr>126</ns3:hr>
            <ns3:cad>100</ns3:cad>
          </ns3:TrackPointExtension>
        </extensions>
      </trkpt>
      <trkpt lat="35.63256480731070041656494140625" lon="127.6005945168435573577880859375">
        <ele>1138.199951171875</ele>
        <time>2025-12-27T03:37:52.000Z</time>
        <extensions>
          <ns3:TrackPointExtension>
            <ns3:hr>126</ns3:hr>
            <ns3:cad>100</ns3:cad>
          </ns3:TrackPointExtension>
        </extensions>
      </trkpt>
      <trkpt lat="35.63258676789700984954833984375" lon="127.6006101071834564208984375">
        <ele>1137</ele>
        <time>2025-12-27T03:37:54.000Z</time>
        <extensions>
          <ns3:TrackPointExtension>
            <ns3:hr>125</ns3:hr>
            <ns3:cad>0</ns3:cad>
          </ns3:TrackPointExtension>
        </extensions>
      </trkpt>
      <trkpt lat="35.6326116621494293212890625" lon="127.600627876818180084228515625">
        <ele>1136</ele>
        <time>2025-12-27T03:37:57.000Z</time>
        <extensions>
          <ns3:TrackPointExtension>
            <ns3:hr>125</ns3:hr>
            <ns3:cad>0</ns3:cad>
          </ns3:TrackPointExtension>
        </extensions>
      </trkpt>
      <trkpt lat="35.63263270072638988494873046875" lon="127.600658051669597625732421875">
        <ele>1134.800048828125</ele>
        <time>2025-12-27T03:38:00.000Z</time>
        <extensions>
          <ns3:TrackPointExtension>
            <ns3:hr>124</ns3:hr>
            <ns3:cad>0</ns3:cad>
          </ns3:TrackPointExtension>
        </extensions>
      </trkpt>
      <trkpt lat="35.632618367671966552734375" lon="127.60067439638078212738037109375">
        <ele>1133.800048828125</ele>
        <time>2025-12-27T03:38:03.000Z</time>
        <extensions>
          <ns3:TrackPointExtension>
            <ns3:hr>125</ns3:hr>
            <ns3:cad>60</ns3:cad>
          </ns3:TrackPointExtension>
        </extensions>
      </trkpt>
      <trkpt lat="35.6326121650636196136474609375" lon="127.60068562813103199005126953125">
        <ele>1133.4000244140625</ele>
        <time>2025-12-27T03:38:04.000Z</time>
        <extensions>
          <ns3:TrackPointExtension>
            <ns3:hr>125</ns3:hr>
            <ns3:cad>60</ns3:cad>
          </ns3:TrackPointExtension>
        </extensions>
      </trkpt>
      <trkpt lat="35.63259716145694255828857421875" lon="127.60070121847093105316162109375">
        <ele>1132.5999755859375</ele>
        <time>2025-12-27T03:38:06.000Z</time>
        <extensions>
          <ns3:TrackPointExtension>
            <ns3:hr>126</ns3:hr>
            <ns3:cad>62</ns3:cad>
          </ns3:TrackPointExtension>
        </extensions>
      </trkpt>
      <trkpt lat="35.6325957365334033966064453125" lon="127.60072032921016216278076171875">
        <ele>1131.199951171875</ele>
        <time>2025-12-27T03:38:09.000Z</time>
        <extensions>
          <ns3:TrackPointExtension>
            <ns3:hr>126</ns3:hr>
            <ns3:cad>62</ns3:cad>
          </ns3:TrackPointExtension>
        </extensions>
      </trkpt>
      <trkpt lat="35.632601939141750335693359375" lon="127.60074044577777385711669921875">
        <ele>1130.800048828125</ele>
        <time>2025-12-27T03:38:10.000Z</time>
        <extensions>
          <ns3:TrackPointExtension>
            <ns3:hr>126</ns3:hr>
            <ns3:cad>0</ns3:cad>
          </ns3:TrackPointExtension>
        </extensions>
      </trkpt>
      <trkpt lat="35.6326084770262241363525390625" lon="127.60076408274471759796142578125">
        <ele>1130.199951171875</ele>
        <time>2025-12-27T03:38:12.000Z</time>
        <extensions>
          <ns3:TrackPointExtension>
            <ns3:hr>126</ns3:hr>
            <ns3:cad>0</ns3:cad>
          </ns3:TrackPointExtension>
        </extensions>
      </trkpt>
      <trkpt lat="35.63262306153774261474609375" lon="127.6007883064448833465576171875">
        <ele>1129.800048828125</ele>
        <time>2025-12-27T03:38:14.000Z</time>
        <extensions>
          <ns3:TrackPointExtension>
            <ns3:hr>125</ns3:hr>
            <ns3:cad>0</ns3:cad>
          </ns3:TrackPointExtension>
        </extensions>
      </trkpt>
      <trkpt lat="35.6326604448258876800537109375" lon="127.60082543827593326568603515625">
        <ele>1130.4000244140625</ele>
        <time>2025-12-27T03:38:18.000Z</time>
        <extensions>
          <ns3:TrackPointExtension>
            <ns3:hr>122</ns3:hr>
            <ns3:cad>56</ns3:cad>
          </ns3:TrackPointExtension>
        </extensions>
      </trkpt>
      <trkpt lat="35.63266488723456859588623046875" lon="127.60084823705255985260009765625">
        <ele>1130.800048828125</ele>
        <time>2025-12-27T03:38:20.000Z</time>
        <extensions>
          <ns3:TrackPointExtension>
            <ns3:hr>121</ns3:hr>
            <ns3:cad>53</ns3:cad>
          </ns3:TrackPointExtension>
        </extensions>
      </trkpt>
      <trkpt lat="35.63269237987697124481201171875" lon="127.60089567862451076507568359375">
        <ele>1130.4000244140625</ele>
        <time>2025-12-27T03:38:24.000Z</time>
        <extensions>
          <ns3:TrackPointExtension>
            <ns3:hr>118</ns3:hr>
            <ns3:cad>48</ns3:cad>
          </ns3:TrackPointExtension>
        </extensions>
      </trkpt>
      <trkpt lat="35.63271199353039264678955078125" lon="127.6009078323841094970703125">
        <ele>1130</ele>
        <time>2025-12-27T03:38:26.000Z</time>
        <extensions>
          <ns3:TrackPointExtension>
            <ns3:hr>117</ns3:hr>
            <ns3:cad>60</ns3:cad>
          </ns3:TrackPointExtension>
        </extensions>
      </trkpt>
      <trkpt lat="35.63276429660618305206298828125" lon="127.60097966529428958892822265625">
        <ele>1129.199951171875</ele>
        <time>2025-12-27T03:38:32.000Z</time>
        <extensions>
          <ns3:TrackPointExtension>
            <ns3:hr>116</ns3:hr>
            <ns3:cad>57</ns3:cad>
          </ns3:TrackPointExtension>
        </extensions>
      </trkpt>
      <trkpt lat="35.63277217559516429901123046875" lon="127.60099760256707668304443359375">
        <ele>1129</ele>
        <time>2025-12-27T03:38:33.000Z</time>
        <extensions>
          <ns3:TrackPointExtension>
            <ns3:hr>115</ns3:hr>
            <ns3:cad>57</ns3:cad>
          </ns3:TrackPointExtension>
        </extensions>
      </trkpt>
      <trkpt lat="35.6328227184712886810302734375" lon="127.60106164030730724334716796875">
        <ele>1128.800048828125</ele>
        <time>2025-12-27T03:38:39.000Z</time>
        <extensions>
          <ns3:TrackPointExtension>
            <ns3:hr>115</ns3:hr>
            <ns3:cad>57</ns3:cad>
          </ns3:TrackPointExtension>
        </extensions>
      </trkpt>
      <trkpt lat="35.6328703276813030242919921875" lon="127.601091228425502777099609375">
        <ele>1128.199951171875</ele>
        <time>2025-12-27T03:38:43.000Z</time>
        <extensions>
          <ns3:TrackPointExtension>
            <ns3:hr>115</ns3:hr>
            <ns3:cad>57</ns3:cad>
          </ns3:TrackPointExtension>
        </extensions>
      </trkpt>
      <trkpt lat="35.632927156984806060791015625" lon="127.6011245884001255035400390625">
        <ele>1128.199951171875</ele>
        <time>2025-12-27T03:38:47.000Z</time>
        <extensions>
          <ns3:TrackPointExtension>
            <ns3:hr>113</ns3:hr>
            <ns3:cad>59</ns3:cad>
          </ns3:TrackPointExtension>
        </extensions>
      </trkpt>
      <trkpt lat="35.6329799629747867584228515625" lon="127.60115568526089191436767578125">
        <ele>1127.5999755859375</ele>
        <time>2025-12-27T03:38:53.000Z</time>
        <extensions>
          <ns3:TrackPointExtension>
            <ns3:hr>113</ns3:hr>
            <ns3:cad>54</ns3:cad>
          </ns3:TrackPointExtension>
        </extensions>
      </trkpt>
      <trkpt lat="35.63298088498413562774658203125" lon="127.60117563419044017791748046875">
        <ele>1127</ele>
        <time>2025-12-27T03:38:55.000Z</time>
        <extensions>
          <ns3:TrackPointExtension>
            <ns3:hr>113</ns3:hr>
            <ns3:cad>54</ns3:cad>
          </ns3:TrackPointExtension>
        </extensions>
      </trkpt>
      <trkpt lat="35.63298038206994533538818359375" lon="127.6011993549764156341552734375">
        <ele>1125.4000244140625</ele>
        <time>2025-12-27T03:38:58.000Z</time>
        <extensions>
          <ns3:TrackPointExtension>
            <ns3:hr>113</ns3:hr>
            <ns3:cad>53</ns3:cad>
          </ns3:TrackPointExtension>
        </extensions>
      </trkpt>
      <trkpt lat="35.632988512516021728515625" lon="127.60121385566890239715576171875">
        <ele>1124.800048828125</ele>
        <time>2025-12-27T03:39:00.000Z</time>
        <extensions>
          <ns3:TrackPointExtension>
            <ns3:hr>113</ns3:hr>
            <ns3:cad>62</ns3:cad>
          </ns3:TrackPointExtension>
        </extensions>
      </trkpt>
      <trkpt lat="35.63299915753304958343505859375" lon="127.60123011656105518341064453125">
        <ele>1124.4000244140625</ele>
        <time>2025-12-27T03:39:02.000Z</time>
        <extensions>
          <ns3:TrackPointExtension>
            <ns3:hr>113</ns3:hr>
            <ns3:cad>60</ns3:cad>
          </ns3:TrackPointExtension>
        </extensions>
      </trkpt>
      <trkpt lat="35.6330295838415622711181640625" lon="127.60128158144652843475341796875">
        <ele>1123.199951171875</ele>
        <time>2025-12-27T03:39:06.000Z</time>
        <extensions>
          <ns3:TrackPointExtension>
            <ns3:hr>112</ns3:hr>
            <ns3:cad>0</ns3:cad>
          </ns3:TrackPointExtension>
        </extensions>
      </trkpt>
      <trkpt lat="35.633038468658924102783203125" lon="127.60129180736839771270751953125">
        <ele>1122.800048828125</ele>
        <time>2025-12-27T03:39:07.000Z</time>
        <extensions>
          <ns3:TrackPointExtension>
            <ns3:hr>112</ns3:hr>
            <ns3:cad>0</ns3:cad>
          </ns3:TrackPointExtension>
        </extensions>
      </trkpt>
      <trkpt lat="35.6330624409019947052001953125" lon="127.60130622424185276031494140625">
        <ele>1122</ele>
        <time>2025-12-27T03:39:09.000Z</time>
        <extensions>
          <ns3:TrackPointExtension>
            <ns3:hr>112</ns3:hr>
            <ns3:cad>0</ns3:cad>
          </ns3:TrackPointExtension>
        </extensions>
      </trkpt>
      <trkpt lat="35.63313192687928676605224609375" lon="127.60134478099644184112548828125">
        <ele>1121.5999755859375</ele>
        <time>2025-12-27T03:39:14.000Z</time>
        <extensions>
          <ns3:TrackPointExtension>
            <ns3:hr>110</ns3:hr>
            <ns3:cad>59</ns3:cad>
          </ns3:TrackPointExtension>
        </extensions>
      </trkpt>
      <trkpt lat="35.63321088440716266632080078125" lon="127.6013958267867565155029296875">
        <ele>1122</ele>
        <time>2025-12-27T03:39:21.000Z</time>
        <extensions>
          <ns3:TrackPointExtension>
            <ns3:hr>110</ns3:hr>
            <ns3:cad>54</ns3:cad>
          </ns3:TrackPointExtension>
        </extensions>
      </trkpt>
      <trkpt lat="35.633242316544055938720703125" lon="127.60141820646822452545166015625">
        <ele>1123</ele>
        <time>2025-12-27T03:39:25.000Z</time>
        <extensions>
          <ns3:TrackPointExtension>
            <ns3:hr>110</ns3:hr>
            <ns3:cad>49</ns3:cad>
          </ns3:TrackPointExtension>
        </extensions>
      </trkpt>
      <trkpt lat="35.63327073119580745697021484375" lon="127.6014337129890918731689453125">
        <ele>1124</ele>
        <time>2025-12-27T03:39:29.000Z</time>
        <extensions>
          <ns3:TrackPointExtension>
            <ns3:hr>111</ns3:hr>
            <ns3:cad>47</ns3:cad>
          </ns3:TrackPointExtension>
        </extensions>
      </trkpt>
      <trkpt lat="35.63329336233437061309814453125" lon="127.60144284926354885101318359375">
        <ele>1124.199951171875</ele>
        <time>2025-12-27T03:39:31.000Z</time>
        <extensions>
          <ns3:TrackPointExtension>
            <ns3:hr>111</ns3:hr>
            <ns3:cad>47</ns3:cad>
          </ns3:TrackPointExtension>
        </extensions>
      </trkpt>
      <trkpt lat="35.633347593247890472412109375" lon="127.60146078653633594512939453125">
        <ele>1123.800048828125</ele>
        <time>2025-12-27T03:39:35.000Z</time>
        <extensions>
          <ns3:TrackPointExtension>
            <ns3:hr>114</ns3:hr>
            <ns3:cad>49</ns3:cad>
          </ns3:TrackPointExtension>
        </extensions>
      </trkpt>
      <trkpt lat="35.633361339569091796875" lon="127.601459361612796783447265625">
        <ele>1123.4000244140625</ele>
        <time>2025-12-27T03:39:36.000Z</time>
        <extensions>
          <ns3:TrackPointExtension>
            <ns3:hr>114</ns3:hr>
            <ns3:cad>50</ns3:cad>
          </ns3:TrackPointExtension>
        </extensions>
      </trkpt>
      <trkpt lat="35.6333772651851177215576171875" lon="127.60145659558475017547607421875">
        <ele>1123</ele>
        <time>2025-12-27T03:39:37.000Z</time>
        <extensions>
          <ns3:TrackPointExtension>
            <ns3:hr>114</ns3:hr>
            <ns3:cad>58</ns3:cad>
          </ns3:TrackPointExtension>
        </extensions>
      </trkpt>
      <trkpt lat="35.63345613889396190643310546875" lon="127.6014469563961029052734375">
        <ele>1122.4000244140625</ele>
        <time>2025-12-27T03:39:44.000Z</time>
        <extensions>
          <ns3:TrackPointExtension>
            <ns3:hr>115</ns3:hr>
            <ns3:cad>0</ns3:cad>
          </ns3:TrackPointExtension>
        </extensions>
      </trkpt>
      <trkpt lat="35.633564181625843048095703125" lon="127.601468749344348907470703125">
        <ele>1123</ele>
        <time>2025-12-27T03:39:53.000Z</time>
        <extensions>
          <ns3:TrackPointExtension>
            <ns3:hr>116</ns3:hr>
            <ns3:cad>53</ns3:cad>
          </ns3:TrackPointExtension>
        </extensions>
      </trkpt>
      <trkpt lat="35.633604414761066436767578125" lon="127.60145701467990875244140625">
        <ele>1123.5999755859375</ele>
        <time>2025-12-27T03:39:57.000Z</time>
        <extensions>
          <ns3:TrackPointExtension>
            <ns3:hr>118</ns3:hr>
            <ns3:cad>50</ns3:cad>
          </ns3:TrackPointExtension>
        </extensions>
      </trkpt>
      <trkpt lat="35.63361908309161663055419921875" lon="127.601466737687587738037109375">
        <ele>1124.199951171875</ele>
        <time>2025-12-27T03:39:59.000Z</time>
        <extensions>
          <ns3:TrackPointExtension>
            <ns3:hr>120</ns3:hr>
            <ns3:cad>50</ns3:cad>
          </ns3:TrackPointExtension>
        </extensions>
      </trkpt>
      <trkpt lat="35.63364724628627300262451171875" lon="127.601472102105617523193359375">
        <ele>1125.199951171875</ele>
        <time>2025-12-27T03:40:04.000Z</time>
        <extensions>
          <ns3:TrackPointExtension>
            <ns3:hr>122</ns3:hr>
            <ns3:cad>49</ns3:cad>
          </ns3:TrackPointExtension>
        </extensions>
      </trkpt>
      <trkpt lat="35.63365747220814228057861328125" lon="127.6014595292508602142333984375">
        <ele>1125.4000244140625</ele>
        <time>2025-12-27T03:40:05.000Z</time>
        <extensions>
          <ns3:TrackPointExtension>
            <ns3:hr>122</ns3:hr>
            <ns3:cad>49</ns3:cad>
          </ns3:TrackPointExtension>
        </extensions>
      </trkpt>
      <trkpt lat="35.6336724758148193359375" lon="127.60146145708858966827392578125">
        <ele>1125.800048828125</ele>
        <time>2025-12-27T03:40:07.000Z</time>
        <extensions>
          <ns3:TrackPointExtension>
            <ns3:hr>123</ns3:hr>
            <ns3:cad>47</ns3:cad>
          </ns3:TrackPointExtension>
        </extensions>
      </trkpt>
      <trkpt lat="35.63368898816406726837158203125" lon="127.6014524884521961212158203125">
        <ele>1126.4000244140625</ele>
        <time>2025-12-27T03:40:09.000Z</time>
        <extensions>
          <ns3:TrackPointExtension>
            <ns3:hr>123</ns3:hr>
            <ns3:cad>47</ns3:cad>
          </ns3:TrackPointExtension>
        </extensions>
      </trkpt>
      <trkpt lat="35.6336951069533824920654296875" lon="127.60144896805286407470703125">
        <ele>1126.5999755859375</ele>
        <time>2025-12-27T03:40:10.000Z</time>
        <extensions>
          <ns3:TrackPointExtension>
            <ns3:hr>123</ns3:hr>
            <ns3:cad>47</ns3:cad>
          </ns3:TrackPointExtension>
        </extensions>
      </trkpt>
      <trkpt lat="35.63371061347424983978271484375" lon="127.601467072963714599609375">
        <ele>1127.5999755859375</ele>
        <time>2025-12-27T03:40:13.000Z</time>
        <extensions>
          <ns3:TrackPointExtension>
            <ns3:hr>124</ns3:hr>
            <ns3:cad>49</ns3:cad>
          </ns3:TrackPointExtension>
        </extensions>
      </trkpt>
      <trkpt lat="35.6337276287376880645751953125" lon="127.60147470049560070037841796875">
        <ele>1128.5999755859375</ele>
        <time>2025-12-27T03:40:16.000Z</time>
        <extensions>
          <ns3:TrackPointExtension>
            <ns3:hr>126</ns3:hr>
            <ns3:cad>43</ns3:cad>
          </ns3:TrackPointExtension>
        </extensions>
      </trkpt>
      <trkpt lat="35.6337346695363521575927734375" lon="127.60147604160010814666748046875">
        <ele>1128.800048828125</ele>
        <time>2025-12-27T03:40:17.000Z</time>
        <extensions>
          <ns3:TrackPointExtension>
            <ns3:hr>127</ns3:hr>
            <ns3:cad>44</ns3:cad>
          </ns3:TrackPointExtension>
        </extensions>
      </trkpt>
      <trkpt lat="35.63375654630362987518310546875" lon="127.60147537104785442352294921875">
        <ele>1129.800048828125</ele>
        <time>2025-12-27T03:40:21.000Z</time>
        <extensions>
          <ns3:TrackPointExtension>
            <ns3:hr>130</ns3:hr>
            <ns3:cad>42</ns3:cad>
          </ns3:TrackPointExtension>
        </extensions>
      </trkpt>
      <trkpt lat="35.633766017854213714599609375" lon="127.6014793105423450469970703125">
        <ele>1130</ele>
        <time>2025-12-27T03:40:22.000Z</time>
        <extensions>
          <ns3:TrackPointExtension>
            <ns3:hr>131</ns3:hr>
            <ns3:cad>42</ns3:cad>
          </ns3:TrackPointExtension>
        </extensions>
      </trkpt>
      <trkpt lat="35.63377649523317813873291015625" lon="127.60148291476070880889892578125">
        <ele>1130.4000244140625</ele>
        <time>2025-12-27T03:40:23.000Z</time>
        <extensions>
          <ns3:TrackPointExtension>
            <ns3:hr>131</ns3:hr>
            <ns3:cad>42</ns3:cad>
          </ns3:TrackPointExtension>
        </extensions>
      </trkpt>
      <trkpt lat="35.63379594124853610992431640625" lon="127.6014759577810764312744140625">
        <ele>1131</ele>
        <time>2025-12-27T03:40:25.000Z</time>
        <extensions>
          <ns3:TrackPointExtension>
            <ns3:hr>133</ns3:hr>
            <ns3:cad>42</ns3:cad>
          </ns3:TrackPointExtension>
        </extensions>
      </trkpt>
      <trkpt lat="35.63380985520780086517333984375" lon="127.60147176682949066162109375">
        <ele>1131.4000244140625</ele>
        <time>2025-12-27T03:40:26.000Z</time>
        <extensions>
          <ns3:TrackPointExtension>
            <ns3:hr>133</ns3:hr>
            <ns3:cad>42</ns3:cad>
          </ns3:TrackPointExtension>
        </extensions>
      </trkpt>
      <trkpt lat="35.6338453106582164764404296875" lon="127.60147201828658580780029296875">
        <ele>1132.4000244140625</ele>
        <time>2025-12-27T03:40:29.000Z</time>
        <extensions>
          <ns3:TrackPointExtension>
            <ns3:hr>135</ns3:hr>
            <ns3:cad>41</ns3:cad>
          </ns3:TrackPointExtension>
        </extensions>
      </trkpt>
      <trkpt lat="35.6338587217032909393310546875" lon="127.6014742814004421234130859375">
        <ele>1132.5999755859375</ele>
        <time>2025-12-27T03:40:30.000Z</time>
        <extensions>
          <ns3:TrackPointExtension>
            <ns3:hr>136</ns3:hr>
            <ns3:cad>0</ns3:cad>
          </ns3:TrackPointExtension>
        </extensions>
      </trkpt>
      <trkpt lat="35.633906833827495574951171875" lon="127.60147838853299617767333984375">
        <ele>1132.800048828125</ele>
        <time>2025-12-27T03:40:34.000Z</time>
        <extensions>
          <ns3:TrackPointExtension>
            <ns3:hr>139</ns3:hr>
            <ns3:cad>48</ns3:cad>
          </ns3:TrackPointExtension>
        </extensions>
      </trkpt>
      <trkpt lat="35.63396676443517208099365234375" lon="127.601495571434497833251953125">
        <ele>1133.5999755859375</ele>
        <time>2025-12-27T03:40:39.000Z</time>
        <extensions>
          <ns3:TrackPointExtension>
            <ns3:hr>139</ns3:hr>
            <ns3:cad>49</ns3:cad>
          </ns3:TrackPointExtension>
        </extensions>
      </trkpt>
      <trkpt lat="35.63399970531463623046875" lon="127.60152834467589855194091796875">
        <ele>1134.800048828125</ele>
        <time>2025-12-27T03:40:44.000Z</time>
        <extensions>
          <ns3:TrackPointExtension>
            <ns3:hr>141</ns3:hr>
            <ns3:cad>49</ns3:cad>
          </ns3:TrackPointExtension>
        </extensions>
      </trkpt>
      <trkpt lat="35.6340069137513637542724609375" lon="127.60153588838875293731689453125">
        <ele>1135</ele>
        <time>2025-12-27T03:40:45.000Z</time>
        <extensions>
          <ns3:TrackPointExtension>
            <ns3:hr>142</ns3:hr>
            <ns3:cad>48</ns3:cad>
          </ns3:TrackPointExtension>
        </extensions>
      </trkpt>
      <trkpt lat="35.6340149603784084320068359375" lon="127.60153991170227527618408203125">
        <ele>1135.4000244140625</ele>
        <time>2025-12-27T03:40:46.000Z</time>
        <extensions>
          <ns3:TrackPointExtension>
            <ns3:hr>145</ns3:hr>
            <ns3:cad>47</ns3:cad>
          </ns3:TrackPointExtension>
        </extensions>
      </trkpt>
      <trkpt lat="35.634036920964717864990234375" lon="127.601567991077899932861328125">
        <ele>1136</ele>
        <time>2025-12-27T03:40:49.000Z</time>
        <extensions>
          <ns3:TrackPointExtension>
            <ns3:hr>146</ns3:hr>
            <ns3:cad>48</ns3:cad>
          </ns3:TrackPointExtension>
        </extensions>
      </trkpt>
      <trkpt lat="35.63406516797840595245361328125" lon="127.60160394944250583648681640625">
        <ele>1136</ele>
        <time>2025-12-27T03:40:52.000Z</time>
        <extensions>
          <ns3:TrackPointExtension>
            <ns3:hr>147</ns3:hr>
            <ns3:cad>47</ns3:cad>
          </ns3:TrackPointExtension>
        </extensions>
      </trkpt>
      <trkpt lat="35.634085871279239654541015625" lon="127.60164937935769557952880859375">
        <ele>1134.800048828125</ele>
        <time>2025-12-27T03:40:56.000Z</time>
        <extensions>
          <ns3:TrackPointExtension>
            <ns3:hr>148</ns3:hr>
            <ns3:cad>61</ns3:cad>
          </ns3:TrackPointExtension>
        </extensions>
      </trkpt>
      <trkpt lat="35.6340907327830791473388671875" lon="127.6016937196254730224609375">
        <ele>1133.5999755859375</ele>
        <time>2025-12-27T03:40:59.000Z</time>
        <extensions>
          <ns3:TrackPointExtension>
            <ns3:hr>149</ns3:hr>
            <ns3:cad>61</ns3:cad>
          </ns3:TrackPointExtension>
        </extensions>
      </trkpt>
      <trkpt lat="35.63410640694200992584228515625" lon="127.60175566188991069793701171875">
        <ele>1132.5999755859375</ele>
        <time>2025-12-27T03:41:02.000Z</time>
        <extensions>
          <ns3:TrackPointExtension>
            <ns3:hr>148</ns3:hr>
            <ns3:cad>63</ns3:cad>
          </ns3:TrackPointExtension>
        </extensions>
      </trkpt>
      <trkpt lat="35.6341343186795711517333984375" lon="127.60179924778640270233154296875">
        <ele>1132</ele>
        <time>2025-12-27T03:41:05.000Z</time>
        <extensions>
          <ns3:TrackPointExtension>
            <ns3:hr>148</ns3:hr>
            <ns3:cad>66</ns3:cad>
          </ns3:TrackPointExtension>
        </extensions>
      </trkpt>
      <trkpt lat="35.6341675110161304473876953125" lon="127.6018179394304752349853515625">
        <ele>1131.4000244140625</ele>
        <time>2025-12-27T03:41:08.000Z</time>
        <extensions>
          <ns3:TrackPointExtension>
            <ns3:hr>147</ns3:hr>
            <ns3:cad>60</ns3:cad>
          </ns3:TrackPointExtension>
        </extensions>
      </trkpt>
      <trkpt lat="35.634204559028148651123046875" lon="127.60185557417571544647216796875">
        <ele>1130.4000244140625</ele>
        <time>2025-12-27T03:41:12.000Z</time>
        <extensions>
          <ns3:TrackPointExtension>
            <ns3:hr>146</ns3:hr>
            <ns3:cad>0</ns3:cad>
          </ns3:TrackPointExtension>
        </extensions>
      </trkpt>
      <trkpt lat="35.63427974469959735870361328125" lon="127.60194308124482631683349609375">
        <ele>1129.5999755859375</ele>
        <time>2025-12-27T03:41:20.000Z</time>
        <extensions>
          <ns3:TrackPointExtension>
            <ns3:hr>143</ns3:hr>
            <ns3:cad>59</ns3:cad>
          </ns3:TrackPointExtension>
        </extensions>
      </trkpt>
      <trkpt lat="35.6342902220785617828369140625" lon="127.60195724666118621826171875">
        <ele>1129.5999755859375</ele>
        <time>2025-12-27T03:41:21.000Z</time>
        <extensions>
          <ns3:TrackPointExtension>
            <ns3:hr>143</ns3:hr>
            <ns3:cad>57</ns3:cad>
          </ns3:TrackPointExtension>
        </extensions>
      </trkpt>
      <trkpt lat="35.634340345859527587890625" lon="127.60199655778706073760986328125">
        <ele>1130.199951171875</ele>
        <time>2025-12-27T03:41:26.000Z</time>
        <extensions>
          <ns3:TrackPointExtension>
            <ns3:hr>140</ns3:hr>
            <ns3:cad>54</ns3:cad>
          </ns3:TrackPointExtension>
        </extensions>
      </trkpt>
      <trkpt lat="35.63435434363782405853271484375" lon="127.60201483033597469329833984375">
        <ele>1130.4000244140625</ele>
        <time>2025-12-27T03:41:28.000Z</time>
        <extensions>
          <ns3:TrackPointExtension>
            <ns3:hr>136</ns3:hr>
            <ns3:cad>54</ns3:cad>
          </ns3:TrackPointExtension>
        </extensions>
      </trkpt>
      <trkpt lat="35.6343716941773891448974609375" lon="127.60203343816101551055908203125">
        <ele>1130.4000244140625</ele>
        <time>2025-12-27T03:41:30.000Z</time>
        <extensions>
          <ns3:TrackPointExtension>
            <ns3:hr>134</ns3:hr>
            <ns3:cad>51</ns3:cad>
          </ns3:TrackPointExtension>
        </extensions>
      </trkpt>
      <trkpt lat="35.63442684710025787353515625" lon="127.602094709873199462890625">
        <ele>1130.800048828125</ele>
        <time>2025-12-27T03:41:36.000Z</time>
        <extensions>
          <ns3:TrackPointExtension>
            <ns3:hr>131</ns3:hr>
            <ns3:cad>51</ns3:cad>
          </ns3:TrackPointExtension>
        </extensions>
      </trkpt>
      <trkpt lat="35.63444830477237701416015625" lon="127.602154053747653961181640625">
        <ele>1131</ele>
        <time>2025-12-27T03:41:40.000Z</time>
        <extensions>
          <ns3:TrackPointExtension>
            <ns3:hr>130</ns3:hr>
            <ns3:cad>54</ns3:cad>
          </ns3:TrackPointExtension>
        </extensions>
      </trkpt>
      <trkpt lat="35.63448862172663211822509765625" lon="127.60228204540908336639404296875">
        <ele>1129.199951171875</ele>
        <time>2025-12-27T03:41:48.000Z</time>
        <extensions>
          <ns3:TrackPointExtension>
            <ns3:hr>129</ns3:hr>
            <ns3:cad>57</ns3:cad>
          </ns3:TrackPointExtension>
        </extensions>
      </trkpt>
      <trkpt lat="35.6344972550868988037109375" lon="127.60234373621642589569091796875">
        <ele>1128.199951171875</ele>
        <time>2025-12-27T03:41:52.000Z</time>
        <extensions>
          <ns3:TrackPointExtension>
            <ns3:hr>128</ns3:hr>
            <ns3:cad>59</ns3:cad>
          </ns3:TrackPointExtension>
        </extensions>
      </trkpt>
      <trkpt lat="35.634485185146331787109375" lon="127.6023989729583263397216796875">
        <ele>1127.199951171875</ele>
        <time>2025-12-27T03:41:55.000Z</time>
        <extensions>
          <ns3:TrackPointExtension>
            <ns3:hr>128</ns3:hr>
            <ns3:cad>59</ns3:cad>
          </ns3:TrackPointExtension>
        </extensions>
      </trkpt>
      <trkpt lat="35.63447034917771816253662109375" lon="127.6024633459746837615966796875">
        <ele>1125.800048828125</ele>
        <time>2025-12-27T03:41:59.000Z</time>
        <extensions>
          <ns3:TrackPointExtension>
            <ns3:hr>127</ns3:hr>
            <ns3:cad>63</ns3:cad>
          </ns3:TrackPointExtension>
        </extensions>
      </trkpt>
      <trkpt lat="35.63447085209190845489501953125" lon="127.6024807803332805633544921875">
        <ele>1125.5999755859375</ele>
        <time>2025-12-27T03:42:00.000Z</time>
        <extensions>
          <ns3:TrackPointExtension>
            <ns3:hr>127</ns3:hr>
            <ns3:cad>63</ns3:cad>
          </ns3:TrackPointExtension>
        </extensions>
      </trkpt>
      <trkpt lat="35.6344789825379848480224609375" lon="127.60258278809487819671630859375">
        <ele>1124.800048828125</ele>
        <time>2025-12-27T03:42:06.000Z</time>
        <extensions>
          <ns3:TrackPointExtension>
            <ns3:hr>127</ns3:hr>
            <ns3:cad>60</ns3:cad>
          </ns3:TrackPointExtension>
        </extensions>
      </trkpt>
      <trkpt lat="35.63449750654399394989013671875" lon="127.6026350073516368865966796875">
        <ele>1125</ele>
        <time>2025-12-27T03:42:10.000Z</time>
        <extensions>
          <ns3:TrackPointExtension>
            <ns3:hr>126</ns3:hr>
            <ns3:cad>56</ns3:cad>
          </ns3:TrackPointExtension>
        </extensions>
      </trkpt>
      <trkpt lat="35.63455500639975070953369140625" lon="127.60277607478201389312744140625">
        <ele>1124.4000244140625</ele>
        <time>2025-12-27T03:42:20.000Z</time>
        <extensions>
          <ns3:TrackPointExtension>
            <ns3:hr>125</ns3:hr>
            <ns3:cad>57</ns3:cad>
          </ns3:TrackPointExtension>
        </extensions>
      </trkpt>
      <trkpt lat="35.6346214748919010162353515625" lon="127.60291890241205692291259765625">
        <ele>1124.199951171875</ele>
        <time>2025-12-27T03:42:30.000Z</time>
        <extensions>
          <ns3:TrackPointExtension>
            <ns3:hr>124</ns3:hr>
            <ns3:cad>58</ns3:cad>
          </ns3:TrackPointExtension>
        </extensions>
      </trkpt>
      <trkpt lat="35.634678304195404052734375" lon="127.60302267037332057952880859375">
        <ele>1123.800048828125</ele>
        <time>2025-12-27T03:42:38.000Z</time>
        <extensions>
          <ns3:TrackPointExtension>
            <ns3:hr>123</ns3:hr>
            <ns3:cad>53</ns3:cad>
          </ns3:TrackPointExtension>
        </extensions>
      </trkpt>
      <trkpt lat="35.63468995504081249237060546875" lon="127.60303289629518985748291015625">
        <ele>1123.4000244140625</ele>
        <time>2025-12-27T03:42:39.000Z</time>
        <extensions>
          <ns3:TrackPointExtension>
            <ns3:hr>122</ns3:hr>
            <ns3:cad>55</ns3:cad>
          </ns3:TrackPointExtension>
        </extensions>
      </trkpt>
      <trkpt lat="35.63477142713963985443115234375" lon="127.60314554907381534576416015625">
        <ele>1123.199951171875</ele>
        <time>2025-12-27T03:42:48.000Z</time>
        <extensions>
          <ns3:TrackPointExtension>
            <ns3:hr>121</ns3:hr>
            <ns3:cad>57</ns3:cad>
          </ns3:TrackPointExtension>
        </extensions>
      </trkpt>
      <trkpt lat="35.6347904540598392486572265625" lon="127.60327555239200592041015625">
        <ele>1124.5999755859375</ele>
        <time>2025-12-27T03:42:58.000Z</time>
        <extensions>
          <ns3:TrackPointExtension>
            <ns3:hr>119</ns3:hr>
            <ns3:cad>52</ns3:cad>
          </ns3:TrackPointExtension>
        </extensions>
      </trkpt>
      <trkpt lat="35.63478634692728519439697265625" lon="127.60328619740903377532958984375">
        <ele>1124.800048828125</ele>
        <time>2025-12-27T03:42:59.000Z</time>
        <extensions>
          <ns3:TrackPointExtension>
            <ns3:hr>118</ns3:hr>
            <ns3:cad>50</ns3:cad>
          </ns3:TrackPointExtension>
        </extensions>
      </trkpt>
      <trkpt lat="35.634785592555999755859375" lon="127.603344954550266265869140625">
        <ele>1126</ele>
        <time>2025-12-27T03:43:04.000Z</time>
        <extensions>
          <ns3:TrackPointExtension>
            <ns3:hr>119</ns3:hr>
            <ns3:cad>49</ns3:cad>
          </ns3:TrackPointExtension>
        </extensions>
      </trkpt>
      <trkpt lat="35.6347917951643466949462890625" lon="127.6033625565469264984130859375">
        <ele>1126.4000244140625</ele>
        <time>2025-12-27T03:43:06.000Z</time>
        <extensions>
          <ns3:TrackPointExtension>
            <ns3:hr>120</ns3:hr>
            <ns3:cad>50</ns3:cad>
          </ns3:TrackPointExtension>
        </extensions>
      </trkpt>
      <trkpt lat="35.63479707576334476470947265625" lon="127.60336850769817829132080078125">
        <ele>1126.800048828125</ele>
        <time>2025-12-27T03:43:07.000Z</time>
        <extensions>
          <ns3:TrackPointExtension>
            <ns3:hr>121</ns3:hr>
            <ns3:cad>50</ns3:cad>
          </ns3:TrackPointExtension>
        </extensions>
      </trkpt>
      <trkpt lat="35.63480042852461338043212890625" lon="127.60337655432522296905517578125">
        <ele>1127</ele>
        <time>2025-12-27T03:43:08.000Z</time>
        <extensions>
          <ns3:TrackPointExtension>
            <ns3:hr>121</ns3:hr>
            <ns3:cad>50</ns3:cad>
          </ns3:TrackPointExtension>
        </extensions>
      </trkpt>
      <trkpt lat="35.63481518067419528961181640625" lon="127.60341905057430267333984375">
        <ele>1127.800048828125</ele>
        <time>2025-12-27T03:43:11.000Z</time>
        <extensions>
          <ns3:TrackPointExtension>
            <ns3:hr>124</ns3:hr>
            <ns3:cad>50</ns3:cad>
          </ns3:TrackPointExtension>
        </extensions>
      </trkpt>
      <trkpt lat="35.634836219251155853271484375" lon="127.60346037335693836212158203125">
        <ele>1128</ele>
        <time>2025-12-27T03:43:14.000Z</time>
        <extensions>
          <ns3:TrackPointExtension>
            <ns3:hr>125</ns3:hr>
            <ns3:cad>48</ns3:cad>
          </ns3:TrackPointExtension>
        </extensions>
      </trkpt>
      <trkpt lat="35.634842924773693084716796875" lon="127.6034762151539325714111328125">
        <ele>1128</ele>
        <time>2025-12-27T03:43:15.000Z</time>
        <extensions>
          <ns3:TrackPointExtension>
            <ns3:hr>125</ns3:hr>
            <ns3:cad>48</ns3:cad>
          </ns3:TrackPointExtension>
        </extensions>
      </trkpt>
      <trkpt lat="35.634849965572357177734375" lon="127.6036141812801361083984375">
        <ele>1127.4000244140625</ele>
        <time>2025-12-27T03:43:24.000Z</time>
        <extensions>
          <ns3:TrackPointExtension>
            <ns3:hr>127</ns3:hr>
            <ns3:cad>53</ns3:cad>
          </ns3:TrackPointExtension>
        </extensions>
      </trkpt>
      <trkpt lat="35.6348457746207714080810546875" lon="127.60366086848080158233642578125">
        <ele>1126.800048828125</ele>
        <time>2025-12-27T03:43:27.000Z</time>
        <extensions>
          <ns3:TrackPointExtension>
            <ns3:hr>125</ns3:hr>
            <ns3:cad>57</ns3:cad>
          </ns3:TrackPointExtension>
        </extensions>
      </trkpt>
      <trkpt lat="35.634844936430454254150390625" lon="127.60370470583438873291015625">
        <ele>1125.5999755859375</ele>
        <time>2025-12-27T03:43:30.000Z</time>
        <extensions>
          <ns3:TrackPointExtension>
            <ns3:hr>124</ns3:hr>
            <ns3:cad>60</ns3:cad>
          </ns3:TrackPointExtension>
        </extensions>
      </trkpt>
      <trkpt lat="35.6348491273820400238037109375" lon="127.60375256650149822235107421875">
        <ele>1124.199951171875</ele>
        <time>2025-12-27T03:43:33.000Z</time>
        <extensions>
          <ns3:TrackPointExtension>
            <ns3:hr>124</ns3:hr>
            <ns3:cad>62</ns3:cad>
          </ns3:TrackPointExtension>
        </extensions>
      </trkpt>
      <trkpt lat="35.63486815430223941802978515625" lon="127.6038101501762866973876953125">
        <ele>1122.800048828125</ele>
        <time>2025-12-27T03:43:36.000Z</time>
        <extensions>
          <ns3:TrackPointExtension>
            <ns3:hr>124</ns3:hr>
            <ns3:cad>62</ns3:cad>
          </ns3:TrackPointExtension>
        </extensions>
      </trkpt>
      <trkpt lat="35.63492439687252044677734375" lon="127.60385365225374698638916015625">
        <ele>1121.800048828125</ele>
        <time>2025-12-27T03:43:41.000Z</time>
        <extensions>
          <ns3:TrackPointExtension>
            <ns3:hr>124</ns3:hr>
            <ns3:cad>62</ns3:cad>
          </ns3:TrackPointExtension>
        </extensions>
      </trkpt>
      <trkpt lat="35.6349661387503147125244140625" lon="127.60385046713054180145263671875">
        <ele>1121.4000244140625</ele>
        <time>2025-12-27T03:43:44.000Z</time>
        <extensions>
          <ns3:TrackPointExtension>
            <ns3:hr>127</ns3:hr>
            <ns3:cad>60</ns3:cad>
          </ns3:TrackPointExtension>
        </extensions>
      </trkpt>
      <trkpt lat="35.63499681651592254638671875" lon="127.603843845427036285400390625">
        <ele>1120.800048828125</ele>
        <time>2025-12-27T03:43:46.000Z</time>
        <extensions>
          <ns3:TrackPointExtension>
            <ns3:hr>127</ns3:hr>
            <ns3:cad>57</ns3:cad>
          </ns3:TrackPointExtension>
        </extensions>
      </trkpt>
      <trkpt lat="35.63502673991024494171142578125" lon="127.60383571498095989227294921875">
        <ele>1119.5999755859375</ele>
        <time>2025-12-27T03:43:49.000Z</time>
        <extensions>
          <ns3:TrackPointExtension>
            <ns3:hr>127</ns3:hr>
            <ns3:cad>58</ns3:cad>
          </ns3:TrackPointExtension>
        </extensions>
      </trkpt>
      <trkpt lat="35.6350660510361194610595703125" lon="127.60383755899965763092041015625">
        <ele>1118.199951171875</ele>
        <time>2025-12-27T03:43:52.000Z</time>
        <extensions>
          <ns3:TrackPointExtension>
            <ns3:hr>126</ns3:hr>
            <ns3:cad>60</ns3:cad>
          </ns3:TrackPointExtension>
        </extensions>
      </trkpt>
      <trkpt lat="35.63511122949421405792236328125" lon="127.603844515979290008544921875">
        <ele>1116.800048828125</ele>
        <time>2025-12-27T03:43:55.000Z</time>
        <extensions>
          <ns3:TrackPointExtension>
            <ns3:hr>125</ns3:hr>
            <ns3:cad>64</ns3:cad>
          </ns3:TrackPointExtension>
        </extensions>
      </trkpt>
      <trkpt lat="35.6351304240524768829345703125" lon="127.60385893285274505615234375">
        <ele>1116</ele>
        <time>2025-12-27T03:43:57.000Z</time>
        <extensions>
          <ns3:TrackPointExtension>
            <ns3:hr>124</ns3:hr>
            <ns3:cad>64</ns3:cad>
          </ns3:TrackPointExtension>
        </extensions>
      </trkpt>
      <trkpt lat="35.63514039851725101470947265625" lon="127.60386840440332889556884765625">
        <ele>1115.800048828125</ele>
        <time>2025-12-27T03:43:58.000Z</time>
        <extensions>
          <ns3:TrackPointExtension>
            <ns3:hr>123</ns3:hr>
            <ns3:cad>64</ns3:cad>
          </ns3:TrackPointExtension>
        </extensions>
      </trkpt>
      <trkpt lat="35.63520929776132106781005859375" lon="127.6039003394544124603271484375">
        <ele>1115.199951171875</ele>
        <time>2025-12-27T03:44:04.000Z</time>
        <extensions>
          <ns3:TrackPointExtension>
            <ns3:hr>122</ns3:hr>
            <ns3:cad>56</ns3:cad>
          </ns3:TrackPointExtension>
        </extensions>
      </trkpt>
      <trkpt lat="35.63530351035296916961669921875" lon="127.60393914766609668731689453125">
        <ele>1114.5999755859375</ele>
        <time>2025-12-27T03:44:12.000Z</time>
        <extensions>
          <ns3:TrackPointExtension>
            <ns3:hr>120</ns3:hr>
            <ns3:cad>55</ns3:cad>
          </ns3:TrackPointExtension>
        </extensions>
      </trkpt>
      <trkpt lat="35.6353154964745044708251953125" lon="127.6039439253509044647216796875">
        <ele>1114.199951171875</ele>
        <time>2025-12-27T03:44:13.000Z</time>
        <extensions>
          <ns3:TrackPointExtension>
            <ns3:hr>119</ns3:hr>
            <ns3:cad>55</ns3:cad>
          </ns3:TrackPointExtension>
        </extensions>
      </trkpt>
      <trkpt lat="35.6353540532290935516357421875" lon="127.60396647267043590545654296875">
        <ele>1113.4000244140625</ele>
        <time>2025-12-27T03:44:16.000Z</time>
        <extensions>
          <ns3:TrackPointExtension>
            <ns3:hr>119</ns3:hr>
            <ns3:cad>60</ns3:cad>
          </ns3:TrackPointExtension>
        </extensions>
      </trkpt>
      <trkpt lat="35.63543342985212802886962890625" lon="127.60402967222034931182861328125">
        <ele>1112.800048828125</ele>
        <time>2025-12-27T03:44:23.000Z</time>
        <extensions>
          <ns3:TrackPointExtension>
            <ns3:hr>118</ns3:hr>
            <ns3:cad>59</ns3:cad>
          </ns3:TrackPointExtension>
        </extensions>
      </trkpt>
      <trkpt lat="35.63545824028551578521728515625" lon="127.60403252206742763519287109375">
        <ele>1113.199951171875</ele>
        <time>2025-12-27T03:44:25.000Z</time>
        <extensions>
          <ns3:TrackPointExtension>
            <ns3:hr>117</ns3:hr>
            <ns3:cad>56</ns3:cad>
          </ns3:TrackPointExtension>
        </extensions>
      </trkpt>
      <trkpt lat="35.635485313832759857177734375" lon="127.604010812938213348388671875">
        <ele>1113.199951171875</ele>
        <time>2025-12-27T03:44:29.000Z</time>
        <extensions>
          <ns3:TrackPointExtension>
            <ns3:hr>117</ns3:hr>
            <ns3:cad>52</ns3:cad>
          </ns3:TrackPointExtension>
        </extensions>
      </trkpt>
      <trkpt lat="35.6355927698314189910888671875" lon="127.60393311269581317901611328125">
        <ele>1112.800048828125</ele>
        <time>2025-12-27T03:44:38.000Z</time>
        <extensions>
          <ns3:TrackPointExtension>
            <ns3:hr>116</ns3:hr>
            <ns3:cad>55</ns3:cad>
          </ns3:TrackPointExtension>
        </extensions>
      </trkpt>
      <trkpt lat="35.63571170903742313385009765625" lon="127.6038745231926441192626953125">
        <ele>1113.5999755859375</ele>
        <time>2025-12-27T03:44:47.000Z</time>
        <extensions>
          <ns3:TrackPointExtension>
            <ns3:hr>114</ns3:hr>
            <ns3:cad>53</ns3:cad>
          </ns3:TrackPointExtension>
        </extensions>
      </trkpt>
      <trkpt lat="35.63578329049050807952880859375" lon="127.60379497893154621124267578125">
        <ele>1113.4000244140625</ele>
        <time>2025-12-27T03:44:56.000Z</time>
        <extensions>
          <ns3:TrackPointExtension>
            <ns3:hr>113</ns3:hr>
            <ns3:cad>55</ns3:cad>
          </ns3:TrackPointExtension>
        </extensions>
      </trkpt>
      <trkpt lat="35.6359089352190494537353515625" lon="127.60377041995525360107421875">
        <ele>1113.4000244140625</ele>
        <time>2025-12-27T03:45:05.000Z</time>
        <extensions>
          <ns3:TrackPointExtension>
            <ns3:hr>111</ns3:hr>
            <ns3:cad>53</ns3:cad>
          </ns3:TrackPointExtension>
        </extensions>
      </trkpt>
      <trkpt lat="35.6359944306313991546630859375" lon="127.6037611998617649078369140625">
        <ele>1113.800048828125</ele>
        <time>2025-12-27T03:45:13.000Z</time>
        <extensions>
          <ns3:TrackPointExtension>
            <ns3:hr>110</ns3:hr>
            <ns3:cad>53</ns3:cad>
          </ns3:TrackPointExtension>
        </extensions>
      </trkpt>
      <trkpt lat="35.6360846199095249176025390625" lon="127.603771425783634185791015625">
        <ele>1114</ele>
        <time>2025-12-27T03:45:20.000Z</time>
        <extensions>
          <ns3:TrackPointExtension>
            <ns3:hr>113</ns3:hr>
            <ns3:cad>55</ns3:cad>
          </ns3:TrackPointExtension>
        </extensions>
      </trkpt>
      <trkpt lat="35.636148490011692047119140625" lon="127.6037927158176898956298828125">
        <ele>1113.5999755859375</ele>
        <time>2025-12-27T03:45:25.000Z</time>
        <extensions>
          <ns3:TrackPointExtension>
            <ns3:hr>114</ns3:hr>
            <ns3:cad>54</ns3:cad>
          </ns3:TrackPointExtension>
        </extensions>
      </trkpt>
      <trkpt lat="35.6362351588904857635498046875" lon="127.603843845427036285400390625">
        <ele>1114.4000244140625</ele>
        <time>2025-12-27T03:45:34.000Z</time>
        <extensions>
          <ns3:TrackPointExtension>
            <ns3:hr>113</ns3:hr>
            <ns3:cad>53</ns3:cad>
          </ns3:TrackPointExtension>
        </extensions>
      </trkpt>
      <trkpt lat="35.63624345697462558746337890625" lon="127.6038530655205249786376953125">
        <ele>1114.5999755859375</ele>
        <time>2025-12-27T03:45:35.000Z</time>
        <extensions>
          <ns3:TrackPointExtension>
            <ns3:hr>114</ns3:hr>
            <ns3:cad>52</ns3:cad>
          </ns3:TrackPointExtension>
        </extensions>
      </trkpt>
      <trkpt lat="35.636295340955257415771484375" lon="127.60388466529548168182373046875">
        <ele>1115.5999755859375</ele>
        <time>2025-12-27T03:45:40.000Z</time>
        <extensions>
          <ns3:TrackPointExtension>
            <ns3:hr>114</ns3:hr>
            <ns3:cad>47</ns3:cad>
          </ns3:TrackPointExtension>
        </extensions>
      </trkpt>
      <trkpt lat="35.63632559962570667266845703125" lon="127.603890113532543182373046875">
        <ele>1116.4000244140625</ele>
        <time>2025-12-27T03:45:44.000Z</time>
        <extensions>
          <ns3:TrackPointExtension>
            <ns3:hr>117</ns3:hr>
            <ns3:cad>47</ns3:cad>
          </ns3:TrackPointExtension>
        </extensions>
      </trkpt>
      <trkpt lat="35.6363266892731189727783203125" lon="127.60391115210950374603271484375">
        <ele>1116.4000244140625</ele>
        <time>2025-12-27T03:45:47.000Z</time>
        <extensions>
          <ns3:TrackPointExtension>
            <ns3:hr>118</ns3:hr>
            <ns3:cad>46</ns3:cad>
          </ns3:TrackPointExtension>
        </extensions>
      </trkpt>
      <trkpt lat="35.63633121550083160400390625" lon="127.60393847711384296417236328125">
        <ele>1115.800048828125</ele>
        <time>2025-12-27T03:45:49.000Z</time>
        <extensions>
          <ns3:TrackPointExtension>
            <ns3:hr>118</ns3:hr>
            <ns3:cad>46</ns3:cad>
          </ns3:TrackPointExtension>
        </extensions>
      </trkpt>
      <trkpt lat="35.63633096404373645782470703125" lon="127.60398223064839839935302734375">
        <ele>1114.199951171875</ele>
        <time>2025-12-27T03:45:52.000Z</time>
        <extensions>
          <ns3:TrackPointExtension>
            <ns3:hr>118</ns3:hr>
            <ns3:cad>0</ns3:cad>
          </ns3:TrackPointExtension>
        </extensions>
      </trkpt>
      <trkpt lat="35.636345632374286651611328125" lon="127.60403729975223541259765625">
        <ele>1113.199951171875</ele>
        <time>2025-12-27T03:45:55.000Z</time>
        <extensions>
          <ns3:TrackPointExtension>
            <ns3:hr>117</ns3:hr>
            <ns3:cad>0</ns3:cad>
          </ns3:TrackPointExtension>
        </extensions>
      </trkpt>
      <trkpt lat="35.63639223575592041015625" lon="127.60412556119263172149658203125">
        <ele>1113.5999755859375</ele>
        <time>2025-12-27T03:46:02.000Z</time>
        <extensions>
          <ns3:TrackPointExtension>
            <ns3:hr>116</ns3:hr>
            <ns3:cad>66</ns3:cad>
          </ns3:TrackPointExtension>
        </extensions>
      </trkpt>
      <trkpt lat="35.63642182387411594390869140625" lon="127.60421843267977237701416015625">
        <ele>1113.199951171875</ele>
        <time>2025-12-27T03:46:09.000Z</time>
        <extensions>
          <ns3:TrackPointExtension>
            <ns3:hr>116</ns3:hr>
            <ns3:cad>51</ns3:cad>
          </ns3:TrackPointExtension>
        </extensions>
      </trkpt>
      <trkpt lat="35.63645568676292896270751953125" lon="127.60431264527142047882080078125">
        <ele>1112.4000244140625</ele>
        <time>2025-12-27T03:46:16.000Z</time>
        <extensions>
          <ns3:TrackPointExtension>
            <ns3:hr>117</ns3:hr>
            <ns3:cad>60</ns3:cad>
          </ns3:TrackPointExtension>
        </extensions>
      </trkpt>
      <trkpt lat="35.63646943308413028717041015625" lon="127.60434332303702831268310546875">
        <ele>1112.199951171875</ele>
        <time>2025-12-27T03:46:18.000Z</time>
        <extensions>
          <ns3:TrackPointExtension>
            <ns3:hr>119</ns3:hr>
            <ns3:cad>60</ns3:cad>
          </ns3:TrackPointExtension>
        </extensions>
      </trkpt>
      <trkpt lat="35.63650832511484622955322265625" lon="127.6044280640780925750732421875">
        <ele>1112.5999755859375</ele>
        <time>2025-12-27T03:46:24.000Z</time>
        <extensions>
          <ns3:TrackPointExtension>
            <ns3:hr>123</ns3:hr>
            <ns3:cad>59</ns3:cad>
          </ns3:TrackPointExtension>
        </extensions>
      </trkpt>
      <trkpt lat="35.63652609474956989288330078125" lon="127.60445647872984409332275390625">
        <ele>1113.4000244140625</ele>
        <time>2025-12-27T03:46:27.000Z</time>
        <extensions>
          <ns3:TrackPointExtension>
            <ns3:hr>124</ns3:hr>
            <ns3:cad>59</ns3:cad>
          </ns3:TrackPointExtension>
        </extensions>
      </trkpt>
      <trkpt lat="35.636544115841388702392578125" lon="127.604462765157222747802734375">
        <ele>1113.800048828125</ele>
        <time>2025-12-27T03:46:29.000Z</time>
        <extensions>
          <ns3:TrackPointExtension>
            <ns3:hr>123</ns3:hr>
            <ns3:cad>53</ns3:cad>
          </ns3:TrackPointExtension>
        </extensions>
      </trkpt>
      <trkpt lat="35.63656590878963470458984375" lon="127.60447223670780658721923828125">
        <ele>1114.199951171875</ele>
        <time>2025-12-27T03:46:31.000Z</time>
        <extensions>
          <ns3:TrackPointExtension>
            <ns3:hr>123</ns3:hr>
            <ns3:cad>53</ns3:cad>
          </ns3:TrackPointExtension>
        </extensions>
      </trkpt>
      <trkpt lat="35.63657940365374088287353515625" lon="127.604478187859058380126953125">
        <ele>1114.4000244140625</ele>
        <time>2025-12-27T03:46:32.000Z</time>
        <extensions>
          <ns3:TrackPointExtension>
            <ns3:hr>123</ns3:hr>
            <ns3:cad>53</ns3:cad>
          </ns3:TrackPointExtension>
        </extensions>
      </trkpt>
      <trkpt lat="35.63661150634288787841796875" lon="127.60449193418025970458984375">
        <ele>1115.199951171875</ele>
        <time>2025-12-27T03:46:35.000Z</time>
        <extensions>
          <ns3:TrackPointExtension>
            <ns3:hr>126</ns3:hr>
            <ns3:cad>52</ns3:cad>
          </ns3:TrackPointExtension>
        </extensions>
      </trkpt>
      <trkpt lat="35.63663673587143421173095703125" lon="127.60449863970279693603515625">
        <ele>1115.5999755859375</ele>
        <time>2025-12-27T03:46:37.000Z</time>
        <extensions>
          <ns3:TrackPointExtension>
            <ns3:hr>127</ns3:hr>
            <ns3:cad>52</ns3:cad>
          </ns3:TrackPointExtension>
        </extensions>
      </trkpt>
      <trkpt lat="35.6366653181612491607666015625" lon="127.6045105420053005218505859375">
        <ele>1115.800048828125</ele>
        <time>2025-12-27T03:46:39.000Z</time>
        <extensions>
          <ns3:TrackPointExtension>
            <ns3:hr>129</ns3:hr>
            <ns3:cad>52</ns3:cad>
          </ns3:TrackPointExtension>
        </extensions>
      </trkpt>
      <trkpt lat="35.6367407552897930145263671875" lon="127.60452453978359699249267578125">
        <ele>1114.5999755859375</ele>
        <time>2025-12-27T03:46:44.000Z</time>
        <extensions>
          <ns3:TrackPointExtension>
            <ns3:hr>131</ns3:hr>
            <ns3:cad>54</ns3:cad>
          </ns3:TrackPointExtension>
        </extensions>
      </trkpt>
      <trkpt lat="35.6367602013051509857177734375" lon="127.60451733134686946868896484375">
        <ele>1114</ele>
        <time>2025-12-27T03:46:45.000Z</time>
        <extensions>
          <ns3:TrackPointExtension>
            <ns3:hr>131</ns3:hr>
            <ns3:cad>54</ns3:cad>
          </ns3:TrackPointExtension>
        </extensions>
      </trkpt>
      <trkpt lat="35.63679565675556659698486328125" lon="127.6044974662363529205322265625">
        <ele>1113</ele>
        <time>2025-12-27T03:46:47.000Z</time>
        <extensions>
          <ns3:TrackPointExtension>
            <ns3:hr>131</ns3:hr>
            <ns3:cad>70</ns3:cad>
          </ns3:TrackPointExtension>
        </extensions>
      </trkpt>
      <trkpt lat="35.636853910982608795166015625" lon="127.604483552277088165283203125">
        <ele>1111.800048828125</ele>
        <time>2025-12-27T03:46:50.000Z</time>
        <extensions>
          <ns3:TrackPointExtension>
            <ns3:hr>130</ns3:hr>
            <ns3:cad>72</ns3:cad>
          </ns3:TrackPointExtension>
        </extensions>
      </trkpt>
      <trkpt lat="35.6368728540837764739990234375" lon="127.6044750027358531951904296875">
        <ele>1111.5999755859375</ele>
        <time>2025-12-27T03:46:51.000Z</time>
        <extensions>
          <ns3:TrackPointExtension>
            <ns3:hr>130</ns3:hr>
            <ns3:cad>72</ns3:cad>
          </ns3:TrackPointExtension>
        </extensions>
      </trkpt>
      <trkpt lat="35.63690495677292346954345703125" lon="127.60446318425238132476806640625">
        <ele>1110.800048828125</ele>
        <time>2025-12-27T03:46:53.000Z</time>
        <extensions>
          <ns3:TrackPointExtension>
            <ns3:hr>132</ns3:hr>
            <ns3:cad>72</ns3:cad>
          </ns3:TrackPointExtension>
        </extensions>
      </trkpt>
      <trkpt lat="35.63694736920297145843505859375" lon="127.60446720756590366363525390625">
        <ele>1109.4000244140625</ele>
        <time>2025-12-27T03:46:56.000Z</time>
        <extensions>
          <ns3:TrackPointExtension>
            <ns3:hr>133</ns3:hr>
            <ns3:cad>0</ns3:cad>
          </ns3:TrackPointExtension>
        </extensions>
      </trkpt>
      <trkpt lat="35.63697838224470615386962890625" lon="127.60447852313518524169921875">
        <ele>1108.4000244140625</ele>
        <time>2025-12-27T03:46:58.000Z</time>
        <extensions>
          <ns3:TrackPointExtension>
            <ns3:hr>133</ns3:hr>
            <ns3:cad>0</ns3:cad>
          </ns3:TrackPointExtension>
        </extensions>
      </trkpt>
      <trkpt lat="35.6370185315608978271484375" lon="127.60449059307575225830078125">
        <ele>1107.199951171875</ele>
        <time>2025-12-27T03:47:00.000Z</time>
        <extensions>
          <ns3:TrackPointExtension>
            <ns3:hr>132</ns3:hr>
            <ns3:cad>0</ns3:cad>
          </ns3:TrackPointExtension>
        </extensions>
      </trkpt>
      <trkpt lat="35.637058429419994354248046875" lon="127.60450308211147785186767578125">
        <ele>1106</ele>
        <time>2025-12-27T03:47:02.000Z</time>
        <extensions>
          <ns3:TrackPointExtension>
            <ns3:hr>132</ns3:hr>
            <ns3:cad>0</ns3:cad>
          </ns3:TrackPointExtension>
        </extensions>
      </trkpt>
      <trkpt lat="35.63712489791214466094970703125" lon="127.60450827889144420623779296875">
        <ele>1104.800048828125</ele>
        <time>2025-12-27T03:47:05.000Z</time>
        <extensions>
          <ns3:TrackPointExtension>
            <ns3:hr>131</ns3:hr>
            <ns3:cad>82</ns3:cad>
          </ns3:TrackPointExtension>
        </extensions>
      </trkpt>
      <trkpt lat="35.63721592538058757781982421875" lon="127.60448849759995937347412109375">
        <ele>1103.4000244140625</ele>
        <time>2025-12-27T03:47:09.000Z</time>
        <extensions>
          <ns3:TrackPointExtension>
            <ns3:hr>133</ns3:hr>
            <ns3:cad>82</ns3:cad>
          </ns3:TrackPointExtension>
        </extensions>
      </trkpt>
      <trkpt lat="35.6372607685625553131103515625" lon="127.6044706441462039947509765625">
        <ele>1102.4000244140625</ele>
        <time>2025-12-27T03:47:12.000Z</time>
        <extensions>
          <ns3:TrackPointExtension>
            <ns3:hr>134</ns3:hr>
            <ns3:cad>83</ns3:cad>
          </ns3:TrackPointExtension>
        </extensions>
      </trkpt>
      <trkpt lat="35.63727996312081813812255859375" lon="127.6044666208326816558837890625">
        <ele>1102</ele>
        <time>2025-12-27T03:47:13.000Z</time>
        <extensions>
          <ns3:TrackPointExtension>
            <ns3:hr>134</ns3:hr>
            <ns3:cad>83</ns3:cad>
          </ns3:TrackPointExtension>
        </extensions>
      </trkpt>
      <trkpt lat="35.63731751404702663421630859375" lon="127.60445765219628810882568359375">
        <ele>1100.800048828125</ele>
        <time>2025-12-27T03:47:15.000Z</time>
        <extensions>
          <ns3:TrackPointExtension>
            <ns3:hr>135</ns3:hr>
            <ns3:cad>83</ns3:cad>
          </ns3:TrackPointExtension>
        </extensions>
      </trkpt>
      <trkpt lat="35.63735037110745906829833984375" lon="127.60444876737892627716064453125">
        <ele>1099.5999755859375</ele>
        <time>2025-12-27T03:47:17.000Z</time>
        <extensions>
          <ns3:TrackPointExtension>
            <ns3:hr>134</ns3:hr>
            <ns3:cad>84</ns3:cad>
          </ns3:TrackPointExtension>
        </extensions>
      </trkpt>
      <trkpt lat="35.63738943077623844146728515625" lon="127.604439295828342437744140625">
        <ele>1098.199951171875</ele>
        <time>2025-12-27T03:47:19.000Z</time>
        <extensions>
          <ns3:TrackPointExtension>
            <ns3:hr>133</ns3:hr>
            <ns3:cad>84</ns3:cad>
          </ns3:TrackPointExtension>
        </extensions>
      </trkpt>
      <trkpt lat="35.63743687234818935394287109375" lon="127.60443828999996185302734375">
        <ele>1096.800048828125</ele>
        <time>2025-12-27T03:47:21.000Z</time>
        <extensions>
          <ns3:TrackPointExtension>
            <ns3:hr>132</ns3:hr>
            <ns3:cad>84</ns3:cad>
          </ns3:TrackPointExtension>
        </extensions>
      </trkpt>
      <trkpt lat="35.6374840624630451202392578125" lon="127.60443217121064662933349609375">
        <ele>1095.5999755859375</ele>
        <time>2025-12-27T03:47:23.000Z</time>
        <extensions>
          <ns3:TrackPointExtension>
            <ns3:hr>131</ns3:hr>
            <ns3:cad>84</ns3:cad>
          </ns3:TrackPointExtension>
        </extensions>
      </trkpt>
      <trkpt lat="35.6375541351735591888427734375" lon="127.604437954723834991455078125">
        <ele>1094.4000244140625</ele>
        <time>2025-12-27T03:47:26.000Z</time>
        <extensions>
          <ns3:TrackPointExtension>
            <ns3:hr>131</ns3:hr>
            <ns3:cad>75</ns3:cad>
          </ns3:TrackPointExtension>
        </extensions>
      </trkpt>
      <trkpt lat="35.63757467083632946014404296875" lon="127.60444943793118000030517578125">
        <ele>1094.199951171875</ele>
        <time>2025-12-27T03:47:27.000Z</time>
        <extensions>
          <ns3:TrackPointExtension>
            <ns3:hr>130</ns3:hr>
            <ns3:cad>75</ns3:cad>
          </ns3:TrackPointExtension>
        </extensions>
      </trkpt>
      <trkpt lat="35.63767156563699245452880859375" lon="127.60451096110045909881591796875">
        <ele>1093.5999755859375</ele>
        <time>2025-12-27T03:47:33.000Z</time>
        <extensions>
          <ns3:TrackPointExtension>
            <ns3:hr>133</ns3:hr>
            <ns3:cad>65</ns3:cad>
          </ns3:TrackPointExtension>
        </extensions>
      </trkpt>
      <trkpt lat="35.63768967054784297943115234375" lon="127.6045279763638973236083984375">
        <ele>1093.5999755859375</ele>
        <time>2025-12-27T03:47:34.000Z</time>
        <extensions>
          <ns3:TrackPointExtension>
            <ns3:hr>133</ns3:hr>
            <ns3:cad>65</ns3:cad>
          </ns3:TrackPointExtension>
        </extensions>
      </trkpt>
      <trkpt lat="35.63771029002964496612548828125" lon="127.604549266397953033447265625">
        <ele>1093.4000244140625</ele>
        <time>2025-12-27T03:47:35.000Z</time>
        <extensions>
          <ns3:TrackPointExtension>
            <ns3:hr>133</ns3:hr>
            <ns3:cad>65</ns3:cad>
          </ns3:TrackPointExtension>
        </extensions>
      </trkpt>
      <trkpt lat="35.6377499364316463470458984375" lon="127.6046319119632244110107421875">
        <ele>1093</ele>
        <time>2025-12-27T03:47:38.000Z</time>
        <extensions>
          <ns3:TrackPointExtension>
            <ns3:hr>131</ns3:hr>
            <ns3:cad>79</ns3:cad>
          </ns3:TrackPointExtension>
        </extensions>
      </trkpt>
      <trkpt lat="35.6378069333732128143310546875" lon="127.604755125939846038818359375">
        <ele>1092.4000244140625</ele>
        <time>2025-12-27T03:47:42.000Z</time>
        <extensions>
          <ns3:TrackPointExtension>
            <ns3:hr>131</ns3:hr>
            <ns3:cad>77</ns3:cad>
          </ns3:TrackPointExtension>
        </extensions>
      </trkpt>
      <trkpt lat="35.63785462640225887298583984375" lon="127.604844979941844940185546875">
        <ele>1092.5999755859375</ele>
        <time>2025-12-27T03:47:45.000Z</time>
        <extensions>
          <ns3:TrackPointExtension>
            <ns3:hr>133</ns3:hr>
            <ns3:cad>79</ns3:cad>
          </ns3:TrackPointExtension>
        </extensions>
      </trkpt>
      <trkpt lat="35.63796241767704486846923828125" lon="127.60503684170544147491455078125">
        <ele>1091.199951171875</ele>
        <time>2025-12-27T03:47:52.000Z</time>
        <extensions>
          <ns3:TrackPointExtension>
            <ns3:hr>136</ns3:hr>
            <ns3:cad>79</ns3:cad>
          </ns3:TrackPointExtension>
        </extensions>
      </trkpt>
      <trkpt lat="35.63799058087170124053955078125" lon="127.6050905697047710418701171875">
        <ele>1090.4000244140625</ele>
        <time>2025-12-27T03:47:54.000Z</time>
        <extensions>
          <ns3:TrackPointExtension>
            <ns3:hr>137</ns3:hr>
            <ns3:cad>81</ns3:cad>
          </ns3:TrackPointExtension>
        </extensions>
      </trkpt>
      <trkpt lat="35.6380064226686954498291015625" lon="127.60511730797588825225830078125">
        <ele>1090.199951171875</ele>
        <time>2025-12-27T03:47:55.000Z</time>
        <extensions>
          <ns3:TrackPointExtension>
            <ns3:hr>137</ns3:hr>
            <ns3:cad>81</ns3:cad>
          </ns3:TrackPointExtension>
        </extensions>
      </trkpt>
      <trkpt lat="35.6380466558039188385009765625" lon="127.60518805123865604400634765625">
        <ele>1088.800048828125</ele>
        <time>2025-12-27T03:47:58.000Z</time>
        <extensions>
          <ns3:TrackPointExtension>
            <ns3:hr>138</ns3:hr>
            <ns3:cad>82</ns3:cad>
          </ns3:TrackPointExtension>
        </extensions>
      </trkpt>
      <trkpt lat="35.63805989921092987060546875" lon="127.6052525080740451812744140625">
        <ele>1088</ele>
        <time>2025-12-27T03:48:00.000Z</time>
        <extensions>
          <ns3:TrackPointExtension>
            <ns3:hr>139</ns3:hr>
            <ns3:cad>82</ns3:cad>
          </ns3:TrackPointExtension>
        </extensions>
      </trkpt>
      <trkpt lat="35.6380711309611797332763671875" lon="127.60528494603931903839111328125">
        <ele>1087.5999755859375</ele>
        <time>2025-12-27T03:48:01.000Z</time>
        <extensions>
          <ns3:TrackPointExtension>
            <ns3:hr>139</ns3:hr>
            <ns3:cad>82</ns3:cad>
          </ns3:TrackPointExtension>
        </extensions>
      </trkpt>
      <trkpt lat="35.63808160834014415740966796875" lon="127.605388462543487548828125">
        <ele>1087.4000244140625</ele>
        <time>2025-12-27T03:48:06.000Z</time>
        <extensions>
          <ns3:TrackPointExtension>
            <ns3:hr>141</ns3:hr>
            <ns3:cad>80</ns3:cad>
          </ns3:TrackPointExtension>
        </extensions>
      </trkpt>
      <trkpt lat="35.63805780373513698577880859375" lon="127.60543632321059703826904296875">
        <ele>1086.4000244140625</ele>
        <time>2025-12-27T03:48:10.000Z</time>
        <extensions>
          <ns3:TrackPointExtension>
            <ns3:hr>142</ns3:hr>
            <ns3:cad>0</ns3:cad>
          </ns3:TrackPointExtension>
        </extensions>
      </trkpt>
      <trkpt lat="35.63806015066802501678466796875" lon="127.60545610450208187103271484375">
        <ele>1085.4000244140625</ele>
        <time>2025-12-27T03:48:12.000Z</time>
        <extensions>
          <ns3:TrackPointExtension>
            <ns3:hr>141</ns3:hr>
            <ns3:cad>0</ns3:cad>
          </ns3:TrackPointExtension>
        </extensions>
      </trkpt>
      <trkpt lat="35.63805989921092987060546875" lon="127.6054690964519977569580078125">
        <ele>1084.800048828125</ele>
        <time>2025-12-27T03:48:13.000Z</time>
        <extensions>
          <ns3:TrackPointExtension>
            <ns3:hr>141</ns3:hr>
            <ns3:cad>0</ns3:cad>
          </ns3:TrackPointExtension>
        </extensions>
      </trkpt>
      <trkpt lat="35.638056211173534393310546875" lon="127.60548359714448451995849609375">
        <ele>1084.4000244140625</ele>
        <time>2025-12-27T03:48:14.000Z</time>
        <extensions>
          <ns3:TrackPointExtension>
            <ns3:hr>141</ns3:hr>
            <ns3:cad>0</ns3:cad>
          </ns3:TrackPointExtension>
        </extensions>
      </trkpt>
      <trkpt lat="35.63805076293647289276123046875" lon="127.6055281050503253936767578125">
        <ele>1082.800048828125</ele>
        <time>2025-12-27T03:48:17.000Z</time>
        <extensions>
          <ns3:TrackPointExtension>
            <ns3:hr>140</ns3:hr>
            <ns3:cad>93</ns3:cad>
          </ns3:TrackPointExtension>
        </extensions>
      </trkpt>
      <trkpt lat="35.63805495388805866241455078125" lon="127.60557730682194232940673828125">
        <ele>1081.5999755859375</ele>
        <time>2025-12-27T03:48:20.000Z</time>
        <extensions>
          <ns3:TrackPointExtension>
            <ns3:hr>140</ns3:hr>
            <ns3:cad>94</ns3:cad>
          </ns3:TrackPointExtension>
        </extensions>
      </trkpt>
      <trkpt lat="35.6380607374012470245361328125" lon="127.60559138841927051544189453125">
        <ele>1081.199951171875</ele>
        <time>2025-12-27T03:48:21.000Z</time>
        <extensions>
          <ns3:TrackPointExtension>
            <ns3:hr>139</ns3:hr>
            <ns3:cad>94</ns3:cad>
          </ns3:TrackPointExtension>
        </extensions>
      </trkpt>
      <trkpt lat="35.63807196915149688720703125" lon="127.60563463903963565826416015625">
        <ele>1080.4000244140625</ele>
        <time>2025-12-27T03:48:24.000Z</time>
        <extensions>
          <ns3:TrackPointExtension>
            <ns3:hr>139</ns3:hr>
            <ns3:cad>0</ns3:cad>
          </ns3:TrackPointExtension>
        </extensions>
      </trkpt>
      <trkpt lat="35.63808001577854156494140625" lon="127.60565643198788166046142578125">
        <ele>1079.199951171875</ele>
        <time>2025-12-27T03:48:27.000Z</time>
        <extensions>
          <ns3:TrackPointExtension>
            <ns3:hr>139</ns3:hr>
            <ns3:cad>61</ns3:cad>
          </ns3:TrackPointExtension>
        </extensions>
      </trkpt>
      <trkpt lat="35.638095103204250335693359375" lon="127.6056729443371295928955078125">
        <ele>1078.4000244140625</ele>
        <time>2025-12-27T03:48:29.000Z</time>
        <extensions>
          <ns3:TrackPointExtension>
            <ns3:hr>140</ns3:hr>
            <ns3:cad>61</ns3:cad>
          </ns3:TrackPointExtension>
        </extensions>
      </trkpt>
      <trkpt lat="35.63810306601226329803466796875" lon="127.6056803204119205474853515625">
        <ele>1078</ele>
        <time>2025-12-27T03:48:30.000Z</time>
        <extensions>
          <ns3:TrackPointExtension>
            <ns3:hr>139</ns3:hr>
            <ns3:cad>61</ns3:cad>
          </ns3:TrackPointExtension>
        </extensions>
      </trkpt>
      <trkpt lat="35.6381371803581714630126953125" lon="127.60571242310106754302978515625">
        <ele>1076.5999755859375</ele>
        <time>2025-12-27T03:48:33.000Z</time>
        <extensions>
          <ns3:TrackPointExtension>
            <ns3:hr>138</ns3:hr>
            <ns3:cad>61</ns3:cad>
          </ns3:TrackPointExtension>
        </extensions>
      </trkpt>
      <trkpt lat="35.6381546147167682647705078125" lon="127.6057497225701808929443359375">
        <ele>1075.5999755859375</ele>
        <time>2025-12-27T03:48:35.000Z</time>
        <extensions>
          <ns3:TrackPointExtension>
            <ns3:hr>137</ns3:hr>
            <ns3:cad>61</ns3:cad>
          </ns3:TrackPointExtension>
        </extensions>
      </trkpt>
      <trkpt lat="35.6381737254559993743896484375" lon="127.6057916320860385894775390625">
        <ele>1074.4000244140625</ele>
        <time>2025-12-27T03:48:37.000Z</time>
        <extensions>
          <ns3:TrackPointExtension>
            <ns3:hr>137</ns3:hr>
            <ns3:cad>61</ns3:cad>
          </ns3:TrackPointExtension>
        </extensions>
      </trkpt>
      <trkpt lat="35.6381921656429767608642578125" lon="127.60583446361124515533447265625">
        <ele>1073</ele>
        <time>2025-12-27T03:48:39.000Z</time>
        <extensions>
          <ns3:TrackPointExtension>
            <ns3:hr>137</ns3:hr>
            <ns3:cad>77</ns3:cad>
          </ns3:TrackPointExtension>
        </extensions>
      </trkpt>
      <trkpt lat="35.6382243521511554718017578125" lon="127.605879642069339752197265625">
        <ele>1071.800048828125</ele>
        <time>2025-12-27T03:48:41.000Z</time>
        <extensions>
          <ns3:TrackPointExtension>
            <ns3:hr>136</ns3:hr>
            <ns3:cad>77</ns3:cad>
          </ns3:TrackPointExtension>
        </extensions>
      </trkpt>
      <trkpt lat="35.6382639147341251373291015625" lon="127.6059244014322757720947265625">
        <ele>1070.4000244140625</ele>
        <time>2025-12-27T03:48:44.000Z</time>
        <extensions>
          <ns3:TrackPointExtension>
            <ns3:hr>137</ns3:hr>
            <ns3:cad>86</ns3:cad>
          </ns3:TrackPointExtension>
        </extensions>
      </trkpt>
      <trkpt lat="35.63828042708337306976318359375" lon="127.6059418357908725738525390625">
        <ele>1070</ele>
        <time>2025-12-27T03:48:45.000Z</time>
        <extensions>
          <ns3:TrackPointExtension>
            <ns3:hr>137</ns3:hr>
            <ns3:cad>86</ns3:cad>
          </ns3:TrackPointExtension>
        </extensions>
      </trkpt>
      <trkpt lat="35.6383061595261096954345703125" lon="127.6059813983738422393798828125">
        <ele>1068.800048828125</ele>
        <time>2025-12-27T03:48:47.000Z</time>
        <extensions>
          <ns3:TrackPointExtension>
            <ns3:hr>138</ns3:hr>
            <ns3:cad>86</ns3:cad>
          </ns3:TrackPointExtension>
        </extensions>
      </trkpt>
      <trkpt lat="35.6383339874446392059326171875" lon="127.60602523572742938995361328125">
        <ele>1067.4000244140625</ele>
        <time>2025-12-27T03:48:49.000Z</time>
        <extensions>
          <ns3:TrackPointExtension>
            <ns3:hr>139</ns3:hr>
            <ns3:cad>83</ns3:cad>
          </ns3:TrackPointExtension>
        </extensions>
      </trkpt>
      <trkpt lat="35.63836273737251758575439453125" lon="127.60607049800455570220947265625">
        <ele>1066.199951171875</ele>
        <time>2025-12-27T03:48:51.000Z</time>
        <extensions>
          <ns3:TrackPointExtension>
            <ns3:hr>139</ns3:hr>
            <ns3:cad>83</ns3:cad>
          </ns3:TrackPointExtension>
        </extensions>
      </trkpt>
      <trkpt lat="35.63838712871074676513671875" lon="127.60612363927066326141357421875">
        <ele>1065</ele>
        <time>2025-12-27T03:48:53.000Z</time>
        <extensions>
          <ns3:TrackPointExtension>
            <ns3:hr>138</ns3:hr>
            <ns3:cad>83</ns3:cad>
          </ns3:TrackPointExtension>
        </extensions>
      </trkpt>
      <trkpt lat="35.6384359113872051239013671875" lon="127.60620963759720325469970703125">
        <ele>1063.5999755859375</ele>
        <time>2025-12-27T03:48:56.000Z</time>
        <extensions>
          <ns3:TrackPointExtension>
            <ns3:hr>137</ns3:hr>
            <ns3:cad>85</ns3:cad>
          </ns3:TrackPointExtension>
        </extensions>
      </trkpt>
      <trkpt lat="35.6384965963661670684814453125" lon="127.60632245801389217376708984375">
        <ele>1062.4000244140625</ele>
        <time>2025-12-27T03:49:00.000Z</time>
        <extensions>
          <ns3:TrackPointExtension>
            <ns3:hr>139</ns3:hr>
            <ns3:cad>84</ns3:cad>
          </ns3:TrackPointExtension>
        </extensions>
      </trkpt>
      <trkpt lat="35.6385277770459651947021484375" lon="127.606377862393856048583984375">
        <ele>1061.199951171875</ele>
        <time>2025-12-27T03:49:02.000Z</time>
        <extensions>
          <ns3:TrackPointExtension>
            <ns3:hr>140</ns3:hr>
            <ns3:cad>84</ns3:cad>
          </ns3:TrackPointExtension>
        </extensions>
      </trkpt>
      <trkpt lat="35.63854311592876911163330078125" lon="127.60640711523592472076416015625">
        <ele>1060.5999755859375</ele>
        <time>2025-12-27T03:49:03.000Z</time>
        <extensions>
          <ns3:TrackPointExtension>
            <ns3:hr>141</ns3:hr>
            <ns3:cad>84</ns3:cad>
          </ns3:TrackPointExtension>
        </extensions>
      </trkpt>
      <trkpt lat="35.63856147229671478271484375" lon="127.60643385350704193115234375">
        <ele>1059.800048828125</ele>
        <time>2025-12-27T03:49:04.000Z</time>
        <extensions>
          <ns3:TrackPointExtension>
            <ns3:hr>141</ns3:hr>
            <ns3:cad>85</ns3:cad>
          </ns3:TrackPointExtension>
        </extensions>
      </trkpt>
      <trkpt lat="35.6385911442339420318603515625" lon="127.6064906828105449676513671875">
        <ele>1058.800048828125</ele>
        <time>2025-12-27T03:49:06.000Z</time>
        <extensions>
          <ns3:TrackPointExtension>
            <ns3:hr>142</ns3:hr>
            <ns3:cad>85</ns3:cad>
          </ns3:TrackPointExtension>
        </extensions>
      </trkpt>
      <trkpt lat="35.6386612169444561004638671875" lon="127.60664440691471099853515625">
        <ele>1058</ele>
        <time>2025-12-27T03:49:11.000Z</time>
        <extensions>
          <ns3:TrackPointExtension>
            <ns3:hr>144</ns3:hr>
            <ns3:cad>85</ns3:cad>
          </ns3:TrackPointExtension>
        </extensions>
      </trkpt>
      <trkpt lat="35.63868443481624126434326171875" lon="127.60678798891603946685791015625">
        <ele>1058.800048828125</ele>
        <time>2025-12-27T03:49:17.000Z</time>
        <extensions>
          <ns3:TrackPointExtension>
            <ns3:hr>146</ns3:hr>
            <ns3:cad>79</ns3:cad>
          </ns3:TrackPointExtension>
        </extensions>
      </trkpt>
      <trkpt lat="35.63870119862258434295654296875" lon="127.6069240272045135498046875">
        <ele>1059.5999755859375</ele>
        <time>2025-12-27T03:49:22.000Z</time>
        <extensions>
          <ns3:TrackPointExtension>
            <ns3:hr>146</ns3:hr>
            <ns3:cad>79</ns3:cad>
          </ns3:TrackPointExtension>
        </extensions>
      </trkpt>
      <trkpt lat="35.63871033489704132080078125" lon="127.60699334554374217987060546875">
        <ele>1059.800048828125</ele>
        <time>2025-12-27T03:49:24.000Z</time>
        <extensions>
          <ns3:TrackPointExtension>
            <ns3:hr>146</ns3:hr>
            <ns3:cad>79</ns3:cad>
          </ns3:TrackPointExtension>
        </extensions>
      </trkpt>
      <trkpt lat="35.63874185085296630859375" lon="127.60706945322453975677490234375">
        <ele>1059.199951171875</ele>
        <time>2025-12-27T03:49:28.000Z</time>
        <extensions>
          <ns3:TrackPointExtension>
            <ns3:hr>147</ns3:hr>
            <ns3:cad>81</ns3:cad>
          </ns3:TrackPointExtension>
        </extensions>
      </trkpt>
      <trkpt lat="35.6387507356703281402587890625" lon="127.60708294808864593505859375">
        <ele>1058.800048828125</ele>
        <time>2025-12-27T03:49:29.000Z</time>
        <extensions>
          <ns3:TrackPointExtension>
            <ns3:hr>147</ns3:hr>
            <ns3:cad>81</ns3:cad>
          </ns3:TrackPointExtension>
        </extensions>
      </trkpt>
      <trkpt lat="35.638766996562480926513671875" lon="127.60709258727729320526123046875">
        <ele>1057.5999755859375</ele>
        <time>2025-12-27T03:49:31.000Z</time>
        <extensions>
          <ns3:TrackPointExtension>
            <ns3:hr>147</ns3:hr>
            <ns3:cad>76</ns3:cad>
          </ns3:TrackPointExtension>
        </extensions>
      </trkpt>
      <trkpt lat="35.638803876936435699462890625" lon="127.607099376618862152099609375">
        <ele>1056.5999755859375</ele>
        <time>2025-12-27T03:49:33.000Z</time>
        <extensions>
          <ns3:TrackPointExtension>
            <ns3:hr>148</ns3:hr>
            <ns3:cad>73</ns3:cad>
          </ns3:TrackPointExtension>
        </extensions>
      </trkpt>
      <trkpt lat="35.6388214789330959320068359375" lon="127.60709946043789386749267578125">
        <ele>1056.199951171875</ele>
        <time>2025-12-27T03:49:34.000Z</time>
        <extensions>
          <ns3:TrackPointExtension>
            <ns3:hr>148</ns3:hr>
            <ns3:cad>73</ns3:cad>
          </ns3:TrackPointExtension>
        </extensions>
      </trkpt>
      <trkpt lat="35.6388610415160655975341796875" lon="127.60710574686527252197265625">
        <ele>1055.199951171875</ele>
        <time>2025-12-27T03:49:36.000Z</time>
        <extensions>
          <ns3:TrackPointExtension>
            <ns3:hr>147</ns3:hr>
            <ns3:cad>68</ns3:cad>
          </ns3:TrackPointExtension>
        </extensions>
      </trkpt>
      <trkpt lat="35.63888660632073879241943359375" lon="127.607123516499996185302734375">
        <ele>1053.800048828125</ele>
        <time>2025-12-27T03:49:38.000Z</time>
        <extensions>
          <ns3:TrackPointExtension>
            <ns3:hr>146</ns3:hr>
            <ns3:cad>68</ns3:cad>
          </ns3:TrackPointExtension>
        </extensions>
      </trkpt>
      <trkpt lat="35.6389166973531246185302734375" lon="127.60713717900216579437255859375">
        <ele>1052.199951171875</ele>
        <time>2025-12-27T03:49:40.000Z</time>
        <extensions>
          <ns3:TrackPointExtension>
            <ns3:hr>145</ns3:hr>
            <ns3:cad>68</ns3:cad>
          </ns3:TrackPointExtension>
        </extensions>
      </trkpt>
      <trkpt lat="35.6389475427567958831787109375" lon="127.607154361903667449951171875">
        <ele>1051</ele>
        <time>2025-12-27T03:49:42.000Z</time>
        <extensions>
          <ns3:TrackPointExtension>
            <ns3:hr>144</ns3:hr>
            <ns3:cad>0</ns3:cad>
          </ns3:TrackPointExtension>
        </extensions>
      </trkpt>
      <trkpt lat="35.6389679946005344390869140625" lon="127.60718026198446750640869140625">
        <ele>1049.800048828125</ele>
        <time>2025-12-27T03:49:44.000Z</time>
        <extensions>
          <ns3:TrackPointExtension>
            <ns3:hr>143</ns3:hr>
            <ns3:cad>0</ns3:cad>
          </ns3:TrackPointExtension>
        </extensions>
      </trkpt>
      <trkpt lat="35.63898031599819660186767578125" lon="127.607199959456920623779296875">
        <ele>1049.4000244140625</ele>
        <time>2025-12-27T03:49:45.000Z</time>
        <extensions>
          <ns3:TrackPointExtension>
            <ns3:hr>143</ns3:hr>
            <ns3:cad>0</ns3:cad>
          </ns3:TrackPointExtension>
        </extensions>
      </trkpt>
      <trkpt lat="35.6389953196048736572265625" lon="127.607217729091644287109375">
        <ele>1048.800048828125</ele>
        <time>2025-12-27T03:49:46.000Z</time>
        <extensions>
          <ns3:TrackPointExtension>
            <ns3:hr>143</ns3:hr>
            <ns3:cad>0</ns3:cad>
          </ns3:TrackPointExtension>
        </extensions>
      </trkpt>
      <trkpt lat="35.639027841389179229736328125" lon="127.60725184343755245208740234375">
        <ele>1047.5999755859375</ele>
        <time>2025-12-27T03:49:48.000Z</time>
        <extensions>
          <ns3:TrackPointExtension>
            <ns3:hr>144</ns3:hr>
            <ns3:cad>0</ns3:cad>
          </ns3:TrackPointExtension>
        </extensions>
      </trkpt>
      <trkpt lat="35.63905960880219936370849609375" lon="127.60728654451668262481689453125">
        <ele>1046.4000244140625</ele>
        <time>2025-12-27T03:49:50.000Z</time>
        <extensions>
          <ns3:TrackPointExtension>
            <ns3:hr>143</ns3:hr>
            <ns3:cad>0</ns3:cad>
          </ns3:TrackPointExtension>
        </extensions>
      </trkpt>
      <trkpt lat="35.63909196294844150543212890625" lon="127.60730691254138946533203125">
        <ele>1045.4000244140625</ele>
        <time>2025-12-27T03:49:52.000Z</time>
        <extensions>
          <ns3:TrackPointExtension>
            <ns3:hr>142</ns3:hr>
            <ns3:cad>0</ns3:cad>
          </ns3:TrackPointExtension>
        </extensions>
      </trkpt>
      <trkpt lat="35.6391091458499431610107421875" lon="127.6073201559484004974365234375">
        <ele>1044.800048828125</ele>
        <time>2025-12-27T03:49:53.000Z</time>
        <extensions>
          <ns3:TrackPointExtension>
            <ns3:hr>142</ns3:hr>
            <ns3:cad>0</ns3:cad>
          </ns3:TrackPointExtension>
        </extensions>
      </trkpt>
      <trkpt lat="35.6391227245330810546875" lon="127.60733264498412609100341796875">
        <ele>1044.199951171875</ele>
        <time>2025-12-27T03:49:54.000Z</time>
        <extensions>
          <ns3:TrackPointExtension>
            <ns3:hr>141</ns3:hr>
            <ns3:cad>47</ns3:cad>
          </ns3:TrackPointExtension>
        </extensions>
      </trkpt>
      <trkpt lat="35.63915281556546688079833984375" lon="127.6073634065687656402587890625">
        <ele>1042.800048828125</ele>
        <time>2025-12-27T03:49:56.000Z</time>
        <extensions>
          <ns3:TrackPointExtension>
            <ns3:hr>142</ns3:hr>
            <ns3:cad>47</ns3:cad>
          </ns3:TrackPointExtension>
        </extensions>
      </trkpt>
      <trkpt lat="35.6391748599708080291748046875" lon="127.607393749058246612548828125">
        <ele>1041.4000244140625</ele>
        <time>2025-12-27T03:49:58.000Z</time>
        <extensions>
          <ns3:TrackPointExtension>
            <ns3:hr>142</ns3:hr>
            <ns3:cad>47</ns3:cad>
          </ns3:TrackPointExtension>
        </extensions>
      </trkpt>
      <trkpt lat="35.63918382860720157623291015625" lon="127.607414536178112030029296875">
        <ele>1040.800048828125</ele>
        <time>2025-12-27T03:49:59.000Z</time>
        <extensions>
          <ns3:TrackPointExtension>
            <ns3:hr>143</ns3:hr>
            <ns3:cad>47</ns3:cad>
          </ns3:TrackPointExtension>
        </extensions>
      </trkpt>
      <trkpt lat="35.6391926296055316925048828125" lon="127.607435323297977447509765625">
        <ele>1040.199951171875</ele>
        <time>2025-12-27T03:50:00.000Z</time>
        <extensions>
          <ns3:TrackPointExtension>
            <ns3:hr>143</ns3:hr>
            <ns3:cad>88</ns3:cad>
          </ns3:TrackPointExtension>
        </extensions>
      </trkpt>
      <trkpt lat="35.6392124108970165252685546875" lon="127.60747547261416912078857421875">
        <ele>1039.199951171875</ele>
        <time>2025-12-27T03:50:02.000Z</time>
        <extensions>
          <ns3:TrackPointExtension>
            <ns3:hr>143</ns3:hr>
            <ns3:cad>88</ns3:cad>
          </ns3:TrackPointExtension>
        </extensions>
      </trkpt>
      <trkpt lat="35.63923470675945281982421875" lon="127.6075328886508941650390625">
        <ele>1037.800048828125</ele>
        <time>2025-12-27T03:50:05.000Z</time>
        <extensions>
          <ns3:TrackPointExtension>
            <ns3:hr>143</ns3:hr>
            <ns3:cad>82</ns3:cad>
          </ns3:TrackPointExtension>
        </extensions>
      </trkpt>
      <trkpt lat="35.6392476148903369903564453125" lon="127.6075659133493900299072265625">
        <ele>1037.199951171875</ele>
        <time>2025-12-27T03:50:07.000Z</time>
        <extensions>
          <ns3:TrackPointExtension>
            <ns3:hr>142</ns3:hr>
            <ns3:cad>84</ns3:cad>
          </ns3:TrackPointExtension>
        </extensions>
      </trkpt>
      <trkpt lat="35.63925541006028652191162109375" lon="127.6075830124318599700927734375">
        <ele>1036.800048828125</ele>
        <time>2025-12-27T03:50:08.000Z</time>
        <extensions>
          <ns3:TrackPointExtension>
            <ns3:hr>141</ns3:hr>
            <ns3:cad>84</ns3:cad>
          </ns3:TrackPointExtension>
        </extensions>
      </trkpt>
      <trkpt lat="35.63928575254976749420166015625" lon="127.60764964856207370758056640625">
        <ele>1035.5999755859375</ele>
        <time>2025-12-27T03:50:11.000Z</time>
        <extensions>
          <ns3:TrackPointExtension>
            <ns3:hr>141</ns3:hr>
            <ns3:cad>82</ns3:cad>
          </ns3:TrackPointExtension>
        </extensions>
      </trkpt>
      <trkpt lat="35.6393059529364109039306640625" lon="127.6076913066208362579345703125">
        <ele>1034.4000244140625</ele>
        <time>2025-12-27T03:50:13.000Z</time>
        <extensions>
          <ns3:TrackPointExtension>
            <ns3:hr>142</ns3:hr>
            <ns3:cad>81</ns3:cad>
          </ns3:TrackPointExtension>
        </extensions>
      </trkpt>
      <trkpt lat="35.63931785523891448974609375" lon="127.60772592388093471527099609375">
        <ele>1033.199951171875</ele>
        <time>2025-12-27T03:50:15.000Z</time>
        <extensions>
          <ns3:TrackPointExtension>
            <ns3:hr>142</ns3:hr>
            <ns3:cad>81</ns3:cad>
          </ns3:TrackPointExtension>
        </extensions>
      </trkpt>
      <trkpt lat="35.6393305957317352294921875" lon="127.60775618255138397216796875">
        <ele>1032.199951171875</ele>
        <time>2025-12-27T03:50:17.000Z</time>
        <extensions>
          <ns3:TrackPointExtension>
            <ns3:hr>142</ns3:hr>
            <ns3:cad>81</ns3:cad>
          </ns3:TrackPointExtension>
        </extensions>
      </trkpt>
      <trkpt lat="35.63934610225260257720947265625" lon="127.607781998813152313232421875">
        <ele>1031</ele>
        <time>2025-12-27T03:50:19.000Z</time>
        <extensions>
          <ns3:TrackPointExtension>
            <ns3:hr>143</ns3:hr>
            <ns3:cad>81</ns3:cad>
          </ns3:TrackPointExtension>
        </extensions>
      </trkpt>
      <trkpt lat="35.63936286605894565582275390625" lon="127.60780136100947856903076171875">
        <ele>1030</ele>
        <time>2025-12-27T03:50:21.000Z</time>
        <extensions>
          <ns3:TrackPointExtension>
            <ns3:hr>142</ns3:hr>
            <ns3:cad>81</ns3:cad>
          </ns3:TrackPointExtension>
        </extensions>
      </trkpt>
      <trkpt lat="35.639376528561115264892578125" lon="127.6078036241233348846435546875">
        <ele>1029.4000244140625</ele>
        <time>2025-12-27T03:50:22.000Z</time>
        <extensions>
          <ns3:TrackPointExtension>
            <ns3:hr>141</ns3:hr>
            <ns3:cad>81</ns3:cad>
          </ns3:TrackPointExtension>
        </extensions>
      </trkpt>
      <trkpt lat="35.63939505256712436676025390625" lon="127.60780714452266693115234375">
        <ele>1028.800048828125</ele>
        <time>2025-12-27T03:50:23.000Z</time>
        <extensions>
          <ns3:TrackPointExtension>
            <ns3:hr>140</ns3:hr>
            <ns3:cad>81</ns3:cad>
          </ns3:TrackPointExtension>
        </extensions>
      </trkpt>
      <trkpt lat="35.63941684551537036895751953125" lon="127.6078145205974578857421875">
        <ele>1027.5999755859375</ele>
        <time>2025-12-27T03:50:25.000Z</time>
        <extensions>
          <ns3:TrackPointExtension>
            <ns3:hr>140</ns3:hr>
            <ns3:cad>81</ns3:cad>
          </ns3:TrackPointExtension>
        </extensions>
      </trkpt>
      <trkpt lat="35.639450959861278533935546875" lon="127.607829272747039794921875">
        <ele>1026.4000244140625</ele>
        <time>2025-12-27T03:50:28.000Z</time>
        <extensions>
          <ns3:TrackPointExtension>
            <ns3:hr>140</ns3:hr>
            <ns3:cad>92</ns3:cad>
          </ns3:TrackPointExtension>
        </extensions>
      </trkpt>
      <trkpt lat="35.63949890434741973876953125" lon="127.60785735212266445159912109375">
        <ele>1025.199951171875</ele>
        <time>2025-12-27T03:50:31.000Z</time>
        <extensions>
          <ns3:TrackPointExtension>
            <ns3:hr>140</ns3:hr>
            <ns3:cad>101</ns3:cad>
          </ns3:TrackPointExtension>
        </extensions>
      </trkpt>
      <trkpt lat="35.63953150995075702667236328125" lon="127.60790697298943996429443359375">
        <ele>1023.5999755859375</ele>
        <time>2025-12-27T03:50:34.000Z</time>
        <extensions>
          <ns3:TrackPointExtension>
            <ns3:hr>140</ns3:hr>
            <ns3:cad>0</ns3:cad>
          </ns3:TrackPointExtension>
        </extensions>
      </trkpt>
      <trkpt lat="35.639549531042575836181640625" lon="127.60793932713568210601806640625">
        <ele>1022.20001220703125</ele>
        <time>2025-12-27T03:50:37.000Z</time>
        <extensions>
          <ns3:TrackPointExtension>
            <ns3:hr>140</ns3:hr>
            <ns3:cad>0</ns3:cad>
          </ns3:TrackPointExtension>
        </extensions>
      </trkpt>
      <trkpt lat="35.639577023684978485107421875" lon="127.60796799324452877044677734375">
        <ele>1021</ele>
        <time>2025-12-27T03:50:39.000Z</time>
        <extensions>
          <ns3:TrackPointExtension>
            <ns3:hr>140</ns3:hr>
            <ns3:cad>0</ns3:cad>
          </ns3:TrackPointExtension>
        </extensions>
      </trkpt>
      <trkpt lat="35.6395926140248775482177734375" lon="127.60798643343150615692138671875">
        <ele>1020.20001220703125</ele>
        <time>2025-12-27T03:50:40.000Z</time>
        <extensions>
          <ns3:TrackPointExtension>
            <ns3:hr>140</ns3:hr>
            <ns3:cad>0</ns3:cad>
          </ns3:TrackPointExtension>
        </extensions>
      </trkpt>
      <trkpt lat="35.63961985521018505096435546875" lon="127.60801375843584537506103515625">
        <ele>1019.4000244140625</ele>
        <time>2025-12-27T03:50:41.000Z</time>
        <extensions>
          <ns3:TrackPointExtension>
            <ns3:hr>139</ns3:hr>
            <ns3:cad>0</ns3:cad>
          </ns3:TrackPointExtension>
        </extensions>
      </trkpt>
      <trkpt lat="35.639672577381134033203125" lon="127.60805793106555938720703125">
        <ele>1018.4000244140625</ele>
        <time>2025-12-27T03:50:43.000Z</time>
        <extensions>
          <ns3:TrackPointExtension>
            <ns3:hr>138</ns3:hr>
            <ns3:cad>0</ns3:cad>
          </ns3:TrackPointExtension>
        </extensions>
      </trkpt>
      <trkpt lat="35.63972194679081439971923828125" lon="127.608097158372402191162109375">
        <ele>1017.5999755859375</ele>
        <time>2025-12-27T03:50:45.000Z</time>
        <extensions>
          <ns3:TrackPointExtension>
            <ns3:hr>137</ns3:hr>
            <ns3:cad>83</ns3:cad>
          </ns3:TrackPointExtension>
        </extensions>
      </trkpt>
      <trkpt lat="35.6398517824709415435791015625" lon="127.6082518883049488067626953125">
        <ele>1017.79998779296875</ele>
        <time>2025-12-27T03:50:51.000Z</time>
        <extensions>
          <ns3:TrackPointExtension>
            <ns3:hr>139</ns3:hr>
            <ns3:cad>84</ns3:cad>
          </ns3:TrackPointExtension>
        </extensions>
      </trkpt>
      <trkpt lat="35.63993887044489383697509765625" lon="127.608325146138668060302734375">
        <ele>1017</ele>
        <time>2025-12-27T03:50:55.000Z</time>
        <extensions>
          <ns3:TrackPointExtension>
            <ns3:hr>141</ns3:hr>
            <ns3:cad>81</ns3:cad>
          </ns3:TrackPointExtension>
        </extensions>
      </trkpt>
      <trkpt lat="35.639994107186794281005859375" lon="127.60840184055268764495849609375">
        <ele>1015.79998779296875</ele>
        <time>2025-12-27T03:50:58.000Z</time>
        <extensions>
          <ns3:TrackPointExtension>
            <ns3:hr>143</ns3:hr>
            <ns3:cad>83</ns3:cad>
          </ns3:TrackPointExtension>
        </extensions>
      </trkpt>
      <trkpt lat="35.64004833810031414031982421875" lon="127.60848934762179851531982421875">
        <ele>1014.79998779296875</ele>
        <time>2025-12-27T03:51:01.000Z</time>
        <extensions>
          <ns3:TrackPointExtension>
            <ns3:hr>145</ns3:hr>
            <ns3:cad>89</ns3:cad>
          </ns3:TrackPointExtension>
        </extensions>
      </trkpt>
      <trkpt lat="35.64007985405623912811279296875" lon="127.60858154855668544769287109375">
        <ele>1013.4000244140625</ele>
        <time>2025-12-27T03:51:04.000Z</time>
        <extensions>
          <ns3:TrackPointExtension>
            <ns3:hr>146</ns3:hr>
            <ns3:cad>89</ns3:cad>
          </ns3:TrackPointExtension>
        </extensions>
      </trkpt>
      <trkpt lat="35.64008655957877635955810546875" lon="127.6086488552391529083251953125">
        <ele>1012.20001220703125</ele>
        <time>2025-12-27T03:51:06.000Z</time>
        <extensions>
          <ns3:TrackPointExtension>
            <ns3:hr>147</ns3:hr>
            <ns3:cad>89</ns3:cad>
          </ns3:TrackPointExtension>
        </extensions>
      </trkpt>
      <trkpt lat="35.64009913243353366851806640625" lon="127.6088176667690277099609375">
        <ele>1011</ele>
        <time>2025-12-27T03:51:11.000Z</time>
        <extensions>
          <ns3:TrackPointExtension>
            <ns3:hr>149</ns3:hr>
            <ns3:cad>85</ns3:cad>
          </ns3:TrackPointExtension>
        </extensions>
      </trkpt>
      <trkpt lat="35.64010885544121265411376953125" lon="127.60889478027820587158203125">
        <ele>1010.5999755859375</ele>
        <time>2025-12-27T03:51:13.000Z</time>
        <extensions>
          <ns3:TrackPointExtension>
            <ns3:hr>149</ns3:hr>
            <ns3:cad>83</ns3:cad>
          </ns3:TrackPointExtension>
        </extensions>
      </trkpt>
      <trkpt lat="35.64017641358077526092529296875" lon="127.6090347580611705780029296875">
        <ele>1011.4000244140625</ele>
        <time>2025-12-27T03:51:18.000Z</time>
        <extensions>
          <ns3:TrackPointExtension>
            <ns3:hr>150</ns3:hr>
            <ns3:cad>84</ns3:cad>
          </ns3:TrackPointExtension>
        </extensions>
      </trkpt>
      <trkpt lat="35.640293844044208526611328125" lon="127.60922226123511791229248046875">
        <ele>1011</ele>
        <time>2025-12-27T03:51:25.000Z</time>
        <extensions>
          <ns3:TrackPointExtension>
            <ns3:hr>152</ns3:hr>
            <ns3:cad>81</ns3:cad>
          </ns3:TrackPointExtension>
        </extensions>
      </trkpt>
      <trkpt lat="35.64040842466056346893310546875" lon="127.60930440388619899749755859375">
        <ele>1009.79998779296875</ele>
        <time>2025-12-27T03:51:31.000Z</time>
        <extensions>
          <ns3:TrackPointExtension>
            <ns3:hr>154</ns3:hr>
            <ns3:cad>83</ns3:cad>
          </ns3:TrackPointExtension>
        </extensions>
      </trkpt>
      <trkpt lat="35.640424601733684539794921875" lon="127.60935922153294086456298828125">
        <ele>1008.4000244140625</ele>
        <time>2025-12-27T03:51:34.000Z</time>
        <extensions>
          <ns3:TrackPointExtension>
            <ns3:hr>155</ns3:hr>
            <ns3:cad>83</ns3:cad>
          </ns3:TrackPointExtension>
        </extensions>
      </trkpt>
      <trkpt lat="35.64045100472867488861083984375" lon="127.6093921624124050140380859375">
        <ele>1007.20001220703125</ele>
        <time>2025-12-27T03:51:37.000Z</time>
        <extensions>
          <ns3:TrackPointExtension>
            <ns3:hr>154</ns3:hr>
            <ns3:cad>83</ns3:cad>
          </ns3:TrackPointExtension>
        </extensions>
      </trkpt>
      <trkpt lat="35.6404639966785907745361328125" lon="127.60940708220005035400390625">
        <ele>1006</ele>
        <time>2025-12-27T03:51:40.000Z</time>
        <extensions>
          <ns3:TrackPointExtension>
            <ns3:hr>154</ns3:hr>
            <ns3:cad>66</ns3:cad>
          </ns3:TrackPointExtension>
        </extensions>
      </trkpt>
      <trkpt lat="35.6405075825750827789306640625" lon="127.60942895896732807159423828125">
        <ele>1004.79998779296875</ele>
        <time>2025-12-27T03:51:44.000Z</time>
        <extensions>
          <ns3:TrackPointExtension>
            <ns3:hr>153</ns3:hr>
            <ns3:cad>71</ns3:cad>
          </ns3:TrackPointExtension>
        </extensions>
      </trkpt>
      <trkpt lat="35.64052728004753589630126953125" lon="127.609417475759983062744140625">
        <ele>1003.4000244140625</ele>
        <time>2025-12-27T03:51:47.000Z</time>
        <extensions>
          <ns3:TrackPointExtension>
            <ns3:hr>152</ns3:hr>
            <ns3:cad>71</ns3:cad>
          </ns3:TrackPointExtension>
        </extensions>
      </trkpt>
      <trkpt lat="35.640544630587100982666015625" lon="127.609426192939281463623046875">
        <ele>1002.5999755859375</ele>
        <time>2025-12-27T03:51:49.000Z</time>
        <extensions>
          <ns3:TrackPointExtension>
            <ns3:hr>152</ns3:hr>
            <ns3:cad>0</ns3:cad>
          </ns3:TrackPointExtension>
        </extensions>
      </trkpt>
      <trkpt lat="35.6405561976134777069091796875" lon="127.60942946188151836395263671875">
        <ele>1002.4000244140625</ele>
        <time>2025-12-27T03:51:50.000Z</time>
        <extensions>
          <ns3:TrackPointExtension>
            <ns3:hr>152</ns3:hr>
            <ns3:cad>0</ns3:cad>
          </ns3:TrackPointExtension>
        </extensions>
      </trkpt>
      <trkpt lat="35.64058997668325901031494140625" lon="127.60941152460873126983642578125">
        <ele>1001.20001220703125</ele>
        <time>2025-12-27T03:51:54.000Z</time>
        <extensions>
          <ns3:TrackPointExtension>
            <ns3:hr>150</ns3:hr>
            <ns3:cad>75</ns3:cad>
          </ns3:TrackPointExtension>
        </extensions>
      </trkpt>
      <trkpt lat="35.6406195648014545440673828125" lon="127.60941135697066783905029296875">
        <ele>1000.20001220703125</ele>
        <time>2025-12-27T03:51:57.000Z</time>
        <extensions>
          <ns3:TrackPointExtension>
            <ns3:hr>149</ns3:hr>
            <ns3:cad>69</ns3:cad>
          </ns3:TrackPointExtension>
        </extensions>
      </trkpt>
      <trkpt lat="35.64064060337841510772705078125" lon="127.60942677967250347137451171875">
        <ele>999</ele>
        <time>2025-12-27T03:52:00.000Z</time>
        <extensions>
          <ns3:TrackPointExtension>
            <ns3:hr>149</ns3:hr>
            <ns3:cad>65</ns3:cad>
          </ns3:TrackPointExtension>
        </extensions>
      </trkpt>
      <trkpt lat="35.6406708620488643646240234375" lon="127.60943968780338764190673828125">
        <ele>997.79998779296875</ele>
        <time>2025-12-27T03:52:04.000Z</time>
        <extensions>
          <ns3:TrackPointExtension>
            <ns3:hr>148</ns3:hr>
            <ns3:cad>68</ns3:cad>
          </ns3:TrackPointExtension>
        </extensions>
      </trkpt>
      <trkpt lat="35.64067932777106761932373046875" lon="127.60943884961307048797607421875">
        <ele>997.4000244140625</ele>
        <time>2025-12-27T03:52:05.000Z</time>
        <extensions>
          <ns3:TrackPointExtension>
            <ns3:hr>148</ns3:hr>
            <ns3:cad>68</ns3:cad>
          </ns3:TrackPointExtension>
        </extensions>
      </trkpt>
      <trkpt lat="35.64068586565554141998291015625" lon="127.60944002307951450347900390625">
        <ele>996.4000244140625</ele>
        <time>2025-12-27T03:52:07.000Z</time>
        <extensions>
          <ns3:TrackPointExtension>
            <ns3:hr>148</ns3:hr>
            <ns3:cad>68</ns3:cad>
          </ns3:TrackPointExtension>
        </extensions>
      </trkpt>
      <trkpt lat="35.64071168191730976104736328125" lon="127.6094297133386135101318359375">
        <ele>995.4000244140625</ele>
        <time>2025-12-27T03:52:10.000Z</time>
        <extensions>
          <ns3:TrackPointExtension>
            <ns3:hr>147</ns3:hr>
            <ns3:cad>48</ns3:cad>
          </ns3:TrackPointExtension>
        </extensions>
      </trkpt>
      <trkpt lat="35.64073146320879459381103515625" lon="127.60944153182208538055419921875">
        <ele>994.79998779296875</ele>
        <time>2025-12-27T03:52:12.000Z</time>
        <extensions>
          <ns3:TrackPointExtension>
            <ns3:hr>147</ns3:hr>
            <ns3:cad>48</ns3:cad>
          </ns3:TrackPointExtension>
        </extensions>
      </trkpt>
      <trkpt lat="35.640739761292934417724609375" lon="127.6094531826674938201904296875">
        <ele>994.4000244140625</ele>
        <time>2025-12-27T03:52:13.000Z</time>
        <extensions>
          <ns3:TrackPointExtension>
            <ns3:hr>146</ns3:hr>
            <ns3:cad>48</ns3:cad>
          </ns3:TrackPointExtension>
        </extensions>
      </trkpt>
      <trkpt lat="35.64075426198542118072509765625" lon="127.60947857983410358428955078125">
        <ele>993</ele>
        <time>2025-12-27T03:52:16.000Z</time>
        <extensions>
          <ns3:TrackPointExtension>
            <ns3:hr>146</ns3:hr>
            <ns3:cad>48</ns3:cad>
          </ns3:TrackPointExtension>
        </extensions>
      </trkpt>
      <trkpt lat="35.6407741270959377288818359375" lon="127.60949232615530490875244140625">
        <ele>991.5999755859375</ele>
        <time>2025-12-27T03:52:19.000Z</time>
        <extensions>
          <ns3:TrackPointExtension>
            <ns3:hr>145</ns3:hr>
            <ns3:cad>44</ns3:cad>
          </ns3:TrackPointExtension>
        </extensions>
      </trkpt>
      <trkpt lat="35.640785358846187591552734375" lon="127.6094984449446201324462890625">
        <ele>990.4000244140625</ele>
        <time>2025-12-27T03:52:21.000Z</time>
        <extensions>
          <ns3:TrackPointExtension>
            <ns3:hr>144</ns3:hr>
            <ns3:cad>44</ns3:cad>
          </ns3:TrackPointExtension>
        </extensions>
      </trkpt>
      <trkpt lat="35.6408012844622135162353515625" lon="127.6095064915716648101806640625">
        <ele>989.4000244140625</ele>
        <time>2025-12-27T03:52:23.000Z</time>
        <extensions>
          <ns3:TrackPointExtension>
            <ns3:hr>142</ns3:hr>
            <ns3:cad>44</ns3:cad>
          </ns3:TrackPointExtension>
        </extensions>
      </trkpt>
      <trkpt lat="35.64081796444952487945556640625" lon="127.6095177233219146728515625">
        <ele>988.4000244140625</ele>
        <time>2025-12-27T03:52:25.000Z</time>
        <extensions>
          <ns3:TrackPointExtension>
            <ns3:hr>139</ns3:hr>
            <ns3:cad>46</ns3:cad>
          </ns3:TrackPointExtension>
        </extensions>
      </trkpt>
      <trkpt lat="35.64082366414368152618408203125" lon="127.60952568612992763519287109375">
        <ele>988</ele>
        <time>2025-12-27T03:52:26.000Z</time>
        <extensions>
          <ns3:TrackPointExtension>
            <ns3:hr>139</ns3:hr>
            <ns3:cad>46</ns3:cad>
          </ns3:TrackPointExtension>
        </extensions>
      </trkpt>
      <trkpt lat="35.64083204604685306549072265625" lon="127.60953725315630435943603515625">
        <ele>987.5999755859375</ele>
        <time>2025-12-27T03:52:27.000Z</time>
        <extensions>
          <ns3:TrackPointExtension>
            <ns3:hr>138</ns3:hr>
            <ns3:cad>46</ns3:cad>
          </ns3:TrackPointExtension>
        </extensions>
      </trkpt>
      <trkpt lat="35.64085015095770359039306640625" lon="127.6095591299235820770263671875">
        <ele>986.79998779296875</ele>
        <time>2025-12-27T03:52:29.000Z</time>
        <extensions>
          <ns3:TrackPointExtension>
            <ns3:hr>138</ns3:hr>
            <ns3:cad>46</ns3:cad>
          </ns3:TrackPointExtension>
        </extensions>
      </trkpt>
      <trkpt lat="35.64087781123816967010498046875" lon="127.60958100669085979461669921875">
        <ele>985.4000244140625</ele>
        <time>2025-12-27T03:52:32.000Z</time>
        <extensions>
          <ns3:TrackPointExtension>
            <ns3:hr>136</ns3:hr>
            <ns3:cad>47</ns3:cad>
          </ns3:TrackPointExtension>
        </extensions>
      </trkpt>
      <trkpt lat="35.64090329222381114959716796875" lon="127.60959441773593425750732421875">
        <ele>984.20001220703125</ele>
        <time>2025-12-27T03:52:34.000Z</time>
        <extensions>
          <ns3:TrackPointExtension>
            <ns3:hr>134</ns3:hr>
            <ns3:cad>47</ns3:cad>
          </ns3:TrackPointExtension>
        </extensions>
      </trkpt>
      <trkpt lat="35.64091854728758335113525390625" lon="127.6096110977232456207275390625">
        <ele>983.20001220703125</ele>
        <time>2025-12-27T03:52:36.000Z</time>
        <extensions>
          <ns3:TrackPointExtension>
            <ns3:hr>134</ns3:hr>
            <ns3:cad>48</ns3:cad>
          </ns3:TrackPointExtension>
        </extensions>
      </trkpt>
      <trkpt lat="35.64094461500644683837890625" lon="127.609646134078502655029296875">
        <ele>981.79998779296875</ele>
        <time>2025-12-27T03:52:39.000Z</time>
        <extensions>
          <ns3:TrackPointExtension>
            <ns3:hr>133</ns3:hr>
            <ns3:cad>48</ns3:cad>
          </ns3:TrackPointExtension>
        </extensions>
      </trkpt>
      <trkpt lat="35.6409571878612041473388671875" lon="127.6096563600003719329833984375">
        <ele>981.4000244140625</ele>
        <time>2025-12-27T03:52:40.000Z</time>
        <extensions>
          <ns3:TrackPointExtension>
            <ns3:hr>132</ns3:hr>
            <ns3:cad>48</ns3:cad>
          </ns3:TrackPointExtension>
        </extensions>
      </trkpt>
      <trkpt lat="35.64098074100911617279052734375" lon="127.60966666974127292633056640625">
        <ele>980.4000244140625</ele>
        <time>2025-12-27T03:52:42.000Z</time>
        <extensions>
          <ns3:TrackPointExtension>
            <ns3:hr>132</ns3:hr>
            <ns3:cad>48</ns3:cad>
          </ns3:TrackPointExtension>
        </extensions>
      </trkpt>
      <trkpt lat="35.641030780971050262451171875" lon="127.6096861995756626129150390625">
        <ele>979.20001220703125</ele>
        <time>2025-12-27T03:52:46.000Z</time>
        <extensions>
          <ns3:TrackPointExtension>
            <ns3:hr>131</ns3:hr>
            <ns3:cad>47</ns3:cad>
          </ns3:TrackPointExtension>
        </extensions>
      </trkpt>
      <trkpt lat="35.6410423479974269866943359375" lon="127.60969541966915130615234375">
        <ele>979.20001220703125</ele>
        <time>2025-12-27T03:52:47.000Z</time>
        <extensions>
          <ns3:TrackPointExtension>
            <ns3:hr>131</ns3:hr>
            <ns3:cad>47</ns3:cad>
          </ns3:TrackPointExtension>
        </extensions>
      </trkpt>
      <trkpt lat="35.64107780344784259796142578125" lon="127.609751410782337188720703125">
        <ele>979</ele>
        <time>2025-12-27T03:52:51.000Z</time>
        <extensions>
          <ns3:TrackPointExtension>
            <ns3:hr>128</ns3:hr>
            <ns3:cad>47</ns3:cad>
          </ns3:TrackPointExtension>
        </extensions>
      </trkpt>
      <trkpt lat="35.6410981714725494384765625" lon="127.60978451929986476898193359375">
        <ele>978.79998779296875</ele>
        <time>2025-12-27T03:52:54.000Z</time>
        <extensions>
          <ns3:TrackPointExtension>
            <ns3:hr>126</ns3:hr>
            <ns3:cad>56</ns3:cad>
          </ns3:TrackPointExtension>
        </extensions>
      </trkpt>
      <trkpt lat="35.64115173183381557464599609375" lon="127.6098716072738170623779296875">
        <ele>979.5999755859375</ele>
        <time>2025-12-27T03:53:01.000Z</time>
        <extensions>
          <ns3:TrackPointExtension>
            <ns3:hr>123</ns3:hr>
            <ns3:cad>49</ns3:cad>
          </ns3:TrackPointExtension>
        </extensions>
      </trkpt>
      <trkpt lat="35.641155503690242767333984375" lon="127.6098820008337497711181640625">
        <ele>979.5999755859375</ele>
        <time>2025-12-27T03:53:02.000Z</time>
        <extensions>
          <ns3:TrackPointExtension>
            <ns3:hr>123</ns3:hr>
            <ns3:cad>49</ns3:cad>
          </ns3:TrackPointExtension>
        </extensions>
      </trkpt>
      <trkpt lat="35.64118358306586742401123046875" lon="127.609941847622394561767578125">
        <ele>980.4000244140625</ele>
        <time>2025-12-27T03:53:07.000Z</time>
        <extensions>
          <ns3:TrackPointExtension>
            <ns3:hr>124</ns3:hr>
            <ns3:cad>50</ns3:cad>
          </ns3:TrackPointExtension>
        </extensions>
      </trkpt>
      <trkpt lat="35.6411969102919101715087890625" lon="127.6099584437906742095947265625">
        <ele>980.5999755859375</ele>
        <time>2025-12-27T03:53:09.000Z</time>
        <extensions>
          <ns3:TrackPointExtension>
            <ns3:hr>125</ns3:hr>
            <ns3:cad>50</ns3:cad>
          </ns3:TrackPointExtension>
        </extensions>
      </trkpt>
      <trkpt lat="35.6412358023226261138916015625" lon="127.61006397195160388946533203125">
        <ele>981.20001220703125</ele>
        <time>2025-12-27T03:53:16.000Z</time>
        <extensions>
          <ns3:TrackPointExtension>
            <ns3:hr>127</ns3:hr>
            <ns3:cad>50</ns3:cad>
          </ns3:TrackPointExtension>
        </extensions>
      </trkpt>
      <trkpt lat="35.64128885976970195770263671875" lon="127.6101663149893283843994140625">
        <ele>979</ele>
        <time>2025-12-27T03:53:21.000Z</time>
        <extensions>
          <ns3:TrackPointExtension>
            <ns3:hr>128</ns3:hr>
            <ns3:cad>83</ns3:cad>
          </ns3:TrackPointExtension>
        </extensions>
      </trkpt>
      <trkpt lat="35.64131886698305606842041015625" lon="127.61021031998097896575927734375">
        <ele>977.5999755859375</ele>
        <time>2025-12-27T03:53:24.000Z</time>
        <extensions>
          <ns3:TrackPointExtension>
            <ns3:hr>128</ns3:hr>
            <ns3:cad>83</ns3:cad>
          </ns3:TrackPointExtension>
        </extensions>
      </trkpt>
      <trkpt lat="35.64132892526686191558837890625" lon="127.61021920479834079742431640625">
        <ele>977.20001220703125</ele>
        <time>2025-12-27T03:53:25.000Z</time>
        <extensions>
          <ns3:TrackPointExtension>
            <ns3:hr>128</ns3:hr>
            <ns3:cad>85</ns3:cad>
          </ns3:TrackPointExtension>
        </extensions>
      </trkpt>
      <trkpt lat="35.64136094413697719573974609375" lon="127.610316686332225799560546875">
        <ele>976.5999755859375</ele>
        <time>2025-12-27T03:53:30.000Z</time>
        <extensions>
          <ns3:TrackPointExtension>
            <ns3:hr>128</ns3:hr>
            <ns3:cad>63</ns3:cad>
          </ns3:TrackPointExtension>
        </extensions>
      </trkpt>
      <trkpt lat="35.64139514230191707611083984375" lon="127.61040058918297290802001953125">
        <ele>975.79998779296875</ele>
        <time>2025-12-27T03:53:33.000Z</time>
        <extensions>
          <ns3:TrackPointExtension>
            <ns3:hr>128</ns3:hr>
            <ns3:cad>67</ns3:cad>
          </ns3:TrackPointExtension>
        </extensions>
      </trkpt>
      <trkpt lat="35.641402937471866607666015625" lon="127.61042707599699497222900390625">
        <ele>975.4000244140625</ele>
        <time>2025-12-27T03:53:34.000Z</time>
        <extensions>
          <ns3:TrackPointExtension>
            <ns3:hr>128</ns3:hr>
            <ns3:cad>80</ns3:cad>
          </ns3:TrackPointExtension>
        </extensions>
      </trkpt>
      <trkpt lat="35.64143805764615535736083984375" lon="127.61050670407712459564208984375">
        <ele>974.20001220703125</ele>
        <time>2025-12-27T03:53:37.000Z</time>
        <extensions>
          <ns3:TrackPointExtension>
            <ns3:hr>129</ns3:hr>
            <ns3:cad>84</ns3:cad>
          </ns3:TrackPointExtension>
        </extensions>
      </trkpt>
      <trkpt lat="35.64145691692829132080078125" lon="127.61055347509682178497314453125">
        <ele>973</ele>
        <time>2025-12-27T03:53:39.000Z</time>
        <extensions>
          <ns3:TrackPointExtension>
            <ns3:hr>129</ns3:hr>
            <ns3:cad>83</ns3:cad>
          </ns3:TrackPointExtension>
        </extensions>
      </trkpt>
      <trkpt lat="35.641466639935970306396484375" lon="127.6105771958827972412109375">
        <ele>972.4000244140625</ele>
        <time>2025-12-27T03:53:40.000Z</time>
        <extensions>
          <ns3:TrackPointExtension>
            <ns3:hr>129</ns3:hr>
            <ns3:cad>81</ns3:cad>
          </ns3:TrackPointExtension>
        </extensions>
      </trkpt>
      <trkpt lat="35.64147594384849071502685546875" lon="127.610605023801326751708984375">
        <ele>971.79998779296875</ele>
        <time>2025-12-27T03:53:41.000Z</time>
        <extensions>
          <ns3:TrackPointExtension>
            <ns3:hr>128</ns3:hr>
            <ns3:cad>81</ns3:cad>
          </ns3:TrackPointExtension>
        </extensions>
      </trkpt>
      <trkpt lat="35.64157786779105663299560546875" lon="127.61073385365307331085205078125">
        <ele>971.20001220703125</ele>
        <time>2025-12-27T03:53:47.000Z</time>
        <extensions>
          <ns3:TrackPointExtension>
            <ns3:hr>129</ns3:hr>
            <ns3:cad>81</ns3:cad>
          </ns3:TrackPointExtension>
        </extensions>
      </trkpt>
      <trkpt lat="35.64174433238804340362548828125" lon="127.6108588278293609619140625">
        <ele>971.4000244140625</ele>
        <time>2025-12-27T03:53:54.000Z</time>
        <extensions>
          <ns3:TrackPointExtension>
            <ns3:hr>131</ns3:hr>
            <ns3:cad>81</ns3:cad>
          </ns3:TrackPointExtension>
        </extensions>
      </trkpt>
      <trkpt lat="35.641769059002399444580078125" lon="127.610875926911830902099609375">
        <ele>971.20001220703125</ele>
        <time>2025-12-27T03:53:55.000Z</time>
        <extensions>
          <ns3:TrackPointExtension>
            <ns3:hr>131</ns3:hr>
            <ns3:cad>82</ns3:cad>
          </ns3:TrackPointExtension>
        </extensions>
      </trkpt>
      <trkpt lat="35.64190560020506381988525390625" lon="127.61093870736658573150634765625">
        <ele>970.79998779296875</ele>
        <time>2025-12-27T03:54:00.000Z</time>
        <extensions>
          <ns3:TrackPointExtension>
            <ns3:hr>134</ns3:hr>
            <ns3:cad>82</ns3:cad>
          </ns3:TrackPointExtension>
        </extensions>
      </trkpt>
      <trkpt lat="35.6419315002858638763427734375" lon="127.61094708926975727081298828125">
        <ele>970.5999755859375</ele>
        <time>2025-12-27T03:54:01.000Z</time>
        <extensions>
          <ns3:TrackPointExtension>
            <ns3:hr>134</ns3:hr>
            <ns3:cad>82</ns3:cad>
          </ns3:TrackPointExtension>
        </extensions>
      </trkpt>
      <trkpt lat="35.64202093519270420074462890625" lon="127.61097525246441364288330078125">
        <ele>970</ele>
        <time>2025-12-27T03:54:04.000Z</time>
        <extensions>
          <ns3:TrackPointExtension>
            <ns3:hr>135</ns3:hr>
            <ns3:cad>83</ns3:cad>
          </ns3:TrackPointExtension>
        </extensions>
      </trkpt>
      <trkpt lat="35.64214448444545269012451171875" lon="127.610999308526515960693359375">
        <ele>969.4000244140625</ele>
        <time>2025-12-27T03:54:08.000Z</time>
        <extensions>
          <ns3:TrackPointExtension>
            <ns3:hr>137</ns3:hr>
            <ns3:cad>82</ns3:cad>
          </ns3:TrackPointExtension>
        </extensions>
      </trkpt>
      <trkpt lat="35.6422181613743305206298828125" lon="127.61103861965239048004150390625">
        <ele>968.20001220703125</ele>
        <time>2025-12-27T03:54:11.000Z</time>
        <extensions>
          <ns3:TrackPointExtension>
            <ns3:hr>139</ns3:hr>
            <ns3:cad>82</ns3:cad>
          </ns3:TrackPointExtension>
        </extensions>
      </trkpt>
      <trkpt lat="35.64227323047816753387451171875" lon="127.611075751483440399169921875">
        <ele>967</ele>
        <time>2025-12-27T03:54:13.000Z</time>
        <extensions>
          <ns3:TrackPointExtension>
            <ns3:hr>140</ns3:hr>
            <ns3:cad>82</ns3:cad>
          </ns3:TrackPointExtension>
        </extensions>
      </trkpt>
      <trkpt lat="35.64233265817165374755859375" lon="127.611146830022335052490234375">
        <ele>966.20001220703125</ele>
        <time>2025-12-27T03:54:16.000Z</time>
        <extensions>
          <ns3:TrackPointExtension>
            <ns3:hr>143</ns3:hr>
            <ns3:cad>86</ns3:cad>
          </ns3:TrackPointExtension>
        </extensions>
      </trkpt>
      <trkpt lat="35.642368532717227935791015625" lon="127.6112101972103118896484375">
        <ele>966</ele>
        <time>2025-12-27T03:54:18.000Z</time>
        <extensions>
          <ns3:TrackPointExtension>
            <ns3:hr>144</ns3:hr>
            <ns3:cad>86</ns3:cad>
          </ns3:TrackPointExtension>
        </extensions>
      </trkpt>
      <trkpt lat="35.64239795319736003875732421875" lon="127.61131136678159236907958984375">
        <ele>964.4000244140625</ele>
        <time>2025-12-27T03:54:21.000Z</time>
        <extensions>
          <ns3:TrackPointExtension>
            <ns3:hr>145</ns3:hr>
            <ns3:cad>84</ns3:cad>
          </ns3:TrackPointExtension>
        </extensions>
      </trkpt>
      <trkpt lat="35.6424072571098804473876953125" lon="127.61138127185404300689697265625">
        <ele>963</ele>
        <time>2025-12-27T03:54:23.000Z</time>
        <extensions>
          <ns3:TrackPointExtension>
            <ns3:hr>146</ns3:hr>
            <ns3:cad>84</ns3:cad>
          </ns3:TrackPointExtension>
        </extensions>
      </trkpt>
      <trkpt lat="35.64241312444210052490234375" lon="127.61142334900796413421630859375">
        <ele>962.4000244140625</ele>
        <time>2025-12-27T03:54:24.000Z</time>
        <extensions>
          <ns3:TrackPointExtension>
            <ns3:hr>146</ns3:hr>
            <ns3:cad>96</ns3:cad>
          </ns3:TrackPointExtension>
        </extensions>
      </trkpt>
      <trkpt lat="35.64241689629852771759033203125" lon="127.61146643199026584625244140625">
        <ele>962</ele>
        <time>2025-12-27T03:54:25.000Z</time>
        <extensions>
          <ns3:TrackPointExtension>
            <ns3:hr>147</ns3:hr>
            <ns3:cad>96</ns3:cad>
          </ns3:TrackPointExtension>
        </extensions>
      </trkpt>
      <trkpt lat="35.642426870763301849365234375" lon="127.61160775087773799896240234375">
        <ele>962.5999755859375</ele>
        <time>2025-12-27T03:54:30.000Z</time>
        <extensions>
          <ns3:TrackPointExtension>
            <ns3:hr>149</ns3:hr>
            <ns3:cad>83</ns3:cad>
          </ns3:TrackPointExtension>
        </extensions>
      </trkpt>
      <trkpt lat="35.64242963679134845733642578125" lon="127.61161630041897296905517578125">
        <ele>963</ele>
        <time>2025-12-27T03:54:32.000Z</time>
        <extensions>
          <ns3:TrackPointExtension>
            <ns3:hr>149</ns3:hr>
            <ns3:cad>83</ns3:cad>
          </ns3:TrackPointExtension>
        </extensions>
      </trkpt>
      <trkpt lat="35.64244262874126434326171875" lon="127.61168402619659900665283203125">
        <ele>963.79998779296875</ele>
        <time>2025-12-27T03:54:37.000Z</time>
        <extensions>
          <ns3:TrackPointExtension>
            <ns3:hr>151</ns3:hr>
            <ns3:cad>51</ns3:cad>
          </ns3:TrackPointExtension>
        </extensions>
      </trkpt>
      <trkpt lat="35.6424813531339168548583984375" lon="127.61181704699993133544921875">
        <ele>963</ele>
        <time>2025-12-27T03:54:44.000Z</time>
        <extensions>
          <ns3:TrackPointExtension>
            <ns3:hr>152</ns3:hr>
            <ns3:cad>55</ns3:cad>
          </ns3:TrackPointExtension>
        </extensions>
      </trkpt>
      <trkpt lat="35.64250675030052661895751953125" lon="127.611859627068042755126953125">
        <ele>962</ele>
        <time>2025-12-27T03:54:47.000Z</time>
        <extensions>
          <ns3:TrackPointExtension>
            <ns3:hr>152</ns3:hr>
            <ns3:cad>59</ns3:cad>
          </ns3:TrackPointExtension>
        </extensions>
      </trkpt>
      <trkpt lat="35.64255586825311183929443359375" lon="127.61190815828740596771240234375">
        <ele>961</ele>
        <time>2025-12-27T03:54:51.000Z</time>
        <extensions>
          <ns3:TrackPointExtension>
            <ns3:hr>151</ns3:hr>
            <ns3:cad>61</ns3:cad>
          </ns3:TrackPointExtension>
        </extensions>
      </trkpt>
      <trkpt lat="35.642562322318553924560546875" lon="127.6119234971702098846435546875">
        <ele>960.79998779296875</ele>
        <time>2025-12-27T03:54:52.000Z</time>
        <extensions>
          <ns3:TrackPointExtension>
            <ns3:hr>151</ns3:hr>
            <ns3:cad>61</ns3:cad>
          </ns3:TrackPointExtension>
        </extensions>
      </trkpt>
      <trkpt lat="35.6425814330577850341796875" lon="127.61195643804967403411865234375">
        <ele>959.79998779296875</ele>
        <time>2025-12-27T03:54:54.000Z</time>
        <extensions>
          <ns3:TrackPointExtension>
            <ns3:hr>150</ns3:hr>
            <ns3:cad>64</ns3:cad>
          </ns3:TrackPointExtension>
        </extensions>
      </trkpt>
      <trkpt lat="35.64260431565344333648681640625" lon="127.6120056398212909698486328125">
        <ele>958.5999755859375</ele>
        <time>2025-12-27T03:54:57.000Z</time>
        <extensions>
          <ns3:TrackPointExtension>
            <ns3:hr>150</ns3:hr>
            <ns3:cad>64</ns3:cad>
          </ns3:TrackPointExtension>
        </extensions>
      </trkpt>
      <trkpt lat="35.6426275335252285003662109375" lon="127.61203967034816741943359375">
        <ele>957.79998779296875</ele>
        <time>2025-12-27T03:55:00.000Z</time>
        <extensions>
          <ns3:TrackPointExtension>
            <ns3:hr>149</ns3:hr>
            <ns3:cad>68</ns3:cad>
          </ns3:TrackPointExtension>
        </extensions>
      </trkpt>
      <trkpt lat="35.64266365952789783477783203125" lon="127.61208803392946720123291015625">
        <ele>957.5999755859375</ele>
        <time>2025-12-27T03:55:03.000Z</time>
        <extensions>
          <ns3:TrackPointExtension>
            <ns3:hr>149</ns3:hr>
            <ns3:cad>68</ns3:cad>
          </ns3:TrackPointExtension>
        </extensions>
      </trkpt>
      <trkpt lat="35.6427230872213840484619140625" lon="127.61214134283363819122314453125">
        <ele>957.20001220703125</ele>
        <time>2025-12-27T03:55:07.000Z</time>
        <extensions>
          <ns3:TrackPointExtension>
            <ns3:hr>147</ns3:hr>
            <ns3:cad>68</ns3:cad>
          </ns3:TrackPointExtension>
        </extensions>
      </trkpt>
      <trkpt lat="35.64277480356395244598388671875" lon="127.61218057014048099517822265625">
        <ele>956.4000244140625</ele>
        <time>2025-12-27T03:55:11.000Z</time>
        <extensions>
          <ns3:TrackPointExtension>
            <ns3:hr>146</ns3:hr>
            <ns3:cad>58</ns3:cad>
          </ns3:TrackPointExtension>
        </extensions>
      </trkpt>
      <trkpt lat="35.64283020794391632080078125" lon="127.61224083602428436279296875">
        <ele>955.4000244140625</ele>
        <time>2025-12-27T03:55:16.000Z</time>
        <extensions>
          <ns3:TrackPointExtension>
            <ns3:hr>147</ns3:hr>
            <ns3:cad>61</ns3:cad>
          </ns3:TrackPointExtension>
        </extensions>
      </trkpt>
      <trkpt lat="35.642881505191326141357421875" lon="127.6122741959989070892333984375">
        <ele>954.20001220703125</ele>
        <time>2025-12-27T03:55:20.000Z</time>
        <extensions>
          <ns3:TrackPointExtension>
            <ns3:hr>145</ns3:hr>
            <ns3:cad>61</ns3:cad>
          </ns3:TrackPointExtension>
        </extensions>
      </trkpt>
      <trkpt lat="35.642895586788654327392578125" lon="127.61227578856050968170166015625">
        <ele>953.79998779296875</ele>
        <time>2025-12-27T03:55:21.000Z</time>
        <extensions>
          <ns3:TrackPointExtension>
            <ns3:hr>142</ns3:hr>
            <ns3:cad>61</ns3:cad>
          </ns3:TrackPointExtension>
        </extensions>
      </trkpt>
      <trkpt lat="35.6429386697709560394287109375" lon="127.61228618212044239044189453125">
        <ele>953</ele>
        <time>2025-12-27T03:55:24.000Z</time>
        <extensions>
          <ns3:TrackPointExtension>
            <ns3:hr>139</ns3:hr>
            <ns3:cad>61</ns3:cad>
          </ns3:TrackPointExtension>
        </extensions>
      </trkpt>
      <trkpt lat="35.64300321042537689208984375" lon="127.61230395175516605377197265625">
        <ele>951.79998779296875</ele>
        <time>2025-12-27T03:55:29.000Z</time>
        <extensions>
          <ns3:TrackPointExtension>
            <ns3:hr>138</ns3:hr>
            <ns3:cad>62</ns3:cad>
          </ns3:TrackPointExtension>
        </extensions>
      </trkpt>
      <trkpt lat="35.64305375330150127410888671875" lon="127.61231518350541591644287109375">
        <ele>951.20001220703125</ele>
        <time>2025-12-27T03:55:32.000Z</time>
        <extensions>
          <ns3:TrackPointExtension>
            <ns3:hr>138</ns3:hr>
            <ns3:cad>60</ns3:cad>
          </ns3:TrackPointExtension>
        </extensions>
      </trkpt>
      <trkpt lat="35.64315467141568660736083984375" lon="127.61234401725232601165771484375">
        <ele>951</ele>
        <time>2025-12-27T03:55:40.000Z</time>
        <extensions>
          <ns3:TrackPointExtension>
            <ns3:hr>136</ns3:hr>
            <ns3:cad>57</ns3:cad>
          </ns3:TrackPointExtension>
        </extensions>
      </trkpt>
      <trkpt lat="35.6431797333061695098876953125" lon="127.6123710907995700836181640625">
        <ele>950.5999755859375</ele>
        <time>2025-12-27T03:55:42.000Z</time>
        <extensions>
          <ns3:TrackPointExtension>
            <ns3:hr>136</ns3:hr>
            <ns3:cad>57</ns3:cad>
          </ns3:TrackPointExtension>
        </extensions>
      </trkpt>
      <trkpt lat="35.643227510154247283935546875" lon="127.6123881898820400238037109375">
        <ele>950</ele>
        <time>2025-12-27T03:55:45.000Z</time>
        <extensions>
          <ns3:TrackPointExtension>
            <ns3:hr>135</ns3:hr>
            <ns3:cad>56</ns3:cad>
          </ns3:TrackPointExtension>
        </extensions>
      </trkpt>
      <trkpt lat="35.6432653963565826416015625" lon="127.6124126650393009185791015625">
        <ele>949.79998779296875</ele>
        <time>2025-12-27T03:55:48.000Z</time>
        <extensions>
          <ns3:TrackPointExtension>
            <ns3:hr>136</ns3:hr>
            <ns3:cad>61</ns3:cad>
          </ns3:TrackPointExtension>
        </extensions>
      </trkpt>
      <trkpt lat="35.6432893685996532440185546875" lon="127.61243521235883235931396484375">
        <ele>949.5999755859375</ele>
        <time>2025-12-27T03:55:50.000Z</time>
        <extensions>
          <ns3:TrackPointExtension>
            <ns3:hr>136</ns3:hr>
            <ns3:cad>62</ns3:cad>
          </ns3:TrackPointExtension>
        </extensions>
      </trkpt>
      <trkpt lat="35.643352568149566650390625" lon="127.612491957843303680419921875">
        <ele>949</ele>
        <time>2025-12-27T03:55:57.000Z</time>
        <extensions>
          <ns3:TrackPointExtension>
            <ns3:hr>135</ns3:hr>
            <ns3:cad>56</ns3:cad>
          </ns3:TrackPointExtension>
        </extensions>
      </trkpt>
      <trkpt lat="35.6433963216841220855712890625" lon="127.61260000057518482208251953125">
        <ele>948.4000244140625</ele>
        <time>2025-12-27T03:56:04.000Z</time>
        <extensions>
          <ns3:TrackPointExtension>
            <ns3:hr>135</ns3:hr>
            <ns3:cad>61</ns3:cad>
          </ns3:TrackPointExtension>
        </extensions>
      </trkpt>
      <trkpt lat="35.64344711601734161376953125" lon="127.61267795227468013763427734375">
        <ele>947.20001220703125</ele>
        <time>2025-12-27T03:56:10.000Z</time>
        <extensions>
          <ns3:TrackPointExtension>
            <ns3:hr>135</ns3:hr>
            <ns3:cad>60</ns3:cad>
          </ns3:TrackPointExtension>
        </extensions>
      </trkpt>
      <trkpt lat="35.643452145159244537353515625" lon="127.61268784292042255401611328125">
        <ele>947</ele>
        <time>2025-12-27T03:56:11.000Z</time>
        <extensions>
          <ns3:TrackPointExtension>
            <ns3:hr>136</ns3:hr>
            <ns3:cad>58</ns3:cad>
          </ns3:TrackPointExtension>
        </extensions>
      </trkpt>
      <trkpt lat="35.64345206134021282196044921875" lon="127.612820528447628021240234375">
        <ele>947.5999755859375</ele>
        <time>2025-12-27T03:56:19.000Z</time>
        <extensions>
          <ns3:TrackPointExtension>
            <ns3:hr>135</ns3:hr>
            <ns3:cad>55</ns3:cad>
          </ns3:TrackPointExtension>
        </extensions>
      </trkpt>
      <trkpt lat="35.643458850681781768798828125" lon="127.6128813810646533966064453125">
        <ele>948</ele>
        <time>2025-12-27T03:56:23.000Z</time>
        <extensions>
          <ns3:TrackPointExtension>
            <ns3:hr>132</ns3:hr>
            <ns3:cad>53</ns3:cad>
          </ns3:TrackPointExtension>
        </extensions>
      </trkpt>
      <trkpt lat="35.6434754468500614166259765625" lon="127.61291348375380039215087890625">
        <ele>948.4000244140625</ele>
        <time>2025-12-27T03:56:26.000Z</time>
        <extensions>
          <ns3:TrackPointExtension>
            <ns3:hr>132</ns3:hr>
            <ns3:cad>51</ns3:cad>
          </ns3:TrackPointExtension>
        </extensions>
      </trkpt>
      <trkpt lat="35.643475614488124847412109375" lon="127.61290878988802433013916015625">
        <ele>948.79998779296875</ele>
        <time>2025-12-27T03:56:27.000Z</time>
        <extensions>
          <ns3:TrackPointExtension>
            <ns3:hr>131</ns3:hr>
            <ns3:cad>0</ns3:cad>
          </ns3:TrackPointExtension>
        </extensions>
      </trkpt>
      <trkpt lat="35.64349883235991001129150390625" lon="127.61304692365229129791259765625">
        <ele>949.5999755859375</ele>
        <time>2025-12-27T03:56:35.000Z</time>
        <extensions>
          <ns3:TrackPointExtension>
            <ns3:hr>130</ns3:hr>
            <ns3:cad>57</ns3:cad>
          </ns3:TrackPointExtension>
        </extensions>
      </trkpt>
      <trkpt lat="35.643493719398975372314453125" lon="127.6130869053304195404052734375">
        <ele>949.4000244140625</ele>
        <time>2025-12-27T03:56:39.000Z</time>
        <extensions>
          <ns3:TrackPointExtension>
            <ns3:hr>126</ns3:hr>
            <ns3:cad>57</ns3:cad>
          </ns3:TrackPointExtension>
        </extensions>
      </trkpt>
      <trkpt lat="35.6434915401041507720947265625" lon="127.61309570632874965667724609375">
        <ele>949.20001220703125</ele>
        <time>2025-12-27T03:56:40.000Z</time>
        <extensions>
          <ns3:TrackPointExtension>
            <ns3:hr>123</ns3:hr>
            <ns3:cad>57</ns3:cad>
          </ns3:TrackPointExtension>
        </extensions>
      </trkpt>
      <trkpt lat="35.643485002219676971435546875" lon="127.6131261326372623443603515625">
        <ele>949</ele>
        <time>2025-12-27T03:56:42.000Z</time>
        <extensions>
          <ns3:TrackPointExtension>
            <ns3:hr>121</ns3:hr>
            <ns3:cad>55</ns3:cad>
          </ns3:TrackPointExtension>
        </extensions>
      </trkpt>
      <trkpt lat="35.6434610299766063690185546875" lon="127.61325496248900890350341796875">
        <ele>950.4000244140625</ele>
        <time>2025-12-27T03:56:50.000Z</time>
        <extensions>
          <ns3:TrackPointExtension>
            <ns3:hr>120</ns3:hr>
            <ns3:cad>53</ns3:cad>
          </ns3:TrackPointExtension>
        </extensions>
      </trkpt>
      <trkpt lat="35.6434585154056549072265625" lon="127.6132714748382568359375">
        <ele>950.5999755859375</ele>
        <time>2025-12-27T03:56:51.000Z</time>
        <extensions>
          <ns3:TrackPointExtension>
            <ns3:hr>120</ns3:hr>
            <ns3:cad>52</ns3:cad>
          </ns3:TrackPointExtension>
        </extensions>
      </trkpt>
      <trkpt lat="35.6434385664761066436767578125" lon="127.613323442637920379638671875">
        <ele>950.79998779296875</ele>
        <time>2025-12-27T03:56:55.000Z</time>
        <extensions>
          <ns3:TrackPointExtension>
            <ns3:hr>123</ns3:hr>
            <ns3:cad>51</ns3:cad>
          </ns3:TrackPointExtension>
        </extensions>
      </trkpt>
      <trkpt lat="35.64342834055423736572265625" lon="127.61334263719618320465087890625">
        <ele>950.5999755859375</ele>
        <time>2025-12-27T03:56:57.000Z</time>
        <extensions>
          <ns3:TrackPointExtension>
            <ns3:hr>126</ns3:hr>
            <ns3:cad>53</ns3:cad>
          </ns3:TrackPointExtension>
        </extensions>
      </trkpt>
      <trkpt lat="35.6434218026697635650634765625" lon="127.6133527792990207672119140625">
        <ele>950.4000244140625</ele>
        <time>2025-12-27T03:56:58.000Z</time>
        <extensions>
          <ns3:TrackPointExtension>
            <ns3:hr>130</ns3:hr>
            <ns3:cad>54</ns3:cad>
          </ns3:TrackPointExtension>
        </extensions>
      </trkpt>
      <trkpt lat="35.64341953955590724945068359375" lon="127.61336174793541431427001953125">
        <ele>950.4000244140625</ele>
        <time>2025-12-27T03:56:59.000Z</time>
        <extensions>
          <ns3:TrackPointExtension>
            <ns3:hr>130</ns3:hr>
            <ns3:cad>55</ns3:cad>
          </ns3:TrackPointExtension>
        </extensions>
      </trkpt>
      <trkpt lat="35.6434348784387111663818359375" lon="127.61347121559083461761474609375">
        <ele>950.79998779296875</ele>
        <time>2025-12-27T03:57:06.000Z</time>
        <extensions>
          <ns3:TrackPointExtension>
            <ns3:hr>128</ns3:hr>
            <ns3:cad>57</ns3:cad>
          </ns3:TrackPointExtension>
        </extensions>
      </trkpt>
      <trkpt lat="35.64344175159931182861328125" lon="127.61352200992405414581298828125">
        <ele>951.79998779296875</ele>
        <time>2025-12-27T03:57:10.000Z</time>
        <extensions>
          <ns3:TrackPointExtension>
            <ns3:hr>127</ns3:hr>
            <ns3:cad>58</ns3:cad>
          </ns3:TrackPointExtension>
        </extensions>
      </trkpt>
      <trkpt lat="35.6434281729161739349365234375" lon="127.61361010372638702392578125">
        <ele>952.79998779296875</ele>
        <time>2025-12-27T03:57:15.000Z</time>
        <extensions>
          <ns3:TrackPointExtension>
            <ns3:hr>129</ns3:hr>
            <ns3:cad>50</ns3:cad>
          </ns3:TrackPointExtension>
        </extensions>
      </trkpt>
      <trkpt lat="35.64339238218963146209716796875" lon="127.61369350366294384002685546875">
        <ele>952.4000244140625</ele>
        <time>2025-12-27T03:57:22.000Z</time>
        <extensions>
          <ns3:TrackPointExtension>
            <ns3:hr>130</ns3:hr>
            <ns3:cad>52</ns3:cad>
          </ns3:TrackPointExtension>
        </extensions>
      </trkpt>
      <trkpt lat="35.64330990426242351531982421875" lon="127.613750584423542022705078125">
        <ele>952</ele>
        <time>2025-12-27T03:57:30.000Z</time>
        <extensions>
          <ns3:TrackPointExtension>
            <ns3:hr>130</ns3:hr>
            <ns3:cad>51</ns3:cad>
          </ns3:TrackPointExtension>
        </extensions>
      </trkpt>
      <trkpt lat="35.6432531587779521942138671875" lon="127.61380179785192012786865234375">
        <ele>952.5999755859375</ele>
        <time>2025-12-27T03:57:35.000Z</time>
        <extensions>
          <ns3:TrackPointExtension>
            <ns3:hr>127</ns3:hr>
            <ns3:cad>51</ns3:cad>
          </ns3:TrackPointExtension>
        </extensions>
      </trkpt>
      <trkpt lat="35.64325056038796901702880859375" lon="127.613814286887645721435546875">
        <ele>953</ele>
        <time>2025-12-27T03:57:36.000Z</time>
        <extensions>
          <ns3:TrackPointExtension>
            <ns3:hr>127</ns3:hr>
            <ns3:cad>52</ns3:cad>
          </ns3:TrackPointExtension>
        </extensions>
      </trkpt>
      <trkpt lat="35.6432229839265346527099609375" lon="127.61386281810700893402099609375">
        <ele>954</ele>
        <time>2025-12-27T03:57:40.000Z</time>
        <extensions>
          <ns3:TrackPointExtension>
            <ns3:hr>127</ns3:hr>
            <ns3:cad>52</ns3:cad>
          </ns3:TrackPointExtension>
        </extensions>
      </trkpt>
      <trkpt lat="35.643204711377620697021484375" lon="127.61390472762286663055419921875">
        <ele>954.79998779296875</ele>
        <time>2025-12-27T03:57:43.000Z</time>
        <extensions>
          <ns3:TrackPointExtension>
            <ns3:hr>128</ns3:hr>
            <ns3:cad>51</ns3:cad>
          </ns3:TrackPointExtension>
        </extensions>
      </trkpt>
      <trkpt lat="35.64320026896893978118896484375" lon="127.6140240021049976348876953125">
        <ele>954.5999755859375</ele>
        <time>2025-12-27T03:57:49.000Z</time>
        <extensions>
          <ns3:TrackPointExtension>
            <ns3:hr>130</ns3:hr>
            <ns3:cad>53</ns3:cad>
          </ns3:TrackPointExtension>
        </extensions>
      </trkpt>
      <trkpt lat="35.64323362894356250762939453125" lon="127.6141051389276981353759765625">
        <ele>952.4000244140625</ele>
        <time>2025-12-27T03:57:54.000Z</time>
        <extensions>
          <ns3:TrackPointExtension>
            <ns3:hr>130</ns3:hr>
            <ns3:cad>57</ns3:cad>
          </ns3:TrackPointExtension>
        </extensions>
      </trkpt>
      <trkpt lat="35.64323723316192626953125" lon="127.6141232438385486602783203125">
        <ele>951.4000244140625</ele>
        <time>2025-12-27T03:57:56.000Z</time>
        <extensions>
          <ns3:TrackPointExtension>
            <ns3:hr>130</ns3:hr>
            <ns3:cad>60</ns3:cad>
          </ns3:TrackPointExtension>
        </extensions>
      </trkpt>
      <trkpt lat="35.64325307495892047882080078125" lon="127.6141658239066600799560546875">
        <ele>950.4000244140625</ele>
        <time>2025-12-27T03:57:59.000Z</time>
        <extensions>
          <ns3:TrackPointExtension>
            <ns3:hr>130</ns3:hr>
            <ns3:cad>60</ns3:cad>
          </ns3:TrackPointExtension>
        </extensions>
      </trkpt>
      <trkpt lat="35.64327050931751728057861328125" lon="127.61420044116675853729248046875">
        <ele>949</ele>
        <time>2025-12-27T03:58:02.000Z</time>
        <extensions>
          <ns3:TrackPointExtension>
            <ns3:hr>130</ns3:hr>
            <ns3:cad>62</ns3:cad>
          </ns3:TrackPointExtension>
        </extensions>
      </trkpt>
      <trkpt lat="35.643276460468769073486328125" lon="127.61421301402151584625244140625">
        <ele>948.4000244140625</ele>
        <time>2025-12-27T03:58:03.000Z</time>
        <extensions>
          <ns3:TrackPointExtension>
            <ns3:hr>130</ns3:hr>
            <ns3:cad>62</ns3:cad>
          </ns3:TrackPointExtension>
        </extensions>
      </trkpt>
      <trkpt lat="35.64329112879931926727294921875" lon="127.61423463933169841766357421875">
        <ele>947.4000244140625</ele>
        <time>2025-12-27T03:58:05.000Z</time>
        <extensions>
          <ns3:TrackPointExtension>
            <ns3:hr>129</ns3:hr>
            <ns3:cad>62</ns3:cad>
          </ns3:TrackPointExtension>
        </extensions>
      </trkpt>
      <trkpt lat="35.64332851208746433258056640625" lon="127.6142654009163379669189453125">
        <ele>946</ele>
        <time>2025-12-27T03:58:08.000Z</time>
        <extensions>
          <ns3:TrackPointExtension>
            <ns3:hr>129</ns3:hr>
            <ns3:cad>62</ns3:cad>
          </ns3:TrackPointExtension>
        </extensions>
      </trkpt>
      <trkpt lat="35.64334787428379058837890625" lon="127.6142814941704273223876953125">
        <ele>945.4000244140625</ele>
        <time>2025-12-27T03:58:10.000Z</time>
        <extensions>
          <ns3:TrackPointExtension>
            <ns3:hr>128</ns3:hr>
            <ns3:cad>62</ns3:cad>
          </ns3:TrackPointExtension>
        </extensions>
      </trkpt>
      <trkpt lat="35.6433574296534061431884765625" lon="127.614295072853565216064453125">
        <ele>945</ele>
        <time>2025-12-27T03:58:11.000Z</time>
        <extensions>
          <ns3:TrackPointExtension>
            <ns3:hr>128</ns3:hr>
            <ns3:cad>62</ns3:cad>
          </ns3:TrackPointExtension>
        </extensions>
      </trkpt>
      <trkpt lat="35.64336539246141910552978515625" lon="127.61430370621383190155029296875">
        <ele>944.79998779296875</ele>
        <time>2025-12-27T03:58:12.000Z</time>
        <extensions>
          <ns3:TrackPointExtension>
            <ns3:hr>128</ns3:hr>
            <ns3:cad>62</ns3:cad>
          </ns3:TrackPointExtension>
        </extensions>
      </trkpt>
      <trkpt lat="35.643395148217678070068359375" lon="127.614380232989788055419921875">
        <ele>944.20001220703125</ele>
        <time>2025-12-27T03:58:17.000Z</time>
        <extensions>
          <ns3:TrackPointExtension>
            <ns3:hr>126</ns3:hr>
            <ns3:cad>59</ns3:cad>
          </ns3:TrackPointExtension>
        </extensions>
      </trkpt>
      <trkpt lat="35.6434048712253570556640625" lon="127.6145081408321857452392578125">
        <ele>944.20001220703125</ele>
        <time>2025-12-27T03:58:25.000Z</time>
        <extensions>
          <ns3:TrackPointExtension>
            <ns3:hr>124</ns3:hr>
            <ns3:cad>55</ns3:cad>
          </ns3:TrackPointExtension>
        </extensions>
      </trkpt>
      <trkpt lat="35.64340679906308650970458984375" lon="127.6146157644689083099365234375">
        <ele>944.20001220703125</ele>
        <time>2025-12-27T03:58:32.000Z</time>
        <extensions>
          <ns3:TrackPointExtension>
            <ns3:hr>123</ns3:hr>
            <ns3:cad>54</ns3:cad>
          </ns3:TrackPointExtension>
        </extensions>
      </trkpt>
      <trkpt lat="35.64341031946241855621337890625" lon="127.61468323878943920135498046875">
        <ele>944.5999755859375</ele>
        <time>2025-12-27T03:58:36.000Z</time>
        <extensions>
          <ns3:TrackPointExtension>
            <ns3:hr>120</ns3:hr>
            <ns3:cad>53</ns3:cad>
          </ns3:TrackPointExtension>
        </extensions>
      </trkpt>
      <trkpt lat="35.6434150971472263336181640625" lon="127.6147324405610561370849609375">
        <ele>945</ele>
        <time>2025-12-27T03:58:39.000Z</time>
        <extensions>
          <ns3:TrackPointExtension>
            <ns3:hr>116</ns3:hr>
            <ns3:cad>51</ns3:cad>
          </ns3:TrackPointExtension>
        </extensions>
      </trkpt>
      <trkpt lat="35.6434124149382114410400390625" lon="127.61477191932499408721923828125">
        <ele>945.20001220703125</ele>
        <time>2025-12-27T03:58:42.000Z</time>
        <extensions>
          <ns3:TrackPointExtension>
            <ns3:hr>113</ns3:hr>
            <ns3:cad>50</ns3:cad>
          </ns3:TrackPointExtension>
        </extensions>
      </trkpt>
      <trkpt lat="35.643399171531200408935546875" lon="127.6148481108248233795166015625">
        <ele>944.79998779296875</ele>
        <time>2025-12-27T03:58:48.000Z</time>
        <extensions>
          <ns3:TrackPointExtension>
            <ns3:hr>113</ns3:hr>
            <ns3:cad>50</ns3:cad>
          </ns3:TrackPointExtension>
        </extensions>
      </trkpt>
      <trkpt lat="35.64339472912251949310302734375" lon="127.61488876305520534515380859375">
        <ele>943.79998779296875</ele>
        <time>2025-12-27T03:58:51.000Z</time>
        <extensions>
          <ns3:TrackPointExtension>
            <ns3:hr>113</ns3:hr>
            <ns3:cad>55</ns3:cad>
          </ns3:TrackPointExtension>
        </extensions>
      </trkpt>
      <trkpt lat="35.64338584430515766143798828125" lon="127.6149386353790760040283203125">
        <ele>942.20001220703125</ele>
        <time>2025-12-27T03:58:54.000Z</time>
        <extensions>
          <ns3:TrackPointExtension>
            <ns3:hr>114</ns3:hr>
            <ns3:cad>58</ns3:cad>
          </ns3:TrackPointExtension>
        </extensions>
      </trkpt>
      <trkpt lat="35.643383748829364776611328125" lon="127.61496327817440032958984375">
        <ele>941.79998779296875</ele>
        <time>2025-12-27T03:58:55.000Z</time>
        <extensions>
          <ns3:TrackPointExtension>
            <ns3:hr>113</ns3:hr>
            <ns3:cad>0</ns3:cad>
          </ns3:TrackPointExtension>
        </extensions>
      </trkpt>
      <trkpt lat="35.6433802284300327301025390625" lon="127.614986412227153778076171875">
        <ele>941.20001220703125</ele>
        <time>2025-12-27T03:58:56.000Z</time>
        <extensions>
          <ns3:TrackPointExtension>
            <ns3:hr>113</ns3:hr>
            <ns3:cad>0</ns3:cad>
          </ns3:TrackPointExtension>
        </extensions>
      </trkpt>
      <trkpt lat="35.6433673202991485595703125" lon="127.6150690577924251556396484375">
        <ele>940.20001220703125</ele>
        <time>2025-12-27T03:59:01.000Z</time>
        <extensions>
          <ns3:TrackPointExtension>
            <ns3:hr>113</ns3:hr>
            <ns3:cad>0</ns3:cad>
          </ns3:TrackPointExtension>
        </extensions>
      </trkpt>
      <trkpt lat="35.643374361097812652587890625" lon="127.61512379162013530731201171875">
        <ele>938.79998779296875</ele>
        <time>2025-12-27T03:59:04.000Z</time>
        <extensions>
          <ns3:TrackPointExtension>
            <ns3:hr>112</ns3:hr>
            <ns3:cad>0</ns3:cad>
          </ns3:TrackPointExtension>
        </extensions>
      </trkpt>
      <trkpt lat="35.64338936470448970794677734375" lon="127.61517274193465709686279296875">
        <ele>937.4000244140625</ele>
        <time>2025-12-27T03:59:07.000Z</time>
        <extensions>
          <ns3:TrackPointExtension>
            <ns3:hr>112</ns3:hr>
            <ns3:cad>0</ns3:cad>
          </ns3:TrackPointExtension>
        </extensions>
      </trkpt>
      <trkpt lat="35.643389783799648284912109375" lon="127.61520777828991413116455078125">
        <ele>936.79998779296875</ele>
        <time>2025-12-27T03:59:08.000Z</time>
        <extensions>
          <ns3:TrackPointExtension>
            <ns3:hr>113</ns3:hr>
            <ns3:cad>0</ns3:cad>
          </ns3:TrackPointExtension>
        </extensions>
      </trkpt>
      <trkpt lat="35.643384419381618499755859375" lon="127.61524113826453685760498046875">
        <ele>936.20001220703125</ele>
        <time>2025-12-27T03:59:09.000Z</time>
        <extensions>
          <ns3:TrackPointExtension>
            <ns3:hr>113</ns3:hr>
            <ns3:cad>0</ns3:cad>
          </ns3:TrackPointExtension>
        </extensions>
      </trkpt>
      <trkpt lat="35.64333052374422550201416015625" lon="127.6153443194925785064697265625">
        <ele>936.20001220703125</ele>
        <time>2025-12-27T03:59:14.000Z</time>
        <extensions>
          <ns3:TrackPointExtension>
            <ns3:hr>115</ns3:hr>
            <ns3:cad>81</ns3:cad>
          </ns3:TrackPointExtension>
        </extensions>
      </trkpt>
      <trkpt lat="35.6433002650737762451171875" lon="127.61536988429725170135498046875">
        <ele>937.4000244140625</ele>
        <time>2025-12-27T03:59:17.000Z</time>
        <extensions>
          <ns3:TrackPointExtension>
            <ns3:hr>116</ns3:hr>
            <ns3:cad>81</ns3:cad>
          </ns3:TrackPointExtension>
        </extensions>
      </trkpt>
      <trkpt lat="35.64327805303037166595458984375" lon="127.61538379825651645660400390625">
        <ele>937.79998779296875</ele>
        <time>2025-12-27T03:59:19.000Z</time>
        <extensions>
          <ns3:TrackPointExtension>
            <ns3:hr>115</ns3:hr>
            <ns3:cad>0</ns3:cad>
          </ns3:TrackPointExtension>
        </extensions>
      </trkpt>
      <trkpt lat="35.64324871636927127838134765625" lon="127.61540307663381099700927734375">
        <ele>938.4000244140625</ele>
        <time>2025-12-27T03:59:22.000Z</time>
        <extensions>
          <ns3:TrackPointExtension>
            <ns3:hr>115</ns3:hr>
            <ns3:cad>49</ns3:cad>
          </ns3:TrackPointExtension>
        </extensions>
      </trkpt>
      <trkpt lat="35.64320437610149383544921875" lon="127.61543559841811656951904296875">
        <ele>939.20001220703125</ele>
        <time>2025-12-27T03:59:27.000Z</time>
        <extensions>
          <ns3:TrackPointExtension>
            <ns3:hr>116</ns3:hr>
            <ns3:cad>53</ns3:cad>
          </ns3:TrackPointExtension>
        </extensions>
      </trkpt>
      <trkpt lat="35.6431626342236995697021484375" lon="127.61545839719474315643310546875">
        <ele>939.4000244140625</ele>
        <time>2025-12-27T03:59:30.000Z</time>
        <extensions>
          <ns3:TrackPointExtension>
            <ns3:hr>120</ns3:hr>
            <ns3:cad>53</ns3:cad>
          </ns3:TrackPointExtension>
        </extensions>
      </trkpt>
      <trkpt lat="35.64311175607144832611083984375" lon="127.61554540134966373443603515625">
        <ele>938.5999755859375</ele>
        <time>2025-12-27T03:59:36.000Z</time>
        <extensions>
          <ns3:TrackPointExtension>
            <ns3:hr>122</ns3:hr>
            <ns3:cad>54</ns3:cad>
          </ns3:TrackPointExtension>
        </extensions>
      </trkpt>
      <trkpt lat="35.64310915768146514892578125" lon="127.61556199751794338226318359375">
        <ele>938.20001220703125</ele>
        <time>2025-12-27T03:59:37.000Z</time>
        <extensions>
          <ns3:TrackPointExtension>
            <ns3:hr>123</ns3:hr>
            <ns3:cad>54</ns3:cad>
          </ns3:TrackPointExtension>
        </extensions>
      </trkpt>
      <trkpt lat="35.6430982612073421478271484375" lon="127.615636177361011505126953125">
        <ele>937.4000244140625</ele>
        <time>2025-12-27T03:59:42.000Z</time>
        <extensions>
          <ns3:TrackPointExtension>
            <ns3:hr>125</ns3:hr>
            <ns3:cad>60</ns3:cad>
          </ns3:TrackPointExtension>
        </extensions>
      </trkpt>
      <trkpt lat="35.6430942378938198089599609375" lon="127.61566626839339733123779296875">
        <ele>937</ele>
        <time>2025-12-27T03:59:43.000Z</time>
        <extensions>
          <ns3:TrackPointExtension>
            <ns3:hr>125</ns3:hr>
            <ns3:cad>59</ns3:cad>
          </ns3:TrackPointExtension>
        </extensions>
      </trkpt>
      <trkpt lat="35.64308728091418743133544921875" lon="127.615740112960338592529296875">
        <ele>936</ele>
        <time>2025-12-27T03:59:46.000Z</time>
        <extensions>
          <ns3:TrackPointExtension>
            <ns3:hr>125</ns3:hr>
            <ns3:cad>56</ns3:cad>
          </ns3:TrackPointExtension>
        </extensions>
      </trkpt>
      <trkpt lat="35.64308593980967998504638671875" lon="127.61576794087886810302734375">
        <ele>935.5999755859375</ele>
        <time>2025-12-27T03:59:49.000Z</time>
        <extensions>
          <ns3:TrackPointExtension>
            <ns3:hr>124</ns3:hr>
            <ns3:cad>64</ns3:cad>
          </ns3:TrackPointExtension>
        </extensions>
      </trkpt>
      <trkpt lat="35.643101446330547332763671875" lon="127.61579702608287334442138671875">
        <ele>934.4000244140625</ele>
        <time>2025-12-27T03:59:54.000Z</time>
        <extensions>
          <ns3:TrackPointExtension>
            <ns3:hr>124</ns3:hr>
            <ns3:cad>58</ns3:cad>
          </ns3:TrackPointExtension>
        </extensions>
      </trkpt>
      <trkpt lat="35.643102116882801055908203125" lon="127.61580415070056915283203125">
        <ele>932.79998779296875</ele>
        <time>2025-12-27T03:59:56.000Z</time>
        <extensions>
          <ns3:TrackPointExtension>
            <ns3:hr>124</ns3:hr>
            <ns3:cad>58</ns3:cad>
          </ns3:TrackPointExtension>
        </extensions>
      </trkpt>
      <trkpt lat="35.6430990993976593017578125" lon="127.61581446044147014617919921875">
        <ele>932.4000244140625</ele>
        <time>2025-12-27T03:59:57.000Z</time>
        <extensions>
          <ns3:TrackPointExtension>
            <ns3:hr>124</ns3:hr>
            <ns3:cad>58</ns3:cad>
          </ns3:TrackPointExtension>
        </extensions>
      </trkpt>
      <trkpt lat="35.6430932320654392242431640625" lon="127.61582426726818084716796875">
        <ele>931.79998779296875</ele>
        <time>2025-12-27T03:59:58.000Z</time>
        <extensions>
          <ns3:TrackPointExtension>
            <ns3:hr>124</ns3:hr>
            <ns3:cad>58</ns3:cad>
          </ns3:TrackPointExtension>
        </extensions>
      </trkpt>
      <trkpt lat="35.64308233559131622314453125" lon="127.61585519649088382720947265625">
        <ele>930.5999755859375</ele>
        <time>2025-12-27T04:00:01.000Z</time>
        <extensions>
          <ns3:TrackPointExtension>
            <ns3:hr>123</ns3:hr>
            <ns3:cad>52</ns3:cad>
          </ns3:TrackPointExtension>
        </extensions>
      </trkpt>
      <trkpt lat="35.64307135529816150665283203125" lon="127.615867517888545989990234375">
        <ele>930</ele>
        <time>2025-12-27T04:00:03.000Z</time>
        <extensions>
          <ns3:TrackPointExtension>
            <ns3:hr>123</ns3:hr>
            <ns3:cad>55</ns3:cad>
          </ns3:TrackPointExtension>
        </extensions>
      </trkpt>
      <trkpt lat="35.64306624233722686767578125" lon="127.6158770732581615447998046875">
        <ele>929.5999755859375</ele>
        <time>2025-12-27T04:00:04.000Z</time>
        <extensions>
          <ns3:TrackPointExtension>
            <ns3:hr>123</ns3:hr>
            <ns3:cad>55</ns3:cad>
          </ns3:TrackPointExtension>
        </extensions>
      </trkpt>
      <trkpt lat="35.64305056817829608917236328125" lon="127.61594337411224842071533203125">
        <ele>928.20001220703125</ele>
        <time>2025-12-27T04:00:08.000Z</time>
        <extensions>
          <ns3:TrackPointExtension>
            <ns3:hr>122</ns3:hr>
            <ns3:cad>0</ns3:cad>
          </ns3:TrackPointExtension>
        </extensions>
      </trkpt>
      <trkpt lat="35.6430454552173614501953125" lon="127.61596047319471836090087890625">
        <ele>927.79998779296875</ele>
        <time>2025-12-27T04:00:09.000Z</time>
        <extensions>
          <ns3:TrackPointExtension>
            <ns3:hr>122</ns3:hr>
            <ns3:cad>0</ns3:cad>
          </ns3:TrackPointExtension>
        </extensions>
      </trkpt>
      <trkpt lat="35.64303673803806304931640625" lon="127.6159719564020633697509765625">
        <ele>927.20001220703125</ele>
        <time>2025-12-27T04:00:10.000Z</time>
        <extensions>
          <ns3:TrackPointExtension>
            <ns3:hr>122</ns3:hr>
            <ns3:cad>65</ns3:cad>
          </ns3:TrackPointExtension>
        </extensions>
      </trkpt>
      <trkpt lat="35.643014274537563323974609375" lon="127.61603213846683502197265625">
        <ele>926</ele>
        <time>2025-12-27T04:00:13.000Z</time>
        <extensions>
          <ns3:TrackPointExtension>
            <ns3:hr>121</ns3:hr>
            <ns3:cad>65</ns3:cad>
          </ns3:TrackPointExtension>
        </extensions>
      </trkpt>
      <trkpt lat="35.64301435835659503936767578125" lon="127.6160675100982189178466796875">
        <ele>925.4000244140625</ele>
        <time>2025-12-27T04:00:15.000Z</time>
        <extensions>
          <ns3:TrackPointExtension>
            <ns3:hr>119</ns3:hr>
            <ns3:cad>0</ns3:cad>
          </ns3:TrackPointExtension>
        </extensions>
      </trkpt>
      <trkpt lat="35.64301821403205394744873046875" lon="127.61608134023845195770263671875">
        <ele>925</ele>
        <time>2025-12-27T04:00:16.000Z</time>
        <extensions>
          <ns3:TrackPointExtension>
            <ns3:hr>119</ns3:hr>
            <ns3:cad>0</ns3:cad>
          </ns3:TrackPointExtension>
        </extensions>
      </trkpt>
      <trkpt lat="35.64302575774490833282470703125" lon="127.61608033441007137298583984375">
        <ele>924.5999755859375</ele>
        <time>2025-12-27T04:00:17.000Z</time>
        <extensions>
          <ns3:TrackPointExtension>
            <ns3:hr>119</ns3:hr>
            <ns3:cad>0</ns3:cad>
          </ns3:TrackPointExtension>
        </extensions>
      </trkpt>
      <trkpt lat="35.64305341802537441253662109375" lon="127.6160809211432933807373046875">
        <ele>924</ele>
        <time>2025-12-27T04:00:19.000Z</time>
        <extensions>
          <ns3:TrackPointExtension>
            <ns3:hr>118</ns3:hr>
            <ns3:cad>0</ns3:cad>
          </ns3:TrackPointExtension>
        </extensions>
      </trkpt>
      <trkpt lat="35.64306867308914661407470703125" lon="127.6160765625536441802978515625">
        <ele>923.4000244140625</ele>
        <time>2025-12-27T04:00:20.000Z</time>
        <extensions>
          <ns3:TrackPointExtension>
            <ns3:hr>118</ns3:hr>
            <ns3:cad>0</ns3:cad>
          </ns3:TrackPointExtension>
        </extensions>
      </trkpt>
      <trkpt lat="35.64309499226510524749755859375" lon="127.61606491170823574066162109375">
        <ele>922.4000244140625</ele>
        <time>2025-12-27T04:00:22.000Z</time>
        <extensions>
          <ns3:TrackPointExtension>
            <ns3:hr>117</ns3:hr>
            <ns3:cad>0</ns3:cad>
          </ns3:TrackPointExtension>
        </extensions>
      </trkpt>
      <trkpt lat="35.6431205570697784423828125" lon="127.61605435051023960113525390625">
        <ele>921</ele>
        <time>2025-12-27T04:00:25.000Z</time>
        <extensions>
          <ns3:TrackPointExtension>
            <ns3:hr>115</ns3:hr>
            <ns3:cad>81</ns3:cad>
          </ns3:TrackPointExtension>
        </extensions>
      </trkpt>
      <trkpt lat="35.64312818460166454315185546875" lon="127.6160544343292713165283203125">
        <ele>920.20001220703125</ele>
        <time>2025-12-27T04:00:27.000Z</time>
        <extensions>
          <ns3:TrackPointExtension>
            <ns3:hr>113</ns3:hr>
            <ns3:cad>81</ns3:cad>
          </ns3:TrackPointExtension>
        </extensions>
      </trkpt>
      <trkpt lat="35.64314360730350017547607421875" lon="127.61605359613895416259765625">
        <ele>919.79998779296875</ele>
        <time>2025-12-27T04:00:28.000Z</time>
        <extensions>
          <ns3:TrackPointExtension>
            <ns3:hr>113</ns3:hr>
            <ns3:cad>81</ns3:cad>
          </ns3:TrackPointExtension>
        </extensions>
      </trkpt>
      <trkpt lat="35.64318149350583553314208984375" lon="127.61605736799538135528564453125">
        <ele>918.79998779296875</ele>
        <time>2025-12-27T04:00:31.000Z</time>
        <extensions>
          <ns3:TrackPointExtension>
            <ns3:hr>114</ns3:hr>
            <ns3:cad>0</ns3:cad>
          </ns3:TrackPointExtension>
        </extensions>
      </trkpt>
      <trkpt lat="35.64320479519665241241455078125" lon="127.6160765625536441802978515625">
        <ele>918.5999755859375</ele>
        <time>2025-12-27T04:00:34.000Z</time>
        <extensions>
          <ns3:TrackPointExtension>
            <ns3:hr>114</ns3:hr>
            <ns3:cad>62</ns3:cad>
          </ns3:TrackPointExtension>
        </extensions>
      </trkpt>
      <trkpt lat="35.643224157392978668212890625" lon="127.61610313318669795989990234375">
        <ele>917.5999755859375</ele>
        <time>2025-12-27T04:00:37.000Z</time>
        <extensions>
          <ns3:TrackPointExtension>
            <ns3:hr>114</ns3:hr>
            <ns3:cad>59</ns3:cad>
          </ns3:TrackPointExtension>
        </extensions>
      </trkpt>
      <trkpt lat="35.64322675578296184539794921875" lon="127.61612392030656337738037109375">
        <ele>916.20001220703125</ele>
        <time>2025-12-27T04:00:39.000Z</time>
        <extensions>
          <ns3:TrackPointExtension>
            <ns3:hr>114</ns3:hr>
            <ns3:cad>59</ns3:cad>
          </ns3:TrackPointExtension>
        </extensions>
      </trkpt>
      <trkpt lat="35.64323932863771915435791015625" lon="127.61615342460572719573974609375">
        <ele>914.79998779296875</ele>
        <time>2025-12-27T04:00:41.000Z</time>
        <extensions>
          <ns3:TrackPointExtension>
            <ns3:hr>116</ns3:hr>
            <ns3:cad>59</ns3:cad>
          </ns3:TrackPointExtension>
        </extensions>
      </trkpt>
      <trkpt lat="35.64324301667511463165283203125" lon="127.616160549223423004150390625">
        <ele>914</ele>
        <time>2025-12-27T04:00:42.000Z</time>
        <extensions>
          <ns3:TrackPointExtension>
            <ns3:hr>116</ns3:hr>
            <ns3:cad>101</ns3:cad>
          </ns3:TrackPointExtension>
        </extensions>
      </trkpt>
      <trkpt lat="35.64324888400733470916748046875" lon="127.61617287062108516693115234375">
        <ele>913.4000244140625</ele>
        <time>2025-12-27T04:00:43.000Z</time>
        <extensions>
          <ns3:TrackPointExtension>
            <ns3:hr>116</ns3:hr>
            <ns3:cad>103</ns3:cad>
          </ns3:TrackPointExtension>
        </extensions>
      </trkpt>
      <trkpt lat="35.64325508661568164825439453125" lon="127.6161945797502994537353515625">
        <ele>912.20001220703125</ele>
        <time>2025-12-27T04:00:45.000Z</time>
        <extensions>
          <ns3:TrackPointExtension>
            <ns3:hr>116</ns3:hr>
            <ns3:cad>103</ns3:cad>
          </ns3:TrackPointExtension>
        </extensions>
      </trkpt>
      <trkpt lat="35.64326472580432891845703125" lon="127.6162140257656574249267578125">
        <ele>911</ele>
        <time>2025-12-27T04:00:47.000Z</time>
        <extensions>
          <ns3:TrackPointExtension>
            <ns3:hr>116</ns3:hr>
            <ns3:cad>103</ns3:cad>
          </ns3:TrackPointExtension>
        </extensions>
      </trkpt>
      <trkpt lat="35.64327620901167392730712890625" lon="127.61623556725680828094482421875">
        <ele>909.79998779296875</ele>
        <time>2025-12-27T04:00:49.000Z</time>
        <extensions>
          <ns3:TrackPointExtension>
            <ns3:hr>115</ns3:hr>
            <ns3:cad>103</ns3:cad>
          </ns3:TrackPointExtension>
        </extensions>
      </trkpt>
      <trkpt lat="35.64328844659030437469482421875" lon="127.6162502355873584747314453125">
        <ele>909.20001220703125</ele>
        <time>2025-12-27T04:00:50.000Z</time>
        <extensions>
          <ns3:TrackPointExtension>
            <ns3:hr>115</ns3:hr>
            <ns3:cad>103</ns3:cad>
          </ns3:TrackPointExtension>
        </extensions>
      </trkpt>
      <trkpt lat="35.6433047913014888763427734375" lon="127.61627018451690673828125">
        <ele>908.79998779296875</ele>
        <time>2025-12-27T04:00:51.000Z</time>
        <extensions>
          <ns3:TrackPointExtension>
            <ns3:hr>116</ns3:hr>
            <ns3:cad>103</ns3:cad>
          </ns3:TrackPointExtension>
        </extensions>
      </trkpt>
      <trkpt lat="35.64338819123804569244384765625" lon="127.6162458769977092742919921875">
        <ele>908.20001220703125</ele>
        <time>2025-12-27T04:00:56.000Z</time>
        <extensions>
          <ns3:TrackPointExtension>
            <ns3:hr>116</ns3:hr>
            <ns3:cad>53</ns3:cad>
          </ns3:TrackPointExtension>
        </extensions>
      </trkpt>
      <trkpt lat="35.6434114091098308563232421875" lon="127.61622115038335323333740234375">
        <ele>907.5999755859375</ele>
        <time>2025-12-27T04:00:59.000Z</time>
        <extensions>
          <ns3:TrackPointExtension>
            <ns3:hr>116</ns3:hr>
            <ns3:cad>54</ns3:cad>
          </ns3:TrackPointExtension>
        </extensions>
      </trkpt>
      <trkpt lat="35.64343898557126522064208984375" lon="127.61618359945714473724365234375">
        <ele>907</ele>
        <time>2025-12-27T04:01:03.000Z</time>
        <extensions>
          <ns3:TrackPointExtension>
            <ns3:hr>115</ns3:hr>
            <ns3:cad>57</ns3:cad>
          </ns3:TrackPointExtension>
        </extensions>
      </trkpt>
      <trkpt lat="35.64345273189246654510498046875" lon="127.616168595850467681884765625">
        <ele>906.5999755859375</ele>
        <time>2025-12-27T04:01:05.000Z</time>
        <extensions>
          <ns3:TrackPointExtension>
            <ns3:hr>114</ns3:hr>
            <ns3:cad>57</ns3:cad>
          </ns3:TrackPointExtension>
        </extensions>
      </trkpt>
      <trkpt lat="35.64351559616625308990478515625" lon="127.6161335594952106475830078125">
        <ele>906</ele>
        <time>2025-12-27T04:01:11.000Z</time>
        <extensions>
          <ns3:TrackPointExtension>
            <ns3:hr>113</ns3:hr>
            <ns3:cad>57</ns3:cad>
          </ns3:TrackPointExtension>
        </extensions>
      </trkpt>
      <trkpt lat="35.64355683512985706329345703125" lon="127.6161318831145763397216796875">
        <ele>905.4000244140625</ele>
        <time>2025-12-27T04:01:14.000Z</time>
        <extensions>
          <ns3:TrackPointExtension>
            <ns3:hr>112</ns3:hr>
            <ns3:cad>57</ns3:cad>
          </ns3:TrackPointExtension>
        </extensions>
      </trkpt>
      <trkpt lat="35.64363713376224040985107421875" lon="127.61614370159804821014404296875">
        <ele>904.4000244140625</ele>
        <time>2025-12-27T04:01:20.000Z</time>
        <extensions>
          <ns3:TrackPointExtension>
            <ns3:hr>110</ns3:hr>
            <ns3:cad>57</ns3:cad>
          </ns3:TrackPointExtension>
        </extensions>
      </trkpt>
      <trkpt lat="35.643746517598628997802734375" lon="127.61619214899837970733642578125">
        <ele>903.20001220703125</ele>
        <time>2025-12-27T04:01:27.000Z</time>
        <extensions>
          <ns3:TrackPointExtension>
            <ns3:hr>109</ns3:hr>
            <ns3:cad>57</ns3:cad>
          </ns3:TrackPointExtension>
        </extensions>
      </trkpt>
      <trkpt lat="35.6437550671398639678955078125" lon="127.6162039674818515777587890625">
        <ele>902.79998779296875</ele>
        <time>2025-12-27T04:01:28.000Z</time>
        <extensions>
          <ns3:TrackPointExtension>
            <ns3:hr>110</ns3:hr>
            <ns3:cad>57</ns3:cad>
          </ns3:TrackPointExtension>
        </extensions>
      </trkpt>
      <trkpt lat="35.6438072025775909423828125" lon="127.61628024280071258544921875">
        <ele>902.20001220703125</ele>
        <time>2025-12-27T04:01:34.000Z</time>
        <extensions>
          <ns3:TrackPointExtension>
            <ns3:hr>107</ns3:hr>
            <ns3:cad>57</ns3:cad>
          </ns3:TrackPointExtension>
        </extensions>
      </trkpt>
      <trkpt lat="35.64382237382233142852783203125" lon="127.616306729614734649658203125">
        <ele>901.79998779296875</ele>
        <time>2025-12-27T04:01:36.000Z</time>
        <extensions>
          <ns3:TrackPointExtension>
            <ns3:hr>104</ns3:hr>
            <ns3:cad>58</ns3:cad>
          </ns3:TrackPointExtension>
        </extensions>
      </trkpt>
      <trkpt lat="35.64385858364403247833251953125" lon="127.6163524948060512542724609375">
        <ele>901</ele>
        <time>2025-12-27T04:01:40.000Z</time>
        <extensions>
          <ns3:TrackPointExtension>
            <ns3:hr>103</ns3:hr>
            <ns3:cad>57</ns3:cad>
          </ns3:TrackPointExtension>
        </extensions>
      </trkpt>
      <trkpt lat="35.6438881717622280120849609375" lon="127.6163581945002079010009765625">
        <ele>900.79998779296875</ele>
        <time>2025-12-27T04:01:44.000Z</time>
        <extensions>
          <ns3:TrackPointExtension>
            <ns3:hr>103</ns3:hr>
            <ns3:cad>59</ns3:cad>
          </ns3:TrackPointExtension>
        </extensions>
      </trkpt>
      <trkpt lat="35.643907450139522552490234375" lon="127.61637822724878787994384765625">
        <ele>899.79998779296875</ele>
        <time>2025-12-27T04:01:50.000Z</time>
        <extensions>
          <ns3:TrackPointExtension>
            <ns3:hr>102</ns3:hr>
            <ns3:cad>55</ns3:cad>
          </ns3:TrackPointExtension>
        </extensions>
      </trkpt>
      <trkpt lat="35.6439153291285037994384765625" lon="127.61640136130154132843017578125">
        <ele>898.79998779296875</ele>
        <time>2025-12-27T04:01:52.000Z</time>
        <extensions>
          <ns3:TrackPointExtension>
            <ns3:hr>102</ns3:hr>
            <ns3:cad>0</ns3:cad>
          </ns3:TrackPointExtension>
        </extensions>
      </trkpt>
      <trkpt lat="35.64392848871648311614990234375" lon="127.61642449535429477691650390625">
        <ele>897.5999755859375</ele>
        <time>2025-12-27T04:01:54.000Z</time>
        <extensions>
          <ns3:TrackPointExtension>
            <ns3:hr>103</ns3:hr>
            <ns3:cad>0</ns3:cad>
          </ns3:TrackPointExtension>
        </extensions>
      </trkpt>
      <trkpt lat="35.643939971923828125" lon="127.61643036268651485443115234375">
        <ele>897.20001220703125</ele>
        <time>2025-12-27T04:01:55.000Z</time>
        <extensions>
          <ns3:TrackPointExtension>
            <ns3:hr>103</ns3:hr>
            <ns3:cad>97</ns3:cad>
          </ns3:TrackPointExtension>
        </extensions>
      </trkpt>
      <trkpt lat="35.64395950175821781158447265625" lon="127.61642642319202423095703125">
        <ele>896.5999755859375</ele>
        <time>2025-12-27T04:01:57.000Z</time>
        <extensions>
          <ns3:TrackPointExtension>
            <ns3:hr>103</ns3:hr>
            <ns3:cad>97</ns3:cad>
          </ns3:TrackPointExtension>
        </extensions>
      </trkpt>
      <trkpt lat="35.6439649499952793121337890625" lon="127.61642181314527988433837890625">
        <ele>896.4000244140625</ele>
        <time>2025-12-27T04:01:58.000Z</time>
        <extensions>
          <ns3:TrackPointExtension>
            <ns3:hr>102</ns3:hr>
            <ns3:cad>53</ns3:cad>
          </ns3:TrackPointExtension>
        </extensions>
      </trkpt>
      <trkpt lat="35.6439788639545440673828125" lon="127.61640454642474651336669921875">
        <ele>895.5999755859375</ele>
        <time>2025-12-27T04:02:01.000Z</time>
        <extensions>
          <ns3:TrackPointExtension>
            <ns3:hr>103</ns3:hr>
            <ns3:cad>0</ns3:cad>
          </ns3:TrackPointExtension>
        </extensions>
      </trkpt>
      <trkpt lat="35.6439961306750774383544921875" lon="127.6163870282471179962158203125">
        <ele>894.4000244140625</ele>
        <time>2025-12-27T04:02:03.000Z</time>
        <extensions>
          <ns3:TrackPointExtension>
            <ns3:hr>104</ns3:hr>
            <ns3:cad>0</ns3:cad>
          </ns3:TrackPointExtension>
        </extensions>
      </trkpt>
      <trkpt lat="35.64400493167340755462646484375" lon="127.6163742877542972564697265625">
        <ele>894</ele>
        <time>2025-12-27T04:02:04.000Z</time>
        <extensions>
          <ns3:TrackPointExtension>
            <ns3:hr>104</ns3:hr>
            <ns3:cad>0</ns3:cad>
          </ns3:TrackPointExtension>
        </extensions>
      </trkpt>
      <trkpt lat="35.644092857837677001953125" lon="127.61635190807282924652099609375">
        <ele>894.4000244140625</ele>
        <time>2025-12-27T04:02:12.000Z</time>
        <extensions>
          <ns3:TrackPointExtension>
            <ns3:hr>104</ns3:hr>
            <ns3:cad>53</ns3:cad>
          </ns3:TrackPointExtension>
        </extensions>
      </trkpt>
      <trkpt lat="35.64414088614284992218017578125" lon="127.61638862080872058868408203125">
        <ele>893.4000244140625</ele>
        <time>2025-12-27T04:02:17.000Z</time>
        <extensions>
          <ns3:TrackPointExtension>
            <ns3:hr>103</ns3:hr>
            <ns3:cad>54</ns3:cad>
          </ns3:TrackPointExtension>
        </extensions>
      </trkpt>
      <trkpt lat="35.64416938461363315582275390625" lon="127.616428434848785400390625">
        <ele>893.20001220703125</ele>
        <time>2025-12-27T04:02:19.000Z</time>
        <extensions>
          <ns3:TrackPointExtension>
            <ns3:hr>103</ns3:hr>
            <ns3:cad>55</ns3:cad>
          </ns3:TrackPointExtension>
        </extensions>
      </trkpt>
      <trkpt lat="35.6442526169121265411376953125" lon="127.61658710427582263946533203125">
        <ele>892.5999755859375</ele>
        <time>2025-12-27T04:02:30.000Z</time>
        <extensions>
          <ns3:TrackPointExtension>
            <ns3:hr>104</ns3:hr>
            <ns3:cad>56</ns3:cad>
          </ns3:TrackPointExtension>
        </extensions>
      </trkpt>
      <trkpt lat="35.64426644705235958099365234375" lon="127.61661191470921039581298828125">
        <ele>892.4000244140625</ele>
        <time>2025-12-27T04:02:33.000Z</time>
        <extensions>
          <ns3:TrackPointExtension>
            <ns3:hr>107</ns3:hr>
            <ns3:cad>56</ns3:cad>
          </ns3:TrackPointExtension>
        </extensions>
      </trkpt>
      <trkpt lat="35.6442707218229770660400390625" lon="127.6166228950023651123046875">
        <ele>892.20001220703125</ele>
        <time>2025-12-27T04:02:34.000Z</time>
        <extensions>
          <ns3:TrackPointExtension>
            <ns3:hr>107</ns3:hr>
            <ns3:cad>56</ns3:cad>
          </ns3:TrackPointExtension>
        </extensions>
      </trkpt>
      <trkpt lat="35.64428589306771755218505859375" lon="127.6166512258350849151611328125">
        <ele>892</ele>
        <time>2025-12-27T04:02:36.000Z</time>
        <extensions>
          <ns3:TrackPointExtension>
            <ns3:hr>106</ns3:hr>
            <ns3:cad>55</ns3:cad>
          </ns3:TrackPointExtension>
        </extensions>
      </trkpt>
    </trkseg>
  </trk>
</gpx>
