<?xml version="1.0" encoding="UTF-8"?>
<gpx creator="Garmin Connect" version="1.1"
  xsi:schemaLocation="http://www.topografix.com/GPX/1/1 http://www.topografix.com/GPX/11.xsd"
  xmlns:ns3="http://www.garmin.com/xmlschemas/TrackPointExtension/v1"
  xmlns="http://www.topografix.com/GPX/1/1"
  xmlns:xsi="http://www.w3.org/2001/XMLSchema-instance" xmlns:ns2="http://www.garmin.com/xmlschemas/GpxExtensions/v3">
  <metadata>
    <link href="connect.garmin.com">
      <text>Garmin Connect</text>
    </link>
    <time>2026-02-07T05:09:15.000Z</time>
  </metadata>
  <trk>
    <name>보행</name>
    <type>walking</type>
    <trkseg>
      <trkpt lat="36.766561456024646759033203125" lon="126.976413466036319732666015625">
        <ele>27.200000762939453125</ele>
        <time>2026-02-07T05:09:15.000Z</time>
        <extensions>
          <ns3:TrackPointExtension>
            <ns3:hr>112</ns3:hr>
          </ns3:TrackPointExtension>
        </extensions>
      </trkpt>
      <trkpt lat="36.76647587679326534271240234375" lon="126.97634548880159854888916015625">
        <ele>27.200000762939453125</ele>
        <time>2026-02-07T05:09:24.000Z</time>
        <extensions>
          <ns3:TrackPointExtension>
            <ns3:hr>111</ns3:hr>
          </ns3:TrackPointExtension>
        </extensions>
      </trkpt>
      <trkpt lat="36.76639189012348651885986328125" lon="126.9762718118727207183837890625">
        <ele>27.200000762939453125</ele>
        <time>2026-02-07T05:09:34.000Z</time>
        <extensions>
          <ns3:TrackPointExtension>
            <ns3:hr>110</ns3:hr>
          </ns3:TrackPointExtension>
        </extensions>
      </trkpt>
      <trkpt lat="36.7662997730076313018798828125" lon="126.976194195449352264404296875">
        <ele>27.200000762939453125</ele>
        <time>2026-02-07T05:09:45.000Z</time>
        <extensions>
          <ns3:TrackPointExtension>
            <ns3:hr>111</ns3:hr>
          </ns3:TrackPointExtension>
        </extensions>
      </trkpt>
      <trkpt lat="36.76623464561998844146728515625" lon="126.9761343486607074737548828125">
        <ele>27</ele>
        <time>2026-02-07T05:09:53.000Z</time>
        <extensions>
          <ns3:TrackPointExtension>
            <ns3:hr>113</ns3:hr>
          </ns3:TrackPointExtension>
        </extensions>
      </trkpt>
      <trkpt lat="36.766169182956218719482421875" lon="126.97606377303600311279296875">
        <ele>27.200000762939453125</ele>
        <time>2026-02-07T05:10:00.000Z</time>
        <extensions>
          <ns3:TrackPointExtension>
            <ns3:hr>115</ns3:hr>
          </ns3:TrackPointExtension>
        </extensions>
      </trkpt>
      <trkpt lat="36.76606868393719196319580078125" lon="126.9759824685752391815185546875">
        <ele>27</ele>
        <time>2026-02-07T05:10:10.000Z</time>
        <extensions>
          <ns3:TrackPointExtension>
            <ns3:hr>115</ns3:hr>
          </ns3:TrackPointExtension>
        </extensions>
      </trkpt>
      <trkpt lat="36.7659815959632396697998046875" lon="126.9759209454059600830078125">
        <ele>27</ele>
        <time>2026-02-07T05:10:17.000Z</time>
        <extensions>
          <ns3:TrackPointExtension>
            <ns3:hr>115</ns3:hr>
          </ns3:TrackPointExtension>
        </extensions>
      </trkpt>
      <trkpt lat="36.7658743076026439666748046875" lon="126.97584173642098903656005859375">
        <ele>27</ele>
        <time>2026-02-07T05:10:28.000Z</time>
        <extensions>
          <ns3:TrackPointExtension>
            <ns3:hr>115</ns3:hr>
          </ns3:TrackPointExtension>
        </extensions>
      </trkpt>
      <trkpt lat="36.765841953456401824951171875" lon="126.97582044638693332672119140625">
        <ele>26.799999237060546875</ele>
        <time>2026-02-07T05:10:31.000Z</time>
        <extensions>
          <ns3:TrackPointExtension>
            <ns3:hr>112</ns3:hr>
          </ns3:TrackPointExtension>
        </extensions>
      </trkpt>
      <trkpt lat="36.76584639586508274078369140625" lon="126.975815333425998687744140625">
        <ele>26.799999237060546875</ele>
        <time>2026-02-07T05:10:33.000Z</time>
        <extensions>
          <ns3:TrackPointExtension>
            <ns3:hr>109</ns3:hr>
          </ns3:TrackPointExtension>
        </extensions>
      </trkpt>
      <trkpt lat="36.76586416549980640411376953125" lon="126.97580854408442974090576171875">
        <ele>27</ele>
        <time>2026-02-07T05:10:35.000Z</time>
        <extensions>
          <ns3:TrackPointExtension>
            <ns3:hr>108</ns3:hr>
          </ns3:TrackPointExtension>
        </extensions>
      </trkpt>
      <trkpt lat="36.7658893950283527374267578125" lon="126.97574970312416553497314453125">
        <ele>26.6000003814697265625</ele>
        <time>2026-02-07T05:10:39.000Z</time>
        <extensions>
          <ns3:TrackPointExtension>
            <ns3:hr>107</ns3:hr>
          </ns3:TrackPointExtension>
        </extensions>
      </trkpt>
      <trkpt lat="36.76588612608611583709716796875" lon="126.97571500204503536224365234375">
        <ele>26</ele>
        <time>2026-02-07T05:10:41.000Z</time>
        <extensions>
          <ns3:TrackPointExtension>
            <ns3:hr>107</ns3:hr>
          </ns3:TrackPointExtension>
        </extensions>
      </trkpt>
      <trkpt lat="36.76588528789579868316650390625" lon="126.97564912028610706329345703125">
        <ele>25.6000003814697265625</ele>
        <time>2026-02-07T05:10:45.000Z</time>
        <extensions>
          <ns3:TrackPointExtension>
            <ns3:hr>106</ns3:hr>
          </ns3:TrackPointExtension>
        </extensions>
      </trkpt>
      <trkpt lat="36.76589467562735080718994140625" lon="126.9755982421338558197021484375">
        <ele>24.799999237060546875</ele>
        <time>2026-02-07T05:10:49.000Z</time>
        <extensions>
          <ns3:TrackPointExtension>
            <ns3:hr>109</ns3:hr>
          </ns3:TrackPointExtension>
        </extensions>
      </trkpt>
      <trkpt lat="36.765889227390289306640625" lon="126.9755657203495502471923828125">
        <ele>24.3999996185302734375</ele>
        <time>2026-02-07T05:10:52.000Z</time>
        <extensions>
          <ns3:TrackPointExtension>
            <ns3:hr>109</ns3:hr>
          </ns3:TrackPointExtension>
        </extensions>
      </trkpt>
      <trkpt lat="36.76585745997726917266845703125" lon="126.975492127239704132080078125">
        <ele>24.799999237060546875</ele>
        <time>2026-02-07T05:10:59.000Z</time>
        <extensions>
          <ns3:TrackPointExtension>
            <ns3:hr>109</ns3:hr>
          </ns3:TrackPointExtension>
        </extensions>
      </trkpt>
      <trkpt lat="36.765876822173595428466796875" lon="126.97549439035356044769287109375">
        <ele>25</ele>
        <time>2026-02-07T05:11:01.000Z</time>
        <extensions>
          <ns3:TrackPointExtension>
            <ns3:hr>109</ns3:hr>
          </ns3:TrackPointExtension>
        </extensions>
      </trkpt>
      <trkpt lat="36.76591076888144016265869140625" lon="126.97547561489045619964599609375">
        <ele>24.3999996185302734375</ele>
        <time>2026-02-07T05:11:04.000Z</time>
        <extensions>
          <ns3:TrackPointExtension>
            <ns3:hr>109</ns3:hr>
          </ns3:TrackPointExtension>
        </extensions>
      </trkpt>
      <trkpt lat="36.7659480683505535125732421875" lon="126.9754601083695888519287109375">
        <ele>23.799999237060546875</ele>
        <time>2026-02-07T05:11:07.000Z</time>
        <extensions>
          <ns3:TrackPointExtension>
            <ns3:hr>109</ns3:hr>
          </ns3:TrackPointExtension>
        </extensions>
      </trkpt>
      <trkpt lat="36.76601856015622615814208984375" lon="126.97539380751550197601318359375">
        <ele>23.200000762939453125</ele>
        <time>2026-02-07T05:11:13.000Z</time>
        <extensions>
          <ns3:TrackPointExtension>
            <ns3:hr>108</ns3:hr>
          </ns3:TrackPointExtension>
        </extensions>
      </trkpt>
      <trkpt lat="36.7660067416727542877197265625" lon="126.9753487966954708099365234375">
        <ele>23</ele>
        <time>2026-02-07T05:11:16.000Z</time>
        <extensions>
          <ns3:TrackPointExtension>
            <ns3:hr>109</ns3:hr>
          </ns3:TrackPointExtension>
        </extensions>
      </trkpt>
      <trkpt lat="36.76598033867776393890380859375" lon="126.9753186218440532684326171875">
        <ele>22.799999237060546875</ele>
        <time>2026-02-07T05:11:19.000Z</time>
        <extensions>
          <ns3:TrackPointExtension>
            <ns3:hr>108</ns3:hr>
          </ns3:TrackPointExtension>
        </extensions>
      </trkpt>
      <trkpt lat="36.765874810516834259033203125" lon="126.9752425141632556915283203125">
        <ele>23</ele>
        <time>2026-02-07T05:11:28.000Z</time>
        <extensions>
          <ns3:TrackPointExtension>
            <ns3:hr>111</ns3:hr>
          </ns3:TrackPointExtension>
        </extensions>
      </trkpt>
      <trkpt lat="36.76586332730948925018310546875" lon="126.97523538954555988311767578125">
        <ele>23</ele>
        <time>2026-02-07T05:11:29.000Z</time>
        <extensions>
          <ns3:TrackPointExtension>
            <ns3:hr>111</ns3:hr>
          </ns3:TrackPointExtension>
        </extensions>
      </trkpt>
      <trkpt lat="36.76574782468378543853759765625" lon="126.9751620478928089141845703125">
        <ele>23</ele>
        <time>2026-02-07T05:11:39.000Z</time>
        <extensions>
          <ns3:TrackPointExtension>
            <ns3:hr>112</ns3:hr>
          </ns3:TrackPointExtension>
        </extensions>
      </trkpt>
      <trkpt lat="36.765658892691135406494140625" lon="126.975101865828037261962890625">
        <ele>23</ele>
        <time>2026-02-07T05:11:48.000Z</time>
        <extensions>
          <ns3:TrackPointExtension>
            <ns3:hr>113</ns3:hr>
          </ns3:TrackPointExtension>
        </extensions>
      </trkpt>
      <trkpt lat="36.76553274504840373992919921875" lon="126.975056938827037811279296875">
        <ele>23</ele>
        <time>2026-02-07T05:11:59.000Z</time>
        <extensions>
          <ns3:TrackPointExtension>
            <ns3:hr>114</ns3:hr>
          </ns3:TrackPointExtension>
        </extensions>
      </trkpt>
      <trkpt lat="36.7654273845255374908447265625" lon="126.97502315975725650787353515625">
        <ele>23.200000762939453125</ele>
        <time>2026-02-07T05:12:08.000Z</time>
        <extensions>
          <ns3:TrackPointExtension>
            <ns3:hr>114</ns3:hr>
          </ns3:TrackPointExtension>
        </extensions>
      </trkpt>
      <trkpt lat="36.76530308090150356292724609375" lon="126.97497756220400333404541015625">
        <ele>23.6000003814697265625</ele>
        <time>2026-02-07T05:12:18.000Z</time>
        <extensions>
          <ns3:TrackPointExtension>
            <ns3:hr>115</ns3:hr>
          </ns3:TrackPointExtension>
        </extensions>
      </trkpt>
      <trkpt lat="36.76523049362003803253173828125" lon="126.97487697936594486236572265625">
        <ele>24</ele>
        <time>2026-02-07T05:12:27.000Z</time>
        <extensions>
          <ns3:TrackPointExtension>
            <ns3:hr>117</ns3:hr>
          </ns3:TrackPointExtension>
        </extensions>
      </trkpt>
      <trkpt lat="36.76517182029783725738525390625" lon="126.97473867796361446380615234375">
        <ele>24</ele>
        <time>2026-02-07T05:12:38.000Z</time>
        <extensions>
          <ns3:TrackPointExtension>
            <ns3:hr>117</ns3:hr>
          </ns3:TrackPointExtension>
        </extensions>
      </trkpt>
      <trkpt lat="36.76513795740902423858642578125" lon="126.9745664298534393310546875">
        <ele>23.799999237060546875</ele>
        <time>2026-02-07T05:12:50.000Z</time>
        <extensions>
          <ns3:TrackPointExtension>
            <ns3:hr>117</ns3:hr>
          </ns3:TrackPointExtension>
        </extensions>
      </trkpt>
      <trkpt lat="36.76513846032321453094482421875" lon="126.97439166717231273651123046875">
        <ele>23.799999237060546875</ele>
        <time>2026-02-07T05:13:02.000Z</time>
        <extensions>
          <ns3:TrackPointExtension>
            <ns3:hr>117</ns3:hr>
          </ns3:TrackPointExtension>
        </extensions>
      </trkpt>
      <trkpt lat="36.7651397176086902618408203125" lon="126.97437104769051074981689453125">
        <ele>23.799999237060546875</ele>
        <time>2026-02-07T05:13:04.000Z</time>
        <extensions>
          <ns3:TrackPointExtension>
            <ns3:hr>117</ns3:hr>
          </ns3:TrackPointExtension>
        </extensions>
      </trkpt>
      <trkpt lat="36.7651246301829814910888671875" lon="126.97423459030687808990478515625">
        <ele>23.6000003814697265625</ele>
        <time>2026-02-07T05:13:14.000Z</time>
        <extensions>
          <ns3:TrackPointExtension>
            <ns3:hr>117</ns3:hr>
          </ns3:TrackPointExtension>
        </extensions>
      </trkpt>
      <trkpt lat="36.76510610617697238922119140625" lon="126.974081285297870635986328125">
        <ele>23.6000003814697265625</ele>
        <time>2026-02-07T05:13:25.000Z</time>
        <extensions>
          <ns3:TrackPointExtension>
            <ns3:hr>117</ns3:hr>
          </ns3:TrackPointExtension>
        </extensions>
      </trkpt>
      <trkpt lat="36.76502496935427188873291015625" lon="126.97401230223476886749267578125">
        <ele>23.3999996185302734375</ele>
        <time>2026-02-07T05:13:35.000Z</time>
        <extensions>
          <ns3:TrackPointExtension>
            <ns3:hr>118</ns3:hr>
          </ns3:TrackPointExtension>
        </extensions>
      </trkpt>
      <trkpt lat="36.76492069847881793975830078125" lon="126.97397022508084774017333984375">
        <ele>23.200000762939453125</ele>
        <time>2026-02-07T05:13:45.000Z</time>
        <extensions>
          <ns3:TrackPointExtension>
            <ns3:hr>116</ns3:hr>
          </ns3:TrackPointExtension>
        </extensions>
      </trkpt>
      <trkpt lat="36.7648198641836643218994140625" lon="126.97392982430756092071533203125">
        <ele>23.200000762939453125</ele>
        <time>2026-02-07T05:13:54.000Z</time>
        <extensions>
          <ns3:TrackPointExtension>
            <ns3:hr>114</ns3:hr>
          </ns3:TrackPointExtension>
        </extensions>
      </trkpt>
      <trkpt lat="36.7647963948547840118408203125" lon="126.97391825728118419647216796875">
        <ele>23.200000762939453125</ele>
        <time>2026-02-07T05:13:56.000Z</time>
        <extensions>
          <ns3:TrackPointExtension>
            <ns3:hr>109</ns3:hr>
          </ns3:TrackPointExtension>
        </extensions>
      </trkpt>
      <trkpt lat="36.764688603579998016357421875" lon="126.97387500666081905364990234375">
        <ele>23</ele>
        <time>2026-02-07T05:14:06.000Z</time>
        <extensions>
          <ns3:TrackPointExtension>
            <ns3:hr>109</ns3:hr>
          </ns3:TrackPointExtension>
        </extensions>
      </trkpt>
      <trkpt lat="36.76454938016831874847412109375" lon="126.97378951124846935272216796875">
        <ele>23.200000762939453125</ele>
        <time>2026-02-07T05:14:19.000Z</time>
        <extensions>
          <ns3:TrackPointExtension>
            <ns3:hr>108</ns3:hr>
          </ns3:TrackPointExtension>
        </extensions>
      </trkpt>
      <trkpt lat="36.7644587717950344085693359375" lon="126.973731257021427154541015625">
        <ele>23</ele>
        <time>2026-02-07T05:14:28.000Z</time>
        <extensions>
          <ns3:TrackPointExtension>
            <ns3:hr>108</ns3:hr>
          </ns3:TrackPointExtension>
        </extensions>
      </trkpt>
      <trkpt lat="36.7644104920327663421630859375" lon="126.9737032614648342132568359375">
        <ele>23</ele>
        <time>2026-02-07T05:14:33.000Z</time>
        <extensions>
          <ns3:TrackPointExtension>
            <ns3:hr>111</ns3:hr>
          </ns3:TrackPointExtension>
        </extensions>
      </trkpt>
      <trkpt lat="36.76435525529086589813232421875" lon="126.9736569933593273162841796875">
        <ele>23.200000762939453125</ele>
        <time>2026-02-07T05:14:38.000Z</time>
        <extensions>
          <ns3:TrackPointExtension>
            <ns3:hr>113</ns3:hr>
          </ns3:TrackPointExtension>
        </extensions>
      </trkpt>
      <trkpt lat="36.7642502300441265106201171875" lon="126.97356998920440673828125">
        <ele>23.200000762939453125</ele>
        <time>2026-02-07T05:14:48.000Z</time>
        <extensions>
          <ns3:TrackPointExtension>
            <ns3:hr>112</ns3:hr>
          </ns3:TrackPointExtension>
        </extensions>
      </trkpt>
      <trkpt lat="36.7641228251159191131591796875" lon="126.9734735973179340362548828125">
        <ele>23</ele>
        <time>2026-02-07T05:14:59.000Z</time>
        <extensions>
          <ns3:TrackPointExtension>
            <ns3:hr>110</ns3:hr>
          </ns3:TrackPointExtension>
        </extensions>
      </trkpt>
      <trkpt lat="36.764016710221767425537109375" lon="126.9734072126448154449462890625">
        <ele>23</ele>
        <time>2026-02-07T05:15:09.000Z</time>
        <extensions>
          <ns3:TrackPointExtension>
            <ns3:hr>110</ns3:hr>
          </ns3:TrackPointExtension>
        </extensions>
      </trkpt>
      <trkpt lat="36.7638854496181011199951171875" lon="126.97332649491727352142333984375">
        <ele>23.200000762939453125</ele>
        <time>2026-02-07T05:15:20.000Z</time>
        <extensions>
          <ns3:TrackPointExtension>
            <ns3:hr>110</ns3:hr>
          </ns3:TrackPointExtension>
        </extensions>
      </trkpt>
      <trkpt lat="36.763791404664516448974609375" lon="126.9732777960598468780517578125">
        <ele>23.3999996185302734375</ele>
        <time>2026-02-07T05:15:28.000Z</time>
        <extensions>
          <ns3:TrackPointExtension>
            <ns3:hr>113</ns3:hr>
          </ns3:TrackPointExtension>
        </extensions>
      </trkpt>
      <trkpt lat="36.76374270580708980560302734375" lon="126.9732536561787128448486328125">
        <ele>23.200000762939453125</ele>
        <time>2026-02-07T05:15:32.000Z</time>
        <extensions>
          <ns3:TrackPointExtension>
            <ns3:hr>112</ns3:hr>
          </ns3:TrackPointExtension>
        </extensions>
      </trkpt>
      <trkpt lat="36.76359903998672962188720703125" lon="126.9732030294835567474365234375">
        <ele>23.200000762939453125</ele>
        <time>2026-02-07T05:15:41.000Z</time>
        <extensions>
          <ns3:TrackPointExtension>
            <ns3:hr>112</ns3:hr>
          </ns3:TrackPointExtension>
        </extensions>
      </trkpt>
      <trkpt lat="36.7634284682571887969970703125" lon="126.9730917178094387054443359375">
        <ele>23.6000003814697265625</ele>
        <time>2026-02-07T05:15:48.000Z</time>
        <extensions>
          <ns3:TrackPointExtension>
            <ns3:hr>113</ns3:hr>
          </ns3:TrackPointExtension>
        </extensions>
      </trkpt>
      <trkpt lat="36.763407848775386810302734375" lon="126.9730655662715435028076171875">
        <ele>23.6000003814697265625</ele>
        <time>2026-02-07T05:15:49.000Z</time>
        <extensions>
          <ns3:TrackPointExtension>
            <ns3:hr>114</ns3:hr>
          </ns3:TrackPointExtension>
        </extensions>
      </trkpt>
      <trkpt lat="36.7633208446204662322998046875" lon="126.972937323153018951416015625">
        <ele>23</ele>
        <time>2026-02-07T05:15:54.000Z</time>
        <extensions>
          <ns3:TrackPointExtension>
            <ns3:hr>117</ns3:hr>
          </ns3:TrackPointExtension>
        </extensions>
      </trkpt>
      <trkpt lat="36.76326979883015155792236328125" lon="126.97287152521312236785888671875">
        <ele>22.799999237060546875</ele>
        <time>2026-02-07T05:15:57.000Z</time>
        <extensions>
          <ns3:TrackPointExtension>
            <ns3:hr>119</ns3:hr>
          </ns3:TrackPointExtension>
        </extensions>
      </trkpt>
      <trkpt lat="36.7631010711193084716796875" lon="126.97274529375135898590087890625">
        <ele>23.200000762939453125</ele>
        <time>2026-02-07T05:16:05.000Z</time>
        <extensions>
          <ns3:TrackPointExtension>
            <ns3:hr>120</ns3:hr>
          </ns3:TrackPointExtension>
        </extensions>
      </trkpt>
      <trkpt lat="36.7630755901336669921875" lon="126.9727447070181369781494140625">
        <ele>23.200000762939453125</ele>
        <time>2026-02-07T05:16:06.000Z</time>
        <extensions>
          <ns3:TrackPointExtension>
            <ns3:hr>121</ns3:hr>
          </ns3:TrackPointExtension>
        </extensions>
      </trkpt>
      <trkpt lat="36.76297165453433990478515625" lon="126.97274428792297840118408203125">
        <ele>24</ele>
        <time>2026-02-07T05:16:10.000Z</time>
        <extensions>
          <ns3:TrackPointExtension>
            <ns3:hr>124</ns3:hr>
          </ns3:TrackPointExtension>
        </extensions>
      </trkpt>
      <trkpt lat="36.762893535196781158447265625" lon="126.97275334037840366363525390625">
        <ele>24.200000762939453125</ele>
        <time>2026-02-07T05:16:13.000Z</time>
        <extensions>
          <ns3:TrackPointExtension>
            <ns3:hr>127</ns3:hr>
          </ns3:TrackPointExtension>
        </extensions>
      </trkpt>
      <trkpt lat="36.76281097345054149627685546875" lon="126.97276708669960498809814453125">
        <ele>24.200000762939453125</ele>
        <time>2026-02-07T05:16:16.000Z</time>
        <extensions>
          <ns3:TrackPointExtension>
            <ns3:hr>130</ns3:hr>
          </ns3:TrackPointExtension>
        </extensions>
      </trkpt>
      <trkpt lat="36.762734614312648773193359375" lon="126.97278921492397785186767578125">
        <ele>24.3999996185302734375</ele>
        <time>2026-02-07T05:16:19.000Z</time>
        <extensions>
          <ns3:TrackPointExtension>
            <ns3:hr>133</ns3:hr>
          </ns3:TrackPointExtension>
        </extensions>
      </trkpt>
      <trkpt lat="36.76263093017041683197021484375" lon="126.9728057272732257843017578125">
        <ele>24.200000762939453125</ele>
        <time>2026-02-07T05:16:23.000Z</time>
        <extensions>
          <ns3:TrackPointExtension>
            <ns3:hr>136</ns3:hr>
          </ns3:TrackPointExtension>
        </extensions>
      </trkpt>
      <trkpt lat="36.76260444335639476776123046875" lon="126.97280849330127239227294921875">
        <ele>24.200000762939453125</ele>
        <time>2026-02-07T05:16:24.000Z</time>
        <extensions>
          <ns3:TrackPointExtension>
            <ns3:hr>137</ns3:hr>
          </ns3:TrackPointExtension>
        </extensions>
      </trkpt>
      <trkpt lat="36.76246010698378086090087890625" lon="126.97282190434634685516357421875">
        <ele>24.200000762939453125</ele>
        <time>2026-02-07T05:16:29.000Z</time>
        <extensions>
          <ns3:TrackPointExtension>
            <ns3:hr>140</ns3:hr>
          </ns3:TrackPointExtension>
        </extensions>
      </trkpt>
      <trkpt lat="36.76240595988929271697998046875" lon="126.9728188030421733856201171875">
        <ele>24.200000762939453125</ele>
        <time>2026-02-07T05:16:31.000Z</time>
        <extensions>
          <ns3:TrackPointExtension>
            <ns3:hr>141</ns3:hr>
          </ns3:TrackPointExtension>
        </extensions>
      </trkpt>
      <trkpt lat="36.7623237334191799163818359375" lon="126.9728060625493526458740234375">
        <ele>24.200000762939453125</ele>
        <time>2026-02-07T05:16:34.000Z</time>
        <extensions>
          <ns3:TrackPointExtension>
            <ns3:hr>144</ns3:hr>
          </ns3:TrackPointExtension>
        </extensions>
      </trkpt>
      <trkpt lat="36.7622181214392185211181640625" lon="126.9727829284965991973876953125">
        <ele>24.200000762939453125</ele>
        <time>2026-02-07T05:16:38.000Z</time>
        <extensions>
          <ns3:TrackPointExtension>
            <ns3:hr>146</ns3:hr>
          </ns3:TrackPointExtension>
        </extensions>
      </trkpt>
      <trkpt lat="36.7620340548455715179443359375" lon="126.97272920049726963043212890625">
        <ele>24.200000762939453125</ele>
        <time>2026-02-07T05:16:45.000Z</time>
        <extensions>
          <ns3:TrackPointExtension>
            <ns3:hr>148</ns3:hr>
          </ns3:TrackPointExtension>
        </extensions>
      </trkpt>
      <trkpt lat="36.76198057830333709716796875" lon="126.97271444834768772125244140625">
        <ele>24.3999996185302734375</ele>
        <time>2026-02-07T05:16:47.000Z</time>
        <extensions>
          <ns3:TrackPointExtension>
            <ns3:hr>148</ns3:hr>
          </ns3:TrackPointExtension>
        </extensions>
      </trkpt>
      <trkpt lat="36.761828027665615081787109375" lon="126.9726588763296604156494140625">
        <ele>24.200000762939453125</ele>
        <time>2026-02-07T05:16:53.000Z</time>
        <extensions>
          <ns3:TrackPointExtension>
            <ns3:hr>151</ns3:hr>
          </ns3:TrackPointExtension>
        </extensions>
      </trkpt>
      <trkpt lat="36.76173406653106212615966796875" lon="126.9726062379777431488037109375">
        <ele>24</ele>
        <time>2026-02-07T05:16:57.000Z</time>
        <extensions>
          <ns3:TrackPointExtension>
            <ns3:hr>154</ns3:hr>
          </ns3:TrackPointExtension>
        </extensions>
      </trkpt>
      <trkpt lat="36.7616853676736354827880859375" lon="126.9725743867456912994384765625">
        <ele>24</ele>
        <time>2026-02-07T05:16:59.000Z</time>
        <extensions>
          <ns3:TrackPointExtension>
            <ns3:hr>155</ns3:hr>
          </ns3:TrackPointExtension>
        </extensions>
      </trkpt>
      <trkpt lat="36.761509515345096588134765625" lon="126.9724439643323421478271484375">
        <ele>24.200000762939453125</ele>
        <time>2026-02-07T05:17:06.000Z</time>
        <extensions>
          <ns3:TrackPointExtension>
            <ns3:hr>156</ns3:hr>
          </ns3:TrackPointExtension>
        </extensions>
      </trkpt>
      <trkpt lat="36.76144673489034175872802734375" lon="126.97238621301949024200439453125">
        <ele>24</ele>
        <time>2026-02-07T05:17:09.000Z</time>
        <extensions>
          <ns3:TrackPointExtension>
            <ns3:hr>156</ns3:hr>
          </ns3:TrackPointExtension>
        </extensions>
      </trkpt>
      <trkpt lat="36.76128186285495758056640625" lon="126.9723262824118137359619140625">
        <ele>24.200000762939453125</ele>
        <time>2026-02-07T05:17:16.000Z</time>
        <extensions>
          <ns3:TrackPointExtension>
            <ns3:hr>157</ns3:hr>
          </ns3:TrackPointExtension>
        </extensions>
      </trkpt>
      <trkpt lat="36.7610925994813442230224609375" lon="126.97237598709762096405029296875">
        <ele>24.3999996185302734375</ele>
        <time>2026-02-07T05:17:23.000Z</time>
        <extensions>
          <ns3:TrackPointExtension>
            <ns3:hr>158</ns3:hr>
          </ns3:TrackPointExtension>
        </extensions>
      </trkpt>
      <trkpt lat="36.7610664479434490203857421875" lon="126.972386129200458526611328125">
        <ele>24.3999996185302734375</ele>
        <time>2026-02-07T05:17:24.000Z</time>
        <extensions>
          <ns3:TrackPointExtension>
            <ns3:hr>158</ns3:hr>
          </ns3:TrackPointExtension>
        </extensions>
      </trkpt>
      <trkpt lat="36.76089000888168811798095703125" lon="126.97243197821080684661865234375">
        <ele>24.200000762939453125</ele>
        <time>2026-02-07T05:17:31.000Z</time>
        <extensions>
          <ns3:TrackPointExtension>
            <ns3:hr>160</ns3:hr>
          </ns3:TrackPointExtension>
        </extensions>
      </trkpt>
      <trkpt lat="36.7607636936008930206298828125" lon="126.97245930321514606475830078125">
        <ele>24.3999996185302734375</ele>
        <time>2026-02-07T05:17:36.000Z</time>
        <extensions>
          <ns3:TrackPointExtension>
            <ns3:hr>161</ns3:hr>
          </ns3:TrackPointExtension>
        </extensions>
      </trkpt>
      <trkpt lat="36.7605744302272796630859375" lon="126.9725049845874309539794921875">
        <ele>24.6000003814697265625</ele>
        <time>2026-02-07T05:17:43.000Z</time>
        <extensions>
          <ns3:TrackPointExtension>
            <ns3:hr>163</ns3:hr>
          </ns3:TrackPointExtension>
        </extensions>
      </trkpt>
      <trkpt lat="36.76046621985733509063720703125" lon="126.97252468205988407135009765625">
        <ele>24.6000003814697265625</ele>
        <time>2026-02-07T05:17:47.000Z</time>
        <extensions>
          <ns3:TrackPointExtension>
            <ns3:hr>164</ns3:hr>
          </ns3:TrackPointExtension>
        </extensions>
      </trkpt>
      <trkpt lat="36.76038692705333232879638671875" lon="126.97253691963851451873779296875">
        <ele>25</ele>
        <time>2026-02-07T05:17:50.000Z</time>
        <extensions>
          <ns3:TrackPointExtension>
            <ns3:hr>165</ns3:hr>
          </ns3:TrackPointExtension>
        </extensions>
      </trkpt>
      <trkpt lat="36.76025197841227054595947265625" lon="126.9725385122001171112060546875">
        <ele>25</ele>
        <time>2026-02-07T05:17:55.000Z</time>
        <extensions>
          <ns3:TrackPointExtension>
            <ns3:hr>166</ns3:hr>
          </ns3:TrackPointExtension>
        </extensions>
      </trkpt>
      <trkpt lat="36.76007059402763843536376953125" lon="126.972571201622486114501953125">
        <ele>25.799999237060546875</ele>
        <time>2026-02-07T05:18:02.000Z</time>
        <extensions>
          <ns3:TrackPointExtension>
            <ns3:hr>167</ns3:hr>
          </ns3:TrackPointExtension>
        </extensions>
      </trkpt>
      <trkpt lat="36.7599979229271411895751953125" lon="126.972606740891933441162109375">
        <ele>25.3999996185302734375</ele>
        <time>2026-02-07T05:18:05.000Z</time>
        <extensions>
          <ns3:TrackPointExtension>
            <ns3:hr>168</ns3:hr>
          </ns3:TrackPointExtension>
        </extensions>
      </trkpt>
      <trkpt lat="36.7598758824169635772705078125" lon="126.97271578945219516754150390625">
        <ele>25.6000003814697265625</ele>
        <time>2026-02-07T05:18:11.000Z</time>
        <extensions>
          <ns3:TrackPointExtension>
            <ns3:hr>171</ns3:hr>
          </ns3:TrackPointExtension>
        </extensions>
      </trkpt>
      <trkpt lat="36.75981410779058933258056640625" lon="126.97277597151696681976318359375">
        <ele>25.799999237060546875</ele>
        <time>2026-02-07T05:18:14.000Z</time>
        <extensions>
          <ns3:TrackPointExtension>
            <ns3:hr>173</ns3:hr>
          </ns3:TrackPointExtension>
        </extensions>
      </trkpt>
      <trkpt lat="36.75977043807506561279296875" lon="126.9728171266615390777587890625">
        <ele>26</ele>
        <time>2026-02-07T05:18:16.000Z</time>
        <extensions>
          <ns3:TrackPointExtension>
            <ns3:hr>174</ns3:hr>
          </ns3:TrackPointExtension>
        </extensions>
      </trkpt>
      <trkpt lat="36.759606488049030303955078125" lon="126.97293656878173351287841796875">
        <ele>26</ele>
        <time>2026-02-07T05:18:23.000Z</time>
        <extensions>
          <ns3:TrackPointExtension>
            <ns3:hr>176</ns3:hr>
          </ns3:TrackPointExtension>
        </extensions>
      </trkpt>
      <trkpt lat="36.75955309532582759857177734375" lon="126.97295919992029666900634765625">
        <ele>25.799999237060546875</ele>
        <time>2026-02-07T05:18:25.000Z</time>
        <extensions>
          <ns3:TrackPointExtension>
            <ns3:hr>177</ns3:hr>
          </ns3:TrackPointExtension>
        </extensions>
      </trkpt>
      <trkpt lat="36.75947162322700023651123046875" lon="126.9729871116578578948974609375">
        <ele>25.799999237060546875</ele>
        <time>2026-02-07T05:18:28.000Z</time>
        <extensions>
          <ns3:TrackPointExtension>
            <ns3:hr>177</ns3:hr>
          </ns3:TrackPointExtension>
        </extensions>
      </trkpt>
      <trkpt lat="36.75933214835822582244873046875" lon="126.97298199869692325592041015625">
        <ele>26</ele>
        <time>2026-02-07T05:18:33.000Z</time>
        <extensions>
          <ns3:TrackPointExtension>
            <ns3:hr>177</ns3:hr>
          </ns3:TrackPointExtension>
        </extensions>
      </trkpt>
      <trkpt lat="36.7591396160423755645751953125" lon="126.97295618243515491485595703125">
        <ele>26.3999996185302734375</ele>
        <time>2026-02-07T05:18:40.000Z</time>
        <extensions>
          <ns3:TrackPointExtension>
            <ns3:hr>177</ns3:hr>
          </ns3:TrackPointExtension>
        </extensions>
      </trkpt>
      <trkpt lat="36.7591013945639133453369140625" lon="126.97294411249458789825439453125">
        <ele>26.6000003814697265625</ele>
        <time>2026-02-07T05:18:42.000Z</time>
        <extensions>
          <ns3:TrackPointExtension>
            <ns3:hr>176</ns3:hr>
          </ns3:TrackPointExtension>
        </extensions>
      </trkpt>
      <trkpt lat="36.7590651847422122955322265625" lon="126.9729472137987613677978515625">
        <ele>27</ele>
        <time>2026-02-07T05:18:46.000Z</time>
        <extensions>
          <ns3:TrackPointExtension>
            <ns3:hr>175</ns3:hr>
          </ns3:TrackPointExtension>
        </extensions>
      </trkpt>
      <trkpt lat="36.7590428888797760009765625" lon="126.9729250855743885040283203125">
        <ele>27</ele>
        <time>2026-02-07T05:18:48.000Z</time>
        <extensions>
          <ns3:TrackPointExtension>
            <ns3:hr>176</ns3:hr>
          </ns3:TrackPointExtension>
        </extensions>
      </trkpt>
      <trkpt lat="36.7590205930173397064208984375" lon="126.9728707708418369293212890625">
        <ele>27.6000003814697265625</ele>
        <time>2026-02-07T05:18:52.000Z</time>
        <extensions>
          <ns3:TrackPointExtension>
            <ns3:hr>173</ns3:hr>
          </ns3:TrackPointExtension>
        </extensions>
      </trkpt>
      <trkpt lat="36.7590229399502277374267578125" lon="126.97283447720110416412353515625">
        <ele>27.6000003814697265625</ele>
        <time>2026-02-07T05:18:54.000Z</time>
        <extensions>
          <ns3:TrackPointExtension>
            <ns3:hr>169</ns3:hr>
          </ns3:TrackPointExtension>
        </extensions>
      </trkpt>
      <trkpt lat="36.7590195871889591217041015625" lon="126.9728023745119571685791015625">
        <ele>27.200000762939453125</ele>
        <time>2026-02-07T05:18:56.000Z</time>
        <extensions>
          <ns3:TrackPointExtension>
            <ns3:hr>166</ns3:hr>
          </ns3:TrackPointExtension>
        </extensions>
      </trkpt>
      <trkpt lat="36.7590239457786083221435546875" lon="126.97275836952030658721923828125">
        <ele>26.799999237060546875</ele>
        <time>2026-02-07T05:18:59.000Z</time>
        <extensions>
          <ns3:TrackPointExtension>
            <ns3:hr>163</ns3:hr>
          </ns3:TrackPointExtension>
        </extensions>
      </trkpt>
      <trkpt lat="36.75903341732919216156005859375" lon="126.9726612232625484466552734375">
        <ele>27</ele>
        <time>2026-02-07T05:19:05.000Z</time>
        <extensions>
          <ns3:TrackPointExtension>
            <ns3:hr>166</ns3:hr>
          </ns3:TrackPointExtension>
        </extensions>
      </trkpt>
      <trkpt lat="36.75903928466141223907470703125" lon="126.972634233534336090087890625">
        <ele>26.6000003814697265625</ele>
        <time>2026-02-07T05:19:07.000Z</time>
        <extensions>
          <ns3:TrackPointExtension>
            <ns3:hr>164</ns3:hr>
          </ns3:TrackPointExtension>
        </extensions>
      </trkpt>
      <trkpt lat="36.75904582254588603973388671875" lon="126.97256038896739482879638671875">
        <ele>26.6000003814697265625</ele>
        <time>2026-02-07T05:19:12.000Z</time>
        <extensions>
          <ns3:TrackPointExtension>
            <ns3:hr>161</ns3:hr>
          </ns3:TrackPointExtension>
        </extensions>
      </trkpt>
      <trkpt lat="36.7590454034507274627685546875" lon="126.97250708006322383880615234375">
        <ele>27.200000762939453125</ele>
        <time>2026-02-07T05:19:16.000Z</time>
        <extensions>
          <ns3:TrackPointExtension>
            <ns3:hr>158</ns3:hr>
          </ns3:TrackPointExtension>
        </extensions>
      </trkpt>
      <trkpt lat="36.7590375244617462158203125" lon="126.97247640229761600494384765625">
        <ele>27.3999996185302734375</ele>
        <time>2026-02-07T05:19:18.000Z</time>
        <extensions>
          <ns3:TrackPointExtension>
            <ns3:hr>155</ns3:hr>
          </ns3:TrackPointExtension>
        </extensions>
      </trkpt>
      <trkpt lat="36.75902754999697208404541015625" lon="126.97246215306222438812255859375">
        <ele>27.200000762939453125</ele>
        <time>2026-02-07T05:19:20.000Z</time>
        <extensions>
          <ns3:TrackPointExtension>
            <ns3:hr>150</ns3:hr>
          </ns3:TrackPointExtension>
        </extensions>
      </trkpt>
      <trkpt lat="36.759022437036037445068359375" lon="126.9724587164819240570068359375">
        <ele>26.799999237060546875</ele>
        <time>2026-02-07T05:19:22.000Z</time>
        <extensions>
          <ns3:TrackPointExtension>
            <ns3:hr>146</ns3:hr>
          </ns3:TrackPointExtension>
        </extensions>
      </trkpt>
      <trkpt lat="36.7590259574353694915771484375" lon="126.97242879308760166168212890625">
        <ele>26.799999237060546875</ele>
        <time>2026-02-07T05:19:24.000Z</time>
        <extensions>
          <ns3:TrackPointExtension>
            <ns3:hr>145</ns3:hr>
          </ns3:TrackPointExtension>
        </extensions>
      </trkpt>
      <trkpt lat="36.758985556662082672119140625" lon="126.97233826853334903717041015625">
        <ele>27.200000762939453125</ele>
        <time>2026-02-07T05:19:32.000Z</time>
        <extensions>
          <ns3:TrackPointExtension>
            <ns3:hr>144</ns3:hr>
          </ns3:TrackPointExtension>
        </extensions>
      </trkpt>
      <trkpt lat="36.75889813341200351715087890625" lon="126.97224690578877925872802734375">
        <ele>26.200000762939453125</ele>
        <time>2026-02-07T05:19:40.000Z</time>
        <extensions>
          <ns3:TrackPointExtension>
            <ns3:hr>140</ns3:hr>
          </ns3:TrackPointExtension>
        </extensions>
      </trkpt>
      <trkpt lat="36.7588760890066623687744140625" lon="126.97223181836307048797607421875">
        <ele>26</ele>
        <time>2026-02-07T05:19:42.000Z</time>
        <extensions>
          <ns3:TrackPointExtension>
            <ns3:hr>138</ns3:hr>
          </ns3:TrackPointExtension>
        </extensions>
      </trkpt>
      <trkpt lat="36.75886343233287334442138671875" lon="126.97222360409796237945556640625">
        <ele>25.799999237060546875</ele>
        <time>2026-02-07T05:19:43.000Z</time>
        <extensions>
          <ns3:TrackPointExtension>
            <ns3:hr>137</ns3:hr>
          </ns3:TrackPointExtension>
        </extensions>
      </trkpt>
      <trkpt lat="36.75881691277027130126953125" lon="126.97219678200781345367431640625">
        <ele>26</ele>
        <time>2026-02-07T05:19:47.000Z</time>
        <extensions>
          <ns3:TrackPointExtension>
            <ns3:hr>134</ns3:hr>
          </ns3:TrackPointExtension>
        </extensions>
      </trkpt>
      <trkpt lat="36.7587969638407230377197265625" lon="126.9721784256398677825927734375">
        <ele>26.3999996185302734375</ele>
        <time>2026-02-07T05:19:49.000Z</time>
        <extensions>
          <ns3:TrackPointExtension>
            <ns3:hr>134</ns3:hr>
          </ns3:TrackPointExtension>
        </extensions>
      </trkpt>
      <trkpt lat="36.7587278969585895538330078125" lon="126.97212763130664825439453125">
        <ele>25.3999996185302734375</ele>
        <time>2026-02-07T05:19:55.000Z</time>
        <extensions>
          <ns3:TrackPointExtension>
            <ns3:hr>131</ns3:hr>
          </ns3:TrackPointExtension>
        </extensions>
      </trkpt>
      <trkpt lat="36.75867752172052860260009765625" lon="126.972092427313327789306640625">
        <ele>25.3999996185302734375</ele>
        <time>2026-02-07T05:20:00.000Z</time>
        <extensions>
          <ns3:TrackPointExtension>
            <ns3:hr>129</ns3:hr>
          </ns3:TrackPointExtension>
        </extensions>
      </trkpt>
      <trkpt lat="36.75859957002103328704833984375" lon="126.97204322554171085357666015625">
        <ele>25.3999996185302734375</ele>
        <time>2026-02-07T05:20:07.000Z</time>
        <extensions>
          <ns3:TrackPointExtension>
            <ns3:hr>126</ns3:hr>
          </ns3:TrackPointExtension>
        </extensions>
      </trkpt>
      <trkpt lat="36.7585305869579315185546875" lon="126.971997208893299102783203125">
        <ele>25.6000003814697265625</ele>
        <time>2026-02-07T05:20:13.000Z</time>
        <extensions>
          <ns3:TrackPointExtension>
            <ns3:hr>123</ns3:hr>
          </ns3:TrackPointExtension>
        </extensions>
      </trkpt>
      <trkpt lat="36.75850979983806610107421875" lon="126.9719792716205120086669921875">
        <ele>25.3999996185302734375</ele>
        <time>2026-02-07T05:20:15.000Z</time>
        <extensions>
          <ns3:TrackPointExtension>
            <ns3:hr>123</ns3:hr>
          </ns3:TrackPointExtension>
        </extensions>
      </trkpt>
      <trkpt lat="36.7584315128624439239501953125" lon="126.9719169102609157562255859375">
        <ele>26.200000762939453125</ele>
        <time>2026-02-07T05:20:23.000Z</time>
        <extensions>
          <ns3:TrackPointExtension>
            <ns3:hr>120</ns3:hr>
          </ns3:TrackPointExtension>
        </extensions>
      </trkpt>
      <trkpt lat="36.7583973146975040435791015625" lon="126.9718920998275279998779296875">
        <ele>26</ele>
        <time>2026-02-07T05:20:26.000Z</time>
        <extensions>
          <ns3:TrackPointExtension>
            <ns3:hr>122</ns3:hr>
          </ns3:TrackPointExtension>
        </extensions>
      </trkpt>
      <trkpt lat="36.75831131637096405029296875" lon="126.9718414731323719024658203125">
        <ele>25.6000003814697265625</ele>
        <time>2026-02-07T05:20:33.000Z</time>
        <extensions>
          <ns3:TrackPointExtension>
            <ns3:hr>119</ns3:hr>
          </ns3:TrackPointExtension>
        </extensions>
      </trkpt>
      <trkpt lat="36.75828407518565654754638671875" lon="126.9718223623931407928466796875">
        <ele>25.6000003814697265625</ele>
        <time>2026-02-07T05:20:36.000Z</time>
        <extensions>
          <ns3:TrackPointExtension>
            <ns3:hr>116</ns3:hr>
          </ns3:TrackPointExtension>
        </extensions>
      </trkpt>
      <trkpt lat="36.75826261751353740692138671875" lon="126.97180652059614658355712890625">
        <ele>25.6000003814697265625</ele>
        <time>2026-02-07T05:20:38.000Z</time>
        <extensions>
          <ns3:TrackPointExtension>
            <ns3:hr>115</ns3:hr>
          </ns3:TrackPointExtension>
        </extensions>
      </trkpt>
      <trkpt lat="36.75817091949284076690673828125" lon="126.97175589390099048614501953125">
        <ele>25.200000762939453125</ele>
        <time>2026-02-07T05:20:46.000Z</time>
        <extensions>
          <ns3:TrackPointExtension>
            <ns3:hr>115</ns3:hr>
          </ns3:TrackPointExtension>
        </extensions>
      </trkpt>
      <trkpt lat="36.7581388168036937713623046875" lon="126.9717294909060001373291015625">
        <ele>24.799999237060546875</ele>
        <time>2026-02-07T05:20:49.000Z</time>
        <extensions>
          <ns3:TrackPointExtension>
            <ns3:hr>115</ns3:hr>
          </ns3:TrackPointExtension>
        </extensions>
      </trkpt>
      <trkpt lat="36.758119873702526092529296875" lon="126.9717076979577541351318359375">
        <ele>24.799999237060546875</ele>
        <time>2026-02-07T05:20:51.000Z</time>
        <extensions>
          <ns3:TrackPointExtension>
            <ns3:hr>118</ns3:hr>
          </ns3:TrackPointExtension>
        </extensions>
      </trkpt>
      <trkpt lat="36.75806723535060882568359375" lon="126.9716413132846355438232421875">
        <ele>25.6000003814697265625</ele>
        <time>2026-02-07T05:20:57.000Z</time>
        <extensions>
          <ns3:TrackPointExtension>
            <ns3:hr>117</ns3:hr>
          </ns3:TrackPointExtension>
        </extensions>
      </trkpt>
      <trkpt lat="36.75796338357031345367431640625" lon="126.9715179316699504852294921875">
        <ele>25.6000003814697265625</ele>
        <time>2026-02-07T05:21:08.000Z</time>
        <extensions>
          <ns3:TrackPointExtension>
            <ns3:hr>117</ns3:hr>
          </ns3:TrackPointExtension>
        </extensions>
      </trkpt>
      <trkpt lat="36.75794527865946292877197265625" lon="126.9714899361133575439453125">
        <ele>26</ele>
        <time>2026-02-07T05:21:11.000Z</time>
        <extensions>
          <ns3:TrackPointExtension>
            <ns3:hr>116</ns3:hr>
          </ns3:TrackPointExtension>
        </extensions>
      </trkpt>
      <trkpt lat="36.7579081468284130096435546875" lon="126.971435956656932830810546875">
        <ele>27.200000762939453125</ele>
        <time>2026-02-07T05:21:15.000Z</time>
        <extensions>
          <ns3:TrackPointExtension>
            <ns3:hr>115</ns3:hr>
          </ns3:TrackPointExtension>
        </extensions>
      </trkpt>
      <trkpt lat="36.7578903771936893463134765625" lon="126.9714175164699554443359375">
        <ele>27.3999996185302734375</ele>
        <time>2026-02-07T05:21:17.000Z</time>
        <extensions>
          <ns3:TrackPointExtension>
            <ns3:hr>115</ns3:hr>
          </ns3:TrackPointExtension>
        </extensions>
      </trkpt>
      <trkpt lat="36.75784528255462646484375" lon="126.97135792113840579986572265625">
        <ele>26</ele>
        <time>2026-02-07T05:21:22.000Z</time>
        <extensions>
          <ns3:TrackPointExtension>
            <ns3:hr>116</ns3:hr>
          </ns3:TrackPointExtension>
        </extensions>
      </trkpt>
      <trkpt lat="36.7578125931322574615478515625" lon="126.9713102281093597412109375">
        <ele>25.200000762939453125</ele>
        <time>2026-02-07T05:21:26.000Z</time>
        <extensions>
          <ns3:TrackPointExtension>
            <ns3:hr>115</ns3:hr>
          </ns3:TrackPointExtension>
        </extensions>
      </trkpt>
      <trkpt lat="36.75772164948284626007080078125" lon="126.97122037410736083984375">
        <ele>25.200000762939453125</ele>
        <time>2026-02-07T05:21:35.000Z</time>
        <extensions>
          <ns3:TrackPointExtension>
            <ns3:hr>116</ns3:hr>
          </ns3:TrackPointExtension>
        </extensions>
      </trkpt>
      <trkpt lat="36.75762324593961238861083984375" lon="126.9711444340646266937255859375">
        <ele>25.6000003814697265625</ele>
        <time>2026-02-07T05:21:44.000Z</time>
        <extensions>
          <ns3:TrackPointExtension>
            <ns3:hr>115</ns3:hr>
          </ns3:TrackPointExtension>
        </extensions>
      </trkpt>
      <trkpt lat="36.7575121857225894927978515625" lon="126.97105281986296176910400390625">
        <ele>25.6000003814697265625</ele>
        <time>2026-02-07T05:21:54.000Z</time>
        <extensions>
          <ns3:TrackPointExtension>
            <ns3:hr>116</ns3:hr>
          </ns3:TrackPointExtension>
        </extensions>
      </trkpt>
      <trkpt lat="36.75748921930789947509765625" lon="126.97103639133274555206298828125">
        <ele>24.799999237060546875</ele>
        <time>2026-02-07T05:21:56.000Z</time>
        <extensions>
          <ns3:TrackPointExtension>
            <ns3:hr>115</ns3:hr>
          </ns3:TrackPointExtension>
        </extensions>
      </trkpt>
      <trkpt lat="36.7574038915336132049560546875" lon="126.9709935598075389862060546875">
        <ele>24.799999237060546875</ele>
        <time>2026-02-07T05:22:04.000Z</time>
        <extensions>
          <ns3:TrackPointExtension>
            <ns3:hr>114</ns3:hr>
          </ns3:TrackPointExtension>
        </extensions>
      </trkpt>
      <trkpt lat="36.757305152714252471923828125" lon="126.97097285650670528411865234375">
        <ele>25.3999996185302734375</ele>
        <time>2026-02-07T05:22:12.000Z</time>
        <extensions>
          <ns3:TrackPointExtension>
            <ns3:hr>111</ns3:hr>
          </ns3:TrackPointExtension>
        </extensions>
      </trkpt>
      <trkpt lat="36.757268607616424560546875" lon="126.97096531279385089874267578125">
        <ele>25.3999996185302734375</ele>
        <time>2026-02-07T05:22:15.000Z</time>
        <extensions>
          <ns3:TrackPointExtension>
            <ns3:hr>112</ns3:hr>
          </ns3:TrackPointExtension>
        </extensions>
      </trkpt>
      <trkpt lat="36.75715553574264049530029296875" lon="126.97094083763659000396728515625">
        <ele>25.799999237060546875</ele>
        <time>2026-02-07T05:22:24.000Z</time>
        <extensions>
          <ns3:TrackPointExtension>
            <ns3:hr>114</ns3:hr>
          </ns3:TrackPointExtension>
        </extensions>
      </trkpt>
      <trkpt lat="36.7571246065199375152587890625" lon="126.97091351263225078582763671875">
        <ele>25.799999237060546875</ele>
        <time>2026-02-07T05:22:27.000Z</time>
        <extensions>
          <ns3:TrackPointExtension>
            <ns3:hr>114</ns3:hr>
          </ns3:TrackPointExtension>
        </extensions>
      </trkpt>
      <trkpt lat="36.75703299231827259063720703125" lon="126.97081712074577808380126953125">
        <ele>25.3999996185302734375</ele>
        <time>2026-02-07T05:22:36.000Z</time>
        <extensions>
          <ns3:TrackPointExtension>
            <ns3:hr>117</ns3:hr>
          </ns3:TrackPointExtension>
        </extensions>
      </trkpt>
      <trkpt lat="36.7570230178534984588623046875" lon="126.97080739773809909820556640625">
        <ele>25.3999996185302734375</ele>
        <time>2026-02-07T05:22:37.000Z</time>
        <extensions>
          <ns3:TrackPointExtension>
            <ns3:hr>116</ns3:hr>
          </ns3:TrackPointExtension>
        </extensions>
      </trkpt>
      <trkpt lat="36.756995022296905517578125" lon="126.9707442820072174072265625">
        <ele>25.799999237060546875</ele>
        <time>2026-02-07T05:22:42.000Z</time>
        <extensions>
          <ns3:TrackPointExtension>
            <ns3:hr>115</ns3:hr>
          </ns3:TrackPointExtension>
        </extensions>
      </trkpt>
      <trkpt lat="36.757005415856838226318359375" lon="126.97070916183292865753173828125">
        <ele>26</ele>
        <time>2026-02-07T05:22:44.000Z</time>
        <extensions>
          <ns3:TrackPointExtension>
            <ns3:hr>115</ns3:hr>
          </ns3:TrackPointExtension>
        </extensions>
      </trkpt>
      <trkpt lat="36.75706299953162670135498046875" lon="126.9705952517688274383544921875">
        <ele>27</ele>
        <time>2026-02-07T05:22:52.000Z</time>
        <extensions>
          <ns3:TrackPointExtension>
            <ns3:hr>114</ns3:hr>
          </ns3:TrackPointExtension>
        </extensions>
      </trkpt>
      <trkpt lat="36.75709468312561511993408203125" lon="126.97054185904562473297119140625">
        <ele>27</ele>
        <time>2026-02-07T05:22:56.000Z</time>
        <extensions>
          <ns3:TrackPointExtension>
            <ns3:hr>115</ns3:hr>
          </ns3:TrackPointExtension>
        </extensions>
      </trkpt>
      <trkpt lat="36.75720633007586002349853515625" lon="126.9703793339431285858154296875">
        <ele>26</ele>
        <time>2026-02-07T05:23:10.000Z</time>
        <extensions>
          <ns3:TrackPointExtension>
            <ns3:hr>114</ns3:hr>
          </ns3:TrackPointExtension>
        </extensions>
      </trkpt>
      <trkpt lat="36.75721789710223674774169921875" lon="126.970360390841960906982421875">
        <ele>25.799999237060546875</ele>
        <time>2026-02-07T05:23:11.000Z</time>
        <extensions>
          <ns3:TrackPointExtension>
            <ns3:hr>114</ns3:hr>
          </ns3:TrackPointExtension>
        </extensions>
      </trkpt>
      <trkpt lat="36.757245473563671112060546875" lon="126.97032007388770580291748046875">
        <ele>24.6000003814697265625</ele>
        <time>2026-02-07T05:23:13.000Z</time>
        <extensions>
          <ns3:TrackPointExtension>
            <ns3:hr>114</ns3:hr>
          </ns3:TrackPointExtension>
        </extensions>
      </trkpt>
      <trkpt lat="36.75730808638036251068115234375" lon="126.970215551555156707763671875">
        <ele>24.6000003814697265625</ele>
        <time>2026-02-07T05:23:17.000Z</time>
        <extensions>
          <ns3:TrackPointExtension>
            <ns3:hr>114</ns3:hr>
          </ns3:TrackPointExtension>
        </extensions>
      </trkpt>
      <trkpt lat="36.7574260197579860687255859375" lon="126.97002234868705272674560546875">
        <ele>25.200000762939453125</ele>
        <time>2026-02-07T05:23:24.000Z</time>
        <extensions>
          <ns3:TrackPointExtension>
            <ns3:hr>114</ns3:hr>
          </ns3:TrackPointExtension>
        </extensions>
      </trkpt>
      <trkpt lat="36.7574437893927097320556640625" lon="126.96999385021626949310302734375">
        <ele>25.6000003814697265625</ele>
        <time>2026-02-07T05:23:25.000Z</time>
        <extensions>
          <ns3:TrackPointExtension>
            <ns3:hr>114</ns3:hr>
          </ns3:TrackPointExtension>
        </extensions>
      </trkpt>
      <trkpt lat="36.757460720837116241455078125" lon="126.96996979415416717529296875">
        <ele>25.799999237060546875</ele>
        <time>2026-02-07T05:23:26.000Z</time>
        <extensions>
          <ns3:TrackPointExtension>
            <ns3:hr>115</ns3:hr>
          </ns3:TrackPointExtension>
        </extensions>
      </trkpt>
      <trkpt lat="36.757511682808399200439453125" lon="126.96989201009273529052734375">
        <ele>24.799999237060546875</ele>
        <time>2026-02-07T05:23:29.000Z</time>
        <extensions>
          <ns3:TrackPointExtension>
            <ns3:hr>118</ns3:hr>
          </ns3:TrackPointExtension>
        </extensions>
      </trkpt>
      <trkpt lat="36.7575296200811862945556640625" lon="126.96987097151577472686767578125">
        <ele>24.6000003814697265625</ele>
        <time>2026-02-07T05:23:30.000Z</time>
        <extensions>
          <ns3:TrackPointExtension>
            <ns3:hr>119</ns3:hr>
          </ns3:TrackPointExtension>
        </extensions>
      </trkpt>
      <trkpt lat="36.7575899697840213775634765625" lon="126.96980349719524383544921875">
        <ele>23.6000003814697265625</ele>
        <time>2026-02-07T05:23:33.000Z</time>
        <extensions>
          <ns3:TrackPointExtension>
            <ns3:hr>123</ns3:hr>
          </ns3:TrackPointExtension>
        </extensions>
      </trkpt>
      <trkpt lat="36.757633052766323089599609375" lon="126.96975094266235828399658203125">
        <ele>24</ele>
        <time>2026-02-07T05:23:35.000Z</time>
        <extensions>
          <ns3:TrackPointExtension>
            <ns3:hr>126</ns3:hr>
          </ns3:TrackPointExtension>
        </extensions>
      </trkpt>
      <trkpt lat="36.7576937377452850341796875" lon="126.9696713984012603759765625">
        <ele>25.6000003814697265625</ele>
        <time>2026-02-07T05:23:38.000Z</time>
        <extensions>
          <ns3:TrackPointExtension>
            <ns3:hr>129</ns3:hr>
          </ns3:TrackPointExtension>
        </extensions>
      </trkpt>
      <trkpt lat="36.75773841328918933868408203125" lon="126.9695843942463397979736328125">
        <ele>25.799999237060546875</ele>
        <time>2026-02-07T05:23:41.000Z</time>
        <extensions>
          <ns3:TrackPointExtension>
            <ns3:hr>133</ns3:hr>
          </ns3:TrackPointExtension>
        </extensions>
      </trkpt>
      <trkpt lat="36.7577703483402729034423828125" lon="126.9695304147899150848388671875">
        <ele>25</ele>
        <time>2026-02-07T05:23:43.000Z</time>
        <extensions>
          <ns3:TrackPointExtension>
            <ns3:hr>136</ns3:hr>
          </ns3:TrackPointExtension>
        </extensions>
      </trkpt>
      <trkpt lat="36.75780127756297588348388671875" lon="126.9694761000573635101318359375">
        <ele>24.6000003814697265625</ele>
        <time>2026-02-07T05:23:45.000Z</time>
        <extensions>
          <ns3:TrackPointExtension>
            <ns3:hr>138</ns3:hr>
          </ns3:TrackPointExtension>
        </extensions>
      </trkpt>
      <trkpt lat="36.75785358063876628875732421875" lon="126.9693889282643795013427734375">
        <ele>23.799999237060546875</ele>
        <time>2026-02-07T05:23:48.000Z</time>
        <extensions>
          <ns3:TrackPointExtension>
            <ns3:hr>141</ns3:hr>
          </ns3:TrackPointExtension>
        </extensions>
      </trkpt>
      <trkpt lat="36.757885180413722991943359375" lon="126.9693222083151340484619140625">
        <ele>23.6000003814697265625</ele>
        <time>2026-02-07T05:23:50.000Z</time>
        <extensions>
          <ns3:TrackPointExtension>
            <ns3:hr>143</ns3:hr>
          </ns3:TrackPointExtension>
        </extensions>
      </trkpt>
      <trkpt lat="36.7579524032771587371826171875" lon="126.96920871734619140625">
        <ele>23.799999237060546875</ele>
        <time>2026-02-07T05:23:54.000Z</time>
        <extensions>
          <ns3:TrackPointExtension>
            <ns3:hr>146</ns3:hr>
          </ns3:TrackPointExtension>
        </extensions>
      </trkpt>
      <trkpt lat="36.7580053769052028656005859375" lon="126.96911475621163845062255859375">
        <ele>23.6000003814697265625</ele>
        <time>2026-02-07T05:23:57.000Z</time>
        <extensions>
          <ns3:TrackPointExtension>
            <ns3:hr>148</ns3:hr>
          </ns3:TrackPointExtension>
        </extensions>
      </trkpt>
      <trkpt lat="36.75805248320102691650390625" lon="126.96902875788509845733642578125">
        <ele>23.3999996185302734375</ele>
        <time>2026-02-07T05:24:00.000Z</time>
        <extensions>
          <ns3:TrackPointExtension>
            <ns3:hr>149</ns3:hr>
          </ns3:TrackPointExtension>
        </extensions>
      </trkpt>
      <trkpt lat="36.7581619508564472198486328125" lon="126.9688658975064754486083984375">
        <ele>23.3999996185302734375</ele>
        <time>2026-02-07T05:24:06.000Z</time>
        <extensions>
          <ns3:TrackPointExtension>
            <ns3:hr>152</ns3:hr>
          </ns3:TrackPointExtension>
        </extensions>
      </trkpt>
      <trkpt lat="36.7582159303128719329833984375" lon="126.96878492832183837890625">
        <ele>24</ele>
        <time>2026-02-07T05:24:09.000Z</time>
        <extensions>
          <ns3:TrackPointExtension>
            <ns3:hr>153</ns3:hr>
          </ns3:TrackPointExtension>
        </extensions>
      </trkpt>
      <trkpt lat="36.75834408961236476898193359375" lon="126.968586109578609466552734375">
        <ele>24.200000762939453125</ele>
        <time>2026-02-07T05:24:16.000Z</time>
        <extensions>
          <ns3:TrackPointExtension>
            <ns3:hr>155</ns3:hr>
          </ns3:TrackPointExtension>
        </extensions>
      </trkpt>
      <trkpt lat="36.7584087140858173370361328125" lon="126.96847354061901569366455078125">
        <ele>23.799999237060546875</ele>
        <time>2026-02-07T05:24:20.000Z</time>
        <extensions>
          <ns3:TrackPointExtension>
            <ns3:hr>157</ns3:hr>
          </ns3:TrackPointExtension>
        </extensions>
      </trkpt>
      <trkpt lat="36.75853796303272247314453125" lon="126.96831193752586841583251953125">
        <ele>23.799999237060546875</ele>
        <time>2026-02-07T05:24:27.000Z</time>
        <extensions>
          <ns3:TrackPointExtension>
            <ns3:hr>159</ns3:hr>
          </ns3:TrackPointExtension>
        </extensions>
      </trkpt>
      <trkpt lat="36.7585810460150241851806640625" lon="126.968229711055755615234375">
        <ele>24</ele>
        <time>2026-02-07T05:24:30.000Z</time>
        <extensions>
          <ns3:TrackPointExtension>
            <ns3:hr>160</ns3:hr>
          </ns3:TrackPointExtension>
        </extensions>
      </trkpt>
      <trkpt lat="36.75866897217929363250732421875" lon="126.96808931417763233184814453125">
        <ele>24.200000762939453125</ele>
        <time>2026-02-07T05:24:35.000Z</time>
        <extensions>
          <ns3:TrackPointExtension>
            <ns3:hr>163</ns3:hr>
          </ns3:TrackPointExtension>
        </extensions>
      </trkpt>
      <trkpt lat="36.75872144289314746856689453125" lon="126.967998035252094268798828125">
        <ele>23.799999237060546875</ele>
        <time>2026-02-07T05:24:38.000Z</time>
        <extensions>
          <ns3:TrackPointExtension>
            <ns3:hr>166</ns3:hr>
          </ns3:TrackPointExtension>
        </extensions>
      </trkpt>
      <trkpt lat="36.75875178538262844085693359375" lon="126.96793508715927600860595703125">
        <ele>23.799999237060546875</ele>
        <time>2026-02-07T05:24:40.000Z</time>
        <extensions>
          <ns3:TrackPointExtension>
            <ns3:hr>167</ns3:hr>
          </ns3:TrackPointExtension>
        </extensions>
      </trkpt>
      <trkpt lat="36.75885069184005260467529296875" lon="126.96776644326746463775634765625">
        <ele>23.6000003814697265625</ele>
        <time>2026-02-07T05:24:46.000Z</time>
        <extensions>
          <ns3:TrackPointExtension>
            <ns3:hr>170</ns3:hr>
          </ns3:TrackPointExtension>
        </extensions>
      </trkpt>
      <trkpt lat="36.7589508555829524993896484375" lon="126.9676076062023639678955078125">
        <ele>24</ele>
        <time>2026-02-07T05:24:52.000Z</time>
        <extensions>
          <ns3:TrackPointExtension>
            <ns3:hr>172</ns3:hr>
          </ns3:TrackPointExtension>
        </extensions>
      </trkpt>
      <trkpt lat="36.759066022932529449462890625" lon="126.96746461093425750732421875">
        <ele>24.6000003814697265625</ele>
        <time>2026-02-07T05:24:58.000Z</time>
        <extensions>
          <ns3:TrackPointExtension>
            <ns3:hr>173</ns3:hr>
          </ns3:TrackPointExtension>
        </extensions>
      </trkpt>
      <trkpt lat="36.75908303819596767425537109375" lon="126.9674352742731571197509765625">
        <ele>25.6000003814697265625</ele>
        <time>2026-02-07T05:24:59.000Z</time>
        <extensions>
          <ns3:TrackPointExtension>
            <ns3:hr>174</ns3:hr>
          </ns3:TrackPointExtension>
        </extensions>
      </trkpt>
      <trkpt lat="36.7591590620577335357666015625" lon="126.96730728261172771453857421875">
        <ele>23.3999996185302734375</ele>
        <time>2026-02-07T05:25:04.000Z</time>
        <extensions>
          <ns3:TrackPointExtension>
            <ns3:hr>175</ns3:hr>
          </ns3:TrackPointExtension>
        </extensions>
      </trkpt>
      <trkpt lat="36.75924145616590976715087890625" lon="126.9671734236180782318115234375">
        <ele>24.3999996185302734375</ele>
        <time>2026-02-07T05:25:09.000Z</time>
        <extensions>
          <ns3:TrackPointExtension>
            <ns3:hr>175</ns3:hr>
          </ns3:TrackPointExtension>
        </extensions>
      </trkpt>
      <trkpt lat="36.759255118668079376220703125" lon="126.9671499542891979217529296875">
        <ele>24.6000003814697265625</ele>
        <time>2026-02-07T05:25:10.000Z</time>
        <extensions>
          <ns3:TrackPointExtension>
            <ns3:hr>175</ns3:hr>
          </ns3:TrackPointExtension>
        </extensions>
      </trkpt>
      <trkpt lat="36.75936751998960971832275390625" lon="126.96696328930556774139404296875">
        <ele>24</ele>
        <time>2026-02-07T05:25:17.000Z</time>
        <extensions>
          <ns3:TrackPointExtension>
            <ns3:hr>174</ns3:hr>
          </ns3:TrackPointExtension>
        </extensions>
      </trkpt>
      <trkpt lat="36.75940657965838909149169921875" lon="126.96691735647618770599365234375">
        <ele>24.200000762939453125</ele>
        <time>2026-02-07T05:25:19.000Z</time>
        <extensions>
          <ns3:TrackPointExtension>
            <ns3:hr>175</ns3:hr>
          </ns3:TrackPointExtension>
        </extensions>
      </trkpt>
      <trkpt lat="36.75953415222465991973876953125" lon="126.96675089187920093536376953125">
        <ele>24.3999996185302734375</ele>
        <time>2026-02-07T05:25:26.000Z</time>
        <extensions>
          <ns3:TrackPointExtension>
            <ns3:hr>176</ns3:hr>
          </ns3:TrackPointExtension>
        </extensions>
      </trkpt>
      <trkpt lat="36.7595986090600490570068359375" lon="126.96664385497570037841796875">
        <ele>23.799999237060546875</ele>
        <time>2026-02-07T05:25:30.000Z</time>
        <extensions>
          <ns3:TrackPointExtension>
            <ns3:hr>177</ns3:hr>
          </ns3:TrackPointExtension>
        </extensions>
      </trkpt>
      <trkpt lat="36.759711094200611114501953125" lon="126.966449730098247528076171875">
        <ele>25.3999996185302734375</ele>
        <time>2026-02-07T05:25:37.000Z</time>
        <extensions>
          <ns3:TrackPointExtension>
            <ns3:hr>177</ns3:hr>
          </ns3:TrackPointExtension>
        </extensions>
      </trkpt>
      <trkpt lat="36.75972777418792247772216796875" lon="126.9664197228848934173583984375">
        <ele>25.799999237060546875</ele>
        <time>2026-02-07T05:25:38.000Z</time>
        <extensions>
          <ns3:TrackPointExtension>
            <ns3:hr>178</ns3:hr>
          </ns3:TrackPointExtension>
        </extensions>
      </trkpt>
      <trkpt lat="36.7597535066306591033935546875" lon="126.96637286804616451263427734375">
        <ele>26.3999996185302734375</ele>
        <time>2026-02-07T05:25:40.000Z</time>
        <extensions>
          <ns3:TrackPointExtension>
            <ns3:hr>178</ns3:hr>
          </ns3:TrackPointExtension>
        </extensions>
      </trkpt>
      <trkpt lat="36.75979281775653362274169921875" lon="126.96632006205618381500244140625">
        <ele>27</ele>
        <time>2026-02-07T05:25:44.000Z</time>
        <extensions>
          <ns3:TrackPointExtension>
            <ns3:hr>179</ns3:hr>
          </ns3:TrackPointExtension>
        </extensions>
      </trkpt>
      <trkpt lat="36.75979382358491420745849609375" lon="126.9663003645837306976318359375">
        <ele>27.200000762939453125</ele>
        <time>2026-02-07T05:25:46.000Z</time>
        <extensions>
          <ns3:TrackPointExtension>
            <ns3:hr>180</ns3:hr>
          </ns3:TrackPointExtension>
        </extensions>
      </trkpt>
      <trkpt lat="36.75985165871679782867431640625" lon="126.9662302918732166290283203125">
        <ele>27</ele>
        <time>2026-02-07T05:25:53.000Z</time>
        <extensions>
          <ns3:TrackPointExtension>
            <ns3:hr>180</ns3:hr>
          </ns3:TrackPointExtension>
        </extensions>
      </trkpt>
      <trkpt lat="36.75988250412046909332275390625" lon="126.9662051461637020111083984375">
        <ele>26.799999237060546875</ele>
        <time>2026-02-07T05:25:56.000Z</time>
        <extensions>
          <ns3:TrackPointExtension>
            <ns3:hr>177</ns3:hr>
          </ns3:TrackPointExtension>
        </extensions>
      </trkpt>
      <trkpt lat="36.7599208094179630279541015625" lon="126.96618025191128253936767578125">
        <ele>26.3999996185302734375</ele>
        <time>2026-02-07T05:25:59.000Z</time>
        <extensions>
          <ns3:TrackPointExtension>
            <ns3:hr>172</ns3:hr>
          </ns3:TrackPointExtension>
        </extensions>
      </trkpt>
      <trkpt lat="36.7599392496049404144287109375" lon="126.96615778841078281402587890625">
        <ele>26.200000762939453125</ele>
        <time>2026-02-07T05:26:01.000Z</time>
        <extensions>
          <ns3:TrackPointExtension>
            <ns3:hr>168</ns3:hr>
          </ns3:TrackPointExtension>
        </extensions>
      </trkpt>
      <trkpt lat="36.75997084937989711761474609375" lon="126.96614152751863002777099609375">
        <ele>26.200000762939453125</ele>
        <time>2026-02-07T05:26:04.000Z</time>
        <extensions>
          <ns3:TrackPointExtension>
            <ns3:hr>171</ns3:hr>
          </ns3:TrackPointExtension>
        </extensions>
      </trkpt>
      <trkpt lat="36.7599972523748874664306640625" lon="126.9661169685423374176025390625">
        <ele>26</ele>
        <time>2026-02-07T05:26:07.000Z</time>
        <extensions>
          <ns3:TrackPointExtension>
            <ns3:hr>169</ns3:hr>
          </ns3:TrackPointExtension>
        </extensions>
      </trkpt>
      <trkpt lat="36.76001594401895999908447265625" lon="126.9660995341837406158447265625">
        <ele>25.799999237060546875</ele>
        <time>2026-02-07T05:26:09.000Z</time>
        <extensions>
          <ns3:TrackPointExtension>
            <ns3:hr>168</ns3:hr>
          </ns3:TrackPointExtension>
        </extensions>
      </trkpt>
      <trkpt lat="36.76003522239625453948974609375" lon="126.96608000434935092926025390625">
        <ele>25</ele>
        <time>2026-02-07T05:26:11.000Z</time>
        <extensions>
          <ns3:TrackPointExtension>
            <ns3:hr>165</ns3:hr>
          </ns3:TrackPointExtension>
        </extensions>
      </trkpt>
      <trkpt lat="36.76004343666136264801025390625" lon="126.9660717062652111053466796875">
        <ele>25</ele>
        <time>2026-02-07T05:26:12.000Z</time>
        <extensions>
          <ns3:TrackPointExtension>
            <ns3:hr>163</ns3:hr>
          </ns3:TrackPointExtension>
        </extensions>
      </trkpt>
      <trkpt lat="36.760059781372547149658203125" lon="126.9660504162311553955078125">
        <ele>24.6000003814697265625</ele>
        <time>2026-02-07T05:26:14.000Z</time>
        <extensions>
          <ns3:TrackPointExtension>
            <ns3:hr>159</ns3:hr>
          </ns3:TrackPointExtension>
        </extensions>
      </trkpt>
      <trkpt lat="36.760101355612277984619140625" lon="126.96602669544517993927001953125">
        <ele>25.200000762939453125</ele>
        <time>2026-02-07T05:26:18.000Z</time>
        <extensions>
          <ns3:TrackPointExtension>
            <ns3:hr>156</ns3:hr>
          </ns3:TrackPointExtension>
        </extensions>
      </trkpt>
      <trkpt lat="36.76012524403631687164306640625" lon="126.96601848118007183074951171875">
        <ele>25.200000762939453125</ele>
        <time>2026-02-07T05:26:20.000Z</time>
        <extensions>
          <ns3:TrackPointExtension>
            <ns3:hr>154</ns3:hr>
          </ns3:TrackPointExtension>
        </extensions>
      </trkpt>
      <trkpt lat="36.76016069948673248291015625" lon="126.96599987335503101348876953125">
        <ele>25.3999996185302734375</ele>
        <time>2026-02-07T05:26:23.000Z</time>
        <extensions>
          <ns3:TrackPointExtension>
            <ns3:hr>151</ns3:hr>
          </ns3:TrackPointExtension>
        </extensions>
      </trkpt>
      <trkpt lat="36.76018416881561279296875" lon="126.96598780341446399688720703125">
        <ele>25.3999996185302734375</ele>
        <time>2026-02-07T05:26:25.000Z</time>
        <extensions>
          <ns3:TrackPointExtension>
            <ns3:hr>148</ns3:hr>
          </ns3:TrackPointExtension>
        </extensions>
      </trkpt>
      <trkpt lat="36.7602316103875637054443359375" lon="126.96596584282815456390380859375">
        <ele>25.200000762939453125</ele>
        <time>2026-02-07T05:26:29.000Z</time>
        <extensions>
          <ns3:TrackPointExtension>
            <ns3:hr>145</ns3:hr>
          </ns3:TrackPointExtension>
        </extensions>
      </trkpt>
      <trkpt lat="36.76026455126702785491943359375" lon="126.965951509773731231689453125">
        <ele>25.3999996185302734375</ele>
        <time>2026-02-07T05:26:32.000Z</time>
        <extensions>
          <ns3:TrackPointExtension>
            <ns3:hr>143</ns3:hr>
          </ns3:TrackPointExtension>
        </extensions>
      </trkpt>
      <trkpt lat="36.76030377857387065887451171875" lon="126.9659404456615447998046875">
        <ele>25</ele>
        <time>2026-02-07T05:26:35.000Z</time>
        <extensions>
          <ns3:TrackPointExtension>
            <ns3:hr>140</ns3:hr>
          </ns3:TrackPointExtension>
        </extensions>
      </trkpt>
      <trkpt lat="36.76033630035817623138427734375" lon="126.9659553654491901397705078125">
        <ele>24.6000003814697265625</ele>
        <time>2026-02-07T05:26:38.000Z</time>
        <extensions>
          <ns3:TrackPointExtension>
            <ns3:hr>137</ns3:hr>
          </ns3:TrackPointExtension>
        </extensions>
      </trkpt>
      <trkpt lat="36.76035926677286624908447265625" lon="126.96598671376705169677734375">
        <ele>24.6000003814697265625</ele>
        <time>2026-02-07T05:26:40.000Z</time>
        <extensions>
          <ns3:TrackPointExtension>
            <ns3:hr>136</ns3:hr>
          </ns3:TrackPointExtension>
        </extensions>
      </trkpt>
      <trkpt lat="36.7604709975421428680419921875" lon="126.96615259163081645965576171875">
        <ele>24.799999237060546875</ele>
        <time>2026-02-07T05:26:52.000Z</time>
        <extensions>
          <ns3:TrackPointExtension>
            <ns3:hr>134</ns3:hr>
          </ns3:TrackPointExtension>
        </extensions>
      </trkpt>
      <trkpt lat="36.7605035193264484405517578125" lon="126.96622082032263278961181640625">
        <ele>24.6000003814697265625</ele>
        <time>2026-02-07T05:26:57.000Z</time>
        <extensions>
          <ns3:TrackPointExtension>
            <ns3:hr>131</ns3:hr>
          </ns3:TrackPointExtension>
        </extensions>
      </trkpt>
      <trkpt lat="36.7605261504650115966796875" lon="126.9662772305309772491455078125">
        <ele>24.3999996185302734375</ele>
        <time>2026-02-07T05:27:01.000Z</time>
        <extensions>
          <ns3:TrackPointExtension>
            <ns3:hr>130</ns3:hr>
          </ns3:TrackPointExtension>
        </extensions>
      </trkpt>
      <trkpt lat="36.76059655845165252685546875" lon="126.96639633737504482269287109375">
        <ele>24.3999996185302734375</ele>
        <time>2026-02-07T05:27:10.000Z</time>
        <extensions>
          <ns3:TrackPointExtension>
            <ns3:hr>127</ns3:hr>
          </ns3:TrackPointExtension>
        </extensions>
      </trkpt>
      <trkpt lat="36.76062597893178462982177734375" lon="126.9664447009563446044921875">
        <ele>24.3999996185302734375</ele>
        <time>2026-02-07T05:27:14.000Z</time>
        <extensions>
          <ns3:TrackPointExtension>
            <ns3:hr>126</ns3:hr>
          </ns3:TrackPointExtension>
        </extensions>
      </trkpt>
      <trkpt lat="36.76065154373645782470703125" lon="126.966488622128963470458984375">
        <ele>24.3999996185302734375</ele>
        <time>2026-02-07T05:27:18.000Z</time>
        <extensions>
          <ns3:TrackPointExtension>
            <ns3:hr>124</ns3:hr>
          </ns3:TrackPointExtension>
        </extensions>
      </trkpt>
      <trkpt lat="36.76071725785732269287109375" lon="126.96660253219306468963623046875">
        <ele>24.200000762939453125</ele>
        <time>2026-02-07T05:27:27.000Z</time>
        <extensions>
          <ns3:TrackPointExtension>
            <ns3:hr>123</ns3:hr>
          </ns3:TrackPointExtension>
        </extensions>
      </trkpt>
      <trkpt lat="36.7607814632356166839599609375" lon="126.96672105230391025543212890625">
        <ele>24.200000762939453125</ele>
        <time>2026-02-07T05:27:36.000Z</time>
        <extensions>
          <ns3:TrackPointExtension>
            <ns3:hr>121</ns3:hr>
          </ns3:TrackPointExtension>
        </extensions>
      </trkpt>
      <trkpt lat="36.76079831086099147796630859375" lon="126.966759525239467620849609375">
        <ele>24.200000762939453125</ele>
        <time>2026-02-07T05:27:39.000Z</time>
        <extensions>
          <ns3:TrackPointExtension>
            <ns3:hr>118</ns3:hr>
          </ns3:TrackPointExtension>
        </extensions>
      </trkpt>
      <trkpt lat="36.7608119733631610870361328125" lon="126.9667891971766948699951171875">
        <ele>23.799999237060546875</ele>
        <time>2026-02-07T05:27:41.000Z</time>
        <extensions>
          <ns3:TrackPointExtension>
            <ns3:hr>117</ns3:hr>
          </ns3:TrackPointExtension>
        </extensions>
      </trkpt>
      <trkpt lat="36.76084223203361034393310546875" lon="126.96684300899505615234375">
        <ele>23.799999237060546875</ele>
        <time>2026-02-07T05:27:45.000Z</time>
        <extensions>
          <ns3:TrackPointExtension>
            <ns3:hr>117</ns3:hr>
          </ns3:TrackPointExtension>
        </extensions>
      </trkpt>
      <trkpt lat="36.76090903580188751220703125" lon="126.96700218133628368377685546875">
        <ele>23.6000003814697265625</ele>
        <time>2026-02-07T05:27:57.000Z</time>
        <extensions>
          <ns3:TrackPointExtension>
            <ns3:hr>116</ns3:hr>
          </ns3:TrackPointExtension>
        </extensions>
      </trkpt>
      <trkpt lat="36.7609928548336029052734375" lon="126.96713201701641082763671875">
        <ele>23.799999237060546875</ele>
        <time>2026-02-07T05:28:07.000Z</time>
        <extensions>
          <ns3:TrackPointExtension>
            <ns3:hr>116</ns3:hr>
          </ns3:TrackPointExtension>
        </extensions>
      </trkpt>
      <trkpt lat="36.76109016872942447662353515625" lon="126.967296302318572998046875">
        <ele>23.799999237060546875</ele>
        <time>2026-02-07T05:28:20.000Z</time>
        <extensions>
          <ns3:TrackPointExtension>
            <ns3:hr>117</ns3:hr>
          </ns3:TrackPointExtension>
        </extensions>
      </trkpt>
      <trkpt lat="36.76114247180521488189697265625" lon="126.9673916883766651153564453125">
        <ele>23.3999996185302734375</ele>
        <time>2026-02-07T05:28:28.000Z</time>
        <extensions>
          <ns3:TrackPointExtension>
            <ns3:hr>114</ns3:hr>
          </ns3:TrackPointExtension>
        </extensions>
      </trkpt>
      <trkpt lat="36.76115537993609905242919921875" lon="126.96741607971489429473876953125">
        <ele>23.3999996185302734375</ele>
        <time>2026-02-07T05:28:30.000Z</time>
        <extensions>
          <ns3:TrackPointExtension>
            <ns3:hr>111</ns3:hr>
          </ns3:TrackPointExtension>
        </extensions>
      </trkpt>
      <trkpt lat="36.76116242073476314544677734375" lon="126.96742865256965160369873046875">
        <ele>23.3999996185302734375</ele>
        <time>2026-02-07T05:28:31.000Z</time>
        <extensions>
          <ns3:TrackPointExtension>
            <ns3:hr>111</ns3:hr>
          </ns3:TrackPointExtension>
        </extensions>
      </trkpt>
      <trkpt lat="36.76120919175446033477783203125" lon="126.96750576607882976531982421875">
        <ele>23.799999237060546875</ele>
        <time>2026-02-07T05:28:37.000Z</time>
        <extensions>
          <ns3:TrackPointExtension>
            <ns3:hr>114</ns3:hr>
          </ns3:TrackPointExtension>
        </extensions>
      </trkpt>
      <trkpt lat="36.7612474970519542694091796875" lon="126.96758220903575420379638671875">
        <ele>23.799999237060546875</ele>
        <time>2026-02-07T05:28:43.000Z</time>
        <extensions>
          <ns3:TrackPointExtension>
            <ns3:hr>113</ns3:hr>
          </ns3:TrackPointExtension>
        </extensions>
      </trkpt>
      <trkpt lat="36.7613252811133861541748046875" lon="126.9677192531526088714599609375">
        <ele>23.799999237060546875</ele>
        <time>2026-02-07T05:28:53.000Z</time>
        <extensions>
          <ns3:TrackPointExtension>
            <ns3:hr>116</ns3:hr>
          </ns3:TrackPointExtension>
        </extensions>
      </trkpt>
      <trkpt lat="36.7613373510539531707763671875" lon="126.96774213574826717376708984375">
        <ele>23.799999237060546875</ele>
        <time>2026-02-07T05:28:55.000Z</time>
        <extensions>
          <ns3:TrackPointExtension>
            <ns3:hr>116</ns3:hr>
          </ns3:TrackPointExtension>
        </extensions>
      </trkpt>
      <trkpt lat="36.76138521172106266021728515625" lon="126.9678315706551074981689453125">
        <ele>23.799999237060546875</ele>
        <time>2026-02-07T05:29:02.000Z</time>
        <extensions>
          <ns3:TrackPointExtension>
            <ns3:hr>113</ns3:hr>
          </ns3:TrackPointExtension>
        </extensions>
      </trkpt>
      <trkpt lat="36.76140767522156238555908203125" lon="126.9678882323205471038818359375">
        <ele>24</ele>
        <time>2026-02-07T05:29:07.000Z</time>
        <extensions>
          <ns3:TrackPointExtension>
            <ns3:hr>114</ns3:hr>
          </ns3:TrackPointExtension>
        </extensions>
      </trkpt>
      <trkpt lat="36.76146014593541622161865234375" lon="126.96798638440668582916259765625">
        <ele>24</ele>
        <time>2026-02-07T05:29:14.000Z</time>
        <extensions>
          <ns3:TrackPointExtension>
            <ns3:hr>114</ns3:hr>
          </ns3:TrackPointExtension>
        </extensions>
      </trkpt>
      <trkpt lat="36.7615576274693012237548828125" lon="126.96813943795859813690185546875">
        <ele>23.3999996185302734375</ele>
        <time>2026-02-07T05:29:26.000Z</time>
        <extensions>
          <ns3:TrackPointExtension>
            <ns3:hr>113</ns3:hr>
          </ns3:TrackPointExtension>
        </extensions>
      </trkpt>
      <trkpt lat="36.761644966900348663330078125" lon="126.9682550244033336639404296875">
        <ele>23</ele>
        <time>2026-02-07T05:29:36.000Z</time>
        <extensions>
          <ns3:TrackPointExtension>
            <ns3:hr>112</ns3:hr>
          </ns3:TrackPointExtension>
        </extensions>
      </trkpt>
      <trkpt lat="36.76169601269066333770751953125" lon="126.96830950677394866943359375">
        <ele>22.799999237060546875</ele>
        <time>2026-02-07T05:29:41.000Z</time>
        <extensions>
          <ns3:TrackPointExtension>
            <ns3:hr>111</ns3:hr>
          </ns3:TrackPointExtension>
        </extensions>
      </trkpt>
      <trkpt lat="36.76176910288631916046142578125" lon="126.96838452480733394622802734375">
        <ele>23.200000762939453125</ele>
        <time>2026-02-07T05:29:49.000Z</time>
        <extensions>
          <ns3:TrackPointExtension>
            <ns3:hr>111</ns3:hr>
          </ns3:TrackPointExtension>
        </extensions>
      </trkpt>
      <trkpt lat="36.76180623471736907958984375" lon="126.96842341683804988861083984375">
        <ele>23.3999996185302734375</ele>
        <time>2026-02-07T05:29:53.000Z</time>
        <extensions>
          <ns3:TrackPointExtension>
            <ns3:hr>114</ns3:hr>
          </ns3:TrackPointExtension>
        </extensions>
      </trkpt>
      <trkpt lat="36.76191092468798160552978515625" lon="126.96851980872452259063720703125">
        <ele>23.799999237060546875</ele>
        <time>2026-02-07T05:30:01.000Z</time>
        <extensions>
          <ns3:TrackPointExtension>
            <ns3:hr>117</ns3:hr>
          </ns3:TrackPointExtension>
        </extensions>
      </trkpt>
      <trkpt lat="36.76199558191001415252685546875" lon="126.96862709708511829376220703125">
        <ele>23.6000003814697265625</ele>
        <time>2026-02-07T05:30:05.000Z</time>
        <extensions>
          <ns3:TrackPointExtension>
            <ns3:hr>117</ns3:hr>
          </ns3:TrackPointExtension>
        </extensions>
      </trkpt>
      <trkpt lat="36.76215366460382938385009765625" lon="126.96879406459629535675048828125">
        <ele>23</ele>
        <time>2026-02-07T05:30:11.000Z</time>
        <extensions>
          <ns3:TrackPointExtension>
            <ns3:hr>120</ns3:hr>
          </ns3:TrackPointExtension>
        </extensions>
      </trkpt>
      <trkpt lat="36.7622347176074981689453125" lon="126.96888810954988002777099609375">
        <ele>23.3999996185302734375</ele>
        <time>2026-02-07T05:30:14.000Z</time>
        <extensions>
          <ns3:TrackPointExtension>
            <ns3:hr>123</ns3:hr>
          </ns3:TrackPointExtension>
        </extensions>
      </trkpt>
      <trkpt lat="36.76226564683020114898681640625" lon="126.968925409018993377685546875">
        <ele>23.3999996185302734375</ele>
        <time>2026-02-07T05:30:15.000Z</time>
        <extensions>
          <ns3:TrackPointExtension>
            <ns3:hr>124</ns3:hr>
          </ns3:TrackPointExtension>
        </extensions>
      </trkpt>
      <trkpt lat="36.762406043708324432373046875" lon="126.96905289776623249053955078125">
        <ele>23.6000003814697265625</ele>
        <time>2026-02-07T05:30:20.000Z</time>
        <extensions>
          <ns3:TrackPointExtension>
            <ns3:hr>127</ns3:hr>
          </ns3:TrackPointExtension>
        </extensions>
      </trkpt>
      <trkpt lat="36.76247335039079189300537109375" lon="126.96908977814018726348876953125">
        <ele>23.799999237060546875</ele>
        <time>2026-02-07T05:30:22.000Z</time>
        <extensions>
          <ns3:TrackPointExtension>
            <ns3:hr>129</ns3:hr>
          </ns3:TrackPointExtension>
        </extensions>
      </trkpt>
      <trkpt lat="36.7626067064702510833740234375" lon="126.96916840039193630218505859375">
        <ele>23.6000003814697265625</ele>
        <time>2026-02-07T05:30:26.000Z</time>
        <extensions>
          <ns3:TrackPointExtension>
            <ns3:hr>133</ns3:hr>
          </ns3:TrackPointExtension>
        </extensions>
      </trkpt>
      <trkpt lat="36.76270251162350177764892578125" lon="126.9692233018577098846435546875">
        <ele>23.3999996185302734375</ele>
        <time>2026-02-07T05:30:29.000Z</time>
        <extensions>
          <ns3:TrackPointExtension>
            <ns3:hr>136</ns3:hr>
          </ns3:TrackPointExtension>
        </extensions>
      </trkpt>
      <trkpt lat="36.76273318938910961151123046875" lon="126.9692457653582096099853515625">
        <ele>23.3999996185302734375</ele>
        <time>2026-02-07T05:30:30.000Z</time>
        <extensions>
          <ns3:TrackPointExtension>
            <ns3:hr>138</ns3:hr>
          </ns3:TrackPointExtension>
        </extensions>
      </trkpt>
      <trkpt lat="36.7627914436161518096923828125" lon="126.9692712463438510894775390625">
        <ele>23.3999996185302734375</ele>
        <time>2026-02-07T05:30:32.000Z</time>
        <extensions>
          <ns3:TrackPointExtension>
            <ns3:hr>141</ns3:hr>
          </ns3:TrackPointExtension>
        </extensions>
      </trkpt>
      <trkpt lat="36.76289630122482776641845703125" lon="126.96931223385035991668701171875">
        <ele>23.3999996185302734375</ele>
        <time>2026-02-07T05:30:35.000Z</time>
        <extensions>
          <ns3:TrackPointExtension>
            <ns3:hr>144</ns3:hr>
          </ns3:TrackPointExtension>
        </extensions>
      </trkpt>
      <trkpt lat="36.76292764954268932342529296875" lon="126.969334781169891357421875">
        <ele>23.3999996185302734375</ele>
        <time>2026-02-07T05:30:36.000Z</time>
        <extensions>
          <ns3:TrackPointExtension>
            <ns3:hr>145</ns3:hr>
          </ns3:TrackPointExtension>
        </extensions>
      </trkpt>
      <trkpt lat="36.76299068145453929901123046875" lon="126.96937660686671733856201171875">
        <ele>20.799999237060546875</ele>
        <time>2026-02-07T05:30:38.000Z</time>
        <extensions>
          <ns3:TrackPointExtension>
            <ns3:hr>148</ns3:hr>
          </ns3:TrackPointExtension>
        </extensions>
      </trkpt>
      <trkpt lat="36.763083972036838531494140625" lon="126.9694442488253116607666015625">
        <ele>19.799999237060546875</ele>
        <time>2026-02-07T05:30:41.000Z</time>
        <extensions>
          <ns3:TrackPointExtension>
            <ns3:hr>151</ns3:hr>
          </ns3:TrackPointExtension>
        </extensions>
      </trkpt>
      <trkpt lat="36.76318279467523097991943359375" lon="126.96951557882130146026611328125">
        <ele>21.6000003814697265625</ele>
        <time>2026-02-07T05:30:44.000Z</time>
        <extensions>
          <ns3:TrackPointExtension>
            <ns3:hr>154</ns3:hr>
          </ns3:TrackPointExtension>
        </extensions>
      </trkpt>
      <trkpt lat="36.7632148973643779754638671875" lon="126.9695387966930866241455078125">
        <ele>22</ele>
        <time>2026-02-07T05:30:45.000Z</time>
        <extensions>
          <ns3:TrackPointExtension>
            <ns3:hr>155</ns3:hr>
          </ns3:TrackPointExtension>
        </extensions>
      </trkpt>
      <trkpt lat="36.7632484249770641326904296875" lon="126.96956318803131580352783203125">
        <ele>22.6000003814697265625</ele>
        <time>2026-02-07T05:30:46.000Z</time>
        <extensions>
          <ns3:TrackPointExtension>
            <ns3:hr>155</ns3:hr>
          </ns3:TrackPointExtension>
        </extensions>
      </trkpt>
      <trkpt lat="36.76327876746654510498046875" lon="126.96958648972213268280029296875">
        <ele>23.200000762939453125</ele>
        <time>2026-02-07T05:30:47.000Z</time>
        <extensions>
          <ns3:TrackPointExtension>
            <ns3:hr>156</ns3:hr>
          </ns3:TrackPointExtension>
        </extensions>
      </trkpt>
      <trkpt lat="36.76336183212697505950927734375" lon="126.96965807117521762847900390625">
        <ele>23.6000003814697265625</ele>
        <time>2026-02-07T05:30:50.000Z</time>
        <extensions>
          <ns3:TrackPointExtension>
            <ns3:hr>159</ns3:hr>
          </ns3:TrackPointExtension>
        </extensions>
      </trkpt>
      <trkpt lat="36.76347054541110992431640625" lon="126.96975127793848514556884765625">
        <ele>23.6000003814697265625</ele>
        <time>2026-02-07T05:30:54.000Z</time>
        <extensions>
          <ns3:TrackPointExtension>
            <ns3:hr>162</ns3:hr>
          </ns3:TrackPointExtension>
        </extensions>
      </trkpt>
      <trkpt lat="36.76353299058973789215087890625" lon="126.969800479710102081298828125">
        <ele>23.3999996185302734375</ele>
        <time>2026-02-07T05:30:56.000Z</time>
        <extensions>
          <ns3:TrackPointExtension>
            <ns3:hr>164</ns3:hr>
          </ns3:TrackPointExtension>
        </extensions>
      </trkpt>
      <trkpt lat="36.7636537738144397735595703125" lon="126.96988740004599094390869140625">
        <ele>22.799999237060546875</ele>
        <time>2026-02-07T05:31:00.000Z</time>
        <extensions>
          <ns3:TrackPointExtension>
            <ns3:hr>167</ns3:hr>
          </ns3:TrackPointExtension>
        </extensions>
      </trkpt>
      <trkpt lat="36.76378008909523487091064453125" lon="126.96996300481259822845458984375">
        <ele>23.3999996185302734375</ele>
        <time>2026-02-07T05:31:04.000Z</time>
        <extensions>
          <ns3:TrackPointExtension>
            <ns3:hr>170</ns3:hr>
          </ns3:TrackPointExtension>
        </extensions>
      </trkpt>
      <trkpt lat="36.7638737149536609649658203125" lon="126.97002880275249481201171875">
        <ele>24</ele>
        <time>2026-02-07T05:31:07.000Z</time>
        <extensions>
          <ns3:TrackPointExtension>
            <ns3:hr>171</ns3:hr>
          </ns3:TrackPointExtension>
        </extensions>
      </trkpt>
      <trkpt lat="36.7639950849115848541259765625" lon="126.97014003060758113861083984375">
        <ele>23.6000003814697265625</ele>
        <time>2026-02-07T05:31:11.000Z</time>
        <extensions>
          <ns3:TrackPointExtension>
            <ns3:hr>174</ns3:hr>
          </ns3:TrackPointExtension>
        </extensions>
      </trkpt>
      <trkpt lat="36.764111928641796112060546875" lon="126.97024874389171600341796875">
        <ele>23</ele>
        <time>2026-02-07T05:31:15.000Z</time>
        <extensions>
          <ns3:TrackPointExtension>
            <ns3:hr>176</ns3:hr>
          </ns3:TrackPointExtension>
        </extensions>
      </trkpt>
      <trkpt lat="36.7642602883279323577880859375" lon="126.97037321515381336212158203125">
        <ele>23.3999996185302734375</ele>
        <time>2026-02-07T05:31:20.000Z</time>
        <extensions>
          <ns3:TrackPointExtension>
            <ns3:hr>179</ns3:hr>
          </ns3:TrackPointExtension>
        </extensions>
      </trkpt>
      <trkpt lat="36.76438693888485431671142578125" lon="126.97046960704028606414794921875">
        <ele>23.6000003814697265625</ele>
        <time>2026-02-07T05:31:24.000Z</time>
        <extensions>
          <ns3:TrackPointExtension>
            <ns3:hr>180</ns3:hr>
          </ns3:TrackPointExtension>
        </extensions>
      </trkpt>
      <trkpt lat="36.76453965716063976287841796875" lon="126.97058142162859439849853515625">
        <ele>23.799999237060546875</ele>
        <time>2026-02-07T05:31:30.000Z</time>
        <extensions>
          <ns3:TrackPointExtension>
            <ns3:hr>182</ns3:hr>
          </ns3:TrackPointExtension>
        </extensions>
      </trkpt>
      <trkpt lat="36.7645548284053802490234375" lon="126.97059349156916141510009765625">
        <ele>24</ele>
        <time>2026-02-07T05:31:31.000Z</time>
        <extensions>
          <ns3:TrackPointExtension>
            <ns3:hr>183</ns3:hr>
          </ns3:TrackPointExtension>
        </extensions>
      </trkpt>
      <trkpt lat="36.76460570655763149261474609375" lon="126.9706074893474578857421875">
        <ele>24.200000762939453125</ele>
        <time>2026-02-07T05:31:35.000Z</time>
        <extensions>
          <ns3:TrackPointExtension>
            <ns3:hr>182</ns3:hr>
          </ns3:TrackPointExtension>
        </extensions>
      </trkpt>
      <trkpt lat="36.76461182534694671630859375" lon="126.970621906220912933349609375">
        <ele>24.200000762939453125</ele>
        <time>2026-02-07T05:31:37.000Z</time>
        <extensions>
          <ns3:TrackPointExtension>
            <ns3:hr>181</ns3:hr>
          </ns3:TrackPointExtension>
        </extensions>
      </trkpt>
      <trkpt lat="36.76461459137499332427978515625" lon="126.9706485606729984283447265625">
        <ele>24</ele>
        <time>2026-02-07T05:31:40.000Z</time>
        <extensions>
          <ns3:TrackPointExtension>
            <ns3:hr>184</ns3:hr>
          </ns3:TrackPointExtension>
        </extensions>
      </trkpt>
      <trkpt lat="36.76462867297232151031494140625" lon="126.9706659950315952301025390625">
        <ele>23.799999237060546875</ele>
        <time>2026-02-07T05:31:42.000Z</time>
        <extensions>
          <ns3:TrackPointExtension>
            <ns3:hr>187</ns3:hr>
          </ns3:TrackPointExtension>
        </extensions>
      </trkpt>
      <trkpt lat="36.764655411243438720703125" lon="126.97068393230438232421875">
        <ele>23.3999996185302734375</ele>
        <time>2026-02-07T05:31:45.000Z</time>
        <extensions>
          <ns3:TrackPointExtension>
            <ns3:hr>186</ns3:hr>
          </ns3:TrackPointExtension>
        </extensions>
      </trkpt>
      <trkpt lat="36.7646669782698154449462890625" lon="126.97069072164595127105712890625">
        <ele>23.200000762939453125</ele>
        <time>2026-02-07T05:31:46.000Z</time>
        <extensions>
          <ns3:TrackPointExtension>
            <ns3:hr>185</ns3:hr>
          </ns3:TrackPointExtension>
        </extensions>
      </trkpt>
      <trkpt lat="36.7647291719913482666015625" lon="126.97071720845997333526611328125">
        <ele>22.6000003814697265625</ele>
        <time>2026-02-07T05:31:51.000Z</time>
        <extensions>
          <ns3:TrackPointExtension>
            <ns3:hr>182</ns3:hr>
          </ns3:TrackPointExtension>
        </extensions>
      </trkpt>
      <trkpt lat="36.7647635377943515777587890625" lon="126.970735229551792144775390625">
        <ele>23.799999237060546875</ele>
        <time>2026-02-07T05:31:54.000Z</time>
        <extensions>
          <ns3:TrackPointExtension>
            <ns3:hr>179</ns3:hr>
          </ns3:TrackPointExtension>
        </extensions>
      </trkpt>
      <trkpt lat="36.76478005014359951019287109375" lon="126.97075207717716693878173828125">
        <ele>23.799999237060546875</ele>
        <time>2026-02-07T05:31:55.000Z</time>
        <extensions>
          <ns3:TrackPointExtension>
            <ns3:hr>177</ns3:hr>
          </ns3:TrackPointExtension>
        </extensions>
      </trkpt>
      <trkpt lat="36.76483302377164363861083984375" lon="126.9708084873855113983154296875">
        <ele>23.6000003814697265625</ele>
        <time>2026-02-07T05:32:00.000Z</time>
        <extensions>
          <ns3:TrackPointExtension>
            <ns3:hr>174</ns3:hr>
          </ns3:TrackPointExtension>
        </extensions>
      </trkpt>
      <trkpt lat="36.76487191580235958099365234375" lon="126.97083413600921630859375">
        <ele>23.6000003814697265625</ele>
        <time>2026-02-07T05:32:03.000Z</time>
        <extensions>
          <ns3:TrackPointExtension>
            <ns3:hr>171</ns3:hr>
          </ns3:TrackPointExtension>
        </extensions>
      </trkpt>
      <trkpt lat="36.7648825608193874359130859375" lon="126.97084142826497554779052734375">
        <ele>23.6000003814697265625</ele>
        <time>2026-02-07T05:32:04.000Z</time>
        <extensions>
          <ns3:TrackPointExtension>
            <ns3:hr>171</ns3:hr>
          </ns3:TrackPointExtension>
        </extensions>
      </trkpt>
      <trkpt lat="36.76490946672856807708740234375" lon="126.9708557613193988800048828125">
        <ele>23.3999996185302734375</ele>
        <time>2026-02-07T05:32:07.000Z</time>
        <extensions>
          <ns3:TrackPointExtension>
            <ns3:hr>167</ns3:hr>
          </ns3:TrackPointExtension>
        </extensions>
      </trkpt>
      <trkpt lat="36.76494483835995197296142578125" lon="126.9708716869354248046875">
        <ele>23.6000003814697265625</ele>
        <time>2026-02-07T05:32:10.000Z</time>
        <extensions>
          <ns3:TrackPointExtension>
            <ns3:hr>164</ns3:hr>
          </ns3:TrackPointExtension>
        </extensions>
      </trkpt>
      <trkpt lat="36.7649677209556102752685546875" lon="126.97088434360921382904052734375">
        <ele>23.6000003814697265625</ele>
        <time>2026-02-07T05:32:12.000Z</time>
        <extensions>
          <ns3:TrackPointExtension>
            <ns3:hr>160</ns3:hr>
          </ns3:TrackPointExtension>
        </extensions>
      </trkpt>
      <trkpt lat="36.7649781145155429840087890625" lon="126.97089054621756076812744140625">
        <ele>23.6000003814697265625</ele>
        <time>2026-02-07T05:32:13.000Z</time>
        <extensions>
          <ns3:TrackPointExtension>
            <ns3:hr>159</ns3:hr>
          </ns3:TrackPointExtension>
        </extensions>
      </trkpt>
      <trkpt lat="36.76506671123206615447998046875" lon="126.970933713018894195556640625">
        <ele>23.200000762939453125</ele>
        <time>2026-02-07T05:32:21.000Z</time>
        <extensions>
          <ns3:TrackPointExtension>
            <ns3:hr>156</ns3:hr>
          </ns3:TrackPointExtension>
        </extensions>
      </trkpt>
      <trkpt lat="36.7651122249662876129150390625" lon="126.97094737552106380462646484375">
        <ele>23.3999996185302734375</ele>
        <time>2026-02-07T05:32:25.000Z</time>
        <extensions>
          <ns3:TrackPointExtension>
            <ns3:hr>154</ns3:hr>
          </ns3:TrackPointExtension>
        </extensions>
      </trkpt>
      <trkpt lat="36.7652242071926593780517578125" lon="126.97099314071238040924072265625">
        <ele>23.799999237060546875</ele>
        <time>2026-02-07T05:32:34.000Z</time>
        <extensions>
          <ns3:TrackPointExtension>
            <ns3:hr>151</ns3:hr>
          </ns3:TrackPointExtension>
        </extensions>
      </trkpt>
      <trkpt lat="36.76526226103305816650390625" lon="126.9710076414048671722412109375">
        <ele>23.6000003814697265625</ele>
        <time>2026-02-07T05:32:37.000Z</time>
        <extensions>
          <ns3:TrackPointExtension>
            <ns3:hr>148</ns3:hr>
          </ns3:TrackPointExtension>
        </extensions>
      </trkpt>
      <trkpt lat="36.7653274722397327423095703125" lon="126.97102884761989116668701171875">
        <ele>23.200000762939453125</ele>
        <time>2026-02-07T05:32:42.000Z</time>
        <extensions>
          <ns3:TrackPointExtension>
            <ns3:hr>145</ns3:hr>
          </ns3:TrackPointExtension>
        </extensions>
      </trkpt>
      <trkpt lat="36.76538790576159954071044921875" lon="126.97104862891137599945068359375">
        <ele>23</ele>
        <time>2026-02-07T05:32:47.000Z</time>
        <extensions>
          <ns3:TrackPointExtension>
            <ns3:hr>142</ns3:hr>
          </ns3:TrackPointExtension>
        </extensions>
      </trkpt>
      <trkpt lat="36.76541003398597240447998046875" lon="126.97105248458683490753173828125">
        <ele>23.200000762939453125</ele>
        <time>2026-02-07T05:32:49.000Z</time>
        <extensions>
          <ns3:TrackPointExtension>
            <ns3:hr>140</ns3:hr>
          </ns3:TrackPointExtension>
        </extensions>
      </trkpt>
      <trkpt lat="36.76546166650950908660888671875" lon="126.97106011211872100830078125">
        <ele>23</ele>
        <time>2026-02-07T05:32:54.000Z</time>
        <extensions>
          <ns3:TrackPointExtension>
            <ns3:hr>137</ns3:hr>
          </ns3:TrackPointExtension>
        </extensions>
      </trkpt>
      <trkpt lat="36.76553123630583286285400390625" lon="126.97107888758182525634765625">
        <ele>22.799999237060546875</ele>
        <time>2026-02-07T05:33:00.000Z</time>
        <extensions>
          <ns3:TrackPointExtension>
            <ns3:hr>135</ns3:hr>
          </ns3:TrackPointExtension>
        </extensions>
      </trkpt>
      <trkpt lat="36.76558219827711582183837890625" lon="126.97109162807464599609375">
        <ele>23.200000762939453125</ele>
        <time>2026-02-07T05:33:04.000Z</time>
        <extensions>
          <ns3:TrackPointExtension>
            <ns3:hr>132</ns3:hr>
          </ns3:TrackPointExtension>
        </extensions>
      </trkpt>
      <trkpt lat="36.7656758241355419158935546875" lon="126.97110570967197418212890625">
        <ele>23.3999996185302734375</ele>
        <time>2026-02-07T05:33:11.000Z</time>
        <extensions>
          <ns3:TrackPointExtension>
            <ns3:hr>132</ns3:hr>
          </ns3:TrackPointExtension>
        </extensions>
      </trkpt>
      <trkpt lat="36.7658176459372043609619140625" lon="126.97113295085728168487548828125">
        <ele>23</ele>
        <time>2026-02-07T05:33:23.000Z</time>
        <extensions>
          <ns3:TrackPointExtension>
            <ns3:hr>131</ns3:hr>
          </ns3:TrackPointExtension>
        </extensions>
      </trkpt>
      <trkpt lat="36.7659504152834415435791015625" lon="126.97114728391170501708984375">
        <ele>22.3999996185302734375</ele>
        <time>2026-02-07T05:33:33.000Z</time>
        <extensions>
          <ns3:TrackPointExtension>
            <ns3:hr>128</ns3:hr>
          </ns3:TrackPointExtension>
        </extensions>
      </trkpt>
      <trkpt lat="36.76614864729344844818115234375" lon="126.97113999165594577789306640625">
        <ele>22.200000762939453125</ele>
        <time>2026-02-07T05:33:42.000Z</time>
        <extensions>
          <ns3:TrackPointExtension>
            <ns3:hr>127</ns3:hr>
          </ns3:TrackPointExtension>
        </extensions>
      </trkpt>
      <trkpt lat="36.766181252896785736083984375" lon="126.97113865055143833160400390625">
        <ele>22</ele>
        <time>2026-02-07T05:33:43.000Z</time>
        <extensions>
          <ns3:TrackPointExtension>
            <ns3:hr>126</ns3:hr>
          </ns3:TrackPointExtension>
        </extensions>
      </trkpt>
      <trkpt lat="36.76631947048008441925048828125" lon="126.9711249880492687225341796875">
        <ele>22.200000762939453125</ele>
        <time>2026-02-07T05:33:47.000Z</time>
        <extensions>
          <ns3:TrackPointExtension>
            <ns3:hr>129</ns3:hr>
          </ns3:TrackPointExtension>
        </extensions>
      </trkpt>
      <trkpt lat="36.7664580233395099639892578125" lon="126.9711077213287353515625">
        <ele>22.3999996185302734375</ele>
        <time>2026-02-07T05:33:51.000Z</time>
        <extensions>
          <ns3:TrackPointExtension>
            <ns3:hr>132</ns3:hr>
          </ns3:TrackPointExtension>
        </extensions>
      </trkpt>
      <trkpt lat="36.76652826368808746337890625" lon="126.97109171189367771148681640625">
        <ele>22.3999996185302734375</ele>
        <time>2026-02-07T05:33:53.000Z</time>
        <extensions>
          <ns3:TrackPointExtension>
            <ns3:hr>133</ns3:hr>
          </ns3:TrackPointExtension>
        </extensions>
      </trkpt>
      <trkpt lat="36.7667005956172943115234375" lon="126.97104276157915592193603515625">
        <ele>22.3999996185302734375</ele>
        <time>2026-02-07T05:33:58.000Z</time>
        <extensions>
          <ns3:TrackPointExtension>
            <ns3:hr>136</ns3:hr>
          </ns3:TrackPointExtension>
        </extensions>
      </trkpt>
      <trkpt lat="36.76685750484466552734375" lon="126.97099163196980953216552734375">
        <ele>22.799999237060546875</ele>
        <time>2026-02-07T05:34:02.000Z</time>
        <extensions>
          <ns3:TrackPointExtension>
            <ns3:hr>139</ns3:hr>
          </ns3:TrackPointExtension>
        </extensions>
      </trkpt>
      <trkpt lat="36.7670105583965778350830078125" lon="126.97094838134944438934326171875">
        <ele>22.3999996185302734375</ele>
        <time>2026-02-07T05:34:06.000Z</time>
        <extensions>
          <ns3:TrackPointExtension>
            <ns3:hr>142</ns3:hr>
          </ns3:TrackPointExtension>
        </extensions>
      </trkpt>
      <trkpt lat="36.76711709238588809967041015625" lon="126.9709238223731517791748046875">
        <ele>22.6000003814697265625</ele>
        <time>2026-02-07T05:34:09.000Z</time>
        <extensions>
          <ns3:TrackPointExtension>
            <ns3:hr>146</ns3:hr>
          </ns3:TrackPointExtension>
        </extensions>
      </trkpt>
      <trkpt lat="36.76719102077186107635498046875" lon="126.97091384790837764739990234375">
        <ele>22.799999237060546875</ele>
        <time>2026-02-07T05:34:11.000Z</time>
        <extensions>
          <ns3:TrackPointExtension>
            <ns3:hr>148</ns3:hr>
          </ns3:TrackPointExtension>
        </extensions>
      </trkpt>
      <trkpt lat="36.7673052661120891571044921875" lon="126.970896832644939422607421875">
        <ele>22.799999237060546875</ele>
        <time>2026-02-07T05:34:14.000Z</time>
        <extensions>
          <ns3:TrackPointExtension>
            <ns3:hr>151</ns3:hr>
          </ns3:TrackPointExtension>
        </extensions>
      </trkpt>
      <trkpt lat="36.76737994886934757232666015625" lon="126.97088501416146755218505859375">
        <ele>22.6000003814697265625</ele>
        <time>2026-02-07T05:34:16.000Z</time>
        <extensions>
          <ns3:TrackPointExtension>
            <ns3:hr>154</ns3:hr>
          </ns3:TrackPointExtension>
        </extensions>
      </trkpt>
      <trkpt lat="36.76745496690273284912109375" lon="126.970874033868312835693359375">
        <ele>22.6000003814697265625</ele>
        <time>2026-02-07T05:34:18.000Z</time>
        <extensions>
          <ns3:TrackPointExtension>
            <ns3:hr>156</ns3:hr>
          </ns3:TrackPointExtension>
        </extensions>
      </trkpt>
      <trkpt lat="36.7675644345581531524658203125" lon="126.97088618762791156768798828125">
        <ele>22.200000762939453125</ele>
        <time>2026-02-07T05:34:21.000Z</time>
        <extensions>
          <ns3:TrackPointExtension>
            <ns3:hr>159</ns3:hr>
          </ns3:TrackPointExtension>
        </extensions>
      </trkpt>
      <trkpt lat="36.767669208347797393798828125" lon="126.97090144269168376922607421875">
        <ele>22.200000762939453125</ele>
        <time>2026-02-07T05:34:24.000Z</time>
        <extensions>
          <ns3:TrackPointExtension>
            <ns3:hr>162</ns3:hr>
          </ns3:TrackPointExtension>
        </extensions>
      </trkpt>
      <trkpt lat="36.7677842080593109130859375" lon="126.9709060527384281158447265625">
        <ele>22.3999996185302734375</ele>
        <time>2026-02-07T05:34:27.000Z</time>
        <extensions>
          <ns3:TrackPointExtension>
            <ns3:hr>165</ns3:hr>
          </ns3:TrackPointExtension>
        </extensions>
      </trkpt>
      <trkpt lat="36.76792091690003871917724609375" lon="126.9708829186856746673583984375">
        <ele>22.6000003814697265625</ele>
        <time>2026-02-07T05:34:31.000Z</time>
        <extensions>
          <ns3:TrackPointExtension>
            <ns3:hr>168</ns3:hr>
          </ns3:TrackPointExtension>
        </extensions>
      </trkpt>
      <trkpt lat="36.7679533548653125762939453125" lon="126.9708715192973613739013671875">
        <ele>22.799999237060546875</ele>
        <time>2026-02-07T05:34:32.000Z</time>
        <extensions>
          <ns3:TrackPointExtension>
            <ns3:hr>170</ns3:hr>
          </ns3:TrackPointExtension>
        </extensions>
      </trkpt>
      <trkpt lat="36.76802468486130237579345703125" lon="126.97085031308233737945556640625">
        <ele>22.799999237060546875</ele>
        <time>2026-02-07T05:34:34.000Z</time>
        <extensions>
          <ns3:TrackPointExtension>
            <ns3:hr>174</ns3:hr>
          </ns3:TrackPointExtension>
        </extensions>
      </trkpt>
      <trkpt lat="36.76809643395245075225830078125" lon="126.9708457030355930328369140625">
        <ele>22.6000003814697265625</ele>
        <time>2026-02-07T05:34:36.000Z</time>
        <extensions>
          <ns3:TrackPointExtension>
            <ns3:hr>177</ns3:hr>
          </ns3:TrackPointExtension>
        </extensions>
      </trkpt>
      <trkpt lat="36.76820338703691959381103515625" lon="126.97085517458617687225341796875">
        <ele>22.3999996185302734375</ele>
        <time>2026-02-07T05:34:39.000Z</time>
        <extensions>
          <ns3:TrackPointExtension>
            <ns3:hr>179</ns3:hr>
          </ns3:TrackPointExtension>
        </extensions>
      </trkpt>
      <trkpt lat="36.76823859103024005889892578125" lon="126.97085768915712833404541015625">
        <ele>22.3999996185302734375</ele>
        <time>2026-02-07T05:34:40.000Z</time>
        <extensions>
          <ns3:TrackPointExtension>
            <ns3:hr>180</ns3:hr>
          </ns3:TrackPointExtension>
        </extensions>
      </trkpt>
      <trkpt lat="36.76841628737747669219970703125" lon="126.97089456953108310699462890625">
        <ele>23</ele>
        <time>2026-02-07T05:34:45.000Z</time>
        <extensions>
          <ns3:TrackPointExtension>
            <ns3:hr>182</ns3:hr>
          </ns3:TrackPointExtension>
        </extensions>
      </trkpt>
      <trkpt lat="36.7684815824031829833984375" lon="126.97090588510036468505859375">
        <ele>22.799999237060546875</ele>
        <time>2026-02-07T05:34:47.000Z</time>
        <extensions>
          <ns3:TrackPointExtension>
            <ns3:hr>183</ns3:hr>
          </ns3:TrackPointExtension>
        </extensions>
      </trkpt>
      <trkpt lat="36.76866791211068630218505859375" lon="126.970927678048610687255859375">
        <ele>22.799999237060546875</ele>
        <time>2026-02-07T05:34:52.000Z</time>
        <extensions>
          <ns3:TrackPointExtension>
            <ns3:hr>184</ns3:hr>
          </ns3:TrackPointExtension>
        </extensions>
      </trkpt>
      <trkpt lat="36.768730692565441131591796875" lon="126.97093195281922817230224609375">
        <ele>22.3999996185302734375</ele>
        <time>2026-02-07T05:34:54.000Z</time>
        <extensions>
          <ns3:TrackPointExtension>
            <ns3:hr>184</ns3:hr>
          </ns3:TrackPointExtension>
        </extensions>
      </trkpt>
      <trkpt lat="36.7688275873661041259765625" lon="126.9709328748285770416259765625">
        <ele>22.799999237060546875</ele>
        <time>2026-02-07T05:35:00.000Z</time>
        <extensions>
          <ns3:TrackPointExtension>
            <ns3:hr>183</ns3:hr>
          </ns3:TrackPointExtension>
        </extensions>
      </trkpt>
      <trkpt lat="36.76888315938413143157958984375" lon="126.97094201110303401947021484375">
        <ele>23</ele>
        <time>2026-02-07T05:35:05.000Z</time>
        <extensions>
          <ns3:TrackPointExtension>
            <ns3:hr>182</ns3:hr>
          </ns3:TrackPointExtension>
        </extensions>
      </trkpt>
      <trkpt lat="36.76890830509364604949951171875" lon="126.97094083763659000396728515625">
        <ele>23.3999996185302734375</ele>
        <time>2026-02-07T05:35:07.000Z</time>
        <extensions>
          <ns3:TrackPointExtension>
            <ns3:hr>181</ns3:hr>
          </ns3:TrackPointExtension>
        </extensions>
      </trkpt>
      <trkpt lat="36.76893018186092376708984375" lon="126.9709402509033679962158203125">
        <ele>23.6000003814697265625</ele>
        <time>2026-02-07T05:35:09.000Z</time>
        <extensions>
          <ns3:TrackPointExtension>
            <ns3:hr>178</ns3:hr>
          </ns3:TrackPointExtension>
        </extensions>
      </trkpt>
      <trkpt lat="36.7689514718949794769287109375" lon="126.9709446094930171966552734375">
        <ele>23.3999996185302734375</ele>
        <time>2026-02-07T05:35:11.000Z</time>
        <extensions>
          <ns3:TrackPointExtension>
            <ns3:hr>175</ns3:hr>
          </ns3:TrackPointExtension>
        </extensions>
      </trkpt>
      <trkpt lat="36.76898240111768245697021484375" lon="126.970947794616222381591796875">
        <ele>23</ele>
        <time>2026-02-07T05:35:14.000Z</time>
        <extensions>
          <ns3:TrackPointExtension>
            <ns3:hr>172</ns3:hr>
          </ns3:TrackPointExtension>
        </extensions>
      </trkpt>
      <trkpt lat="36.76899782381951808929443359375" lon="126.970949806272983551025390625">
        <ele>22.799999237060546875</ele>
        <time>2026-02-07T05:35:15.000Z</time>
        <extensions>
          <ns3:TrackPointExtension>
            <ns3:hr>171</ns3:hr>
          </ns3:TrackPointExtension>
        </extensions>
      </trkpt>
      <trkpt lat="36.76903855986893177032470703125" lon="126.97096279822289943695068359375">
        <ele>22.3999996185302734375</ele>
        <time>2026-02-07T05:35:19.000Z</time>
        <extensions>
          <ns3:TrackPointExtension>
            <ns3:hr>168</ns3:hr>
          </ns3:TrackPointExtension>
        </extensions>
      </trkpt>
      <trkpt lat="36.76907678134739398956298828125" lon="126.97097218595445156097412109375">
        <ele>22.3999996185302734375</ele>
        <time>2026-02-07T05:35:22.000Z</time>
        <extensions>
          <ns3:TrackPointExtension>
            <ns3:hr>166</ns3:hr>
          </ns3:TrackPointExtension>
        </extensions>
      </trkpt>
      <trkpt lat="36.76918021403253078460693359375" lon="126.970977969467639923095703125">
        <ele>22.6000003814697265625</ele>
        <time>2026-02-07T05:35:31.000Z</time>
        <extensions>
          <ns3:TrackPointExtension>
            <ns3:hr>168</ns3:hr>
          </ns3:TrackPointExtension>
        </extensions>
      </trkpt>
      <trkpt lat="36.769274175167083740234375" lon="126.9709952361881732940673828125">
        <ele>22.6000003814697265625</ele>
        <time>2026-02-07T05:35:38.000Z</time>
        <extensions>
          <ns3:TrackPointExtension>
            <ns3:hr>165</ns3:hr>
          </ns3:TrackPointExtension>
        </extensions>
      </trkpt>
      <trkpt lat="36.7693028412759304046630859375" lon="126.9709964096546173095703125">
        <ele>22.6000003814697265625</ele>
        <time>2026-02-07T05:35:41.000Z</time>
        <extensions>
          <ns3:TrackPointExtension>
            <ns3:hr>164</ns3:hr>
          </ns3:TrackPointExtension>
        </extensions>
      </trkpt>
      <trkpt lat="36.76933427341282367706298828125" lon="126.97099708020687103271484375">
        <ele>22.799999237060546875</ele>
        <time>2026-02-07T05:35:44.000Z</time>
        <extensions>
          <ns3:TrackPointExtension>
            <ns3:hr>161</ns3:hr>
          </ns3:TrackPointExtension>
        </extensions>
      </trkpt>
      <trkpt lat="36.76937383599579334259033203125" lon="126.97099749930202960968017578125">
        <ele>22.799999237060546875</ele>
        <time>2026-02-07T05:35:47.000Z</time>
        <extensions>
          <ns3:TrackPointExtension>
            <ns3:hr>158</ns3:hr>
          </ns3:TrackPointExtension>
        </extensions>
      </trkpt>
      <trkpt lat="36.76941976882517337799072265625" lon="126.9709915481507778167724609375">
        <ele>22.799999237060546875</ele>
        <time>2026-02-07T05:35:50.000Z</time>
        <extensions>
          <ns3:TrackPointExtension>
            <ns3:hr>157</ns3:hr>
          </ns3:TrackPointExtension>
        </extensions>
      </trkpt>
      <trkpt lat="36.76943846046924591064453125" lon="126.97100655175745487213134765625">
        <ele>23.200000762939453125</ele>
        <time>2026-02-07T05:35:53.000Z</time>
        <extensions>
          <ns3:TrackPointExtension>
            <ns3:hr>154</ns3:hr>
          </ns3:TrackPointExtension>
        </extensions>
      </trkpt>
      <trkpt lat="36.7694620974361896514892578125" lon="126.97101845405995845794677734375">
        <ele>22.6000003814697265625</ele>
        <time>2026-02-07T05:35:56.000Z</time>
        <extensions>
          <ns3:TrackPointExtension>
            <ns3:hr>154</ns3:hr>
          </ns3:TrackPointExtension>
        </extensions>
      </trkpt>
      <trkpt lat="36.76952538080513477325439453125" lon="126.971038989722728729248046875">
        <ele>22</ele>
        <time>2026-02-07T05:36:00.000Z</time>
        <extensions>
          <ns3:TrackPointExtension>
            <ns3:hr>151</ns3:hr>
          </ns3:TrackPointExtension>
        </extensions>
      </trkpt>
      <trkpt lat="36.769551448523998260498046875" lon="126.9710368104279041290283203125">
        <ele>22.200000762939453125</ele>
        <time>2026-02-07T05:36:02.000Z</time>
        <extensions>
          <ns3:TrackPointExtension>
            <ns3:hr>150</ns3:hr>
          </ns3:TrackPointExtension>
        </extensions>
      </trkpt>
      <trkpt lat="36.769615821540355682373046875" lon="126.9710230641067028045654296875">
        <ele>23</ele>
        <time>2026-02-07T05:36:08.000Z</time>
        <extensions>
          <ns3:TrackPointExtension>
            <ns3:hr>147</ns3:hr>
          </ns3:TrackPointExtension>
        </extensions>
      </trkpt>
      <trkpt lat="36.76962981931865215301513671875" lon="126.971024237573146820068359375">
        <ele>23</ele>
        <time>2026-02-07T05:36:09.000Z</time>
        <extensions>
          <ns3:TrackPointExtension>
            <ns3:hr>147</ns3:hr>
          </ns3:TrackPointExtension>
        </extensions>
      </trkpt>
      <trkpt lat="36.76972134970128536224365234375" lon="126.97104309685528278350830078125">
        <ele>22.799999237060546875</ele>
        <time>2026-02-07T05:36:16.000Z</time>
        <extensions>
          <ns3:TrackPointExtension>
            <ns3:hr>144</ns3:hr>
          </ns3:TrackPointExtension>
        </extensions>
      </trkpt>
      <trkpt lat="36.76973350346088409423828125" lon="126.9710433483123779296875">
        <ele>23</ele>
        <time>2026-02-07T05:36:17.000Z</time>
        <extensions>
          <ns3:TrackPointExtension>
            <ns3:hr>144</ns3:hr>
          </ns3:TrackPointExtension>
        </extensions>
      </trkpt>
      <trkpt lat="36.7698682844638824462890625" lon="126.971053071320056915283203125">
        <ele>22.799999237060546875</ele>
        <time>2026-02-07T05:36:28.000Z</time>
        <extensions>
          <ns3:TrackPointExtension>
            <ns3:hr>145</ns3:hr>
          </ns3:TrackPointExtension>
        </extensions>
      </trkpt>
      <trkpt lat="36.76989636383950710296630859375" lon="126.97104938328266143798828125">
        <ele>23</ele>
        <time>2026-02-07T05:36:30.000Z</time>
        <extensions>
          <ns3:TrackPointExtension>
            <ns3:hr>145</ns3:hr>
          </ns3:TrackPointExtension>
        </extensions>
      </trkpt>
      <trkpt lat="36.76999191753566265106201171875" lon="126.97104879654943943023681640625">
        <ele>22.799999237060546875</ele>
        <time>2026-02-07T05:36:38.000Z</time>
        <extensions>
          <ns3:TrackPointExtension>
            <ns3:hr>142</ns3:hr>
          </ns3:TrackPointExtension>
        </extensions>
      </trkpt>
      <trkpt lat="36.770014800131320953369140625" lon="126.9710498861968517303466796875">
        <ele>22.799999237060546875</ele>
        <time>2026-02-07T05:36:40.000Z</time>
        <extensions>
          <ns3:TrackPointExtension>
            <ns3:hr>141</ns3:hr>
          </ns3:TrackPointExtension>
        </extensions>
      </trkpt>
      <trkpt lat="36.770099960267543792724609375" lon="126.9710488803684711456298828125">
        <ele>22.799999237060546875</ele>
        <time>2026-02-07T05:36:47.000Z</time>
        <extensions>
          <ns3:TrackPointExtension>
            <ns3:hr>138</ns3:hr>
          </ns3:TrackPointExtension>
        </extensions>
      </trkpt>
      <trkpt lat="36.77012988366186618804931640625" lon="126.9710565917193889617919921875">
        <ele>22.799999237060546875</ele>
        <time>2026-02-07T05:36:49.000Z</time>
        <extensions>
          <ns3:TrackPointExtension>
            <ns3:hr>137</ns3:hr>
          </ns3:TrackPointExtension>
        </extensions>
      </trkpt>
      <trkpt lat="36.770246811211109161376953125" lon="126.97109892033040523529052734375">
        <ele>23</ele>
        <time>2026-02-07T05:36:58.000Z</time>
        <extensions>
          <ns3:TrackPointExtension>
            <ns3:hr>136</ns3:hr>
          </ns3:TrackPointExtension>
        </extensions>
      </trkpt>
      <trkpt lat="36.770365498960018157958984375" lon="126.97110193781554698944091796875">
        <ele>23.6000003814697265625</ele>
        <time>2026-02-07T05:37:07.000Z</time>
        <extensions>
          <ns3:TrackPointExtension>
            <ns3:hr>135</ns3:hr>
          </ns3:TrackPointExtension>
        </extensions>
      </trkpt>
      <trkpt lat="36.7704622261226177215576171875" lon="126.9711063802242279052734375">
        <ele>23</ele>
        <time>2026-02-07T05:37:15.000Z</time>
        <extensions>
          <ns3:TrackPointExtension>
            <ns3:hr>132</ns3:hr>
          </ns3:TrackPointExtension>
        </extensions>
      </trkpt>
      <trkpt lat="36.77047505043447017669677734375" lon="126.97110797278583049774169921875">
        <ele>22.799999237060546875</ele>
        <time>2026-02-07T05:37:16.000Z</time>
        <extensions>
          <ns3:TrackPointExtension>
            <ns3:hr>132</ns3:hr>
          </ns3:TrackPointExtension>
        </extensions>
      </trkpt>
      <trkpt lat="36.77057982422411441802978515625" lon="126.971118450164794921875">
        <ele>23</ele>
        <time>2026-02-07T05:37:24.000Z</time>
        <extensions>
          <ns3:TrackPointExtension>
            <ns3:hr>132</ns3:hr>
          </ns3:TrackPointExtension>
        </extensions>
      </trkpt>
      <trkpt lat="36.77067495882511138916015625" lon="126.9711251556873321533203125">
        <ele>23.200000762939453125</ele>
        <time>2026-02-07T05:37:31.000Z</time>
        <extensions>
          <ns3:TrackPointExtension>
            <ns3:hr>129</ns3:hr>
          </ns3:TrackPointExtension>
        </extensions>
      </trkpt>
      <trkpt lat="36.77073522470891475677490234375" lon="126.971144266426563262939453125">
        <ele>22.799999237060546875</ele>
        <time>2026-02-07T05:37:36.000Z</time>
        <extensions>
          <ns3:TrackPointExtension>
            <ns3:hr>128</ns3:hr>
          </ns3:TrackPointExtension>
        </extensions>
      </trkpt>
      <trkpt lat="36.7708528228104114532470703125" lon="126.971176452934741973876953125">
        <ele>22.799999237060546875</ele>
        <time>2026-02-07T05:37:45.000Z</time>
        <extensions>
          <ns3:TrackPointExtension>
            <ns3:hr>126</ns3:hr>
          </ns3:TrackPointExtension>
        </extensions>
      </trkpt>
      <trkpt lat="36.7709936387836933135986328125" lon="126.97120302356779575347900390625">
        <ele>22.6000003814697265625</ele>
        <time>2026-02-07T05:37:56.000Z</time>
        <extensions>
          <ns3:TrackPointExtension>
            <ns3:hr>127</ns3:hr>
          </ns3:TrackPointExtension>
        </extensions>
      </trkpt>
      <trkpt lat="36.77111123688519001007080078125" lon="126.97125046513974666595458984375">
        <ele>22.799999237060546875</ele>
        <time>2026-02-07T05:38:06.000Z</time>
        <extensions>
          <ns3:TrackPointExtension>
            <ns3:hr>124</ns3:hr>
          </ns3:TrackPointExtension>
        </extensions>
      </trkpt>
      <trkpt lat="36.77112280391156673431396484375" lon="126.97125415317714214324951171875">
        <ele>23</ele>
        <time>2026-02-07T05:38:07.000Z</time>
        <extensions>
          <ns3:TrackPointExtension>
            <ns3:hr>124</ns3:hr>
          </ns3:TrackPointExtension>
        </extensions>
      </trkpt>
      <trkpt lat="36.771262697875499725341796875" lon="126.97129773907363414764404296875">
        <ele>23</ele>
        <time>2026-02-07T05:38:16.000Z</time>
        <extensions>
          <ns3:TrackPointExtension>
            <ns3:hr>122</ns3:hr>
          </ns3:TrackPointExtension>
        </extensions>
      </trkpt>
      <trkpt lat="36.77140158601105213165283203125" lon="126.9713660515844821929931640625">
        <ele>22</ele>
        <time>2026-02-07T05:38:21.000Z</time>
        <extensions>
          <ns3:TrackPointExtension>
            <ns3:hr>121</ns3:hr>
          </ns3:TrackPointExtension>
        </extensions>
      </trkpt>
      <trkpt lat="36.77145908586680889129638671875" lon="126.97139362804591655731201171875">
        <ele>21.6000003814697265625</ele>
        <time>2026-02-07T05:38:23.000Z</time>
        <extensions>
          <ns3:TrackPointExtension>
            <ns3:hr>121</ns3:hr>
          </ns3:TrackPointExtension>
        </extensions>
      </trkpt>
      <trkpt lat="36.77155698649585247039794921875" lon="126.97143905796110630035400390625">
        <ele>21.200000762939453125</ele>
        <time>2026-02-07T05:38:26.000Z</time>
        <extensions>
          <ns3:TrackPointExtension>
            <ns3:hr>124</ns3:hr>
          </ns3:TrackPointExtension>
        </extensions>
      </trkpt>
      <trkpt lat="36.7716551385819911956787109375" lon="126.9715055264532566070556640625">
        <ele>21.200000762939453125</ele>
        <time>2026-02-07T05:38:29.000Z</time>
        <extensions>
          <ns3:TrackPointExtension>
            <ns3:hr>127</ns3:hr>
          </ns3:TrackPointExtension>
        </extensions>
      </trkpt>
      <trkpt lat="36.77172093652188777923583984375" lon="126.97155405767261981964111328125">
        <ele>21.799999237060546875</ele>
        <time>2026-02-07T05:38:31.000Z</time>
        <extensions>
          <ns3:TrackPointExtension>
            <ns3:hr>130</ns3:hr>
          </ns3:TrackPointExtension>
        </extensions>
      </trkpt>
      <trkpt lat="36.77175262011587619781494140625" lon="126.97158121503889560699462890625">
        <ele>21.799999237060546875</ele>
        <time>2026-02-07T05:38:32.000Z</time>
        <extensions>
          <ns3:TrackPointExtension>
            <ns3:hr>131</ns3:hr>
          </ns3:TrackPointExtension>
        </extensions>
      </trkpt>
      <trkpt lat="36.7718080244958400726318359375" lon="126.9716346077620983123779296875">
        <ele>21.799999237060546875</ele>
        <time>2026-02-07T05:38:34.000Z</time>
        <extensions>
          <ns3:TrackPointExtension>
            <ns3:hr>134</ns3:hr>
          </ns3:TrackPointExtension>
        </extensions>
      </trkpt>
      <trkpt lat="36.77189427427947521209716796875" lon="126.97171683423221111297607421875">
        <ele>22</ele>
        <time>2026-02-07T05:38:37.000Z</time>
        <extensions>
          <ns3:TrackPointExtension>
            <ns3:hr>138</ns3:hr>
          </ns3:TrackPointExtension>
        </extensions>
      </trkpt>
      <trkpt lat="36.77198446355760097503662109375" lon="126.97178640402853488922119140625">
        <ele>22.6000003814697265625</ele>
        <time>2026-02-07T05:38:40.000Z</time>
        <extensions>
          <ns3:TrackPointExtension>
            <ns3:hr>141</ns3:hr>
          </ns3:TrackPointExtension>
        </extensions>
      </trkpt>
      <trkpt lat="36.772011704742908477783203125" lon="126.9718133099377155303955078125">
        <ele>22.6000003814697265625</ele>
        <time>2026-02-07T05:38:41.000Z</time>
        <extensions>
          <ns3:TrackPointExtension>
            <ns3:hr>143</ns3:hr>
          </ns3:TrackPointExtension>
        </extensions>
      </trkpt>
      <trkpt lat="36.772092171013355255126953125" lon="126.9719085283577442169189453125">
        <ele>22.6000003814697265625</ele>
        <time>2026-02-07T05:38:44.000Z</time>
        <extensions>
          <ns3:TrackPointExtension>
            <ns3:hr>146</ns3:hr>
          </ns3:TrackPointExtension>
        </extensions>
      </trkpt>
      <trkpt lat="36.77214539609849452972412109375" lon="126.97197684086859226226806640625">
        <ele>22.6000003814697265625</ele>
        <time>2026-02-07T05:38:46.000Z</time>
        <extensions>
          <ns3:TrackPointExtension>
            <ns3:hr>149</ns3:hr>
          </ns3:TrackPointExtension>
        </extensions>
      </trkpt>
      <trkpt lat="36.7722261138260364532470703125" lon="126.97207608260214328765869140625">
        <ele>22.799999237060546875</ele>
        <time>2026-02-07T05:38:49.000Z</time>
        <extensions>
          <ns3:TrackPointExtension>
            <ns3:hr>152</ns3:hr>
          </ns3:TrackPointExtension>
        </extensions>
      </trkpt>
      <trkpt lat="36.77225352264940738677978515625" lon="126.972111873328685760498046875">
        <ele>22.799999237060546875</ele>
        <time>2026-02-07T05:38:50.000Z</time>
        <extensions>
          <ns3:TrackPointExtension>
            <ns3:hr>154</ns3:hr>
          </ns3:TrackPointExtension>
        </extensions>
      </trkpt>
      <trkpt lat="36.77232049405574798583984375" lon="126.97220700792968273162841796875">
        <ele>23</ele>
        <time>2026-02-07T05:38:53.000Z</time>
        <extensions>
          <ns3:TrackPointExtension>
            <ns3:hr>158</ns3:hr>
          </ns3:TrackPointExtension>
        </extensions>
      </trkpt>
      <trkpt lat="36.77234329283237457275390625" lon="126.97223835624754428863525390625">
        <ele>23</ele>
        <time>2026-02-07T05:38:54.000Z</time>
        <extensions>
          <ns3:TrackPointExtension>
            <ns3:hr>159</ns3:hr>
          </ns3:TrackPointExtension>
        </extensions>
      </trkpt>
      <trkpt lat="36.77238612435758113861083984375" lon="126.9723014719784259796142578125">
        <ele>23.200000762939453125</ele>
        <time>2026-02-07T05:38:56.000Z</time>
        <extensions>
          <ns3:TrackPointExtension>
            <ns3:hr>162</ns3:hr>
          </ns3:TrackPointExtension>
        </extensions>
      </trkpt>
      <trkpt lat="36.77243004553020000457763671875" lon="126.972376070916652679443359375">
        <ele>23.3999996185302734375</ele>
        <time>2026-02-07T05:38:58.000Z</time>
        <extensions>
          <ns3:TrackPointExtension>
            <ns3:hr>164</ns3:hr>
          </ns3:TrackPointExtension>
        </extensions>
      </trkpt>
      <trkpt lat="36.7724872939288616180419921875" lon="126.9724949263036251068115234375">
        <ele>23.3999996185302734375</ele>
        <time>2026-02-07T05:39:01.000Z</time>
        <extensions>
          <ns3:TrackPointExtension>
            <ns3:hr>168</ns3:hr>
          </ns3:TrackPointExtension>
        </extensions>
      </trkpt>
      <trkpt lat="36.7725276947021484375" lon="126.97259006090462207794189453125">
        <ele>23.200000762939453125</ele>
        <time>2026-02-07T05:39:03.000Z</time>
        <extensions>
          <ns3:TrackPointExtension>
            <ns3:hr>171</ns3:hr>
          </ns3:TrackPointExtension>
        </extensions>
      </trkpt>
      <trkpt lat="36.77256214432418346405029296875" lon="126.97267019189894199371337890625">
        <ele>23</ele>
        <time>2026-02-07T05:39:05.000Z</time>
        <extensions>
          <ns3:TrackPointExtension>
            <ns3:hr>174</ns3:hr>
          </ns3:TrackPointExtension>
        </extensions>
      </trkpt>
      <trkpt lat="36.77260883152484893798828125" lon="126.97277563624083995819091796875">
        <ele>22.200000762939453125</ele>
        <time>2026-02-07T05:39:08.000Z</time>
        <extensions>
          <ns3:TrackPointExtension>
            <ns3:hr>177</ns3:hr>
          </ns3:TrackPointExtension>
        </extensions>
      </trkpt>
      <trkpt lat="36.772642023861408233642578125" lon="126.97285358794033527374267578125">
        <ele>22</ele>
        <time>2026-02-07T05:39:10.000Z</time>
        <extensions>
          <ns3:TrackPointExtension>
            <ns3:hr>178</ns3:hr>
          </ns3:TrackPointExtension>
        </extensions>
      </trkpt>
      <trkpt lat="36.772656105458736419677734375" lon="126.9728952459990978240966796875">
        <ele>22</ele>
        <time>2026-02-07T05:39:11.000Z</time>
        <extensions>
          <ns3:TrackPointExtension>
            <ns3:hr>178</ns3:hr>
          </ns3:TrackPointExtension>
        </extensions>
      </trkpt>
      <trkpt lat="36.7727199755609035491943359375" lon="126.973031871020793914794921875">
        <ele>23</ele>
        <time>2026-02-07T05:39:15.000Z</time>
        <extensions>
          <ns3:TrackPointExtension>
            <ns3:hr>180</ns3:hr>
          </ns3:TrackPointExtension>
        </extensions>
      </trkpt>
      <trkpt lat="36.77273883484303951263427734375" lon="126.97306078858673572540283203125">
        <ele>23</ele>
        <time>2026-02-07T05:39:16.000Z</time>
        <extensions>
          <ns3:TrackPointExtension>
            <ns3:hr>180</ns3:hr>
          </ns3:TrackPointExtension>
        </extensions>
      </trkpt>
      <trkpt lat="36.772806644439697265625" lon="126.97321987710893154144287109375">
        <ele>23.3999996185302734375</ele>
        <time>2026-02-07T05:39:20.000Z</time>
        <extensions>
          <ns3:TrackPointExtension>
            <ns3:hr>183</ns3:hr>
          </ns3:TrackPointExtension>
        </extensions>
      </trkpt>
      <trkpt lat="36.7728235758841037750244140625" lon="126.9732630439102649688720703125">
        <ele>23.3999996185302734375</ele>
        <time>2026-02-07T05:39:21.000Z</time>
        <extensions>
          <ns3:TrackPointExtension>
            <ns3:hr>183</ns3:hr>
          </ns3:TrackPointExtension>
        </extensions>
      </trkpt>
      <trkpt lat="36.7729367315769195556640625" lon="126.9734709151089191436767578125">
        <ele>23.799999237060546875</ele>
        <time>2026-02-07T05:39:27.000Z</time>
        <extensions>
          <ns3:TrackPointExtension>
            <ns3:hr>184</ns3:hr>
          </ns3:TrackPointExtension>
        </extensions>
      </trkpt>
      <trkpt lat="36.77297185175120830535888671875" lon="126.973541490733623504638671875">
        <ele>24</ele>
        <time>2026-02-07T05:39:29.000Z</time>
        <extensions>
          <ns3:TrackPointExtension>
            <ns3:hr>183</ns3:hr>
          </ns3:TrackPointExtension>
        </extensions>
      </trkpt>
      <trkpt lat="36.77308919839560985565185546875" lon="126.9737528823316097259521484375">
        <ele>24</ele>
        <time>2026-02-07T05:39:35.000Z</time>
        <extensions>
          <ns3:TrackPointExtension>
            <ns3:hr>184</ns3:hr>
          </ns3:TrackPointExtension>
        </extensions>
      </trkpt>
      <trkpt lat="36.77310663275420665740966796875" lon="126.9737897627055644989013671875">
        <ele>24</ele>
        <time>2026-02-07T05:39:36.000Z</time>
        <extensions>
          <ns3:TrackPointExtension>
            <ns3:hr>183</ns3:hr>
          </ns3:TrackPointExtension>
        </extensions>
      </trkpt>
      <trkpt lat="36.7731410823762416839599609375" lon="126.97385673411190509796142578125">
        <ele>24.200000762939453125</ele>
        <time>2026-02-07T05:39:38.000Z</time>
        <extensions>
          <ns3:TrackPointExtension>
            <ns3:hr>184</ns3:hr>
          </ns3:TrackPointExtension>
        </extensions>
      </trkpt>
      <trkpt lat="36.773195229470729827880859375" lon="126.9739721529185771942138671875">
        <ele>24.200000762939453125</ele>
        <time>2026-02-07T05:39:42.000Z</time>
        <extensions>
          <ns3:TrackPointExtension>
            <ns3:hr>184</ns3:hr>
          </ns3:TrackPointExtension>
        </extensions>
      </trkpt>
      <trkpt lat="36.773240827023983001708984375" lon="126.97406955063343048095703125">
        <ele>24.6000003814697265625</ele>
        <time>2026-02-07T05:39:49.000Z</time>
        <extensions>
          <ns3:TrackPointExtension>
            <ns3:hr>182</ns3:hr>
          </ns3:TrackPointExtension>
        </extensions>
      </trkpt>
      <trkpt lat="36.77324510179460048675537109375" lon="126.9740878231823444366455078125">
        <ele>24.6000003814697265625</ele>
        <time>2026-02-07T05:39:51.000Z</time>
        <extensions>
          <ns3:TrackPointExtension>
            <ns3:hr>179</ns3:hr>
          </ns3:TrackPointExtension>
        </extensions>
      </trkpt>
      <trkpt lat="36.773259937763214111328125" lon="126.97412445209920406341552734375">
        <ele>24.6000003814697265625</ele>
        <time>2026-02-07T05:39:55.000Z</time>
        <extensions>
          <ns3:TrackPointExtension>
            <ns3:hr>177</ns3:hr>
          </ns3:TrackPointExtension>
        </extensions>
      </trkpt>
      <trkpt lat="36.77328852005302906036376953125" lon="126.97418714873492717742919921875">
        <ele>24.6000003814697265625</ele>
        <time>2026-02-07T05:39:59.000Z</time>
        <extensions>
          <ns3:TrackPointExtension>
            <ns3:hr>174</ns3:hr>
          </ns3:TrackPointExtension>
        </extensions>
      </trkpt>
      <trkpt lat="36.7733177728950977325439453125" lon="126.9742470793426036834716796875">
        <ele>24.3999996185302734375</ele>
        <time>2026-02-07T05:40:03.000Z</time>
        <extensions>
          <ns3:TrackPointExtension>
            <ns3:hr>173</ns3:hr>
          </ns3:TrackPointExtension>
        </extensions>
      </trkpt>
      <trkpt lat="36.7733576707541942596435546875" lon="126.9743054173886775970458984375">
        <ele>24.6000003814697265625</ele>
        <time>2026-02-07T05:40:08.000Z</time>
        <extensions>
          <ns3:TrackPointExtension>
            <ns3:hr>169</ns3:hr>
          </ns3:TrackPointExtension>
        </extensions>
      </trkpt>
      <trkpt lat="36.773392371833324432373046875" lon="126.97439569048583507537841796875">
        <ele>24.799999237060546875</ele>
        <time>2026-02-07T05:40:15.000Z</time>
        <extensions>
          <ns3:TrackPointExtension>
            <ns3:hr>168</ns3:hr>
          </ns3:TrackPointExtension>
        </extensions>
      </trkpt>
      <trkpt lat="36.773470155894756317138671875" lon="126.97453969158232212066650390625">
        <ele>25</ele>
        <time>2026-02-07T05:40:25.000Z</time>
        <extensions>
          <ns3:TrackPointExtension>
            <ns3:hr>168</ns3:hr>
          </ns3:TrackPointExtension>
        </extensions>
      </trkpt>
      <trkpt lat="36.77355338819324970245361328125" lon="126.9746913202106952667236328125">
        <ele>25.200000762939453125</ele>
        <time>2026-02-07T05:40:31.000Z</time>
        <extensions>
          <ns3:TrackPointExtension>
            <ns3:hr>164</ns3:hr>
          </ns3:TrackPointExtension>
        </extensions>
      </trkpt>
      <trkpt lat="36.7735789529979228973388671875" lon="126.97473943233489990234375">
        <ele>25.3999996185302734375</ele>
        <time>2026-02-07T05:40:33.000Z</time>
        <extensions>
          <ns3:TrackPointExtension>
            <ns3:hr>162</ns3:hr>
          </ns3:TrackPointExtension>
        </extensions>
      </trkpt>
      <trkpt lat="36.77368062548339366912841796875" lon="126.97494487278163433074951171875">
        <ele>26</ele>
        <time>2026-02-07T05:40:40.000Z</time>
        <extensions>
          <ns3:TrackPointExtension>
            <ns3:hr>160</ns3:hr>
          </ns3:TrackPointExtension>
        </extensions>
      </trkpt>
      <trkpt lat="36.7736976407468318939208984375" lon="126.97497437708079814910888671875">
        <ele>26</ele>
        <time>2026-02-07T05:40:41.000Z</time>
        <extensions>
          <ns3:TrackPointExtension>
            <ns3:hr>159</ns3:hr>
          </ns3:TrackPointExtension>
        </extensions>
      </trkpt>
      <trkpt lat="36.7737308330833911895751953125" lon="126.97503221221268177032470703125">
        <ele>26.200000762939453125</ele>
        <time>2026-02-07T05:40:43.000Z</time>
        <extensions>
          <ns3:TrackPointExtension>
            <ns3:hr>159</ns3:hr>
          </ns3:TrackPointExtension>
        </extensions>
      </trkpt>
      <trkpt lat="36.77377634681761264801025390625" lon="126.97511435486376285552978515625">
        <ele>26.3999996185302734375</ele>
        <time>2026-02-07T05:40:46.000Z</time>
        <extensions>
          <ns3:TrackPointExtension>
            <ns3:hr>159</ns3:hr>
          </ns3:TrackPointExtension>
        </extensions>
      </trkpt>
      <trkpt lat="36.77388128824532032012939453125" lon="126.97531568817794322967529296875">
        <ele>27</ele>
        <time>2026-02-07T05:40:53.000Z</time>
        <extensions>
          <ns3:TrackPointExtension>
            <ns3:hr>161</ns3:hr>
          </ns3:TrackPointExtension>
        </extensions>
      </trkpt>
      <trkpt lat="36.77395932376384735107421875" lon="126.9754882715642452239990234375">
        <ele>27</ele>
        <time>2026-02-07T05:40:59.000Z</time>
        <extensions>
          <ns3:TrackPointExtension>
            <ns3:hr>163</ns3:hr>
          </ns3:TrackPointExtension>
        </extensions>
      </trkpt>
      <trkpt lat="36.774005256593227386474609375" lon="126.975578628480434417724609375">
        <ele>27.3999996185302734375</ele>
        <time>2026-02-07T05:41:02.000Z</time>
        <extensions>
          <ns3:TrackPointExtension>
            <ns3:hr>164</ns3:hr>
          </ns3:TrackPointExtension>
        </extensions>
      </trkpt>
      <trkpt lat="36.774064600467681884765625" lon="126.9756607711315155029296875">
        <ele>27.6000003814697265625</ele>
        <time>2026-02-07T05:41:05.000Z</time>
        <extensions>
          <ns3:TrackPointExtension>
            <ns3:hr>164</ns3:hr>
          </ns3:TrackPointExtension>
        </extensions>
      </trkpt>
      <trkpt lat="36.77422125823795795440673828125" lon="126.975777782499790191650390625">
        <ele>27.3999996185302734375</ele>
        <time>2026-02-07T05:41:11.000Z</time>
        <extensions>
          <ns3:TrackPointExtension>
            <ns3:hr>167</ns3:hr>
          </ns3:TrackPointExtension>
        </extensions>
      </trkpt>
      <trkpt lat="36.77433407865464687347412109375" lon="126.97583570145070552825927734375">
        <ele>26.799999237060546875</ele>
        <time>2026-02-07T05:41:15.000Z</time>
        <extensions>
          <ns3:TrackPointExtension>
            <ns3:hr>170</ns3:hr>
          </ns3:TrackPointExtension>
        </extensions>
      </trkpt>
      <trkpt lat="36.7744178138673305511474609375" lon="126.9758667983114719390869140625">
        <ele>26.6000003814697265625</ele>
        <time>2026-02-07T05:41:18.000Z</time>
        <extensions>
          <ns3:TrackPointExtension>
            <ns3:hr>172</ns3:hr>
          </ns3:TrackPointExtension>
        </extensions>
      </trkpt>
      <trkpt lat="36.7746276967227458953857421875" lon="126.97594198398292064666748046875">
        <ele>26.3999996185302734375</ele>
        <time>2026-02-07T05:41:25.000Z</time>
        <extensions>
          <ns3:TrackPointExtension>
            <ns3:hr>173</ns3:hr>
          </ns3:TrackPointExtension>
        </extensions>
      </trkpt>
      <trkpt lat="36.77480966784060001373291015625" lon="126.97600434534251689910888671875">
        <ele>25.6000003814697265625</ele>
        <time>2026-02-07T05:41:31.000Z</time>
        <extensions>
          <ns3:TrackPointExtension>
            <ns3:hr>173</ns3:hr>
          </ns3:TrackPointExtension>
        </extensions>
      </trkpt>
      <trkpt lat="36.7750048823654651641845703125" lon="126.9760860688984394073486328125">
        <ele>26</ele>
        <time>2026-02-07T05:41:38.000Z</time>
        <extensions>
          <ns3:TrackPointExtension>
            <ns3:hr>175</ns3:hr>
          </ns3:TrackPointExtension>
        </extensions>
      </trkpt>
      <trkpt lat="36.775033213198184967041015625" lon="126.9760900922119617462158203125">
        <ele>26.200000762939453125</ele>
        <time>2026-02-07T05:41:39.000Z</time>
        <extensions>
          <ns3:TrackPointExtension>
            <ns3:hr>175</ns3:hr>
          </ns3:TrackPointExtension>
        </extensions>
      </trkpt>
      <trkpt lat="36.7751986719667911529541015625" lon="126.97604835033416748046875">
        <ele>26</ele>
        <time>2026-02-07T05:41:45.000Z</time>
        <extensions>
          <ns3:TrackPointExtension>
            <ns3:hr>175</ns3:hr>
          </ns3:TrackPointExtension>
        </extensions>
      </trkpt>
      <trkpt lat="36.77530436776578426361083984375" lon="126.9760009087622165679931640625">
        <ele>26</ele>
        <time>2026-02-07T05:41:49.000Z</time>
        <extensions>
          <ns3:TrackPointExtension>
            <ns3:hr>175</ns3:hr>
          </ns3:TrackPointExtension>
        </extensions>
      </trkpt>
      <trkpt lat="36.77538399584591388702392578125" lon="126.97596863843500614166259765625">
        <ele>26.200000762939453125</ele>
        <time>2026-02-07T05:41:52.000Z</time>
        <extensions>
          <ns3:TrackPointExtension>
            <ns3:hr>175</ns3:hr>
          </ns3:TrackPointExtension>
        </extensions>
      </trkpt>
      <trkpt lat="36.7755691520869731903076171875" lon="126.97594366036355495452880859375">
        <ele>26.799999237060546875</ele>
        <time>2026-02-07T05:41:59.000Z</time>
        <extensions>
          <ns3:TrackPointExtension>
            <ns3:hr>176</ns3:hr>
          </ns3:TrackPointExtension>
        </extensions>
      </trkpt>
      <trkpt lat="36.77559706382453441619873046875" lon="126.9759422354400157928466796875">
        <ele>26.799999237060546875</ele>
        <time>2026-02-07T05:42:00.000Z</time>
        <extensions>
          <ns3:TrackPointExtension>
            <ns3:hr>176</ns3:hr>
          </ns3:TrackPointExtension>
        </extensions>
      </trkpt>
      <trkpt lat="36.77573251537978649139404296875" lon="126.9759482704102993011474609375">
        <ele>27.3999996185302734375</ele>
        <time>2026-02-07T05:42:05.000Z</time>
        <extensions>
          <ns3:TrackPointExtension>
            <ns3:hr>177</ns3:hr>
          </ns3:TrackPointExtension>
        </extensions>
      </trkpt>
      <trkpt lat="36.77586193196475505828857421875" lon="126.97598330676555633544921875">
        <ele>27.799999237060546875</ele>
        <time>2026-02-07T05:42:10.000Z</time>
        <extensions>
          <ns3:TrackPointExtension>
            <ns3:hr>178</ns3:hr>
          </ns3:TrackPointExtension>
        </extensions>
      </trkpt>
      <trkpt lat="36.7759942822158336639404296875" lon="126.97613124735653400421142578125">
        <ele>27.200000762939453125</ele>
        <time>2026-02-07T05:42:16.000Z</time>
        <extensions>
          <ns3:TrackPointExtension>
            <ns3:hr>176</ns3:hr>
          </ns3:TrackPointExtension>
        </extensions>
      </trkpt>
      <trkpt lat="36.7760239541530609130859375" lon="126.976207606494426727294921875">
        <ele>26.3999996185302734375</ele>
        <time>2026-02-07T05:42:18.000Z</time>
        <extensions>
          <ns3:TrackPointExtension>
            <ns3:hr>173</ns3:hr>
          </ns3:TrackPointExtension>
        </extensions>
      </trkpt>
      <trkpt lat="36.77603803575038909912109375" lon="126.97629335336387157440185546875">
        <ele>25.200000762939453125</ele>
        <time>2026-02-07T05:42:20.000Z</time>
        <extensions>
          <ns3:TrackPointExtension>
            <ns3:hr>172</ns3:hr>
          </ns3:TrackPointExtension>
        </extensions>
      </trkpt>
      <trkpt lat="36.77604767493903636932373046875" lon="126.97636074386537075042724609375">
        <ele>24</ele>
        <time>2026-02-07T05:42:22.000Z</time>
        <extensions>
          <ns3:TrackPointExtension>
            <ns3:hr>172</ns3:hr>
          </ns3:TrackPointExtension>
        </extensions>
      </trkpt>
      <trkpt lat="36.7760321684181690216064453125" lon="126.9766074232757091522216796875">
        <ele>23.200000762939453125</ele>
        <time>2026-02-07T05:42:29.000Z</time>
        <extensions>
          <ns3:TrackPointExtension>
            <ns3:hr>171</ns3:hr>
          </ns3:TrackPointExtension>
        </extensions>
      </trkpt>
      <trkpt lat="36.77600291557610034942626953125" lon="126.976831220090389251708984375">
        <ele>23.799999237060546875</ele>
        <time>2026-02-07T05:42:36.000Z</time>
        <extensions>
          <ns3:TrackPointExtension>
            <ns3:hr>172</ns3:hr>
          </ns3:TrackPointExtension>
        </extensions>
      </trkpt>
      <trkpt lat="36.775998808443546295166015625" lon="126.9768650829792022705078125">
        <ele>24</ele>
        <time>2026-02-07T05:42:37.000Z</time>
        <extensions>
          <ns3:TrackPointExtension>
            <ns3:hr>172</ns3:hr>
          </ns3:TrackPointExtension>
        </extensions>
      </trkpt>
      <trkpt lat="36.77599905990064144134521484375" lon="126.9770996086299419403076171875">
        <ele>23.200000762939453125</ele>
        <time>2026-02-07T05:42:44.000Z</time>
        <extensions>
          <ns3:TrackPointExtension>
            <ns3:hr>172</ns3:hr>
          </ns3:TrackPointExtension>
        </extensions>
      </trkpt>
      <trkpt lat="36.776004172861576080322265625" lon="126.97716641239821910858154296875">
        <ele>23</ele>
        <time>2026-02-07T05:42:46.000Z</time>
        <extensions>
          <ns3:TrackPointExtension>
            <ns3:hr>172</ns3:hr>
          </ns3:TrackPointExtension>
        </extensions>
      </trkpt>
      <trkpt lat="36.776009537279605865478515625" lon="126.97739691473543643951416015625">
        <ele>23.799999237060546875</ele>
        <time>2026-02-07T05:42:53.000Z</time>
        <extensions>
          <ns3:TrackPointExtension>
            <ns3:hr>173</ns3:hr>
          </ns3:TrackPointExtension>
        </extensions>
      </trkpt>
      <trkpt lat="36.7760090343654155731201171875" lon="126.97743169963359832763671875">
        <ele>24</ele>
        <time>2026-02-07T05:42:54.000Z</time>
        <extensions>
          <ns3:TrackPointExtension>
            <ns3:hr>174</ns3:hr>
          </ns3:TrackPointExtension>
        </extensions>
      </trkpt>
      <trkpt lat="36.77600509487092494964599609375" lon="126.97750722058117389678955078125">
        <ele>24</ele>
        <time>2026-02-07T05:42:56.000Z</time>
        <extensions>
          <ns3:TrackPointExtension>
            <ns3:hr>175</ns3:hr>
          </ns3:TrackPointExtension>
        </extensions>
      </trkpt>
      <trkpt lat="36.775994114577770233154296875" lon="126.9777470268309116363525390625">
        <ele>23.799999237060546875</ele>
        <time>2026-02-07T05:43:03.000Z</time>
        <extensions>
          <ns3:TrackPointExtension>
            <ns3:hr>177</ns3:hr>
          </ns3:TrackPointExtension>
        </extensions>
      </trkpt>
      <trkpt lat="36.7760046757757663726806640625" lon="126.97784970514476299285888671875">
        <ele>23.799999237060546875</ele>
        <time>2026-02-07T05:43:06.000Z</time>
        <extensions>
          <ns3:TrackPointExtension>
            <ns3:hr>177</ns3:hr>
          </ns3:TrackPointExtension>
        </extensions>
      </trkpt>
      <trkpt lat="36.77603007294237613677978515625" lon="126.97808423079550266265869140625">
        <ele>23.799999237060546875</ele>
        <time>2026-02-07T05:43:13.000Z</time>
        <extensions>
          <ns3:TrackPointExtension>
            <ns3:hr>179</ns3:hr>
          </ns3:TrackPointExtension>
        </extensions>
      </trkpt>
      <trkpt lat="36.7760244570672512054443359375" lon="126.9781510345637798309326171875">
        <ele>23.6000003814697265625</ele>
        <time>2026-02-07T05:43:15.000Z</time>
        <extensions>
          <ns3:TrackPointExtension>
            <ns3:hr>180</ns3:hr>
          </ns3:TrackPointExtension>
        </extensions>
      </trkpt>
      <trkpt lat="36.77600241266191005706787109375" lon="126.9784001447260379791259765625">
        <ele>23.3999996185302734375</ele>
        <time>2026-02-07T05:43:22.000Z</time>
        <extensions>
          <ns3:TrackPointExtension>
            <ns3:hr>181</ns3:hr>
          </ns3:TrackPointExtension>
        </extensions>
      </trkpt>
      <trkpt lat="36.776006855070590972900390625" lon="126.97850064374506473541259765625">
        <ele>23.6000003814697265625</ele>
        <time>2026-02-07T05:43:25.000Z</time>
        <extensions>
          <ns3:TrackPointExtension>
            <ns3:hr>181</ns3:hr>
          </ns3:TrackPointExtension>
        </extensions>
      </trkpt>
      <trkpt lat="36.7760224454104900360107421875" lon="126.9787484966218471527099609375">
        <ele>24.3999996185302734375</ele>
        <time>2026-02-07T05:43:32.000Z</time>
        <extensions>
          <ns3:TrackPointExtension>
            <ns3:hr>179</ns3:hr>
          </ns3:TrackPointExtension>
        </extensions>
      </trkpt>
      <trkpt lat="36.77600576542317867279052734375" lon="126.978889144957065582275390625">
        <ele>24</ele>
        <time>2026-02-07T05:43:36.000Z</time>
        <extensions>
          <ns3:TrackPointExtension>
            <ns3:hr>177</ns3:hr>
          </ns3:TrackPointExtension>
        </extensions>
      </trkpt>
      <trkpt lat="36.77589596249163150787353515625" lon="126.97902384214103221893310546875">
        <ele>23.6000003814697265625</ele>
        <time>2026-02-07T05:43:42.000Z</time>
        <extensions>
          <ns3:TrackPointExtension>
            <ns3:hr>176</ns3:hr>
          </ns3:TrackPointExtension>
        </extensions>
      </trkpt>
      <trkpt lat="36.7757337726652622222900390625" lon="126.97915744967758655548095703125">
        <ele>24</ele>
        <time>2026-02-07T05:43:49.000Z</time>
        <extensions>
          <ns3:TrackPointExtension>
            <ns3:hr>174</ns3:hr>
          </ns3:TrackPointExtension>
        </extensions>
      </trkpt>
      <trkpt lat="36.7757128179073333740234375" lon="126.9792215712368488311767578125">
        <ele>24</ele>
        <time>2026-02-07T05:43:51.000Z</time>
        <extensions>
          <ns3:TrackPointExtension>
            <ns3:hr>174</ns3:hr>
          </ns3:TrackPointExtension>
        </extensions>
      </trkpt>
      <trkpt lat="36.7756864987313747406005859375" lon="126.97944629006087779998779296875">
        <ele>24.200000762939453125</ele>
        <time>2026-02-07T05:43:57.000Z</time>
        <extensions>
          <ns3:TrackPointExtension>
            <ns3:hr>174</ns3:hr>
          </ns3:TrackPointExtension>
        </extensions>
      </trkpt>
      <trkpt lat="36.77566881291568279266357421875" lon="126.97967142798006534576416015625">
        <ele>24.3999996185302734375</ele>
        <time>2026-02-07T05:44:03.000Z</time>
        <extensions>
          <ns3:TrackPointExtension>
            <ns3:hr>174</ns3:hr>
          </ns3:TrackPointExtension>
        </extensions>
      </trkpt>
      <trkpt lat="36.77566495724022388458251953125" lon="126.9797430932521820068359375">
        <ele>24.3999996185302734375</ele>
        <time>2026-02-07T05:44:05.000Z</time>
        <extensions>
          <ns3:TrackPointExtension>
            <ns3:hr>174</ns3:hr>
          </ns3:TrackPointExtension>
        </extensions>
      </trkpt>
      <trkpt lat="36.77564031444489955902099609375" lon="126.97999262250959873199462890625">
        <ele>23.6000003814697265625</ele>
        <time>2026-02-07T05:44:12.000Z</time>
        <extensions>
          <ns3:TrackPointExtension>
            <ns3:hr>174</ns3:hr>
          </ns3:TrackPointExtension>
        </extensions>
      </trkpt>
      <trkpt lat="36.77562757395207881927490234375" lon="126.98011298663914203643798828125">
        <ele>23.3999996185302734375</ele>
        <time>2026-02-07T05:44:15.000Z</time>
        <extensions>
          <ns3:TrackPointExtension>
            <ns3:hr>174</ns3:hr>
          </ns3:TrackPointExtension>
        </extensions>
      </trkpt>
      <trkpt lat="36.77562036551535129547119140625" lon="126.98022186756134033203125">
        <ele>22.799999237060546875</ele>
        <time>2026-02-07T05:44:18.000Z</time>
        <extensions>
          <ns3:TrackPointExtension>
            <ns3:hr>174</ns3:hr>
          </ns3:TrackPointExtension>
        </extensions>
      </trkpt>
      <trkpt lat="36.77555884234607219696044921875" lon="126.98039176873862743377685546875">
        <ele>21.799999237060546875</ele>
        <time>2026-02-07T05:44:23.000Z</time>
        <extensions>
          <ns3:TrackPointExtension>
            <ns3:hr>174</ns3:hr>
          </ns3:TrackPointExtension>
        </extensions>
      </trkpt>
      <trkpt lat="36.77551978267729282379150390625" lon="126.98044382035732269287109375">
        <ele>21.799999237060546875</ele>
        <time>2026-02-07T05:44:25.000Z</time>
        <extensions>
          <ns3:TrackPointExtension>
            <ns3:hr>174</ns3:hr>
          </ns3:TrackPointExtension>
        </extensions>
      </trkpt>
      <trkpt lat="36.775360442698001861572265625" lon="126.9805048406124114990234375">
        <ele>22</ele>
        <time>2026-02-07T05:44:31.000Z</time>
        <extensions>
          <ns3:TrackPointExtension>
            <ns3:hr>174</ns3:hr>
          </ns3:TrackPointExtension>
        </extensions>
      </trkpt>
      <trkpt lat="36.7751638032495975494384765625" lon="126.98047307319939136505126953125">
        <ele>21.799999237060546875</ele>
        <time>2026-02-07T05:44:38.000Z</time>
        <extensions>
          <ns3:TrackPointExtension>
            <ns3:hr>174</ns3:hr>
          </ns3:TrackPointExtension>
        </extensions>
      </trkpt>
      <trkpt lat="36.77513672970235347747802734375" lon="126.98046435602009296417236328125">
        <ele>21.799999237060546875</ele>
        <time>2026-02-07T05:44:39.000Z</time>
        <extensions>
          <ns3:TrackPointExtension>
            <ns3:hr>174</ns3:hr>
          </ns3:TrackPointExtension>
        </extensions>
      </trkpt>
      <trkpt lat="36.77495802752673625946044921875" lon="126.98043719865381717681884765625">
        <ele>22.3999996185302734375</ele>
        <time>2026-02-07T05:44:46.000Z</time>
        <extensions>
          <ns3:TrackPointExtension>
            <ns3:hr>175</ns3:hr>
          </ns3:TrackPointExtension>
        </extensions>
      </trkpt>
      <trkpt lat="36.774917207658290863037109375" lon="126.98045714758336544036865234375">
        <ele>23</ele>
        <time>2026-02-07T05:44:48.000Z</time>
        <extensions>
          <ns3:TrackPointExtension>
            <ns3:hr>175</ns3:hr>
          </ns3:TrackPointExtension>
        </extensions>
      </trkpt>
      <trkpt lat="36.77482542581856250762939453125" lon="126.98052026331424713134765625">
        <ele>24</ele>
        <time>2026-02-07T05:44:53.000Z</time>
        <extensions>
          <ns3:TrackPointExtension>
            <ns3:hr>175</ns3:hr>
          </ns3:TrackPointExtension>
        </extensions>
      </trkpt>
      <trkpt lat="36.77479089237749576568603515625" lon="126.98053157888352870941162109375">
        <ele>24.200000762939453125</ele>
        <time>2026-02-07T05:44:55.000Z</time>
        <extensions>
          <ns3:TrackPointExtension>
            <ns3:hr>176</ns3:hr>
          </ns3:TrackPointExtension>
        </extensions>
      </trkpt>
      <trkpt lat="36.7747259326279163360595703125" lon="126.980567537248134613037109375">
        <ele>23.799999237060546875</ele>
        <time>2026-02-07T05:45:01.000Z</time>
        <extensions>
          <ns3:TrackPointExtension>
            <ns3:hr>178</ns3:hr>
          </ns3:TrackPointExtension>
        </extensions>
      </trkpt>
      <trkpt lat="36.77469290792942047119140625" lon="126.9805894978344440460205078125">
        <ele>23.6000003814697265625</ele>
        <time>2026-02-07T05:45:05.000Z</time>
        <extensions>
          <ns3:TrackPointExtension>
            <ns3:hr>175</ns3:hr>
          </ns3:TrackPointExtension>
        </extensions>
      </trkpt>
      <trkpt lat="36.77465133368968963623046875" lon="126.9806076027452945709228515625">
        <ele>23.200000762939453125</ele>
        <time>2026-02-07T05:45:09.000Z</time>
        <extensions>
          <ns3:TrackPointExtension>
            <ns3:hr>173</ns3:hr>
          </ns3:TrackPointExtension>
        </extensions>
      </trkpt>
      <trkpt lat="36.7746387608349323272705078125" lon="126.98061808012425899505615234375">
        <ele>23</ele>
        <time>2026-02-07T05:45:11.000Z</time>
        <extensions>
          <ns3:TrackPointExtension>
            <ns3:hr>174</ns3:hr>
          </ns3:TrackPointExtension>
        </extensions>
      </trkpt>
      <trkpt lat="36.774592660367488861083984375" lon="126.980642639100551605224609375">
        <ele>22.799999237060546875</ele>
        <time>2026-02-07T05:45:15.000Z</time>
        <extensions>
          <ns3:TrackPointExtension>
            <ns3:hr>171</ns3:hr>
          </ns3:TrackPointExtension>
        </extensions>
      </trkpt>
      <trkpt lat="36.774566173553466796875" lon="126.98066485114395618438720703125">
        <ele>22.6000003814697265625</ele>
        <time>2026-02-07T05:45:17.000Z</time>
        <extensions>
          <ns3:TrackPointExtension>
            <ns3:hr>170</ns3:hr>
          </ns3:TrackPointExtension>
        </extensions>
      </trkpt>
      <trkpt lat="36.7745157144963741302490234375" lon="126.98069326579570770263671875">
        <ele>21.799999237060546875</ele>
        <time>2026-02-07T05:45:21.000Z</time>
        <extensions>
          <ns3:TrackPointExtension>
            <ns3:hr>169</ns3:hr>
          </ns3:TrackPointExtension>
        </extensions>
      </trkpt>
      <trkpt lat="36.7744845338165760040283203125" lon="126.98071748949587345123291015625">
        <ele>21.799999237060546875</ele>
        <time>2026-02-07T05:45:24.000Z</time>
        <extensions>
          <ns3:TrackPointExtension>
            <ns3:hr>166</ns3:hr>
          </ns3:TrackPointExtension>
        </extensions>
      </trkpt>
      <trkpt lat="36.7744506709277629852294921875" lon="126.98076032102108001708984375">
        <ele>22</ele>
        <time>2026-02-07T05:45:29.000Z</time>
        <extensions>
          <ns3:TrackPointExtension>
            <ns3:hr>163</ns3:hr>
          </ns3:TrackPointExtension>
        </extensions>
      </trkpt>
      <trkpt lat="36.77442711777985095977783203125" lon="126.9807920046150684356689453125">
        <ele>22.200000762939453125</ele>
        <time>2026-02-07T05:45:32.000Z</time>
        <extensions>
          <ns3:TrackPointExtension>
            <ns3:hr>166</ns3:hr>
          </ns3:TrackPointExtension>
        </extensions>
      </trkpt>
      <trkpt lat="36.774370372295379638671875" lon="126.980869956314563751220703125">
        <ele>22.3999996185302734375</ele>
        <time>2026-02-07T05:45:38.000Z</time>
        <extensions>
          <ns3:TrackPointExtension>
            <ns3:hr>168</ns3:hr>
          </ns3:TrackPointExtension>
        </extensions>
      </trkpt>
      <trkpt lat="36.774291582405567169189453125" lon="126.98098252527415752410888671875">
        <ele>22.3999996185302734375</ele>
        <time>2026-02-07T05:45:47.000Z</time>
        <extensions>
          <ns3:TrackPointExtension>
            <ns3:hr>165</ns3:hr>
          </ns3:TrackPointExtension>
        </extensions>
      </trkpt>
      <trkpt lat="36.77427993156015872955322265625" lon="126.98099358938634395599365234375">
        <ele>22.3999996185302734375</ele>
        <time>2026-02-07T05:45:48.000Z</time>
        <extensions>
          <ns3:TrackPointExtension>
            <ns3:hr>162</ns3:hr>
          </ns3:TrackPointExtension>
        </extensions>
      </trkpt>
      <trkpt lat="36.77426869980990886688232421875" lon="126.98100515641272068023681640625">
        <ele>22.3999996185302734375</ele>
        <time>2026-02-07T05:45:49.000Z</time>
        <extensions>
          <ns3:TrackPointExtension>
            <ns3:hr>157</ns3:hr>
          </ns3:TrackPointExtension>
        </extensions>
      </trkpt>
      <trkpt lat="36.77425797097384929656982421875" lon="126.98101370595395565032958984375">
        <ele>22.3999996185302734375</ele>
        <time>2026-02-07T05:45:50.000Z</time>
        <extensions>
          <ns3:TrackPointExtension>
            <ns3:hr>153</ns3:hr>
          </ns3:TrackPointExtension>
        </extensions>
      </trkpt>
      <trkpt lat="36.77424774505198001861572265625" lon="126.98102426715195178985595703125">
        <ele>22.3999996185302734375</ele>
        <time>2026-02-07T05:45:51.000Z</time>
        <extensions>
          <ns3:TrackPointExtension>
            <ns3:hr>147</ns3:hr>
          </ns3:TrackPointExtension>
        </extensions>
      </trkpt>
      <trkpt lat="36.77423349581658840179443359375" lon="126.98104656301438808441162109375">
        <ele>22.3999996185302734375</ele>
        <time>2026-02-07T05:45:53.000Z</time>
        <extensions>
          <ns3:TrackPointExtension>
            <ns3:hr>144</ns3:hr>
          </ns3:TrackPointExtension>
        </extensions>
      </trkpt>
      <trkpt lat="36.7741973698139190673828125" lon="126.9811083376407623291015625">
        <ele>22.200000762939453125</ele>
        <time>2026-02-07T05:45:58.000Z</time>
        <extensions>
          <ns3:TrackPointExtension>
            <ns3:hr>144</ns3:hr>
          </ns3:TrackPointExtension>
        </extensions>
      </trkpt>
      <trkpt lat="36.77413928322494029998779296875" lon="126.98120883665978908538818359375">
        <ele>22.3999996185302734375</ele>
        <time>2026-02-07T05:46:06.000Z</time>
        <extensions>
          <ns3:TrackPointExtension>
            <ns3:hr>141</ns3:hr>
          </ns3:TrackPointExtension>
        </extensions>
      </trkpt>
      <trkpt lat="36.7741029895842075347900390625" lon="126.98127287440001964569091796875">
        <ele>22.6000003814697265625</ele>
        <time>2026-02-07T05:46:11.000Z</time>
        <extensions>
          <ns3:TrackPointExtension>
            <ns3:hr>139</ns3:hr>
          </ns3:TrackPointExtension>
        </extensions>
      </trkpt>
      <trkpt lat="36.77404289133846759796142578125" lon="126.9813696853816509246826171875">
        <ele>22.6000003814697265625</ele>
        <time>2026-02-07T05:46:19.000Z</time>
        <extensions>
          <ns3:TrackPointExtension>
            <ns3:hr>136</ns3:hr>
          </ns3:TrackPointExtension>
        </extensions>
      </trkpt>
      <trkpt lat="36.7740345932543277740478515625" lon="126.98137722909450531005859375">
        <ele>22.6000003814697265625</ele>
        <time>2026-02-07T05:46:20.000Z</time>
        <extensions>
          <ns3:TrackPointExtension>
            <ns3:hr>136</ns3:hr>
          </ns3:TrackPointExtension>
        </extensions>
      </trkpt>
      <trkpt lat="36.77398120053112506866455078125" lon="126.9814635626971721649169921875">
        <ele>22.6000003814697265625</ele>
        <time>2026-02-07T05:46:27.000Z</time>
        <extensions>
          <ns3:TrackPointExtension>
            <ns3:hr>133</ns3:hr>
          </ns3:TrackPointExtension>
        </extensions>
      </trkpt>
      <trkpt lat="36.7739889957010746002197265625" lon="126.9814927317202091217041015625">
        <ele>23</ele>
        <time>2026-02-07T05:46:30.000Z</time>
        <extensions>
          <ns3:TrackPointExtension>
            <ns3:hr>132</ns3:hr>
          </ns3:TrackPointExtension>
        </extensions>
      </trkpt>
      <trkpt lat="36.77397399209439754486083984375" lon="126.9816234894096851348876953125">
        <ele>23.200000762939453125</ele>
        <time>2026-02-07T05:46:38.000Z</time>
        <extensions>
          <ns3:TrackPointExtension>
            <ns3:hr>131</ns3:hr>
          </ns3:TrackPointExtension>
        </extensions>
      </trkpt>
      <trkpt lat="36.773930490016937255859375" lon="126.98177629150450229644775390625">
        <ele>22.6000003814697265625</ele>
        <time>2026-02-07T05:46:48.000Z</time>
        <extensions>
          <ns3:TrackPointExtension>
            <ns3:hr>129</ns3:hr>
          </ns3:TrackPointExtension>
        </extensions>
      </trkpt>
      <trkpt lat="36.7739199288189411163330078125" lon="126.98185608722269535064697265625">
        <ele>22.799999237060546875</ele>
        <time>2026-02-07T05:46:53.000Z</time>
        <extensions>
          <ns3:TrackPointExtension>
            <ns3:hr>126</ns3:hr>
          </ns3:TrackPointExtension>
        </extensions>
      </trkpt>
      <trkpt lat="36.77391028963029384613037109375" lon="126.98193781077861785888671875">
        <ele>22.799999237060546875</ele>
        <time>2026-02-07T05:46:58.000Z</time>
        <extensions>
          <ns3:TrackPointExtension>
            <ns3:hr>125</ns3:hr>
          </ns3:TrackPointExtension>
        </extensions>
      </trkpt>
      <trkpt lat="36.77390274591743946075439453125" lon="126.98207820765674114227294921875">
        <ele>23.6000003814697265625</ele>
        <time>2026-02-07T05:47:08.000Z</time>
        <extensions>
          <ns3:TrackPointExtension>
            <ns3:hr>124</ns3:hr>
          </ns3:TrackPointExtension>
        </extensions>
      </trkpt>
      <trkpt lat="36.7738941125571727752685546875" lon="126.98217116296291351318359375">
        <ele>24.200000762939453125</ele>
        <time>2026-02-07T05:47:14.000Z</time>
        <extensions>
          <ns3:TrackPointExtension>
            <ns3:hr>124</ns3:hr>
          </ns3:TrackPointExtension>
        </extensions>
      </trkpt>
      <trkpt lat="36.77390241064131259918212890625" lon="126.98221500031650066375732421875">
        <ele>25</ele>
        <time>2026-02-07T05:47:17.000Z</time>
        <extensions>
          <ns3:TrackPointExtension>
            <ns3:hr>125</ns3:hr>
          </ns3:TrackPointExtension>
        </extensions>
      </trkpt>
      <trkpt lat="36.77392353303730487823486328125" lon="126.9822259806096553802490234375">
        <ele>25.200000762939453125</ele>
        <time>2026-02-07T05:47:19.000Z</time>
        <extensions>
          <ns3:TrackPointExtension>
            <ns3:hr>125</ns3:hr>
          </ns3:TrackPointExtension>
        </extensions>
      </trkpt>
      <trkpt lat="36.77396493963897228240966796875" lon="126.9822082109749317169189453125">
        <ele>26</ele>
        <time>2026-02-07T05:47:23.000Z</time>
        <extensions>
          <ns3:TrackPointExtension>
            <ns3:hr>127</ns3:hr>
          </ns3:TrackPointExtension>
        </extensions>
      </trkpt>
      <trkpt lat="36.7740014009177684783935546875" lon="126.98219153098762035369873046875">
        <ele>26.200000762939453125</ele>
        <time>2026-02-07T05:47:26.000Z</time>
        <extensions>
          <ns3:TrackPointExtension>
            <ns3:hr>130</ns3:hr>
          </ns3:TrackPointExtension>
        </extensions>
      </trkpt>
      <trkpt lat="36.7740409635007381439208984375" lon="126.9821746833622455596923828125">
        <ele>26.3999996185302734375</ele>
        <time>2026-02-07T05:47:30.000Z</time>
        <extensions>
          <ns3:TrackPointExtension>
            <ns3:hr>131</ns3:hr>
          </ns3:TrackPointExtension>
        </extensions>
      </trkpt>
      <trkpt lat="36.7740533687174320220947265625" lon="126.98217158205807209014892578125">
        <ele>26.6000003814697265625</ele>
        <time>2026-02-07T05:47:31.000Z</time>
        <extensions>
          <ns3:TrackPointExtension>
            <ns3:hr>131</ns3:hr>
          </ns3:TrackPointExtension>
        </extensions>
      </trkpt>
      <trkpt lat="36.77414766512811183929443359375" lon="126.9821448437869548797607421875">
        <ele>27.3999996185302734375</ele>
        <time>2026-02-07T05:47:39.000Z</time>
        <extensions>
          <ns3:TrackPointExtension>
            <ns3:hr>133</ns3:hr>
          </ns3:TrackPointExtension>
        </extensions>
      </trkpt>
      <trkpt lat="36.7741821147501468658447265625" lon="126.98212699033319950103759765625">
        <ele>27.3999996185302734375</ele>
        <time>2026-02-07T05:47:42.000Z</time>
        <extensions>
          <ns3:TrackPointExtension>
            <ns3:hr>135</ns3:hr>
          </ns3:TrackPointExtension>
        </extensions>
      </trkpt>
      <trkpt lat="36.7743194103240966796875" lon="126.98212028481066226959228515625">
        <ele>28.3999996185302734375</ele>
        <time>2026-02-07T05:47:54.000Z</time>
        <extensions>
          <ns3:TrackPointExtension>
            <ns3:hr>137</ns3:hr>
          </ns3:TrackPointExtension>
        </extensions>
      </trkpt>
      <trkpt lat="36.7743236012756824493408203125" lon="126.98211492039263248443603515625">
        <ele>28.6000003814697265625</ele>
        <time>2026-02-07T05:47:55.000Z</time>
        <extensions>
          <ns3:TrackPointExtension>
            <ns3:hr>137</ns3:hr>
          </ns3:TrackPointExtension>
        </extensions>
      </trkpt>
      <trkpt lat="36.774386800825595855712890625" lon="126.982109807431697845458984375">
        <ele>29.200000762939453125</ele>
        <time>2026-02-07T05:48:00.000Z</time>
        <extensions>
          <ns3:TrackPointExtension>
            <ns3:hr>135</ns3:hr>
          </ns3:TrackPointExtension>
        </extensions>
      </trkpt>
      <trkpt lat="36.77446198649704456329345703125" lon="126.9821141660213470458984375">
        <ele>29.6000003814697265625</ele>
        <time>2026-02-07T05:48:06.000Z</time>
        <extensions>
          <ns3:TrackPointExtension>
            <ns3:hr>133</ns3:hr>
          </ns3:TrackPointExtension>
        </extensions>
      </trkpt>
      <trkpt lat="36.77450574003159999847412109375" lon="126.98212288320064544677734375">
        <ele>30</ele>
        <time>2026-02-07T05:48:10.000Z</time>
        <extensions>
          <ns3:TrackPointExtension>
            <ns3:hr>132</ns3:hr>
          </ns3:TrackPointExtension>
        </extensions>
      </trkpt>
      <trkpt lat="36.7745985276997089385986328125" lon="126.98214341886341571807861328125">
        <ele>30.6000003814697265625</ele>
        <time>2026-02-07T05:48:18.000Z</time>
        <extensions>
          <ns3:TrackPointExtension>
            <ns3:hr>132</ns3:hr>
          </ns3:TrackPointExtension>
        </extensions>
      </trkpt>
      <trkpt lat="36.77460967563092708587646484375" lon="126.98214408941566944122314453125">
        <ele>30.799999237060546875</ele>
        <time>2026-02-07T05:48:19.000Z</time>
        <extensions>
          <ns3:TrackPointExtension>
            <ns3:hr>132</ns3:hr>
          </ns3:TrackPointExtension>
        </extensions>
      </trkpt>
      <trkpt lat="36.77473205141723155975341796875" lon="126.9821716658771038055419921875">
        <ele>30.799999237060546875</ele>
        <time>2026-02-07T05:48:30.000Z</time>
        <extensions>
          <ns3:TrackPointExtension>
            <ns3:hr>132</ns3:hr>
          </ns3:TrackPointExtension>
        </extensions>
      </trkpt>
      <trkpt lat="36.7748375795781612396240234375" lon="126.9821820594370365142822265625">
        <ele>31.799999237060546875</ele>
        <time>2026-02-07T05:48:38.000Z</time>
        <extensions>
          <ns3:TrackPointExtension>
            <ns3:hr>134</ns3:hr>
          </ns3:TrackPointExtension>
        </extensions>
      </trkpt>
      <trkpt lat="36.77487018518149852752685546875" lon="126.98218365199863910675048828125">
        <ele>32.799999237060546875</ele>
        <time>2026-02-07T05:48:41.000Z</time>
        <extensions>
          <ns3:TrackPointExtension>
            <ns3:hr>134</ns3:hr>
          </ns3:TrackPointExtension>
        </extensions>
      </trkpt>
      <trkpt lat="36.7748784832656383514404296875" lon="126.982189603149890899658203125">
        <ele>33</ele>
        <time>2026-02-07T05:48:42.000Z</time>
        <extensions>
          <ns3:TrackPointExtension>
            <ns3:hr>133</ns3:hr>
          </ns3:TrackPointExtension>
        </extensions>
      </trkpt>
      <trkpt lat="36.77497093565762042999267578125" lon="126.9822346977889537811279296875">
        <ele>33.200000762939453125</ele>
        <time>2026-02-07T05:48:50.000Z</time>
        <extensions>
          <ns3:TrackPointExtension>
            <ns3:hr>132</ns3:hr>
          </ns3:TrackPointExtension>
        </extensions>
      </trkpt>
      <trkpt lat="36.77507369779050350189208984375" lon="126.98225489817559719085693359375">
        <ele>33.40000152587890625</ele>
        <time>2026-02-07T05:48:56.000Z</time>
        <extensions>
          <ns3:TrackPointExtension>
            <ns3:hr>130</ns3:hr>
          </ns3:TrackPointExtension>
        </extensions>
      </trkpt>
      <trkpt lat="36.7751259170472621917724609375" lon="126.9823037646710872650146484375">
        <ele>33.59999847412109375</ele>
        <time>2026-02-07T05:49:03.000Z</time>
        <extensions>
          <ns3:TrackPointExtension>
            <ns3:hr>131</ns3:hr>
          </ns3:TrackPointExtension>
        </extensions>
      </trkpt>
      <trkpt lat="36.77516958676278591156005859375" lon="126.9823906011879444122314453125">
        <ele>33.40000152587890625</ele>
        <time>2026-02-07T05:49:09.000Z</time>
        <extensions>
          <ns3:TrackPointExtension>
            <ns3:hr>131</ns3:hr>
          </ns3:TrackPointExtension>
        </extensions>
      </trkpt>
      <trkpt lat="36.77521468140184879302978515625" lon="126.9824137352406978607177734375">
        <ele>34</ele>
        <time>2026-02-07T05:49:13.000Z</time>
        <extensions>
          <ns3:TrackPointExtension>
            <ns3:hr>130</ns3:hr>
          </ns3:TrackPointExtension>
        </extensions>
      </trkpt>
      <trkpt lat="36.77526078186929225921630859375" lon="126.98241524398326873779296875">
        <ele>34.200000762939453125</ele>
        <time>2026-02-07T05:49:19.000Z</time>
        <extensions>
          <ns3:TrackPointExtension>
            <ns3:hr>130</ns3:hr>
          </ns3:TrackPointExtension>
        </extensions>
      </trkpt>
      <trkpt lat="36.77525860257446765899658203125" lon="126.98240493424236774444580078125">
        <ele>34.200000762939453125</ele>
        <time>2026-02-07T05:49:26.000Z</time>
        <extensions>
          <ns3:TrackPointExtension>
            <ns3:hr>130</ns3:hr>
          </ns3:TrackPointExtension>
        </extensions>
      </trkpt>
      <trkpt lat="36.77525860257446765899658203125" lon="126.98240493424236774444580078125">
        <ele>34.40000152587890625</ele>
        <time>2026-02-07T05:49:35.000Z</time>
        <extensions>
          <ns3:TrackPointExtension>
            <ns3:hr>127</ns3:hr>
          </ns3:TrackPointExtension>
        </extensions>
      </trkpt>
      <trkpt lat="36.7752675712108612060546875" lon="126.98240317404270172119140625">
        <ele>34.40000152587890625</ele>
        <time>2026-02-07T05:49:38.000Z</time>
        <extensions>
          <ns3:TrackPointExtension>
            <ns3:hr>126</ns3:hr>
          </ns3:TrackPointExtension>
        </extensions>
      </trkpt>
      <trkpt lat="36.77525860257446765899658203125" lon="126.98240493424236774444580078125">
        <ele>34</ele>
        <time>2026-02-07T05:49:47.000Z</time>
        <extensions>
          <ns3:TrackPointExtension>
            <ns3:hr>126</ns3:hr>
          </ns3:TrackPointExtension>
        </extensions>
      </trkpt>
      <trkpt lat="36.77526933141052722930908203125" lon="126.9823956303298473358154296875">
        <ele>34.200000762939453125</ele>
        <time>2026-02-07T05:49:52.000Z</time>
        <extensions>
          <ns3:TrackPointExtension>
            <ns3:hr>123</ns3:hr>
          </ns3:TrackPointExtension>
        </extensions>
      </trkpt>
      <trkpt lat="36.7752871848642826080322265625" lon="126.9823936186730861663818359375">
        <ele>34.200000762939453125</ele>
        <time>2026-02-07T05:49:55.000Z</time>
        <extensions>
          <ns3:TrackPointExtension>
            <ns3:hr>123</ns3:hr>
          </ns3:TrackPointExtension>
        </extensions>
      </trkpt>
      <trkpt lat="36.7752754501998424530029296875" lon="126.9823885895311832427978515625">
        <ele>34</ele>
        <time>2026-02-07T05:50:00.000Z</time>
        <extensions>
          <ns3:TrackPointExtension>
            <ns3:hr>120</ns3:hr>
          </ns3:TrackPointExtension>
        </extensions>
      </trkpt>
      <trkpt lat="36.77526949904859066009521484375" lon="126.98238649405539035797119140625">
        <ele>34.200000762939453125</ele>
        <time>2026-02-07T05:50:03.000Z</time>
        <extensions>
          <ns3:TrackPointExtension>
            <ns3:hr>118</ns3:hr>
          </ns3:TrackPointExtension>
        </extensions>
      </trkpt>
      <trkpt lat="36.77526891231536865234375" lon="126.9823859073221683502197265625">
        <ele>35.200000762939453125</ele>
        <time>2026-02-07T05:50:09.000Z</time>
        <extensions>
          <ns3:TrackPointExtension>
            <ns3:hr>116</ns3:hr>
          </ns3:TrackPointExtension>
        </extensions>
      </trkpt>
      <trkpt lat="36.77526891231536865234375" lon="126.9823859073221683502197265625">
        <ele>34.799999237060546875</ele>
        <time>2026-02-07T05:50:18.000Z</time>
        <extensions>
          <ns3:TrackPointExtension>
            <ns3:hr>113</ns3:hr>
          </ns3:TrackPointExtension>
        </extensions>
      </trkpt>
      <trkpt lat="36.77526891231536865234375" lon="126.9823859073221683502197265625">
        <ele>34.59999847412109375</ele>
        <time>2026-02-07T05:50:19.000Z</time>
        <extensions>
          <ns3:TrackPointExtension>
            <ns3:hr>113</ns3:hr>
          </ns3:TrackPointExtension>
        </extensions>
      </trkpt>
      <trkpt lat="36.77526891231536865234375" lon="126.9823859073221683502197265625">
        <ele>34.40000152587890625</ele>
        <time>2026-02-07T05:50:26.000Z</time>
        <extensions>
          <ns3:TrackPointExtension>
            <ns3:hr>112</ns3:hr>
          </ns3:TrackPointExtension>
        </extensions>
      </trkpt>
      <trkpt lat="36.775260865688323974609375" lon="126.9824174232780933380126953125">
        <ele>34</ele>
        <time>2026-02-07T05:50:34.000Z</time>
        <extensions>
          <ns3:TrackPointExtension>
            <ns3:hr>113</ns3:hr>
          </ns3:TrackPointExtension>
        </extensions>
      </trkpt>
      <trkpt lat="36.77526681683957576751708984375" lon="126.98242664337158203125">
        <ele>33.799999237060546875</ele>
        <time>2026-02-07T05:50:35.000Z</time>
        <extensions>
          <ns3:TrackPointExtension>
            <ns3:hr>113</ns3:hr>
          </ns3:TrackPointExtension>
        </extensions>
      </trkpt>
      <trkpt lat="36.775365136563777923583984375" lon="126.9825166650116443634033203125">
        <ele>34.799999237060546875</ele>
        <time>2026-02-07T05:50:44.000Z</time>
        <extensions>
          <ns3:TrackPointExtension>
            <ns3:hr>113</ns3:hr>
          </ns3:TrackPointExtension>
        </extensions>
      </trkpt>
      <trkpt lat="36.77542272023856639862060546875" lon="126.98262152262032032012939453125">
        <ele>35</ele>
        <time>2026-02-07T05:50:53.000Z</time>
        <extensions>
          <ns3:TrackPointExtension>
            <ns3:hr>112</ns3:hr>
          </ns3:TrackPointExtension>
        </extensions>
      </trkpt>
      <trkpt lat="36.7754759453237056732177734375" lon="126.9826980493962764739990234375">
        <ele>36</ele>
        <time>2026-02-07T05:51:00.000Z</time>
        <extensions>
          <ns3:TrackPointExtension>
            <ns3:hr>112</ns3:hr>
          </ns3:TrackPointExtension>
        </extensions>
      </trkpt>
      <trkpt lat="36.77549061365425586700439453125" lon="126.98271355591714382171630859375">
        <ele>36</ele>
        <time>2026-02-07T05:51:01.000Z</time>
        <extensions>
          <ns3:TrackPointExtension>
            <ns3:hr>113</ns3:hr>
          </ns3:TrackPointExtension>
        </extensions>
      </trkpt>
      <trkpt lat="36.7755597643554210662841796875" lon="126.9827530346810817718505859375">
        <ele>36.59999847412109375</ele>
        <time>2026-02-07T05:51:07.000Z</time>
        <extensions>
          <ns3:TrackPointExtension>
            <ns3:hr>116</ns3:hr>
          </ns3:TrackPointExtension>
        </extensions>
      </trkpt>
      <trkpt lat="36.77566059865057468414306640625" lon="126.98280994780361652374267578125">
        <ele>36.799999237060546875</ele>
        <time>2026-02-07T05:51:15.000Z</time>
        <extensions>
          <ns3:TrackPointExtension>
            <ns3:hr>119</ns3:hr>
          </ns3:TrackPointExtension>
        </extensions>
      </trkpt>
      <trkpt lat="36.77567015402019023895263671875" lon="126.9828194193542003631591796875">
        <ele>36.799999237060546875</ele>
        <time>2026-02-07T05:51:16.000Z</time>
        <extensions>
          <ns3:TrackPointExtension>
            <ns3:hr>119</ns3:hr>
          </ns3:TrackPointExtension>
        </extensions>
      </trkpt>
      <trkpt lat="36.77568960003554821014404296875" lon="126.98284179903566837310791015625">
        <ele>36.799999237060546875</ele>
        <time>2026-02-07T05:51:18.000Z</time>
        <extensions>
          <ns3:TrackPointExtension>
            <ns3:hr>120</ns3:hr>
          </ns3:TrackPointExtension>
        </extensions>
      </trkpt>
      <trkpt lat="36.77572580985724925994873046875" lon="126.982924528419971466064453125">
        <ele>36.40000152587890625</ele>
        <time>2026-02-07T05:51:24.000Z</time>
        <extensions>
          <ns3:TrackPointExtension>
            <ns3:hr>120</ns3:hr>
          </ns3:TrackPointExtension>
        </extensions>
      </trkpt>
      <trkpt lat="36.77580510266125202178955078125" lon="126.98303089477121829986572265625">
        <ele>36.799999237060546875</ele>
        <time>2026-02-07T05:51:32.000Z</time>
        <extensions>
          <ns3:TrackPointExtension>
            <ns3:hr>120</ns3:hr>
          </ns3:TrackPointExtension>
        </extensions>
      </trkpt>
      <trkpt lat="36.7759101279079914093017578125" lon="126.98311823420226573944091796875">
        <ele>36.799999237060546875</ele>
        <time>2026-02-07T05:51:42.000Z</time>
        <extensions>
          <ns3:TrackPointExtension>
            <ns3:hr>120</ns3:hr>
          </ns3:TrackPointExtension>
        </extensions>
      </trkpt>
      <trkpt lat="36.776016913354396820068359375" lon="126.98321009986102581024169921875">
        <ele>36.59999847412109375</ele>
        <time>2026-02-07T05:51:51.000Z</time>
        <extensions>
          <ns3:TrackPointExtension>
            <ns3:hr>119</ns3:hr>
          </ns3:TrackPointExtension>
        </extensions>
      </trkpt>
      <trkpt lat="36.7761538736522197723388671875" lon="126.983338929712772369384765625">
        <ele>35.40000152587890625</ele>
        <time>2026-02-07T05:51:59.000Z</time>
        <extensions>
          <ns3:TrackPointExtension>
            <ns3:hr>118</ns3:hr>
          </ns3:TrackPointExtension>
        </extensions>
      </trkpt>
      <trkpt lat="36.77620206959545612335205078125" lon="126.9833801686763763427734375">
        <ele>34.59999847412109375</ele>
        <time>2026-02-07T05:52:01.000Z</time>
        <extensions>
          <ns3:TrackPointExtension>
            <ns3:hr>117</ns3:hr>
          </ns3:TrackPointExtension>
        </extensions>
      </trkpt>
      <trkpt lat="36.77635914646089076995849609375" lon="126.9835191406309604644775390625">
        <ele>34.799999237060546875</ele>
        <time>2026-02-07T05:52:07.000Z</time>
        <extensions>
          <ns3:TrackPointExtension>
            <ns3:hr>117</ns3:hr>
          </ns3:TrackPointExtension>
        </extensions>
      </trkpt>
      <trkpt lat="36.7764127068221569061279296875" lon="126.98356532491743564605712890625">
        <ele>34.40000152587890625</ele>
        <time>2026-02-07T05:52:09.000Z</time>
        <extensions>
          <ns3:TrackPointExtension>
            <ns3:hr>118</ns3:hr>
          </ns3:TrackPointExtension>
        </extensions>
      </trkpt>
      <trkpt lat="36.77656483836472034454345703125" lon="126.98369356803596019744873046875">
        <ele>33.59999847412109375</ele>
        <time>2026-02-07T05:52:15.000Z</time>
        <extensions>
          <ns3:TrackPointExtension>
            <ns3:hr>121</ns3:hr>
          </ns3:TrackPointExtension>
        </extensions>
      </trkpt>
      <trkpt lat="36.77664480172097682952880859375" lon="126.98375928215682506561279296875">
        <ele>33.799999237060546875</ele>
        <time>2026-02-07T05:52:18.000Z</time>
        <extensions>
          <ns3:TrackPointExtension>
            <ns3:hr>121</ns3:hr>
          </ns3:TrackPointExtension>
        </extensions>
      </trkpt>
      <trkpt lat="36.776696853339672088623046875" lon="126.983802281320095062255859375">
        <ele>33.40000152587890625</ele>
        <time>2026-02-07T05:52:20.000Z</time>
        <extensions>
          <ns3:TrackPointExtension>
            <ns3:hr>124</ns3:hr>
          </ns3:TrackPointExtension>
        </extensions>
      </trkpt>
      <trkpt lat="36.77679349668323993682861328125" lon="126.98388777673244476318359375">
        <ele>33</ele>
        <time>2026-02-07T05:52:24.000Z</time>
        <extensions>
          <ns3:TrackPointExtension>
            <ns3:hr>127</ns3:hr>
          </ns3:TrackPointExtension>
        </extensions>
      </trkpt>
      <trkpt lat="36.7768908105790615081787109375" lon="126.98397553525865077972412109375">
        <ele>33</ele>
        <time>2026-02-07T05:52:28.000Z</time>
        <extensions>
          <ns3:TrackPointExtension>
            <ns3:hr>130</ns3:hr>
          </ns3:TrackPointExtension>
        </extensions>
      </trkpt>
      <trkpt lat="36.77693716250360012054443359375" lon="126.98401828296482563018798828125">
        <ele>32.59999847412109375</ele>
        <time>2026-02-07T05:52:30.000Z</time>
        <extensions>
          <ns3:TrackPointExtension>
            <ns3:hr>132</ns3:hr>
          </ns3:TrackPointExtension>
        </extensions>
      </trkpt>
      <trkpt lat="36.77703875117003917694091796875" lon="126.98411081917583942413330078125">
        <ele>32.40000152587890625</ele>
        <time>2026-02-07T05:52:34.000Z</time>
        <extensions>
          <ns3:TrackPointExtension>
            <ns3:hr>135</ns3:hr>
          </ns3:TrackPointExtension>
        </extensions>
      </trkpt>
      <trkpt lat="36.777086444199085235595703125" lon="126.98415624909102916717529296875">
        <ele>32.40000152587890625</ele>
        <time>2026-02-07T05:52:36.000Z</time>
        <extensions>
          <ns3:TrackPointExtension>
            <ns3:hr>138</ns3:hr>
          </ns3:TrackPointExtension>
        </extensions>
      </trkpt>
      <trkpt lat="36.7771600373089313507080078125" lon="126.984227411448955535888671875">
        <ele>32</ele>
        <time>2026-02-07T05:52:39.000Z</time>
        <extensions>
          <ns3:TrackPointExtension>
            <ns3:hr>140</ns3:hr>
          </ns3:TrackPointExtension>
        </extensions>
      </trkpt>
      <trkpt lat="36.77728953771293163299560546875" lon="126.984329335391521453857421875">
        <ele>32.59999847412109375</ele>
        <time>2026-02-07T05:52:44.000Z</time>
        <extensions>
          <ns3:TrackPointExtension>
            <ns3:hr>143</ns3:hr>
          </ns3:TrackPointExtension>
        </extensions>
      </trkpt>
      <trkpt lat="36.77739129401743412017822265625" lon="126.98441684246063232421875">
        <ele>33</ele>
        <time>2026-02-07T05:52:48.000Z</time>
        <extensions>
          <ns3:TrackPointExtension>
            <ns3:hr>145</ns3:hr>
          </ns3:TrackPointExtension>
        </extensions>
      </trkpt>
      <trkpt lat="36.77749120630323886871337890625" lon="126.984507702291011810302734375">
        <ele>33</ele>
        <time>2026-02-07T05:52:52.000Z</time>
        <extensions>
          <ns3:TrackPointExtension>
            <ns3:hr>148</ns3:hr>
          </ns3:TrackPointExtension>
        </extensions>
      </trkpt>
      <trkpt lat="36.77759011276066303253173828125" lon="126.98459931649267673492431640625">
        <ele>33.200000762939453125</ele>
        <time>2026-02-07T05:52:56.000Z</time>
        <extensions>
          <ns3:TrackPointExtension>
            <ns3:hr>151</ns3:hr>
          </ns3:TrackPointExtension>
        </extensions>
      </trkpt>
      <trkpt lat="36.7776145040988922119140625" lon="126.98462077416479587554931640625">
        <ele>33.200000762939453125</ele>
        <time>2026-02-07T05:52:57.000Z</time>
        <extensions>
          <ns3:TrackPointExtension>
            <ns3:hr>151</ns3:hr>
          </ns3:TrackPointExtension>
        </extensions>
      </trkpt>
      <trkpt lat="36.77769237197935581207275390625" lon="126.9846859015524387359619140625">
        <ele>33.200000762939453125</ele>
        <time>2026-02-07T05:53:00.000Z</time>
        <extensions>
          <ns3:TrackPointExtension>
            <ns3:hr>154</ns3:hr>
          </ns3:TrackPointExtension>
        </extensions>
      </trkpt>
      <trkpt lat="36.77785481326282024383544921875" lon="126.9848173297941684722900390625">
        <ele>33</ele>
        <time>2026-02-07T05:53:06.000Z</time>
        <extensions>
          <ns3:TrackPointExtension>
            <ns3:hr>156</ns3:hr>
          </ns3:TrackPointExtension>
        </extensions>
      </trkpt>
      <trkpt lat="36.77788046188652515411376953125" lon="126.98484138585627079010009765625">
        <ele>33</ele>
        <time>2026-02-07T05:53:07.000Z</time>
        <extensions>
          <ns3:TrackPointExtension>
            <ns3:hr>157</ns3:hr>
          </ns3:TrackPointExtension>
        </extensions>
      </trkpt>
      <trkpt lat="36.77803301252424716949462890625" lon="126.9849826209247112274169921875">
        <ele>33</ele>
        <time>2026-02-07T05:53:13.000Z</time>
        <extensions>
          <ns3:TrackPointExtension>
            <ns3:hr>159</ns3:hr>
          </ns3:TrackPointExtension>
        </extensions>
      </trkpt>
      <trkpt lat="36.77814046852290630340576171875" lon="126.985064931213855743408203125">
        <ele>32.799999237060546875</ele>
        <time>2026-02-07T05:53:17.000Z</time>
        <extensions>
          <ns3:TrackPointExtension>
            <ns3:hr>161</ns3:hr>
          </ns3:TrackPointExtension>
        </extensions>
      </trkpt>
      <trkpt lat="36.77828664891421794891357421875" lon="126.9852025620639324188232421875">
        <ele>32.799999237060546875</ele>
        <time>2026-02-07T05:53:23.000Z</time>
        <extensions>
          <ns3:TrackPointExtension>
            <ns3:hr>163</ns3:hr>
          </ns3:TrackPointExtension>
        </extensions>
      </trkpt>
      <trkpt lat="36.77840366028249263763427734375" lon="126.98530666530132293701171875">
        <ele>32.40000152587890625</ele>
        <time>2026-02-07T05:53:28.000Z</time>
        <extensions>
          <ns3:TrackPointExtension>
            <ns3:hr>164</ns3:hr>
          </ns3:TrackPointExtension>
        </extensions>
      </trkpt>
      <trkpt lat="36.7785554565489292144775390625" lon="126.98544672690331935882568359375">
        <ele>32</ele>
        <time>2026-02-07T05:53:34.000Z</time>
        <extensions>
          <ns3:TrackPointExtension>
            <ns3:hr>165</ns3:hr>
          </ns3:TrackPointExtension>
        </extensions>
      </trkpt>
      <trkpt lat="36.7786580510437488555908203125" lon="126.985540352761745452880859375">
        <ele>31.3999996185302734375</ele>
        <time>2026-02-07T05:53:38.000Z</time>
        <extensions>
          <ns3:TrackPointExtension>
            <ns3:hr>166</ns3:hr>
          </ns3:TrackPointExtension>
        </extensions>
      </trkpt>
      <trkpt lat="36.77868361584842205047607421875" lon="126.98555887676775455474853515625">
        <ele>31.3999996185302734375</ele>
        <time>2026-02-07T05:53:39.000Z</time>
        <extensions>
          <ns3:TrackPointExtension>
            <ns3:hr>166</ns3:hr>
          </ns3:TrackPointExtension>
        </extensions>
      </trkpt>
      <trkpt lat="36.7788424529135227203369140625" lon="126.9856940768659114837646484375">
        <ele>30.6000003814697265625</ele>
        <time>2026-02-07T05:53:45.000Z</time>
        <extensions>
          <ns3:TrackPointExtension>
            <ns3:hr>167</ns3:hr>
          </ns3:TrackPointExtension>
        </extensions>
      </trkpt>
      <trkpt lat="36.77889525890350341796875" lon="126.98573841713368892669677734375">
        <ele>30.3999996185302734375</ele>
        <time>2026-02-07T05:53:47.000Z</time>
        <extensions>
          <ns3:TrackPointExtension>
            <ns3:hr>167</ns3:hr>
          </ns3:TrackPointExtension>
        </extensions>
      </trkpt>
      <trkpt lat="36.7790513299405574798583984375" lon="126.9858865253627300262451171875">
        <ele>29.3999996185302734375</ele>
        <time>2026-02-07T05:53:53.000Z</time>
        <extensions>
          <ns3:TrackPointExtension>
            <ns3:hr>168</ns3:hr>
          </ns3:TrackPointExtension>
        </extensions>
      </trkpt>
      <trkpt lat="36.77912835963070392608642578125" lon="126.98595534078776836395263671875">
        <ele>29.3999996185302734375</ele>
        <time>2026-02-07T05:53:56.000Z</time>
        <extensions>
          <ns3:TrackPointExtension>
            <ns3:hr>168</ns3:hr>
          </ns3:TrackPointExtension>
        </extensions>
      </trkpt>
      <trkpt lat="36.779284514486789703369140625" lon="126.986077129840850830078125">
        <ele>28.3999996185302734375</ele>
        <time>2026-02-07T05:54:02.000Z</time>
        <extensions>
          <ns3:TrackPointExtension>
            <ns3:hr>168</ns3:hr>
          </ns3:TrackPointExtension>
        </extensions>
      </trkpt>
      <trkpt lat="36.77930940873920917510986328125" lon="126.9860967434942722320556640625">
        <ele>28.3999996185302734375</ele>
        <time>2026-02-07T05:54:03.000Z</time>
        <extensions>
          <ns3:TrackPointExtension>
            <ns3:hr>169</ns3:hr>
          </ns3:TrackPointExtension>
        </extensions>
      </trkpt>
      <trkpt lat="36.77947956137359142303466796875" lon="126.9862179458141326904296875">
        <ele>28.3999996185302734375</ele>
        <time>2026-02-07T05:54:10.000Z</time>
        <extensions>
          <ns3:TrackPointExtension>
            <ns3:hr>168</ns3:hr>
          </ns3:TrackPointExtension>
        </extensions>
      </trkpt>
      <trkpt lat="36.7795029468834400177001953125" lon="126.9862355478107929229736328125">
        <ele>28.200000762939453125</ele>
        <time>2026-02-07T05:54:11.000Z</time>
        <extensions>
          <ns3:TrackPointExtension>
            <ns3:hr>168</ns3:hr>
          </ns3:TrackPointExtension>
        </extensions>
      </trkpt>
      <trkpt lat="36.7795287631452083587646484375" lon="126.9862533174455165863037109375">
        <ele>28.200000762939453125</ele>
        <time>2026-02-07T05:54:12.000Z</time>
        <extensions>
          <ns3:TrackPointExtension>
            <ns3:hr>168</ns3:hr>
          </ns3:TrackPointExtension>
        </extensions>
      </trkpt>
      <trkpt lat="36.7797007597982883453369140625" lon="126.98635364882647991180419921875">
        <ele>27.6000003814697265625</ele>
        <time>2026-02-07T05:54:19.000Z</time>
        <extensions>
          <ns3:TrackPointExtension>
            <ns3:hr>168</ns3:hr>
          </ns3:TrackPointExtension>
        </extensions>
      </trkpt>
      <trkpt lat="36.77975012920796871185302734375" lon="126.986378543078899383544921875">
        <ele>27.3999996185302734375</ele>
        <time>2026-02-07T05:54:21.000Z</time>
        <extensions>
          <ns3:TrackPointExtension>
            <ns3:hr>169</ns3:hr>
          </ns3:TrackPointExtension>
        </extensions>
      </trkpt>
      <trkpt lat="36.77994291298091411590576171875" lon="126.98647971265017986297607421875">
        <ele>27.200000762939453125</ele>
        <time>2026-02-07T05:54:28.000Z</time>
        <extensions>
          <ns3:TrackPointExtension>
            <ns3:hr>169</ns3:hr>
          </ns3:TrackPointExtension>
        </extensions>
      </trkpt>
      <trkpt lat="36.78011834621429443359375" lon="126.98657576926052570343017578125">
        <ele>27</ele>
        <time>2026-02-07T05:54:35.000Z</time>
        <extensions>
          <ns3:TrackPointExtension>
            <ns3:hr>169</ns3:hr>
          </ns3:TrackPointExtension>
        </extensions>
      </trkpt>
      <trkpt lat="36.78018028847873210906982421875" lon="126.98661650530993938446044921875">
        <ele>28.200000762939453125</ele>
        <time>2026-02-07T05:54:40.000Z</time>
        <extensions>
          <ns3:TrackPointExtension>
            <ns3:hr>169</ns3:hr>
          </ns3:TrackPointExtension>
        </extensions>
      </trkpt>
      <trkpt lat="36.7802779376506805419921875" lon="126.98667325079441070556640625">
        <ele>27.799999237060546875</ele>
        <time>2026-02-07T05:54:48.000Z</time>
        <extensions>
          <ns3:TrackPointExtension>
            <ns3:hr>167</ns3:hr>
          </ns3:TrackPointExtension>
        </extensions>
      </trkpt>
      <trkpt lat="36.78034055046737194061279296875" lon="126.98670677840709686279296875">
        <ele>27.200000762939453125</ele>
        <time>2026-02-07T05:54:53.000Z</time>
        <extensions>
          <ns3:TrackPointExtension>
            <ns3:hr>164</ns3:hr>
          </ns3:TrackPointExtension>
        </extensions>
      </trkpt>
      <trkpt lat="36.7803592421114444732666015625" lon="126.9867193512618541717529296875">
        <ele>27.200000762939453125</ele>
        <time>2026-02-07T05:54:55.000Z</time>
        <extensions>
          <ns3:TrackPointExtension>
            <ns3:hr>163</ns3:hr>
          </ns3:TrackPointExtension>
        </extensions>
      </trkpt>
      <trkpt lat="36.78041447885334491729736328125" lon="126.98674776591360569000244140625">
        <ele>27.200000762939453125</ele>
        <time>2026-02-07T05:54:59.000Z</time>
        <extensions>
          <ns3:TrackPointExtension>
            <ns3:hr>160</ns3:hr>
          </ns3:TrackPointExtension>
        </extensions>
      </trkpt>
      <trkpt lat="36.7804254591464996337890625" lon="126.9867490231990814208984375">
        <ele>27.200000762939453125</ele>
        <time>2026-02-07T05:55:00.000Z</time>
        <extensions>
          <ns3:TrackPointExtension>
            <ns3:hr>160</ns3:hr>
          </ns3:TrackPointExtension>
        </extensions>
      </trkpt>
      <trkpt lat="36.78052947856485843658447265625" lon="126.986780874431133270263671875">
        <ele>27.200000762939453125</ele>
        <time>2026-02-07T05:55:08.000Z</time>
        <extensions>
          <ns3:TrackPointExtension>
            <ns3:hr>157</ns3:hr>
          </ns3:TrackPointExtension>
        </extensions>
      </trkpt>
      <trkpt lat="36.780555211007595062255859375" lon="126.98679151944816112518310546875">
        <ele>27</ele>
        <time>2026-02-07T05:55:10.000Z</time>
        <extensions>
          <ns3:TrackPointExtension>
            <ns3:hr>157</ns3:hr>
          </ns3:TrackPointExtension>
        </extensions>
      </trkpt>
      <trkpt lat="36.78062285296618938446044921875" lon="126.98681515641510486602783203125">
        <ele>27</ele>
        <time>2026-02-07T05:55:16.000Z</time>
        <extensions>
          <ns3:TrackPointExtension>
            <ns3:hr>154</ns3:hr>
          </ns3:TrackPointExtension>
        </extensions>
      </trkpt>
      <trkpt lat="36.78067079745233058929443359375" lon="126.9868434034287929534912109375">
        <ele>27.200000762939453125</ele>
        <time>2026-02-07T05:55:20.000Z</time>
        <extensions>
          <ns3:TrackPointExtension>
            <ns3:hr>152</ns3:hr>
          </ns3:TrackPointExtension>
        </extensions>
      </trkpt>
      <trkpt lat="36.7807619087398052215576171875" lon="126.9868970476090908050537109375">
        <ele>27.3999996185302734375</ele>
        <time>2026-02-07T05:55:28.000Z</time>
        <extensions>
          <ns3:TrackPointExtension>
            <ns3:hr>149</ns3:hr>
          </ns3:TrackPointExtension>
        </extensions>
      </trkpt>
      <trkpt lat="36.7807957716286182403564453125" lon="126.9869198463857173919677734375">
        <ele>27.200000762939453125</ele>
        <time>2026-02-07T05:55:31.000Z</time>
        <extensions>
          <ns3:TrackPointExtension>
            <ns3:hr>146</ns3:hr>
          </ns3:TrackPointExtension>
        </extensions>
      </trkpt>
      <trkpt lat="36.78084078244864940643310546875" lon="126.9869500212371349334716796875">
        <ele>27</ele>
        <time>2026-02-07T05:55:35.000Z</time>
        <extensions>
          <ns3:TrackPointExtension>
            <ns3:hr>143</ns3:hr>
          </ns3:TrackPointExtension>
        </extensions>
      </trkpt>
      <trkpt lat="36.7809104360640048980712890625" lon="126.9869832135736942291259765625">
        <ele>27</ele>
        <time>2026-02-07T05:55:41.000Z</time>
        <extensions>
          <ns3:TrackPointExtension>
            <ns3:hr>140</ns3:hr>
          </ns3:TrackPointExtension>
        </extensions>
      </trkpt>
      <trkpt lat="36.78097455762326717376708984375" lon="126.98701766319572925567626953125">
        <ele>26.6000003814697265625</ele>
        <time>2026-02-07T05:55:46.000Z</time>
        <extensions>
          <ns3:TrackPointExtension>
            <ns3:hr>138</ns3:hr>
          </ns3:TrackPointExtension>
        </extensions>
      </trkpt>
      <trkpt lat="36.78101814351975917816162109375" lon="126.98703811503946781158447265625">
        <ele>26.3999996185302734375</ele>
        <time>2026-02-07T05:55:49.000Z</time>
        <extensions>
          <ns3:TrackPointExtension>
            <ns3:hr>135</ns3:hr>
          </ns3:TrackPointExtension>
        </extensions>
      </trkpt>
      <trkpt lat="36.7810428701341152191162109375" lon="126.9870465807616710662841796875">
        <ele>26.200000762939453125</ele>
        <time>2026-02-07T05:55:51.000Z</time>
        <extensions>
          <ns3:TrackPointExtension>
            <ns3:hr>134</ns3:hr>
          </ns3:TrackPointExtension>
        </extensions>
      </trkpt>
      <trkpt lat="36.78113180212676525115966796875" lon="126.98707214556634426116943359375">
        <ele>27.200000762939453125</ele>
        <time>2026-02-07T05:55:58.000Z</time>
        <extensions>
          <ns3:TrackPointExtension>
            <ns3:hr>131</ns3:hr>
          </ns3:TrackPointExtension>
        </extensions>
      </trkpt>
      <trkpt lat="36.78127429448068141937255859375" lon="126.9871096126735210418701171875">
        <ele>27.200000762939453125</ele>
        <time>2026-02-07T05:56:10.000Z</time>
        <extensions>
          <ns3:TrackPointExtension>
            <ns3:hr>128</ns3:hr>
          </ns3:TrackPointExtension>
        </extensions>
      </trkpt>
      <trkpt lat="36.78135224618017673492431640625" lon="126.9870972074568271636962890625">
        <ele>27.200000762939453125</ele>
        <time>2026-02-07T05:56:15.000Z</time>
        <extensions>
          <ns3:TrackPointExtension>
            <ns3:hr>127</ns3:hr>
          </ns3:TrackPointExtension>
        </extensions>
      </trkpt>
      <trkpt lat="36.781394071877002716064453125" lon="126.9871666096150875091552734375">
        <ele>27</ele>
        <time>2026-02-07T05:56:20.000Z</time>
        <extensions>
          <ns3:TrackPointExtension>
            <ns3:hr>127</ns3:hr>
          </ns3:TrackPointExtension>
        </extensions>
      </trkpt>
      <trkpt lat="36.781397424638271331787109375" lon="126.98719670064747333526611328125">
        <ele>26.799999237060546875</ele>
        <time>2026-02-07T05:56:21.000Z</time>
        <extensions>
          <ns3:TrackPointExtension>
            <ns3:hr>127</ns3:hr>
          </ns3:TrackPointExtension>
        </extensions>
      </trkpt>
      <trkpt lat="36.7814408428966999053955078125" lon="126.98726392351090908050537109375">
        <ele>26</ele>
        <time>2026-02-07T05:56:25.000Z</time>
        <extensions>
          <ns3:TrackPointExtension>
            <ns3:hr>126</ns3:hr>
          </ns3:TrackPointExtension>
        </extensions>
      </trkpt>
      <trkpt lat="36.7814606241881847381591796875" lon="126.9872908294200897216796875">
        <ele>25.799999237060546875</ele>
        <time>2026-02-07T05:56:27.000Z</time>
        <extensions>
          <ns3:TrackPointExtension>
            <ns3:hr>126</ns3:hr>
          </ns3:TrackPointExtension>
        </extensions>
      </trkpt>
      <trkpt lat="36.78152759559452533721923828125" lon="126.9873627461493015289306640625">
        <ele>25.799999237060546875</ele>
        <time>2026-02-07T05:56:34.000Z</time>
        <extensions>
          <ns3:TrackPointExtension>
            <ns3:hr>124</ns3:hr>
          </ns3:TrackPointExtension>
        </extensions>
      </trkpt>
      <trkpt lat="36.78159481845796108245849609375" lon="126.98741094209253787994384765625">
        <ele>25.6000003814697265625</ele>
        <time>2026-02-07T05:56:40.000Z</time>
        <extensions>
          <ns3:TrackPointExtension>
            <ns3:hr>121</ns3:hr>
          </ns3:TrackPointExtension>
        </extensions>
      </trkpt>
      <trkpt lat="36.781605295836925506591796875" lon="126.9874207489192485809326171875">
        <ele>25.3999996185302734375</ele>
        <time>2026-02-07T05:56:41.000Z</time>
        <extensions>
          <ns3:TrackPointExtension>
            <ns3:hr>118</ns3:hr>
          </ns3:TrackPointExtension>
        </extensions>
      </trkpt>
      <trkpt lat="36.7816262505948543548583984375" lon="126.98743768036365509033203125">
        <ele>25.3999996185302734375</ele>
        <time>2026-02-07T05:56:43.000Z</time>
        <extensions>
          <ns3:TrackPointExtension>
            <ns3:hr>115</ns3:hr>
          </ns3:TrackPointExtension>
        </extensions>
      </trkpt>
      <trkpt lat="36.78163773380219936370849609375" lon="126.9874479062855243682861328125">
        <ele>25.200000762939453125</ele>
        <time>2026-02-07T05:56:44.000Z</time>
        <extensions>
          <ns3:TrackPointExtension>
            <ns3:hr>115</ns3:hr>
          </ns3:TrackPointExtension>
        </extensions>
      </trkpt>
      <trkpt lat="36.78167779929935932159423828125" lon="126.987468861043453216552734375">
        <ele>25</ele>
        <time>2026-02-07T05:56:47.000Z</time>
        <extensions>
          <ns3:TrackPointExtension>
            <ns3:hr>114</ns3:hr>
          </ns3:TrackPointExtension>
        </extensions>
      </trkpt>
      <trkpt lat="36.78170629777014255523681640625" lon="126.98747925460338592529296875">
        <ele>25</ele>
        <time>2026-02-07T05:56:50.000Z</time>
        <extensions>
          <ns3:TrackPointExtension>
            <ns3:hr>114</ns3:hr>
          </ns3:TrackPointExtension>
        </extensions>
      </trkpt>
      <trkpt lat="36.7818109877407550811767578125" lon="126.98752275668084621429443359375">
        <ele>24.200000762939453125</ele>
        <time>2026-02-07T05:56:57.000Z</time>
        <extensions>
          <ns3:TrackPointExtension>
            <ns3:hr>113</ns3:hr>
          </ns3:TrackPointExtension>
        </extensions>
      </trkpt>
      <trkpt lat="36.78189807571470737457275390625" lon="126.98756349273025989532470703125">
        <ele>24</ele>
        <time>2026-02-07T05:57:04.000Z</time>
        <extensions>
          <ns3:TrackPointExtension>
            <ns3:hr>112</ns3:hr>
          </ns3:TrackPointExtension>
        </extensions>
      </trkpt>
      <trkpt lat="36.781927160918712615966796875" lon="126.98758679442107677459716796875">
        <ele>23.6000003814697265625</ele>
        <time>2026-02-07T05:57:07.000Z</time>
        <extensions>
          <ns3:TrackPointExtension>
            <ns3:hr>113</ns3:hr>
          </ns3:TrackPointExtension>
        </extensions>
      </trkpt>
      <trkpt lat="36.7820329405367374420166015625" lon="126.98763440363109111785888671875">
        <ele>23</ele>
        <time>2026-02-07T05:57:15.000Z</time>
        <extensions>
          <ns3:TrackPointExtension>
            <ns3:hr>112</ns3:hr>
          </ns3:TrackPointExtension>
        </extensions>
      </trkpt>
      <trkpt lat="36.78209404461085796356201171875" lon="126.9876648299396038055419921875">
        <ele>22.799999237060546875</ele>
        <time>2026-02-07T05:57:20.000Z</time>
        <extensions>
          <ns3:TrackPointExtension>
            <ns3:hr>115</ns3:hr>
          </ns3:TrackPointExtension>
        </extensions>
      </trkpt>
      <trkpt lat="36.78215757943689823150634765625" lon="126.98769777081906795501708984375">
        <ele>22.200000762939453125</ele>
        <time>2026-02-07T05:57:25.000Z</time>
        <extensions>
          <ns3:TrackPointExtension>
            <ns3:hr>117</ns3:hr>
          </ns3:TrackPointExtension>
        </extensions>
      </trkpt>
      <trkpt lat="36.7822947911918163299560546875" lon="126.98778561316430568695068359375">
        <ele>22</ele>
        <time>2026-02-07T05:57:37.000Z</time>
        <extensions>
          <ns3:TrackPointExtension>
            <ns3:hr>116</ns3:hr>
          </ns3:TrackPointExtension>
        </extensions>
      </trkpt>
      <trkpt lat="36.7823273129761219024658203125" lon="126.9877975992858409881591796875">
        <ele>21.799999237060546875</ele>
        <time>2026-02-07T05:57:39.000Z</time>
        <extensions>
          <ns3:TrackPointExtension>
            <ns3:hr>116</ns3:hr>
          </ns3:TrackPointExtension>
        </extensions>
      </trkpt>
      <trkpt lat="36.78242244757711887359619140625" lon="126.98784210719168186187744140625">
        <ele>21.3999996185302734375</ele>
        <time>2026-02-07T05:57:47.000Z</time>
        <extensions>
          <ns3:TrackPointExtension>
            <ns3:hr>115</ns3:hr>
          </ns3:TrackPointExtension>
        </extensions>
      </trkpt>
      <trkpt lat="36.7825133912265300750732421875" lon="126.98790966533124446868896484375">
        <ele>20.6000003814697265625</ele>
        <time>2026-02-07T05:57:55.000Z</time>
        <extensions>
          <ns3:TrackPointExtension>
            <ns3:hr>114</ns3:hr>
          </ns3:TrackPointExtension>
        </extensions>
      </trkpt>
      <trkpt lat="36.7825325019657611846923828125" lon="126.987920142710208892822265625">
        <ele>20.799999237060546875</ele>
        <time>2026-02-07T05:57:57.000Z</time>
        <extensions>
          <ns3:TrackPointExtension>
            <ns3:hr>113</ns3:hr>
          </ns3:TrackPointExtension>
        </extensions>
      </trkpt>
      <trkpt lat="36.78265110589563846588134765625" lon="126.98797152377665042877197265625">
        <ele>20.799999237060546875</ele>
        <time>2026-02-07T05:58:07.000Z</time>
        <extensions>
          <ns3:TrackPointExtension>
            <ns3:hr>112</ns3:hr>
          </ns3:TrackPointExtension>
        </extensions>
      </trkpt>
      <trkpt lat="36.78270089440047740936279296875" lon="126.9879930652678012847900390625">
        <ele>20.799999237060546875</ele>
        <time>2026-02-07T05:58:11.000Z</time>
        <extensions>
          <ns3:TrackPointExtension>
            <ns3:hr>116</ns3:hr>
          </ns3:TrackPointExtension>
        </extensions>
      </trkpt>
      <trkpt lat="36.78271112032234668731689453125" lon="126.9879980944097042083740234375">
        <ele>20.799999237060546875</ele>
        <time>2026-02-07T05:58:12.000Z</time>
        <extensions>
          <ns3:TrackPointExtension>
            <ns3:hr>116</ns3:hr>
          </ns3:TrackPointExtension>
        </extensions>
      </trkpt>
      <trkpt lat="36.7828153073787689208984375" lon="126.98805450461804866790771484375">
        <ele>20.200000762939453125</ele>
        <time>2026-02-07T05:58:20.000Z</time>
        <extensions>
          <ns3:TrackPointExtension>
            <ns3:hr>115</ns3:hr>
          </ns3:TrackPointExtension>
        </extensions>
      </trkpt>
      <trkpt lat="36.7829334922134876251220703125" lon="126.9881187938153743743896484375">
        <ele>19.6000003814697265625</ele>
        <time>2026-02-07T05:58:30.000Z</time>
        <extensions>
          <ns3:TrackPointExtension>
            <ns3:hr>114</ns3:hr>
          </ns3:TrackPointExtension>
        </extensions>
      </trkpt>
      <trkpt lat="36.78297129459679126739501953125" lon="126.98814134113490581512451171875">
        <ele>19.3999996185302734375</ele>
        <time>2026-02-07T05:58:34.000Z</time>
        <extensions>
          <ns3:TrackPointExtension>
            <ns3:hr>114</ns3:hr>
          </ns3:TrackPointExtension>
        </extensions>
      </trkpt>
      <trkpt lat="36.78301940672099590301513671875" lon="126.9881757907569408416748046875">
        <ele>19.3999996185302734375</ele>
        <time>2026-02-07T05:58:38.000Z</time>
        <extensions>
          <ns3:TrackPointExtension>
            <ns3:hr>113</ns3:hr>
          </ns3:TrackPointExtension>
        </extensions>
      </trkpt>
      <trkpt lat="36.78304723463952541351318359375" lon="126.988196074962615966796875">
        <ele>19.3999996185302734375</ele>
        <time>2026-02-07T05:58:40.000Z</time>
        <extensions>
          <ns3:TrackPointExtension>
            <ns3:hr>113</ns3:hr>
          </ns3:TrackPointExtension>
        </extensions>
      </trkpt>
      <trkpt lat="36.78307975642383098602294921875" lon="126.988211832940578460693359375">
        <ele>19.6000003814697265625</ele>
        <time>2026-02-07T05:58:43.000Z</time>
        <extensions>
          <ns3:TrackPointExtension>
            <ns3:hr>112</ns3:hr>
          </ns3:TrackPointExtension>
        </extensions>
      </trkpt>
      <trkpt lat="36.78311814554035663604736328125" lon="126.9882247410714626312255859375">
        <ele>19.6000003814697265625</ele>
        <time>2026-02-07T05:58:46.000Z</time>
        <extensions>
          <ns3:TrackPointExtension>
            <ns3:hr>111</ns3:hr>
          </ns3:TrackPointExtension>
        </extensions>
      </trkpt>
      <trkpt lat="36.78316592238843441009521484375" lon="126.98824075050652027130126953125">
        <ele>19.3999996185302734375</ele>
        <time>2026-02-07T05:58:50.000Z</time>
        <extensions>
          <ns3:TrackPointExtension>
            <ns3:hr>111</ns3:hr>
          </ns3:TrackPointExtension>
        </extensions>
      </trkpt>
      <trkpt lat="36.78323063068091869354248046875" lon="126.9882790558040142059326171875">
        <ele>18.6000003814697265625</ele>
        <time>2026-02-07T05:58:56.000Z</time>
        <extensions>
          <ns3:TrackPointExtension>
            <ns3:hr>110</ns3:hr>
          </ns3:TrackPointExtension>
        </extensions>
      </trkpt>
      <trkpt lat="36.7832506634294986724853515625" lon="126.9882867671549320220947265625">
        <ele>18.3999996185302734375</ele>
        <time>2026-02-07T05:58:58.000Z</time>
        <extensions>
          <ns3:TrackPointExtension>
            <ns3:hr>110</ns3:hr>
          </ns3:TrackPointExtension>
        </extensions>
      </trkpt>
      <trkpt lat="36.7833294533193111419677734375" lon="126.9883440993726253509521484375">
        <ele>18.3999996185302734375</ele>
        <time>2026-02-07T05:59:07.000Z</time>
        <extensions>
          <ns3:TrackPointExtension>
            <ns3:hr>108</ns3:hr>
          </ns3:TrackPointExtension>
        </extensions>
      </trkpt>
      <trkpt lat="36.7834578640758991241455078125" lon="126.9883850030601024627685546875">
        <ele>17.799999237060546875</ele>
        <time>2026-02-07T05:59:15.000Z</time>
        <extensions>
          <ns3:TrackPointExtension>
            <ns3:hr>109</ns3:hr>
          </ns3:TrackPointExtension>
        </extensions>
      </trkpt>
      <trkpt lat="36.78357101976871490478515625" lon="126.98843948543071746826171875">
        <ele>17.799999237060546875</ele>
        <time>2026-02-07T05:59:20.000Z</time>
        <extensions>
          <ns3:TrackPointExtension>
            <ns3:hr>113</ns3:hr>
          </ns3:TrackPointExtension>
        </extensions>
      </trkpt>
      <trkpt lat="36.783549897372722625732421875" lon="126.9884037785232067108154296875">
        <ele>18</ele>
        <time>2026-02-07T05:59:23.000Z</time>
        <extensions>
          <ns3:TrackPointExtension>
            <ns3:hr>114</ns3:hr>
          </ns3:TrackPointExtension>
        </extensions>
      </trkpt>
      <trkpt lat="36.7835296131670475006103515625" lon="126.988355331122875213623046875">
        <ele>17</ele>
        <time>2026-02-07T05:59:26.000Z</time>
        <extensions>
          <ns3:TrackPointExtension>
            <ns3:hr>113</ns3:hr>
          </ns3:TrackPointExtension>
        </extensions>
      </trkpt>
      <trkpt lat="36.7834923975169658660888671875" lon="126.98833798058331012725830078125">
        <ele>16.6000003814697265625</ele>
        <time>2026-02-07T05:59:27.000Z</time>
        <extensions>
          <ns3:TrackPointExtension>
            <ns3:hr>113</ns3:hr>
          </ns3:TrackPointExtension>
        </extensions>
      </trkpt>
      <trkpt lat="36.7835155315697193145751953125" lon="126.98830068111419677734375">
        <ele>16.799999237060546875</ele>
        <time>2026-02-07T05:59:31.000Z</time>
        <extensions>
          <ns3:TrackPointExtension>
            <ns3:hr>112</ns3:hr>
          </ns3:TrackPointExtension>
        </extensions>
      </trkpt>
      <trkpt lat="36.78355316631495952606201171875" lon="126.988203115761280059814453125">
        <ele>16</ele>
        <time>2026-02-07T05:59:38.000Z</time>
        <extensions>
          <ns3:TrackPointExtension>
            <ns3:hr>112</ns3:hr>
          </ns3:TrackPointExtension>
        </extensions>
      </trkpt>
      <trkpt lat="36.7835557647049427032470703125" lon="126.98818660341203212738037109375">
        <ele>16</ele>
        <time>2026-02-07T05:59:39.000Z</time>
        <extensions>
          <ns3:TrackPointExtension>
            <ns3:hr>112</ns3:hr>
          </ns3:TrackPointExtension>
        </extensions>
      </trkpt>
      <trkpt lat="36.78353573195636272430419921875" lon="126.98805836029350757598876953125">
        <ele>15.80000019073486328125</ele>
        <time>2026-02-07T05:59:47.000Z</time>
        <extensions>
          <ns3:TrackPointExtension>
            <ns3:hr>113</ns3:hr>
          </ns3:TrackPointExtension>
        </extensions>
      </trkpt>
      <trkpt lat="36.7835460416972637176513671875" lon="126.98796867392957210540771484375">
        <ele>16.6000003814697265625</ele>
        <time>2026-02-07T05:59:53.000Z</time>
        <extensions>
          <ns3:TrackPointExtension>
            <ns3:hr>112</ns3:hr>
          </ns3:TrackPointExtension>
        </extensions>
      </trkpt>
      <trkpt lat="36.7835743725299835205078125" lon="126.98786390013992786407470703125">
        <ele>17</ele>
        <time>2026-02-07T05:59:59.000Z</time>
        <extensions>
          <ns3:TrackPointExtension>
            <ns3:hr>114</ns3:hr>
          </ns3:TrackPointExtension>
        </extensions>
      </trkpt>
      <trkpt lat="36.78357445634901523590087890625" lon="126.9878272712230682373046875">
        <ele>17</ele>
        <time>2026-02-07T06:00:00.000Z</time>
        <extensions>
          <ns3:TrackPointExtension>
            <ns3:hr>114</ns3:hr>
          </ns3:TrackPointExtension>
        </extensions>
      </trkpt>
      <trkpt lat="36.7835822515189647674560546875" lon="126.987731046974658966064453125">
        <ele>16</ele>
        <time>2026-02-07T06:00:03.000Z</time>
        <extensions>
          <ns3:TrackPointExtension>
            <ns3:hr>115</ns3:hr>
          </ns3:TrackPointExtension>
        </extensions>
      </trkpt>
      <trkpt lat="36.78358384408056735992431640625" lon="126.98766566812992095947265625">
        <ele>15.6000003814697265625</ele>
        <time>2026-02-07T06:00:05.000Z</time>
        <extensions>
          <ns3:TrackPointExtension>
            <ns3:hr>116</ns3:hr>
          </ns3:TrackPointExtension>
        </extensions>
      </trkpt>
      <trkpt lat="36.78358149714767932891845703125" lon="126.98751873336732387542724609375">
        <ele>14.80000019073486328125</ele>
        <time>2026-02-07T06:00:09.000Z</time>
        <extensions>
          <ns3:TrackPointExtension>
            <ns3:hr>119</ns3:hr>
          </ns3:TrackPointExtension>
        </extensions>
      </trkpt>
      <trkpt lat="36.78359172306954860687255859375" lon="126.987407840788364410400390625">
        <ele>15</ele>
        <time>2026-02-07T06:00:12.000Z</time>
        <extensions>
          <ns3:TrackPointExtension>
            <ns3:hr>122</ns3:hr>
          </ns3:TrackPointExtension>
        </extensions>
      </trkpt>
      <trkpt lat="36.7835983447730541229248046875" lon="126.98737020604312419891357421875">
        <ele>15.3999996185302734375</ele>
        <time>2026-02-07T06:00:13.000Z</time>
        <extensions>
          <ns3:TrackPointExtension>
            <ns3:hr>122</ns3:hr>
          </ns3:TrackPointExtension>
        </extensions>
      </trkpt>
      <trkpt lat="36.78360312245786190032958984375" lon="126.98733047582209110260009765625">
        <ele>16</ele>
        <time>2026-02-07T06:00:14.000Z</time>
        <extensions>
          <ns3:TrackPointExtension>
            <ns3:hr>123</ns3:hr>
          </ns3:TrackPointExtension>
        </extensions>
      </trkpt>
      <trkpt lat="36.78361527621746063232421875" lon="126.987217403948307037353515625">
        <ele>16.799999237060546875</ele>
        <time>2026-02-07T06:00:17.000Z</time>
        <extensions>
          <ns3:TrackPointExtension>
            <ns3:hr>126</ns3:hr>
          </ns3:TrackPointExtension>
        </extensions>
      </trkpt>
      <trkpt lat="36.78362994454801082611083984375" lon="126.98711271397769451141357421875">
        <ele>16.6000003814697265625</ele>
        <time>2026-02-07T06:00:20.000Z</time>
        <extensions>
          <ns3:TrackPointExtension>
            <ns3:hr>130</ns3:hr>
          </ns3:TrackPointExtension>
        </extensions>
      </trkpt>
      <trkpt lat="36.78364838473498821258544921875" lon="126.98700643144547939300537109375">
        <ele>16.200000762939453125</ele>
        <time>2026-02-07T06:00:23.000Z</time>
        <extensions>
          <ns3:TrackPointExtension>
            <ns3:hr>133</ns3:hr>
          </ns3:TrackPointExtension>
        </extensions>
      </trkpt>
      <trkpt lat="36.78367051295936107635498046875" lon="126.9868965446949005126953125">
        <ele>15.80000019073486328125</ele>
        <time>2026-02-07T06:00:26.000Z</time>
        <extensions>
          <ns3:TrackPointExtension>
            <ns3:hr>136</ns3:hr>
          </ns3:TrackPointExtension>
        </extensions>
      </trkpt>
      <trkpt lat="36.783685348927974700927734375" lon="126.98678866960108280181884765625">
        <ele>16.3999996185302734375</ele>
        <time>2026-02-07T06:00:29.000Z</time>
        <extensions>
          <ns3:TrackPointExtension>
            <ns3:hr>138</ns3:hr>
          </ns3:TrackPointExtension>
        </extensions>
      </trkpt>
      <trkpt lat="36.783690042793750762939453125" lon="126.9867595843970775604248046875">
        <ele>17.200000762939453125</ele>
        <time>2026-02-07T06:00:30.000Z</time>
        <extensions>
          <ns3:TrackPointExtension>
            <ns3:hr>138</ns3:hr>
          </ns3:TrackPointExtension>
        </extensions>
      </trkpt>
      <trkpt lat="36.783702112734317779541015625" lon="126.9866938702762126922607421875">
        <ele>18</ele>
        <time>2026-02-07T06:00:32.000Z</time>
        <extensions>
          <ns3:TrackPointExtension>
            <ns3:hr>141</ns3:hr>
          </ns3:TrackPointExtension>
        </extensions>
      </trkpt>
      <trkpt lat="36.78370588459074497222900390625" lon="126.98665849864482879638671875">
        <ele>18.6000003814697265625</ele>
        <time>2026-02-07T06:00:33.000Z</time>
        <extensions>
          <ns3:TrackPointExtension>
            <ns3:hr>141</ns3:hr>
          </ns3:TrackPointExtension>
        </extensions>
      </trkpt>
      <trkpt lat="36.783706136047840118408203125" lon="126.9865892641246318817138671875">
        <ele>18.3999996185302734375</ele>
        <time>2026-02-07T06:00:35.000Z</time>
        <extensions>
          <ns3:TrackPointExtension>
            <ns3:hr>144</ns3:hr>
          </ns3:TrackPointExtension>
        </extensions>
      </trkpt>
      <trkpt lat="36.7837059684097766876220703125" lon="126.98655297048389911651611328125">
        <ele>18.3999996185302734375</ele>
        <time>2026-02-07T06:00:36.000Z</time>
        <extensions>
          <ns3:TrackPointExtension>
            <ns3:hr>145</ns3:hr>
          </ns3:TrackPointExtension>
        </extensions>
      </trkpt>
      <trkpt lat="36.78370244801044464111328125" lon="126.9864856638014316558837890625">
        <ele>18.3999996185302734375</ele>
        <time>2026-02-07T06:00:38.000Z</time>
        <extensions>
          <ns3:TrackPointExtension>
            <ns3:hr>148</ns3:hr>
          </ns3:TrackPointExtension>
        </extensions>
      </trkpt>
      <trkpt lat="36.7837002687156200408935546875" lon="126.98638114146888256072998046875">
        <ele>19</ele>
        <time>2026-02-07T06:00:41.000Z</time>
        <extensions>
          <ns3:TrackPointExtension>
            <ns3:hr>151</ns3:hr>
          </ns3:TrackPointExtension>
        </extensions>
      </trkpt>
      <trkpt lat="36.78370974026620388031005859375" lon="126.98630972765386104583740234375">
        <ele>18.3999996185302734375</ele>
        <time>2026-02-07T06:00:43.000Z</time>
        <extensions>
          <ns3:TrackPointExtension>
            <ns3:hr>154</ns3:hr>
          </ns3:TrackPointExtension>
        </extensions>
      </trkpt>
      <trkpt lat="36.78370513021945953369140625" lon="126.98623529635369777679443359375">
        <ele>17.200000762939453125</ele>
        <time>2026-02-07T06:00:45.000Z</time>
        <extensions>
          <ns3:TrackPointExtension>
            <ns3:hr>156</ns3:hr>
          </ns3:TrackPointExtension>
        </extensions>
      </trkpt>
      <trkpt lat="36.78370068781077861785888671875" lon="126.9861547462642192840576171875">
        <ele>16</ele>
        <time>2026-02-07T06:00:47.000Z</time>
        <extensions>
          <ns3:TrackPointExtension>
            <ns3:hr>157</ns3:hr>
          </ns3:TrackPointExtension>
        </extensions>
      </trkpt>
      <trkpt lat="36.7837475426495075225830078125" lon="126.9859462045133113861083984375">
        <ele>16.3999996185302734375</ele>
        <time>2026-02-07T06:00:53.000Z</time>
        <extensions>
          <ns3:TrackPointExtension>
            <ns3:hr>156</ns3:hr>
          </ns3:TrackPointExtension>
        </extensions>
      </trkpt>
      <trkpt lat="36.783798672258853912353515625" lon="126.98571846820414066314697265625">
        <ele>14.6000003814697265625</ele>
        <time>2026-02-07T06:01:00.000Z</time>
        <extensions>
          <ns3:TrackPointExtension>
            <ns3:hr>156</ns3:hr>
          </ns3:TrackPointExtension>
        </extensions>
      </trkpt>
      <trkpt lat="36.78380646742880344390869140625" lon="126.98565023951232433319091796875">
        <ele>14</ele>
        <time>2026-02-07T06:01:02.000Z</time>
        <extensions>
          <ns3:TrackPointExtension>
            <ns3:hr>155</ns3:hr>
          </ns3:TrackPointExtension>
        </extensions>
      </trkpt>
      <trkpt lat="36.78383898921310901641845703125" lon="126.98540330864489078521728515625">
        <ele>16</ele>
        <time>2026-02-07T06:01:09.000Z</time>
        <extensions>
          <ns3:TrackPointExtension>
            <ns3:hr>157</ns3:hr>
          </ns3:TrackPointExtension>
        </extensions>
      </trkpt>
      <trkpt lat="36.78385541774332523345947265625" lon="126.98530456982553005218505859375">
        <ele>15.80000019073486328125</ele>
        <time>2026-02-07T06:01:12.000Z</time>
        <extensions>
          <ns3:TrackPointExtension>
            <ns3:hr>158</ns3:hr>
          </ns3:TrackPointExtension>
        </extensions>
      </trkpt>
      <trkpt lat="36.7838645540177822113037109375" lon="126.9852401129901409149169921875">
        <ele>15.3999996185302734375</ele>
        <time>2026-02-07T06:01:14.000Z</time>
        <extensions>
          <ns3:TrackPointExtension>
            <ns3:hr>162</ns3:hr>
          </ns3:TrackPointExtension>
        </extensions>
      </trkpt>
      <trkpt lat="36.78390403278172016143798828125" lon="126.9851619936525821685791015625">
        <ele>15.80000019073486328125</ele>
        <time>2026-02-07T06:01:17.000Z</time>
        <extensions>
          <ns3:TrackPointExtension>
            <ns3:hr>165</ns3:hr>
          </ns3:TrackPointExtension>
        </extensions>
      </trkpt>
      <trkpt lat="36.7839252389967441558837890625" lon="126.9851060025393962860107421875">
        <ele>16</ele>
        <time>2026-02-07T06:01:19.000Z</time>
        <extensions>
          <ns3:TrackPointExtension>
            <ns3:hr>166</ns3:hr>
          </ns3:TrackPointExtension>
        </extensions>
      </trkpt>
      <trkpt lat="36.7839339561760425567626953125" lon="126.9850758276879787445068359375">
        <ele>16.200000762939453125</ele>
        <time>2026-02-07T06:01:20.000Z</time>
        <extensions>
          <ns3:TrackPointExtension>
            <ns3:hr>171</ns3:hr>
          </ns3:TrackPointExtension>
        </extensions>
      </trkpt>
      <trkpt lat="36.783945523202419281005859375" lon="126.9850429706275463104248046875">
        <ele>16.3999996185302734375</ele>
        <time>2026-02-07T06:01:21.000Z</time>
        <extensions>
          <ns3:TrackPointExtension>
            <ns3:hr>171</ns3:hr>
          </ns3:TrackPointExtension>
        </extensions>
      </trkpt>
      <trkpt lat="36.78395600058138370513916015625" lon="126.985009275376796722412109375">
        <ele>16.3999996185302734375</ele>
        <time>2026-02-07T06:01:22.000Z</time>
        <extensions>
          <ns3:TrackPointExtension>
            <ns3:hr>174</ns3:hr>
          </ns3:TrackPointExtension>
        </extensions>
      </trkpt>
      <trkpt lat="36.78399841301143169403076171875" lon="126.98485546745359897613525390625">
        <ele>16.200000762939453125</ele>
        <time>2026-02-07T06:01:27.000Z</time>
        <extensions>
          <ns3:TrackPointExtension>
            <ns3:hr>175</ns3:hr>
          </ns3:TrackPointExtension>
        </extensions>
      </trkpt>
      <trkpt lat="36.7840482853353023529052734375" lon="126.98462731204926967620849609375">
        <ele>15.80000019073486328125</ele>
        <time>2026-02-07T06:01:34.000Z</time>
        <extensions>
          <ns3:TrackPointExtension>
            <ns3:hr>177</ns3:hr>
          </ns3:TrackPointExtension>
        </extensions>
      </trkpt>
      <trkpt lat="36.78406731225550174713134765625" lon="126.984527818858623504638671875">
        <ele>15.80000019073486328125</ele>
        <time>2026-02-07T06:01:37.000Z</time>
        <extensions>
          <ns3:TrackPointExtension>
            <ns3:hr>178</ns3:hr>
          </ns3:TrackPointExtension>
        </extensions>
      </trkpt>
      <trkpt lat="36.78412028588354587554931640625" lon="126.98432573117315769195556640625">
        <ele>15</ele>
        <time>2026-02-07T06:01:43.000Z</time>
        <extensions>
          <ns3:TrackPointExtension>
            <ns3:hr>179</ns3:hr>
          </ns3:TrackPointExtension>
        </extensions>
      </trkpt>
      <trkpt lat="36.784133277833461761474609375" lon="126.9842634536325931549072265625">
        <ele>15.3999996185302734375</ele>
        <time>2026-02-07T06:01:45.000Z</time>
        <extensions>
          <ns3:TrackPointExtension>
            <ns3:hr>179</ns3:hr>
          </ns3:TrackPointExtension>
        </extensions>
      </trkpt>
      <trkpt lat="36.7842112295329570770263671875" lon="126.984030939638614654541015625">
        <ele>16</ele>
        <time>2026-02-07T06:01:52.000Z</time>
        <extensions>
          <ns3:TrackPointExtension>
            <ns3:hr>178</ns3:hr>
          </ns3:TrackPointExtension>
        </extensions>
      </trkpt>
      <trkpt lat="36.7842253111302852630615234375" lon="126.98399372398853302001953125">
        <ele>16</ele>
        <time>2026-02-07T06:01:53.000Z</time>
        <extensions>
          <ns3:TrackPointExtension>
            <ns3:hr>179</ns3:hr>
          </ns3:TrackPointExtension>
        </extensions>
      </trkpt>
      <trkpt lat="36.78428373299539089202880859375" lon="126.983771435916423797607421875">
        <ele>15.19999980926513671875</ele>
        <time>2026-02-07T06:01:59.000Z</time>
        <extensions>
          <ns3:TrackPointExtension>
            <ns3:hr>179</ns3:hr>
          </ns3:TrackPointExtension>
        </extensions>
      </trkpt>
      <trkpt lat="36.7842870019376277923583984375" lon="126.983738578855991363525390625">
        <ele>15</ele>
        <time>2026-02-07T06:02:00.000Z</time>
        <extensions>
          <ns3:TrackPointExtension>
            <ns3:hr>179</ns3:hr>
          </ns3:TrackPointExtension>
        </extensions>
      </trkpt>
      <trkpt lat="36.7843334376811981201171875" lon="126.98349256999790668487548828125">
        <ele>15.19999980926513671875</ele>
        <time>2026-02-07T06:02:08.000Z</time>
        <extensions>
          <ns3:TrackPointExtension>
            <ns3:hr>181</ns3:hr>
          </ns3:TrackPointExtension>
        </extensions>
      </trkpt>
      <trkpt lat="36.78433477878570556640625" lon="126.98345300741493701934814453125">
        <ele>14.80000019073486328125</ele>
        <time>2026-02-07T06:02:09.000Z</time>
        <extensions>
          <ns3:TrackPointExtension>
            <ns3:hr>181</ns3:hr>
          </ns3:TrackPointExtension>
        </extensions>
      </trkpt>
      <trkpt lat="36.7843798734247684478759765625" lon="126.98322434909641742706298828125">
        <ele>14</ele>
        <time>2026-02-07T06:02:16.000Z</time>
        <extensions>
          <ns3:TrackPointExtension>
            <ns3:hr>181</ns3:hr>
          </ns3:TrackPointExtension>
        </extensions>
      </trkpt>
      <trkpt lat="36.7844439111649990081787109375" lon="126.9829971157014369964599609375">
        <ele>15.6000003814697265625</ele>
        <time>2026-02-07T06:02:23.000Z</time>
        <extensions>
          <ns3:TrackPointExtension>
            <ns3:hr>179</ns3:hr>
          </ns3:TrackPointExtension>
        </extensions>
      </trkpt>
      <trkpt lat="36.78446562029421329498291015625" lon="126.982929892838001251220703125">
        <ele>15.3999996185302734375</ele>
        <time>2026-02-07T06:02:25.000Z</time>
        <extensions>
          <ns3:TrackPointExtension>
            <ns3:hr>179</ns3:hr>
          </ns3:TrackPointExtension>
        </extensions>
      </trkpt>
      <trkpt lat="36.78452077321708202362060546875" lon="126.982715316116809844970703125">
        <ele>15.6000003814697265625</ele>
        <time>2026-02-07T06:02:31.000Z</time>
        <extensions>
          <ns3:TrackPointExtension>
            <ns3:hr>178</ns3:hr>
          </ns3:TrackPointExtension>
        </extensions>
      </trkpt>
      <trkpt lat="36.78453527390956878662109375" lon="126.9826470874249935150146484375">
        <ele>15.3999996185302734375</ele>
        <time>2026-02-07T06:02:33.000Z</time>
        <extensions>
          <ns3:TrackPointExtension>
            <ns3:hr>178</ns3:hr>
          </ns3:TrackPointExtension>
        </extensions>
      </trkpt>
      <trkpt lat="36.78457894362509250640869140625" lon="126.98243133723735809326171875">
        <ele>15.3999996185302734375</ele>
        <time>2026-02-07T06:02:40.000Z</time>
        <extensions>
          <ns3:TrackPointExtension>
            <ns3:hr>179</ns3:hr>
          </ns3:TrackPointExtension>
        </extensions>
      </trkpt>
      <trkpt lat="36.78463258780539035797119140625" lon="126.98220309801399707794189453125">
        <ele>15</ele>
        <time>2026-02-07T06:02:47.000Z</time>
        <extensions>
          <ns3:TrackPointExtension>
            <ns3:hr>179</ns3:hr>
          </ns3:TrackPointExtension>
        </extensions>
      </trkpt>
      <trkpt lat="36.7846524529159069061279296875" lon="126.9821005873382091522216796875">
        <ele>14.80000019073486328125</ele>
        <time>2026-02-07T06:02:50.000Z</time>
        <extensions>
          <ns3:TrackPointExtension>
            <ns3:hr>179</ns3:hr>
          </ns3:TrackPointExtension>
        </extensions>
      </trkpt>
      <trkpt lat="36.7846886627376079559326171875" lon="126.98186002671718597412109375">
        <ele>15</ele>
        <time>2026-02-07T06:02:57.000Z</time>
        <extensions>
          <ns3:TrackPointExtension>
            <ns3:hr>179</ns3:hr>
          </ns3:TrackPointExtension>
        </extensions>
      </trkpt>
      <trkpt lat="36.78469796665012836456298828125" lon="126.981826163828372955322265625">
        <ele>14.80000019073486328125</ele>
        <time>2026-02-07T06:02:58.000Z</time>
        <extensions>
          <ns3:TrackPointExtension>
            <ns3:hr>179</ns3:hr>
          </ns3:TrackPointExtension>
        </extensions>
      </trkpt>
      <trkpt lat="36.78476057946681976318359375" lon="126.98158233426511287689208984375">
        <ele>15</ele>
        <time>2026-02-07T06:03:05.000Z</time>
        <extensions>
          <ns3:TrackPointExtension>
            <ns3:hr>179</ns3:hr>
          </ns3:TrackPointExtension>
        </extensions>
      </trkpt>
      <trkpt lat="36.7847760021686553955078125" lon="126.98152114637196063995361328125">
        <ele>14.3999996185302734375</ele>
        <time>2026-02-07T06:03:07.000Z</time>
        <extensions>
          <ns3:TrackPointExtension>
            <ns3:hr>179</ns3:hr>
          </ns3:TrackPointExtension>
        </extensions>
      </trkpt>
      <trkpt lat="36.7848043330013751983642578125" lon="126.98128092102706432342529296875">
        <ele>14.6000003814697265625</ele>
        <time>2026-02-07T06:03:13.000Z</time>
        <extensions>
          <ns3:TrackPointExtension>
            <ns3:hr>180</ns3:hr>
          </ns3:TrackPointExtension>
        </extensions>
      </trkpt>
      <trkpt lat="36.78483744151890277862548828125" lon="126.98103566654026508331298828125">
        <ele>14.6000003814697265625</ele>
        <time>2026-02-07T06:03:20.000Z</time>
        <extensions>
          <ns3:TrackPointExtension>
            <ns3:hr>180</ns3:hr>
          </ns3:TrackPointExtension>
        </extensions>
      </trkpt>
      <trkpt lat="36.78486476652324199676513671875" lon="126.98080097325146198272705078125">
        <ele>14.19999980926513671875</ele>
        <time>2026-02-07T06:03:27.000Z</time>
        <extensions>
          <ns3:TrackPointExtension>
            <ns3:hr>179</ns3:hr>
          </ns3:TrackPointExtension>
        </extensions>
      </trkpt>
      <trkpt lat="36.7848673649132251739501953125" lon="126.9807708822190761566162109375">
        <ele>14.19999980926513671875</ele>
        <time>2026-02-07T06:03:28.000Z</time>
        <extensions>
          <ns3:TrackPointExtension>
            <ns3:hr>179</ns3:hr>
          </ns3:TrackPointExtension>
        </extensions>
      </trkpt>
      <trkpt lat="36.78487281315028667449951171875" lon="126.9807410426437854766845703125">
        <ele>13.80000019073486328125</ele>
        <time>2026-02-07T06:03:29.000Z</time>
        <extensions>
          <ns3:TrackPointExtension>
            <ns3:hr>180</ns3:hr>
          </ns3:TrackPointExtension>
        </extensions>
      </trkpt>
      <trkpt lat="36.78489259444177150726318359375" lon="126.98051758110523223876953125">
        <ele>13.19999980926513671875</ele>
        <time>2026-02-07T06:03:36.000Z</time>
        <extensions>
          <ns3:TrackPointExtension>
            <ns3:hr>179</ns3:hr>
          </ns3:TrackPointExtension>
        </extensions>
      </trkpt>
      <trkpt lat="36.78491069935262203216552734375" lon="126.98027827776968479156494140625">
        <ele>13.19999980926513671875</ele>
        <time>2026-02-07T06:03:43.000Z</time>
        <extensions>
          <ns3:TrackPointExtension>
            <ns3:hr>179</ns3:hr>
          </ns3:TrackPointExtension>
        </extensions>
      </trkpt>
      <trkpt lat="36.78491841070353984832763671875" lon="126.98020786978304386138916015625">
        <ele>13</ele>
        <time>2026-02-07T06:03:45.000Z</time>
        <extensions>
          <ns3:TrackPointExtension>
            <ns3:hr>179</ns3:hr>
          </ns3:TrackPointExtension>
        </extensions>
      </trkpt>
      <trkpt lat="36.784926541149616241455078125" lon="126.98013813234865665435791015625">
        <ele>12.6000003814697265625</ele>
        <time>2026-02-07T06:03:47.000Z</time>
        <extensions>
          <ns3:TrackPointExtension>
            <ns3:hr>179</ns3:hr>
          </ns3:TrackPointExtension>
        </extensions>
      </trkpt>
      <trkpt lat="36.78495730273425579071044921875" lon="126.97997669689357280731201171875">
        <ele>12.80000019073486328125</ele>
        <time>2026-02-07T06:03:52.000Z</time>
        <extensions>
          <ns3:TrackPointExtension>
            <ns3:hr>179</ns3:hr>
          </ns3:TrackPointExtension>
        </extensions>
      </trkpt>
      <trkpt lat="36.78500977344810962677001953125" lon="126.979745440185070037841796875">
        <ele>13.19999980926513671875</ele>
        <time>2026-02-07T06:03:59.000Z</time>
        <extensions>
          <ns3:TrackPointExtension>
            <ns3:hr>179</ns3:hr>
          </ns3:TrackPointExtension>
        </extensions>
      </trkpt>
      <trkpt lat="36.78503927774727344512939453125" lon="126.9795219786465167999267578125">
        <ele>13.6000003814697265625</ele>
        <time>2026-02-07T06:04:05.000Z</time>
        <extensions>
          <ns3:TrackPointExtension>
            <ns3:hr>178</ns3:hr>
          </ns3:TrackPointExtension>
        </extensions>
      </trkpt>
      <trkpt lat="36.78504581563174724578857421875" lon="126.97948895394802093505859375">
        <ele>13.6000003814697265625</ele>
        <time>2026-02-07T06:04:06.000Z</time>
        <extensions>
          <ns3:TrackPointExtension>
            <ns3:hr>178</ns3:hr>
          </ns3:TrackPointExtension>
        </extensions>
      </trkpt>
      <trkpt lat="36.7850819416344165802001953125" lon="126.97928083129227161407470703125">
        <ele>13.80000019073486328125</ele>
        <time>2026-02-07T06:04:12.000Z</time>
        <extensions>
          <ns3:TrackPointExtension>
            <ns3:hr>178</ns3:hr>
          </ns3:TrackPointExtension>
        </extensions>
      </trkpt>
      <trkpt lat="36.78508722223341464996337890625" lon="126.97924478910863399505615234375">
        <ele>13.80000019073486328125</ele>
        <time>2026-02-07T06:04:13.000Z</time>
        <extensions>
          <ns3:TrackPointExtension>
            <ns3:hr>179</ns3:hr>
          </ns3:TrackPointExtension>
        </extensions>
      </trkpt>
      <trkpt lat="36.785108260810375213623046875" lon="126.97902669198811054229736328125">
        <ele>13.19999980926513671875</ele>
        <time>2026-02-07T06:04:20.000Z</time>
        <extensions>
          <ns3:TrackPointExtension>
            <ns3:hr>176</ns3:hr>
          </ns3:TrackPointExtension>
        </extensions>
      </trkpt>
      <trkpt lat="36.785111613571643829345703125" lon="126.97899148799479007720947265625">
        <ele>13.3999996185302734375</ele>
        <time>2026-02-07T06:04:21.000Z</time>
        <extensions>
          <ns3:TrackPointExtension>
            <ns3:hr>176</ns3:hr>
          </ns3:TrackPointExtension>
        </extensions>
      </trkpt>
      <trkpt lat="36.7851312272250652313232421875" lon="126.97879518382251262664794921875">
        <ele>13.6000003814697265625</ele>
        <time>2026-02-07T06:04:27.000Z</time>
        <extensions>
          <ns3:TrackPointExtension>
            <ns3:hr>175</ns3:hr>
          </ns3:TrackPointExtension>
        </extensions>
      </trkpt>
      <trkpt lat="36.7851728014647960662841796875" lon="126.97857138700783252716064453125">
        <ele>13.3999996185302734375</ele>
        <time>2026-02-07T06:04:33.000Z</time>
        <extensions>
          <ns3:TrackPointExtension>
            <ns3:hr>176</ns3:hr>
          </ns3:TrackPointExtension>
        </extensions>
      </trkpt>
      <trkpt lat="36.78518109954893589019775390625" lon="126.97854054160416126251220703125">
        <ele>13.3999996185302734375</ele>
        <time>2026-02-07T06:04:34.000Z</time>
        <extensions>
          <ns3:TrackPointExtension>
            <ns3:hr>176</ns3:hr>
          </ns3:TrackPointExtension>
        </extensions>
      </trkpt>
      <trkpt lat="36.78521747700870037078857421875" lon="126.97832311503589153289794921875">
        <ele>13.3999996185302734375</ele>
        <time>2026-02-07T06:04:41.000Z</time>
        <extensions>
          <ns3:TrackPointExtension>
            <ns3:hr>179</ns3:hr>
          </ns3:TrackPointExtension>
        </extensions>
      </trkpt>
      <trkpt lat="36.7852194048464298248291015625" lon="126.97829067707061767578125">
        <ele>13.6000003814697265625</ele>
        <time>2026-02-07T06:04:42.000Z</time>
        <extensions>
          <ns3:TrackPointExtension>
            <ns3:hr>179</ns3:hr>
          </ns3:TrackPointExtension>
        </extensions>
      </trkpt>
      <trkpt lat="36.785224936902523040771484375" lon="126.9782308302819728851318359375">
        <ele>14</ele>
        <time>2026-02-07T06:04:44.000Z</time>
        <extensions>
          <ns3:TrackPointExtension>
            <ns3:hr>179</ns3:hr>
          </ns3:TrackPointExtension>
        </extensions>
      </trkpt>
      <trkpt lat="36.78525368683040142059326171875" lon="126.978102587163448333740234375">
        <ele>13.6000003814697265625</ele>
        <time>2026-02-07T06:04:48.000Z</time>
        <extensions>
          <ns3:TrackPointExtension>
            <ns3:hr>179</ns3:hr>
          </ns3:TrackPointExtension>
        </extensions>
      </trkpt>
      <trkpt lat="36.7852666787803173065185546875" lon="126.9778915308415889739990234375">
        <ele>14.19999980926513671875</ele>
        <time>2026-02-07T06:04:54.000Z</time>
        <extensions>
          <ns3:TrackPointExtension>
            <ns3:hr>179</ns3:hr>
          </ns3:TrackPointExtension>
        </extensions>
      </trkpt>
      <trkpt lat="36.78525972180068492889404296875" lon="126.9776769541203975677490234375">
        <ele>14.3999996185302734375</ele>
        <time>2026-02-07T06:05:01.000Z</time>
        <extensions>
          <ns3:TrackPointExtension>
            <ns3:hr>179</ns3:hr>
          </ns3:TrackPointExtension>
        </extensions>
      </trkpt>
      <trkpt lat="36.7852909862995147705078125" lon="126.97750403545796871185302734375">
        <ele>14.6000003814697265625</ele>
        <time>2026-02-07T06:05:07.000Z</time>
        <extensions>
          <ns3:TrackPointExtension>
            <ns3:hr>179</ns3:hr>
          </ns3:TrackPointExtension>
        </extensions>
      </trkpt>
      <trkpt lat="36.78530079312622547149658203125" lon="126.9774167798459529876708984375">
        <ele>14.3999996185302734375</ele>
        <time>2026-02-07T06:05:13.000Z</time>
        <extensions>
          <ns3:TrackPointExtension>
            <ns3:hr>179</ns3:hr>
          </ns3:TrackPointExtension>
        </extensions>
      </trkpt>
      <trkpt lat="36.78530548699200153350830078125" lon="126.97736506350338459014892578125">
        <ele>14</ele>
        <time>2026-02-07T06:05:17.000Z</time>
        <extensions>
          <ns3:TrackPointExtension>
            <ns3:hr>172</ns3:hr>
          </ns3:TrackPointExtension>
        </extensions>
      </trkpt>
      <trkpt lat="36.78530934266746044158935546875" lon="126.97732315398752689361572265625">
        <ele>14.19999980926513671875</ele>
        <time>2026-02-07T06:05:20.000Z</time>
        <extensions>
          <ns3:TrackPointExtension>
            <ns3:hr>170</ns3:hr>
          </ns3:TrackPointExtension>
        </extensions>
      </trkpt>
      <trkpt lat="36.78532384335994720458984375" lon="126.97721670381724834442138671875">
        <ele>14.80000019073486328125</ele>
        <time>2026-02-07T06:05:26.000Z</time>
        <extensions>
          <ns3:TrackPointExtension>
            <ns3:hr>169</ns3:hr>
          </ns3:TrackPointExtension>
        </extensions>
      </trkpt>
      <trkpt lat="36.78532862104475498199462890625" lon="126.9771975092589855194091796875">
        <ele>14.80000019073486328125</ele>
        <time>2026-02-07T06:05:27.000Z</time>
        <extensions>
          <ns3:TrackPointExtension>
            <ns3:hr>169</ns3:hr>
          </ns3:TrackPointExtension>
        </extensions>
      </trkpt>
      <trkpt lat="36.78534504957497119903564453125" lon="126.9771210663020610809326171875">
        <ele>14.3999996185302734375</ele>
        <time>2026-02-07T06:05:32.000Z</time>
        <extensions>
          <ns3:TrackPointExtension>
            <ns3:hr>165</ns3:hr>
          </ns3:TrackPointExtension>
        </extensions>
      </trkpt>
      <trkpt lat="36.7853538505733013153076171875" lon="126.977091729640960693359375">
        <ele>14.3999996185302734375</ele>
        <time>2026-02-07T06:05:34.000Z</time>
        <extensions>
          <ns3:TrackPointExtension>
            <ns3:hr>163</ns3:hr>
          </ns3:TrackPointExtension>
        </extensions>
      </trkpt>
      <trkpt lat="36.785371117293834686279296875" lon="126.97700900025665760040283203125">
        <ele>14.3999996185302734375</ele>
        <time>2026-02-07T06:05:40.000Z</time>
        <extensions>
          <ns3:TrackPointExtension>
            <ns3:hr>160</ns3:hr>
          </ns3:TrackPointExtension>
        </extensions>
      </trkpt>
      <trkpt lat="36.78539223968982696533203125" lon="126.97691210545599460601806640625">
        <ele>14.19999980926513671875</ele>
        <time>2026-02-07T06:05:47.000Z</time>
        <extensions>
          <ns3:TrackPointExtension>
            <ns3:hr>157</ns3:hr>
          </ns3:TrackPointExtension>
        </extensions>
      </trkpt>
      <trkpt lat="36.7854011245071887969970703125" lon="126.9768665917217731475830078125">
        <ele>14.19999980926513671875</ele>
        <time>2026-02-07T06:05:50.000Z</time>
        <extensions>
          <ns3:TrackPointExtension>
            <ns3:hr>154</ns3:hr>
          </ns3:TrackPointExtension>
        </extensions>
      </trkpt>
      <trkpt lat="36.78540808148682117462158203125" lon="126.976825185120105743408203125">
        <ele>14.19999980926513671875</ele>
        <time>2026-02-07T06:05:53.000Z</time>
        <extensions>
          <ns3:TrackPointExtension>
            <ns3:hr>151</ns3:hr>
          </ns3:TrackPointExtension>
        </extensions>
      </trkpt>
      <trkpt lat="36.78541244007647037506103515625" lon="126.9767926633358001708984375">
        <ele>14.19999980926513671875</ele>
        <time>2026-02-07T06:05:55.000Z</time>
        <extensions>
          <ns3:TrackPointExtension>
            <ns3:hr>150</ns3:hr>
          </ns3:TrackPointExtension>
        </extensions>
      </trkpt>
      <trkpt lat="36.7854292877018451690673828125" lon="126.97671395726501941680908203125">
        <ele>14.3999996185302734375</ele>
        <time>2026-02-07T06:06:00.000Z</time>
        <extensions>
          <ns3:TrackPointExtension>
            <ns3:hr>147</ns3:hr>
          </ns3:TrackPointExtension>
        </extensions>
      </trkpt>
      <trkpt lat="36.78543892689049243927001953125" lon="126.976651512086391448974609375">
        <ele>14.19999980926513671875</ele>
        <time>2026-02-07T06:06:04.000Z</time>
        <extensions>
          <ns3:TrackPointExtension>
            <ns3:hr>145</ns3:hr>
          </ns3:TrackPointExtension>
        </extensions>
      </trkpt>
      <trkpt lat="36.785437166690826416015625" lon="126.9766355864703655242919921875">
        <ele>14.19999980926513671875</ele>
        <time>2026-02-07T06:06:05.000Z</time>
        <extensions>
          <ns3:TrackPointExtension>
            <ns3:hr>142</ns3:hr>
          </ns3:TrackPointExtension>
        </extensions>
      </trkpt>
      <trkpt lat="36.7854343168437480926513671875" lon="126.97657112963497638702392578125">
        <ele>14.3999996185302734375</ele>
        <time>2026-02-07T06:06:09.000Z</time>
        <extensions>
          <ns3:TrackPointExtension>
            <ns3:hr>139</ns3:hr>
          </ns3:TrackPointExtension>
        </extensions>
      </trkpt>
      <trkpt lat="36.78544177673757076263427734375" lon="126.9765276275575160980224609375">
        <ele>14.3999996185302734375</ele>
        <time>2026-02-07T06:06:12.000Z</time>
        <extensions>
          <ns3:TrackPointExtension>
            <ns3:hr>138</ns3:hr>
          </ns3:TrackPointExtension>
        </extensions>
      </trkpt>
      <trkpt lat="36.78545719943940639495849609375" lon="126.97641757316887378692626953125">
        <ele>14.19999980926513671875</ele>
        <time>2026-02-07T06:06:19.000Z</time>
        <extensions>
          <ns3:TrackPointExtension>
            <ns3:hr>135</ns3:hr>
          </ns3:TrackPointExtension>
        </extensions>
      </trkpt>
      <trkpt lat="36.78546273149549961090087890625" lon="126.97637968696653842926025390625">
        <ele>14</ele>
        <time>2026-02-07T06:06:21.000Z</time>
        <extensions>
          <ns3:TrackPointExtension>
            <ns3:hr>134</ns3:hr>
          </ns3:TrackPointExtension>
        </extensions>
      </trkpt>
      <trkpt lat="36.78548335097730159759521484375" lon="126.97623551823198795318603515625">
        <ele>14.3999996185302734375</ele>
        <time>2026-02-07T06:06:30.000Z</time>
        <extensions>
          <ns3:TrackPointExtension>
            <ns3:hr>131</ns3:hr>
          </ns3:TrackPointExtension>
        </extensions>
      </trkpt>
      <trkpt lat="36.78549894131720066070556640625" lon="126.97611599229276180267333984375">
        <ele>14.19999980926513671875</ele>
        <time>2026-02-07T06:06:38.000Z</time>
        <extensions>
          <ns3:TrackPointExtension>
            <ns3:hr>130</ns3:hr>
          </ns3:TrackPointExtension>
        </extensions>
      </trkpt>
      <trkpt lat="36.785507239401340484619140625" lon="126.976034939289093017578125">
        <ele>13.80000019073486328125</ele>
        <time>2026-02-07T06:06:43.000Z</time>
        <extensions>
          <ns3:TrackPointExtension>
            <ns3:hr>128</ns3:hr>
          </ns3:TrackPointExtension>
        </extensions>
      </trkpt>
      <trkpt lat="36.78553129546344280242919921875" lon="126.97596042416989803314208984375">
        <ele>13.6000003814697265625</ele>
        <time>2026-02-07T06:06:48.000Z</time>
        <extensions>
          <ns3:TrackPointExtension>
            <ns3:hr>126</ns3:hr>
          </ns3:TrackPointExtension>
        </extensions>
      </trkpt>
      <trkpt lat="36.7855323851108551025390625" lon="126.97586637921631336212158203125">
        <ele>13.80000019073486328125</ele>
        <time>2026-02-07T06:06:56.000Z</time>
        <extensions>
          <ns3:TrackPointExtension>
            <ns3:hr>125</ns3:hr>
          </ns3:TrackPointExtension>
        </extensions>
      </trkpt>
      <trkpt lat="36.78555476479232311248779296875" lon="126.9757672213017940521240234375">
        <ele>13.3999996185302734375</ele>
        <time>2026-02-07T06:07:02.000Z</time>
        <extensions>
          <ns3:TrackPointExtension>
            <ns3:hr>123</ns3:hr>
          </ns3:TrackPointExtension>
        </extensions>
      </trkpt>
      <trkpt lat="36.78557991050183773040771484375" lon="126.97567074559628963470458984375">
        <ele>13.3999996185302734375</ele>
        <time>2026-02-07T06:07:08.000Z</time>
        <extensions>
          <ns3:TrackPointExtension>
            <ns3:hr>120</ns3:hr>
          </ns3:TrackPointExtension>
        </extensions>
      </trkpt>
      <trkpt lat="36.785589046776294708251953125" lon="126.97554853744804859161376953125">
        <ele>12.80000019073486328125</ele>
        <time>2026-02-07T06:07:15.000Z</time>
        <extensions>
          <ns3:TrackPointExtension>
            <ns3:hr>121</ns3:hr>
          </ns3:TrackPointExtension>
        </extensions>
      </trkpt>
      <trkpt lat="36.785599105060100555419921875" lon="126.97545918636023998260498046875">
        <ele>13.6000003814697265625</ele>
        <time>2026-02-07T06:07:22.000Z</time>
        <extensions>
          <ns3:TrackPointExtension>
            <ns3:hr>121</ns3:hr>
          </ns3:TrackPointExtension>
        </extensions>
      </trkpt>
      <trkpt lat="36.78562014363706111907958984375" lon="126.9753471203148365020751953125">
        <ele>13</ele>
        <time>2026-02-07T06:07:29.000Z</time>
        <extensions>
          <ns3:TrackPointExtension>
            <ns3:hr>122</ns3:hr>
          </ns3:TrackPointExtension>
        </extensions>
      </trkpt>
      <trkpt lat="36.7856331355869770050048828125" lon="126.9752807356417179107666015625">
        <ele>13.19999980926513671875</ele>
        <time>2026-02-07T06:07:32.000Z</time>
        <extensions>
          <ns3:TrackPointExtension>
            <ns3:hr>119</ns3:hr>
          </ns3:TrackPointExtension>
        </extensions>
      </trkpt>
      <trkpt lat="36.78564009256660938262939453125" lon="126.97523773647844791412353515625">
        <ele>13.6000003814697265625</ele>
        <time>2026-02-07T06:07:35.000Z</time>
        <extensions>
          <ns3:TrackPointExtension>
            <ns3:hr>116</ns3:hr>
          </ns3:TrackPointExtension>
        </extensions>
      </trkpt>
      <trkpt lat="36.78564763627946376800537109375" lon="126.97514913976192474365234375">
        <ele>13</ele>
        <time>2026-02-07T06:07:42.000Z</time>
        <extensions>
          <ns3:TrackPointExtension>
            <ns3:hr>118</ns3:hr>
          </ns3:TrackPointExtension>
        </extensions>
      </trkpt>
      <trkpt lat="36.7856800742447376251220703125" lon="126.9750130176544189453125">
        <ele>12.80000019073486328125</ele>
        <time>2026-02-07T06:07:50.000Z</time>
        <extensions>
          <ns3:TrackPointExtension>
            <ns3:hr>119</ns3:hr>
          </ns3:TrackPointExtension>
        </extensions>
      </trkpt>
      <trkpt lat="36.7857085727155208587646484375" lon="126.9749057292938232421875">
        <ele>13.3999996185302734375</ele>
        <time>2026-02-07T06:07:57.000Z</time>
        <extensions>
          <ns3:TrackPointExtension>
            <ns3:hr>119</ns3:hr>
          </ns3:TrackPointExtension>
        </extensions>
      </trkpt>
      <trkpt lat="36.78572357632219791412353515625" lon="126.9748110137879848480224609375">
        <ele>12.80000019073486328125</ele>
        <time>2026-02-07T06:08:04.000Z</time>
        <extensions>
          <ns3:TrackPointExtension>
            <ns3:hr>120</ns3:hr>
          </ns3:TrackPointExtension>
        </extensions>
      </trkpt>
      <trkpt lat="36.78573396988213062286376953125" lon="126.9747675955295562744140625">
        <ele>12.6000003814697265625</ele>
        <time>2026-02-07T06:08:07.000Z</time>
        <extensions>
          <ns3:TrackPointExtension>
            <ns3:hr>119</ns3:hr>
          </ns3:TrackPointExtension>
        </extensions>
      </trkpt>
      <trkpt lat="36.78575157187879085540771484375" lon="126.97467028163373470306396484375">
        <ele>12.3999996185302734375</ele>
        <time>2026-02-07T06:08:13.000Z</time>
        <extensions>
          <ns3:TrackPointExtension>
            <ns3:hr>116</ns3:hr>
          </ns3:TrackPointExtension>
        </extensions>
      </trkpt>
      <trkpt lat="36.78575391881167888641357421875" lon="126.9746416993439197540283203125">
        <ele>12.6000003814697265625</ele>
        <time>2026-02-07T06:08:15.000Z</time>
        <extensions>
          <ns3:TrackPointExtension>
            <ns3:hr>115</ns3:hr>
          </ns3:TrackPointExtension>
        </extensions>
      </trkpt>
      <trkpt lat="36.7857866920530796051025390625" lon="126.97450716979801654815673828125">
        <ele>12.19999980926513671875</ele>
        <time>2026-02-07T06:08:24.000Z</time>
        <extensions>
          <ns3:TrackPointExtension>
            <ns3:hr>114</ns3:hr>
          </ns3:TrackPointExtension>
        </extensions>
      </trkpt>
      <trkpt lat="36.785823404788970947265625" lon="126.97439133189618587493896484375">
        <ele>12</ele>
        <time>2026-02-07T06:08:31.000Z</time>
        <extensions>
          <ns3:TrackPointExtension>
            <ns3:hr>114</ns3:hr>
          </ns3:TrackPointExtension>
        </extensions>
      </trkpt>
      <trkpt lat="36.785851232707500457763671875" lon="126.97431958280503749847412109375">
        <ele>11.6000003814697265625</ele>
        <time>2026-02-07T06:08:36.000Z</time>
        <extensions>
          <ns3:TrackPointExtension>
            <ns3:hr>114</ns3:hr>
          </ns3:TrackPointExtension>
        </extensions>
      </trkpt>
      <trkpt lat="36.78586405701935291290283203125" lon="126.97429041378200054168701171875">
        <ele>11.6000003814697265625</ele>
        <time>2026-02-07T06:08:38.000Z</time>
        <extensions>
          <ns3:TrackPointExtension>
            <ns3:hr>113</ns3:hr>
          </ns3:TrackPointExtension>
        </extensions>
      </trkpt>
      <trkpt lat="36.785902865231037139892578125" lon="126.97416007518768310546875">
        <ele>11.19999980926513671875</ele>
        <time>2026-02-07T06:08:47.000Z</time>
        <extensions>
          <ns3:TrackPointExtension>
            <ns3:hr>111</ns3:hr>
          </ns3:TrackPointExtension>
        </extensions>
      </trkpt>
      <trkpt lat="36.78595818579196929931640625" lon="126.97406460531055927276611328125">
        <ele>11.3999996185302734375</ele>
        <time>2026-02-07T06:08:54.000Z</time>
        <extensions>
          <ns3:TrackPointExtension>
            <ns3:hr>112</ns3:hr>
          </ns3:TrackPointExtension>
        </extensions>
      </trkpt>
      <trkpt lat="36.78598500788211822509765625" lon="126.97397978045046329498291015625">
        <ele>11.3999996185302734375</ele>
        <time>2026-02-07T06:08:59.000Z</time>
        <extensions>
          <ns3:TrackPointExtension>
            <ns3:hr>112</ns3:hr>
          </ns3:TrackPointExtension>
        </extensions>
      </trkpt>
      <trkpt lat="36.786010153591632843017578125" lon="126.97390032000839710235595703125">
        <ele>11</ele>
        <time>2026-02-07T06:09:05.000Z</time>
        <extensions>
          <ns3:TrackPointExtension>
            <ns3:hr>113</ns3:hr>
          </ns3:TrackPointExtension>
        </extensions>
      </trkpt>
      <trkpt lat="36.7860364727675914764404296875" lon="126.97383242659270763397216796875">
        <ele>11</ele>
        <time>2026-02-07T06:09:11.000Z</time>
        <extensions>
          <ns3:TrackPointExtension>
            <ns3:hr>113</ns3:hr>
          </ns3:TrackPointExtension>
        </extensions>
      </trkpt>
      <trkpt lat="36.78609187714755535125732421875" lon="126.97371675632894039154052734375">
        <ele>11</ele>
        <time>2026-02-07T06:09:19.000Z</time>
        <extensions>
          <ns3:TrackPointExtension>
            <ns3:hr>115</ns3:hr>
          </ns3:TrackPointExtension>
        </extensions>
      </trkpt>
      <trkpt lat="36.78614468313753604888916015625" lon="126.9736023433506488800048828125">
        <ele>11.3999996185302734375</ele>
        <time>2026-02-07T06:09:27.000Z</time>
        <extensions>
          <ns3:TrackPointExtension>
            <ns3:hr>115</ns3:hr>
          </ns3:TrackPointExtension>
        </extensions>
      </trkpt>
      <trkpt lat="36.78618944250047206878662109375" lon="126.9735128246247768402099609375">
        <ele>11.3999996185302734375</ele>
        <time>2026-02-07T06:09:35.000Z</time>
        <extensions>
          <ns3:TrackPointExtension>
            <ns3:hr>115</ns3:hr>
          </ns3:TrackPointExtension>
        </extensions>
      </trkpt>
      <trkpt lat="36.7862168513238430023193359375" lon="126.97343965061008930206298828125">
        <ele>11.3999996185302734375</ele>
        <time>2026-02-07T06:09:41.000Z</time>
        <extensions>
          <ns3:TrackPointExtension>
            <ns3:hr>114</ns3:hr>
          </ns3:TrackPointExtension>
        </extensions>
      </trkpt>
      <trkpt lat="36.78626370616257190704345703125" lon="126.9733575917780399322509765625">
        <ele>11.19999980926513671875</ele>
        <time>2026-02-07T06:09:47.000Z</time>
        <extensions>
          <ns3:TrackPointExtension>
            <ns3:hr>113</ns3:hr>
          </ns3:TrackPointExtension>
        </extensions>
      </trkpt>
      <trkpt lat="36.78632640279829502105712890625" lon="126.9732415862381458282470703125">
        <ele>11.19999980926513671875</ele>
        <time>2026-02-07T06:09:56.000Z</time>
        <extensions>
          <ns3:TrackPointExtension>
            <ns3:hr>112</ns3:hr>
          </ns3:TrackPointExtension>
        </extensions>
      </trkpt>
      <trkpt lat="36.7863744311034679412841796875" lon="126.97315567173063755035400390625">
        <ele>11.19999980926513671875</ele>
        <time>2026-02-07T06:10:03.000Z</time>
        <extensions>
          <ns3:TrackPointExtension>
            <ns3:hr>109</ns3:hr>
          </ns3:TrackPointExtension>
        </extensions>
      </trkpt>
      <trkpt lat="36.7863975651562213897705078125" lon="126.97311962954699993133544921875">
        <ele>11.19999980926513671875</ele>
        <time>2026-02-07T06:10:06.000Z</time>
        <extensions>
          <ns3:TrackPointExtension>
            <ns3:hr>109</ns3:hr>
          </ns3:TrackPointExtension>
        </extensions>
      </trkpt>
      <trkpt lat="36.78647291846573352813720703125" lon="126.97301636449992656707763671875">
        <ele>11</ele>
        <time>2026-02-07T06:10:15.000Z</time>
        <extensions>
          <ns3:TrackPointExtension>
            <ns3:hr>110</ns3:hr>
          </ns3:TrackPointExtension>
        </extensions>
      </trkpt>
      <trkpt lat="36.78657584823668003082275390625" lon="126.9728741236031055450439453125">
        <ele>10.80000019073486328125</ele>
        <time>2026-02-07T06:10:27.000Z</time>
        <extensions>
          <ns3:TrackPointExtension>
            <ns3:hr>112</ns3:hr>
          </ns3:TrackPointExtension>
        </extensions>
      </trkpt>
      <trkpt lat="36.78663410246372222900390625" lon="126.9727980159223079681396484375">
        <ele>11</ele>
        <time>2026-02-07T06:10:34.000Z</time>
        <extensions>
          <ns3:TrackPointExtension>
            <ns3:hr>111</ns3:hr>
          </ns3:TrackPointExtension>
        </extensions>
      </trkpt>
      <trkpt lat="36.7867083661258220672607421875" lon="126.97268712334334850311279296875">
        <ele>11</ele>
        <time>2026-02-07T06:10:42.000Z</time>
        <extensions>
          <ns3:TrackPointExtension>
            <ns3:hr>109</ns3:hr>
          </ns3:TrackPointExtension>
        </extensions>
      </trkpt>
      <trkpt lat="36.78674113936722278594970703125" lon="126.97266046889126300811767578125">
        <ele>10.80000019073486328125</ele>
        <time>2026-02-07T06:10:45.000Z</time>
        <extensions>
          <ns3:TrackPointExtension>
            <ns3:hr>112</ns3:hr>
          </ns3:TrackPointExtension>
        </extensions>
      </trkpt>
      <trkpt lat="36.786777935922145843505859375" lon="126.9726164638996124267578125">
        <ele>10.6000003814697265625</ele>
        <time>2026-02-07T06:10:49.000Z</time>
        <extensions>
          <ns3:TrackPointExtension>
            <ns3:hr>111</ns3:hr>
          </ns3:TrackPointExtension>
        </extensions>
      </trkpt>
      <trkpt lat="36.7867975495755672454833984375" lon="126.97259626351296901702880859375">
        <ele>10.80000019073486328125</ele>
        <time>2026-02-07T06:10:51.000Z</time>
        <extensions>
          <ns3:TrackPointExtension>
            <ns3:hr>112</ns3:hr>
          </ns3:TrackPointExtension>
        </extensions>
      </trkpt>
      <trkpt lat="36.78690609522163867950439453125" lon="126.972496099770069122314453125">
        <ele>11</ele>
        <time>2026-02-07T06:11:02.000Z</time>
        <extensions>
          <ns3:TrackPointExtension>
            <ns3:hr>114</ns3:hr>
          </ns3:TrackPointExtension>
        </extensions>
      </trkpt>
      <trkpt lat="36.7870235256850719451904296875" lon="126.97233390994369983673095703125">
        <ele>10.80000019073486328125</ele>
        <time>2026-02-07T06:11:15.000Z</time>
        <extensions>
          <ns3:TrackPointExtension>
            <ns3:hr>113</ns3:hr>
          </ns3:TrackPointExtension>
        </extensions>
      </trkpt>
      <trkpt lat="36.78710038773715496063232421875" lon="126.97228009812533855438232421875">
        <ele>10.6000003814697265625</ele>
        <time>2026-02-07T06:11:22.000Z</time>
        <extensions>
          <ns3:TrackPointExtension>
            <ns3:hr>112</ns3:hr>
          </ns3:TrackPointExtension>
        </extensions>
      </trkpt>
      <trkpt lat="36.78720113821327686309814453125" lon="126.97223626077175140380859375">
        <ele>10.80000019073486328125</ele>
        <time>2026-02-07T06:11:27.000Z</time>
        <extensions>
          <ns3:TrackPointExtension>
            <ns3:hr>113</ns3:hr>
          </ns3:TrackPointExtension>
        </extensions>
      </trkpt>
      <trkpt lat="36.7872552014887332916259765625" lon="126.97220667265355587005615234375">
        <ele>10.6000003814697265625</ele>
        <time>2026-02-07T06:11:32.000Z</time>
        <extensions>
          <ns3:TrackPointExtension>
            <ns3:hr>113</ns3:hr>
          </ns3:TrackPointExtension>
        </extensions>
      </trkpt>
      <trkpt lat="36.787253357470035552978515625" lon="126.97219602763652801513671875">
        <ele>10.6000003814697265625</ele>
        <time>2026-02-07T06:11:36.000Z</time>
        <extensions>
          <ns3:TrackPointExtension>
            <ns3:hr>113</ns3:hr>
          </ns3:TrackPointExtension>
        </extensions>
      </trkpt>
      <trkpt lat="36.78726978600025177001953125" lon="126.9721858017146587371826171875">
        <ele>10.6000003814697265625</ele>
        <time>2026-02-07T06:11:37.000Z</time>
        <extensions>
          <ns3:TrackPointExtension>
            <ns3:hr>113</ns3:hr>
          </ns3:TrackPointExtension>
        </extensions>
      </trkpt>
      <trkpt lat="36.78732653148472309112548828125" lon="126.9721036590635776519775390625">
        <ele>10.6000003814697265625</ele>
        <time>2026-02-07T06:11:40.000Z</time>
        <extensions>
          <ns3:TrackPointExtension>
            <ns3:hr>113</ns3:hr>
          </ns3:TrackPointExtension>
        </extensions>
      </trkpt>
      <trkpt lat="36.78732988424599170684814453125" lon="126.9720211811363697052001953125">
        <ele>11.6000003814697265625</ele>
        <time>2026-02-07T06:11:44.000Z</time>
        <extensions>
          <ns3:TrackPointExtension>
            <ns3:hr>116</ns3:hr>
          </ns3:TrackPointExtension>
        </extensions>
      </trkpt>
      <trkpt lat="36.78732770495116710662841796875" lon="126.97200802154839038848876953125">
        <ele>11.6000003814697265625</ele>
        <time>2026-02-07T06:11:45.000Z</time>
        <extensions>
          <ns3:TrackPointExtension>
            <ns3:hr>117</ns3:hr>
          </ns3:TrackPointExtension>
        </extensions>
      </trkpt>
      <trkpt lat="36.7873386852443218231201171875" lon="126.971885897219181060791015625">
        <ele>11.19999980926513671875</ele>
        <time>2026-02-07T06:11:53.000Z</time>
        <extensions>
          <ns3:TrackPointExtension>
            <ns3:hr>117</ns3:hr>
          </ns3:TrackPointExtension>
        </extensions>
      </trkpt>
      <trkpt lat="36.7874047346413135528564453125" lon="126.9717462547123432159423828125">
        <ele>11.19999980926513671875</ele>
        <time>2026-02-07T06:12:03.000Z</time>
        <extensions>
          <ns3:TrackPointExtension>
            <ns3:hr>115</ns3:hr>
          </ns3:TrackPointExtension>
        </extensions>
      </trkpt>
      <trkpt lat="36.7874630726873874664306640625" lon="126.97156579233705997467041015625">
        <ele>11.19999980926513671875</ele>
        <time>2026-02-07T06:12:15.000Z</time>
        <extensions>
          <ns3:TrackPointExtension>
            <ns3:hr>114</ns3:hr>
          </ns3:TrackPointExtension>
        </extensions>
      </trkpt>
      <trkpt lat="36.7874878831207752227783203125" lon="126.9714052788913249969482421875">
        <ele>10.80000019073486328125</ele>
        <time>2026-02-07T06:12:25.000Z</time>
        <extensions>
          <ns3:TrackPointExtension>
            <ns3:hr>113</ns3:hr>
          </ns3:TrackPointExtension>
        </extensions>
      </trkpt>
      <trkpt lat="36.7875324748456478118896484375" lon="126.9712550751864910125732421875">
        <ele>11.3999996185302734375</ele>
        <time>2026-02-07T06:12:35.000Z</time>
        <extensions>
          <ns3:TrackPointExtension>
            <ns3:hr>113</ns3:hr>
          </ns3:TrackPointExtension>
        </extensions>
      </trkpt>
      <trkpt lat="36.78758620284497737884521484375" lon="126.97112842462956905364990234375">
        <ele>11.80000019073486328125</ele>
        <time>2026-02-07T06:12:44.000Z</time>
        <extensions>
          <ns3:TrackPointExtension>
            <ns3:hr>114</ns3:hr>
          </ns3:TrackPointExtension>
        </extensions>
      </trkpt>
      <trkpt lat="36.7875951714813709259033203125" lon="126.97109892033040523529052734375">
        <ele>11.6000003814697265625</ele>
        <time>2026-02-07T06:12:46.000Z</time>
        <extensions>
          <ns3:TrackPointExtension>
            <ns3:hr>114</ns3:hr>
          </ns3:TrackPointExtension>
        </extensions>
      </trkpt>
      <trkpt lat="36.7876478098332881927490234375" lon="126.97092591784894466400146484375">
        <ele>11.80000019073486328125</ele>
        <time>2026-02-07T06:12:57.000Z</time>
        <extensions>
          <ns3:TrackPointExtension>
            <ns3:hr>114</ns3:hr>
          </ns3:TrackPointExtension>
        </extensions>
      </trkpt>
      <trkpt lat="36.7876910604536533355712890625" lon="126.97075258009135723114013671875">
        <ele>12</ele>
        <time>2026-02-07T06:13:08.000Z</time>
        <extensions>
          <ns3:TrackPointExtension>
            <ns3:hr>114</ns3:hr>
          </ns3:TrackPointExtension>
        </extensions>
      </trkpt>
      <trkpt lat="36.78773724474012851715087890625" lon="126.97060723789036273956298828125">
        <ele>12.19999980926513671875</ele>
        <time>2026-02-07T06:13:18.000Z</time>
        <extensions>
          <ns3:TrackPointExtension>
            <ns3:hr>113</ns3:hr>
          </ns3:TrackPointExtension>
        </extensions>
      </trkpt>
      <trkpt lat="36.78775736130774021148681640625" lon="126.97049676440656185150146484375">
        <ele>12.3999996185302734375</ele>
        <time>2026-02-07T06:13:26.000Z</time>
        <extensions>
          <ns3:TrackPointExtension>
            <ns3:hr>114</ns3:hr>
          </ns3:TrackPointExtension>
        </extensions>
      </trkpt>
      <trkpt lat="36.78777077235281467437744140625" lon="126.97045234031975269317626953125">
        <ele>12.80000019073486328125</ele>
        <time>2026-02-07T06:13:29.000Z</time>
        <extensions>
          <ns3:TrackPointExtension>
            <ns3:hr>114</ns3:hr>
          </ns3:TrackPointExtension>
        </extensions>
      </trkpt>
      <trkpt lat="36.78780664689838886260986328125" lon="126.97037589736282825469970703125">
        <ele>13.3999996185302734375</ele>
        <time>2026-02-07T06:13:34.000Z</time>
        <extensions>
          <ns3:TrackPointExtension>
            <ns3:hr>115</ns3:hr>
          </ns3:TrackPointExtension>
        </extensions>
      </trkpt>
      <trkpt lat="36.787840090692043304443359375" lon="126.9702971912920475006103515625">
        <ele>13.3999996185302734375</ele>
        <time>2026-02-07T06:13:40.000Z</time>
        <extensions>
          <ns3:TrackPointExtension>
            <ns3:hr>112</ns3:hr>
          </ns3:TrackPointExtension>
        </extensions>
      </trkpt>
      <trkpt lat="36.78786079399287700653076171875" lon="126.9702371768653392791748046875">
        <ele>13.6000003814697265625</ele>
        <time>2026-02-07T06:13:44.000Z</time>
        <extensions>
          <ns3:TrackPointExtension>
            <ns3:hr>113</ns3:hr>
          </ns3:TrackPointExtension>
        </extensions>
      </trkpt>
      <trkpt lat="36.78786682896316051483154296875" lon="126.9702251069247722625732421875">
        <ele>13.80000019073486328125</ele>
        <time>2026-02-07T06:13:45.000Z</time>
        <extensions>
          <ns3:TrackPointExtension>
            <ns3:hr>113</ns3:hr>
          </ns3:TrackPointExtension>
        </extensions>
      </trkpt>
      <trkpt lat="36.787881664931774139404296875" lon="126.97016970254480838775634765625">
        <ele>14</ele>
        <time>2026-02-07T06:13:49.000Z</time>
        <extensions>
          <ns3:TrackPointExtension>
            <ns3:hr>116</ns3:hr>
          </ns3:TrackPointExtension>
        </extensions>
      </trkpt>
      <trkpt lat="36.78790136240422725677490234375" lon="126.9701275415718555450439453125">
        <ele>14</ele>
        <time>2026-02-07T06:13:52.000Z</time>
        <extensions>
          <ns3:TrackPointExtension>
            <ns3:hr>118</ns3:hr>
          </ns3:TrackPointExtension>
        </extensions>
      </trkpt>
      <trkpt lat="36.78796439431607723236083984375" lon="126.9699451513588428497314453125">
        <ele>14.3999996185302734375</ele>
        <time>2026-02-07T06:14:04.000Z</time>
        <extensions>
          <ns3:TrackPointExtension>
            <ns3:hr>117</ns3:hr>
          </ns3:TrackPointExtension>
        </extensions>
      </trkpt>
      <trkpt lat="36.78797529079020023345947265625" lon="126.96983928792178630828857421875">
        <ele>14.80000019073486328125</ele>
        <time>2026-02-07T06:14:11.000Z</time>
        <extensions>
          <ns3:TrackPointExtension>
            <ns3:hr>115</ns3:hr>
          </ns3:TrackPointExtension>
        </extensions>
      </trkpt>
      <trkpt lat="36.78798886947333812713623046875" lon="126.96977667510509490966796875">
        <ele>14.80000019073486328125</ele>
        <time>2026-02-07T06:14:15.000Z</time>
        <extensions>
          <ns3:TrackPointExtension>
            <ns3:hr>115</ns3:hr>
          </ns3:TrackPointExtension>
        </extensions>
      </trkpt>
      <trkpt lat="36.7880239896476268768310546875" lon="126.96961113251745700836181640625">
        <ele>15.3999996185302734375</ele>
        <time>2026-02-07T06:14:26.000Z</time>
        <extensions>
          <ns3:TrackPointExtension>
            <ns3:hr>114</ns3:hr>
          </ns3:TrackPointExtension>
        </extensions>
      </trkpt>
      <trkpt lat="36.7880672402679920196533203125" lon="126.96949395351111888885498046875">
        <ele>15.6000003814697265625</ele>
        <time>2026-02-07T06:14:34.000Z</time>
        <extensions>
          <ns3:TrackPointExtension>
            <ns3:hr>117</ns3:hr>
          </ns3:TrackPointExtension>
        </extensions>
      </trkpt>
      <trkpt lat="36.78807520307600498199462890625" lon="126.9694640301167964935302734375">
        <ele>15.6000003814697265625</ele>
        <time>2026-02-07T06:14:36.000Z</time>
        <extensions>
          <ns3:TrackPointExtension>
            <ns3:hr>118</ns3:hr>
          </ns3:TrackPointExtension>
        </extensions>
      </trkpt>
      <trkpt lat="36.7880933918058872222900390625" lon="126.9693339429795742034912109375">
        <ele>15.19999980926513671875</ele>
        <time>2026-02-07T06:14:44.000Z</time>
        <extensions>
          <ns3:TrackPointExtension>
            <ns3:hr>117</ns3:hr>
          </ns3:TrackPointExtension>
        </extensions>
      </trkpt>
      <trkpt lat="36.78809783421456813812255859375" lon="126.96928172372281551361083984375">
        <ele>16</ele>
        <time>2026-02-07T06:14:48.000Z</time>
        <extensions>
          <ns3:TrackPointExtension>
            <ns3:hr>116</ns3:hr>
          </ns3:TrackPointExtension>
        </extensions>
      </trkpt>
      <trkpt lat="36.78810127079486846923828125" lon="126.96921232156455516815185546875">
        <ele>17</ele>
        <time>2026-02-07T06:14:53.000Z</time>
        <extensions>
          <ns3:TrackPointExtension>
            <ns3:hr>115</ns3:hr>
          </ns3:TrackPointExtension>
        </extensions>
      </trkpt>
      <trkpt lat="36.7881260812282562255859375" lon="126.96907837875187397003173828125">
        <ele>17</ele>
        <time>2026-02-07T06:15:02.000Z</time>
        <extensions>
          <ns3:TrackPointExtension>
            <ns3:hr>118</ns3:hr>
          </ns3:TrackPointExtension>
        </extensions>
      </trkpt>
      <trkpt lat="36.78816564381122589111328125" lon="126.96894158609211444854736328125">
        <ele>16.200000762939453125</ele>
        <time>2026-02-07T06:15:11.000Z</time>
        <extensions>
          <ns3:TrackPointExtension>
            <ns3:hr>118</ns3:hr>
          </ns3:TrackPointExtension>
        </extensions>
      </trkpt>
      <trkpt lat="36.7881748639047145843505859375" lon="126.9689125008881092071533203125">
        <ele>15.80000019073486328125</ele>
        <time>2026-02-07T06:15:13.000Z</time>
        <extensions>
          <ns3:TrackPointExtension>
            <ns3:hr>118</ns3:hr>
          </ns3:TrackPointExtension>
        </extensions>
      </trkpt>
      <trkpt lat="36.7882117442786693572998046875" lon="126.9687944836914539337158203125">
        <ele>16.6000003814697265625</ele>
        <time>2026-02-07T06:15:21.000Z</time>
        <extensions>
          <ns3:TrackPointExtension>
            <ns3:hr>120</ns3:hr>
          </ns3:TrackPointExtension>
        </extensions>
      </trkpt>
      <trkpt lat="36.78821685723960399627685546875" lon="126.9687093235552310943603515625">
        <ele>17</ele>
        <time>2026-02-07T06:15:27.000Z</time>
        <extensions>
          <ns3:TrackPointExtension>
            <ns3:hr>120</ns3:hr>
          </ns3:TrackPointExtension>
        </extensions>
      </trkpt>
      <trkpt lat="36.78821660578250885009765625" lon="126.9686959125101566314697265625">
        <ele>17</ele>
        <time>2026-02-07T06:15:28.000Z</time>
        <extensions>
          <ns3:TrackPointExtension>
            <ns3:hr>120</ns3:hr>
          </ns3:TrackPointExtension>
        </extensions>
      </trkpt>
      <trkpt lat="36.7882362194359302520751953125" lon="126.968594826757907867431640625">
        <ele>18</ele>
        <time>2026-02-07T06:15:35.000Z</time>
        <extensions>
          <ns3:TrackPointExtension>
            <ns3:hr>118</ns3:hr>
          </ns3:TrackPointExtension>
        </extensions>
      </trkpt>
      <trkpt lat="36.78824418224394321441650390625" lon="126.96854679845273494720458984375">
        <ele>18.3999996185302734375</ele>
        <time>2026-02-07T06:15:38.000Z</time>
        <extensions>
          <ns3:TrackPointExtension>
            <ns3:hr>118</ns3:hr>
          </ns3:TrackPointExtension>
        </extensions>
      </trkpt>
      <trkpt lat="36.78826312534511089324951171875" lon="126.968431882560253143310546875">
        <ele>18.6000003814697265625</ele>
        <time>2026-02-07T06:15:44.000Z</time>
        <extensions>
          <ns3:TrackPointExtension>
            <ns3:hr>121</ns3:hr>
          </ns3:TrackPointExtension>
        </extensions>
      </trkpt>
      <trkpt lat="36.788267232477664947509765625" lon="126.96840816177427768707275390625">
        <ele>18.3999996185302734375</ele>
        <time>2026-02-07T06:15:45.000Z</time>
        <extensions>
          <ns3:TrackPointExtension>
            <ns3:hr>121</ns3:hr>
          </ns3:TrackPointExtension>
        </extensions>
      </trkpt>
      <trkpt lat="36.788268573582172393798828125" lon="126.96831093169748783111572265625">
        <ele>18.799999237060546875</ele>
        <time>2026-02-07T06:15:50.000Z</time>
        <extensions>
          <ns3:TrackPointExtension>
            <ns3:hr>122</ns3:hr>
          </ns3:TrackPointExtension>
        </extensions>
      </trkpt>
      <trkpt lat="36.78826999850571155548095703125" lon="126.96830539964139461517333984375">
        <ele>19</ele>
        <time>2026-02-07T06:15:51.000Z</time>
        <extensions>
          <ns3:TrackPointExtension>
            <ns3:hr>123</ns3:hr>
          </ns3:TrackPointExtension>
        </extensions>
      </trkpt>
      <trkpt lat="36.7882824875414371490478515625" lon="126.96829701773822307586669921875">
        <ele>19.799999237060546875</ele>
        <time>2026-02-07T06:15:56.000Z</time>
        <extensions>
          <ns3:TrackPointExtension>
            <ns3:hr>123</ns3:hr>
          </ns3:TrackPointExtension>
        </extensions>
      </trkpt>
      <trkpt lat="36.78826597519218921661376953125" lon="126.968310512602329254150390625">
        <ele>19.3999996185302734375</ele>
        <time>2026-02-07T06:16:02.000Z</time>
        <extensions>
          <ns3:TrackPointExtension>
            <ns3:hr>127</ns3:hr>
          </ns3:TrackPointExtension>
        </extensions>
      </trkpt>
      <trkpt lat="36.78824719972908496856689453125" lon="126.96830146014690399169921875">
        <ele>19.3999996185302734375</ele>
        <time>2026-02-07T06:16:03.000Z</time>
        <extensions>
          <ns3:TrackPointExtension>
            <ns3:hr>128</ns3:hr>
          </ns3:TrackPointExtension>
        </extensions>
      </trkpt>
      <trkpt lat="36.78817637264728546142578125" lon="126.968252845108509063720703125">
        <ele>20</ele>
        <time>2026-02-07T06:16:08.000Z</time>
        <extensions>
          <ns3:TrackPointExtension>
            <ns3:hr>127</ns3:hr>
          </ns3:TrackPointExtension>
        </extensions>
      </trkpt>
      <trkpt lat="36.78815600462257862091064453125" lon="126.9682178087532520294189453125">
        <ele>19.6000003814697265625</ele>
        <time>2026-02-07T06:16:14.000Z</time>
        <extensions>
          <ns3:TrackPointExtension>
            <ns3:hr>125</ns3:hr>
          </ns3:TrackPointExtension>
        </extensions>
      </trkpt>
      <trkpt lat="36.7881986685097217559814453125" lon="126.96811060421168804168701171875">
        <ele>19.799999237060546875</ele>
        <time>2026-02-07T06:16:20.000Z</time>
        <extensions>
          <ns3:TrackPointExtension>
            <ns3:hr>125</ns3:hr>
          </ns3:TrackPointExtension>
        </extensions>
      </trkpt>
      <trkpt lat="36.788202188909053802490234375" lon="126.96799702942371368408203125">
        <ele>19.799999237060546875</ele>
        <time>2026-02-07T06:16:26.000Z</time>
        <extensions>
          <ns3:TrackPointExtension>
            <ns3:hr>126</ns3:hr>
          </ns3:TrackPointExtension>
        </extensions>
      </trkpt>
      <trkpt lat="36.788204200565814971923828125" lon="126.96795679628849029541015625">
        <ele>20.6000003814697265625</ele>
        <time>2026-02-07T06:16:29.000Z</time>
        <extensions>
          <ns3:TrackPointExtension>
            <ns3:hr>126</ns3:hr>
          </ns3:TrackPointExtension>
        </extensions>
      </trkpt>
      <trkpt lat="36.78821149282157421112060546875" lon="126.96790742687880992889404296875">
        <ele>21</ele>
        <time>2026-02-07T06:16:32.000Z</time>
        <extensions>
          <ns3:TrackPointExtension>
            <ns3:hr>125</ns3:hr>
          </ns3:TrackPointExtension>
        </extensions>
      </trkpt>
      <trkpt lat="36.7882194556295871734619140625" lon="126.967873312532901763916015625">
        <ele>21.6000003814697265625</ele>
        <time>2026-02-07T06:16:35.000Z</time>
        <extensions>
          <ns3:TrackPointExtension>
            <ns3:hr>126</ns3:hr>
          </ns3:TrackPointExtension>
        </extensions>
      </trkpt>
      <trkpt lat="36.78824837319552898406982421875" lon="126.96779075078666210174560546875">
        <ele>21.3999996185302734375</ele>
        <time>2026-02-07T06:16:40.000Z</time>
        <extensions>
          <ns3:TrackPointExtension>
            <ns3:hr>127</ns3:hr>
          </ns3:TrackPointExtension>
        </extensions>
      </trkpt>
      <trkpt lat="36.78824971430003643035888671875" lon="126.967688240110874176025390625">
        <ele>21.3999996185302734375</ele>
        <time>2026-02-07T06:16:47.000Z</time>
        <extensions>
          <ns3:TrackPointExtension>
            <ns3:hr>127</ns3:hr>
          </ns3:TrackPointExtension>
        </extensions>
      </trkpt>
      <trkpt lat="36.7882472835481166839599609375" lon="126.96759109385311603546142578125">
        <ele>21.799999237060546875</ele>
        <time>2026-02-07T06:16:53.000Z</time>
        <extensions>
          <ns3:TrackPointExtension>
            <ns3:hr>127</ns3:hr>
          </ns3:TrackPointExtension>
        </extensions>
      </trkpt>
      <trkpt lat="36.7884927056729793548583984375" lon="126.96762462146580219268798828125">
        <ele>20.200000762939453125</ele>
        <time>2026-02-07T06:26:41.000Z</time>
        <extensions>
          <ns3:TrackPointExtension>
            <ns3:hr>95</ns3:hr>
          </ns3:TrackPointExtension>
        </extensions>
      </trkpt>
      <trkpt lat="36.78836102597415447235107421875" lon="126.96757315658032894134521484375">
        <ele>20</ele>
        <time>2026-02-07T06:26:42.000Z</time>
        <extensions>
          <ns3:TrackPointExtension>
            <ns3:hr>95</ns3:hr>
          </ns3:TrackPointExtension>
        </extensions>
      </trkpt>
      <trkpt lat="36.78834132850170135498046875" lon="126.96752638556063175201416015625">
        <ele>20.3999996185302734375</ele>
        <time>2026-02-07T06:26:46.000Z</time>
        <extensions>
          <ns3:TrackPointExtension>
            <ns3:hr>98</ns3:hr>
          </ns3:TrackPointExtension>
        </extensions>
      </trkpt>
      <trkpt lat="36.7883414961397647857666015625" lon="126.9675090350210666656494140625">
        <ele>20.799999237060546875</ele>
        <time>2026-02-07T06:26:48.000Z</time>
        <extensions>
          <ns3:TrackPointExtension>
            <ns3:hr>99</ns3:hr>
          </ns3:TrackPointExtension>
        </extensions>
      </trkpt>
      <trkpt lat="36.7883730120956897735595703125" lon="126.96744256652891635894775390625">
        <ele>20.799999237060546875</ele>
        <time>2026-02-07T06:26:53.000Z</time>
        <extensions>
          <ns3:TrackPointExtension>
            <ns3:hr>101</ns3:hr>
          </ns3:TrackPointExtension>
        </extensions>
      </trkpt>
      <trkpt lat="36.78839924745261669158935546875" lon="126.96735329926013946533203125">
        <ele>21</ele>
        <time>2026-02-07T06:27:00.000Z</time>
        <extensions>
          <ns3:TrackPointExtension>
            <ns3:hr>101</ns3:hr>
          </ns3:TrackPointExtension>
        </extensions>
      </trkpt>
      <trkpt lat="36.78841299377381801605224609375" lon="126.9672944582998752593994140625">
        <ele>19.6000003814697265625</ele>
        <time>2026-02-07T06:27:04.000Z</time>
        <extensions>
          <ns3:TrackPointExtension>
            <ns3:hr>98</ns3:hr>
          </ns3:TrackPointExtension>
        </extensions>
      </trkpt>
      <trkpt lat="36.78843227215111255645751953125" lon="126.96723687462508678436279296875">
        <ele>19.3999996185302734375</ele>
        <time>2026-02-07T06:27:07.000Z</time>
        <extensions>
          <ns3:TrackPointExtension>
            <ns3:hr>97</ns3:hr>
          </ns3:TrackPointExtension>
        </extensions>
      </trkpt>
      <trkpt lat="36.78844199515879154205322265625" lon="126.9671858288347721099853515625">
        <ele>21</ele>
        <time>2026-02-07T06:27:10.000Z</time>
        <extensions>
          <ns3:TrackPointExtension>
            <ns3:hr>96</ns3:hr>
          </ns3:TrackPointExtension>
        </extensions>
      </trkpt>
      <trkpt lat="36.78846471011638641357421875" lon="126.96711055934429168701171875">
        <ele>21.6000003814697265625</ele>
        <time>2026-02-07T06:27:15.000Z</time>
        <extensions>
          <ns3:TrackPointExtension>
            <ns3:hr>96</ns3:hr>
          </ns3:TrackPointExtension>
        </extensions>
      </trkpt>
      <trkpt lat="36.788481809198856353759765625" lon="126.96702749468386173248291015625">
        <ele>21</ele>
        <time>2026-02-07T06:27:21.000Z</time>
        <extensions>
          <ns3:TrackPointExtension>
            <ns3:hr>97</ns3:hr>
          </ns3:TrackPointExtension>
        </extensions>
      </trkpt>
      <trkpt lat="36.78848926909267902374267578125" lon="126.96695901453495025634765625">
        <ele>21.799999237060546875</ele>
        <time>2026-02-07T06:27:26.000Z</time>
        <extensions>
          <ns3:TrackPointExtension>
            <ns3:hr>98</ns3:hr>
          </ns3:TrackPointExtension>
        </extensions>
      </trkpt>
      <trkpt lat="36.78848189301788806915283203125" lon="126.966940574347972869873046875">
        <ele>21.3999996185302734375</ele>
        <time>2026-02-07T06:27:28.000Z</time>
        <extensions>
          <ns3:TrackPointExtension>
            <ns3:hr>97</ns3:hr>
          </ns3:TrackPointExtension>
        </extensions>
      </trkpt>
      <trkpt lat="36.78848491050302982330322265625" lon="126.96692422963678836822509765625">
        <ele>21.799999237060546875</ele>
        <time>2026-02-07T06:27:34.000Z</time>
        <extensions>
          <ns3:TrackPointExtension>
            <ns3:hr>97</ns3:hr>
          </ns3:TrackPointExtension>
        </extensions>
      </trkpt>
      <trkpt lat="36.7884908616542816162109375" lon="126.96692657656967639923095703125">
        <ele>22</ele>
        <time>2026-02-07T06:27:35.000Z</time>
        <extensions>
          <ns3:TrackPointExtension>
            <ns3:hr>97</ns3:hr>
          </ns3:TrackPointExtension>
        </extensions>
      </trkpt>
      <trkpt lat="36.7885310947895050048828125" lon="126.9669541530311107635498046875">
        <ele>22.200000762939453125</ele>
        <time>2026-02-07T06:27:42.000Z</time>
        <extensions>
          <ns3:TrackPointExtension>
            <ns3:hr>97</ns3:hr>
          </ns3:TrackPointExtension>
        </extensions>
      </trkpt>
      <trkpt lat="36.78854609839618206024169921875" lon="126.966981478035449981689453125">
        <ele>21.799999237060546875</ele>
        <time>2026-02-07T06:27:51.000Z</time>
        <extensions>
          <ns3:TrackPointExtension>
            <ns3:hr>99</ns3:hr>
          </ns3:TrackPointExtension>
        </extensions>
      </trkpt>
      <trkpt lat="36.78854190744459629058837890625" lon="126.96697938255965709686279296875">
        <ele>22.200000762939453125</ele>
        <time>2026-02-07T06:27:57.000Z</time>
        <extensions>
          <ns3:TrackPointExtension>
            <ns3:hr>96</ns3:hr>
          </ns3:TrackPointExtension>
        </extensions>
      </trkpt>
      <trkpt lat="36.78854190744459629058837890625" lon="126.96697938255965709686279296875">
        <ele>22.6000003814697265625</ele>
        <time>2026-02-07T06:28:01.000Z</time>
        <extensions>
          <ns3:TrackPointExtension>
            <ns3:hr>97</ns3:hr>
          </ns3:TrackPointExtension>
        </extensions>
      </trkpt>
      <trkpt lat="36.78854190744459629058837890625" lon="126.96697938255965709686279296875">
        <ele>22.799999237060546875</ele>
        <time>2026-02-07T06:28:07.000Z</time>
        <extensions>
          <ns3:TrackPointExtension>
            <ns3:hr>94</ns3:hr>
          </ns3:TrackPointExtension>
        </extensions>
      </trkpt>
      <trkpt lat="36.78854190744459629058837890625" lon="126.96697938255965709686279296875">
        <ele>22.799999237060546875</ele>
        <time>2026-02-07T06:28:12.000Z</time>
        <extensions>
          <ns3:TrackPointExtension>
            <ns3:hr>93</ns3:hr>
          </ns3:TrackPointExtension>
        </extensions>
      </trkpt>
      <trkpt lat="36.78854190744459629058837890625" lon="126.96697938255965709686279296875">
        <ele>22.3999996185302734375</ele>
        <time>2026-02-07T06:28:17.000Z</time>
        <extensions>
          <ns3:TrackPointExtension>
            <ns3:hr>90</ns3:hr>
          </ns3:TrackPointExtension>
        </extensions>
      </trkpt>
      <trkpt lat="36.78854190744459629058837890625" lon="126.96697938255965709686279296875">
        <ele>22.200000762939453125</ele>
        <time>2026-02-07T06:28:22.000Z</time>
        <extensions>
          <ns3:TrackPointExtension>
            <ns3:hr>89</ns3:hr>
          </ns3:TrackPointExtension>
        </extensions>
      </trkpt>
      <trkpt lat="36.78854190744459629058837890625" lon="126.96697938255965709686279296875">
        <ele>22.3999996185302734375</ele>
        <time>2026-02-07T06:28:29.000Z</time>
        <extensions>
          <ns3:TrackPointExtension>
            <ns3:hr>86</ns3:hr>
          </ns3:TrackPointExtension>
        </extensions>
      </trkpt>
      <trkpt lat="36.78853319026529788970947265625" lon="126.96696898899972438812255859375">
        <ele>22.3999996185302734375</ele>
        <time>2026-02-07T06:28:31.000Z</time>
        <extensions>
          <ns3:TrackPointExtension>
            <ns3:hr>85</ns3:hr>
          </ns3:TrackPointExtension>
        </extensions>
      </trkpt>
      <trkpt lat="36.78852782584726810455322265625" lon="126.96695633232593536376953125">
        <ele>22.200000762939453125</ele>
        <time>2026-02-07T06:28:38.000Z</time>
        <extensions>
          <ns3:TrackPointExtension>
            <ns3:hr>84</ns3:hr>
          </ns3:TrackPointExtension>
        </extensions>
      </trkpt>
      <trkpt lat="36.78852128796279430389404296875" lon="126.96695876307785511016845703125">
        <ele>22.3999996185302734375</ele>
        <time>2026-02-07T06:28:42.000Z</time>
        <extensions>
          <ns3:TrackPointExtension>
            <ns3:hr>87</ns3:hr>
          </ns3:TrackPointExtension>
        </extensions>
      </trkpt>
      <trkpt lat="36.78852782584726810455322265625" lon="126.96695633232593536376953125">
        <ele>22.6000003814697265625</ele>
        <time>2026-02-07T06:28:46.000Z</time>
        <extensions>
          <ns3:TrackPointExtension>
            <ns3:hr>89</ns3:hr>
          </ns3:TrackPointExtension>
        </extensions>
      </trkpt>
      <trkpt lat="36.788518019020557403564453125" lon="126.9669806398451328277587890625">
        <ele>22</ele>
        <time>2026-02-07T06:28:54.000Z</time>
        <extensions>
          <ns3:TrackPointExtension>
            <ns3:hr>91</ns3:hr>
          </ns3:TrackPointExtension>
        </extensions>
      </trkpt>
      <trkpt lat="36.7885108105838298797607421875" lon="126.966913752257823944091796875">
        <ele>22.3999996185302734375</ele>
        <time>2026-02-07T06:29:01.000Z</time>
        <extensions>
          <ns3:TrackPointExtension>
            <ns3:hr>91</ns3:hr>
          </ns3:TrackPointExtension>
        </extensions>
      </trkpt>
      <trkpt lat="36.78849832154810428619384765625" lon="126.9669085554778575897216796875">
        <ele>21.799999237060546875</ele>
        <time>2026-02-07T06:29:08.000Z</time>
        <extensions>
          <ns3:TrackPointExtension>
            <ns3:hr>94</ns3:hr>
          </ns3:TrackPointExtension>
        </extensions>
      </trkpt>
      <trkpt lat="36.78849832154810428619384765625" lon="126.9669085554778575897216796875">
        <ele>22</ele>
        <time>2026-02-07T06:29:11.000Z</time>
        <extensions>
          <ns3:TrackPointExtension>
            <ns3:hr>92</ns3:hr>
          </ns3:TrackPointExtension>
        </extensions>
      </trkpt>
      <trkpt lat="36.78849815391004085540771484375" lon="126.9669025205075740814208984375">
        <ele>22</ele>
        <time>2026-02-07T06:29:17.000Z</time>
        <extensions>
          <ns3:TrackPointExtension>
            <ns3:hr>91</ns3:hr>
          </ns3:TrackPointExtension>
        </extensions>
      </trkpt>
      <trkpt lat="36.78849144838750362396240234375" lon="126.9669001735746860504150390625">
        <ele>22.3999996185302734375</ele>
        <time>2026-02-07T06:29:18.000Z</time>
        <extensions>
          <ns3:TrackPointExtension>
            <ns3:hr>88</ns3:hr>
          </ns3:TrackPointExtension>
        </extensions>
      </trkpt>
      <trkpt lat="36.78851701319217681884765625" lon="126.96690000593662261962890625">
        <ele>22.799999237060546875</ele>
        <time>2026-02-07T06:29:24.000Z</time>
        <extensions>
          <ns3:TrackPointExtension>
            <ns3:hr>88</ns3:hr>
          </ns3:TrackPointExtension>
        </extensions>
      </trkpt>
      <trkpt lat="36.78852447308599948883056640625" lon="126.96689665317535400390625">
        <ele>22.3999996185302734375</ele>
        <time>2026-02-07T06:29:29.000Z</time>
        <extensions>
          <ns3:TrackPointExtension>
            <ns3:hr>86</ns3:hr>
          </ns3:TrackPointExtension>
        </extensions>
      </trkpt>
      <trkpt lat="36.7885195277631282806396484375" lon="126.9669139198958873748779296875">
        <ele>22.200000762939453125</ele>
        <time>2026-02-07T06:29:35.000Z</time>
        <extensions>
          <ns3:TrackPointExtension>
            <ns3:hr>85</ns3:hr>
          </ns3:TrackPointExtension>
        </extensions>
      </trkpt>
      <trkpt lat="36.78851860575377941131591796875" lon="126.96691551245748996734619140625">
        <ele>22</ele>
        <time>2026-02-07T06:29:41.000Z</time>
        <extensions>
          <ns3:TrackPointExtension>
            <ns3:hr>89</ns3:hr>
          </ns3:TrackPointExtension>
        </extensions>
      </trkpt>
      <trkpt lat="36.78851860575377941131591796875" lon="126.96691551245748996734619140625">
        <ele>22.200000762939453125</ele>
        <time>2026-02-07T06:29:47.000Z</time>
        <extensions>
          <ns3:TrackPointExtension>
            <ns3:hr>90</ns3:hr>
          </ns3:TrackPointExtension>
        </extensions>
      </trkpt>
      <trkpt lat="36.78851860575377941131591796875" lon="126.96691551245748996734619140625">
        <ele>22</ele>
        <time>2026-02-07T06:29:56.000Z</time>
        <extensions>
          <ns3:TrackPointExtension>
            <ns3:hr>87</ns3:hr>
          </ns3:TrackPointExtension>
        </extensions>
      </trkpt>
      <trkpt lat="36.78851860575377941131591796875" lon="126.96691551245748996734619140625">
        <ele>22</ele>
        <time>2026-02-07T06:29:58.000Z</time>
        <extensions>
          <ns3:TrackPointExtension>
            <ns3:hr>85</ns3:hr>
          </ns3:TrackPointExtension>
        </extensions>
      </trkpt>
      <trkpt lat="36.788501255214214324951171875" lon="126.96691534481942653656005859375">
        <ele>22</ele>
        <time>2026-02-07T06:30:09.000Z</time>
        <extensions>
          <ns3:TrackPointExtension>
            <ns3:hr>86</ns3:hr>
          </ns3:TrackPointExtension>
        </extensions>
      </trkpt>
      <trkpt lat="36.7884860001504421234130859375" lon="126.96691215969622135162353515625">
        <ele>21.799999237060546875</ele>
        <time>2026-02-07T06:30:17.000Z</time>
        <extensions>
          <ns3:TrackPointExtension>
            <ns3:hr>85</ns3:hr>
          </ns3:TrackPointExtension>
        </extensions>
      </trkpt>
      <trkpt lat="36.78847971372306346893310546875" lon="126.96691299788653850555419921875">
        <ele>21.799999237060546875</ele>
        <time>2026-02-07T06:30:24.000Z</time>
        <extensions>
          <ns3:TrackPointExtension>
            <ns3:hr>88</ns3:hr>
          </ns3:TrackPointExtension>
        </extensions>
      </trkpt>
      <trkpt lat="36.7884792946279048919677734375" lon="126.9669169373810291290283203125">
        <ele>21.3999996185302734375</ele>
        <time>2026-02-07T06:30:26.000Z</time>
        <extensions>
          <ns3:TrackPointExtension>
            <ns3:hr>88</ns3:hr>
          </ns3:TrackPointExtension>
        </extensions>
      </trkpt>
      <trkpt lat="36.78848692215979099273681640625" lon="126.96691333316266536712646484375">
        <ele>21.6000003814697265625</ele>
        <time>2026-02-07T06:30:34.000Z</time>
        <extensions>
          <ns3:TrackPointExtension>
            <ns3:hr>89</ns3:hr>
          </ns3:TrackPointExtension>
        </extensions>
      </trkpt>
      <trkpt lat="36.7885248921811580657958984375" lon="126.96692682802677154541015625">
        <ele>21.6000003814697265625</ele>
        <time>2026-02-07T06:30:41.000Z</time>
        <extensions>
          <ns3:TrackPointExtension>
            <ns3:hr>87</ns3:hr>
          </ns3:TrackPointExtension>
        </extensions>
      </trkpt>
      <trkpt lat="36.7885272391140460968017578125" lon="126.96693378500640392303466796875">
        <ele>22</ele>
        <time>2026-02-07T06:30:48.000Z</time>
        <extensions>
          <ns3:TrackPointExtension>
            <ns3:hr>93</ns3:hr>
          </ns3:TrackPointExtension>
        </extensions>
      </trkpt>
      <trkpt lat="36.7885265685617923736572265625" lon="126.96693344973027706146240234375">
        <ele>22.200000762939453125</ele>
        <time>2026-02-07T06:30:52.000Z</time>
        <extensions>
          <ns3:TrackPointExtension>
            <ns3:hr>95</ns3:hr>
          </ns3:TrackPointExtension>
        </extensions>
      </trkpt>
      <trkpt lat="36.78852547891438007354736328125" lon="126.966931857168674468994140625">
        <ele>21.799999237060546875</ele>
        <time>2026-02-07T06:30:57.000Z</time>
        <extensions>
          <ns3:TrackPointExtension>
            <ns3:hr>94</ns3:hr>
          </ns3:TrackPointExtension>
        </extensions>
      </trkpt>
      <trkpt lat="36.7885329388082027435302734375" lon="126.96690880693495273590087890625">
        <ele>22</ele>
        <time>2026-02-07T06:31:03.000Z</time>
        <extensions>
          <ns3:TrackPointExtension>
            <ns3:hr>94</ns3:hr>
          </ns3:TrackPointExtension>
        </extensions>
      </trkpt>
      <trkpt lat="36.78853310644626617431640625" lon="126.96690478362143039703369140625">
        <ele>22</ele>
        <time>2026-02-07T06:31:07.000Z</time>
        <extensions>
          <ns3:TrackPointExtension>
            <ns3:hr>94</ns3:hr>
          </ns3:TrackPointExtension>
        </extensions>
      </trkpt>
      <trkpt lat="36.7885305918753147125244140625" lon="126.96690268814563751220703125">
        <ele>21.799999237060546875</ele>
        <time>2026-02-07T06:31:12.000Z</time>
        <extensions>
          <ns3:TrackPointExtension>
            <ns3:hr>91</ns3:hr>
          </ns3:TrackPointExtension>
        </extensions>
      </trkpt>
      <trkpt lat="36.7885305918753147125244140625" lon="126.96690268814563751220703125">
        <ele>22.200000762939453125</ele>
        <time>2026-02-07T06:31:16.000Z</time>
        <extensions>
          <ns3:TrackPointExtension>
            <ns3:hr>93</ns3:hr>
          </ns3:TrackPointExtension>
        </extensions>
      </trkpt>
      <trkpt lat="36.78854777477681636810302734375" lon="126.966911740601062774658203125">
        <ele>22</ele>
        <time>2026-02-07T06:31:22.000Z</time>
        <extensions>
          <ns3:TrackPointExtension>
            <ns3:hr>97</ns3:hr>
          </ns3:TrackPointExtension>
        </extensions>
      </trkpt>
      <trkpt lat="36.78858147002756595611572265625" lon="126.96690595708787441253662109375">
        <ele>22</ele>
        <time>2026-02-07T06:31:24.000Z</time>
        <extensions>
          <ns3:TrackPointExtension>
            <ns3:hr>99</ns3:hr>
          </ns3:TrackPointExtension>
        </extensions>
      </trkpt>
      <trkpt lat="36.7886673845350742340087890625" lon="126.9668847508728504180908203125">
        <ele>22.200000762939453125</ele>
        <time>2026-02-07T06:31:30.000Z</time>
        <extensions>
          <ns3:TrackPointExtension>
            <ns3:hr>103</ns3:hr>
          </ns3:TrackPointExtension>
        </extensions>
      </trkpt>
      <trkpt lat="36.78867635317146778106689453125" lon="126.96685382165014743804931640625">
        <ele>22.6000003814697265625</ele>
        <time>2026-02-07T06:31:32.000Z</time>
        <extensions>
          <ns3:TrackPointExtension>
            <ns3:hr>105</ns3:hr>
          </ns3:TrackPointExtension>
        </extensions>
      </trkpt>
      <trkpt lat="36.7887052707374095916748046875" lon="126.96675173006951808929443359375">
        <ele>23</ele>
        <time>2026-02-07T06:31:39.000Z</time>
        <extensions>
          <ns3:TrackPointExtension>
            <ns3:hr>107</ns3:hr>
          </ns3:TrackPointExtension>
        </extensions>
      </trkpt>
      <trkpt lat="36.78873720578849315643310546875" lon="126.966661624610424041748046875">
        <ele>23.3999996185302734375</ele>
        <time>2026-02-07T06:31:45.000Z</time>
        <extensions>
          <ns3:TrackPointExtension>
            <ns3:hr>109</ns3:hr>
          </ns3:TrackPointExtension>
        </extensions>
      </trkpt>
      <trkpt lat="36.78877006284892559051513671875" lon="126.96655760519206523895263671875">
        <ele>24</ele>
        <time>2026-02-07T06:31:52.000Z</time>
        <extensions>
          <ns3:TrackPointExtension>
            <ns3:hr>112</ns3:hr>
          </ns3:TrackPointExtension>
        </extensions>
      </trkpt>
      <trkpt lat="36.78878397680819034576416015625" lon="126.966523490846157073974609375">
        <ele>24</ele>
        <time>2026-02-07T06:31:55.000Z</time>
        <extensions>
          <ns3:TrackPointExtension>
            <ns3:hr>113</ns3:hr>
          </ns3:TrackPointExtension>
        </extensions>
      </trkpt>
      <trkpt lat="36.78878934122622013092041015625" lon="126.96651167236268520355224609375">
        <ele>24</ele>
        <time>2026-02-07T06:31:56.000Z</time>
        <extensions>
          <ns3:TrackPointExtension>
            <ns3:hr>114</ns3:hr>
          </ns3:TrackPointExtension>
        </extensions>
      </trkpt>
      <trkpt lat="36.788825131952762603759765625" lon="126.96640203706920146942138671875">
        <ele>24.200000762939453125</ele>
        <time>2026-02-07T06:32:03.000Z</time>
        <extensions>
          <ns3:TrackPointExtension>
            <ns3:hr>117</ns3:hr>
          </ns3:TrackPointExtension>
        </extensions>
      </trkpt>
      <trkpt lat="36.78883661516010761260986328125" lon="126.96635685861110687255859375">
        <ele>24.3999996185302734375</ele>
        <time>2026-02-07T06:32:06.000Z</time>
        <extensions>
          <ns3:TrackPointExtension>
            <ns3:hr>117</ns3:hr>
          </ns3:TrackPointExtension>
        </extensions>
      </trkpt>
      <trkpt lat="36.788894869387149810791015625" lon="126.96615627966821193695068359375">
        <ele>25</ele>
        <time>2026-02-07T06:32:19.000Z</time>
        <extensions>
          <ns3:TrackPointExtension>
            <ns3:hr>119</ns3:hr>
          </ns3:TrackPointExtension>
        </extensions>
      </trkpt>
      <trkpt lat="36.78889797069132328033447265625" lon="126.96613566018640995025634765625">
        <ele>25</ele>
        <time>2026-02-07T06:32:20.000Z</time>
        <extensions>
          <ns3:TrackPointExtension>
            <ns3:hr>119</ns3:hr>
          </ns3:TrackPointExtension>
        </extensions>
      </trkpt>
      <trkpt lat="36.78892630152404308319091796875" lon="126.96600222028791904449462890625">
        <ele>25.3999996185302734375</ele>
        <time>2026-02-07T06:32:28.000Z</time>
        <extensions>
          <ns3:TrackPointExtension>
            <ns3:hr>120</ns3:hr>
          </ns3:TrackPointExtension>
        </extensions>
      </trkpt>
      <trkpt lat="36.78897843696177005767822265625" lon="126.96586525999009609222412109375">
        <ele>26</ele>
        <time>2026-02-07T06:32:38.000Z</time>
        <extensions>
          <ns3:TrackPointExtension>
            <ns3:hr>121</ns3:hr>
          </ns3:TrackPointExtension>
        </extensions>
      </trkpt>
      <trkpt lat="36.78901548497378826141357421875" lon="126.96571539156138896942138671875">
        <ele>25.799999237060546875</ele>
        <time>2026-02-07T06:32:48.000Z</time>
        <extensions>
          <ns3:TrackPointExtension>
            <ns3:hr>119</ns3:hr>
          </ns3:TrackPointExtension>
        </extensions>
      </trkpt>
      <trkpt lat="36.78902663290500640869140625" lon="126.9656641781330108642578125">
        <ele>26.200000762939453125</ele>
        <time>2026-02-07T06:32:51.000Z</time>
        <extensions>
          <ns3:TrackPointExtension>
            <ns3:hr>119</ns3:hr>
          </ns3:TrackPointExtension>
        </extensions>
      </trkpt>
      <trkpt lat="36.78905211389064788818359375" lon="126.965553201735019683837890625">
        <ele>25.799999237060546875</ele>
        <time>2026-02-07T06:32:58.000Z</time>
        <extensions>
          <ns3:TrackPointExtension>
            <ns3:hr>119</ns3:hr>
          </ns3:TrackPointExtension>
        </extensions>
      </trkpt>
      <trkpt lat="36.7890594899654388427734375" lon="126.965405680239200592041015625">
        <ele>26.799999237060546875</ele>
        <time>2026-02-07T06:33:08.000Z</time>
        <extensions>
          <ns3:TrackPointExtension>
            <ns3:hr>118</ns3:hr>
          </ns3:TrackPointExtension>
        </extensions>
      </trkpt>
      <trkpt lat="36.7890465818345546722412109375" lon="126.96525757201015949249267578125">
        <ele>26.3999996185302734375</ele>
        <time>2026-02-07T06:33:19.000Z</time>
        <extensions>
          <ns3:TrackPointExtension>
            <ns3:hr>118</ns3:hr>
          </ns3:TrackPointExtension>
        </extensions>
      </trkpt>
      <trkpt lat="36.7890734039247035980224609375" lon="126.96514584124088287353515625">
        <ele>26.6000003814697265625</ele>
        <time>2026-02-07T06:33:26.000Z</time>
        <extensions>
          <ns3:TrackPointExtension>
            <ns3:hr>117</ns3:hr>
          </ns3:TrackPointExtension>
        </extensions>
      </trkpt>
      <trkpt lat="36.7890958674252033233642578125" lon="126.96510887704789638519287109375">
        <ele>27.200000762939453125</ele>
        <time>2026-02-07T06:33:28.000Z</time>
        <extensions>
          <ns3:TrackPointExtension>
            <ns3:hr>116</ns3:hr>
          </ns3:TrackPointExtension>
        </extensions>
      </trkpt>
      <trkpt lat="36.78910567425191402435302734375" lon="126.965045593678951263427734375">
        <ele>27.6000003814697265625</ele>
        <time>2026-02-07T06:33:32.000Z</time>
        <extensions>
          <ns3:TrackPointExtension>
            <ns3:hr>118</ns3:hr>
          </ns3:TrackPointExtension>
        </extensions>
      </trkpt>
      <trkpt lat="36.7891045846045017242431640625" lon="126.96493319235742092132568359375">
        <ele>27.200000762939453125</ele>
        <time>2026-02-07T06:33:39.000Z</time>
        <extensions>
          <ns3:TrackPointExtension>
            <ns3:hr>119</ns3:hr>
          </ns3:TrackPointExtension>
        </extensions>
      </trkpt>
      <trkpt lat="36.78909511305391788482666015625" lon="126.9648353755474090576171875">
        <ele>26.6000003814697265625</ele>
        <time>2026-02-07T06:33:45.000Z</time>
        <extensions>
          <ns3:TrackPointExtension>
            <ns3:hr>118</ns3:hr>
          </ns3:TrackPointExtension>
        </extensions>
      </trkpt>
      <trkpt lat="36.7890863120555877685546875" lon="126.96461970917880535125732421875">
        <ele>26.6000003814697265625</ele>
        <time>2026-02-07T06:33:58.000Z</time>
        <extensions>
          <ns3:TrackPointExtension>
            <ns3:hr>116</ns3:hr>
          </ns3:TrackPointExtension>
        </extensions>
      </trkpt>
      <trkpt lat="36.789083965122699737548828125" lon="126.96450890041887760162353515625">
        <ele>26.200000762939453125</ele>
        <time>2026-02-07T06:34:05.000Z</time>
        <extensions>
          <ns3:TrackPointExtension>
            <ns3:hr>113</ns3:hr>
          </ns3:TrackPointExtension>
        </extensions>
      </trkpt>
      <trkpt lat="36.789087988436222076416015625" lon="126.96448844857513904571533203125">
        <ele>26</ele>
        <time>2026-02-07T06:34:07.000Z</time>
        <extensions>
          <ns3:TrackPointExtension>
            <ns3:hr>113</ns3:hr>
          </ns3:TrackPointExtension>
        </extensions>
      </trkpt>
      <trkpt lat="36.78911112248897552490234375" lon="126.9643326289951801300048828125">
        <ele>26</ele>
        <time>2026-02-07T06:34:17.000Z</time>
        <extensions>
          <ns3:TrackPointExtension>
            <ns3:hr>110</ns3:hr>
          </ns3:TrackPointExtension>
        </extensions>
      </trkpt>
      <trkpt lat="36.78911807946860790252685546875" lon="126.9641861133277416229248046875">
        <ele>25.799999237060546875</ele>
        <time>2026-02-07T06:34:26.000Z</time>
        <extensions>
          <ns3:TrackPointExtension>
            <ns3:hr>110</ns3:hr>
          </ns3:TrackPointExtension>
        </extensions>
      </trkpt>
      <trkpt lat="36.7891706340014934539794921875" lon="126.96403917856514453887939453125">
        <ele>26.200000762939453125</ele>
        <time>2026-02-07T06:34:35.000Z</time>
        <extensions>
          <ns3:TrackPointExtension>
            <ns3:hr>111</ns3:hr>
          </ns3:TrackPointExtension>
        </extensions>
      </trkpt>
      <trkpt lat="36.78921447135508060455322265625" lon="126.963971368968486785888671875">
        <ele>26.6000003814697265625</ele>
        <time>2026-02-07T06:34:40.000Z</time>
        <extensions>
          <ns3:TrackPointExtension>
            <ns3:hr>107</ns3:hr>
          </ns3:TrackPointExtension>
        </extensions>
      </trkpt>
      <trkpt lat="36.7892311513423919677734375" lon="126.963945217430591583251953125">
        <ele>26.200000762939453125</ele>
        <time>2026-02-07T06:34:42.000Z</time>
        <extensions>
          <ns3:TrackPointExtension>
            <ns3:hr>100</ns3:hr>
          </ns3:TrackPointExtension>
        </extensions>
      </trkpt>
      <trkpt lat="36.78925822488963603973388671875" lon="126.96391361765563488006591796875">
        <ele>26.3999996185302734375</ele>
        <time>2026-02-07T06:34:45.000Z</time>
        <extensions>
          <ns3:TrackPointExtension>
            <ns3:hr>99</ns3:hr>
          </ns3:TrackPointExtension>
        </extensions>
      </trkpt>
      <trkpt lat="36.789326034486293792724609375" lon="126.96383181028068065643310546875">
        <ele>27.200000762939453125</ele>
        <time>2026-02-07T06:34:53.000Z</time>
        <extensions>
          <ns3:TrackPointExtension>
            <ns3:hr>98</ns3:hr>
          </ns3:TrackPointExtension>
        </extensions>
      </trkpt>
      <trkpt lat="36.789334751665592193603515625" lon="126.96382292546331882476806640625">
        <ele>27.3999996185302734375</ele>
        <time>2026-02-07T06:34:54.000Z</time>
        <extensions>
          <ns3:TrackPointExtension>
            <ns3:hr>99</ns3:hr>
          </ns3:TrackPointExtension>
        </extensions>
      </trkpt>
      <trkpt lat="36.789414882659912109375" lon="126.96374346502125263214111328125">
        <ele>28</ele>
        <time>2026-02-07T06:35:02.000Z</time>
        <extensions>
          <ns3:TrackPointExtension>
            <ns3:hr>102</ns3:hr>
          </ns3:TrackPointExtension>
        </extensions>
      </trkpt>
      <trkpt lat="36.78943156264722347259521484375" lon="126.963726617395877838134765625">
        <ele>28.200000762939453125</ele>
        <time>2026-02-07T06:35:04.000Z</time>
        <extensions>
          <ns3:TrackPointExtension>
            <ns3:hr>103</ns3:hr>
          </ns3:TrackPointExtension>
        </extensions>
      </trkpt>
      <trkpt lat="36.78952359594404697418212890625" lon="126.96360415779054164886474609375">
        <ele>28.3999996185302734375</ele>
        <time>2026-02-07T06:35:15.000Z</time>
        <extensions>
          <ns3:TrackPointExtension>
            <ns3:hr>104</ns3:hr>
          </ns3:TrackPointExtension>
        </extensions>
      </trkpt>
      <trkpt lat="36.78963155485689640045166015625" lon="126.96350759826600551605224609375">
        <ele>29</ele>
        <time>2026-02-07T06:35:25.000Z</time>
        <extensions>
          <ns3:TrackPointExtension>
            <ns3:hr>105</ns3:hr>
          </ns3:TrackPointExtension>
        </extensions>
      </trkpt>
      <trkpt lat="36.78968109190464019775390625" lon="126.96347373537719249725341796875">
        <ele>29.200000762939453125</ele>
        <time>2026-02-07T06:35:30.000Z</time>
        <extensions>
          <ns3:TrackPointExtension>
            <ns3:hr>105</ns3:hr>
          </ns3:TrackPointExtension>
        </extensions>
      </trkpt>
      <trkpt lat="36.78973750211298465728759765625" lon="126.96340642869472503662109375">
        <ele>29.6000003814697265625</ele>
        <time>2026-02-07T06:35:37.000Z</time>
        <extensions>
          <ns3:TrackPointExtension>
            <ns3:hr>105</ns3:hr>
          </ns3:TrackPointExtension>
        </extensions>
      </trkpt>
      <trkpt lat="36.789814531803131103515625" lon="126.96332671679556369781494140625">
        <ele>30.200000762939453125</ele>
        <time>2026-02-07T06:35:45.000Z</time>
        <extensions>
          <ns3:TrackPointExtension>
            <ns3:hr>108</ns3:hr>
          </ns3:TrackPointExtension>
        </extensions>
      </trkpt>
      <trkpt lat="36.78982551209628582000732421875" lon="126.9633174128830432891845703125">
        <ele>30.200000762939453125</ele>
        <time>2026-02-07T06:35:46.000Z</time>
        <extensions>
          <ns3:TrackPointExtension>
            <ns3:hr>111</ns3:hr>
          </ns3:TrackPointExtension>
        </extensions>
      </trkpt>
      <trkpt lat="36.7898364923894405364990234375" lon="126.96330609731376171112060546875">
        <ele>30.3999996185302734375</ele>
        <time>2026-02-07T06:35:47.000Z</time>
        <extensions>
          <ns3:TrackPointExtension>
            <ns3:hr>115</ns3:hr>
          </ns3:TrackPointExtension>
        </extensions>
      </trkpt>
      <trkpt lat="36.78984646685421466827392578125" lon="126.96328916586935520172119140625">
        <ele>30.3999996185302734375</ele>
        <time>2026-02-07T06:35:48.000Z</time>
        <extensions>
          <ns3:TrackPointExtension>
            <ns3:hr>115</ns3:hr>
          </ns3:TrackPointExtension>
        </extensions>
      </trkpt>
      <trkpt lat="36.7898552678525447845458984375" lon="126.9632734917104244232177734375">
        <ele>30.3999996185302734375</ele>
        <time>2026-02-07T06:35:49.000Z</time>
        <extensions>
          <ns3:TrackPointExtension>
            <ns3:hr>116</ns3:hr>
          </ns3:TrackPointExtension>
        </extensions>
      </trkpt>
      <trkpt lat="36.78992106579244136810302734375" lon="126.96314415894448757171630859375">
        <ele>30.6000003814697265625</ele>
        <time>2026-02-07T06:36:00.000Z</time>
        <extensions>
          <ns3:TrackPointExtension>
            <ns3:hr>117</ns3:hr>
          </ns3:TrackPointExtension>
        </extensions>
      </trkpt>
      <trkpt lat="36.78997554816305637359619140625" lon="126.963015161454677581787109375">
        <ele>30</ele>
        <time>2026-02-07T06:36:09.000Z</time>
        <extensions>
          <ns3:TrackPointExtension>
            <ns3:hr>115</ns3:hr>
          </ns3:TrackPointExtension>
        </extensions>
      </trkpt>
      <trkpt lat="36.79000773467123508453369140625" lon="126.962956488132476806640625">
        <ele>29.200000762939453125</ele>
        <time>2026-02-07T06:36:13.000Z</time>
        <extensions>
          <ns3:TrackPointExtension>
            <ns3:hr>115</ns3:hr>
          </ns3:TrackPointExtension>
        </extensions>
      </trkpt>
      <trkpt lat="36.79004847072064876556396484375" lon="126.96287803351879119873046875">
        <ele>29</ele>
        <time>2026-02-07T06:36:19.000Z</time>
        <extensions>
          <ns3:TrackPointExtension>
            <ns3:hr>115</ns3:hr>
          </ns3:TrackPointExtension>
        </extensions>
      </trkpt>
      <trkpt lat="36.79010462947189807891845703125" lon="126.96275465190410614013671875">
        <ele>28.3999996185302734375</ele>
        <time>2026-02-07T06:36:28.000Z</time>
        <extensions>
          <ns3:TrackPointExtension>
            <ns3:hr>112</ns3:hr>
          </ns3:TrackPointExtension>
        </extensions>
      </trkpt>
      <trkpt lat="36.7901184596121311187744140625" lon="126.96272858418524265289306640625">
        <ele>28.200000762939453125</ele>
        <time>2026-02-07T06:36:30.000Z</time>
        <extensions>
          <ns3:TrackPointExtension>
            <ns3:hr>111</ns3:hr>
          </ns3:TrackPointExtension>
        </extensions>
      </trkpt>
      <trkpt lat="36.7901248298585414886474609375" lon="126.96271441876888275146484375">
        <ele>28</ele>
        <time>2026-02-07T06:36:31.000Z</time>
        <extensions>
          <ns3:TrackPointExtension>
            <ns3:hr>111</ns3:hr>
          </ns3:TrackPointExtension>
        </extensions>
      </trkpt>
      <trkpt lat="36.79014377295970916748046875" lon="126.96267561055719852447509765625">
        <ele>28</ele>
        <time>2026-02-07T06:36:34.000Z</time>
        <extensions>
          <ns3:TrackPointExtension>
            <ns3:hr>108</ns3:hr>
          </ns3:TrackPointExtension>
        </extensions>
      </trkpt>
      <trkpt lat="36.79019046016037464141845703125" lon="126.962564550340175628662109375">
        <ele>27.3999996185302734375</ele>
        <time>2026-02-07T06:36:42.000Z</time>
        <extensions>
          <ns3:TrackPointExtension>
            <ns3:hr>108</ns3:hr>
          </ns3:TrackPointExtension>
        </extensions>
      </trkpt>
      <trkpt lat="36.79022599942982196807861328125" lon="126.96248131804168224334716796875">
        <ele>27</ele>
        <time>2026-02-07T06:36:48.000Z</time>
        <extensions>
          <ns3:TrackPointExtension>
            <ns3:hr>107</ns3:hr>
          </ns3:TrackPointExtension>
        </extensions>
      </trkpt>
      <trkpt lat="36.790256761014461517333984375" lon="126.96241241879761219024658203125">
        <ele>25.799999237060546875</ele>
        <time>2026-02-07T06:36:53.000Z</time>
        <extensions>
          <ns3:TrackPointExtension>
            <ns3:hr>105</ns3:hr>
          </ns3:TrackPointExtension>
        </extensions>
      </trkpt>
      <trkpt lat="36.79029573686420917510986328125" lon="126.9623431004583835601806640625">
        <ele>27</ele>
        <time>2026-02-07T06:36:58.000Z</time>
        <extensions>
          <ns3:TrackPointExtension>
            <ns3:hr>105</ns3:hr>
          </ns3:TrackPointExtension>
        </extensions>
      </trkpt>
      <trkpt lat="36.79032440297305583953857421875" lon="126.96228132583200931549072265625">
        <ele>26.799999237060546875</ele>
        <time>2026-02-07T06:37:03.000Z</time>
        <extensions>
          <ns3:TrackPointExtension>
            <ns3:hr>106</ns3:hr>
          </ns3:TrackPointExtension>
        </extensions>
      </trkpt>
      <trkpt lat="36.7903568409383296966552734375" lon="126.9621989317238330841064453125">
        <ele>25.799999237060546875</ele>
        <time>2026-02-07T06:37:09.000Z</time>
        <extensions>
          <ns3:TrackPointExtension>
            <ns3:hr>106</ns3:hr>
          </ns3:TrackPointExtension>
        </extensions>
      </trkpt>
      <trkpt lat="36.7904044501483440399169921875" lon="126.9620846025645732879638671875">
        <ele>25.6000003814697265625</ele>
        <time>2026-02-07T06:37:17.000Z</time>
        <extensions>
          <ns3:TrackPointExtension>
            <ns3:hr>106</ns3:hr>
          </ns3:TrackPointExtension>
        </extensions>
      </trkpt>
      <trkpt lat="36.7904408276081085205078125" lon="126.96198225952684879302978515625">
        <ele>24.799999237060546875</ele>
        <time>2026-02-07T06:37:24.000Z</time>
        <extensions>
          <ns3:TrackPointExtension>
            <ns3:hr>107</ns3:hr>
          </ns3:TrackPointExtension>
        </extensions>
      </trkpt>
      <trkpt lat="36.7904544062912464141845703125" lon="126.9619451276957988739013671875">
        <ele>25</ele>
        <time>2026-02-07T06:37:27.000Z</time>
        <extensions>
          <ns3:TrackPointExtension>
            <ns3:hr>106</ns3:hr>
          </ns3:TrackPointExtension>
        </extensions>
      </trkpt>
      <trkpt lat="36.79054803214967250823974609375" lon="126.96177522651851177215576171875">
        <ele>25.3999996185302734375</ele>
        <time>2026-02-07T06:37:39.000Z</time>
        <extensions>
          <ns3:TrackPointExtension>
            <ns3:hr>108</ns3:hr>
          </ns3:TrackPointExtension>
        </extensions>
      </trkpt>
      <trkpt lat="36.7906364612281322479248046875" lon="126.96157875470817089080810546875">
        <ele>25.3999996185302734375</ele>
        <time>2026-02-07T06:37:52.000Z</time>
        <extensions>
          <ns3:TrackPointExtension>
            <ns3:hr>108</ns3:hr>
          </ns3:TrackPointExtension>
        </extensions>
      </trkpt>
      <trkpt lat="36.79064760915935039520263671875" lon="126.961554028093814849853515625">
        <ele>25.3999996185302734375</ele>
        <time>2026-02-07T06:37:54.000Z</time>
        <extensions>
          <ns3:TrackPointExtension>
            <ns3:hr>108</ns3:hr>
          </ns3:TrackPointExtension>
        </extensions>
      </trkpt>
      <trkpt lat="36.7907471023499965667724609375" lon="126.96135948412120342254638671875">
        <ele>24.6000003814697265625</ele>
        <time>2026-02-07T06:38:09.000Z</time>
        <extensions>
          <ns3:TrackPointExtension>
            <ns3:hr>108</ns3:hr>
          </ns3:TrackPointExtension>
        </extensions>
      </trkpt>
      <trkpt lat="36.7908201925456523895263671875" lon="126.9612063467502593994140625">
        <ele>23.799999237060546875</ele>
        <time>2026-02-07T06:38:20.000Z</time>
        <extensions>
          <ns3:TrackPointExtension>
            <ns3:hr>108</ns3:hr>
          </ns3:TrackPointExtension>
        </extensions>
      </trkpt>
      <trkpt lat="36.79084039293229579925537109375" lon="126.96117357350885868072509765625">
        <ele>23.6000003814697265625</ele>
        <time>2026-02-07T06:38:23.000Z</time>
        <extensions>
          <ns3:TrackPointExtension>
            <ns3:hr>109</ns3:hr>
          </ns3:TrackPointExtension>
        </extensions>
      </trkpt>
      <trkpt lat="36.7908942885696887969970703125" lon="126.96106712333858013153076171875">
        <ele>23.200000762939453125</ele>
        <time>2026-02-07T06:38:30.000Z</time>
        <extensions>
          <ns3:TrackPointExtension>
            <ns3:hr>106</ns3:hr>
          </ns3:TrackPointExtension>
        </extensions>
      </trkpt>
      <trkpt lat="36.79092404432594776153564453125" lon="126.96100409142673015594482421875">
        <ele>22.799999237060546875</ele>
        <time>2026-02-07T06:38:35.000Z</time>
        <extensions>
          <ns3:TrackPointExtension>
            <ns3:hr>107</ns3:hr>
          </ns3:TrackPointExtension>
        </extensions>
      </trkpt>
      <trkpt lat="36.79094164632260799407958984375" lon="126.96097006089985370635986328125">
        <ele>22.6000003814697265625</ele>
        <time>2026-02-07T06:38:38.000Z</time>
        <extensions>
          <ns3:TrackPointExtension>
            <ns3:hr>108</ns3:hr>
          </ns3:TrackPointExtension>
        </extensions>
      </trkpt>
      <trkpt lat="36.79103401489555835723876953125" lon="126.9607847370207309722900390625">
        <ele>21.799999237060546875</ele>
        <time>2026-02-07T06:38:52.000Z</time>
        <extensions>
          <ns3:TrackPointExtension>
            <ns3:hr>108</ns3:hr>
          </ns3:TrackPointExtension>
        </extensions>
      </trkpt>
      <trkpt lat="36.79104097187519073486328125" lon="126.9607696495950222015380859375">
        <ele>21.6000003814697265625</ele>
        <time>2026-02-07T06:38:53.000Z</time>
        <extensions>
          <ns3:TrackPointExtension>
            <ns3:hr>108</ns3:hr>
          </ns3:TrackPointExtension>
        </extensions>
      </trkpt>
      <trkpt lat="36.79111364297568798065185546875" lon="126.9606204517185688018798828125">
        <ele>21.6000003814697265625</ele>
        <time>2026-02-07T06:39:05.000Z</time>
        <extensions>
          <ns3:TrackPointExtension>
            <ns3:hr>108</ns3:hr>
          </ns3:TrackPointExtension>
        </extensions>
      </trkpt>
      <trkpt lat="36.79119586944580078125" lon="126.96042758412659168243408203125">
        <ele>21</ele>
        <time>2026-02-07T06:39:18.000Z</time>
        <extensions>
          <ns3:TrackPointExtension>
            <ns3:hr>107</ns3:hr>
          </ns3:TrackPointExtension>
        </extensions>
      </trkpt>
      <trkpt lat="36.79124347865581512451171875" lon="126.9603425078094005584716796875">
        <ele>20.6000003814697265625</ele>
        <time>2026-02-07T06:39:24.000Z</time>
        <extensions>
          <ns3:TrackPointExtension>
            <ns3:hr>107</ns3:hr>
          </ns3:TrackPointExtension>
        </extensions>
      </trkpt>
      <trkpt lat="36.79128278978168964385986328125" lon="126.96026816032826900482177734375">
        <ele>21.200000762939453125</ele>
        <time>2026-02-07T06:39:30.000Z</time>
        <extensions>
          <ns3:TrackPointExtension>
            <ns3:hr>107</ns3:hr>
          </ns3:TrackPointExtension>
        </extensions>
      </trkpt>
      <trkpt lat="36.79138152860105037689208984375" lon="126.9600809924304485321044921875">
        <ele>20</ele>
        <time>2026-02-07T06:39:43.000Z</time>
        <extensions>
          <ns3:TrackPointExtension>
            <ns3:hr>106</ns3:hr>
          </ns3:TrackPointExtension>
        </extensions>
      </trkpt>
      <trkpt lat="36.79147574119269847869873046875" lon="126.9598747976124286651611328125">
        <ele>19.6000003814697265625</ele>
        <time>2026-02-07T06:39:58.000Z</time>
        <extensions>
          <ns3:TrackPointExtension>
            <ns3:hr>106</ns3:hr>
          </ns3:TrackPointExtension>
        </extensions>
      </trkpt>
      <trkpt lat="36.79157330654561519622802734375" lon="126.9596823491156101226806640625">
        <ele>18.3999996185302734375</ele>
        <time>2026-02-07T06:40:12.000Z</time>
        <extensions>
          <ns3:TrackPointExtension>
            <ns3:hr>106</ns3:hr>
          </ns3:TrackPointExtension>
        </extensions>
      </trkpt>
      <trkpt lat="36.79162058047950267791748046875" lon="126.95959341712296009063720703125">
        <ele>16.6000003814697265625</ele>
        <time>2026-02-07T06:40:19.000Z</time>
        <extensions>
          <ns3:TrackPointExtension>
            <ns3:hr>105</ns3:hr>
          </ns3:TrackPointExtension>
        </extensions>
      </trkpt>
      <trkpt lat="36.7916563712060451507568359375" lon="126.95952602662146091461181640625">
        <ele>18.200000762939453125</ele>
        <time>2026-02-07T06:40:24.000Z</time>
        <extensions>
          <ns3:TrackPointExtension>
            <ns3:hr>105</ns3:hr>
          </ns3:TrackPointExtension>
        </extensions>
      </trkpt>
      <trkpt lat="36.7916704528033733367919921875" lon="126.9594969414174556732177734375">
        <ele>18.6000003814697265625</ele>
        <time>2026-02-07T06:40:26.000Z</time>
        <extensions>
          <ns3:TrackPointExtension>
            <ns3:hr>105</ns3:hr>
          </ns3:TrackPointExtension>
        </extensions>
      </trkpt>
      <trkpt lat="36.79171965457499027252197265625" lon="126.95939929224550724029541015625">
        <ele>16.799999237060546875</ele>
        <time>2026-02-07T06:40:34.000Z</time>
        <extensions>
          <ns3:TrackPointExtension>
            <ns3:hr>103</ns3:hr>
          </ns3:TrackPointExtension>
        </extensions>
      </trkpt>
      <trkpt lat="36.79175485856831073760986328125" lon="126.95933408103883266448974609375">
        <ele>17.6000003814697265625</ele>
        <time>2026-02-07T06:40:39.000Z</time>
        <extensions>
          <ns3:TrackPointExtension>
            <ns3:hr>102</ns3:hr>
          </ns3:TrackPointExtension>
        </extensions>
      </trkpt>
      <trkpt lat="36.7918132804334163665771484375" lon="126.9592153094708919525146484375">
        <ele>18</ele>
        <time>2026-02-07T06:40:47.000Z</time>
        <extensions>
          <ns3:TrackPointExtension>
            <ns3:hr>104</ns3:hr>
          </ns3:TrackPointExtension>
        </extensions>
      </trkpt>
      <trkpt lat="36.79182895459234714508056640625" lon="126.95918136276304721832275390625">
        <ele>18.200000762939453125</ele>
        <time>2026-02-07T06:40:49.000Z</time>
        <extensions>
          <ns3:TrackPointExtension>
            <ns3:hr>104</ns3:hr>
          </ns3:TrackPointExtension>
        </extensions>
      </trkpt>
      <trkpt lat="36.791864074766635894775390625" lon="126.95910793729126453399658203125">
        <ele>17.799999237060546875</ele>
        <time>2026-02-07T06:40:54.000Z</time>
        <extensions>
          <ns3:TrackPointExtension>
            <ns3:hr>107</ns3:hr>
          </ns3:TrackPointExtension>
        </extensions>
      </trkpt>
      <trkpt lat="36.79187103174626827239990234375" lon="126.9590956158936023712158203125">
        <ele>17.6000003814697265625</ele>
        <time>2026-02-07T06:40:55.000Z</time>
        <extensions>
          <ns3:TrackPointExtension>
            <ns3:hr>110</ns3:hr>
          </ns3:TrackPointExtension>
        </extensions>
      </trkpt>
      <trkpt lat="36.79187555797398090362548828125" lon="126.9590842165052890777587890625">
        <ele>17.3999996185302734375</ele>
        <time>2026-02-07T06:40:56.000Z</time>
        <extensions>
          <ns3:TrackPointExtension>
            <ns3:hr>113</ns3:hr>
          </ns3:TrackPointExtension>
        </extensions>
      </trkpt>
      <trkpt lat="36.7918893881142139434814453125" lon="126.95905856788158416748046875">
        <ele>17.200000762939453125</ele>
        <time>2026-02-07T06:40:58.000Z</time>
        <extensions>
          <ns3:TrackPointExtension>
            <ns3:hr>116</ns3:hr>
          </ns3:TrackPointExtension>
        </extensions>
      </trkpt>
      <trkpt lat="36.7918960936367511749267578125" lon="126.95904490537941455841064453125">
        <ele>17.200000762939453125</ele>
        <time>2026-02-07T06:40:59.000Z</time>
        <extensions>
          <ns3:TrackPointExtension>
            <ns3:hr>116</ns3:hr>
          </ns3:TrackPointExtension>
        </extensions>
      </trkpt>
      <trkpt lat="36.7919681780040264129638671875" lon="126.958901993930339813232421875">
        <ele>17</ele>
        <time>2026-02-07T06:41:09.000Z</time>
        <extensions>
          <ns3:TrackPointExtension>
            <ns3:hr>113</ns3:hr>
          </ns3:TrackPointExtension>
        </extensions>
      </trkpt>
      <trkpt lat="36.79197446443140506744384765625" lon="126.95888699032366275787353515625">
        <ele>16.799999237060546875</ele>
        <time>2026-02-07T06:41:10.000Z</time>
        <extensions>
          <ns3:TrackPointExtension>
            <ns3:hr>114</ns3:hr>
          </ns3:TrackPointExtension>
        </extensions>
      </trkpt>
      <trkpt lat="36.791992150247097015380859375" lon="126.95884407497942447662353515625">
        <ele>16.799999237060546875</ele>
        <time>2026-02-07T06:41:13.000Z</time>
        <extensions>
          <ns3:TrackPointExtension>
            <ns3:hr>114</ns3:hr>
          </ns3:TrackPointExtension>
        </extensions>
      </trkpt>
      <trkpt lat="36.792041100561618804931640625" lon="126.9587526284158229827880859375">
        <ele>17.200000762939453125</ele>
        <time>2026-02-07T06:41:20.000Z</time>
        <extensions>
          <ns3:TrackPointExtension>
            <ns3:hr>112</ns3:hr>
          </ns3:TrackPointExtension>
        </extensions>
      </trkpt>
      <trkpt lat="36.79204788990318775177001953125" lon="126.958715915679931640625">
        <ele>17.3999996185302734375</ele>
        <time>2026-02-07T06:41:23.000Z</time>
        <extensions>
          <ns3:TrackPointExtension>
            <ns3:hr>110</ns3:hr>
          </ns3:TrackPointExtension>
        </extensions>
      </trkpt>
      <trkpt lat="36.7920131050050258636474609375" lon="126.9585994072258472442626953125">
        <ele>17.3999996185302734375</ele>
        <time>2026-02-07T06:41:29.000Z</time>
        <extensions>
          <ns3:TrackPointExtension>
            <ns3:hr>108</ns3:hr>
          </ns3:TrackPointExtension>
        </extensions>
      </trkpt>
      <trkpt lat="36.79205191321671009063720703125" lon="126.95845733396708965301513671875">
        <ele>17</ele>
        <time>2026-02-07T06:41:38.000Z</time>
        <extensions>
          <ns3:TrackPointExtension>
            <ns3:hr>107</ns3:hr>
          </ns3:TrackPointExtension>
        </extensions>
      </trkpt>
      <trkpt lat="36.7921311222016811370849609375" lon="126.95830620825290679931640625">
        <ele>16.6000003814697265625</ele>
        <time>2026-02-07T06:41:48.000Z</time>
        <extensions>
          <ns3:TrackPointExtension>
            <ns3:hr>109</ns3:hr>
          </ns3:TrackPointExtension>
        </extensions>
      </trkpt>
      <trkpt lat="36.79216590709984302520751953125" lon="126.95825817994773387908935546875">
        <ele>15.6000003814697265625</ele>
        <time>2026-02-07T06:41:52.000Z</time>
        <extensions>
          <ns3:TrackPointExtension>
            <ns3:hr>110</ns3:hr>
          </ns3:TrackPointExtension>
        </extensions>
      </trkpt>
      <trkpt lat="36.7922122590243816375732421875" lon="126.95818223990499973297119140625">
        <ele>16.200000762939453125</ele>
        <time>2026-02-07T06:41:58.000Z</time>
        <extensions>
          <ns3:TrackPointExtension>
            <ns3:hr>110</ns3:hr>
          </ns3:TrackPointExtension>
        </extensions>
      </trkpt>
      <trkpt lat="36.79225274361670017242431640625" lon="126.958015523850917816162109375">
        <ele>15.80000019073486328125</ele>
        <time>2026-02-07T06:42:08.000Z</time>
        <extensions>
          <ns3:TrackPointExtension>
            <ns3:hr>111</ns3:hr>
          </ns3:TrackPointExtension>
        </extensions>
      </trkpt>
      <trkpt lat="36.7922260053455829620361328125" lon="126.95791016332805156707763671875">
        <ele>15.3999996185302734375</ele>
        <time>2026-02-07T06:42:16.000Z</time>
        <extensions>
          <ns3:TrackPointExtension>
            <ns3:hr>111</ns3:hr>
          </ns3:TrackPointExtension>
        </extensions>
      </trkpt>
      <trkpt lat="36.79217026568949222564697265625" lon="126.95785031653940677642822265625">
        <ele>15.6000003814697265625</ele>
        <time>2026-02-07T06:42:24.000Z</time>
        <extensions>
          <ns3:TrackPointExtension>
            <ns3:hr>110</ns3:hr>
          </ns3:TrackPointExtension>
        </extensions>
      </trkpt>
      <trkpt lat="36.79211762733757495880126953125" lon="126.95774386636912822723388671875">
        <ele>15.19999980926513671875</ele>
        <time>2026-02-07T06:42:33.000Z</time>
        <extensions>
          <ns3:TrackPointExtension>
            <ns3:hr>109</ns3:hr>
          </ns3:TrackPointExtension>
        </extensions>
      </trkpt>
      <trkpt lat="36.792069934308528900146484375" lon="126.95768804289400577545166015625">
        <ele>16.799999237060546875</ele>
        <time>2026-02-07T06:42:38.000Z</time>
        <extensions>
          <ns3:TrackPointExtension>
            <ns3:hr>109</ns3:hr>
          </ns3:TrackPointExtension>
        </extensions>
      </trkpt>
      <trkpt lat="36.79204956628382205963134765625" lon="126.95766373537480831146240234375">
        <ele>16.6000003814697265625</ele>
        <time>2026-02-07T06:42:40.000Z</time>
        <extensions>
          <ns3:TrackPointExtension>
            <ns3:hr>109</ns3:hr>
          </ns3:TrackPointExtension>
        </extensions>
      </trkpt>
      <trkpt lat="36.792012266814708709716796875" lon="126.95763758383691310882568359375">
        <ele>15.3999996185302734375</ele>
        <time>2026-02-07T06:42:44.000Z</time>
        <extensions>
          <ns3:TrackPointExtension>
            <ns3:hr>110</ns3:hr>
          </ns3:TrackPointExtension>
        </extensions>
      </trkpt>
      <trkpt lat="36.7919782362878322601318359375" lon="126.95762350223958492279052734375">
        <ele>15</ele>
        <time>2026-02-07T06:42:48.000Z</time>
        <extensions>
          <ns3:TrackPointExtension>
            <ns3:hr>112</ns3:hr>
          </ns3:TrackPointExtension>
        </extensions>
      </trkpt>
      <trkpt lat="36.791991479694843292236328125" lon="126.95763699710369110107421875">
        <ele>15.80000019073486328125</ele>
        <time>2026-02-07T06:42:51.000Z</time>
        <extensions>
          <ns3:TrackPointExtension>
            <ns3:hr>111</ns3:hr>
          </ns3:TrackPointExtension>
        </extensions>
      </trkpt>
      <trkpt lat="36.792022995650768280029296875" lon="126.95764915086328983306884765625">
        <ele>16.200000762939453125</ele>
        <time>2026-02-07T06:42:53.000Z</time>
        <extensions>
          <ns3:TrackPointExtension>
            <ns3:hr>110</ns3:hr>
          </ns3:TrackPointExtension>
        </extensions>
      </trkpt>
      <trkpt lat="36.792043112218379974365234375" lon="126.95765669457614421844482421875">
        <ele>16.6000003814697265625</ele>
        <time>2026-02-07T06:42:54.000Z</time>
        <extensions>
          <ns3:TrackPointExtension>
            <ns3:hr>110</ns3:hr>
          </ns3:TrackPointExtension>
        </extensions>
      </trkpt>
      <trkpt lat="36.79210580885410308837890625" lon="126.9577132724225521087646484375">
        <ele>17</ele>
        <time>2026-02-07T06:42:57.000Z</time>
        <extensions>
          <ns3:TrackPointExtension>
            <ns3:hr>110</ns3:hr>
          </ns3:TrackPointExtension>
        </extensions>
      </trkpt>
      <trkpt lat="36.79215383715927600860595703125" lon="126.95776314474642276763916015625">
        <ele>17.3999996185302734375</ele>
        <time>2026-02-07T06:43:01.000Z</time>
        <extensions>
          <ns3:TrackPointExtension>
            <ns3:hr>113</ns3:hr>
          </ns3:TrackPointExtension>
        </extensions>
      </trkpt>
      <trkpt lat="36.79217043332755565643310546875" lon="126.9577669166028499603271484375">
        <ele>17.200000762939453125</ele>
        <time>2026-02-07T06:43:03.000Z</time>
        <extensions>
          <ns3:TrackPointExtension>
            <ns3:hr>114</ns3:hr>
          </ns3:TrackPointExtension>
        </extensions>
      </trkpt>
    </trkseg>
  </trk>
</gpx>
