<?xml version="1.0" encoding="UTF-8"?>
<gpx xmlns="http://www.topografix.com/GPX/1/1" xmlns:xsi="http://www.w3.org/2001/XMLSchema-instance" xmlns:gpxtpx="http://www.garmin.com/xmlschemas/TrackPointExtension/v1" version="1.1" creator="Samsung Health_0.2" xsi:schemaLocation="http://www.topografix.com/GPX/1/1 http://www.topografix.com/GPX/1/1/gpx.xsd http://www.garmin.com/xmlschemas/TrackPointExtension/v1 http://www.garmin.com/xmlschemas/TrackPointExtensionv1.xsd">
<metadate>2024-06-03T12:18:18Z</metadate>
<trk>
<name>20240603_211803.gpx</name>
<trkseg>
<trkpt lat="36.7918349" lon="126.9628408">
<ele>21.441</ele>
<time>2024-06-03T12:18:18Z</time>
<extensions>
<gpxtpx:TrackPointExtension>
<gpxtpx:hr>91</gpxtpx:hr>
</gpxtpx:TrackPointExtension>
</extensions>
</trkpt>
<trkpt lat="36.7917882" lon="126.9629004">
<ele>21.542</ele>
<time>2024-06-03T12:18:19Z</time>
<extensions>
<gpxtpx:TrackPointExtension>
<gpxtpx:hr>91</gpxtpx:hr>
</gpxtpx:TrackPointExtension>
</extensions>
</trkpt>
<trkpt lat="36.7917744" lon="126.9629555">
<ele>21.697</ele>
<time>2024-06-03T12:18:20Z</time>
</trkpt>
<trkpt lat="36.7917603" lon="126.9629764">
<ele>21.732</ele>
<time>2024-06-03T12:18:21Z</time>
<extensions>
<gpxtpx:TrackPointExtension>
<gpxtpx:hr>91</gpxtpx:hr>
</gpxtpx:TrackPointExtension>
</extensions>
</trkpt>
<trkpt lat="36.7917453" lon="126.9629769">
<ele>21.615</ele>
<time>2024-06-03T12:18:22Z</time>
<extensions>
<gpxtpx:TrackPointExtension>
<gpxtpx:hr>91</gpxtpx:hr>
</gpxtpx:TrackPointExtension>
</extensions>
</trkpt>
<trkpt lat="36.7917487" lon="126.9629761">
<ele>21.661</ele>
<time>2024-06-03T12:18:24Z</time>
<extensions>
<gpxtpx:TrackPointExtension>
<gpxtpx:hr>92</gpxtpx:hr>
<gpxtpx:cad>47</gpxtpx:cad>
</gpxtpx:TrackPointExtension>
</extensions>
</trkpt>
<trkpt lat="36.7917479" lon="126.9629772">
<ele>21.674</ele>
<time>2024-06-03T12:18:25Z</time>
<extensions>
<gpxtpx:TrackPointExtension>
<gpxtpx:hr>92</gpxtpx:hr>
</gpxtpx:TrackPointExtension>
</extensions>
</trkpt>
<trkpt lat="36.7917345" lon="126.9629707">
<ele>21.617</ele>
<time>2024-06-03T12:18:26Z</time>
</trkpt>
<trkpt lat="36.7917256" lon="126.9629354">
<ele>21.668</ele>
<time>2024-06-03T12:18:27Z</time>
</trkpt>
<trkpt lat="36.7917178" lon="126.9628957">
<ele>21.685</ele>
<time>2024-06-03T12:18:28Z</time>
<extensions>
<gpxtpx:TrackPointExtension>
<gpxtpx:hr>92</gpxtpx:hr>
</gpxtpx:TrackPointExtension>
</extensions>
</trkpt>
<trkpt lat="36.7917227" lon="126.9628648">
<ele>21.947</ele>
<time>2024-06-03T12:18:29Z</time>
<extensions>
<gpxtpx:TrackPointExtension>
<gpxtpx:hr>92</gpxtpx:hr>
</gpxtpx:TrackPointExtension>
</extensions>
</trkpt>
<trkpt lat="36.7917326" lon="126.9628524">
<ele>21.997</ele>
<time>2024-06-03T12:18:30Z</time>
<extensions>
<gpxtpx:TrackPointExtension>
<gpxtpx:hr>93</gpxtpx:hr>
</gpxtpx:TrackPointExtension>
</extensions>
</trkpt>
<trkpt lat="36.791738" lon="126.9628281">
<ele>22.021</ele>
<time>2024-06-03T12:18:31Z</time>
<extensions>
<gpxtpx:TrackPointExtension>
<gpxtpx:hr>93</gpxtpx:hr>
</gpxtpx:TrackPointExtension>
</extensions>
</trkpt>
<trkpt lat="36.7917456" lon="126.9628059">
<ele>22.071</ele>
<time>2024-06-03T12:18:32Z</time>
<extensions>
<gpxtpx:TrackPointExtension>
<gpxtpx:hr>93</gpxtpx:hr>
</gpxtpx:TrackPointExtension>
</extensions>
</trkpt>
<trkpt lat="36.7917411" lon="126.9628071">
<ele>22.048</ele>
<time>2024-06-03T12:18:33Z</time>
<extensions>
<gpxtpx:TrackPointExtension>
<gpxtpx:hr>93</gpxtpx:hr>
</gpxtpx:TrackPointExtension>
</extensions>
</trkpt>
<trkpt lat="36.7917417" lon="126.9627887">
<ele>22.145</ele>
<time>2024-06-03T12:18:34Z</time>
<extensions>
<gpxtpx:TrackPointExtension>
<gpxtpx:hr>94</gpxtpx:hr>
<gpxtpx:cad>101</gpxtpx:cad>
</gpxtpx:TrackPointExtension>
</extensions>
</trkpt>
<trkpt lat="36.7917313" lon="126.9627772">
<ele>22.179</ele>
<time>2024-06-03T12:18:35Z</time>
<extensions>
<gpxtpx:TrackPointExtension>
<gpxtpx:hr>94</gpxtpx:hr>
</gpxtpx:TrackPointExtension>
</extensions>
</trkpt>
<trkpt lat="36.7916849" lon="126.9627834">
<ele>22.256</ele>
<time>2024-06-03T12:18:36Z</time>
<extensions>
<gpxtpx:TrackPointExtension>
<gpxtpx:hr>94</gpxtpx:hr>
</gpxtpx:TrackPointExtension>
</extensions>
</trkpt>
<trkpt lat="36.7916579" lon="126.9627856">
<ele>22.356</ele>
<time>2024-06-03T12:18:37Z</time>
<extensions>
<gpxtpx:TrackPointExtension>
<gpxtpx:hr>94</gpxtpx:hr>
</gpxtpx:TrackPointExtension>
</extensions>
</trkpt>
<trkpt lat="36.7916345" lon="126.9627573">
<ele>22.429</ele>
<time>2024-06-03T12:18:38Z</time>
<extensions>
<gpxtpx:TrackPointExtension>
<gpxtpx:hr>95</gpxtpx:hr>
</gpxtpx:TrackPointExtension>
</extensions>
</trkpt>
<trkpt lat="36.7916316" lon="126.9627631">
<ele>22.449</ele>
<time>2024-06-03T12:18:39Z</time>
<extensions>
<gpxtpx:TrackPointExtension>
<gpxtpx:hr>95</gpxtpx:hr>
</gpxtpx:TrackPointExtension>
</extensions>
</trkpt>
<trkpt lat="36.7916198" lon="126.9627534">
<ele>22.509</ele>
<time>2024-06-03T12:18:40Z</time>
<extensions>
<gpxtpx:TrackPointExtension>
<gpxtpx:hr>95</gpxtpx:hr>
</gpxtpx:TrackPointExtension>
</extensions>
</trkpt>
<trkpt lat="36.7916291" lon="126.9627232">
<ele>22.522</ele>
<time>2024-06-03T12:18:41Z</time>
<extensions>
<gpxtpx:TrackPointExtension>
<gpxtpx:hr>95</gpxtpx:hr>
</gpxtpx:TrackPointExtension>
</extensions>
</trkpt>
<trkpt lat="36.791629" lon="126.9627185">
<ele>22.565</ele>
<time>2024-06-03T12:18:42Z</time>
<extensions>
<gpxtpx:TrackPointExtension>
<gpxtpx:hr>95</gpxtpx:hr>
</gpxtpx:TrackPointExtension>
</extensions>
</trkpt>
<trkpt lat="36.7916318" lon="126.962706">
<ele>22.519</ele>
<time>2024-06-03T12:18:43Z</time>
<extensions>
<gpxtpx:TrackPointExtension>
<gpxtpx:hr>95</gpxtpx:hr>
</gpxtpx:TrackPointExtension>
</extensions>
</trkpt>
<trkpt lat="36.7916197" lon="126.9627175">
<ele>22.506</ele>
<time>2024-06-03T12:18:44Z</time>
<extensions>
<gpxtpx:TrackPointExtension>
<gpxtpx:hr>95</gpxtpx:hr>
<gpxtpx:cad>104</gpxtpx:cad>
</gpxtpx:TrackPointExtension>
</extensions>
</trkpt>
<trkpt lat="36.7916134" lon="126.9627436">
<ele>22.446</ele>
<time>2024-06-03T12:18:45Z</time>
<extensions>
<gpxtpx:TrackPointExtension>
<gpxtpx:hr>96</gpxtpx:hr>
</gpxtpx:TrackPointExtension>
</extensions>
</trkpt>
<trkpt lat="36.791599" lon="126.9627471">
<ele>22.232</ele>
<time>2024-06-03T12:18:46Z</time>
<extensions>
<gpxtpx:TrackPointExtension>
<gpxtpx:hr>96</gpxtpx:hr>
</gpxtpx:TrackPointExtension>
</extensions>
</trkpt>
<trkpt lat="36.7916048" lon="126.9627591">
<ele>22.142</ele>
<time>2024-06-03T12:18:47Z</time>
<extensions>
<gpxtpx:TrackPointExtension>
<gpxtpx:hr>97</gpxtpx:hr>
</gpxtpx:TrackPointExtension>
</extensions>
</trkpt>
<trkpt lat="36.7916191" lon="126.9627787">
<ele>22.206</ele>
<time>2024-06-03T12:18:48Z</time>
<extensions>
<gpxtpx:TrackPointExtension>
<gpxtpx:hr>98</gpxtpx:hr>
</gpxtpx:TrackPointExtension>
</extensions>
</trkpt>
<trkpt lat="36.7916305" lon="126.9628058">
<ele>22.424</ele>
<time>2024-06-03T12:18:49Z</time>
<extensions>
<gpxtpx:TrackPointExtension>
<gpxtpx:hr>99</gpxtpx:hr>
</gpxtpx:TrackPointExtension>
</extensions>
</trkpt>
<trkpt lat="36.7916461" lon="126.9628238">
<ele>22.648</ele>
<time>2024-06-03T12:18:50Z</time>
<extensions>
<gpxtpx:TrackPointExtension>
<gpxtpx:hr>100</gpxtpx:hr>
</gpxtpx:TrackPointExtension>
</extensions>
</trkpt>
<trkpt lat="36.7916423" lon="126.9628268">
<ele>22.789</ele>
<time>2024-06-03T12:18:51Z</time>
<extensions>
<gpxtpx:TrackPointExtension>
<gpxtpx:hr>101</gpxtpx:hr>
</gpxtpx:TrackPointExtension>
</extensions>
</trkpt>
<trkpt lat="36.7916329" lon="126.9628407">
<ele>22.852</ele>
<time>2024-06-03T12:18:52Z</time>
<extensions>
<gpxtpx:TrackPointExtension>
<gpxtpx:hr>102</gpxtpx:hr>
</gpxtpx:TrackPointExtension>
</extensions>
</trkpt>
<trkpt lat="36.7916187" lon="126.962843">
<ele>22.711</ele>
<time>2024-06-03T12:18:53Z</time>
<extensions>
<gpxtpx:TrackPointExtension>
<gpxtpx:hr>102</gpxtpx:hr>
</gpxtpx:TrackPointExtension>
</extensions>
</trkpt>
<trkpt lat="36.7916029" lon="126.9628371">
<ele>22.695</ele>
<time>2024-06-03T12:18:54Z</time>
<extensions>
<gpxtpx:TrackPointExtension>
<gpxtpx:hr>102</gpxtpx:hr>
<gpxtpx:cad>97</gpxtpx:cad>
</gpxtpx:TrackPointExtension>
</extensions>
</trkpt>
<trkpt lat="36.7915996" lon="126.9628169">
<ele>22.607</ele>
<time>2024-06-03T12:18:55Z</time>
<extensions>
<gpxtpx:TrackPointExtension>
<gpxtpx:hr>102</gpxtpx:hr>
</gpxtpx:TrackPointExtension>
</extensions>
</trkpt>
<trkpt lat="36.7916001" lon="126.9628177">
<ele>22.637</ele>
<time>2024-06-03T12:18:56Z</time>
<extensions>
<gpxtpx:TrackPointExtension>
<gpxtpx:hr>103</gpxtpx:hr>
</gpxtpx:TrackPointExtension>
</extensions>
</trkpt>
<trkpt lat="36.7915906" lon="126.9628154">
<ele>22.733</ele>
<time>2024-06-03T12:18:57Z</time>
<extensions>
<gpxtpx:TrackPointExtension>
<gpxtpx:hr>105</gpxtpx:hr>
</gpxtpx:TrackPointExtension>
</extensions>
</trkpt>
<trkpt lat="36.7915905" lon="126.9628299">
<ele>22.525</ele>
<time>2024-06-03T12:18:58Z</time>
<extensions>
<gpxtpx:TrackPointExtension>
<gpxtpx:hr>105</gpxtpx:hr>
</gpxtpx:TrackPointExtension>
</extensions>
</trkpt>
<trkpt lat="36.7915851" lon="126.962833">
<ele>22.683</ele>
<time>2024-06-03T12:18:59Z</time>
<extensions>
<gpxtpx:TrackPointExtension>
<gpxtpx:hr>104</gpxtpx:hr>
</gpxtpx:TrackPointExtension>
</extensions>
</trkpt>
<trkpt lat="36.7915815" lon="126.962839">
<ele>22.885</ele>
<time>2024-06-03T12:19:00Z</time>
<extensions>
<gpxtpx:TrackPointExtension>
<gpxtpx:hr>104</gpxtpx:hr>
</gpxtpx:TrackPointExtension>
</extensions>
</trkpt>
<trkpt lat="36.7915801" lon="126.9628507">
<ele>23.13</ele>
<time>2024-06-03T12:19:01Z</time>
<extensions>
<gpxtpx:TrackPointExtension>
<gpxtpx:hr>104</gpxtpx:hr>
</gpxtpx:TrackPointExtension>
</extensions>
</trkpt>
<trkpt lat="36.7915669" lon="126.9628535">
<ele>23.206</ele>
<time>2024-06-03T12:19:02Z</time>
<extensions>
<gpxtpx:TrackPointExtension>
<gpxtpx:hr>103</gpxtpx:hr>
</gpxtpx:TrackPointExtension>
</extensions>
</trkpt>
<trkpt lat="36.7915603" lon="126.9628578">
<ele>23.413</ele>
<time>2024-06-03T12:19:03Z</time>
<extensions>
<gpxtpx:TrackPointExtension>
<gpxtpx:hr>103</gpxtpx:hr>
</gpxtpx:TrackPointExtension>
</extensions>
</trkpt>
<trkpt lat="36.7915518" lon="126.9628585">
<ele>23.547</ele>
<time>2024-06-03T12:19:04Z</time>
<extensions>
<gpxtpx:TrackPointExtension>
<gpxtpx:hr>103</gpxtpx:hr>
<gpxtpx:cad>99</gpxtpx:cad>
</gpxtpx:TrackPointExtension>
</extensions>
</trkpt>
<trkpt lat="36.7915456" lon="126.9628622">
<ele>23.633</ele>
<time>2024-06-03T12:19:05Z</time>
<extensions>
<gpxtpx:TrackPointExtension>
<gpxtpx:hr>103</gpxtpx:hr>
</gpxtpx:TrackPointExtension>
</extensions>
</trkpt>
<trkpt lat="36.7915419" lon="126.9628639">
<ele>23.789</ele>
<time>2024-06-03T12:19:06Z</time>
<extensions>
<gpxtpx:TrackPointExtension>
<gpxtpx:hr>102</gpxtpx:hr>
</gpxtpx:TrackPointExtension>
</extensions>
</trkpt>
<trkpt lat="36.7915369" lon="126.962867">
<ele>23.897</ele>
<time>2024-06-03T12:19:07Z</time>
<extensions>
<gpxtpx:TrackPointExtension>
<gpxtpx:hr>102</gpxtpx:hr>
</gpxtpx:TrackPointExtension>
</extensions>
</trkpt>
<trkpt lat="36.7915335" lon="126.9628755">
<ele>23.992</ele>
<time>2024-06-03T12:19:08Z</time>
<extensions>
<gpxtpx:TrackPointExtension>
<gpxtpx:hr>102</gpxtpx:hr>
</gpxtpx:TrackPointExtension>
</extensions>
</trkpt>
<trkpt lat="36.7915252" lon="126.9628814">
<ele>24.157</ele>
<time>2024-06-03T12:19:09Z</time>
<extensions>
<gpxtpx:TrackPointExtension>
<gpxtpx:hr>103</gpxtpx:hr>
</gpxtpx:TrackPointExtension>
</extensions>
</trkpt>
<trkpt lat="36.7915184" lon="126.9628885">
<ele>24.265</ele>
<time>2024-06-03T12:19:10Z</time>
<extensions>
<gpxtpx:TrackPointExtension>
<gpxtpx:hr>103</gpxtpx:hr>
</gpxtpx:TrackPointExtension>
</extensions>
</trkpt>
<trkpt lat="36.7915129" lon="126.9628964">
<ele>24.407</ele>
<time>2024-06-03T12:19:11Z</time>
<extensions>
<gpxtpx:TrackPointExtension>
<gpxtpx:hr>103</gpxtpx:hr>
</gpxtpx:TrackPointExtension>
</extensions>
</trkpt>
<trkpt lat="36.7915054" lon="126.9629035">
<ele>24.553</ele>
<time>2024-06-03T12:19:12Z</time>
<extensions>
<gpxtpx:TrackPointExtension>
<gpxtpx:hr>103</gpxtpx:hr>
</gpxtpx:TrackPointExtension>
</extensions>
</trkpt>
<trkpt lat="36.791497" lon="126.962911">
<ele>24.681</ele>
<time>2024-06-03T12:19:13Z</time>
<extensions>
<gpxtpx:TrackPointExtension>
<gpxtpx:hr>104</gpxtpx:hr>
</gpxtpx:TrackPointExtension>
</extensions>
</trkpt>
<trkpt lat="36.7914889" lon="126.9629175">
<ele>24.588</ele>
<time>2024-06-03T12:19:14Z</time>
<extensions>
<gpxtpx:TrackPointExtension>
<gpxtpx:hr>104</gpxtpx:hr>
<gpxtpx:cad>101</gpxtpx:cad>
</gpxtpx:TrackPointExtension>
</extensions>
</trkpt>
<trkpt lat="36.7914803" lon="126.9629233">
<ele>24.627</ele>
<time>2024-06-03T12:19:15Z</time>
<extensions>
<gpxtpx:TrackPointExtension>
<gpxtpx:hr>104</gpxtpx:hr>
</gpxtpx:TrackPointExtension>
</extensions>
</trkpt>
<trkpt lat="36.7914713" lon="126.9629289">
<ele>24.653</ele>
<time>2024-06-03T12:19:16Z</time>
<extensions>
<gpxtpx:TrackPointExtension>
<gpxtpx:hr>105</gpxtpx:hr>
<gpxtpx:cad>102</gpxtpx:cad>
</gpxtpx:TrackPointExtension>
</extensions>
</trkpt>
<trkpt lat="36.7914597" lon="126.9629352">
<ele>24.62</ele>
<time>2024-06-03T12:19:17Z</time>
<extensions>
<gpxtpx:TrackPointExtension>
<gpxtpx:hr>105</gpxtpx:hr>
</gpxtpx:TrackPointExtension>
</extensions>
</trkpt>
<trkpt lat="36.7914478" lon="126.96294">
<ele>24.627</ele>
<time>2024-06-03T12:19:18Z</time>
<extensions>
<gpxtpx:TrackPointExtension>
<gpxtpx:hr>105</gpxtpx:hr>
</gpxtpx:TrackPointExtension>
</extensions>
</trkpt>
<trkpt lat="36.7914354" lon="126.9629433">
<ele>24.689</ele>
<time>2024-06-03T12:19:19Z</time>
<extensions>
<gpxtpx:TrackPointExtension>
<gpxtpx:hr>106</gpxtpx:hr>
</gpxtpx:TrackPointExtension>
</extensions>
</trkpt>
<trkpt lat="36.7914224" lon="126.9629459">
<ele>24.636</ele>
<time>2024-06-03T12:19:20Z</time>
<extensions>
<gpxtpx:TrackPointExtension>
<gpxtpx:hr>106</gpxtpx:hr>
</gpxtpx:TrackPointExtension>
</extensions>
</trkpt>
<trkpt lat="36.7914092" lon="126.9629482">
<ele>24.629</ele>
<time>2024-06-03T12:19:21Z</time>
<extensions>
<gpxtpx:TrackPointExtension>
<gpxtpx:hr>106</gpxtpx:hr>
</gpxtpx:TrackPointExtension>
</extensions>
</trkpt>
<trkpt lat="36.7913945" lon="126.9629496">
<ele>24.642</ele>
<time>2024-06-03T12:19:22Z</time>
<extensions>
<gpxtpx:TrackPointExtension>
<gpxtpx:hr>106</gpxtpx:hr>
</gpxtpx:TrackPointExtension>
</extensions>
</trkpt>
<trkpt lat="36.7913801" lon="126.9629502">
<ele>24.628</ele>
<time>2024-06-03T12:19:23Z</time>
<extensions>
<gpxtpx:TrackPointExtension>
<gpxtpx:hr>107</gpxtpx:hr>
</gpxtpx:TrackPointExtension>
</extensions>
</trkpt>
<trkpt lat="36.7913648" lon="126.9629516">
<ele>24.623</ele>
<time>2024-06-03T12:19:24Z</time>
<extensions>
<gpxtpx:TrackPointExtension>
<gpxtpx:hr>107</gpxtpx:hr>
<gpxtpx:cad>103</gpxtpx:cad>
</gpxtpx:TrackPointExtension>
</extensions>
</trkpt>
<trkpt lat="36.79135" lon="126.9629533">
<ele>24.741</ele>
<time>2024-06-03T12:19:25Z</time>
<extensions>
<gpxtpx:TrackPointExtension>
<gpxtpx:hr>107</gpxtpx:hr>
</gpxtpx:TrackPointExtension>
</extensions>
</trkpt>
<trkpt lat="36.7913348" lon="126.9629545">
<ele>24.797</ele>
<time>2024-06-03T12:19:26Z</time>
<extensions>
<gpxtpx:TrackPointExtension>
<gpxtpx:hr>107</gpxtpx:hr>
</gpxtpx:TrackPointExtension>
</extensions>
</trkpt>
<trkpt lat="36.7913188" lon="126.9629563">
<ele>24.92</ele>
<time>2024-06-03T12:19:27Z</time>
<extensions>
<gpxtpx:TrackPointExtension>
<gpxtpx:hr>107</gpxtpx:hr>
</gpxtpx:TrackPointExtension>
</extensions>
</trkpt>
<trkpt lat="36.7913028" lon="126.9629574">
<ele>24.894</ele>
<time>2024-06-03T12:19:28Z</time>
<extensions>
<gpxtpx:TrackPointExtension>
<gpxtpx:hr>107</gpxtpx:hr>
</gpxtpx:TrackPointExtension>
</extensions>
</trkpt>
<trkpt lat="36.7912866" lon="126.9629583">
<ele>24.844</ele>
<time>2024-06-03T12:19:29Z</time>
<extensions>
<gpxtpx:TrackPointExtension>
<gpxtpx:hr>107</gpxtpx:hr>
</gpxtpx:TrackPointExtension>
</extensions>
</trkpt>
<trkpt lat="36.79127" lon="126.9629599">
<ele>24.972</ele>
<time>2024-06-03T12:19:30Z</time>
<extensions>
<gpxtpx:TrackPointExtension>
<gpxtpx:hr>107</gpxtpx:hr>
</gpxtpx:TrackPointExtension>
</extensions>
</trkpt>
<trkpt lat="36.7912536" lon="126.9629616">
<ele>24.961</ele>
<time>2024-06-03T12:19:31Z</time>
<extensions>
<gpxtpx:TrackPointExtension>
<gpxtpx:hr>107</gpxtpx:hr>
</gpxtpx:TrackPointExtension>
</extensions>
</trkpt>
<trkpt lat="36.7912381" lon="126.9629647">
<ele>24.899</ele>
<time>2024-06-03T12:19:32Z</time>
<extensions>
<gpxtpx:TrackPointExtension>
<gpxtpx:hr>106</gpxtpx:hr>
</gpxtpx:TrackPointExtension>
</extensions>
</trkpt>
<trkpt lat="36.7912234" lon="126.9629681">
<ele>24.741</ele>
<time>2024-06-03T12:19:33Z</time>
<extensions>
<gpxtpx:TrackPointExtension>
<gpxtpx:hr>106</gpxtpx:hr>
<gpxtpx:cad>106</gpxtpx:cad>
</gpxtpx:TrackPointExtension>
</extensions>
</trkpt>
<trkpt lat="36.7912108" lon="126.9629702">
<ele>24.643</ele>
<time>2024-06-03T12:19:34Z</time>
<extensions>
<gpxtpx:TrackPointExtension>
<gpxtpx:hr>106</gpxtpx:hr>
</gpxtpx:TrackPointExtension>
</extensions>
</trkpt>
<trkpt lat="36.7912004" lon="126.9629709">
<ele>24.868</ele>
<time>2024-06-03T12:19:35Z</time>
<extensions>
<gpxtpx:TrackPointExtension>
<gpxtpx:hr>107</gpxtpx:hr>
</gpxtpx:TrackPointExtension>
</extensions>
</trkpt>
<trkpt lat="36.7911903" lon="126.9629704">
<ele>24.971</ele>
<time>2024-06-03T12:19:36Z</time>
<extensions>
<gpxtpx:TrackPointExtension>
<gpxtpx:hr>107</gpxtpx:hr>
</gpxtpx:TrackPointExtension>
</extensions>
</trkpt>
<trkpt lat="36.7911809" lon="126.9629703">
<ele>24.863</ele>
<time>2024-06-03T12:19:37Z</time>
<extensions>
<gpxtpx:TrackPointExtension>
<gpxtpx:hr>107</gpxtpx:hr>
</gpxtpx:TrackPointExtension>
</extensions>
</trkpt>
<trkpt lat="36.7911724" lon="126.9629694">
<ele>24.624</ele>
<time>2024-06-03T12:19:38Z</time>
<extensions>
<gpxtpx:TrackPointExtension>
<gpxtpx:hr>107</gpxtpx:hr>
</gpxtpx:TrackPointExtension>
</extensions>
</trkpt>
<trkpt lat="36.791164" lon="126.9629688">
<ele>24.573</ele>
<time>2024-06-03T12:19:39Z</time>
<extensions>
<gpxtpx:TrackPointExtension>
<gpxtpx:hr>108</gpxtpx:hr>
</gpxtpx:TrackPointExtension>
</extensions>
</trkpt>
<trkpt lat="36.7911569" lon="126.9629656">
<ele>24.801</ele>
<time>2024-06-03T12:19:40Z</time>
<extensions>
<gpxtpx:TrackPointExtension>
<gpxtpx:hr>108</gpxtpx:hr>
</gpxtpx:TrackPointExtension>
</extensions>
</trkpt>
<trkpt lat="36.7911497" lon="126.9629617">
<ele>24.973</ele>
<time>2024-06-03T12:19:41Z</time>
<extensions>
<gpxtpx:TrackPointExtension>
<gpxtpx:hr>108</gpxtpx:hr>
</gpxtpx:TrackPointExtension>
</extensions>
</trkpt>
<trkpt lat="36.791141" lon="126.9629588">
<ele>25.028</ele>
<time>2024-06-03T12:19:42Z</time>
<extensions>
<gpxtpx:TrackPointExtension>
<gpxtpx:hr>109</gpxtpx:hr>
</gpxtpx:TrackPointExtension>
</extensions>
</trkpt>
<trkpt lat="36.7911314" lon="126.962956">
<ele>24.703</ele>
<time>2024-06-03T12:19:43Z</time>
<extensions>
<gpxtpx:TrackPointExtension>
<gpxtpx:hr>109</gpxtpx:hr>
<gpxtpx:cad>106</gpxtpx:cad>
</gpxtpx:TrackPointExtension>
</extensions>
</trkpt>
<trkpt lat="36.7911216" lon="126.9629545">
<ele>24.646</ele>
<time>2024-06-03T12:19:44Z</time>
<extensions>
<gpxtpx:TrackPointExtension>
<gpxtpx:hr>110</gpxtpx:hr>
</gpxtpx:TrackPointExtension>
</extensions>
</trkpt>
<trkpt lat="36.7911122" lon="126.9629543">
<ele>24.691</ele>
<time>2024-06-03T12:19:45Z</time>
<extensions>
<gpxtpx:TrackPointExtension>
<gpxtpx:hr>110</gpxtpx:hr>
</gpxtpx:TrackPointExtension>
</extensions>
</trkpt>
<trkpt lat="36.7911024" lon="126.9629562">
<ele>24.658</ele>
<time>2024-06-03T12:19:46Z</time>
<extensions>
<gpxtpx:TrackPointExtension>
<gpxtpx:hr>110</gpxtpx:hr>
</gpxtpx:TrackPointExtension>
</extensions>
</trkpt>
<trkpt lat="36.7910917" lon="126.9629601">
<ele>24.719</ele>
<time>2024-06-03T12:19:47Z</time>
<extensions>
<gpxtpx:TrackPointExtension>
<gpxtpx:hr>111</gpxtpx:hr>
</gpxtpx:TrackPointExtension>
</extensions>
</trkpt>
<trkpt lat="36.7910799" lon="126.9629652">
<ele>24.717</ele>
<time>2024-06-03T12:19:48Z</time>
<extensions>
<gpxtpx:TrackPointExtension>
<gpxtpx:hr>111</gpxtpx:hr>
</gpxtpx:TrackPointExtension>
</extensions>
</trkpt>
<trkpt lat="36.7910672" lon="126.9629722">
<ele>24.707</ele>
<time>2024-06-03T12:19:49Z</time>
<extensions>
<gpxtpx:TrackPointExtension>
<gpxtpx:hr>111</gpxtpx:hr>
</gpxtpx:TrackPointExtension>
</extensions>
</trkpt>
<trkpt lat="36.7910537" lon="126.9629812">
<ele>24.604</ele>
<time>2024-06-03T12:19:50Z</time>
<extensions>
<gpxtpx:TrackPointExtension>
<gpxtpx:hr>111</gpxtpx:hr>
</gpxtpx:TrackPointExtension>
</extensions>
</trkpt>
<trkpt lat="36.7910398" lon="126.9629907">
<ele>24.484</ele>
<time>2024-06-03T12:19:51Z</time>
<extensions>
<gpxtpx:TrackPointExtension>
<gpxtpx:hr>112</gpxtpx:hr>
</gpxtpx:TrackPointExtension>
</extensions>
</trkpt>
<trkpt lat="36.7910263" lon="126.963001">
<ele>24.65</ele>
<time>2024-06-03T12:19:52Z</time>
<extensions>
<gpxtpx:TrackPointExtension>
<gpxtpx:hr>112</gpxtpx:hr>
</gpxtpx:TrackPointExtension>
</extensions>
</trkpt>
<trkpt lat="36.7910124" lon="126.9630108">
<ele>24.663</ele>
<time>2024-06-03T12:19:53Z</time>
<extensions>
<gpxtpx:TrackPointExtension>
<gpxtpx:hr>112</gpxtpx:hr>
<gpxtpx:cad>105</gpxtpx:cad>
</gpxtpx:TrackPointExtension>
</extensions>
</trkpt>
<trkpt lat="36.7910001" lon="126.9630182">
<ele>24.36</ele>
<time>2024-06-03T12:19:54Z</time>
<extensions>
<gpxtpx:TrackPointExtension>
<gpxtpx:hr>112</gpxtpx:hr>
</gpxtpx:TrackPointExtension>
</extensions>
</trkpt>
<trkpt lat="36.7909902" lon="126.9630247">
<ele>24.43</ele>
<time>2024-06-03T12:19:55Z</time>
<extensions>
<gpxtpx:TrackPointExtension>
<gpxtpx:hr>113</gpxtpx:hr>
</gpxtpx:TrackPointExtension>
</extensions>
</trkpt>
<trkpt lat="36.7909811" lon="126.96303">
<ele>24.394</ele>
<time>2024-06-03T12:19:56Z</time>
<extensions>
<gpxtpx:TrackPointExtension>
<gpxtpx:hr>113</gpxtpx:hr>
</gpxtpx:TrackPointExtension>
</extensions>
</trkpt>
<trkpt lat="36.7909726" lon="126.9630341">
<ele>24.746</ele>
<time>2024-06-03T12:19:57Z</time>
<extensions>
<gpxtpx:TrackPointExtension>
<gpxtpx:hr>113</gpxtpx:hr>
</gpxtpx:TrackPointExtension>
</extensions>
</trkpt>
<trkpt lat="36.7909643" lon="126.9630363">
<ele>24.85</ele>
<time>2024-06-03T12:19:58Z</time>
<extensions>
<gpxtpx:TrackPointExtension>
<gpxtpx:hr>113</gpxtpx:hr>
</gpxtpx:TrackPointExtension>
</extensions>
</trkpt>
<trkpt lat="36.7909556" lon="126.9630388">
<ele>24.909</ele>
<time>2024-06-03T12:19:59Z</time>
<extensions>
<gpxtpx:TrackPointExtension>
<gpxtpx:hr>113</gpxtpx:hr>
</gpxtpx:TrackPointExtension>
</extensions>
</trkpt>
<trkpt lat="36.7909462" lon="126.9630407">
<ele>25.033</ele>
<time>2024-06-03T12:20:00Z</time>
<extensions>
<gpxtpx:TrackPointExtension>
<gpxtpx:hr>112</gpxtpx:hr>
</gpxtpx:TrackPointExtension>
</extensions>
</trkpt>
<trkpt lat="36.7909375" lon="126.9630444">
<ele>25.126</ele>
<time>2024-06-03T12:20:01Z</time>
<extensions>
<gpxtpx:TrackPointExtension>
<gpxtpx:hr>112</gpxtpx:hr>
</gpxtpx:TrackPointExtension>
</extensions>
</trkpt>
<trkpt lat="36.7909289" lon="126.9630484">
<ele>25.106</ele>
<time>2024-06-03T12:20:02Z</time>
<extensions>
<gpxtpx:TrackPointExtension>
<gpxtpx:hr>112</gpxtpx:hr>
</gpxtpx:TrackPointExtension>
</extensions>
</trkpt>
<trkpt lat="36.7909207" lon="126.9630531">
<ele>25.076</ele>
<time>2024-06-03T12:20:03Z</time>
<extensions>
<gpxtpx:TrackPointExtension>
<gpxtpx:hr>113</gpxtpx:hr>
<gpxtpx:cad>104</gpxtpx:cad>
</gpxtpx:TrackPointExtension>
</extensions>
</trkpt>
<trkpt lat="36.7909133" lon="126.9630591">
<ele>25.068</ele>
<time>2024-06-03T12:20:04Z</time>
<extensions>
<gpxtpx:TrackPointExtension>
<gpxtpx:hr>113</gpxtpx:hr>
</gpxtpx:TrackPointExtension>
</extensions>
</trkpt>
<trkpt lat="36.7909067" lon="126.963066">
<ele>25.114</ele>
<time>2024-06-03T12:20:05Z</time>
<extensions>
<gpxtpx:TrackPointExtension>
<gpxtpx:hr>113</gpxtpx:hr>
</gpxtpx:TrackPointExtension>
</extensions>
</trkpt>
<trkpt lat="36.7909" lon="126.963072">
<ele>25.105</ele>
<time>2024-06-03T12:20:06Z</time>
<extensions>
<gpxtpx:TrackPointExtension>
<gpxtpx:hr>112</gpxtpx:hr>
</gpxtpx:TrackPointExtension>
</extensions>
</trkpt>
<trkpt lat="36.7908936" lon="126.9630783">
<ele>25.097</ele>
<time>2024-06-03T12:20:07Z</time>
<extensions>
<gpxtpx:TrackPointExtension>
<gpxtpx:hr>112</gpxtpx:hr>
</gpxtpx:TrackPointExtension>
</extensions>
</trkpt>
<trkpt lat="36.7908873" lon="126.963085">
<ele>25.085</ele>
<time>2024-06-03T12:20:08Z</time>
<extensions>
<gpxtpx:TrackPointExtension>
<gpxtpx:hr>112</gpxtpx:hr>
</gpxtpx:TrackPointExtension>
</extensions>
</trkpt>
<trkpt lat="36.7908804" lon="126.9630917">
<ele>25.039</ele>
<time>2024-06-03T12:20:09Z</time>
<extensions>
<gpxtpx:TrackPointExtension>
<gpxtpx:hr>112</gpxtpx:hr>
</gpxtpx:TrackPointExtension>
</extensions>
</trkpt>
<trkpt lat="36.7908719" lon="126.9630997">
<ele>25.011</ele>
<time>2024-06-03T12:20:10Z</time>
<extensions>
<gpxtpx:TrackPointExtension>
<gpxtpx:hr>111</gpxtpx:hr>
</gpxtpx:TrackPointExtension>
</extensions>
</trkpt>
<trkpt lat="36.7908628" lon="126.9631071">
<ele>24.996</ele>
<time>2024-06-03T12:20:11Z</time>
<extensions>
<gpxtpx:TrackPointExtension>
<gpxtpx:hr>111</gpxtpx:hr>
</gpxtpx:TrackPointExtension>
</extensions>
</trkpt>
<trkpt lat="36.7908529" lon="126.963114">
<ele>25.038</ele>
<time>2024-06-03T12:20:12Z</time>
<extensions>
<gpxtpx:TrackPointExtension>
<gpxtpx:hr>111</gpxtpx:hr>
</gpxtpx:TrackPointExtension>
</extensions>
</trkpt>
<trkpt lat="36.7908434" lon="126.9631229">
<ele>25.026</ele>
<time>2024-06-03T12:20:13Z</time>
<extensions>
<gpxtpx:TrackPointExtension>
<gpxtpx:hr>111</gpxtpx:hr>
<gpxtpx:cad>104</gpxtpx:cad>
</gpxtpx:TrackPointExtension>
</extensions>
</trkpt>
<trkpt lat="36.790833" lon="126.9631324">
<ele>25.03</ele>
<time>2024-06-03T12:20:15Z</time>
<extensions>
<gpxtpx:TrackPointExtension>
<gpxtpx:hr>110</gpxtpx:hr>
</gpxtpx:TrackPointExtension>
</extensions>
</trkpt>
<trkpt lat="36.7908225" lon="126.9631414">
<ele>24.995</ele>
<time>2024-06-03T12:20:16Z</time>
<extensions>
<gpxtpx:TrackPointExtension>
<gpxtpx:hr>109</gpxtpx:hr>
</gpxtpx:TrackPointExtension>
</extensions>
</trkpt>
<trkpt lat="36.7908118" lon="126.9631487">
<ele>24.964</ele>
<time>2024-06-03T12:20:17Z</time>
<extensions>
<gpxtpx:TrackPointExtension>
<gpxtpx:hr>109</gpxtpx:hr>
</gpxtpx:TrackPointExtension>
</extensions>
</trkpt>
<trkpt lat="36.7908" lon="126.9631559">
<ele>24.969</ele>
<time>2024-06-03T12:20:18Z</time>
<extensions>
<gpxtpx:TrackPointExtension>
<gpxtpx:hr>109</gpxtpx:hr>
</gpxtpx:TrackPointExtension>
</extensions>
</trkpt>
<trkpt lat="36.7907761" lon="126.9631752">
<ele>24.949</ele>
<time>2024-06-03T12:20:19Z</time>
<extensions>
<gpxtpx:TrackPointExtension>
<gpxtpx:hr>109</gpxtpx:hr>
</gpxtpx:TrackPointExtension>
</extensions>
</trkpt>
<trkpt lat="36.7907623" lon="126.9631864">
<ele>24.882</ele>
<time>2024-06-03T12:20:20Z</time>
<extensions>
<gpxtpx:TrackPointExtension>
<gpxtpx:hr>109</gpxtpx:hr>
</gpxtpx:TrackPointExtension>
</extensions>
</trkpt>
<trkpt lat="36.7907481" lon="126.9631984">
<ele>24.891</ele>
<time>2024-06-03T12:20:21Z</time>
<extensions>
<gpxtpx:TrackPointExtension>
<gpxtpx:hr>109</gpxtpx:hr>
</gpxtpx:TrackPointExtension>
</extensions>
</trkpt>
<trkpt lat="36.7907336" lon="126.9632112">
<ele>24.85</ele>
<time>2024-06-03T12:20:22Z</time>
<extensions>
<gpxtpx:TrackPointExtension>
<gpxtpx:hr>108</gpxtpx:hr>
</gpxtpx:TrackPointExtension>
</extensions>
</trkpt>
<trkpt lat="36.7907194" lon="126.9632234">
<ele>24.834</ele>
<time>2024-06-03T12:20:23Z</time>
<extensions>
<gpxtpx:TrackPointExtension>
<gpxtpx:hr>108</gpxtpx:hr>
</gpxtpx:TrackPointExtension>
</extensions>
</trkpt>
<trkpt lat="36.7907057" lon="126.9632356">
<ele>24.779</ele>
<time>2024-06-03T12:20:24Z</time>
<extensions>
<gpxtpx:TrackPointExtension>
<gpxtpx:hr>107</gpxtpx:hr>
<gpxtpx:cad>103</gpxtpx:cad>
</gpxtpx:TrackPointExtension>
</extensions>
</trkpt>
<trkpt lat="36.7906931" lon="126.9632472">
<ele>24.711</ele>
<time>2024-06-03T12:20:25Z</time>
<extensions>
<gpxtpx:TrackPointExtension>
<gpxtpx:hr>106</gpxtpx:hr>
</gpxtpx:TrackPointExtension>
</extensions>
</trkpt>
<trkpt lat="36.790681" lon="126.9632587">
<ele>24.716</ele>
<time>2024-06-03T12:20:26Z</time>
<extensions>
<gpxtpx:TrackPointExtension>
<gpxtpx:hr>106</gpxtpx:hr>
</gpxtpx:TrackPointExtension>
</extensions>
</trkpt>
<trkpt lat="36.7906694" lon="126.9632695">
<ele>24.668</ele>
<time>2024-06-03T12:20:27Z</time>
<extensions>
<gpxtpx:TrackPointExtension>
<gpxtpx:hr>105</gpxtpx:hr>
</gpxtpx:TrackPointExtension>
</extensions>
</trkpt>
<trkpt lat="36.7906579" lon="126.9632801">
<ele>24.658</ele>
<time>2024-06-03T12:20:28Z</time>
<extensions>
<gpxtpx:TrackPointExtension>
<gpxtpx:hr>105</gpxtpx:hr>
</gpxtpx:TrackPointExtension>
</extensions>
</trkpt>
<trkpt lat="36.7906472" lon="126.963291">
<ele>24.576</ele>
<time>2024-06-03T12:20:29Z</time>
<extensions>
<gpxtpx:TrackPointExtension>
<gpxtpx:hr>104</gpxtpx:hr>
<gpxtpx:cad>103</gpxtpx:cad>
</gpxtpx:TrackPointExtension>
</extensions>
</trkpt>
<trkpt lat="36.7906369" lon="126.9633019">
<ele>24.577</ele>
<time>2024-06-03T12:20:30Z</time>
<extensions>
<gpxtpx:TrackPointExtension>
<gpxtpx:hr>105</gpxtpx:hr>
</gpxtpx:TrackPointExtension>
</extensions>
</trkpt>
<trkpt lat="36.7906258" lon="126.9633121">
<ele>24.518</ele>
<time>2024-06-03T12:20:31Z</time>
<extensions>
<gpxtpx:TrackPointExtension>
<gpxtpx:hr>105</gpxtpx:hr>
</gpxtpx:TrackPointExtension>
</extensions>
</trkpt>
<trkpt lat="36.7906139" lon="126.9633208">
<ele>24.431</ele>
<time>2024-06-03T12:20:32Z</time>
<extensions>
<gpxtpx:TrackPointExtension>
<gpxtpx:hr>104</gpxtpx:hr>
</gpxtpx:TrackPointExtension>
</extensions>
</trkpt>
<trkpt lat="36.7906007" lon="126.963328">
<ele>24.344</ele>
<time>2024-06-03T12:20:33Z</time>
<extensions>
<gpxtpx:TrackPointExtension>
<gpxtpx:hr>104</gpxtpx:hr>
</gpxtpx:TrackPointExtension>
</extensions>
</trkpt>
<trkpt lat="36.790587" lon="126.9633336">
<ele>24.267</ele>
<time>2024-06-03T12:20:34Z</time>
<extensions>
<gpxtpx:TrackPointExtension>
<gpxtpx:hr>104</gpxtpx:hr>
<gpxtpx:cad>104</gpxtpx:cad>
</gpxtpx:TrackPointExtension>
</extensions>
</trkpt>
<trkpt lat="36.7905735" lon="126.9633386">
<ele>24.223</ele>
<time>2024-06-03T12:20:35Z</time>
<extensions>
<gpxtpx:TrackPointExtension>
<gpxtpx:hr>103</gpxtpx:hr>
</gpxtpx:TrackPointExtension>
</extensions>
</trkpt>
<trkpt lat="36.7905606" lon="126.9633454">
<ele>24.132</ele>
<time>2024-06-03T12:20:36Z</time>
<extensions>
<gpxtpx:TrackPointExtension>
<gpxtpx:hr>103</gpxtpx:hr>
</gpxtpx:TrackPointExtension>
</extensions>
</trkpt>
<trkpt lat="36.7905474" lon="126.9633527">
<ele>24.058</ele>
<time>2024-06-03T12:20:37Z</time>
<extensions>
<gpxtpx:TrackPointExtension>
<gpxtpx:hr>102</gpxtpx:hr>
</gpxtpx:TrackPointExtension>
</extensions>
</trkpt>
<trkpt lat="36.7905349" lon="126.9633587">
<ele>23.918</ele>
<time>2024-06-03T12:20:38Z</time>
<extensions>
<gpxtpx:TrackPointExtension>
<gpxtpx:hr>101</gpxtpx:hr>
</gpxtpx:TrackPointExtension>
</extensions>
</trkpt>
<trkpt lat="36.7905228" lon="126.9633633">
<ele>23.831</ele>
<time>2024-06-03T12:20:39Z</time>
<extensions>
<gpxtpx:TrackPointExtension>
<gpxtpx:hr>100</gpxtpx:hr>
</gpxtpx:TrackPointExtension>
</extensions>
</trkpt>
<trkpt lat="36.7905107" lon="126.9633672">
<ele>23.705</ele>
<time>2024-06-03T12:20:40Z</time>
<extensions>
<gpxtpx:TrackPointExtension>
<gpxtpx:hr>99</gpxtpx:hr>
</gpxtpx:TrackPointExtension>
</extensions>
</trkpt>
<trkpt lat="36.7904971" lon="126.9633703">
<ele>23.625</ele>
<time>2024-06-03T12:20:41Z</time>
<extensions>
<gpxtpx:TrackPointExtension>
<gpxtpx:hr>99</gpxtpx:hr>
</gpxtpx:TrackPointExtension>
</extensions>
</trkpt>
<trkpt lat="36.7904828" lon="126.963372">
<ele>23.497</ele>
<time>2024-06-03T12:20:42Z</time>
<extensions>
<gpxtpx:TrackPointExtension>
<gpxtpx:hr>99</gpxtpx:hr>
</gpxtpx:TrackPointExtension>
</extensions>
</trkpt>
<trkpt lat="36.7904687" lon="126.9633725">
<ele>23.365</ele>
<time>2024-06-03T12:20:43Z</time>
<extensions>
<gpxtpx:TrackPointExtension>
<gpxtpx:hr>99</gpxtpx:hr>
</gpxtpx:TrackPointExtension>
</extensions>
</trkpt>
<trkpt lat="36.7904549" lon="126.9633739">
<ele>23.243</ele>
<time>2024-06-03T12:20:44Z</time>
<extensions>
<gpxtpx:TrackPointExtension>
<gpxtpx:hr>98</gpxtpx:hr>
<gpxtpx:cad>108</gpxtpx:cad>
</gpxtpx:TrackPointExtension>
</extensions>
</trkpt>
<trkpt lat="36.7904415" lon="126.9633769">
<ele>23.098</ele>
<time>2024-06-03T12:20:45Z</time>
<extensions>
<gpxtpx:TrackPointExtension>
<gpxtpx:hr>98</gpxtpx:hr>
</gpxtpx:TrackPointExtension>
</extensions>
</trkpt>
<trkpt lat="36.7904277" lon="126.9633802">
<ele>22.977</ele>
<time>2024-06-03T12:20:46Z</time>
<extensions>
<gpxtpx:TrackPointExtension>
<gpxtpx:hr>98</gpxtpx:hr>
</gpxtpx:TrackPointExtension>
</extensions>
</trkpt>
<trkpt lat="36.7904143" lon="126.9633834">
<ele>22.877</ele>
<time>2024-06-03T12:20:47Z</time>
<extensions>
<gpxtpx:TrackPointExtension>
<gpxtpx:hr>98</gpxtpx:hr>
</gpxtpx:TrackPointExtension>
</extensions>
</trkpt>
<trkpt lat="36.790401" lon="126.9633869">
<ele>22.748</ele>
<time>2024-06-03T12:20:48Z</time>
<extensions>
<gpxtpx:TrackPointExtension>
<gpxtpx:hr>98</gpxtpx:hr>
</gpxtpx:TrackPointExtension>
</extensions>
</trkpt>
<trkpt lat="36.790388" lon="126.9633882">
<ele>22.691</ele>
<time>2024-06-03T12:20:49Z</time>
<extensions>
<gpxtpx:TrackPointExtension>
<gpxtpx:hr>97</gpxtpx:hr>
</gpxtpx:TrackPointExtension>
</extensions>
</trkpt>
<trkpt lat="36.7903751" lon="126.963386">
<ele>22.614</ele>
<time>2024-06-03T12:20:50Z</time>
<extensions>
<gpxtpx:TrackPointExtension>
<gpxtpx:hr>97</gpxtpx:hr>
</gpxtpx:TrackPointExtension>
</extensions>
</trkpt>
<trkpt lat="36.7903617" lon="126.9633839">
<ele>22.57</ele>
<time>2024-06-03T12:20:51Z</time>
<extensions>
<gpxtpx:TrackPointExtension>
<gpxtpx:hr>97</gpxtpx:hr>
</gpxtpx:TrackPointExtension>
</extensions>
</trkpt>
<trkpt lat="36.7903476" lon="126.9633806">
<ele>22.494</ele>
<time>2024-06-03T12:20:52Z</time>
<extensions>
<gpxtpx:TrackPointExtension>
<gpxtpx:hr>97</gpxtpx:hr>
</gpxtpx:TrackPointExtension>
</extensions>
</trkpt>
<trkpt lat="36.7903334" lon="126.9633765">
<ele>22.372</ele>
<time>2024-06-03T12:20:53Z</time>
<extensions>
<gpxtpx:TrackPointExtension>
<gpxtpx:hr>98</gpxtpx:hr>
</gpxtpx:TrackPointExtension>
</extensions>
</trkpt>
<trkpt lat="36.7903187" lon="126.9633723">
<ele>22.263</ele>
<time>2024-06-03T12:20:54Z</time>
<extensions>
<gpxtpx:TrackPointExtension>
<gpxtpx:hr>98</gpxtpx:hr>
<gpxtpx:cad>108</gpxtpx:cad>
</gpxtpx:TrackPointExtension>
</extensions>
</trkpt>
<trkpt lat="36.790303" lon="126.9633694">
<ele>22.142</ele>
<time>2024-06-03T12:20:55Z</time>
<extensions>
<gpxtpx:TrackPointExtension>
<gpxtpx:hr>98</gpxtpx:hr>
</gpxtpx:TrackPointExtension>
</extensions>
</trkpt>
<trkpt lat="36.7902868" lon="126.9633672">
<ele>22.038</ele>
<time>2024-06-03T12:20:56Z</time>
<extensions>
<gpxtpx:TrackPointExtension>
<gpxtpx:hr>98</gpxtpx:hr>
</gpxtpx:TrackPointExtension>
</extensions>
</trkpt>
<trkpt lat="36.7902697" lon="126.9633648">
<ele>21.953</ele>
<time>2024-06-03T12:20:57Z</time>
<extensions>
<gpxtpx:TrackPointExtension>
<gpxtpx:hr>97</gpxtpx:hr>
</gpxtpx:TrackPointExtension>
</extensions>
</trkpt>
<trkpt lat="36.7902525" lon="126.9633613">
<ele>21.827</ele>
<time>2024-06-03T12:20:58Z</time>
<extensions>
<gpxtpx:TrackPointExtension>
<gpxtpx:hr>97</gpxtpx:hr>
</gpxtpx:TrackPointExtension>
</extensions>
</trkpt>
<trkpt lat="36.7902352" lon="126.9633561">
<ele>21.691</ele>
<time>2024-06-03T12:20:59Z</time>
<extensions>
<gpxtpx:TrackPointExtension>
<gpxtpx:hr>97</gpxtpx:hr>
</gpxtpx:TrackPointExtension>
</extensions>
</trkpt>
<trkpt lat="36.7902192" lon="126.9633516">
<ele>21.659</ele>
<time>2024-06-03T12:21:00Z</time>
<extensions>
<gpxtpx:TrackPointExtension>
<gpxtpx:hr>96</gpxtpx:hr>
</gpxtpx:TrackPointExtension>
</extensions>
</trkpt>
<trkpt lat="36.7902049" lon="126.963348">
<ele>21.544</ele>
<time>2024-06-03T12:21:01Z</time>
<extensions>
<gpxtpx:TrackPointExtension>
<gpxtpx:hr>95</gpxtpx:hr>
</gpxtpx:TrackPointExtension>
</extensions>
</trkpt>
<trkpt lat="36.790192" lon="126.9633468">
<ele>21.429</ele>
<time>2024-06-03T12:21:02Z</time>
<extensions>
<gpxtpx:TrackPointExtension>
<gpxtpx:hr>95</gpxtpx:hr>
</gpxtpx:TrackPointExtension>
</extensions>
</trkpt>
<trkpt lat="36.7901801" lon="126.9633475">
<ele>21.238</ele>
<time>2024-06-03T12:21:03Z</time>
<extensions>
<gpxtpx:TrackPointExtension>
<gpxtpx:hr>94</gpxtpx:hr>
</gpxtpx:TrackPointExtension>
</extensions>
</trkpt>
<trkpt lat="36.7901682" lon="126.9633476">
<ele>21.126</ele>
<time>2024-06-03T12:21:04Z</time>
<extensions>
<gpxtpx:TrackPointExtension>
<gpxtpx:hr>94</gpxtpx:hr>
<gpxtpx:cad>110</gpxtpx:cad>
</gpxtpx:TrackPointExtension>
</extensions>
</trkpt>
<trkpt lat="36.7901578" lon="126.9633463">
<ele>21.029</ele>
<time>2024-06-03T12:21:05Z</time>
<extensions>
<gpxtpx:TrackPointExtension>
<gpxtpx:hr>94</gpxtpx:hr>
</gpxtpx:TrackPointExtension>
</extensions>
</trkpt>
<trkpt lat="36.7901476" lon="126.9633464">
<ele>20.912</ele>
<time>2024-06-03T12:21:06Z</time>
<extensions>
<gpxtpx:TrackPointExtension>
<gpxtpx:hr>93</gpxtpx:hr>
</gpxtpx:TrackPointExtension>
</extensions>
</trkpt>
<trkpt lat="36.7901382" lon="126.9633486">
<ele>20.743</ele>
<time>2024-06-03T12:21:07Z</time>
<extensions>
<gpxtpx:TrackPointExtension>
<gpxtpx:hr>93</gpxtpx:hr>
</gpxtpx:TrackPointExtension>
</extensions>
</trkpt>
<trkpt lat="36.7901289" lon="126.9633508">
<ele>20.647</ele>
<time>2024-06-03T12:21:08Z</time>
<extensions>
<gpxtpx:TrackPointExtension>
<gpxtpx:hr>93</gpxtpx:hr>
</gpxtpx:TrackPointExtension>
</extensions>
</trkpt>
<trkpt lat="36.7901193" lon="126.9633536">
<ele>20.561</ele>
<time>2024-06-03T12:21:09Z</time>
<extensions>
<gpxtpx:TrackPointExtension>
<gpxtpx:hr>93</gpxtpx:hr>
</gpxtpx:TrackPointExtension>
</extensions>
</trkpt>
<trkpt lat="36.7901107" lon="126.9633581">
<ele>20.449</ele>
<time>2024-06-03T12:21:10Z</time>
<extensions>
<gpxtpx:TrackPointExtension>
<gpxtpx:hr>93</gpxtpx:hr>
</gpxtpx:TrackPointExtension>
</extensions>
</trkpt>
<trkpt lat="36.790102" lon="126.9633656">
<ele>20.229</ele>
<time>2024-06-03T12:21:11Z</time>
<extensions>
<gpxtpx:TrackPointExtension>
<gpxtpx:hr>93</gpxtpx:hr>
</gpxtpx:TrackPointExtension>
</extensions>
</trkpt>
<trkpt lat="36.7900941" lon="126.9633757">
<ele>20.0</ele>
<time>2024-06-03T12:21:12Z</time>
<extensions>
<gpxtpx:TrackPointExtension>
<gpxtpx:hr>93</gpxtpx:hr>
</gpxtpx:TrackPointExtension>
</extensions>
</trkpt>
<trkpt lat="36.7900889" lon="126.9633838">
<ele>19.844</ele>
<time>2024-06-03T12:21:13Z</time>
<extensions>
<gpxtpx:TrackPointExtension>
<gpxtpx:hr>93</gpxtpx:hr>
</gpxtpx:TrackPointExtension>
</extensions>
</trkpt>
<trkpt lat="36.7900852" lon="126.9633904">
<ele>19.699</ele>
<time>2024-06-03T12:21:14Z</time>
<extensions>
<gpxtpx:TrackPointExtension>
<gpxtpx:hr>93</gpxtpx:hr>
<gpxtpx:cad>110</gpxtpx:cad>
</gpxtpx:TrackPointExtension>
</extensions>
</trkpt>
<trkpt lat="36.790081" lon="126.9633969">
<ele>19.572</ele>
<time>2024-06-03T12:21:15Z</time>
<extensions>
<gpxtpx:TrackPointExtension>
<gpxtpx:hr>93</gpxtpx:hr>
</gpxtpx:TrackPointExtension>
</extensions>
</trkpt>
<trkpt lat="36.7900742" lon="126.9634014">
<ele>19.349</ele>
<time>2024-06-03T12:21:16Z</time>
<extensions>
<gpxtpx:TrackPointExtension>
<gpxtpx:hr>93</gpxtpx:hr>
</gpxtpx:TrackPointExtension>
</extensions>
</trkpt>
<trkpt lat="36.7900667" lon="126.9634037">
<ele>19.191</ele>
<time>2024-06-03T12:21:17Z</time>
<extensions>
<gpxtpx:TrackPointExtension>
<gpxtpx:hr>93</gpxtpx:hr>
</gpxtpx:TrackPointExtension>
</extensions>
</trkpt>
<trkpt lat="36.7900581" lon="126.9634042">
<ele>19.19</ele>
<time>2024-06-03T12:21:18Z</time>
<extensions>
<gpxtpx:TrackPointExtension>
<gpxtpx:hr>93</gpxtpx:hr>
</gpxtpx:TrackPointExtension>
</extensions>
</trkpt>
<trkpt lat="36.7900474" lon="126.963403">
<ele>19.016</ele>
<time>2024-06-03T12:21:19Z</time>
<extensions>
<gpxtpx:TrackPointExtension>
<gpxtpx:hr>93</gpxtpx:hr>
</gpxtpx:TrackPointExtension>
</extensions>
</trkpt>
<trkpt lat="36.7900349" lon="126.9633993">
<ele>18.895</ele>
<time>2024-06-03T12:21:20Z</time>
<extensions>
<gpxtpx:TrackPointExtension>
<gpxtpx:hr>93</gpxtpx:hr>
</gpxtpx:TrackPointExtension>
</extensions>
</trkpt>
<trkpt lat="36.7900217" lon="126.9633962">
<ele>18.784</ele>
<time>2024-06-03T12:21:21Z</time>
<extensions>
<gpxtpx:TrackPointExtension>
<gpxtpx:hr>93</gpxtpx:hr>
</gpxtpx:TrackPointExtension>
</extensions>
</trkpt>
<trkpt lat="36.7900072" lon="126.963392">
<ele>18.613</ele>
<time>2024-06-03T12:21:22Z</time>
<extensions>
<gpxtpx:TrackPointExtension>
<gpxtpx:hr>93</gpxtpx:hr>
</gpxtpx:TrackPointExtension>
</extensions>
</trkpt>
<trkpt lat="36.7899943" lon="126.9633884">
<ele>18.484</ele>
<time>2024-06-03T12:21:23Z</time>
<extensions>
<gpxtpx:TrackPointExtension>
<gpxtpx:hr>93</gpxtpx:hr>
</gpxtpx:TrackPointExtension>
</extensions>
</trkpt>
<trkpt lat="36.7899822" lon="126.9633846">
<ele>18.442</ele>
<time>2024-06-03T12:21:24Z</time>
<extensions>
<gpxtpx:TrackPointExtension>
<gpxtpx:hr>92</gpxtpx:hr>
<gpxtpx:cad>112</gpxtpx:cad>
</gpxtpx:TrackPointExtension>
</extensions>
</trkpt>
<trkpt lat="36.7899703" lon="126.9633796">
<ele>18.359</ele>
<time>2024-06-03T12:21:25Z</time>
<extensions>
<gpxtpx:TrackPointExtension>
<gpxtpx:hr>92</gpxtpx:hr>
</gpxtpx:TrackPointExtension>
</extensions>
</trkpt>
<trkpt lat="36.7899583" lon="126.9633734">
<ele>18.22</ele>
<time>2024-06-03T12:21:26Z</time>
<extensions>
<gpxtpx:TrackPointExtension>
<gpxtpx:hr>92</gpxtpx:hr>
</gpxtpx:TrackPointExtension>
</extensions>
</trkpt>
<trkpt lat="36.7899469" lon="126.9633669">
<ele>18.104</ele>
<time>2024-06-03T12:21:27Z</time>
<extensions>
<gpxtpx:TrackPointExtension>
<gpxtpx:hr>92</gpxtpx:hr>
</gpxtpx:TrackPointExtension>
</extensions>
</trkpt>
<trkpt lat="36.7899368" lon="126.9633602">
<ele>18.099</ele>
<time>2024-06-03T12:21:28Z</time>
<extensions>
<gpxtpx:TrackPointExtension>
<gpxtpx:hr>92</gpxtpx:hr>
</gpxtpx:TrackPointExtension>
</extensions>
</trkpt>
<trkpt lat="36.7899299" lon="126.9633589">
<ele>17.995</ele>
<time>2024-06-03T12:21:29Z</time>
<extensions>
<gpxtpx:TrackPointExtension>
<gpxtpx:hr>92</gpxtpx:hr>
</gpxtpx:TrackPointExtension>
</extensions>
</trkpt>
<trkpt lat="36.7899252" lon="126.9633587">
<ele>17.882</ele>
<time>2024-06-03T12:21:30Z</time>
<extensions>
<gpxtpx:TrackPointExtension>
<gpxtpx:hr>91</gpxtpx:hr>
</gpxtpx:TrackPointExtension>
</extensions>
</trkpt>
<trkpt lat="36.7899218" lon="126.9633599">
<ele>17.833</ele>
<time>2024-06-03T12:21:31Z</time>
<extensions>
<gpxtpx:TrackPointExtension>
<gpxtpx:hr>91</gpxtpx:hr>
</gpxtpx:TrackPointExtension>
</extensions>
</trkpt>
<trkpt lat="36.7899178" lon="126.9633594">
<ele>17.783</ele>
<time>2024-06-03T12:21:32Z</time>
<extensions>
<gpxtpx:TrackPointExtension>
<gpxtpx:hr>91</gpxtpx:hr>
</gpxtpx:TrackPointExtension>
</extensions>
</trkpt>
<trkpt lat="36.7899126" lon="126.963359">
<ele>17.746</ele>
<time>2024-06-03T12:21:33Z</time>
<extensions>
<gpxtpx:TrackPointExtension>
<gpxtpx:hr>91</gpxtpx:hr>
<gpxtpx:cad>115</gpxtpx:cad>
</gpxtpx:TrackPointExtension>
</extensions>
</trkpt>
<trkpt lat="36.7899069" lon="126.9633589">
<ele>17.656</ele>
<time>2024-06-03T12:21:34Z</time>
<extensions>
<gpxtpx:TrackPointExtension>
<gpxtpx:hr>92</gpxtpx:hr>
</gpxtpx:TrackPointExtension>
</extensions>
</trkpt>
<trkpt lat="36.7899004" lon="126.9633575">
<ele>17.532</ele>
<time>2024-06-03T12:21:35Z</time>
<extensions>
<gpxtpx:TrackPointExtension>
<gpxtpx:hr>92</gpxtpx:hr>
</gpxtpx:TrackPointExtension>
</extensions>
</trkpt>
<trkpt lat="36.7898921" lon="126.9633537">
<ele>17.419</ele>
<time>2024-06-03T12:21:36Z</time>
<extensions>
<gpxtpx:TrackPointExtension>
<gpxtpx:hr>92</gpxtpx:hr>
</gpxtpx:TrackPointExtension>
</extensions>
</trkpt>
<trkpt lat="36.7898833" lon="126.9633491">
<ele>17.31</ele>
<time>2024-06-03T12:21:37Z</time>
<extensions>
<gpxtpx:TrackPointExtension>
<gpxtpx:hr>92</gpxtpx:hr>
</gpxtpx:TrackPointExtension>
</extensions>
</trkpt>
<trkpt lat="36.7898735" lon="126.9633445">
<ele>17.277</ele>
<time>2024-06-03T12:21:38Z</time>
<extensions>
<gpxtpx:TrackPointExtension>
<gpxtpx:hr>92</gpxtpx:hr>
</gpxtpx:TrackPointExtension>
</extensions>
</trkpt>
<trkpt lat="36.789864" lon="126.9633411">
<ele>17.251</ele>
<time>2024-06-03T12:21:39Z</time>
<extensions>
<gpxtpx:TrackPointExtension>
<gpxtpx:hr>92</gpxtpx:hr>
</gpxtpx:TrackPointExtension>
</extensions>
</trkpt>
<trkpt lat="36.7898558" lon="126.9633412">
<ele>17.203</ele>
<time>2024-06-03T12:21:40Z</time>
<extensions>
<gpxtpx:TrackPointExtension>
<gpxtpx:hr>92</gpxtpx:hr>
</gpxtpx:TrackPointExtension>
</extensions>
</trkpt>
<trkpt lat="36.7898475" lon="126.9633437">
<ele>17.144</ele>
<time>2024-06-03T12:21:41Z</time>
<extensions>
<gpxtpx:TrackPointExtension>
<gpxtpx:hr>92</gpxtpx:hr>
</gpxtpx:TrackPointExtension>
</extensions>
</trkpt>
<trkpt lat="36.7898393" lon="126.963349">
<ele>17.136</ele>
<time>2024-06-03T12:21:42Z</time>
<extensions>
<gpxtpx:TrackPointExtension>
<gpxtpx:hr>92</gpxtpx:hr>
</gpxtpx:TrackPointExtension>
</extensions>
</trkpt>
<trkpt lat="36.7898314" lon="126.9633564">
<ele>17.093</ele>
<time>2024-06-03T12:21:43Z</time>
<extensions>
<gpxtpx:TrackPointExtension>
<gpxtpx:hr>92</gpxtpx:hr>
<gpxtpx:cad>111</gpxtpx:cad>
</gpxtpx:TrackPointExtension>
</extensions>
</trkpt>
<trkpt lat="36.7898239" lon="126.9633678">
<ele>16.979</ele>
<time>2024-06-03T12:21:44Z</time>
<extensions>
<gpxtpx:TrackPointExtension>
<gpxtpx:hr>92</gpxtpx:hr>
</gpxtpx:TrackPointExtension>
</extensions>
</trkpt>
<trkpt lat="36.7898158" lon="126.9633813">
<ele>16.91</ele>
<time>2024-06-03T12:21:45Z</time>
<extensions>
<gpxtpx:TrackPointExtension>
<gpxtpx:hr>92</gpxtpx:hr>
<gpxtpx:cad>111</gpxtpx:cad>
</gpxtpx:TrackPointExtension>
</extensions>
</trkpt>
<trkpt lat="36.789808" lon="126.9633942">
<ele>16.84</ele>
<time>2024-06-03T12:21:46Z</time>
<extensions>
<gpxtpx:TrackPointExtension>
<gpxtpx:hr>92</gpxtpx:hr>
</gpxtpx:TrackPointExtension>
</extensions>
</trkpt>
<trkpt lat="36.7897987" lon="126.963406">
<ele>16.812</ele>
<time>2024-06-03T12:21:47Z</time>
<extensions>
<gpxtpx:TrackPointExtension>
<gpxtpx:hr>92</gpxtpx:hr>
</gpxtpx:TrackPointExtension>
</extensions>
</trkpt>
<trkpt lat="36.7897878" lon="126.9634158">
<ele>16.723</ele>
<time>2024-06-03T12:21:48Z</time>
<extensions>
<gpxtpx:TrackPointExtension>
<gpxtpx:hr>92</gpxtpx:hr>
</gpxtpx:TrackPointExtension>
</extensions>
</trkpt>
<trkpt lat="36.7897754" lon="126.963424">
<ele>16.684</ele>
<time>2024-06-03T12:21:49Z</time>
<extensions>
<gpxtpx:TrackPointExtension>
<gpxtpx:hr>92</gpxtpx:hr>
</gpxtpx:TrackPointExtension>
</extensions>
</trkpt>
<trkpt lat="36.7897621" lon="126.9634311">
<ele>16.634</ele>
<time>2024-06-03T12:21:50Z</time>
<extensions>
<gpxtpx:TrackPointExtension>
<gpxtpx:hr>92</gpxtpx:hr>
</gpxtpx:TrackPointExtension>
</extensions>
</trkpt>
<trkpt lat="36.7897479" lon="126.9634379">
<ele>16.513</ele>
<time>2024-06-03T12:21:51Z</time>
<extensions>
<gpxtpx:TrackPointExtension>
<gpxtpx:hr>92</gpxtpx:hr>
</gpxtpx:TrackPointExtension>
</extensions>
</trkpt>
<trkpt lat="36.7897332" lon="126.9634439">
<ele>16.53</ele>
<time>2024-06-03T12:21:52Z</time>
<extensions>
<gpxtpx:TrackPointExtension>
<gpxtpx:hr>93</gpxtpx:hr>
</gpxtpx:TrackPointExtension>
</extensions>
</trkpt>
<trkpt lat="36.7897185" lon="126.9634494">
<ele>16.498</ele>
<time>2024-06-03T12:21:53Z</time>
<extensions>
<gpxtpx:TrackPointExtension>
<gpxtpx:hr>93</gpxtpx:hr>
<gpxtpx:cad>113</gpxtpx:cad>
</gpxtpx:TrackPointExtension>
</extensions>
</trkpt>
<trkpt lat="36.7897038" lon="126.963455">
<ele>16.44</ele>
<time>2024-06-03T12:21:54Z</time>
<extensions>
<gpxtpx:TrackPointExtension>
<gpxtpx:hr>93</gpxtpx:hr>
</gpxtpx:TrackPointExtension>
</extensions>
</trkpt>
<trkpt lat="36.7896891" lon="126.9634607">
<ele>16.386</ele>
<time>2024-06-03T12:21:55Z</time>
<extensions>
<gpxtpx:TrackPointExtension>
<gpxtpx:hr>93</gpxtpx:hr>
</gpxtpx:TrackPointExtension>
</extensions>
</trkpt>
<trkpt lat="36.7896742" lon="126.9634656">
<ele>16.345</ele>
<time>2024-06-03T12:21:56Z</time>
<extensions>
<gpxtpx:TrackPointExtension>
<gpxtpx:hr>94</gpxtpx:hr>
</gpxtpx:TrackPointExtension>
</extensions>
</trkpt>
<trkpt lat="36.7896595" lon="126.9634692">
<ele>16.312</ele>
<time>2024-06-03T12:21:57Z</time>
<extensions>
<gpxtpx:TrackPointExtension>
<gpxtpx:hr>94</gpxtpx:hr>
</gpxtpx:TrackPointExtension>
</extensions>
</trkpt>
<trkpt lat="36.7896465" lon="126.9634744">
<ele>16.303</ele>
<time>2024-06-03T12:21:58Z</time>
<extensions>
<gpxtpx:TrackPointExtension>
<gpxtpx:hr>94</gpxtpx:hr>
</gpxtpx:TrackPointExtension>
</extensions>
</trkpt>
<trkpt lat="36.7896354" lon="126.9634819">
<ele>16.268</ele>
<time>2024-06-03T12:21:59Z</time>
<extensions>
<gpxtpx:TrackPointExtension>
<gpxtpx:hr>94</gpxtpx:hr>
</gpxtpx:TrackPointExtension>
</extensions>
</trkpt>
<trkpt lat="36.7896248" lon="126.9634911">
<ele>16.049</ele>
<time>2024-06-03T12:22:00Z</time>
<extensions>
<gpxtpx:TrackPointExtension>
<gpxtpx:hr>94</gpxtpx:hr>
</gpxtpx:TrackPointExtension>
</extensions>
</trkpt>
<trkpt lat="36.7896134" lon="126.9635008">
<ele>15.971</ele>
<time>2024-06-03T12:22:01Z</time>
<extensions>
<gpxtpx:TrackPointExtension>
<gpxtpx:hr>94</gpxtpx:hr>
</gpxtpx:TrackPointExtension>
</extensions>
</trkpt>
<trkpt lat="36.7896014" lon="126.9635122">
<ele>15.971</ele>
<time>2024-06-03T12:22:02Z</time>
<extensions>
<gpxtpx:TrackPointExtension>
<gpxtpx:hr>94</gpxtpx:hr>
</gpxtpx:TrackPointExtension>
</extensions>
</trkpt>
<trkpt lat="36.7895888" lon="126.9635246">
<ele>15.869</ele>
<time>2024-06-03T12:22:03Z</time>
<extensions>
<gpxtpx:TrackPointExtension>
<gpxtpx:hr>94</gpxtpx:hr>
<gpxtpx:cad>111</gpxtpx:cad>
</gpxtpx:TrackPointExtension>
</extensions>
</trkpt>
<trkpt lat="36.7895755" lon="126.9635378">
<ele>15.896</ele>
<time>2024-06-03T12:22:04Z</time>
<extensions>
<gpxtpx:TrackPointExtension>
<gpxtpx:hr>94</gpxtpx:hr>
</gpxtpx:TrackPointExtension>
</extensions>
</trkpt>
<trkpt lat="36.7895615" lon="126.9635532">
<ele>15.789</ele>
<time>2024-06-03T12:22:05Z</time>
<extensions>
<gpxtpx:TrackPointExtension>
<gpxtpx:hr>94</gpxtpx:hr>
</gpxtpx:TrackPointExtension>
</extensions>
</trkpt>
<trkpt lat="36.7895489" lon="126.9635689">
<ele>15.788</ele>
<time>2024-06-03T12:22:06Z</time>
<extensions>
<gpxtpx:TrackPointExtension>
<gpxtpx:hr>94</gpxtpx:hr>
</gpxtpx:TrackPointExtension>
</extensions>
</trkpt>
<trkpt lat="36.7895378" lon="126.9635851">
<ele>15.71</ele>
<time>2024-06-03T12:22:07Z</time>
<extensions>
<gpxtpx:TrackPointExtension>
<gpxtpx:hr>94</gpxtpx:hr>
</gpxtpx:TrackPointExtension>
</extensions>
</trkpt>
<trkpt lat="36.7895267" lon="126.9636015">
<ele>15.71</ele>
<time>2024-06-03T12:22:08Z</time>
<extensions>
<gpxtpx:TrackPointExtension>
<gpxtpx:hr>94</gpxtpx:hr>
</gpxtpx:TrackPointExtension>
</extensions>
</trkpt>
<trkpt lat="36.7895154" lon="126.963617">
<ele>15.631</ele>
<time>2024-06-03T12:22:09Z</time>
<extensions>
<gpxtpx:TrackPointExtension>
<gpxtpx:hr>94</gpxtpx:hr>
</gpxtpx:TrackPointExtension>
</extensions>
</trkpt>
<trkpt lat="36.7895055" lon="126.9636313">
<ele>15.427</ele>
<time>2024-06-03T12:22:10Z</time>
<extensions>
<gpxtpx:TrackPointExtension>
<gpxtpx:hr>95</gpxtpx:hr>
</gpxtpx:TrackPointExtension>
</extensions>
</trkpt>
<trkpt lat="36.7894964" lon="126.9636453">
<ele>15.316</ele>
<time>2024-06-03T12:22:11Z</time>
<extensions>
<gpxtpx:TrackPointExtension>
<gpxtpx:hr>95</gpxtpx:hr>
</gpxtpx:TrackPointExtension>
</extensions>
</trkpt>
<trkpt lat="36.7894883" lon="126.963658">
<ele>15.295</ele>
<time>2024-06-03T12:22:12Z</time>
<extensions>
<gpxtpx:TrackPointExtension>
<gpxtpx:hr>95</gpxtpx:hr>
</gpxtpx:TrackPointExtension>
</extensions>
</trkpt>
<trkpt lat="36.7894808" lon="126.9636697">
<ele>15.204</ele>
<time>2024-06-03T12:22:13Z</time>
<extensions>
<gpxtpx:TrackPointExtension>
<gpxtpx:hr>95</gpxtpx:hr>
<gpxtpx:cad>112</gpxtpx:cad>
</gpxtpx:TrackPointExtension>
</extensions>
</trkpt>
<trkpt lat="36.7894726" lon="126.9636809">
<ele>15.157</ele>
<time>2024-06-03T12:22:14Z</time>
<extensions>
<gpxtpx:TrackPointExtension>
<gpxtpx:hr>95</gpxtpx:hr>
</gpxtpx:TrackPointExtension>
</extensions>
</trkpt>
<trkpt lat="36.7894647" lon="126.9636926">
<ele>15.13</ele>
<time>2024-06-03T12:22:15Z</time>
<extensions>
<gpxtpx:TrackPointExtension>
<gpxtpx:hr>95</gpxtpx:hr>
</gpxtpx:TrackPointExtension>
</extensions>
</trkpt>
<trkpt lat="36.7894562" lon="126.963703">
<ele>15.102</ele>
<time>2024-06-03T12:22:16Z</time>
<extensions>
<gpxtpx:TrackPointExtension>
<gpxtpx:hr>95</gpxtpx:hr>
</gpxtpx:TrackPointExtension>
</extensions>
</trkpt>
<trkpt lat="36.7894479" lon="126.9637132">
<ele>15.024</ele>
<time>2024-06-03T12:22:17Z</time>
<extensions>
<gpxtpx:TrackPointExtension>
<gpxtpx:hr>95</gpxtpx:hr>
</gpxtpx:TrackPointExtension>
</extensions>
</trkpt>
<trkpt lat="36.7894393" lon="126.9637235">
<ele>14.948</ele>
<time>2024-06-03T12:22:18Z</time>
<extensions>
<gpxtpx:TrackPointExtension>
<gpxtpx:hr>96</gpxtpx:hr>
</gpxtpx:TrackPointExtension>
</extensions>
</trkpt>
<trkpt lat="36.7894305" lon="126.9637341">
<ele>14.842</ele>
<time>2024-06-03T12:22:20Z</time>
<extensions>
<gpxtpx:TrackPointExtension>
<gpxtpx:hr>96</gpxtpx:hr>
</gpxtpx:TrackPointExtension>
</extensions>
</trkpt>
<trkpt lat="36.7894214" lon="126.9637449">
<ele>14.792</ele>
<time>2024-06-03T12:22:21Z</time>
<extensions>
<gpxtpx:TrackPointExtension>
<gpxtpx:hr>97</gpxtpx:hr>
</gpxtpx:TrackPointExtension>
</extensions>
</trkpt>
<trkpt lat="36.7894117" lon="126.9637561">
<ele>14.748</ele>
<time>2024-06-03T12:22:22Z</time>
<extensions>
<gpxtpx:TrackPointExtension>
<gpxtpx:hr>97</gpxtpx:hr>
</gpxtpx:TrackPointExtension>
</extensions>
</trkpt>
<trkpt lat="36.7894013" lon="126.9637676">
<ele>14.69</ele>
<time>2024-06-03T12:22:23Z</time>
<extensions>
<gpxtpx:TrackPointExtension>
<gpxtpx:hr>97</gpxtpx:hr>
</gpxtpx:TrackPointExtension>
</extensions>
</trkpt>
<trkpt lat="36.7893912" lon="126.9637795">
<ele>14.638</ele>
<time>2024-06-03T12:22:24Z</time>
<extensions>
<gpxtpx:TrackPointExtension>
<gpxtpx:hr>97</gpxtpx:hr>
<gpxtpx:cad>113</gpxtpx:cad>
</gpxtpx:TrackPointExtension>
</extensions>
</trkpt>
<trkpt lat="36.7893804" lon="126.9637914">
<ele>14.683</ele>
<time>2024-06-03T12:22:25Z</time>
<extensions>
<gpxtpx:TrackPointExtension>
<gpxtpx:hr>97</gpxtpx:hr>
</gpxtpx:TrackPointExtension>
</extensions>
</trkpt>
<trkpt lat="36.7893592" lon="126.9638151">
<ele>14.602</ele>
<time>2024-06-03T12:22:26Z</time>
<extensions>
<gpxtpx:TrackPointExtension>
<gpxtpx:hr>97</gpxtpx:hr>
</gpxtpx:TrackPointExtension>
</extensions>
</trkpt>
<trkpt lat="36.7893492" lon="126.9638274">
<ele>14.588</ele>
<time>2024-06-03T12:22:27Z</time>
<extensions>
<gpxtpx:TrackPointExtension>
<gpxtpx:hr>97</gpxtpx:hr>
</gpxtpx:TrackPointExtension>
</extensions>
</trkpt>
<trkpt lat="36.7893399" lon="126.9638395">
<ele>14.453</ele>
<time>2024-06-03T12:22:28Z</time>
<extensions>
<gpxtpx:TrackPointExtension>
<gpxtpx:hr>97</gpxtpx:hr>
</gpxtpx:TrackPointExtension>
</extensions>
</trkpt>
<trkpt lat="36.7893319" lon="126.9638507">
<ele>14.434</ele>
<time>2024-06-03T12:22:29Z</time>
<extensions>
<gpxtpx:TrackPointExtension>
<gpxtpx:hr>97</gpxtpx:hr>
</gpxtpx:TrackPointExtension>
</extensions>
</trkpt>
<trkpt lat="36.7893247" lon="126.963862">
<ele>14.277</ele>
<time>2024-06-03T12:22:30Z</time>
<extensions>
<gpxtpx:TrackPointExtension>
<gpxtpx:hr>97</gpxtpx:hr>
</gpxtpx:TrackPointExtension>
</extensions>
</trkpt>
<trkpt lat="36.789318" lon="126.9638749">
<ele>14.217</ele>
<time>2024-06-03T12:22:31Z</time>
<extensions>
<gpxtpx:TrackPointExtension>
<gpxtpx:hr>97</gpxtpx:hr>
</gpxtpx:TrackPointExtension>
</extensions>
</trkpt>
<trkpt lat="36.7893109" lon="126.9638878">
<ele>14.202</ele>
<time>2024-06-03T12:22:32Z</time>
<extensions>
<gpxtpx:TrackPointExtension>
<gpxtpx:hr>97</gpxtpx:hr>
</gpxtpx:TrackPointExtension>
</extensions>
</trkpt>
<trkpt lat="36.7893041" lon="126.9639006">
<ele>14.181</ele>
<time>2024-06-03T12:22:33Z</time>
<extensions>
<gpxtpx:TrackPointExtension>
<gpxtpx:hr>97</gpxtpx:hr>
</gpxtpx:TrackPointExtension>
</extensions>
</trkpt>
<trkpt lat="36.7892971" lon="126.9639135">
<ele>14.241</ele>
<time>2024-06-03T12:22:34Z</time>
<extensions>
<gpxtpx:TrackPointExtension>
<gpxtpx:hr>97</gpxtpx:hr>
<gpxtpx:cad>78</gpxtpx:cad>
</gpxtpx:TrackPointExtension>
</extensions>
</trkpt>
<trkpt lat="36.7892896" lon="126.9639274">
<ele>14.153</ele>
<time>2024-06-03T12:22:35Z</time>
<extensions>
<gpxtpx:TrackPointExtension>
<gpxtpx:hr>97</gpxtpx:hr>
</gpxtpx:TrackPointExtension>
</extensions>
</trkpt>
<trkpt lat="36.7892816" lon="126.9639429">
<ele>14.185</ele>
<time>2024-06-03T12:22:36Z</time>
<extensions>
<gpxtpx:TrackPointExtension>
<gpxtpx:hr>97</gpxtpx:hr>
</gpxtpx:TrackPointExtension>
</extensions>
</trkpt>
<trkpt lat="36.7892722" lon="126.9639578">
<ele>14.192</ele>
<time>2024-06-03T12:22:37Z</time>
<extensions>
<gpxtpx:TrackPointExtension>
<gpxtpx:hr>97</gpxtpx:hr>
</gpxtpx:TrackPointExtension>
</extensions>
</trkpt>
<trkpt lat="36.7892621" lon="126.9639738">
<ele>13.95</ele>
<time>2024-06-03T12:22:38Z</time>
<extensions>
<gpxtpx:TrackPointExtension>
<gpxtpx:hr>97</gpxtpx:hr>
</gpxtpx:TrackPointExtension>
</extensions>
</trkpt>
<trkpt lat="36.7892515" lon="126.9639904">
<ele>13.807</ele>
<time>2024-06-03T12:22:39Z</time>
<extensions>
<gpxtpx:TrackPointExtension>
<gpxtpx:hr>97</gpxtpx:hr>
</gpxtpx:TrackPointExtension>
</extensions>
</trkpt>
<trkpt lat="36.7892422" lon="126.964007">
<ele>13.844</ele>
<time>2024-06-03T12:22:40Z</time>
<extensions>
<gpxtpx:TrackPointExtension>
<gpxtpx:hr>97</gpxtpx:hr>
</gpxtpx:TrackPointExtension>
</extensions>
</trkpt>
<trkpt lat="36.7892344" lon="126.9640243">
<ele>13.851</ele>
<time>2024-06-03T12:22:41Z</time>
<extensions>
<gpxtpx:TrackPointExtension>
<gpxtpx:hr>97</gpxtpx:hr>
</gpxtpx:TrackPointExtension>
</extensions>
</trkpt>
<trkpt lat="36.7892282" lon="126.9640411">
<ele>13.911</ele>
<time>2024-06-03T12:22:42Z</time>
<extensions>
<gpxtpx:TrackPointExtension>
<gpxtpx:hr>97</gpxtpx:hr>
</gpxtpx:TrackPointExtension>
</extensions>
</trkpt>
<trkpt lat="36.7892228" lon="126.9640582">
<ele>13.857</ele>
<time>2024-06-03T12:22:43Z</time>
<extensions>
<gpxtpx:TrackPointExtension>
<gpxtpx:hr>97</gpxtpx:hr>
</gpxtpx:TrackPointExtension>
</extensions>
</trkpt>
<trkpt lat="36.7892189" lon="126.9640754">
<ele>13.809</ele>
<time>2024-06-03T12:22:44Z</time>
<extensions>
<gpxtpx:TrackPointExtension>
<gpxtpx:hr>97</gpxtpx:hr>
<gpxtpx:cad>90</gpxtpx:cad>
</gpxtpx:TrackPointExtension>
</extensions>
</trkpt>
<trkpt lat="36.7892156" lon="126.9640947">
<ele>13.706</ele>
<time>2024-06-03T12:22:45Z</time>
<extensions>
<gpxtpx:TrackPointExtension>
<gpxtpx:hr>97</gpxtpx:hr>
</gpxtpx:TrackPointExtension>
</extensions>
</trkpt>
<trkpt lat="36.7892138" lon="126.9641145">
<ele>13.733</ele>
<time>2024-06-03T12:22:46Z</time>
<extensions>
<gpxtpx:TrackPointExtension>
<gpxtpx:hr>97</gpxtpx:hr>
</gpxtpx:TrackPointExtension>
</extensions>
</trkpt>
<trkpt lat="36.7892122" lon="126.9641338">
<ele>13.633</ele>
<time>2024-06-03T12:22:47Z</time>
<extensions>
<gpxtpx:TrackPointExtension>
<gpxtpx:hr>97</gpxtpx:hr>
</gpxtpx:TrackPointExtension>
</extensions>
</trkpt>
<trkpt lat="36.7892087" lon="126.9641528">
<ele>13.7</ele>
<time>2024-06-03T12:22:48Z</time>
<extensions>
<gpxtpx:TrackPointExtension>
<gpxtpx:hr>96</gpxtpx:hr>
<gpxtpx:cad>113</gpxtpx:cad>
</gpxtpx:TrackPointExtension>
</extensions>
</trkpt>
<trkpt lat="36.7892051" lon="126.9641708">
<ele>13.719</ele>
<time>2024-06-03T12:22:49Z</time>
<extensions>
<gpxtpx:TrackPointExtension>
<gpxtpx:hr>97</gpxtpx:hr>
</gpxtpx:TrackPointExtension>
</extensions>
</trkpt>
<trkpt lat="36.7892008" lon="126.9641898">
<ele>13.702</ele>
<time>2024-06-03T12:22:50Z</time>
<extensions>
<gpxtpx:TrackPointExtension>
<gpxtpx:hr>98</gpxtpx:hr>
</gpxtpx:TrackPointExtension>
</extensions>
</trkpt>
<trkpt lat="36.7891951" lon="126.9642078">
<ele>13.675</ele>
<time>2024-06-03T12:22:51Z</time>
<extensions>
<gpxtpx:TrackPointExtension>
<gpxtpx:hr>98</gpxtpx:hr>
</gpxtpx:TrackPointExtension>
</extensions>
</trkpt>
<trkpt lat="36.7891881" lon="126.9642239">
<ele>13.64</ele>
<time>2024-06-03T12:22:52Z</time>
<extensions>
<gpxtpx:TrackPointExtension>
<gpxtpx:hr>98</gpxtpx:hr>
</gpxtpx:TrackPointExtension>
</extensions>
</trkpt>
<trkpt lat="36.78918" lon="126.9642389">
<ele>13.554</ele>
<time>2024-06-03T12:22:53Z</time>
<extensions>
<gpxtpx:TrackPointExtension>
<gpxtpx:hr>99</gpxtpx:hr>
</gpxtpx:TrackPointExtension>
</extensions>
</trkpt>
<trkpt lat="36.789172" lon="126.9642538">
<ele>13.581</ele>
<time>2024-06-03T12:22:54Z</time>
<extensions>
<gpxtpx:TrackPointExtension>
<gpxtpx:hr>100</gpxtpx:hr>
<gpxtpx:cad>110</gpxtpx:cad>
</gpxtpx:TrackPointExtension>
</extensions>
</trkpt>
<trkpt lat="36.789165" lon="126.9642694">
<ele>13.572</ele>
<time>2024-06-03T12:22:55Z</time>
<extensions>
<gpxtpx:TrackPointExtension>
<gpxtpx:hr>99</gpxtpx:hr>
</gpxtpx:TrackPointExtension>
</extensions>
</trkpt>
<trkpt lat="36.789159" lon="126.9642838">
<ele>13.58</ele>
<time>2024-06-03T12:22:56Z</time>
<extensions>
<gpxtpx:TrackPointExtension>
<gpxtpx:hr>99</gpxtpx:hr>
</gpxtpx:TrackPointExtension>
</extensions>
</trkpt>
<trkpt lat="36.7891544" lon="126.9642962">
<ele>13.53</ele>
<time>2024-06-03T12:22:57Z</time>
<extensions>
<gpxtpx:TrackPointExtension>
<gpxtpx:hr>100</gpxtpx:hr>
</gpxtpx:TrackPointExtension>
</extensions>
</trkpt>
<trkpt lat="36.7891501" lon="126.9643082">
<ele>13.528</ele>
<time>2024-06-03T12:22:58Z</time>
<extensions>
<gpxtpx:TrackPointExtension>
<gpxtpx:hr>100</gpxtpx:hr>
</gpxtpx:TrackPointExtension>
</extensions>
</trkpt>
<trkpt lat="36.7891466" lon="126.9643196">
<ele>13.625</ele>
<time>2024-06-03T12:22:59Z</time>
<extensions>
<gpxtpx:TrackPointExtension>
<gpxtpx:hr>100</gpxtpx:hr>
</gpxtpx:TrackPointExtension>
</extensions>
</trkpt>
<trkpt lat="36.7891432" lon="126.9643304">
<ele>13.614</ele>
<time>2024-06-03T12:23:00Z</time>
<extensions>
<gpxtpx:TrackPointExtension>
<gpxtpx:hr>100</gpxtpx:hr>
</gpxtpx:TrackPointExtension>
</extensions>
</trkpt>
<trkpt lat="36.7891389" lon="126.9643415">
<ele>13.542</ele>
<time>2024-06-03T12:23:01Z</time>
<extensions>
<gpxtpx:TrackPointExtension>
<gpxtpx:hr>100</gpxtpx:hr>
</gpxtpx:TrackPointExtension>
</extensions>
</trkpt>
<trkpt lat="36.7891344" lon="126.9643544">
<ele>13.576</ele>
<time>2024-06-03T12:23:02Z</time>
<extensions>
<gpxtpx:TrackPointExtension>
<gpxtpx:hr>100</gpxtpx:hr>
</gpxtpx:TrackPointExtension>
</extensions>
</trkpt>
<trkpt lat="36.7891278" lon="126.9643674">
<ele>13.618</ele>
<time>2024-06-03T12:23:03Z</time>
<extensions>
<gpxtpx:TrackPointExtension>
<gpxtpx:hr>100</gpxtpx:hr>
</gpxtpx:TrackPointExtension>
</extensions>
</trkpt>
<trkpt lat="36.7891212" lon="126.9643808">
<ele>13.536</ele>
<time>2024-06-03T12:23:04Z</time>
<extensions>
<gpxtpx:TrackPointExtension>
<gpxtpx:hr>100</gpxtpx:hr>
<gpxtpx:cad>107</gpxtpx:cad>
</gpxtpx:TrackPointExtension>
</extensions>
</trkpt>
<trkpt lat="36.7891149" lon="126.9643944">
<ele>13.481</ele>
<time>2024-06-03T12:23:05Z</time>
<extensions>
<gpxtpx:TrackPointExtension>
<gpxtpx:hr>100</gpxtpx:hr>
</gpxtpx:TrackPointExtension>
</extensions>
</trkpt>
<trkpt lat="36.7891081" lon="126.9644078">
<ele>13.48</ele>
<time>2024-06-03T12:23:06Z</time>
<extensions>
<gpxtpx:TrackPointExtension>
<gpxtpx:hr>100</gpxtpx:hr>
</gpxtpx:TrackPointExtension>
</extensions>
</trkpt>
<trkpt lat="36.7891017" lon="126.9644198">
<ele>13.481</ele>
<time>2024-06-03T12:23:07Z</time>
<extensions>
<gpxtpx:TrackPointExtension>
<gpxtpx:hr>100</gpxtpx:hr>
</gpxtpx:TrackPointExtension>
</extensions>
</trkpt>
<trkpt lat="36.7890935" lon="126.9644304">
<ele>13.505</ele>
<time>2024-06-03T12:23:08Z</time>
<extensions>
<gpxtpx:TrackPointExtension>
<gpxtpx:hr>100</gpxtpx:hr>
</gpxtpx:TrackPointExtension>
</extensions>
</trkpt>
<trkpt lat="36.7890819" lon="126.9644414">
<ele>13.455</ele>
<time>2024-06-03T12:23:09Z</time>
<extensions>
<gpxtpx:TrackPointExtension>
<gpxtpx:hr>100</gpxtpx:hr>
</gpxtpx:TrackPointExtension>
</extensions>
</trkpt>
<trkpt lat="36.7890694" lon="126.9644524">
<ele>13.485</ele>
<time>2024-06-03T12:23:10Z</time>
<extensions>
<gpxtpx:TrackPointExtension>
<gpxtpx:hr>100</gpxtpx:hr>
</gpxtpx:TrackPointExtension>
</extensions>
</trkpt>
<trkpt lat="36.7890566" lon="126.9644637">
<ele>13.434</ele>
<time>2024-06-03T12:23:11Z</time>
<extensions>
<gpxtpx:TrackPointExtension>
<gpxtpx:hr>100</gpxtpx:hr>
</gpxtpx:TrackPointExtension>
</extensions>
</trkpt>
<trkpt lat="36.7890462" lon="126.9644772">
<ele>13.338</ele>
<time>2024-06-03T12:23:12Z</time>
<extensions>
<gpxtpx:TrackPointExtension>
<gpxtpx:hr>101</gpxtpx:hr>
</gpxtpx:TrackPointExtension>
</extensions>
</trkpt>
<trkpt lat="36.7890384" lon="126.9644915">
<ele>13.33</ele>
<time>2024-06-03T12:23:13Z</time>
<extensions>
<gpxtpx:TrackPointExtension>
<gpxtpx:hr>101</gpxtpx:hr>
</gpxtpx:TrackPointExtension>
</extensions>
</trkpt>
<trkpt lat="36.789032" lon="126.9645065">
<ele>13.33</ele>
<time>2024-06-03T12:23:14Z</time>
<extensions>
<gpxtpx:TrackPointExtension>
<gpxtpx:hr>101</gpxtpx:hr>
<gpxtpx:cad>106</gpxtpx:cad>
</gpxtpx:TrackPointExtension>
</extensions>
</trkpt>
<trkpt lat="36.7890273" lon="126.9645237">
<ele>13.32</ele>
<time>2024-06-03T12:23:15Z</time>
<extensions>
<gpxtpx:TrackPointExtension>
<gpxtpx:hr>101</gpxtpx:hr>
</gpxtpx:TrackPointExtension>
</extensions>
</trkpt>
<trkpt lat="36.7890243" lon="126.9645388">
<ele>13.299</ele>
<time>2024-06-03T12:23:16Z</time>
<extensions>
<gpxtpx:TrackPointExtension>
<gpxtpx:hr>102</gpxtpx:hr>
</gpxtpx:TrackPointExtension>
</extensions>
</trkpt>
<trkpt lat="36.7890212" lon="126.9645521">
<ele>13.297</ele>
<time>2024-06-03T12:23:17Z</time>
<extensions>
<gpxtpx:TrackPointExtension>
<gpxtpx:hr>102</gpxtpx:hr>
</gpxtpx:TrackPointExtension>
</extensions>
</trkpt>
<trkpt lat="36.7890177" lon="126.9645636">
<ele>13.274</ele>
<time>2024-06-03T12:23:18Z</time>
<extensions>
<gpxtpx:TrackPointExtension>
<gpxtpx:hr>101</gpxtpx:hr>
</gpxtpx:TrackPointExtension>
</extensions>
</trkpt>
<trkpt lat="36.7890144" lon="126.9645751">
<ele>13.319</ele>
<time>2024-06-03T12:23:19Z</time>
<extensions>
<gpxtpx:TrackPointExtension>
<gpxtpx:hr>101</gpxtpx:hr>
</gpxtpx:TrackPointExtension>
</extensions>
</trkpt>
<trkpt lat="36.7890123" lon="126.9645894">
<ele>13.305</ele>
<time>2024-06-03T12:23:20Z</time>
<extensions>
<gpxtpx:TrackPointExtension>
<gpxtpx:hr>101</gpxtpx:hr>
</gpxtpx:TrackPointExtension>
</extensions>
</trkpt>
<trkpt lat="36.7890113" lon="126.9646047">
<ele>13.321</ele>
<time>2024-06-03T12:23:21Z</time>
<extensions>
<gpxtpx:TrackPointExtension>
<gpxtpx:hr>101</gpxtpx:hr>
</gpxtpx:TrackPointExtension>
</extensions>
</trkpt>
<trkpt lat="36.7890114" lon="126.9646206">
<ele>13.278</ele>
<time>2024-06-03T12:23:22Z</time>
<extensions>
<gpxtpx:TrackPointExtension>
<gpxtpx:hr>101</gpxtpx:hr>
</gpxtpx:TrackPointExtension>
</extensions>
</trkpt>
<trkpt lat="36.7890141" lon="126.9646383">
<ele>13.277</ele>
<time>2024-06-03T12:23:23Z</time>
<extensions>
<gpxtpx:TrackPointExtension>
<gpxtpx:hr>101</gpxtpx:hr>
</gpxtpx:TrackPointExtension>
</extensions>
</trkpt>
<trkpt lat="36.7890187" lon="126.964656">
<ele>13.251</ele>
<time>2024-06-03T12:23:24Z</time>
<extensions>
<gpxtpx:TrackPointExtension>
<gpxtpx:hr>101</gpxtpx:hr>
<gpxtpx:cad>108</gpxtpx:cad>
</gpxtpx:TrackPointExtension>
</extensions>
</trkpt>
<trkpt lat="36.7890234" lon="126.9646738">
<ele>13.226</ele>
<time>2024-06-03T12:23:25Z</time>
<extensions>
<gpxtpx:TrackPointExtension>
<gpxtpx:hr>101</gpxtpx:hr>
</gpxtpx:TrackPointExtension>
</extensions>
</trkpt>
<trkpt lat="36.7890279" lon="126.9646919">
<ele>13.235</ele>
<time>2024-06-03T12:23:26Z</time>
<extensions>
<gpxtpx:TrackPointExtension>
<gpxtpx:hr>101</gpxtpx:hr>
</gpxtpx:TrackPointExtension>
</extensions>
</trkpt>
<trkpt lat="36.7890309" lon="126.9647096">
<ele>13.241</ele>
<time>2024-06-03T12:23:27Z</time>
<extensions>
<gpxtpx:TrackPointExtension>
<gpxtpx:hr>101</gpxtpx:hr>
</gpxtpx:TrackPointExtension>
</extensions>
</trkpt>
<trkpt lat="36.7890338" lon="126.9647259">
<ele>13.158</ele>
<time>2024-06-03T12:23:28Z</time>
<extensions>
<gpxtpx:TrackPointExtension>
<gpxtpx:hr>101</gpxtpx:hr>
</gpxtpx:TrackPointExtension>
</extensions>
</trkpt>
<trkpt lat="36.7890367" lon="126.9647422">
<ele>13.167</ele>
<time>2024-06-03T12:23:29Z</time>
<extensions>
<gpxtpx:TrackPointExtension>
<gpxtpx:hr>101</gpxtpx:hr>
</gpxtpx:TrackPointExtension>
</extensions>
</trkpt>
<trkpt lat="36.7890404" lon="126.9647596">
<ele>13.172</ele>
<time>2024-06-03T12:23:30Z</time>
<extensions>
<gpxtpx:TrackPointExtension>
<gpxtpx:hr>101</gpxtpx:hr>
</gpxtpx:TrackPointExtension>
</extensions>
</trkpt>
<trkpt lat="36.7890443" lon="126.9647774">
<ele>13.155</ele>
<time>2024-06-03T12:23:31Z</time>
<extensions>
<gpxtpx:TrackPointExtension>
<gpxtpx:hr>101</gpxtpx:hr>
</gpxtpx:TrackPointExtension>
</extensions>
</trkpt>
<trkpt lat="36.7890485" lon="126.9647944">
<ele>13.169</ele>
<time>2024-06-03T12:23:32Z</time>
<extensions>
<gpxtpx:TrackPointExtension>
<gpxtpx:hr>101</gpxtpx:hr>
</gpxtpx:TrackPointExtension>
</extensions>
</trkpt>
<trkpt lat="36.7890538" lon="126.9648119">
<ele>13.244</ele>
<time>2024-06-03T12:23:33Z</time>
<extensions>
<gpxtpx:TrackPointExtension>
<gpxtpx:hr>101</gpxtpx:hr>
</gpxtpx:TrackPointExtension>
</extensions>
</trkpt>
<trkpt lat="36.7890586" lon="126.96483">
<ele>13.281</ele>
<time>2024-06-03T12:23:34Z</time>
<extensions>
<gpxtpx:TrackPointExtension>
<gpxtpx:hr>101</gpxtpx:hr>
<gpxtpx:cad>107</gpxtpx:cad>
</gpxtpx:TrackPointExtension>
</extensions>
</trkpt>
<trkpt lat="36.7890628" lon="126.9648472">
<ele>13.328</ele>
<time>2024-06-03T12:23:35Z</time>
<extensions>
<gpxtpx:TrackPointExtension>
<gpxtpx:hr>101</gpxtpx:hr>
</gpxtpx:TrackPointExtension>
</extensions>
</trkpt>
<trkpt lat="36.789067" lon="126.9648652">
<ele>13.268</ele>
<time>2024-06-03T12:23:36Z</time>
<extensions>
<gpxtpx:TrackPointExtension>
<gpxtpx:hr>101</gpxtpx:hr>
</gpxtpx:TrackPointExtension>
</extensions>
</trkpt>
<trkpt lat="36.7890694" lon="126.9648839">
<ele>13.291</ele>
<time>2024-06-03T12:23:37Z</time>
<extensions>
<gpxtpx:TrackPointExtension>
<gpxtpx:hr>101</gpxtpx:hr>
</gpxtpx:TrackPointExtension>
</extensions>
</trkpt>
<trkpt lat="36.7890711" lon="126.964903">
<ele>13.367</ele>
<time>2024-06-03T12:23:38Z</time>
<extensions>
<gpxtpx:TrackPointExtension>
<gpxtpx:hr>101</gpxtpx:hr>
</gpxtpx:TrackPointExtension>
</extensions>
</trkpt>
<trkpt lat="36.7890741" lon="126.9649234">
<ele>13.388</ele>
<time>2024-06-03T12:23:39Z</time>
<extensions>
<gpxtpx:TrackPointExtension>
<gpxtpx:hr>101</gpxtpx:hr>
</gpxtpx:TrackPointExtension>
</extensions>
</trkpt>
<trkpt lat="36.7890771" lon="126.9649446">
<ele>13.359</ele>
<time>2024-06-03T12:23:40Z</time>
<extensions>
<gpxtpx:TrackPointExtension>
<gpxtpx:hr>101</gpxtpx:hr>
</gpxtpx:TrackPointExtension>
</extensions>
</trkpt>
<trkpt lat="36.7890798" lon="126.9649647">
<ele>13.322</ele>
<time>2024-06-03T12:23:41Z</time>
<extensions>
<gpxtpx:TrackPointExtension>
<gpxtpx:hr>101</gpxtpx:hr>
</gpxtpx:TrackPointExtension>
</extensions>
</trkpt>
<trkpt lat="36.7890824" lon="126.9649839">
<ele>13.331</ele>
<time>2024-06-03T12:23:42Z</time>
<extensions>
<gpxtpx:TrackPointExtension>
<gpxtpx:hr>101</gpxtpx:hr>
</gpxtpx:TrackPointExtension>
</extensions>
</trkpt>
<trkpt lat="36.7890844" lon="126.9650021">
<ele>13.283</ele>
<time>2024-06-03T12:23:43Z</time>
<extensions>
<gpxtpx:TrackPointExtension>
<gpxtpx:hr>101</gpxtpx:hr>
</gpxtpx:TrackPointExtension>
</extensions>
</trkpt>
<trkpt lat="36.7890858" lon="126.9650199">
<ele>13.29</ele>
<time>2024-06-03T12:23:44Z</time>
<extensions>
<gpxtpx:TrackPointExtension>
<gpxtpx:hr>101</gpxtpx:hr>
<gpxtpx:cad>105</gpxtpx:cad>
</gpxtpx:TrackPointExtension>
</extensions>
</trkpt>
<trkpt lat="36.7890874" lon="126.9650368">
<ele>13.323</ele>
<time>2024-06-03T12:23:45Z</time>
<extensions>
<gpxtpx:TrackPointExtension>
<gpxtpx:hr>101</gpxtpx:hr>
</gpxtpx:TrackPointExtension>
</extensions>
</trkpt>
<trkpt lat="36.7890891" lon="126.9650523">
<ele>13.36</ele>
<time>2024-06-03T12:23:46Z</time>
<extensions>
<gpxtpx:TrackPointExtension>
<gpxtpx:hr>101</gpxtpx:hr>
</gpxtpx:TrackPointExtension>
</extensions>
</trkpt>
<trkpt lat="36.78909" lon="126.9650675">
<ele>13.35</ele>
<time>2024-06-03T12:23:47Z</time>
<extensions>
<gpxtpx:TrackPointExtension>
<gpxtpx:hr>101</gpxtpx:hr>
</gpxtpx:TrackPointExtension>
</extensions>
</trkpt>
<trkpt lat="36.7890909" lon="126.9650852">
<ele>13.344</ele>
<time>2024-06-03T12:23:48Z</time>
<extensions>
<gpxtpx:TrackPointExtension>
<gpxtpx:hr>101</gpxtpx:hr>
</gpxtpx:TrackPointExtension>
</extensions>
</trkpt>
<trkpt lat="36.789091" lon="126.9651036">
<ele>13.357</ele>
<time>2024-06-03T12:23:49Z</time>
<extensions>
<gpxtpx:TrackPointExtension>
<gpxtpx:hr>101</gpxtpx:hr>
</gpxtpx:TrackPointExtension>
</extensions>
</trkpt>
<trkpt lat="36.7890915" lon="126.965122">
<ele>13.328</ele>
<time>2024-06-03T12:23:50Z</time>
<extensions>
<gpxtpx:TrackPointExtension>
<gpxtpx:hr>101</gpxtpx:hr>
</gpxtpx:TrackPointExtension>
</extensions>
</trkpt>
<trkpt lat="36.7890916" lon="126.9651398">
<ele>13.338</ele>
<time>2024-06-03T12:23:51Z</time>
<extensions>
<gpxtpx:TrackPointExtension>
<gpxtpx:hr>101</gpxtpx:hr>
</gpxtpx:TrackPointExtension>
</extensions>
</trkpt>
<trkpt lat="36.7890922" lon="126.9651554">
<ele>13.283</ele>
<time>2024-06-03T12:23:52Z</time>
<extensions>
<gpxtpx:TrackPointExtension>
<gpxtpx:hr>101</gpxtpx:hr>
</gpxtpx:TrackPointExtension>
</extensions>
</trkpt>
<trkpt lat="36.7890949" lon="126.9651691">
<ele>13.278</ele>
<time>2024-06-03T12:23:53Z</time>
<extensions>
<gpxtpx:TrackPointExtension>
<gpxtpx:hr>101</gpxtpx:hr>
<gpxtpx:cad>105</gpxtpx:cad>
</gpxtpx:TrackPointExtension>
</extensions>
</trkpt>
<trkpt lat="36.789099" lon="126.9651831">
<ele>13.387</ele>
<time>2024-06-03T12:23:54Z</time>
<extensions>
<gpxtpx:TrackPointExtension>
<gpxtpx:hr>101</gpxtpx:hr>
<gpxtpx:cad>105</gpxtpx:cad>
</gpxtpx:TrackPointExtension>
</extensions>
</trkpt>
<trkpt lat="36.7891032" lon="126.9651964">
<ele>13.291</ele>
<time>2024-06-03T12:23:55Z</time>
<extensions>
<gpxtpx:TrackPointExtension>
<gpxtpx:hr>102</gpxtpx:hr>
</gpxtpx:TrackPointExtension>
</extensions>
</trkpt>
<trkpt lat="36.7891065" lon="126.9652095">
<ele>13.408</ele>
<time>2024-06-03T12:23:56Z</time>
<extensions>
<gpxtpx:TrackPointExtension>
<gpxtpx:hr>102</gpxtpx:hr>
</gpxtpx:TrackPointExtension>
</extensions>
</trkpt>
<trkpt lat="36.7891091" lon="126.9652214">
<ele>13.404</ele>
<time>2024-06-03T12:23:57Z</time>
<extensions>
<gpxtpx:TrackPointExtension>
<gpxtpx:hr>102</gpxtpx:hr>
</gpxtpx:TrackPointExtension>
</extensions>
</trkpt>
<trkpt lat="36.7891114" lon="126.965234">
<ele>13.427</ele>
<time>2024-06-03T12:23:58Z</time>
<extensions>
<gpxtpx:TrackPointExtension>
<gpxtpx:hr>102</gpxtpx:hr>
</gpxtpx:TrackPointExtension>
</extensions>
</trkpt>
<trkpt lat="36.7891138" lon="126.9652478">
<ele>13.543</ele>
<time>2024-06-03T12:23:59Z</time>
<extensions>
<gpxtpx:TrackPointExtension>
<gpxtpx:hr>102</gpxtpx:hr>
</gpxtpx:TrackPointExtension>
</extensions>
</trkpt>
<trkpt lat="36.7891159" lon="126.9652631">
<ele>13.532</ele>
<time>2024-06-03T12:24:00Z</time>
<extensions>
<gpxtpx:TrackPointExtension>
<gpxtpx:hr>102</gpxtpx:hr>
</gpxtpx:TrackPointExtension>
</extensions>
</trkpt>
<trkpt lat="36.7891195" lon="126.9652799">
<ele>13.495</ele>
<time>2024-06-03T12:24:01Z</time>
<extensions>
<gpxtpx:TrackPointExtension>
<gpxtpx:hr>102</gpxtpx:hr>
</gpxtpx:TrackPointExtension>
</extensions>
</trkpt>
<trkpt lat="36.7891238" lon="126.9652951">
<ele>13.52</ele>
<time>2024-06-03T12:24:02Z</time>
<extensions>
<gpxtpx:TrackPointExtension>
<gpxtpx:hr>102</gpxtpx:hr>
</gpxtpx:TrackPointExtension>
</extensions>
</trkpt>
<trkpt lat="36.7891293" lon="126.9653089">
<ele>13.568</ele>
<time>2024-06-03T12:24:03Z</time>
<extensions>
<gpxtpx:TrackPointExtension>
<gpxtpx:hr>102</gpxtpx:hr>
<gpxtpx:cad>106</gpxtpx:cad>
</gpxtpx:TrackPointExtension>
</extensions>
</trkpt>
<trkpt lat="36.7891342" lon="126.9653223">
<ele>13.607</ele>
<time>2024-06-03T12:24:04Z</time>
<extensions>
<gpxtpx:TrackPointExtension>
<gpxtpx:hr>102</gpxtpx:hr>
</gpxtpx:TrackPointExtension>
</extensions>
</trkpt>
<trkpt lat="36.7891395" lon="126.9653379">
<ele>13.55</ele>
<time>2024-06-03T12:24:05Z</time>
<extensions>
<gpxtpx:TrackPointExtension>
<gpxtpx:hr>102</gpxtpx:hr>
</gpxtpx:TrackPointExtension>
</extensions>
</trkpt>
<trkpt lat="36.7891434" lon="126.9653528">
<ele>13.623</ele>
<time>2024-06-03T12:24:06Z</time>
<extensions>
<gpxtpx:TrackPointExtension>
<gpxtpx:hr>102</gpxtpx:hr>
</gpxtpx:TrackPointExtension>
</extensions>
</trkpt>
<trkpt lat="36.7891459" lon="126.9653672">
<ele>13.607</ele>
<time>2024-06-03T12:24:07Z</time>
<extensions>
<gpxtpx:TrackPointExtension>
<gpxtpx:hr>102</gpxtpx:hr>
</gpxtpx:TrackPointExtension>
</extensions>
</trkpt>
<trkpt lat="36.7891477" lon="126.9653816">
<ele>13.606</ele>
<time>2024-06-03T12:24:08Z</time>
<extensions>
<gpxtpx:TrackPointExtension>
<gpxtpx:hr>102</gpxtpx:hr>
</gpxtpx:TrackPointExtension>
</extensions>
</trkpt>
<trkpt lat="36.7891477" lon="126.9653975">
<ele>13.66</ele>
<time>2024-06-03T12:24:09Z</time>
<extensions>
<gpxtpx:TrackPointExtension>
<gpxtpx:hr>102</gpxtpx:hr>
</gpxtpx:TrackPointExtension>
</extensions>
</trkpt>
<trkpt lat="36.7891462" lon="126.9654144">
<ele>13.58</ele>
<time>2024-06-03T12:24:10Z</time>
<extensions>
<gpxtpx:TrackPointExtension>
<gpxtpx:hr>102</gpxtpx:hr>
</gpxtpx:TrackPointExtension>
</extensions>
</trkpt>
<trkpt lat="36.7891423" lon="126.965431">
<ele>13.475</ele>
<time>2024-06-03T12:24:11Z</time>
<extensions>
<gpxtpx:TrackPointExtension>
<gpxtpx:hr>102</gpxtpx:hr>
</gpxtpx:TrackPointExtension>
</extensions>
</trkpt>
<trkpt lat="36.7891375" lon="126.9654485">
<ele>13.422</ele>
<time>2024-06-03T12:24:12Z</time>
<extensions>
<gpxtpx:TrackPointExtension>
<gpxtpx:hr>102</gpxtpx:hr>
</gpxtpx:TrackPointExtension>
</extensions>
</trkpt>
<trkpt lat="36.7891314" lon="126.9654682">
<ele>13.341</ele>
<time>2024-06-03T12:24:13Z</time>
<extensions>
<gpxtpx:TrackPointExtension>
<gpxtpx:hr>101</gpxtpx:hr>
<gpxtpx:cad>107</gpxtpx:cad>
</gpxtpx:TrackPointExtension>
</extensions>
</trkpt>
<trkpt lat="36.7891256" lon="126.9654875">
<ele>13.412</ele>
<time>2024-06-03T12:24:14Z</time>
<extensions>
<gpxtpx:TrackPointExtension>
<gpxtpx:hr>101</gpxtpx:hr>
</gpxtpx:TrackPointExtension>
</extensions>
</trkpt>
<trkpt lat="36.7891198" lon="126.9655069">
<ele>13.4</ele>
<time>2024-06-03T12:24:15Z</time>
<extensions>
<gpxtpx:TrackPointExtension>
<gpxtpx:hr>101</gpxtpx:hr>
</gpxtpx:TrackPointExtension>
</extensions>
</trkpt>
<trkpt lat="36.7891148" lon="126.9655248">
<ele>13.388</ele>
<time>2024-06-03T12:24:16Z</time>
<extensions>
<gpxtpx:TrackPointExtension>
<gpxtpx:hr>101</gpxtpx:hr>
</gpxtpx:TrackPointExtension>
</extensions>
</trkpt>
<trkpt lat="36.7891101" lon="126.9655421">
<ele>13.426</ele>
<time>2024-06-03T12:24:17Z</time>
<extensions>
<gpxtpx:TrackPointExtension>
<gpxtpx:hr>101</gpxtpx:hr>
</gpxtpx:TrackPointExtension>
</extensions>
</trkpt>
<trkpt lat="36.7891068" lon="126.9655577">
<ele>13.395</ele>
<time>2024-06-03T12:24:18Z</time>
<extensions>
<gpxtpx:TrackPointExtension>
<gpxtpx:hr>101</gpxtpx:hr>
</gpxtpx:TrackPointExtension>
</extensions>
</trkpt>
<trkpt lat="36.7891033" lon="126.9655726">
<ele>13.426</ele>
<time>2024-06-03T12:24:19Z</time>
<extensions>
<gpxtpx:TrackPointExtension>
<gpxtpx:hr>101</gpxtpx:hr>
</gpxtpx:TrackPointExtension>
</extensions>
</trkpt>
<trkpt lat="36.7891005" lon="126.9655872">
<ele>13.385</ele>
<time>2024-06-03T12:24:20Z</time>
<extensions>
<gpxtpx:TrackPointExtension>
<gpxtpx:hr>101</gpxtpx:hr>
</gpxtpx:TrackPointExtension>
</extensions>
</trkpt>
<trkpt lat="36.7890975" lon="126.9656024">
<ele>13.39</ele>
<time>2024-06-03T12:24:21Z</time>
<extensions>
<gpxtpx:TrackPointExtension>
<gpxtpx:hr>101</gpxtpx:hr>
</gpxtpx:TrackPointExtension>
</extensions>
</trkpt>
<trkpt lat="36.7890941" lon="126.9656163">
<ele>13.364</ele>
<time>2024-06-03T12:24:22Z</time>
<extensions>
<gpxtpx:TrackPointExtension>
<gpxtpx:hr>101</gpxtpx:hr>
</gpxtpx:TrackPointExtension>
</extensions>
</trkpt>
<trkpt lat="36.7890903" lon="126.9656298">
<ele>13.307</ele>
<time>2024-06-03T12:24:23Z</time>
<extensions>
<gpxtpx:TrackPointExtension>
<gpxtpx:hr>101</gpxtpx:hr>
<gpxtpx:cad>114</gpxtpx:cad>
</gpxtpx:TrackPointExtension>
</extensions>
</trkpt>
<trkpt lat="36.7890862" lon="126.9656439">
<ele>12.995</ele>
<time>2024-06-03T12:24:24Z</time>
<extensions>
<gpxtpx:TrackPointExtension>
<gpxtpx:hr>101</gpxtpx:hr>
</gpxtpx:TrackPointExtension>
</extensions>
</trkpt>
<trkpt lat="36.789082" lon="126.9656576">
<ele>12.93</ele>
<time>2024-06-03T12:24:25Z</time>
<extensions>
<gpxtpx:TrackPointExtension>
<gpxtpx:hr>101</gpxtpx:hr>
</gpxtpx:TrackPointExtension>
</extensions>
</trkpt>
<trkpt lat="36.7890776" lon="126.9656714">
<ele>13.12</ele>
<time>2024-06-03T12:24:26Z</time>
</trkpt>
<trkpt lat="36.789072" lon="126.9656862">
<ele>13.183</ele>
<time>2024-06-03T12:24:27Z</time>
<extensions>
<gpxtpx:TrackPointExtension>
<gpxtpx:hr>101</gpxtpx:hr>
</gpxtpx:TrackPointExtension>
</extensions>
</trkpt>
<trkpt lat="36.7890657" lon="126.9657015">
<ele>13.157</ele>
<time>2024-06-03T12:24:28Z</time>
<extensions>
<gpxtpx:TrackPointExtension>
<gpxtpx:hr>101</gpxtpx:hr>
</gpxtpx:TrackPointExtension>
</extensions>
</trkpt>
<trkpt lat="36.7890607" lon="126.965717">
<ele>13.156</ele>
<time>2024-06-03T12:24:29Z</time>
<extensions>
<gpxtpx:TrackPointExtension>
<gpxtpx:hr>101</gpxtpx:hr>
</gpxtpx:TrackPointExtension>
</extensions>
</trkpt>
<trkpt lat="36.7890559" lon="126.965733">
<ele>13.129</ele>
<time>2024-06-03T12:24:30Z</time>
<extensions>
<gpxtpx:TrackPointExtension>
<gpxtpx:hr>101</gpxtpx:hr>
</gpxtpx:TrackPointExtension>
</extensions>
</trkpt>
<trkpt lat="36.7890537" lon="126.9657538">
<ele>13.05</ele>
<time>2024-06-03T12:24:31Z</time>
<extensions>
<gpxtpx:TrackPointExtension>
<gpxtpx:hr>100</gpxtpx:hr>
</gpxtpx:TrackPointExtension>
</extensions>
</trkpt>
<trkpt lat="36.7890528" lon="126.9657755">
<ele>13.006</ele>
<time>2024-06-03T12:24:32Z</time>
<extensions>
<gpxtpx:TrackPointExtension>
<gpxtpx:hr>100</gpxtpx:hr>
</gpxtpx:TrackPointExtension>
</extensions>
</trkpt>
<trkpt lat="36.7890532" lon="126.9657978">
<ele>12.967</ele>
<time>2024-06-03T12:24:33Z</time>
<extensions>
<gpxtpx:TrackPointExtension>
<gpxtpx:hr>100</gpxtpx:hr>
<gpxtpx:cad>116</gpxtpx:cad>
</gpxtpx:TrackPointExtension>
</extensions>
</trkpt>
<trkpt lat="36.7890516" lon="126.9658176">
<ele>12.854</ele>
<time>2024-06-03T12:24:34Z</time>
<extensions>
<gpxtpx:TrackPointExtension>
<gpxtpx:hr>99</gpxtpx:hr>
</gpxtpx:TrackPointExtension>
</extensions>
</trkpt>
<trkpt lat="36.7890493" lon="126.965835">
<ele>12.776</ele>
<time>2024-06-03T12:24:35Z</time>
<extensions>
<gpxtpx:TrackPointExtension>
<gpxtpx:hr>99</gpxtpx:hr>
</gpxtpx:TrackPointExtension>
</extensions>
</trkpt>
<trkpt lat="36.7890464" lon="126.9658499">
<ele>12.708</ele>
<time>2024-06-03T12:24:36Z</time>
<extensions>
<gpxtpx:TrackPointExtension>
<gpxtpx:hr>99</gpxtpx:hr>
</gpxtpx:TrackPointExtension>
</extensions>
</trkpt>
<trkpt lat="36.789043" lon="126.9658652">
<ele>12.759</ele>
<time>2024-06-03T12:24:37Z</time>
<extensions>
<gpxtpx:TrackPointExtension>
<gpxtpx:hr>99</gpxtpx:hr>
</gpxtpx:TrackPointExtension>
</extensions>
</trkpt>
<trkpt lat="36.7890401" lon="126.9658801">
<ele>12.705</ele>
<time>2024-06-03T12:24:38Z</time>
<extensions>
<gpxtpx:TrackPointExtension>
<gpxtpx:hr>99</gpxtpx:hr>
</gpxtpx:TrackPointExtension>
</extensions>
</trkpt>
<trkpt lat="36.789037" lon="126.965897">
<ele>12.644</ele>
<time>2024-06-03T12:24:39Z</time>
<extensions>
<gpxtpx:TrackPointExtension>
<gpxtpx:hr>99</gpxtpx:hr>
</gpxtpx:TrackPointExtension>
</extensions>
</trkpt>
<trkpt lat="36.7890341" lon="126.9659145">
<ele>12.561</ele>
<time>2024-06-03T12:24:40Z</time>
<extensions>
<gpxtpx:TrackPointExtension>
<gpxtpx:hr>99</gpxtpx:hr>
</gpxtpx:TrackPointExtension>
</extensions>
</trkpt>
<trkpt lat="36.7890309" lon="126.9659307">
<ele>12.513</ele>
<time>2024-06-03T12:24:41Z</time>
<extensions>
<gpxtpx:TrackPointExtension>
<gpxtpx:hr>99</gpxtpx:hr>
</gpxtpx:TrackPointExtension>
</extensions>
</trkpt>
<trkpt lat="36.7890285" lon="126.9659458">
<ele>12.391</ele>
<time>2024-06-03T12:24:42Z</time>
<extensions>
<gpxtpx:TrackPointExtension>
<gpxtpx:hr>99</gpxtpx:hr>
</gpxtpx:TrackPointExtension>
</extensions>
</trkpt>
<trkpt lat="36.7890262" lon="126.9659596">
<ele>12.271</ele>
<time>2024-06-03T12:24:43Z</time>
<extensions>
<gpxtpx:TrackPointExtension>
<gpxtpx:hr>99</gpxtpx:hr>
<gpxtpx:cad>111</gpxtpx:cad>
</gpxtpx:TrackPointExtension>
</extensions>
</trkpt>
<trkpt lat="36.7890239" lon="126.9659722">
<ele>12.25</ele>
<time>2024-06-03T12:24:44Z</time>
<extensions>
<gpxtpx:TrackPointExtension>
<gpxtpx:hr>99</gpxtpx:hr>
</gpxtpx:TrackPointExtension>
</extensions>
</trkpt>
<trkpt lat="36.7890213" lon="126.9659844">
<ele>12.244</ele>
<time>2024-06-03T12:24:45Z</time>
<extensions>
<gpxtpx:TrackPointExtension>
<gpxtpx:hr>99</gpxtpx:hr>
</gpxtpx:TrackPointExtension>
</extensions>
</trkpt>
<trkpt lat="36.7890194" lon="126.9659966">
<ele>12.157</ele>
<time>2024-06-03T12:24:47Z</time>
<extensions>
<gpxtpx:TrackPointExtension>
<gpxtpx:hr>98</gpxtpx:hr>
</gpxtpx:TrackPointExtension>
</extensions>
</trkpt>
<trkpt lat="36.7890182" lon="126.9660081">
<ele>12.069</ele>
<time>2024-06-03T12:24:48Z</time>
<extensions>
<gpxtpx:TrackPointExtension>
<gpxtpx:hr>98</gpxtpx:hr>
</gpxtpx:TrackPointExtension>
</extensions>
</trkpt>
<trkpt lat="36.7890168" lon="126.9660193">
<ele>12.059</ele>
<time>2024-06-03T12:24:49Z</time>
<extensions>
<gpxtpx:TrackPointExtension>
<gpxtpx:hr>98</gpxtpx:hr>
</gpxtpx:TrackPointExtension>
</extensions>
</trkpt>
<trkpt lat="36.7890153" lon="126.9660314">
<ele>12.034</ele>
<time>2024-06-03T12:24:50Z</time>
<extensions>
<gpxtpx:TrackPointExtension>
<gpxtpx:hr>98</gpxtpx:hr>
</gpxtpx:TrackPointExtension>
</extensions>
</trkpt>
<trkpt lat="36.7890134" lon="126.9660445">
<ele>11.887</ele>
<time>2024-06-03T12:24:51Z</time>
<extensions>
<gpxtpx:TrackPointExtension>
<gpxtpx:hr>98</gpxtpx:hr>
</gpxtpx:TrackPointExtension>
</extensions>
</trkpt>
<trkpt lat="36.7890102" lon="126.9660593">
<ele>11.863</ele>
<time>2024-06-03T12:24:52Z</time>
<extensions>
<gpxtpx:TrackPointExtension>
<gpxtpx:hr>98</gpxtpx:hr>
</gpxtpx:TrackPointExtension>
</extensions>
</trkpt>
<trkpt lat="36.789005" lon="126.9660928">
<ele>11.806</ele>
<time>2024-06-03T12:24:53Z</time>
<extensions>
<gpxtpx:TrackPointExtension>
<gpxtpx:hr>98</gpxtpx:hr>
</gpxtpx:TrackPointExtension>
</extensions>
</trkpt>
<trkpt lat="36.7890022" lon="126.9661084">
<ele>11.878</ele>
<time>2024-06-03T12:24:54Z</time>
<extensions>
<gpxtpx:TrackPointExtension>
<gpxtpx:hr>98</gpxtpx:hr>
<gpxtpx:cad>109</gpxtpx:cad>
</gpxtpx:TrackPointExtension>
</extensions>
</trkpt>
<trkpt lat="36.7889987" lon="126.9661233">
<ele>11.834</ele>
<time>2024-06-03T12:24:55Z</time>
<extensions>
<gpxtpx:TrackPointExtension>
<gpxtpx:hr>98</gpxtpx:hr>
</gpxtpx:TrackPointExtension>
</extensions>
</trkpt>
<trkpt lat="36.7889941" lon="126.9661375">
<ele>11.822</ele>
<time>2024-06-03T12:24:56Z</time>
<extensions>
<gpxtpx:TrackPointExtension>
<gpxtpx:hr>98</gpxtpx:hr>
</gpxtpx:TrackPointExtension>
</extensions>
</trkpt>
<trkpt lat="36.7889897" lon="126.9661508">
<ele>11.716</ele>
<time>2024-06-03T12:24:57Z</time>
<extensions>
<gpxtpx:TrackPointExtension>
<gpxtpx:hr>98</gpxtpx:hr>
</gpxtpx:TrackPointExtension>
</extensions>
</trkpt>
<trkpt lat="36.7889859" lon="126.9661639">
<ele>11.636</ele>
<time>2024-06-03T12:24:58Z</time>
<extensions>
<gpxtpx:TrackPointExtension>
<gpxtpx:hr>98</gpxtpx:hr>
</gpxtpx:TrackPointExtension>
</extensions>
</trkpt>
<trkpt lat="36.7889819" lon="126.9661772">
<ele>11.551</ele>
<time>2024-06-03T12:24:59Z</time>
<extensions>
<gpxtpx:TrackPointExtension>
<gpxtpx:hr>98</gpxtpx:hr>
</gpxtpx:TrackPointExtension>
</extensions>
</trkpt>
<trkpt lat="36.7889773" lon="126.9661895">
<ele>11.481</ele>
<time>2024-06-03T12:25:00Z</time>
<extensions>
<gpxtpx:TrackPointExtension>
<gpxtpx:hr>98</gpxtpx:hr>
</gpxtpx:TrackPointExtension>
</extensions>
</trkpt>
<trkpt lat="36.7889736" lon="126.9662011">
<ele>11.491</ele>
<time>2024-06-03T12:25:01Z</time>
<extensions>
<gpxtpx:TrackPointExtension>
<gpxtpx:hr>98</gpxtpx:hr>
</gpxtpx:TrackPointExtension>
</extensions>
</trkpt>
<trkpt lat="36.7889711" lon="126.9662114">
<ele>11.52</ele>
<time>2024-06-03T12:25:02Z</time>
<extensions>
<gpxtpx:TrackPointExtension>
<gpxtpx:hr>99</gpxtpx:hr>
</gpxtpx:TrackPointExtension>
</extensions>
</trkpt>
<trkpt lat="36.788969" lon="126.9662218">
<ele>11.474</ele>
<time>2024-06-03T12:25:03Z</time>
<extensions>
<gpxtpx:TrackPointExtension>
<gpxtpx:hr>99</gpxtpx:hr>
</gpxtpx:TrackPointExtension>
</extensions>
</trkpt>
<trkpt lat="36.7889669" lon="126.9662329">
<ele>11.392</ele>
<time>2024-06-03T12:25:04Z</time>
<extensions>
<gpxtpx:TrackPointExtension>
<gpxtpx:hr>99</gpxtpx:hr>
<gpxtpx:cad>109</gpxtpx:cad>
</gpxtpx:TrackPointExtension>
</extensions>
</trkpt>
<trkpt lat="36.788966" lon="126.9662437">
<ele>11.319</ele>
<time>2024-06-03T12:25:05Z</time>
<extensions>
<gpxtpx:TrackPointExtension>
<gpxtpx:hr>99</gpxtpx:hr>
</gpxtpx:TrackPointExtension>
</extensions>
</trkpt>
<trkpt lat="36.7889654" lon="126.9662536">
<ele>11.238</ele>
<time>2024-06-03T12:25:06Z</time>
<extensions>
<gpxtpx:TrackPointExtension>
<gpxtpx:hr>99</gpxtpx:hr>
<gpxtpx:cad>109</gpxtpx:cad>
</gpxtpx:TrackPointExtension>
</extensions>
</trkpt>
<trkpt lat="36.7889648" lon="126.966265">
<ele>11.201</ele>
<time>2024-06-03T12:25:07Z</time>
<extensions>
<gpxtpx:TrackPointExtension>
<gpxtpx:hr>99</gpxtpx:hr>
</gpxtpx:TrackPointExtension>
</extensions>
</trkpt>
<trkpt lat="36.788962" lon="126.9662768">
<ele>11.121</ele>
<time>2024-06-03T12:25:08Z</time>
<extensions>
<gpxtpx:TrackPointExtension>
<gpxtpx:hr>99</gpxtpx:hr>
</gpxtpx:TrackPointExtension>
</extensions>
</trkpt>
<trkpt lat="36.7889592" lon="126.9662882">
<ele>11.008</ele>
<time>2024-06-03T12:25:09Z</time>
<extensions>
<gpxtpx:TrackPointExtension>
<gpxtpx:hr>98</gpxtpx:hr>
</gpxtpx:TrackPointExtension>
</extensions>
</trkpt>
<trkpt lat="36.7889561" lon="126.9662997">
<ele>11.176</ele>
<time>2024-06-03T12:25:10Z</time>
<extensions>
<gpxtpx:TrackPointExtension>
<gpxtpx:hr>97</gpxtpx:hr>
</gpxtpx:TrackPointExtension>
</extensions>
</trkpt>
<trkpt lat="36.7889528" lon="126.9663132">
<ele>11.273</ele>
<time>2024-06-03T12:25:11Z</time>
<extensions>
<gpxtpx:TrackPointExtension>
<gpxtpx:hr>97</gpxtpx:hr>
</gpxtpx:TrackPointExtension>
</extensions>
</trkpt>
<trkpt lat="36.7889489" lon="126.9663277">
<ele>11.238</ele>
<time>2024-06-03T12:25:12Z</time>
<extensions>
<gpxtpx:TrackPointExtension>
<gpxtpx:hr>97</gpxtpx:hr>
</gpxtpx:TrackPointExtension>
</extensions>
</trkpt>
<trkpt lat="36.788944" lon="126.966343">
<ele>11.251</ele>
<time>2024-06-03T12:25:13Z</time>
<extensions>
<gpxtpx:TrackPointExtension>
<gpxtpx:hr>97</gpxtpx:hr>
</gpxtpx:TrackPointExtension>
</extensions>
</trkpt>
<trkpt lat="36.7889395" lon="126.966359">
<ele>11.229</ele>
<time>2024-06-03T12:25:14Z</time>
<extensions>
<gpxtpx:TrackPointExtension>
<gpxtpx:hr>97</gpxtpx:hr>
<gpxtpx:cad>111</gpxtpx:cad>
</gpxtpx:TrackPointExtension>
</extensions>
</trkpt>
<trkpt lat="36.7889356" lon="126.9663754">
<ele>11.126</ele>
<time>2024-06-03T12:25:15Z</time>
<extensions>
<gpxtpx:TrackPointExtension>
<gpxtpx:hr>97</gpxtpx:hr>
</gpxtpx:TrackPointExtension>
</extensions>
</trkpt>
<trkpt lat="36.7889321" lon="126.9663943">
<ele>11.007</ele>
<time>2024-06-03T12:25:16Z</time>
<extensions>
<gpxtpx:TrackPointExtension>
<gpxtpx:hr>96</gpxtpx:hr>
</gpxtpx:TrackPointExtension>
</extensions>
</trkpt>
<trkpt lat="36.788929" lon="126.9664168">
<ele>11.0</ele>
<time>2024-06-03T12:25:17Z</time>
<extensions>
<gpxtpx:TrackPointExtension>
<gpxtpx:hr>96</gpxtpx:hr>
</gpxtpx:TrackPointExtension>
</extensions>
</trkpt>
<trkpt lat="36.7889253" lon="126.9664416">
<ele>10.976</ele>
<time>2024-06-03T12:25:18Z</time>
</trkpt>
<trkpt lat="36.7889216" lon="126.966468">
<ele>10.909</ele>
<time>2024-06-03T12:25:19Z</time>
</trkpt>
<trkpt lat="36.7889176" lon="126.9664969">
<ele>10.677</ele>
<time>2024-06-03T12:25:20Z</time>
<extensions>
<gpxtpx:TrackPointExtension>
<gpxtpx:hr>96</gpxtpx:hr>
</gpxtpx:TrackPointExtension>
</extensions>
</trkpt>
<trkpt lat="36.7889115" lon="126.9665266">
<ele>10.516</ele>
<time>2024-06-03T12:25:21Z</time>
<extensions>
<gpxtpx:TrackPointExtension>
<gpxtpx:hr>96</gpxtpx:hr>
</gpxtpx:TrackPointExtension>
</extensions>
</trkpt>
<trkpt lat="36.7889037" lon="126.966557">
<ele>10.47</ele>
<time>2024-06-03T12:25:22Z</time>
<extensions>
<gpxtpx:TrackPointExtension>
<gpxtpx:hr>95</gpxtpx:hr>
</gpxtpx:TrackPointExtension>
</extensions>
</trkpt>
<trkpt lat="36.7888967" lon="126.9665814">
<ele>10.39</ele>
<time>2024-06-03T12:25:23Z</time>
<extensions>
<gpxtpx:TrackPointExtension>
<gpxtpx:hr>96</gpxtpx:hr>
</gpxtpx:TrackPointExtension>
</extensions>
</trkpt>
<trkpt lat="36.7888892" lon="126.9666034">
<ele>10.291</ele>
<time>2024-06-03T12:25:24Z</time>
<extensions>
<gpxtpx:TrackPointExtension>
<gpxtpx:hr>96</gpxtpx:hr>
<gpxtpx:cad>111</gpxtpx:cad>
</gpxtpx:TrackPointExtension>
</extensions>
</trkpt>
<trkpt lat="36.7888815" lon="126.9666223">
<ele>10.237</ele>
<time>2024-06-03T12:25:25Z</time>
<extensions>
<gpxtpx:TrackPointExtension>
<gpxtpx:hr>96</gpxtpx:hr>
</gpxtpx:TrackPointExtension>
</extensions>
</trkpt>
<trkpt lat="36.7888742" lon="126.9666382">
<ele>10.132</ele>
<time>2024-06-03T12:25:26Z</time>
<extensions>
<gpxtpx:TrackPointExtension>
<gpxtpx:hr>96</gpxtpx:hr>
</gpxtpx:TrackPointExtension>
</extensions>
</trkpt>
<trkpt lat="36.7888665" lon="126.9666504">
<ele>10.033</ele>
<time>2024-06-03T12:25:27Z</time>
<extensions>
<gpxtpx:TrackPointExtension>
<gpxtpx:hr>96</gpxtpx:hr>
</gpxtpx:TrackPointExtension>
</extensions>
</trkpt>
<trkpt lat="36.788859" lon="126.9666607">
<ele>10.012</ele>
<time>2024-06-03T12:25:28Z</time>
<extensions>
<gpxtpx:TrackPointExtension>
<gpxtpx:hr>96</gpxtpx:hr>
</gpxtpx:TrackPointExtension>
</extensions>
</trkpt>
<trkpt lat="36.7888524" lon="126.9666708">
<ele>9.941</ele>
<time>2024-06-03T12:25:29Z</time>
<extensions>
<gpxtpx:TrackPointExtension>
<gpxtpx:hr>96</gpxtpx:hr>
</gpxtpx:TrackPointExtension>
</extensions>
</trkpt>
<trkpt lat="36.7888469" lon="126.9666796">
<ele>9.919</ele>
<time>2024-06-03T12:25:30Z</time>
<extensions>
<gpxtpx:TrackPointExtension>
<gpxtpx:hr>97</gpxtpx:hr>
</gpxtpx:TrackPointExtension>
</extensions>
</trkpt>
<trkpt lat="36.7888423" lon="126.9666881">
<ele>9.869</ele>
<time>2024-06-03T12:25:31Z</time>
<extensions>
<gpxtpx:TrackPointExtension>
<gpxtpx:hr>97</gpxtpx:hr>
</gpxtpx:TrackPointExtension>
</extensions>
</trkpt>
<trkpt lat="36.7888384" lon="126.9666967">
<ele>9.83</ele>
<time>2024-06-03T12:25:32Z</time>
<extensions>
<gpxtpx:TrackPointExtension>
<gpxtpx:hr>97</gpxtpx:hr>
</gpxtpx:TrackPointExtension>
</extensions>
</trkpt>
<trkpt lat="36.7888351" lon="126.9667065">
<ele>9.74</ele>
<time>2024-06-03T12:25:33Z</time>
<extensions>
<gpxtpx:TrackPointExtension>
<gpxtpx:hr>98</gpxtpx:hr>
</gpxtpx:TrackPointExtension>
</extensions>
</trkpt>
<trkpt lat="36.7888321" lon="126.9667156">
<ele>9.712</ele>
<time>2024-06-03T12:25:34Z</time>
<extensions>
<gpxtpx:TrackPointExtension>
<gpxtpx:hr>98</gpxtpx:hr>
<gpxtpx:cad>104</gpxtpx:cad>
</gpxtpx:TrackPointExtension>
</extensions>
</trkpt>
<trkpt lat="36.788829" lon="126.9667249">
<ele>9.683</ele>
<time>2024-06-03T12:25:35Z</time>
<extensions>
<gpxtpx:TrackPointExtension>
<gpxtpx:hr>99</gpxtpx:hr>
</gpxtpx:TrackPointExtension>
</extensions>
</trkpt>
<trkpt lat="36.7888268" lon="126.9667334">
<ele>9.66</ele>
<time>2024-06-03T12:25:36Z</time>
<extensions>
<gpxtpx:TrackPointExtension>
<gpxtpx:hr>99</gpxtpx:hr>
</gpxtpx:TrackPointExtension>
</extensions>
</trkpt>
<trkpt lat="36.7888247" lon="126.9667427">
<ele>9.583</ele>
<time>2024-06-03T12:25:37Z</time>
<extensions>
<gpxtpx:TrackPointExtension>
<gpxtpx:hr>100</gpxtpx:hr>
</gpxtpx:TrackPointExtension>
</extensions>
</trkpt>
<trkpt lat="36.7888232" lon="126.9667534">
<ele>9.567</ele>
<time>2024-06-03T12:25:38Z</time>
<extensions>
<gpxtpx:TrackPointExtension>
<gpxtpx:hr>100</gpxtpx:hr>
</gpxtpx:TrackPointExtension>
</extensions>
</trkpt>
<trkpt lat="36.7888222" lon="126.966764">
<ele>9.51</ele>
<time>2024-06-03T12:25:39Z</time>
<extensions>
<gpxtpx:TrackPointExtension>
<gpxtpx:hr>101</gpxtpx:hr>
</gpxtpx:TrackPointExtension>
</extensions>
</trkpt>
<trkpt lat="36.7888214" lon="126.9667773">
<ele>9.434</ele>
<time>2024-06-03T12:25:40Z</time>
<extensions>
<gpxtpx:TrackPointExtension>
<gpxtpx:hr>101</gpxtpx:hr>
</gpxtpx:TrackPointExtension>
</extensions>
</trkpt>
<trkpt lat="36.7888206" lon="126.9667902">
<ele>9.366</ele>
<time>2024-06-03T12:25:41Z</time>
<extensions>
<gpxtpx:TrackPointExtension>
<gpxtpx:hr>101</gpxtpx:hr>
</gpxtpx:TrackPointExtension>
</extensions>
</trkpt>
<trkpt lat="36.7888188" lon="126.9668031">
<ele>9.326</ele>
<time>2024-06-03T12:25:42Z</time>
<extensions>
<gpxtpx:TrackPointExtension>
<gpxtpx:hr>101</gpxtpx:hr>
</gpxtpx:TrackPointExtension>
</extensions>
</trkpt>
<trkpt lat="36.7888167" lon="126.9668159">
<ele>9.269</ele>
<time>2024-06-03T12:25:43Z</time>
<extensions>
<gpxtpx:TrackPointExtension>
<gpxtpx:hr>101</gpxtpx:hr>
</gpxtpx:TrackPointExtension>
</extensions>
</trkpt>
<trkpt lat="36.7888142" lon="126.9668286">
<ele>9.212</ele>
<time>2024-06-03T12:25:44Z</time>
<extensions>
<gpxtpx:TrackPointExtension>
<gpxtpx:hr>102</gpxtpx:hr>
<gpxtpx:cad>101</gpxtpx:cad>
</gpxtpx:TrackPointExtension>
</extensions>
</trkpt>
<trkpt lat="36.7888114" lon="126.9668426">
<ele>9.063</ele>
<time>2024-06-03T12:25:45Z</time>
<extensions>
<gpxtpx:TrackPointExtension>
<gpxtpx:hr>102</gpxtpx:hr>
</gpxtpx:TrackPointExtension>
</extensions>
</trkpt>
<trkpt lat="36.7888078" lon="126.966857">
<ele>9.055</ele>
<time>2024-06-03T12:25:46Z</time>
<extensions>
<gpxtpx:TrackPointExtension>
<gpxtpx:hr>102</gpxtpx:hr>
</gpxtpx:TrackPointExtension>
</extensions>
</trkpt>
<trkpt lat="36.7888048" lon="126.966872">
<ele>8.998</ele>
<time>2024-06-03T12:25:47Z</time>
<extensions>
<gpxtpx:TrackPointExtension>
<gpxtpx:hr>103</gpxtpx:hr>
</gpxtpx:TrackPointExtension>
</extensions>
</trkpt>
<trkpt lat="36.7888013" lon="126.9668886">
<ele>8.989</ele>
<time>2024-06-03T12:25:48Z</time>
<extensions>
<gpxtpx:TrackPointExtension>
<gpxtpx:hr>103</gpxtpx:hr>
</gpxtpx:TrackPointExtension>
</extensions>
</trkpt>
<trkpt lat="36.7887979" lon="126.9669047">
<ele>9.012</ele>
<time>2024-06-03T12:25:49Z</time>
<extensions>
<gpxtpx:TrackPointExtension>
<gpxtpx:hr>103</gpxtpx:hr>
</gpxtpx:TrackPointExtension>
</extensions>
</trkpt>
<trkpt lat="36.7887942" lon="126.9669204">
<ele>9.052</ele>
<time>2024-06-03T12:25:50Z</time>
<extensions>
<gpxtpx:TrackPointExtension>
<gpxtpx:hr>103</gpxtpx:hr>
</gpxtpx:TrackPointExtension>
</extensions>
</trkpt>
<trkpt lat="36.7887901" lon="126.9669356">
<ele>9.055</ele>
<time>2024-06-03T12:25:51Z</time>
<extensions>
<gpxtpx:TrackPointExtension>
<gpxtpx:hr>104</gpxtpx:hr>
</gpxtpx:TrackPointExtension>
</extensions>
</trkpt>
<trkpt lat="36.7887858" lon="126.9669509">
<ele>8.987</ele>
<time>2024-06-03T12:25:52Z</time>
<extensions>
<gpxtpx:TrackPointExtension>
<gpxtpx:hr>104</gpxtpx:hr>
</gpxtpx:TrackPointExtension>
</extensions>
</trkpt>
<trkpt lat="36.7887798" lon="126.9669672">
<ele>8.909</ele>
<time>2024-06-03T12:25:53Z</time>
<extensions>
<gpxtpx:TrackPointExtension>
<gpxtpx:hr>104</gpxtpx:hr>
</gpxtpx:TrackPointExtension>
</extensions>
</trkpt>
<trkpt lat="36.7887744" lon="126.9669844">
<ele>8.936</ele>
<time>2024-06-03T12:25:54Z</time>
<extensions>
<gpxtpx:TrackPointExtension>
<gpxtpx:hr>104</gpxtpx:hr>
<gpxtpx:cad>101</gpxtpx:cad>
</gpxtpx:TrackPointExtension>
</extensions>
</trkpt>
<trkpt lat="36.7887698" lon="126.9670027">
<ele>8.947</ele>
<time>2024-06-03T12:25:55Z</time>
<extensions>
<gpxtpx:TrackPointExtension>
<gpxtpx:hr>104</gpxtpx:hr>
</gpxtpx:TrackPointExtension>
</extensions>
</trkpt>
<trkpt lat="36.7887659" lon="126.9670215">
<ele>8.951</ele>
<time>2024-06-03T12:25:56Z</time>
<extensions>
<gpxtpx:TrackPointExtension>
<gpxtpx:hr>104</gpxtpx:hr>
</gpxtpx:TrackPointExtension>
</extensions>
</trkpt>
<trkpt lat="36.788763" lon="126.9670412">
<ele>8.813</ele>
<time>2024-06-03T12:25:57Z</time>
<extensions>
<gpxtpx:TrackPointExtension>
<gpxtpx:hr>104</gpxtpx:hr>
</gpxtpx:TrackPointExtension>
</extensions>
</trkpt>
<trkpt lat="36.788758" lon="126.9670608">
<ele>8.85</ele>
<time>2024-06-03T12:25:58Z</time>
<extensions>
<gpxtpx:TrackPointExtension>
<gpxtpx:hr>104</gpxtpx:hr>
</gpxtpx:TrackPointExtension>
</extensions>
</trkpt>
<trkpt lat="36.7887513" lon="126.9670806">
<ele>8.917</ele>
<time>2024-06-03T12:25:59Z</time>
<extensions>
<gpxtpx:TrackPointExtension>
<gpxtpx:hr>104</gpxtpx:hr>
</gpxtpx:TrackPointExtension>
</extensions>
</trkpt>
<trkpt lat="36.7887472" lon="126.9670993">
<ele>8.908</ele>
<time>2024-06-03T12:26:00Z</time>
<extensions>
<gpxtpx:TrackPointExtension>
<gpxtpx:hr>104</gpxtpx:hr>
</gpxtpx:TrackPointExtension>
</extensions>
</trkpt>
<trkpt lat="36.7887437" lon="126.9671165">
<ele>8.926</ele>
<time>2024-06-03T12:26:01Z</time>
<extensions>
<gpxtpx:TrackPointExtension>
<gpxtpx:hr>104</gpxtpx:hr>
</gpxtpx:TrackPointExtension>
</extensions>
</trkpt>
<trkpt lat="36.7887417" lon="126.9671323">
<ele>8.924</ele>
<time>2024-06-03T12:26:02Z</time>
<extensions>
<gpxtpx:TrackPointExtension>
<gpxtpx:hr>104</gpxtpx:hr>
</gpxtpx:TrackPointExtension>
</extensions>
</trkpt>
<trkpt lat="36.7887392" lon="126.9671455">
<ele>8.895</ele>
<time>2024-06-03T12:26:03Z</time>
<extensions>
<gpxtpx:TrackPointExtension>
<gpxtpx:hr>104</gpxtpx:hr>
</gpxtpx:TrackPointExtension>
</extensions>
</trkpt>
<trkpt lat="36.7887364" lon="126.967158">
<ele>8.84</ele>
<time>2024-06-03T12:26:04Z</time>
<extensions>
<gpxtpx:TrackPointExtension>
<gpxtpx:hr>104</gpxtpx:hr>
<gpxtpx:cad>109</gpxtpx:cad>
</gpxtpx:TrackPointExtension>
</extensions>
</trkpt>
<trkpt lat="36.7887335" lon="126.9671699">
<ele>8.82</ele>
<time>2024-06-03T12:26:05Z</time>
<extensions>
<gpxtpx:TrackPointExtension>
<gpxtpx:hr>104</gpxtpx:hr>
</gpxtpx:TrackPointExtension>
</extensions>
</trkpt>
<trkpt lat="36.7887314" lon="126.96718">
<ele>8.754</ele>
<time>2024-06-03T12:26:06Z</time>
<extensions>
<gpxtpx:TrackPointExtension>
<gpxtpx:hr>105</gpxtpx:hr>
</gpxtpx:TrackPointExtension>
</extensions>
</trkpt>
<trkpt lat="36.7887281" lon="126.9671895">
<ele>8.741</ele>
<time>2024-06-03T12:26:07Z</time>
<extensions>
<gpxtpx:TrackPointExtension>
<gpxtpx:hr>105</gpxtpx:hr>
</gpxtpx:TrackPointExtension>
</extensions>
</trkpt>
<trkpt lat="36.7887244" lon="126.9672005">
<ele>8.807</ele>
<time>2024-06-03T12:26:08Z</time>
<extensions>
<gpxtpx:TrackPointExtension>
<gpxtpx:hr>105</gpxtpx:hr>
</gpxtpx:TrackPointExtension>
</extensions>
</trkpt>
<trkpt lat="36.7887207" lon="126.9672141">
<ele>8.796</ele>
<time>2024-06-03T12:26:09Z</time>
<extensions>
<gpxtpx:TrackPointExtension>
<gpxtpx:hr>105</gpxtpx:hr>
</gpxtpx:TrackPointExtension>
</extensions>
</trkpt>
<trkpt lat="36.7887163" lon="126.9672293">
<ele>8.745</ele>
<time>2024-06-03T12:26:10Z</time>
<extensions>
<gpxtpx:TrackPointExtension>
<gpxtpx:hr>105</gpxtpx:hr>
</gpxtpx:TrackPointExtension>
</extensions>
</trkpt>
<trkpt lat="36.7887105" lon="126.9672452">
<ele>8.784</ele>
<time>2024-06-03T12:26:11Z</time>
<extensions>
<gpxtpx:TrackPointExtension>
<gpxtpx:hr>105</gpxtpx:hr>
</gpxtpx:TrackPointExtension>
</extensions>
</trkpt>
<trkpt lat="36.7887051" lon="126.9672624">
<ele>8.766</ele>
<time>2024-06-03T12:26:12Z</time>
<extensions>
<gpxtpx:TrackPointExtension>
<gpxtpx:hr>106</gpxtpx:hr>
</gpxtpx:TrackPointExtension>
</extensions>
</trkpt>
<trkpt lat="36.7886993" lon="126.9672804">
<ele>8.734</ele>
<time>2024-06-03T12:26:13Z</time>
<extensions>
<gpxtpx:TrackPointExtension>
<gpxtpx:hr>106</gpxtpx:hr>
</gpxtpx:TrackPointExtension>
</extensions>
</trkpt>
<trkpt lat="36.7886937" lon="126.9672996">
<ele>8.672</ele>
<time>2024-06-03T12:26:14Z</time>
<extensions>
<gpxtpx:TrackPointExtension>
<gpxtpx:hr>106</gpxtpx:hr>
<gpxtpx:cad>108</gpxtpx:cad>
</gpxtpx:TrackPointExtension>
</extensions>
</trkpt>
<trkpt lat="36.7886874" lon="126.967318">
<ele>8.655</ele>
<time>2024-06-03T12:26:15Z</time>
<extensions>
<gpxtpx:TrackPointExtension>
<gpxtpx:hr>106</gpxtpx:hr>
<gpxtpx:cad>108</gpxtpx:cad>
</gpxtpx:TrackPointExtension>
</extensions>
</trkpt>
<trkpt lat="36.7886814" lon="126.9673349">
<ele>8.646</ele>
<time>2024-06-03T12:26:16Z</time>
<extensions>
<gpxtpx:TrackPointExtension>
<gpxtpx:hr>106</gpxtpx:hr>
</gpxtpx:TrackPointExtension>
</extensions>
</trkpt>
<trkpt lat="36.7886764" lon="126.9673504">
<ele>8.642</ele>
<time>2024-06-03T12:26:17Z</time>
<extensions>
<gpxtpx:TrackPointExtension>
<gpxtpx:hr>106</gpxtpx:hr>
</gpxtpx:TrackPointExtension>
</extensions>
</trkpt>
<trkpt lat="36.7886723" lon="126.9673642">
<ele>8.653</ele>
<time>2024-06-03T12:26:18Z</time>
<extensions>
<gpxtpx:TrackPointExtension>
<gpxtpx:hr>106</gpxtpx:hr>
</gpxtpx:TrackPointExtension>
</extensions>
</trkpt>
<trkpt lat="36.7886681" lon="126.967376">
<ele>8.579</ele>
<time>2024-06-03T12:26:19Z</time>
<extensions>
<gpxtpx:TrackPointExtension>
<gpxtpx:hr>106</gpxtpx:hr>
</gpxtpx:TrackPointExtension>
</extensions>
</trkpt>
<trkpt lat="36.7886622" lon="126.9673871">
<ele>8.513</ele>
<time>2024-06-03T12:26:20Z</time>
<extensions>
<gpxtpx:TrackPointExtension>
<gpxtpx:hr>106</gpxtpx:hr>
</gpxtpx:TrackPointExtension>
</extensions>
</trkpt>
<trkpt lat="36.7886554" lon="126.9673973">
<ele>8.505</ele>
<time>2024-06-03T12:26:21Z</time>
<extensions>
<gpxtpx:TrackPointExtension>
<gpxtpx:hr>106</gpxtpx:hr>
</gpxtpx:TrackPointExtension>
</extensions>
</trkpt>
<trkpt lat="36.7886492" lon="126.9674076">
<ele>8.442</ele>
<time>2024-06-03T12:26:22Z</time>
<extensions>
<gpxtpx:TrackPointExtension>
<gpxtpx:hr>106</gpxtpx:hr>
</gpxtpx:TrackPointExtension>
</extensions>
</trkpt>
<trkpt lat="36.7886423" lon="126.9674185">
<ele>8.477</ele>
<time>2024-06-03T12:26:23Z</time>
<extensions>
<gpxtpx:TrackPointExtension>
<gpxtpx:hr>106</gpxtpx:hr>
<gpxtpx:cad>108</gpxtpx:cad>
</gpxtpx:TrackPointExtension>
</extensions>
</trkpt>
<trkpt lat="36.7886347" lon="126.9674311">
<ele>8.435</ele>
<time>2024-06-03T12:26:24Z</time>
<extensions>
<gpxtpx:TrackPointExtension>
<gpxtpx:hr>106</gpxtpx:hr>
</gpxtpx:TrackPointExtension>
</extensions>
</trkpt>
<trkpt lat="36.7886265" lon="126.9674458">
<ele>8.398</ele>
<time>2024-06-03T12:26:25Z</time>
<extensions>
<gpxtpx:TrackPointExtension>
<gpxtpx:hr>106</gpxtpx:hr>
</gpxtpx:TrackPointExtension>
</extensions>
</trkpt>
<trkpt lat="36.7886166" lon="126.9674615">
<ele>8.314</ele>
<time>2024-06-03T12:26:26Z</time>
<extensions>
<gpxtpx:TrackPointExtension>
<gpxtpx:hr>106</gpxtpx:hr>
</gpxtpx:TrackPointExtension>
</extensions>
</trkpt>
<trkpt lat="36.7886064" lon="126.967478">
<ele>8.253</ele>
<time>2024-06-03T12:26:27Z</time>
<extensions>
<gpxtpx:TrackPointExtension>
<gpxtpx:hr>106</gpxtpx:hr>
</gpxtpx:TrackPointExtension>
</extensions>
</trkpt>
<trkpt lat="36.7885971" lon="126.9674953">
<ele>8.143</ele>
<time>2024-06-03T12:26:28Z</time>
<extensions>
<gpxtpx:TrackPointExtension>
<gpxtpx:hr>106</gpxtpx:hr>
</gpxtpx:TrackPointExtension>
</extensions>
</trkpt>
<trkpt lat="36.7885873" lon="126.9675126">
<ele>8.086</ele>
<time>2024-06-03T12:26:29Z</time>
<extensions>
<gpxtpx:TrackPointExtension>
<gpxtpx:hr>106</gpxtpx:hr>
</gpxtpx:TrackPointExtension>
</extensions>
</trkpt>
<trkpt lat="36.7885768" lon="126.9675299">
<ele>8.066</ele>
<time>2024-06-03T12:26:30Z</time>
<extensions>
<gpxtpx:TrackPointExtension>
<gpxtpx:hr>106</gpxtpx:hr>
</gpxtpx:TrackPointExtension>
</extensions>
</trkpt>
<trkpt lat="36.7885662" lon="126.9675442">
<ele>8.042</ele>
<time>2024-06-03T12:26:31Z</time>
<extensions>
<gpxtpx:TrackPointExtension>
<gpxtpx:hr>105</gpxtpx:hr>
</gpxtpx:TrackPointExtension>
</extensions>
</trkpt>
<trkpt lat="36.7885547" lon="126.9675564">
<ele>7.993</ele>
<time>2024-06-03T12:26:32Z</time>
<extensions>
<gpxtpx:TrackPointExtension>
<gpxtpx:hr>105</gpxtpx:hr>
</gpxtpx:TrackPointExtension>
</extensions>
</trkpt>
<trkpt lat="36.7885432" lon="126.9675667">
<ele>7.984</ele>
<time>2024-06-03T12:26:33Z</time>
<extensions>
<gpxtpx:TrackPointExtension>
<gpxtpx:hr>105</gpxtpx:hr>
<gpxtpx:cad>108</gpxtpx:cad>
</gpxtpx:TrackPointExtension>
</extensions>
</trkpt>
<trkpt lat="36.7885314" lon="126.9675745">
<ele>7.887</ele>
<time>2024-06-03T12:26:34Z</time>
<extensions>
<gpxtpx:TrackPointExtension>
<gpxtpx:hr>104</gpxtpx:hr>
</gpxtpx:TrackPointExtension>
</extensions>
</trkpt>
<trkpt lat="36.7885203" lon="126.9675807">
<ele>7.828</ele>
<time>2024-06-03T12:26:35Z</time>
<extensions>
<gpxtpx:TrackPointExtension>
<gpxtpx:hr>104</gpxtpx:hr>
</gpxtpx:TrackPointExtension>
</extensions>
</trkpt>
<trkpt lat="36.7885084" lon="126.9675851">
<ele>7.82</ele>
<time>2024-06-03T12:26:36Z</time>
<extensions>
<gpxtpx:TrackPointExtension>
<gpxtpx:hr>104</gpxtpx:hr>
</gpxtpx:TrackPointExtension>
</extensions>
</trkpt>
<trkpt lat="36.7884968" lon="126.9675875">
<ele>7.732</ele>
<time>2024-06-03T12:26:37Z</time>
<extensions>
<gpxtpx:TrackPointExtension>
<gpxtpx:hr>104</gpxtpx:hr>
</gpxtpx:TrackPointExtension>
</extensions>
</trkpt>
<trkpt lat="36.7884867" lon="126.9675899">
<ele>7.656</ele>
<time>2024-06-03T12:26:38Z</time>
<extensions>
<gpxtpx:TrackPointExtension>
<gpxtpx:hr>104</gpxtpx:hr>
</gpxtpx:TrackPointExtension>
</extensions>
</trkpt>
<trkpt lat="36.7884769" lon="126.9675921">
<ele>7.558</ele>
<time>2024-06-03T12:26:39Z</time>
<extensions>
<gpxtpx:TrackPointExtension>
<gpxtpx:hr>104</gpxtpx:hr>
</gpxtpx:TrackPointExtension>
</extensions>
</trkpt>
<trkpt lat="36.788469" lon="126.9675972">
<ele>7.519</ele>
<time>2024-06-03T12:26:40Z</time>
<extensions>
<gpxtpx:TrackPointExtension>
<gpxtpx:hr>104</gpxtpx:hr>
</gpxtpx:TrackPointExtension>
</extensions>
</trkpt>
<trkpt lat="36.7884612" lon="126.9676027">
<ele>7.455</ele>
<time>2024-06-03T12:26:41Z</time>
<extensions>
<gpxtpx:TrackPointExtension>
<gpxtpx:hr>104</gpxtpx:hr>
</gpxtpx:TrackPointExtension>
</extensions>
</trkpt>
<trkpt lat="36.788454" lon="126.9676099">
<ele>7.413</ele>
<time>2024-06-03T12:26:42Z</time>
<extensions>
<gpxtpx:TrackPointExtension>
<gpxtpx:hr>104</gpxtpx:hr>
</gpxtpx:TrackPointExtension>
</extensions>
</trkpt>
<trkpt lat="36.7884476" lon="126.9676177">
<ele>7.369</ele>
<time>2024-06-03T12:26:43Z</time>
<extensions>
<gpxtpx:TrackPointExtension>
<gpxtpx:hr>104</gpxtpx:hr>
<gpxtpx:cad>110</gpxtpx:cad>
</gpxtpx:TrackPointExtension>
</extensions>
</trkpt>
<trkpt lat="36.7884421" lon="126.9676275">
<ele>7.258</ele>
<time>2024-06-03T12:26:44Z</time>
<extensions>
<gpxtpx:TrackPointExtension>
<gpxtpx:hr>104</gpxtpx:hr>
</gpxtpx:TrackPointExtension>
</extensions>
</trkpt>
<trkpt lat="36.7884373" lon="126.9676382">
<ele>7.251</ele>
<time>2024-06-03T12:26:45Z</time>
<extensions>
<gpxtpx:TrackPointExtension>
<gpxtpx:hr>104</gpxtpx:hr>
</gpxtpx:TrackPointExtension>
</extensions>
</trkpt>
<trkpt lat="36.788431" lon="126.9676501">
<ele>7.124</ele>
<time>2024-06-03T12:26:46Z</time>
<extensions>
<gpxtpx:TrackPointExtension>
<gpxtpx:hr>104</gpxtpx:hr>
</gpxtpx:TrackPointExtension>
</extensions>
</trkpt>
<trkpt lat="36.7884238" lon="126.9676629">
<ele>7.249</ele>
<time>2024-06-03T12:26:47Z</time>
<extensions>
<gpxtpx:TrackPointExtension>
<gpxtpx:hr>104</gpxtpx:hr>
</gpxtpx:TrackPointExtension>
</extensions>
</trkpt>
<trkpt lat="36.7884162" lon="126.9676762">
<ele>7.333</ele>
<time>2024-06-03T12:26:48Z</time>
<extensions>
<gpxtpx:TrackPointExtension>
<gpxtpx:hr>104</gpxtpx:hr>
</gpxtpx:TrackPointExtension>
</extensions>
</trkpt>
<trkpt lat="36.7884107" lon="126.967693">
<ele>7.391</ele>
<time>2024-06-03T12:26:49Z</time>
<extensions>
<gpxtpx:TrackPointExtension>
<gpxtpx:hr>104</gpxtpx:hr>
</gpxtpx:TrackPointExtension>
</extensions>
</trkpt>
<trkpt lat="36.7884048" lon="126.9677071">
<ele>7.358</ele>
<time>2024-06-03T12:26:50Z</time>
<extensions>
<gpxtpx:TrackPointExtension>
<gpxtpx:hr>104</gpxtpx:hr>
</gpxtpx:TrackPointExtension>
</extensions>
</trkpt>
<trkpt lat="36.7883997" lon="126.96772">
<ele>7.379</ele>
<time>2024-06-03T12:26:51Z</time>
<extensions>
<gpxtpx:TrackPointExtension>
<gpxtpx:hr>103</gpxtpx:hr>
</gpxtpx:TrackPointExtension>
</extensions>
</trkpt>
<trkpt lat="36.7883971" lon="126.967735">
<ele>7.279</ele>
<time>2024-06-03T12:26:52Z</time>
<extensions>
<gpxtpx:TrackPointExtension>
<gpxtpx:hr>103</gpxtpx:hr>
</gpxtpx:TrackPointExtension>
</extensions>
</trkpt>
<trkpt lat="36.7883959" lon="126.96775">
<ele>7.187</ele>
<time>2024-06-03T12:26:53Z</time>
<extensions>
<gpxtpx:TrackPointExtension>
<gpxtpx:hr>103</gpxtpx:hr>
<gpxtpx:cad>112</gpxtpx:cad>
</gpxtpx:TrackPointExtension>
</extensions>
</trkpt>
<trkpt lat="36.7883959" lon="126.9677649">
<ele>7.101</ele>
<time>2024-06-03T12:26:54Z</time>
<extensions>
<gpxtpx:TrackPointExtension>
<gpxtpx:hr>103</gpxtpx:hr>
</gpxtpx:TrackPointExtension>
</extensions>
</trkpt>
<trkpt lat="36.7883976" lon="126.9677808">
<ele>7.001</ele>
<time>2024-06-03T12:26:55Z</time>
<extensions>
<gpxtpx:TrackPointExtension>
<gpxtpx:hr>102</gpxtpx:hr>
</gpxtpx:TrackPointExtension>
</extensions>
</trkpt>
<trkpt lat="36.7883997" lon="126.967797">
<ele>6.972</ele>
<time>2024-06-03T12:26:56Z</time>
<extensions>
<gpxtpx:TrackPointExtension>
<gpxtpx:hr>102</gpxtpx:hr>
</gpxtpx:TrackPointExtension>
</extensions>
</trkpt>
<trkpt lat="36.7884007" lon="126.9678124">
<ele>6.891</ele>
<time>2024-06-03T12:26:58Z</time>
<extensions>
<gpxtpx:TrackPointExtension>
<gpxtpx:hr>101</gpxtpx:hr>
</gpxtpx:TrackPointExtension>
</extensions>
</trkpt>
<trkpt lat="36.7884007" lon="126.9678267">
<ele>6.797</ele>
<time>2024-06-03T12:26:59Z</time>
<extensions>
<gpxtpx:TrackPointExtension>
<gpxtpx:hr>101</gpxtpx:hr>
</gpxtpx:TrackPointExtension>
</extensions>
</trkpt>
<trkpt lat="36.7884013" lon="126.9678519">
<ele>6.744</ele>
<time>2024-06-03T12:27:00Z</time>
<extensions>
<gpxtpx:TrackPointExtension>
<gpxtpx:hr>102</gpxtpx:hr>
</gpxtpx:TrackPointExtension>
</extensions>
</trkpt>
<trkpt lat="36.7884016" lon="126.9678624">
<ele>6.631</ele>
<time>2024-06-03T12:27:01Z</time>
<extensions>
<gpxtpx:TrackPointExtension>
<gpxtpx:hr>102</gpxtpx:hr>
</gpxtpx:TrackPointExtension>
</extensions>
</trkpt>
<trkpt lat="36.7884011" lon="126.9678749">
<ele>6.565</ele>
<time>2024-06-03T12:27:02Z</time>
<extensions>
<gpxtpx:TrackPointExtension>
<gpxtpx:hr>102</gpxtpx:hr>
</gpxtpx:TrackPointExtension>
</extensions>
</trkpt>
<trkpt lat="36.7884005" lon="126.9678886">
<ele>6.469</ele>
<time>2024-06-03T12:27:03Z</time>
<extensions>
<gpxtpx:TrackPointExtension>
<gpxtpx:hr>102</gpxtpx:hr>
</gpxtpx:TrackPointExtension>
</extensions>
</trkpt>
<trkpt lat="36.7884002" lon="126.9679047">
<ele>6.485</ele>
<time>2024-06-03T12:27:04Z</time>
<extensions>
<gpxtpx:TrackPointExtension>
<gpxtpx:hr>102</gpxtpx:hr>
<gpxtpx:cad>111</gpxtpx:cad>
</gpxtpx:TrackPointExtension>
</extensions>
</trkpt>
<trkpt lat="36.7884015" lon="126.9679235">
<ele>6.413</ele>
<time>2024-06-03T12:27:05Z</time>
<extensions>
<gpxtpx:TrackPointExtension>
<gpxtpx:hr>102</gpxtpx:hr>
</gpxtpx:TrackPointExtension>
</extensions>
</trkpt>
<trkpt lat="36.7884044" lon="126.967943">
<ele>6.361</ele>
<time>2024-06-03T12:27:06Z</time>
<extensions>
<gpxtpx:TrackPointExtension>
<gpxtpx:hr>102</gpxtpx:hr>
</gpxtpx:TrackPointExtension>
</extensions>
</trkpt>
<trkpt lat="36.7884077" lon="126.9679621">
<ele>6.355</ele>
<time>2024-06-03T12:27:07Z</time>
<extensions>
<gpxtpx:TrackPointExtension>
<gpxtpx:hr>102</gpxtpx:hr>
</gpxtpx:TrackPointExtension>
</extensions>
</trkpt>
<trkpt lat="36.7884121" lon="126.9679837">
<ele>6.209</ele>
<time>2024-06-03T12:27:08Z</time>
<extensions>
<gpxtpx:TrackPointExtension>
<gpxtpx:hr>101</gpxtpx:hr>
</gpxtpx:TrackPointExtension>
</extensions>
</trkpt>
<trkpt lat="36.7884176" lon="126.9680054">
<ele>6.129</ele>
<time>2024-06-03T12:27:09Z</time>
<extensions>
<gpxtpx:TrackPointExtension>
<gpxtpx:hr>101</gpxtpx:hr>
</gpxtpx:TrackPointExtension>
</extensions>
</trkpt>
<trkpt lat="36.788423" lon="126.9680261">
<ele>5.965</ele>
<time>2024-06-03T12:27:10Z</time>
<extensions>
<gpxtpx:TrackPointExtension>
<gpxtpx:hr>101</gpxtpx:hr>
</gpxtpx:TrackPointExtension>
</extensions>
</trkpt>
<trkpt lat="36.7884267" lon="126.9680453">
<ele>5.808</ele>
<time>2024-06-03T12:27:11Z</time>
<extensions>
<gpxtpx:TrackPointExtension>
<gpxtpx:hr>101</gpxtpx:hr>
</gpxtpx:TrackPointExtension>
</extensions>
</trkpt>
<trkpt lat="36.7884301" lon="126.9680653">
<ele>5.657</ele>
<time>2024-06-03T12:27:12Z</time>
<extensions>
<gpxtpx:TrackPointExtension>
<gpxtpx:hr>100</gpxtpx:hr>
</gpxtpx:TrackPointExtension>
</extensions>
</trkpt>
<trkpt lat="36.7884332" lon="126.9680854">
<ele>5.502</ele>
<time>2024-06-03T12:27:13Z</time>
<extensions>
<gpxtpx:TrackPointExtension>
<gpxtpx:hr>100</gpxtpx:hr>
</gpxtpx:TrackPointExtension>
</extensions>
</trkpt>
<trkpt lat="36.7884363" lon="126.9681054">
<ele>5.441</ele>
<time>2024-06-03T12:27:14Z</time>
<extensions>
<gpxtpx:TrackPointExtension>
<gpxtpx:hr>100</gpxtpx:hr>
<gpxtpx:cad>108</gpxtpx:cad>
</gpxtpx:TrackPointExtension>
</extensions>
</trkpt>
<trkpt lat="36.7884389" lon="126.968125">
<ele>5.398</ele>
<time>2024-06-03T12:27:15Z</time>
<extensions>
<gpxtpx:TrackPointExtension>
<gpxtpx:hr>100</gpxtpx:hr>
</gpxtpx:TrackPointExtension>
</extensions>
</trkpt>
<trkpt lat="36.7884416" lon="126.968145">
<ele>5.314</ele>
<time>2024-06-03T12:27:16Z</time>
<extensions>
<gpxtpx:TrackPointExtension>
<gpxtpx:hr>99</gpxtpx:hr>
</gpxtpx:TrackPointExtension>
</extensions>
</trkpt>
<trkpt lat="36.7884441" lon="126.9681661">
<ele>5.223</ele>
<time>2024-06-03T12:27:17Z</time>
<extensions>
<gpxtpx:TrackPointExtension>
<gpxtpx:hr>99</gpxtpx:hr>
</gpxtpx:TrackPointExtension>
</extensions>
</trkpt>
<trkpt lat="36.7884473" lon="126.968185">
<ele>5.161</ele>
<time>2024-06-03T12:27:18Z</time>
<extensions>
<gpxtpx:TrackPointExtension>
<gpxtpx:hr>99</gpxtpx:hr>
</gpxtpx:TrackPointExtension>
</extensions>
</trkpt>
<trkpt lat="36.7884512" lon="126.968205">
<ele>5.025</ele>
<time>2024-06-03T12:27:19Z</time>
<extensions>
<gpxtpx:TrackPointExtension>
<gpxtpx:hr>99</gpxtpx:hr>
</gpxtpx:TrackPointExtension>
</extensions>
</trkpt>
<trkpt lat="36.7884548" lon="126.9682257">
<ele>4.95</ele>
<time>2024-06-03T12:27:20Z</time>
<extensions>
<gpxtpx:TrackPointExtension>
<gpxtpx:hr>100</gpxtpx:hr>
</gpxtpx:TrackPointExtension>
</extensions>
</trkpt>
<trkpt lat="36.7884582" lon="126.9682471">
<ele>4.865</ele>
<time>2024-06-03T12:27:21Z</time>
<extensions>
<gpxtpx:TrackPointExtension>
<gpxtpx:hr>100</gpxtpx:hr>
</gpxtpx:TrackPointExtension>
</extensions>
</trkpt>
<trkpt lat="36.7884606" lon="126.9682711">
<ele>4.807</ele>
<time>2024-06-03T12:27:22Z</time>
<extensions>
<gpxtpx:TrackPointExtension>
<gpxtpx:hr>100</gpxtpx:hr>
<gpxtpx:cad>107</gpxtpx:cad>
</gpxtpx:TrackPointExtension>
</extensions>
</trkpt>
<trkpt lat="36.7884622" lon="126.9682957">
<ele>4.735</ele>
<time>2024-06-03T12:27:23Z</time>
<extensions>
<gpxtpx:TrackPointExtension>
<gpxtpx:hr>100</gpxtpx:hr>
</gpxtpx:TrackPointExtension>
</extensions>
</trkpt>
<trkpt lat="36.7884637" lon="126.9683219">
<ele>4.66</ele>
<time>2024-06-03T12:27:24Z</time>
<extensions>
<gpxtpx:TrackPointExtension>
<gpxtpx:hr>100</gpxtpx:hr>
<gpxtpx:cad>109</gpxtpx:cad>
</gpxtpx:TrackPointExtension>
</extensions>
</trkpt>
<trkpt lat="36.7884639" lon="126.9683476">
<ele>4.827</ele>
<time>2024-06-03T12:27:25Z</time>
<extensions>
<gpxtpx:TrackPointExtension>
<gpxtpx:hr>100</gpxtpx:hr>
</gpxtpx:TrackPointExtension>
</extensions>
</trkpt>
<trkpt lat="36.7884632" lon="126.9683716">
<ele>4.948</ele>
<time>2024-06-03T12:27:26Z</time>
<extensions>
<gpxtpx:TrackPointExtension>
<gpxtpx:hr>100</gpxtpx:hr>
</gpxtpx:TrackPointExtension>
</extensions>
</trkpt>
<trkpt lat="36.7884621" lon="126.968395">
<ele>4.983</ele>
<time>2024-06-03T12:27:27Z</time>
<extensions>
<gpxtpx:TrackPointExtension>
<gpxtpx:hr>100</gpxtpx:hr>
</gpxtpx:TrackPointExtension>
</extensions>
</trkpt>
<trkpt lat="36.7884607" lon="126.9684168">
<ele>4.98</ele>
<time>2024-06-03T12:27:28Z</time>
<extensions>
<gpxtpx:TrackPointExtension>
<gpxtpx:hr>100</gpxtpx:hr>
</gpxtpx:TrackPointExtension>
</extensions>
</trkpt>
<trkpt lat="36.7884588" lon="126.9684363">
<ele>4.929</ele>
<time>2024-06-03T12:27:29Z</time>
<extensions>
<gpxtpx:TrackPointExtension>
<gpxtpx:hr>100</gpxtpx:hr>
</gpxtpx:TrackPointExtension>
</extensions>
</trkpt>
<trkpt lat="36.7884553" lon="126.9684531">
<ele>4.849</ele>
<time>2024-06-03T12:27:30Z</time>
<extensions>
<gpxtpx:TrackPointExtension>
<gpxtpx:hr>101</gpxtpx:hr>
</gpxtpx:TrackPointExtension>
</extensions>
</trkpt>
<trkpt lat="36.7884496" lon="126.9684696">
<ele>4.814</ele>
<time>2024-06-03T12:27:31Z</time>
<extensions>
<gpxtpx:TrackPointExtension>
<gpxtpx:hr>101</gpxtpx:hr>
</gpxtpx:TrackPointExtension>
</extensions>
</trkpt>
<trkpt lat="36.788444" lon="126.9684855">
<ele>4.768</ele>
<time>2024-06-03T12:27:32Z</time>
<extensions>
<gpxtpx:TrackPointExtension>
<gpxtpx:hr>101</gpxtpx:hr>
</gpxtpx:TrackPointExtension>
</extensions>
</trkpt>
<trkpt lat="36.7884361" lon="126.9685013">
<ele>4.733</ele>
<time>2024-06-03T12:27:33Z</time>
<extensions>
<gpxtpx:TrackPointExtension>
<gpxtpx:hr>101</gpxtpx:hr>
</gpxtpx:TrackPointExtension>
</extensions>
</trkpt>
<trkpt lat="36.7884267" lon="126.9685167">
<ele>4.696</ele>
<time>2024-06-03T12:27:34Z</time>
<extensions>
<gpxtpx:TrackPointExtension>
<gpxtpx:hr>101</gpxtpx:hr>
<gpxtpx:cad>109</gpxtpx:cad>
</gpxtpx:TrackPointExtension>
</extensions>
</trkpt>
<trkpt lat="36.7884154" lon="126.9685328">
<ele>4.62</ele>
<time>2024-06-03T12:27:35Z</time>
<extensions>
<gpxtpx:TrackPointExtension>
<gpxtpx:hr>101</gpxtpx:hr>
</gpxtpx:TrackPointExtension>
</extensions>
</trkpt>
<trkpt lat="36.7884033" lon="126.9685497">
<ele>4.53</ele>
<time>2024-06-03T12:27:36Z</time>
<extensions>
<gpxtpx:TrackPointExtension>
<gpxtpx:hr>101</gpxtpx:hr>
</gpxtpx:TrackPointExtension>
</extensions>
</trkpt>
<trkpt lat="36.7883921" lon="126.9685667">
<ele>4.471</ele>
<time>2024-06-03T12:27:37Z</time>
<extensions>
<gpxtpx:TrackPointExtension>
<gpxtpx:hr>101</gpxtpx:hr>
</gpxtpx:TrackPointExtension>
</extensions>
</trkpt>
<trkpt lat="36.7883813" lon="126.9685835">
<ele>4.404</ele>
<time>2024-06-03T12:27:38Z</time>
<extensions>
<gpxtpx:TrackPointExtension>
<gpxtpx:hr>101</gpxtpx:hr>
</gpxtpx:TrackPointExtension>
</extensions>
</trkpt>
<trkpt lat="36.7883716" lon="126.9685995">
<ele>4.23</ele>
<time>2024-06-03T12:27:39Z</time>
<extensions>
<gpxtpx:TrackPointExtension>
<gpxtpx:hr>101</gpxtpx:hr>
</gpxtpx:TrackPointExtension>
</extensions>
</trkpt>
<trkpt lat="36.7883635" lon="126.9686123">
<ele>4.077</ele>
<time>2024-06-03T12:27:40Z</time>
<extensions>
<gpxtpx:TrackPointExtension>
<gpxtpx:hr>100</gpxtpx:hr>
</gpxtpx:TrackPointExtension>
</extensions>
</trkpt>
<trkpt lat="36.7883565" lon="126.9686234">
<ele>4.006</ele>
<time>2024-06-03T12:27:41Z</time>
<extensions>
<gpxtpx:TrackPointExtension>
<gpxtpx:hr>100</gpxtpx:hr>
</gpxtpx:TrackPointExtension>
</extensions>
</trkpt>
<trkpt lat="36.7883507" lon="126.9686337">
<ele>3.886</ele>
<time>2024-06-03T12:27:42Z</time>
<extensions>
<gpxtpx:TrackPointExtension>
<gpxtpx:hr>100</gpxtpx:hr>
</gpxtpx:TrackPointExtension>
</extensions>
</trkpt>
<trkpt lat="36.7883447" lon="126.9686429">
<ele>3.877</ele>
<time>2024-06-03T12:27:43Z</time>
<extensions>
<gpxtpx:TrackPointExtension>
<gpxtpx:hr>101</gpxtpx:hr>
</gpxtpx:TrackPointExtension>
</extensions>
</trkpt>
<trkpt lat="36.788339" lon="126.9686533">
<ele>3.801</ele>
<time>2024-06-03T12:27:44Z</time>
<extensions>
<gpxtpx:TrackPointExtension>
<gpxtpx:hr>101</gpxtpx:hr>
<gpxtpx:cad>107</gpxtpx:cad>
</gpxtpx:TrackPointExtension>
</extensions>
</trkpt>
<trkpt lat="36.7883323" lon="126.9686638">
<ele>3.738</ele>
<time>2024-06-03T12:27:45Z</time>
<extensions>
<gpxtpx:TrackPointExtension>
<gpxtpx:hr>101</gpxtpx:hr>
</gpxtpx:TrackPointExtension>
</extensions>
</trkpt>
<trkpt lat="36.7883247" lon="126.9686748">
<ele>3.653</ele>
<time>2024-06-03T12:27:46Z</time>
<extensions>
<gpxtpx:TrackPointExtension>
<gpxtpx:hr>101</gpxtpx:hr>
</gpxtpx:TrackPointExtension>
</extensions>
</trkpt>
<trkpt lat="36.7883156" lon="126.9686837">
<ele>3.586</ele>
<time>2024-06-03T12:27:47Z</time>
<extensions>
<gpxtpx:TrackPointExtension>
<gpxtpx:hr>101</gpxtpx:hr>
</gpxtpx:TrackPointExtension>
</extensions>
</trkpt>
<trkpt lat="36.7883067" lon="126.9686931">
<ele>3.433</ele>
<time>2024-06-03T12:27:48Z</time>
<extensions>
<gpxtpx:TrackPointExtension>
<gpxtpx:hr>101</gpxtpx:hr>
</gpxtpx:TrackPointExtension>
</extensions>
</trkpt>
<trkpt lat="36.7882975" lon="126.9687025">
<ele>3.228</ele>
<time>2024-06-03T12:27:49Z</time>
<extensions>
<gpxtpx:TrackPointExtension>
<gpxtpx:hr>101</gpxtpx:hr>
</gpxtpx:TrackPointExtension>
</extensions>
</trkpt>
<trkpt lat="36.788288" lon="126.9687087">
<ele>3.14</ele>
<time>2024-06-03T12:27:50Z</time>
<extensions>
<gpxtpx:TrackPointExtension>
<gpxtpx:hr>102</gpxtpx:hr>
</gpxtpx:TrackPointExtension>
</extensions>
</trkpt>
<trkpt lat="36.7882778" lon="126.9687122">
<ele>3.154</ele>
<time>2024-06-03T12:27:51Z</time>
<extensions>
<gpxtpx:TrackPointExtension>
<gpxtpx:hr>102</gpxtpx:hr>
</gpxtpx:TrackPointExtension>
</extensions>
</trkpt>
<trkpt lat="36.7882669" lon="126.9687131">
<ele>3.102</ele>
<time>2024-06-03T12:27:52Z</time>
<extensions>
<gpxtpx:TrackPointExtension>
<gpxtpx:hr>102</gpxtpx:hr>
</gpxtpx:TrackPointExtension>
</extensions>
</trkpt>
<trkpt lat="36.7882545" lon="126.9687126">
<ele>3.038</ele>
<time>2024-06-03T12:27:53Z</time>
<extensions>
<gpxtpx:TrackPointExtension>
<gpxtpx:hr>102</gpxtpx:hr>
</gpxtpx:TrackPointExtension>
</extensions>
</trkpt>
<trkpt lat="36.7882409" lon="126.968713">
<ele>3.072</ele>
<time>2024-06-03T12:27:54Z</time>
<extensions>
<gpxtpx:TrackPointExtension>
<gpxtpx:hr>103</gpxtpx:hr>
<gpxtpx:cad>104</gpxtpx:cad>
</gpxtpx:TrackPointExtension>
</extensions>
</trkpt>
<trkpt lat="36.7882259" lon="126.9687138">
<ele>3.041</ele>
<time>2024-06-03T12:27:55Z</time>
<extensions>
<gpxtpx:TrackPointExtension>
<gpxtpx:hr>103</gpxtpx:hr>
</gpxtpx:TrackPointExtension>
</extensions>
</trkpt>
<trkpt lat="36.788214" lon="126.9687146">
<ele>2.971</ele>
<time>2024-06-03T12:27:56Z</time>
<extensions>
<gpxtpx:TrackPointExtension>
<gpxtpx:hr>103</gpxtpx:hr>
</gpxtpx:TrackPointExtension>
</extensions>
</trkpt>
<trkpt lat="36.7882019" lon="126.9687184">
<ele>2.846</ele>
<time>2024-06-03T12:27:57Z</time>
<extensions>
<gpxtpx:TrackPointExtension>
<gpxtpx:hr>104</gpxtpx:hr>
</gpxtpx:TrackPointExtension>
</extensions>
</trkpt>
<trkpt lat="36.7881911" lon="126.9687244">
<ele>2.727</ele>
<time>2024-06-03T12:27:58Z</time>
<extensions>
<gpxtpx:TrackPointExtension>
<gpxtpx:hr>104</gpxtpx:hr>
</gpxtpx:TrackPointExtension>
</extensions>
</trkpt>
<trkpt lat="36.7881814" lon="126.9687327">
<ele>2.674</ele>
<time>2024-06-03T12:27:59Z</time>
<extensions>
<gpxtpx:TrackPointExtension>
<gpxtpx:hr>104</gpxtpx:hr>
</gpxtpx:TrackPointExtension>
</extensions>
</trkpt>
<trkpt lat="36.7881709" lon="126.9687451">
<ele>2.691</ele>
<time>2024-06-03T12:28:00Z</time>
<extensions>
<gpxtpx:TrackPointExtension>
<gpxtpx:hr>105</gpxtpx:hr>
</gpxtpx:TrackPointExtension>
</extensions>
</trkpt>
<trkpt lat="36.7881592" lon="126.9687586">
<ele>2.719</ele>
<time>2024-06-03T12:28:01Z</time>
<extensions>
<gpxtpx:TrackPointExtension>
<gpxtpx:hr>105</gpxtpx:hr>
</gpxtpx:TrackPointExtension>
</extensions>
</trkpt>
<trkpt lat="36.788148" lon="126.9687709">
<ele>2.606</ele>
<time>2024-06-03T12:28:02Z</time>
<extensions>
<gpxtpx:TrackPointExtension>
<gpxtpx:hr>104</gpxtpx:hr>
</gpxtpx:TrackPointExtension>
</extensions>
</trkpt>
<trkpt lat="36.7881371" lon="126.9687831">
<ele>2.593</ele>
<time>2024-06-03T12:28:03Z</time>
<extensions>
<gpxtpx:TrackPointExtension>
<gpxtpx:hr>104</gpxtpx:hr>
</gpxtpx:TrackPointExtension>
</extensions>
</trkpt>
<trkpt lat="36.7881248" lon="126.9687951">
<ele>2.534</ele>
<time>2024-06-03T12:28:04Z</time>
<extensions>
<gpxtpx:TrackPointExtension>
<gpxtpx:hr>104</gpxtpx:hr>
<gpxtpx:cad>110</gpxtpx:cad>
</gpxtpx:TrackPointExtension>
</extensions>
</trkpt>
<trkpt lat="36.7881109" lon="126.9688064">
<ele>2.484</ele>
<time>2024-06-03T12:28:05Z</time>
<extensions>
<gpxtpx:TrackPointExtension>
<gpxtpx:hr>104</gpxtpx:hr>
</gpxtpx:TrackPointExtension>
</extensions>
</trkpt>
<trkpt lat="36.7880962" lon="126.9688186">
<ele>2.43</ele>
<time>2024-06-03T12:28:06Z</time>
<extensions>
<gpxtpx:TrackPointExtension>
<gpxtpx:hr>104</gpxtpx:hr>
</gpxtpx:TrackPointExtension>
</extensions>
</trkpt>
<trkpt lat="36.7880835" lon="126.9688314">
<ele>2.449</ele>
<time>2024-06-03T12:28:07Z</time>
<extensions>
<gpxtpx:TrackPointExtension>
<gpxtpx:hr>104</gpxtpx:hr>
</gpxtpx:TrackPointExtension>
</extensions>
</trkpt>
<trkpt lat="36.7880715" lon="126.9688464">
<ele>2.402</ele>
<time>2024-06-03T12:28:08Z</time>
<extensions>
<gpxtpx:TrackPointExtension>
<gpxtpx:hr>104</gpxtpx:hr>
</gpxtpx:TrackPointExtension>
</extensions>
</trkpt>
<trkpt lat="36.7880612" lon="126.9688646">
<ele>2.309</ele>
<time>2024-06-03T12:28:09Z</time>
<extensions>
<gpxtpx:TrackPointExtension>
<gpxtpx:hr>104</gpxtpx:hr>
</gpxtpx:TrackPointExtension>
</extensions>
</trkpt>
<trkpt lat="36.7880534" lon="126.9688866">
<ele>2.24</ele>
<time>2024-06-03T12:28:10Z</time>
<extensions>
<gpxtpx:TrackPointExtension>
<gpxtpx:hr>104</gpxtpx:hr>
</gpxtpx:TrackPointExtension>
</extensions>
</trkpt>
<trkpt lat="36.788046" lon="126.9689089">
<ele>2.198</ele>
<time>2024-06-03T12:28:11Z</time>
<extensions>
<gpxtpx:TrackPointExtension>
<gpxtpx:hr>104</gpxtpx:hr>
</gpxtpx:TrackPointExtension>
</extensions>
</trkpt>
<trkpt lat="36.7880399" lon="126.9689344">
<ele>2.14</ele>
<time>2024-06-03T12:28:12Z</time>
<extensions>
<gpxtpx:TrackPointExtension>
<gpxtpx:hr>104</gpxtpx:hr>
</gpxtpx:TrackPointExtension>
</extensions>
</trkpt>
<trkpt lat="36.7880355" lon="126.9689621">
<ele>2.05</ele>
<time>2024-06-03T12:28:13Z</time>
<extensions>
<gpxtpx:TrackPointExtension>
<gpxtpx:hr>104</gpxtpx:hr>
</gpxtpx:TrackPointExtension>
</extensions>
</trkpt>
<trkpt lat="36.7880331" lon="126.9689912">
<ele>1.964</ele>
<time>2024-06-03T12:28:14Z</time>
<extensions>
<gpxtpx:TrackPointExtension>
<gpxtpx:hr>104</gpxtpx:hr>
<gpxtpx:cad>108</gpxtpx:cad>
</gpxtpx:TrackPointExtension>
</extensions>
</trkpt>
<trkpt lat="36.7880317" lon="126.9690198">
<ele>1.935</ele>
<time>2024-06-03T12:28:15Z</time>
<extensions>
<gpxtpx:TrackPointExtension>
<gpxtpx:hr>103</gpxtpx:hr>
</gpxtpx:TrackPointExtension>
</extensions>
</trkpt>
<trkpt lat="36.788032" lon="126.9690496">
<ele>1.974</ele>
<time>2024-06-03T12:28:16Z</time>
<extensions>
<gpxtpx:TrackPointExtension>
<gpxtpx:hr>103</gpxtpx:hr>
</gpxtpx:TrackPointExtension>
</extensions>
</trkpt>
<trkpt lat="36.7880341" lon="126.9690794">
<ele>1.902</ele>
<time>2024-06-03T12:28:17Z</time>
<extensions>
<gpxtpx:TrackPointExtension>
<gpxtpx:hr>103</gpxtpx:hr>
</gpxtpx:TrackPointExtension>
</extensions>
</trkpt>
<trkpt lat="36.7880385" lon="126.9691062">
<ele>1.922</ele>
<time>2024-06-03T12:28:18Z</time>
<extensions>
<gpxtpx:TrackPointExtension>
<gpxtpx:hr>103</gpxtpx:hr>
</gpxtpx:TrackPointExtension>
</extensions>
</trkpt>
<trkpt lat="36.7880456" lon="126.9691309">
<ele>1.871</ele>
<time>2024-06-03T12:28:19Z</time>
<extensions>
<gpxtpx:TrackPointExtension>
<gpxtpx:hr>103</gpxtpx:hr>
<gpxtpx:cad>107</gpxtpx:cad>
</gpxtpx:TrackPointExtension>
</extensions>
</trkpt>
<trkpt lat="36.788056" lon="126.9691536">
<ele>1.823</ele>
<time>2024-06-03T12:28:20Z</time>
<extensions>
<gpxtpx:TrackPointExtension>
<gpxtpx:hr>103</gpxtpx:hr>
</gpxtpx:TrackPointExtension>
</extensions>
</trkpt>
<trkpt lat="36.7880697" lon="126.9691744">
<ele>1.733</ele>
<time>2024-06-03T12:28:21Z</time>
<extensions>
<gpxtpx:TrackPointExtension>
<gpxtpx:hr>103</gpxtpx:hr>
</gpxtpx:TrackPointExtension>
</extensions>
</trkpt>
<trkpt lat="36.7880848" lon="126.9691956">
<ele>1.775</ele>
<time>2024-06-03T12:28:22Z</time>
<extensions>
<gpxtpx:TrackPointExtension>
<gpxtpx:hr>103</gpxtpx:hr>
</gpxtpx:TrackPointExtension>
</extensions>
</trkpt>
<trkpt lat="36.7881008" lon="126.9692179">
<ele>1.752</ele>
<time>2024-06-03T12:28:23Z</time>
<extensions>
<gpxtpx:TrackPointExtension>
<gpxtpx:hr>103</gpxtpx:hr>
<gpxtpx:cad>107</gpxtpx:cad>
</gpxtpx:TrackPointExtension>
</extensions>
</trkpt>
<trkpt lat="36.7881158" lon="126.9692404">
<ele>1.767</ele>
<time>2024-06-03T12:28:24Z</time>
<extensions>
<gpxtpx:TrackPointExtension>
<gpxtpx:hr>103</gpxtpx:hr>
</gpxtpx:TrackPointExtension>
</extensions>
</trkpt>
<trkpt lat="36.7881305" lon="126.9692634">
<ele>1.777</ele>
<time>2024-06-03T12:28:25Z</time>
<extensions>
<gpxtpx:TrackPointExtension>
<gpxtpx:hr>103</gpxtpx:hr>
</gpxtpx:TrackPointExtension>
</extensions>
</trkpt>
<trkpt lat="36.7881436" lon="126.9692873">
<ele>1.825</ele>
<time>2024-06-03T12:28:26Z</time>
<extensions>
<gpxtpx:TrackPointExtension>
<gpxtpx:hr>103</gpxtpx:hr>
</gpxtpx:TrackPointExtension>
</extensions>
</trkpt>
<trkpt lat="36.788154" lon="126.9693115">
<ele>1.809</ele>
<time>2024-06-03T12:28:27Z</time>
<extensions>
<gpxtpx:TrackPointExtension>
<gpxtpx:hr>102</gpxtpx:hr>
</gpxtpx:TrackPointExtension>
</extensions>
</trkpt>
<trkpt lat="36.7881621" lon="126.9693344">
<ele>1.81</ele>
<time>2024-06-03T12:28:28Z</time>
<extensions>
<gpxtpx:TrackPointExtension>
<gpxtpx:hr>102</gpxtpx:hr>
</gpxtpx:TrackPointExtension>
</extensions>
</trkpt>
<trkpt lat="36.7881689" lon="126.9693563">
<ele>1.757</ele>
<time>2024-06-03T12:28:29Z</time>
<extensions>
<gpxtpx:TrackPointExtension>
<gpxtpx:hr>102</gpxtpx:hr>
</gpxtpx:TrackPointExtension>
</extensions>
</trkpt>
<trkpt lat="36.7881736" lon="126.9693776">
<ele>1.727</ele>
<time>2024-06-03T12:28:30Z</time>
<extensions>
<gpxtpx:TrackPointExtension>
<gpxtpx:hr>102</gpxtpx:hr>
</gpxtpx:TrackPointExtension>
</extensions>
</trkpt>
<trkpt lat="36.788177" lon="126.9693988">
<ele>1.703</ele>
<time>2024-06-03T12:28:31Z</time>
<extensions>
<gpxtpx:TrackPointExtension>
<gpxtpx:hr>102</gpxtpx:hr>
</gpxtpx:TrackPointExtension>
</extensions>
</trkpt>
<trkpt lat="36.7881791" lon="126.96942">
<ele>1.668</ele>
<time>2024-06-03T12:28:32Z</time>
<extensions>
<gpxtpx:TrackPointExtension>
<gpxtpx:hr>102</gpxtpx:hr>
</gpxtpx:TrackPointExtension>
</extensions>
</trkpt>
<trkpt lat="36.7881806" lon="126.9694425">
<ele>1.654</ele>
<time>2024-06-03T12:28:33Z</time>
<extensions>
<gpxtpx:TrackPointExtension>
<gpxtpx:hr>102</gpxtpx:hr>
<gpxtpx:cad>105</gpxtpx:cad>
</gpxtpx:TrackPointExtension>
</extensions>
</trkpt>
<trkpt lat="36.7881819" lon="126.9694648">
<ele>1.595</ele>
<time>2024-06-03T12:28:34Z</time>
<extensions>
<gpxtpx:TrackPointExtension>
<gpxtpx:hr>102</gpxtpx:hr>
</gpxtpx:TrackPointExtension>
</extensions>
</trkpt>
<trkpt lat="36.7881842" lon="126.9694866">
<ele>1.508</ele>
<time>2024-06-03T12:28:35Z</time>
<extensions>
<gpxtpx:TrackPointExtension>
<gpxtpx:hr>102</gpxtpx:hr>
</gpxtpx:TrackPointExtension>
</extensions>
</trkpt>
<trkpt lat="36.7881866" lon="126.9695082">
<ele>1.463</ele>
<time>2024-06-03T12:28:36Z</time>
<extensions>
<gpxtpx:TrackPointExtension>
<gpxtpx:hr>102</gpxtpx:hr>
</gpxtpx:TrackPointExtension>
</extensions>
</trkpt>
<trkpt lat="36.7881876" lon="126.9695287">
<ele>1.49</ele>
<time>2024-06-03T12:28:37Z</time>
<extensions>
<gpxtpx:TrackPointExtension>
<gpxtpx:hr>102</gpxtpx:hr>
</gpxtpx:TrackPointExtension>
</extensions>
</trkpt>
<trkpt lat="36.7881878" lon="126.9695493">
<ele>1.399</ele>
<time>2024-06-03T12:28:38Z</time>
<extensions>
<gpxtpx:TrackPointExtension>
<gpxtpx:hr>102</gpxtpx:hr>
</gpxtpx:TrackPointExtension>
</extensions>
</trkpt>
<trkpt lat="36.7881881" lon="126.9695696">
<ele>1.461</ele>
<time>2024-06-03T12:28:39Z</time>
<extensions>
<gpxtpx:TrackPointExtension>
<gpxtpx:hr>102</gpxtpx:hr>
</gpxtpx:TrackPointExtension>
</extensions>
</trkpt>
<trkpt lat="36.788188" lon="126.9695884">
<ele>1.498</ele>
<time>2024-06-03T12:28:40Z</time>
<extensions>
<gpxtpx:TrackPointExtension>
<gpxtpx:hr>102</gpxtpx:hr>
</gpxtpx:TrackPointExtension>
</extensions>
</trkpt>
<trkpt lat="36.7881869" lon="126.9696065">
<ele>1.425</ele>
<time>2024-06-03T12:28:41Z</time>
<extensions>
<gpxtpx:TrackPointExtension>
<gpxtpx:hr>102</gpxtpx:hr>
</gpxtpx:TrackPointExtension>
</extensions>
</trkpt>
<trkpt lat="36.788184" lon="126.9696247">
<ele>1.358</ele>
<time>2024-06-03T12:28:42Z</time>
<extensions>
<gpxtpx:TrackPointExtension>
<gpxtpx:hr>102</gpxtpx:hr>
</gpxtpx:TrackPointExtension>
</extensions>
</trkpt>
<trkpt lat="36.7881798" lon="126.9696408">
<ele>1.421</ele>
<time>2024-06-03T12:28:43Z</time>
<extensions>
<gpxtpx:TrackPointExtension>
<gpxtpx:hr>102</gpxtpx:hr>
<gpxtpx:cad>110</gpxtpx:cad>
</gpxtpx:TrackPointExtension>
</extensions>
</trkpt>
<trkpt lat="36.7881741" lon="126.9696564">
<ele>1.379</ele>
<time>2024-06-03T12:28:44Z</time>
<extensions>
<gpxtpx:TrackPointExtension>
<gpxtpx:hr>102</gpxtpx:hr>
</gpxtpx:TrackPointExtension>
</extensions>
</trkpt>
<trkpt lat="36.7881669" lon="126.9696717">
<ele>1.29</ele>
<time>2024-06-03T12:28:45Z</time>
<extensions>
<gpxtpx:TrackPointExtension>
<gpxtpx:hr>101</gpxtpx:hr>
</gpxtpx:TrackPointExtension>
</extensions>
</trkpt>
<trkpt lat="36.7881582" lon="126.9696858">
<ele>1.238</ele>
<time>2024-06-03T12:28:46Z</time>
<extensions>
<gpxtpx:TrackPointExtension>
<gpxtpx:hr>101</gpxtpx:hr>
</gpxtpx:TrackPointExtension>
</extensions>
</trkpt>
<trkpt lat="36.7881494" lon="126.9696995">
<ele>1.259</ele>
<time>2024-06-03T12:28:47Z</time>
<extensions>
<gpxtpx:TrackPointExtension>
<gpxtpx:hr>101</gpxtpx:hr>
</gpxtpx:TrackPointExtension>
</extensions>
</trkpt>
<trkpt lat="36.7881406" lon="126.9697151">
<ele>1.092</ele>
<time>2024-06-03T12:28:48Z</time>
<extensions>
<gpxtpx:TrackPointExtension>
<gpxtpx:hr>101</gpxtpx:hr>
</gpxtpx:TrackPointExtension>
</extensions>
</trkpt>
<trkpt lat="36.7881317" lon="126.969732">
<ele>0.993</ele>
<time>2024-06-03T12:28:49Z</time>
<extensions>
<gpxtpx:TrackPointExtension>
<gpxtpx:hr>101</gpxtpx:hr>
</gpxtpx:TrackPointExtension>
</extensions>
</trkpt>
<trkpt lat="36.7881222" lon="126.9697494">
<ele>0.985</ele>
<time>2024-06-03T12:28:50Z</time>
<extensions>
<gpxtpx:TrackPointExtension>
<gpxtpx:hr>101</gpxtpx:hr>
</gpxtpx:TrackPointExtension>
</extensions>
</trkpt>
<trkpt lat="36.7881126" lon="126.9697667">
<ele>0.909</ele>
<time>2024-06-03T12:28:51Z</time>
<extensions>
<gpxtpx:TrackPointExtension>
<gpxtpx:hr>100</gpxtpx:hr>
</gpxtpx:TrackPointExtension>
</extensions>
</trkpt>
<trkpt lat="36.7881021" lon="126.9697813">
<ele>0.814</ele>
<time>2024-06-03T12:28:52Z</time>
<extensions>
<gpxtpx:TrackPointExtension>
<gpxtpx:hr>100</gpxtpx:hr>
</gpxtpx:TrackPointExtension>
</extensions>
</trkpt>
<trkpt lat="36.7880917" lon="126.9697932">
<ele>0.723</ele>
<time>2024-06-03T12:28:53Z</time>
<extensions>
<gpxtpx:TrackPointExtension>
<gpxtpx:hr>100</gpxtpx:hr>
<gpxtpx:cad>111</gpxtpx:cad>
</gpxtpx:TrackPointExtension>
</extensions>
</trkpt>
<trkpt lat="36.7880795" lon="126.9698024">
<ele>0.692</ele>
<time>2024-06-03T12:28:54Z</time>
<extensions>
<gpxtpx:TrackPointExtension>
<gpxtpx:hr>100</gpxtpx:hr>
</gpxtpx:TrackPointExtension>
</extensions>
</trkpt>
<trkpt lat="36.7880669" lon="126.96981">
<ele>0.651</ele>
<time>2024-06-03T12:28:55Z</time>
<extensions>
<gpxtpx:TrackPointExtension>
<gpxtpx:hr>100</gpxtpx:hr>
</gpxtpx:TrackPointExtension>
</extensions>
</trkpt>
<trkpt lat="36.788055" lon="126.9698207">
<ele>0.558</ele>
<time>2024-06-03T12:28:56Z</time>
<extensions>
<gpxtpx:TrackPointExtension>
<gpxtpx:hr>100</gpxtpx:hr>
</gpxtpx:TrackPointExtension>
</extensions>
</trkpt>
<trkpt lat="36.7880436" lon="126.9698322">
<ele>0.564</ele>
<time>2024-06-03T12:28:57Z</time>
<extensions>
<gpxtpx:TrackPointExtension>
<gpxtpx:hr>100</gpxtpx:hr>
</gpxtpx:TrackPointExtension>
</extensions>
</trkpt>
<trkpt lat="36.7880334" lon="126.9698441">
<ele>0.563</ele>
<time>2024-06-03T12:28:58Z</time>
<extensions>
<gpxtpx:TrackPointExtension>
<gpxtpx:hr>100</gpxtpx:hr>
</gpxtpx:TrackPointExtension>
</extensions>
</trkpt>
<trkpt lat="36.7880249" lon="126.969856">
<ele>0.651</ele>
<time>2024-06-03T12:28:59Z</time>
<extensions>
<gpxtpx:TrackPointExtension>
<gpxtpx:hr>99</gpxtpx:hr>
</gpxtpx:TrackPointExtension>
</extensions>
</trkpt>
<trkpt lat="36.7880159" lon="126.9698687">
<ele>0.46</ele>
<time>2024-06-03T12:29:00Z</time>
<extensions>
<gpxtpx:TrackPointExtension>
<gpxtpx:hr>100</gpxtpx:hr>
</gpxtpx:TrackPointExtension>
</extensions>
</trkpt>
<trkpt lat="36.7880068" lon="126.9698814">
<ele>0.483</ele>
<time>2024-06-03T12:29:01Z</time>
<extensions>
<gpxtpx:TrackPointExtension>
<gpxtpx:hr>100</gpxtpx:hr>
</gpxtpx:TrackPointExtension>
</extensions>
</trkpt>
<trkpt lat="36.787996" lon="126.9698946">
<ele>0.378</ele>
<time>2024-06-03T12:29:02Z</time>
<extensions>
<gpxtpx:TrackPointExtension>
<gpxtpx:hr>100</gpxtpx:hr>
</gpxtpx:TrackPointExtension>
</extensions>
</trkpt>
<trkpt lat="36.787984" lon="126.9699087">
<ele>0.457</ele>
<time>2024-06-03T12:29:03Z</time>
<extensions>
<gpxtpx:TrackPointExtension>
<gpxtpx:hr>100</gpxtpx:hr>
<gpxtpx:cad>108</gpxtpx:cad>
</gpxtpx:TrackPointExtension>
</extensions>
</trkpt>
<trkpt lat="36.7879716" lon="126.9699243">
<ele>0.405</ele>
<time>2024-06-03T12:29:04Z</time>
<extensions>
<gpxtpx:TrackPointExtension>
<gpxtpx:hr>100</gpxtpx:hr>
</gpxtpx:TrackPointExtension>
</extensions>
</trkpt>
<trkpt lat="36.7879599" lon="126.9699421">
<ele>0.421</ele>
<time>2024-06-03T12:29:05Z</time>
<extensions>
<gpxtpx:TrackPointExtension>
<gpxtpx:hr>100</gpxtpx:hr>
</gpxtpx:TrackPointExtension>
</extensions>
</trkpt>
<trkpt lat="36.7879491" lon="126.9699613">
<ele>0.347</ele>
<time>2024-06-03T12:29:06Z</time>
<extensions>
<gpxtpx:TrackPointExtension>
<gpxtpx:hr>100</gpxtpx:hr>
</gpxtpx:TrackPointExtension>
</extensions>
</trkpt>
<trkpt lat="36.7879389" lon="126.9699821">
<ele>0.302</ele>
<time>2024-06-03T12:29:07Z</time>
<extensions>
<gpxtpx:TrackPointExtension>
<gpxtpx:hr>100</gpxtpx:hr>
</gpxtpx:TrackPointExtension>
</extensions>
</trkpt>
<trkpt lat="36.7879289" lon="126.9700041">
<ele>0.264</ele>
<time>2024-06-03T12:29:08Z</time>
<extensions>
<gpxtpx:TrackPointExtension>
<gpxtpx:hr>100</gpxtpx:hr>
</gpxtpx:TrackPointExtension>
</extensions>
</trkpt>
<trkpt lat="36.7879193" lon="126.9700255">
<ele>0.19</ele>
<time>2024-06-03T12:29:09Z</time>
<extensions>
<gpxtpx:TrackPointExtension>
<gpxtpx:hr>100</gpxtpx:hr>
</gpxtpx:TrackPointExtension>
</extensions>
</trkpt>
<trkpt lat="36.7879101" lon="126.9700455">
<ele>0.167</ele>
<time>2024-06-03T12:29:10Z</time>
<extensions>
<gpxtpx:TrackPointExtension>
<gpxtpx:hr>100</gpxtpx:hr>
</gpxtpx:TrackPointExtension>
</extensions>
</trkpt>
<trkpt lat="36.7879025" lon="126.9700639">
<ele>0.084</ele>
<time>2024-06-03T12:29:11Z</time>
<extensions>
<gpxtpx:TrackPointExtension>
<gpxtpx:hr>100</gpxtpx:hr>
<gpxtpx:cad>109</gpxtpx:cad>
</gpxtpx:TrackPointExtension>
</extensions>
</trkpt>
<trkpt lat="36.7878958" lon="126.9700813">
<ele>0.146</ele>
<time>2024-06-03T12:29:12Z</time>
<extensions>
<gpxtpx:TrackPointExtension>
<gpxtpx:hr>99</gpxtpx:hr>
</gpxtpx:TrackPointExtension>
</extensions>
</trkpt>
<trkpt lat="36.7878905" lon="126.9700971">
<ele>0.054</ele>
<time>2024-06-03T12:29:13Z</time>
<extensions>
<gpxtpx:TrackPointExtension>
<gpxtpx:hr>99</gpxtpx:hr>
<gpxtpx:cad>109</gpxtpx:cad>
</gpxtpx:TrackPointExtension>
</extensions>
</trkpt>
<trkpt lat="36.7878858" lon="126.9701126">
<ele>-0.051</ele>
<time>2024-06-03T12:29:14Z</time>
<extensions>
<gpxtpx:TrackPointExtension>
<gpxtpx:hr>99</gpxtpx:hr>
</gpxtpx:TrackPointExtension>
</extensions>
</trkpt>
<trkpt lat="36.7878808" lon="126.9701272">
<ele>-0.166</ele>
<time>2024-06-03T12:29:15Z</time>
</trkpt>
<trkpt lat="36.7878755" lon="126.9701409">
<ele>-0.114</ele>
<time>2024-06-03T12:29:16Z</time>
</trkpt>
<trkpt lat="36.7878702" lon="126.9701531">
<ele>-0.087</ele>
<time>2024-06-03T12:29:17Z</time>
</trkpt>
<trkpt lat="36.7878653" lon="126.9701656">
<ele>-0.056</ele>
<time>2024-06-03T12:29:18Z</time>
</trkpt>
<trkpt lat="36.7878629" lon="126.9701798">
<ele>-0.087</ele>
<time>2024-06-03T12:29:19Z</time>
<extensions>
<gpxtpx:TrackPointExtension>
<gpxtpx:hr>99</gpxtpx:hr>
</gpxtpx:TrackPointExtension>
</extensions>
</trkpt>
<trkpt lat="36.7878622" lon="126.9701971">
<ele>-0.237</ele>
<time>2024-06-03T12:29:20Z</time>
<extensions>
<gpxtpx:TrackPointExtension>
<gpxtpx:hr>99</gpxtpx:hr>
</gpxtpx:TrackPointExtension>
</extensions>
</trkpt>
<trkpt lat="36.7878609" lon="126.9702156">
<ele>-0.338</ele>
<time>2024-06-03T12:29:21Z</time>
<extensions>
<gpxtpx:TrackPointExtension>
<gpxtpx:hr>99</gpxtpx:hr>
</gpxtpx:TrackPointExtension>
</extensions>
</trkpt>
<trkpt lat="36.7878605" lon="126.9702352">
<ele>-0.388</ele>
<time>2024-06-03T12:29:22Z</time>
<extensions>
<gpxtpx:TrackPointExtension>
<gpxtpx:hr>99</gpxtpx:hr>
</gpxtpx:TrackPointExtension>
</extensions>
</trkpt>
<trkpt lat="36.7878592" lon="126.970254">
<ele>-0.444</ele>
<time>2024-06-03T12:29:23Z</time>
<extensions>
<gpxtpx:TrackPointExtension>
<gpxtpx:hr>99</gpxtpx:hr>
<gpxtpx:cad>108</gpxtpx:cad>
</gpxtpx:TrackPointExtension>
</extensions>
</trkpt>
<trkpt lat="36.7878583" lon="126.9702708">
<ele>-0.491</ele>
<time>2024-06-03T12:29:24Z</time>
<extensions>
<gpxtpx:TrackPointExtension>
<gpxtpx:hr>99</gpxtpx:hr>
</gpxtpx:TrackPointExtension>
</extensions>
</trkpt>
<trkpt lat="36.7878579" lon="126.9702847">
<ele>-0.496</ele>
<time>2024-06-03T12:29:25Z</time>
<extensions>
<gpxtpx:TrackPointExtension>
<gpxtpx:hr>99</gpxtpx:hr>
</gpxtpx:TrackPointExtension>
</extensions>
</trkpt>
<trkpt lat="36.7878576" lon="126.9702955">
<ele>-0.524</ele>
<time>2024-06-03T12:29:26Z</time>
<extensions>
<gpxtpx:TrackPointExtension>
<gpxtpx:hr>99</gpxtpx:hr>
</gpxtpx:TrackPointExtension>
</extensions>
</trkpt>
<trkpt lat="36.7878579" lon="126.970303">
<ele>-0.543</ele>
<time>2024-06-03T12:29:27Z</time>
<extensions>
<gpxtpx:TrackPointExtension>
<gpxtpx:hr>99</gpxtpx:hr>
</gpxtpx:TrackPointExtension>
</extensions>
</trkpt>
<trkpt lat="36.7878596" lon="126.9703096">
<ele>-0.56</ele>
<time>2024-06-03T12:29:29Z</time>
<extensions>
<gpxtpx:TrackPointExtension>
<gpxtpx:hr>100</gpxtpx:hr>
</gpxtpx:TrackPointExtension>
</extensions>
</trkpt>
<trkpt lat="36.7878607" lon="126.9703155">
<ele>-0.666</ele>
<time>2024-06-03T12:29:30Z</time>
<extensions>
<gpxtpx:TrackPointExtension>
<gpxtpx:hr>100</gpxtpx:hr>
</gpxtpx:TrackPointExtension>
</extensions>
</trkpt>
<trkpt lat="36.7878622" lon="126.9703209">
<ele>-0.595</ele>
<time>2024-06-03T12:29:31Z</time>
<extensions>
<gpxtpx:TrackPointExtension>
<gpxtpx:hr>100</gpxtpx:hr>
</gpxtpx:TrackPointExtension>
</extensions>
</trkpt>
<trkpt lat="36.7878629" lon="126.9703332">
<ele>-0.638</ele>
<time>2024-06-03T12:29:32Z</time>
<extensions>
<gpxtpx:TrackPointExtension>
<gpxtpx:hr>100</gpxtpx:hr>
</gpxtpx:TrackPointExtension>
</extensions>
</trkpt>
<trkpt lat="36.7878612" lon="126.9703402">
<ele>-0.689</ele>
<time>2024-06-03T12:29:33Z</time>
<extensions>
<gpxtpx:TrackPointExtension>
<gpxtpx:hr>101</gpxtpx:hr>
</gpxtpx:TrackPointExtension>
</extensions>
</trkpt>
<trkpt lat="36.7878585" lon="126.9703471">
<ele>-0.789</ele>
<time>2024-06-03T12:29:34Z</time>
<extensions>
<gpxtpx:TrackPointExtension>
<gpxtpx:hr>101</gpxtpx:hr>
<gpxtpx:cad>110</gpxtpx:cad>
</gpxtpx:TrackPointExtension>
</extensions>
</trkpt>
<trkpt lat="36.7878557" lon="126.9703546">
<ele>-0.818</ele>
<time>2024-06-03T12:29:35Z</time>
<extensions>
<gpxtpx:TrackPointExtension>
<gpxtpx:hr>101</gpxtpx:hr>
</gpxtpx:TrackPointExtension>
</extensions>
</trkpt>
<trkpt lat="36.7878518" lon="126.9703639">
<ele>-0.895</ele>
<time>2024-06-03T12:29:36Z</time>
<extensions>
<gpxtpx:TrackPointExtension>
<gpxtpx:hr>101</gpxtpx:hr>
</gpxtpx:TrackPointExtension>
</extensions>
</trkpt>
<trkpt lat="36.7878463" lon="126.9703753">
<ele>-0.898</ele>
<time>2024-06-03T12:29:37Z</time>
<extensions>
<gpxtpx:TrackPointExtension>
<gpxtpx:hr>102</gpxtpx:hr>
</gpxtpx:TrackPointExtension>
</extensions>
</trkpt>
<trkpt lat="36.7878408" lon="126.9703903">
<ele>-0.959</ele>
<time>2024-06-03T12:29:38Z</time>
<extensions>
<gpxtpx:TrackPointExtension>
<gpxtpx:hr>102</gpxtpx:hr>
</gpxtpx:TrackPointExtension>
</extensions>
</trkpt>
<trkpt lat="36.7878342" lon="126.9704073">
<ele>-1.009</ele>
<time>2024-06-03T12:29:39Z</time>
<extensions>
<gpxtpx:TrackPointExtension>
<gpxtpx:hr>102</gpxtpx:hr>
</gpxtpx:TrackPointExtension>
</extensions>
</trkpt>
<trkpt lat="36.7878281" lon="126.9704261">
<ele>-0.967</ele>
<time>2024-06-03T12:29:40Z</time>
<extensions>
<gpxtpx:TrackPointExtension>
<gpxtpx:hr>102</gpxtpx:hr>
</gpxtpx:TrackPointExtension>
</extensions>
</trkpt>
<trkpt lat="36.7878226" lon="126.9704453">
<ele>-0.932</ele>
<time>2024-06-03T12:29:41Z</time>
<extensions>
<gpxtpx:TrackPointExtension>
<gpxtpx:hr>101</gpxtpx:hr>
</gpxtpx:TrackPointExtension>
</extensions>
</trkpt>
<trkpt lat="36.7878176" lon="126.9704644">
<ele>-1.054</ele>
<time>2024-06-03T12:29:42Z</time>
<extensions>
<gpxtpx:TrackPointExtension>
<gpxtpx:hr>101</gpxtpx:hr>
</gpxtpx:TrackPointExtension>
</extensions>
</trkpt>
<trkpt lat="36.7878137" lon="126.9704836">
<ele>-1.011</ele>
<time>2024-06-03T12:29:43Z</time>
<extensions>
<gpxtpx:TrackPointExtension>
<gpxtpx:hr>101</gpxtpx:hr>
</gpxtpx:TrackPointExtension>
</extensions>
</trkpt>
<trkpt lat="36.7878105" lon="126.9705032">
<ele>-1.045</ele>
<time>2024-06-03T12:29:44Z</time>
<extensions>
<gpxtpx:TrackPointExtension>
<gpxtpx:hr>101</gpxtpx:hr>
<gpxtpx:cad>109</gpxtpx:cad>
</gpxtpx:TrackPointExtension>
</extensions>
</trkpt>
<trkpt lat="36.7878076" lon="126.9705232">
<ele>-1.131</ele>
<time>2024-06-03T12:29:45Z</time>
<extensions>
<gpxtpx:TrackPointExtension>
<gpxtpx:hr>101</gpxtpx:hr>
</gpxtpx:TrackPointExtension>
</extensions>
</trkpt>
<trkpt lat="36.7878049" lon="126.9705443">
<ele>-1.214</ele>
<time>2024-06-03T12:29:46Z</time>
<extensions>
<gpxtpx:TrackPointExtension>
<gpxtpx:hr>101</gpxtpx:hr>
</gpxtpx:TrackPointExtension>
</extensions>
</trkpt>
<trkpt lat="36.7878022" lon="126.9705659">
<ele>-1.239</ele>
<time>2024-06-03T12:29:47Z</time>
<extensions>
<gpxtpx:TrackPointExtension>
<gpxtpx:hr>101</gpxtpx:hr>
</gpxtpx:TrackPointExtension>
</extensions>
</trkpt>
<trkpt lat="36.7877987" lon="126.9705874">
<ele>-1.132</ele>
<time>2024-06-03T12:29:48Z</time>
<extensions>
<gpxtpx:TrackPointExtension>
<gpxtpx:hr>101</gpxtpx:hr>
</gpxtpx:TrackPointExtension>
</extensions>
</trkpt>
<trkpt lat="36.787795" lon="126.970612">
<ele>-1.178</ele>
<time>2024-06-03T12:29:49Z</time>
<extensions>
<gpxtpx:TrackPointExtension>
<gpxtpx:hr>101</gpxtpx:hr>
</gpxtpx:TrackPointExtension>
</extensions>
</trkpt>
<trkpt lat="36.7877914" lon="126.9706357">
<ele>-1.184</ele>
<time>2024-06-03T12:29:50Z</time>
<extensions>
<gpxtpx:TrackPointExtension>
<gpxtpx:hr>101</gpxtpx:hr>
</gpxtpx:TrackPointExtension>
</extensions>
</trkpt>
<trkpt lat="36.7877876" lon="126.9706587">
<ele>-1.202</ele>
<time>2024-06-03T12:29:51Z</time>
<extensions>
<gpxtpx:TrackPointExtension>
<gpxtpx:hr>101</gpxtpx:hr>
</gpxtpx:TrackPointExtension>
</extensions>
</trkpt>
<trkpt lat="36.7877846" lon="126.9706799">
<ele>-1.24</ele>
<time>2024-06-03T12:29:52Z</time>
<extensions>
<gpxtpx:TrackPointExtension>
<gpxtpx:hr>101</gpxtpx:hr>
</gpxtpx:TrackPointExtension>
</extensions>
</trkpt>
<trkpt lat="36.7877815" lon="126.9706985">
<ele>-1.13</ele>
<time>2024-06-03T12:29:53Z</time>
<extensions>
<gpxtpx:TrackPointExtension>
<gpxtpx:hr>102</gpxtpx:hr>
</gpxtpx:TrackPointExtension>
</extensions>
</trkpt>
<trkpt lat="36.7877778" lon="126.9707158">
<ele>-1.227</ele>
<time>2024-06-03T12:29:54Z</time>
<extensions>
<gpxtpx:TrackPointExtension>
<gpxtpx:hr>102</gpxtpx:hr>
<gpxtpx:cad>112</gpxtpx:cad>
</gpxtpx:TrackPointExtension>
</extensions>
</trkpt>
<trkpt lat="36.7877738" lon="126.9707328">
<ele>-1.227</ele>
<time>2024-06-03T12:29:55Z</time>
<extensions>
<gpxtpx:TrackPointExtension>
<gpxtpx:hr>102</gpxtpx:hr>
</gpxtpx:TrackPointExtension>
</extensions>
</trkpt>
<trkpt lat="36.7877692" lon="126.9707496">
<ele>-1.201</ele>
<time>2024-06-03T12:29:56Z</time>
<extensions>
<gpxtpx:TrackPointExtension>
<gpxtpx:hr>102</gpxtpx:hr>
</gpxtpx:TrackPointExtension>
</extensions>
</trkpt>
<trkpt lat="36.7877638" lon="126.9707653">
<ele>-1.345</ele>
<time>2024-06-03T12:29:57Z</time>
<extensions>
<gpxtpx:TrackPointExtension>
<gpxtpx:hr>102</gpxtpx:hr>
</gpxtpx:TrackPointExtension>
</extensions>
</trkpt>
<trkpt lat="36.7877575" lon="126.9707801">
<ele>-1.443</ele>
<time>2024-06-03T12:29:58Z</time>
<extensions>
<gpxtpx:TrackPointExtension>
<gpxtpx:hr>102</gpxtpx:hr>
</gpxtpx:TrackPointExtension>
</extensions>
</trkpt>
<trkpt lat="36.7877501" lon="126.9707956">
<ele>-1.508</ele>
<time>2024-06-03T12:29:59Z</time>
<extensions>
<gpxtpx:TrackPointExtension>
<gpxtpx:hr>102</gpxtpx:hr>
</gpxtpx:TrackPointExtension>
</extensions>
</trkpt>
<trkpt lat="36.7877424" lon="126.9708114">
<ele>-1.492</ele>
<time>2024-06-03T12:30:00Z</time>
<extensions>
<gpxtpx:TrackPointExtension>
<gpxtpx:hr>102</gpxtpx:hr>
</gpxtpx:TrackPointExtension>
</extensions>
</trkpt>
<trkpt lat="36.7877345" lon="126.9708254">
<ele>-1.54</ele>
<time>2024-06-03T12:30:01Z</time>
<extensions>
<gpxtpx:TrackPointExtension>
<gpxtpx:hr>102</gpxtpx:hr>
</gpxtpx:TrackPointExtension>
</extensions>
</trkpt>
<trkpt lat="36.7877266" lon="126.9708383">
<ele>-1.576</ele>
<time>2024-06-03T12:30:02Z</time>
<extensions>
<gpxtpx:TrackPointExtension>
<gpxtpx:hr>102</gpxtpx:hr>
</gpxtpx:TrackPointExtension>
</extensions>
</trkpt>
<trkpt lat="36.7877203" lon="126.9708511">
<ele>-1.634</ele>
<time>2024-06-03T12:30:03Z</time>
<extensions>
<gpxtpx:TrackPointExtension>
<gpxtpx:hr>102</gpxtpx:hr>
</gpxtpx:TrackPointExtension>
</extensions>
</trkpt>
<trkpt lat="36.7877149" lon="126.9708635">
<ele>-1.589</ele>
<time>2024-06-03T12:30:04Z</time>
<extensions>
<gpxtpx:TrackPointExtension>
<gpxtpx:hr>102</gpxtpx:hr>
<gpxtpx:cad>111</gpxtpx:cad>
</gpxtpx:TrackPointExtension>
</extensions>
</trkpt>
<trkpt lat="36.7877101" lon="126.970876">
<ele>-1.643</ele>
<time>2024-06-03T12:30:05Z</time>
<extensions>
<gpxtpx:TrackPointExtension>
<gpxtpx:hr>102</gpxtpx:hr>
</gpxtpx:TrackPointExtension>
</extensions>
</trkpt>
<trkpt lat="36.7877049" lon="126.9708889">
<ele>-1.581</ele>
<time>2024-06-03T12:30:06Z</time>
<extensions>
<gpxtpx:TrackPointExtension>
<gpxtpx:hr>102</gpxtpx:hr>
</gpxtpx:TrackPointExtension>
</extensions>
</trkpt>
<trkpt lat="36.7876996" lon="126.9709023">
<ele>-1.645</ele>
<time>2024-06-03T12:30:07Z</time>
<extensions>
<gpxtpx:TrackPointExtension>
<gpxtpx:hr>102</gpxtpx:hr>
</gpxtpx:TrackPointExtension>
</extensions>
</trkpt>
<trkpt lat="36.787693" lon="126.9709167">
<ele>-1.666</ele>
<time>2024-06-03T12:30:08Z</time>
<extensions>
<gpxtpx:TrackPointExtension>
<gpxtpx:hr>101</gpxtpx:hr>
</gpxtpx:TrackPointExtension>
</extensions>
</trkpt>
<trkpt lat="36.7876874" lon="126.9709299">
<ele>-1.674</ele>
<time>2024-06-03T12:30:09Z</time>
<extensions>
<gpxtpx:TrackPointExtension>
<gpxtpx:hr>101</gpxtpx:hr>
</gpxtpx:TrackPointExtension>
</extensions>
</trkpt>
<trkpt lat="36.7876823" lon="126.9709433">
<ele>-1.683</ele>
<time>2024-06-03T12:30:10Z</time>
<extensions>
<gpxtpx:TrackPointExtension>
<gpxtpx:hr>101</gpxtpx:hr>
</gpxtpx:TrackPointExtension>
</extensions>
</trkpt>
<trkpt lat="36.7876773" lon="126.9709559">
<ele>-1.754</ele>
<time>2024-06-03T12:30:11Z</time>
<extensions>
<gpxtpx:TrackPointExtension>
<gpxtpx:hr>101</gpxtpx:hr>
</gpxtpx:TrackPointExtension>
</extensions>
</trkpt>
<trkpt lat="36.7876745" lon="126.970968">
<ele>-1.814</ele>
<time>2024-06-03T12:30:12Z</time>
<extensions>
<gpxtpx:TrackPointExtension>
<gpxtpx:hr>101</gpxtpx:hr>
</gpxtpx:TrackPointExtension>
</extensions>
</trkpt>
<trkpt lat="36.7876722" lon="126.9709783">
<ele>-1.747</ele>
<time>2024-06-03T12:30:13Z</time>
<extensions>
<gpxtpx:TrackPointExtension>
<gpxtpx:hr>101</gpxtpx:hr>
</gpxtpx:TrackPointExtension>
</extensions>
</trkpt>
<trkpt lat="36.7876703" lon="126.9709882">
<ele>-1.634</ele>
<time>2024-06-03T12:30:14Z</time>
<extensions>
<gpxtpx:TrackPointExtension>
<gpxtpx:hr>101</gpxtpx:hr>
<gpxtpx:cad>106</gpxtpx:cad>
</gpxtpx:TrackPointExtension>
</extensions>
</trkpt>
<trkpt lat="36.787668" lon="126.970996">
<ele>-1.521</ele>
<time>2024-06-03T12:30:15Z</time>
<extensions>
<gpxtpx:TrackPointExtension>
<gpxtpx:hr>101</gpxtpx:hr>
</gpxtpx:TrackPointExtension>
</extensions>
</trkpt>
<trkpt lat="36.7876642" lon="126.9710035">
<ele>-1.477</ele>
<time>2024-06-03T12:30:16Z</time>
<extensions>
<gpxtpx:TrackPointExtension>
<gpxtpx:hr>101</gpxtpx:hr>
</gpxtpx:TrackPointExtension>
</extensions>
</trkpt>
<trkpt lat="36.7876605" lon="126.9710094">
<ele>-1.496</ele>
<time>2024-06-03T12:30:17Z</time>
<extensions>
<gpxtpx:TrackPointExtension>
<gpxtpx:hr>101</gpxtpx:hr>
</gpxtpx:TrackPointExtension>
</extensions>
</trkpt>
<trkpt lat="36.7876563" lon="126.9710162">
<ele>-1.511</ele>
<time>2024-06-03T12:30:18Z</time>
<extensions>
<gpxtpx:TrackPointExtension>
<gpxtpx:hr>101</gpxtpx:hr>
</gpxtpx:TrackPointExtension>
</extensions>
</trkpt>
<trkpt lat="36.787652" lon="126.9710232">
<ele>-1.484</ele>
<time>2024-06-03T12:30:19Z</time>
<extensions>
<gpxtpx:TrackPointExtension>
<gpxtpx:hr>101</gpxtpx:hr>
</gpxtpx:TrackPointExtension>
</extensions>
</trkpt>
<trkpt lat="36.7876473" lon="126.9710315">
<ele>-1.59</ele>
<time>2024-06-03T12:30:20Z</time>
<extensions>
<gpxtpx:TrackPointExtension>
<gpxtpx:hr>101</gpxtpx:hr>
</gpxtpx:TrackPointExtension>
</extensions>
</trkpt>
<trkpt lat="36.7876433" lon="126.9710406">
<ele>-1.615</ele>
<time>2024-06-03T12:30:21Z</time>
<extensions>
<gpxtpx:TrackPointExtension>
<gpxtpx:hr>101</gpxtpx:hr>
</gpxtpx:TrackPointExtension>
</extensions>
</trkpt>
<trkpt lat="36.787639" lon="126.9710518">
<ele>-1.569</ele>
<time>2024-06-03T12:30:22Z</time>
<extensions>
<gpxtpx:TrackPointExtension>
<gpxtpx:hr>101</gpxtpx:hr>
</gpxtpx:TrackPointExtension>
</extensions>
</trkpt>
<trkpt lat="36.7876358" lon="126.9710651">
<ele>-1.474</ele>
<time>2024-06-03T12:30:23Z</time>
<extensions>
<gpxtpx:TrackPointExtension>
<gpxtpx:hr>101</gpxtpx:hr>
</gpxtpx:TrackPointExtension>
</extensions>
</trkpt>
<trkpt lat="36.787633" lon="126.9710807">
<ele>-1.498</ele>
<time>2024-06-03T12:30:24Z</time>
<extensions>
<gpxtpx:TrackPointExtension>
<gpxtpx:hr>101</gpxtpx:hr>
<gpxtpx:cad>112</gpxtpx:cad>
</gpxtpx:TrackPointExtension>
</extensions>
</trkpt>
<trkpt lat="36.7876304" lon="126.971097">
<ele>-1.517</ele>
<time>2024-06-03T12:30:25Z</time>
<extensions>
<gpxtpx:TrackPointExtension>
<gpxtpx:hr>101</gpxtpx:hr>
</gpxtpx:TrackPointExtension>
</extensions>
</trkpt>
<trkpt lat="36.7876268" lon="126.9711141">
<ele>-1.637</ele>
<time>2024-06-03T12:30:26Z</time>
<extensions>
<gpxtpx:TrackPointExtension>
<gpxtpx:hr>101</gpxtpx:hr>
<gpxtpx:cad>111</gpxtpx:cad>
</gpxtpx:TrackPointExtension>
</extensions>
</trkpt>
<trkpt lat="36.7876224" lon="126.9711321">
<ele>-1.712</ele>
<time>2024-06-03T12:30:27Z</time>
<extensions>
<gpxtpx:TrackPointExtension>
<gpxtpx:hr>101</gpxtpx:hr>
</gpxtpx:TrackPointExtension>
</extensions>
</trkpt>
<trkpt lat="36.7876166" lon="126.9711495">
<ele>-1.773</ele>
<time>2024-06-03T12:30:28Z</time>
<extensions>
<gpxtpx:TrackPointExtension>
<gpxtpx:hr>100</gpxtpx:hr>
</gpxtpx:TrackPointExtension>
</extensions>
</trkpt>
<trkpt lat="36.7876101" lon="126.9711656">
<ele>-1.77</ele>
<time>2024-06-03T12:30:29Z</time>
<extensions>
<gpxtpx:TrackPointExtension>
<gpxtpx:hr>100</gpxtpx:hr>
</gpxtpx:TrackPointExtension>
</extensions>
</trkpt>
<trkpt lat="36.787602" lon="126.9711801">
<ele>-1.704</ele>
<time>2024-06-03T12:30:30Z</time>
<extensions>
<gpxtpx:TrackPointExtension>
<gpxtpx:hr>100</gpxtpx:hr>
</gpxtpx:TrackPointExtension>
</extensions>
</trkpt>
<trkpt lat="36.7875929" lon="126.9711946">
<ele>-1.627</ele>
<time>2024-06-03T12:30:31Z</time>
<extensions>
<gpxtpx:TrackPointExtension>
<gpxtpx:hr>100</gpxtpx:hr>
</gpxtpx:TrackPointExtension>
</extensions>
</trkpt>
<trkpt lat="36.7875835" lon="126.9712078">
<ele>-1.657</ele>
<time>2024-06-03T12:30:32Z</time>
<extensions>
<gpxtpx:TrackPointExtension>
<gpxtpx:hr>100</gpxtpx:hr>
</gpxtpx:TrackPointExtension>
</extensions>
</trkpt>
<trkpt lat="36.7875735" lon="126.9712203">
<ele>-1.687</ele>
<time>2024-06-03T12:30:33Z</time>
<extensions>
<gpxtpx:TrackPointExtension>
<gpxtpx:hr>100</gpxtpx:hr>
</gpxtpx:TrackPointExtension>
</extensions>
</trkpt>
<trkpt lat="36.787564" lon="126.9712337">
<ele>-1.793</ele>
<time>2024-06-03T12:30:34Z</time>
<extensions>
<gpxtpx:TrackPointExtension>
<gpxtpx:hr>100</gpxtpx:hr>
<gpxtpx:cad>106</gpxtpx:cad>
</gpxtpx:TrackPointExtension>
</extensions>
</trkpt>
<trkpt lat="36.7875554" lon="126.971247">
<ele>-1.845</ele>
<time>2024-06-03T12:30:35Z</time>
<extensions>
<gpxtpx:TrackPointExtension>
<gpxtpx:hr>100</gpxtpx:hr>
</gpxtpx:TrackPointExtension>
</extensions>
</trkpt>
<trkpt lat="36.7875472" lon="126.9712606">
<ele>-1.858</ele>
<time>2024-06-03T12:30:36Z</time>
<extensions>
<gpxtpx:TrackPointExtension>
<gpxtpx:hr>100</gpxtpx:hr>
</gpxtpx:TrackPointExtension>
</extensions>
</trkpt>
<trkpt lat="36.7875387" lon="126.9712764">
<ele>-1.882</ele>
<time>2024-06-03T12:30:37Z</time>
<extensions>
<gpxtpx:TrackPointExtension>
<gpxtpx:hr>100</gpxtpx:hr>
</gpxtpx:TrackPointExtension>
</extensions>
</trkpt>
<trkpt lat="36.7875297" lon="126.9712934">
<ele>-1.84</ele>
<time>2024-06-03T12:30:38Z</time>
<extensions>
<gpxtpx:TrackPointExtension>
<gpxtpx:hr>100</gpxtpx:hr>
</gpxtpx:TrackPointExtension>
</extensions>
</trkpt>
<trkpt lat="36.7875215" lon="126.9713092">
<ele>-1.953</ele>
<time>2024-06-03T12:30:39Z</time>
<extensions>
<gpxtpx:TrackPointExtension>
<gpxtpx:hr>100</gpxtpx:hr>
</gpxtpx:TrackPointExtension>
</extensions>
</trkpt>
<trkpt lat="36.7875143" lon="126.9713253">
<ele>-1.956</ele>
<time>2024-06-03T12:30:40Z</time>
<extensions>
<gpxtpx:TrackPointExtension>
<gpxtpx:hr>100</gpxtpx:hr>
</gpxtpx:TrackPointExtension>
</extensions>
</trkpt>
<trkpt lat="36.7875068" lon="126.9713426">
<ele>-1.981</ele>
<time>2024-06-03T12:30:41Z</time>
<extensions>
<gpxtpx:TrackPointExtension>
<gpxtpx:hr>100</gpxtpx:hr>
</gpxtpx:TrackPointExtension>
</extensions>
</trkpt>
<trkpt lat="36.7874997" lon="126.9713616">
<ele>-1.974</ele>
<time>2024-06-03T12:30:42Z</time>
<extensions>
<gpxtpx:TrackPointExtension>
<gpxtpx:hr>100</gpxtpx:hr>
</gpxtpx:TrackPointExtension>
</extensions>
</trkpt>
<trkpt lat="36.7874939" lon="126.9713813">
<ele>-2.002</ele>
<time>2024-06-03T12:30:43Z</time>
<extensions>
<gpxtpx:TrackPointExtension>
<gpxtpx:hr>100</gpxtpx:hr>
<gpxtpx:cad>107</gpxtpx:cad>
</gpxtpx:TrackPointExtension>
</extensions>
</trkpt>
<trkpt lat="36.7874888" lon="126.9714011">
<ele>-2.034</ele>
<time>2024-06-03T12:30:44Z</time>
<extensions>
<gpxtpx:TrackPointExtension>
<gpxtpx:hr>100</gpxtpx:hr>
</gpxtpx:TrackPointExtension>
</extensions>
</trkpt>
<trkpt lat="36.7874838" lon="126.9714217">
<ele>-1.981</ele>
<time>2024-06-03T12:30:45Z</time>
<extensions>
<gpxtpx:TrackPointExtension>
<gpxtpx:hr>100</gpxtpx:hr>
</gpxtpx:TrackPointExtension>
</extensions>
</trkpt>
<trkpt lat="36.7874806" lon="126.9714421">
<ele>-2.014</ele>
<time>2024-06-03T12:30:46Z</time>
<extensions>
<gpxtpx:TrackPointExtension>
<gpxtpx:hr>100</gpxtpx:hr>
</gpxtpx:TrackPointExtension>
</extensions>
</trkpt>
<trkpt lat="36.7874783" lon="126.9714616">
<ele>-1.996</ele>
<time>2024-06-03T12:30:47Z</time>
<extensions>
<gpxtpx:TrackPointExtension>
<gpxtpx:hr>100</gpxtpx:hr>
</gpxtpx:TrackPointExtension>
</extensions>
</trkpt>
<trkpt lat="36.7874756" lon="126.9714791">
<ele>-1.884</ele>
<time>2024-06-03T12:30:48Z</time>
<extensions>
<gpxtpx:TrackPointExtension>
<gpxtpx:hr>100</gpxtpx:hr>
</gpxtpx:TrackPointExtension>
</extensions>
</trkpt>
<trkpt lat="36.7874726" lon="126.9714958">
<ele>-1.858</ele>
<time>2024-06-03T12:30:49Z</time>
<extensions>
<gpxtpx:TrackPointExtension>
<gpxtpx:hr>100</gpxtpx:hr>
</gpxtpx:TrackPointExtension>
</extensions>
</trkpt>
<trkpt lat="36.7874702" lon="126.9715112">
<ele>-1.88</ele>
<time>2024-06-03T12:30:50Z</time>
<extensions>
<gpxtpx:TrackPointExtension>
<gpxtpx:hr>100</gpxtpx:hr>
</gpxtpx:TrackPointExtension>
</extensions>
</trkpt>
<trkpt lat="36.7874676" lon="126.9715264">
<ele>-1.906</ele>
<time>2024-06-03T12:30:51Z</time>
<extensions>
<gpxtpx:TrackPointExtension>
<gpxtpx:hr>100</gpxtpx:hr>
</gpxtpx:TrackPointExtension>
</extensions>
</trkpt>
<trkpt lat="36.787464" lon="126.9715424">
<ele>-1.981</ele>
<time>2024-06-03T12:30:52Z</time>
<extensions>
<gpxtpx:TrackPointExtension>
<gpxtpx:hr>100</gpxtpx:hr>
</gpxtpx:TrackPointExtension>
</extensions>
</trkpt>
<trkpt lat="36.7874606" lon="126.9715579">
<ele>-2.008</ele>
<time>2024-06-03T12:30:53Z</time>
<extensions>
<gpxtpx:TrackPointExtension>
<gpxtpx:hr>100</gpxtpx:hr>
<gpxtpx:cad>107</gpxtpx:cad>
</gpxtpx:TrackPointExtension>
</extensions>
</trkpt>
<trkpt lat="36.7874567" lon="126.9715729">
<ele>-2.067</ele>
<time>2024-06-03T12:30:54Z</time>
<extensions>
<gpxtpx:TrackPointExtension>
<gpxtpx:hr>100</gpxtpx:hr>
</gpxtpx:TrackPointExtension>
</extensions>
</trkpt>
<trkpt lat="36.7874536" lon="126.9715877">
<ele>-2.025</ele>
<time>2024-06-03T12:30:55Z</time>
<extensions>
<gpxtpx:TrackPointExtension>
<gpxtpx:hr>100</gpxtpx:hr>
</gpxtpx:TrackPointExtension>
</extensions>
</trkpt>
<trkpt lat="36.7874492" lon="126.9716005">
<ele>-2.068</ele>
<time>2024-06-03T12:30:56Z</time>
<extensions>
<gpxtpx:TrackPointExtension>
<gpxtpx:hr>99</gpxtpx:hr>
</gpxtpx:TrackPointExtension>
</extensions>
</trkpt>
<trkpt lat="36.787444" lon="126.9716143">
<ele>-2.11</ele>
<time>2024-06-03T12:30:57Z</time>
<extensions>
<gpxtpx:TrackPointExtension>
<gpxtpx:hr>99</gpxtpx:hr>
</gpxtpx:TrackPointExtension>
</extensions>
</trkpt>
<trkpt lat="36.7874395" lon="126.9716273">
<ele>-2.223</ele>
<time>2024-06-03T12:30:58Z</time>
<extensions>
<gpxtpx:TrackPointExtension>
<gpxtpx:hr>99</gpxtpx:hr>
</gpxtpx:TrackPointExtension>
</extensions>
</trkpt>
<trkpt lat="36.7874358" lon="126.9716399">
<ele>-2.307</ele>
<time>2024-06-03T12:30:59Z</time>
<extensions>
<gpxtpx:TrackPointExtension>
<gpxtpx:hr>99</gpxtpx:hr>
</gpxtpx:TrackPointExtension>
</extensions>
</trkpt>
<trkpt lat="36.7874318" lon="126.9716517">
<ele>-2.411</ele>
<time>2024-06-03T12:31:00Z</time>
<extensions>
<gpxtpx:TrackPointExtension>
<gpxtpx:hr>100</gpxtpx:hr>
</gpxtpx:TrackPointExtension>
</extensions>
</trkpt>
<trkpt lat="36.7874261" lon="126.9716622">
<ele>-2.439</ele>
<time>2024-06-03T12:31:01Z</time>
<extensions>
<gpxtpx:TrackPointExtension>
<gpxtpx:hr>100</gpxtpx:hr>
</gpxtpx:TrackPointExtension>
</extensions>
</trkpt>
<trkpt lat="36.7874218" lon="126.9716734">
<ele>-2.456</ele>
<time>2024-06-03T12:31:02Z</time>
<extensions>
<gpxtpx:TrackPointExtension>
<gpxtpx:hr>101</gpxtpx:hr>
</gpxtpx:TrackPointExtension>
</extensions>
</trkpt>
<trkpt lat="36.7874178" lon="126.971685">
<ele>-2.498</ele>
<time>2024-06-03T12:31:03Z</time>
<extensions>
<gpxtpx:TrackPointExtension>
<gpxtpx:hr>101</gpxtpx:hr>
<gpxtpx:cad>106</gpxtpx:cad>
</gpxtpx:TrackPointExtension>
</extensions>
</trkpt>
<trkpt lat="36.7874138" lon="126.9716988">
<ele>-2.406</ele>
<time>2024-06-03T12:31:04Z</time>
<extensions>
<gpxtpx:TrackPointExtension>
<gpxtpx:hr>101</gpxtpx:hr>
</gpxtpx:TrackPointExtension>
</extensions>
</trkpt>
<trkpt lat="36.7874086" lon="126.9717123">
<ele>-2.43</ele>
<time>2024-06-03T12:31:05Z</time>
<extensions>
<gpxtpx:TrackPointExtension>
<gpxtpx:hr>101</gpxtpx:hr>
</gpxtpx:TrackPointExtension>
</extensions>
</trkpt>
<trkpt lat="36.7874031" lon="126.9717251">
<ele>-2.429</ele>
<time>2024-06-03T12:31:06Z</time>
<extensions>
<gpxtpx:TrackPointExtension>
<gpxtpx:hr>100</gpxtpx:hr>
</gpxtpx:TrackPointExtension>
</extensions>
</trkpt>
<trkpt lat="36.7873975" lon="126.9717384">
<ele>-2.44</ele>
<time>2024-06-03T12:31:07Z</time>
<extensions>
<gpxtpx:TrackPointExtension>
<gpxtpx:hr>100</gpxtpx:hr>
</gpxtpx:TrackPointExtension>
</extensions>
</trkpt>
<trkpt lat="36.7873902" lon="126.971751">
<ele>-2.451</ele>
<time>2024-06-03T12:31:08Z</time>
<extensions>
<gpxtpx:TrackPointExtension>
<gpxtpx:hr>100</gpxtpx:hr>
</gpxtpx:TrackPointExtension>
</extensions>
</trkpt>
<trkpt lat="36.7873825" lon="126.9717649">
<ele>-2.538</ele>
<time>2024-06-03T12:31:09Z</time>
<extensions>
<gpxtpx:TrackPointExtension>
<gpxtpx:hr>100</gpxtpx:hr>
</gpxtpx:TrackPointExtension>
</extensions>
</trkpt>
<trkpt lat="36.7873745" lon="126.9717818">
<ele>-2.612</ele>
<time>2024-06-03T12:31:10Z</time>
<extensions>
<gpxtpx:TrackPointExtension>
<gpxtpx:hr>101</gpxtpx:hr>
</gpxtpx:TrackPointExtension>
</extensions>
</trkpt>
<trkpt lat="36.787365" lon="126.9717971">
<ele>-2.571</ele>
<time>2024-06-03T12:31:11Z</time>
<extensions>
<gpxtpx:TrackPointExtension>
<gpxtpx:hr>101</gpxtpx:hr>
</gpxtpx:TrackPointExtension>
</extensions>
</trkpt>
<trkpt lat="36.7873539" lon="126.9718098">
<ele>-2.409</ele>
<time>2024-06-03T12:31:12Z</time>
<extensions>
<gpxtpx:TrackPointExtension>
<gpxtpx:hr>101</gpxtpx:hr>
</gpxtpx:TrackPointExtension>
</extensions>
</trkpt>
<trkpt lat="36.7873421" lon="126.9718194">
<ele>-2.226</ele>
<time>2024-06-03T12:31:13Z</time>
<extensions>
<gpxtpx:TrackPointExtension>
<gpxtpx:hr>101</gpxtpx:hr>
<gpxtpx:cad>107</gpxtpx:cad>
</gpxtpx:TrackPointExtension>
</extensions>
</trkpt>
<trkpt lat="36.787329" lon="126.9718277">
<ele>-2.059</ele>
<time>2024-06-03T12:31:14Z</time>
<extensions>
<gpxtpx:TrackPointExtension>
<gpxtpx:hr>101</gpxtpx:hr>
</gpxtpx:TrackPointExtension>
</extensions>
</trkpt>
<trkpt lat="36.7873137" lon="126.9718351">
<ele>-2.02</ele>
<time>2024-06-03T12:31:15Z</time>
<extensions>
<gpxtpx:TrackPointExtension>
<gpxtpx:hr>101</gpxtpx:hr>
</gpxtpx:TrackPointExtension>
</extensions>
</trkpt>
<trkpt lat="36.7872988" lon="126.9718394">
<ele>-2.001</ele>
<time>2024-06-03T12:31:16Z</time>
<extensions>
<gpxtpx:TrackPointExtension>
<gpxtpx:hr>102</gpxtpx:hr>
</gpxtpx:TrackPointExtension>
</extensions>
</trkpt>
<trkpt lat="36.7872834" lon="126.9718432">
<ele>-1.957</ele>
<time>2024-06-03T12:31:17Z</time>
<extensions>
<gpxtpx:TrackPointExtension>
<gpxtpx:hr>102</gpxtpx:hr>
</gpxtpx:TrackPointExtension>
</extensions>
</trkpt>
<trkpt lat="36.7872679" lon="126.9718495">
<ele>-1.973</ele>
<time>2024-06-03T12:31:18Z</time>
<extensions>
<gpxtpx:TrackPointExtension>
<gpxtpx:hr>102</gpxtpx:hr>
</gpxtpx:TrackPointExtension>
</extensions>
</trkpt>
<trkpt lat="36.7872538" lon="126.9718535">
<ele>-1.945</ele>
<time>2024-06-03T12:31:19Z</time>
<extensions>
<gpxtpx:TrackPointExtension>
<gpxtpx:hr>102</gpxtpx:hr>
</gpxtpx:TrackPointExtension>
</extensions>
</trkpt>
<trkpt lat="36.7872409" lon="126.9718581">
<ele>-1.96</ele>
<time>2024-06-03T12:31:20Z</time>
<extensions>
<gpxtpx:TrackPointExtension>
<gpxtpx:hr>102</gpxtpx:hr>
</gpxtpx:TrackPointExtension>
</extensions>
</trkpt>
<trkpt lat="36.7872285" lon="126.9718644">
<ele>-1.935</ele>
<time>2024-06-03T12:31:21Z</time>
<extensions>
<gpxtpx:TrackPointExtension>
<gpxtpx:hr>102</gpxtpx:hr>
</gpxtpx:TrackPointExtension>
</extensions>
</trkpt>
<trkpt lat="36.7872165" lon="126.9718687">
<ele>-1.917</ele>
<time>2024-06-03T12:31:22Z</time>
<extensions>
<gpxtpx:TrackPointExtension>
<gpxtpx:hr>102</gpxtpx:hr>
</gpxtpx:TrackPointExtension>
</extensions>
</trkpt>
<trkpt lat="36.7872056" lon="126.9718736">
<ele>-1.933</ele>
<time>2024-06-03T12:31:24Z</time>
<extensions>
<gpxtpx:TrackPointExtension>
<gpxtpx:hr>103</gpxtpx:hr>
<gpxtpx:cad>102</gpxtpx:cad>
</gpxtpx:TrackPointExtension>
</extensions>
</trkpt>
<trkpt lat="36.7871952" lon="126.9718797">
<ele>-1.966</ele>
<time>2024-06-03T12:31:25Z</time>
<extensions>
<gpxtpx:TrackPointExtension>
<gpxtpx:hr>103</gpxtpx:hr>
</gpxtpx:TrackPointExtension>
</extensions>
</trkpt>
<trkpt lat="36.7871727" lon="126.9718946">
<ele>-1.992</ele>
<time>2024-06-03T12:31:26Z</time>
<extensions>
<gpxtpx:TrackPointExtension>
<gpxtpx:hr>103</gpxtpx:hr>
</gpxtpx:TrackPointExtension>
</extensions>
</trkpt>
<trkpt lat="36.7871609" lon="126.9719042">
<ele>-1.996</ele>
<time>2024-06-03T12:31:27Z</time>
<extensions>
<gpxtpx:TrackPointExtension>
<gpxtpx:hr>103</gpxtpx:hr>
</gpxtpx:TrackPointExtension>
</extensions>
</trkpt>
<trkpt lat="36.7871493" lon="126.9719144">
<ele>-1.96</ele>
<time>2024-06-03T12:31:28Z</time>
<extensions>
<gpxtpx:TrackPointExtension>
<gpxtpx:hr>103</gpxtpx:hr>
</gpxtpx:TrackPointExtension>
</extensions>
</trkpt>
<trkpt lat="36.7871382" lon="126.9719259">
<ele>-2.066</ele>
<time>2024-06-03T12:31:29Z</time>
<extensions>
<gpxtpx:TrackPointExtension>
<gpxtpx:hr>103</gpxtpx:hr>
</gpxtpx:TrackPointExtension>
</extensions>
</trkpt>
<trkpt lat="36.7871269" lon="126.9719381">
<ele>-2.05</ele>
<time>2024-06-03T12:31:30Z</time>
<extensions>
<gpxtpx:TrackPointExtension>
<gpxtpx:hr>103</gpxtpx:hr>
</gpxtpx:TrackPointExtension>
</extensions>
</trkpt>
<trkpt lat="36.7871163" lon="126.9719502">
<ele>-2.088</ele>
<time>2024-06-03T12:31:31Z</time>
<extensions>
<gpxtpx:TrackPointExtension>
<gpxtpx:hr>103</gpxtpx:hr>
<gpxtpx:cad>105</gpxtpx:cad>
</gpxtpx:TrackPointExtension>
</extensions>
</trkpt>
<trkpt lat="36.7871062" lon="126.9719615">
<ele>-2.127</ele>
<time>2024-06-03T12:31:32Z</time>
<extensions>
<gpxtpx:TrackPointExtension>
<gpxtpx:hr>104</gpxtpx:hr>
</gpxtpx:TrackPointExtension>
</extensions>
</trkpt>
<trkpt lat="36.7870972" lon="126.9719744">
<ele>-2.139</ele>
<time>2024-06-03T12:31:33Z</time>
<extensions>
<gpxtpx:TrackPointExtension>
<gpxtpx:hr>104</gpxtpx:hr>
</gpxtpx:TrackPointExtension>
</extensions>
</trkpt>
<trkpt lat="36.7870896" lon="126.9719869">
<ele>-2.167</ele>
<time>2024-06-03T12:31:34Z</time>
<extensions>
<gpxtpx:TrackPointExtension>
<gpxtpx:hr>104</gpxtpx:hr>
<gpxtpx:cad>107</gpxtpx:cad>
</gpxtpx:TrackPointExtension>
</extensions>
</trkpt>
<trkpt lat="36.7870832" lon="126.9719996">
<ele>-2.231</ele>
<time>2024-06-03T12:31:35Z</time>
<extensions>
<gpxtpx:TrackPointExtension>
<gpxtpx:hr>104</gpxtpx:hr>
</gpxtpx:TrackPointExtension>
</extensions>
</trkpt>
<trkpt lat="36.7870777" lon="126.9720124">
<ele>-2.308</ele>
<time>2024-06-03T12:31:36Z</time>
<extensions>
<gpxtpx:TrackPointExtension>
<gpxtpx:hr>104</gpxtpx:hr>
</gpxtpx:TrackPointExtension>
</extensions>
</trkpt>
<trkpt lat="36.7870723" lon="126.9720254">
<ele>-2.331</ele>
<time>2024-06-03T12:31:37Z</time>
<extensions>
<gpxtpx:TrackPointExtension>
<gpxtpx:hr>105</gpxtpx:hr>
</gpxtpx:TrackPointExtension>
</extensions>
</trkpt>
<trkpt lat="36.7870668" lon="126.9720381">
<ele>-2.395</ele>
<time>2024-06-03T12:31:38Z</time>
<extensions>
<gpxtpx:TrackPointExtension>
<gpxtpx:hr>105</gpxtpx:hr>
</gpxtpx:TrackPointExtension>
</extensions>
</trkpt>
<trkpt lat="36.7870615" lon="126.9720511">
<ele>-2.43</ele>
<time>2024-06-03T12:31:39Z</time>
<extensions>
<gpxtpx:TrackPointExtension>
<gpxtpx:hr>105</gpxtpx:hr>
</gpxtpx:TrackPointExtension>
</extensions>
</trkpt>
<trkpt lat="36.7870569" lon="126.9720652">
<ele>-2.54</ele>
<time>2024-06-03T12:31:40Z</time>
<extensions>
<gpxtpx:TrackPointExtension>
<gpxtpx:hr>105</gpxtpx:hr>
</gpxtpx:TrackPointExtension>
</extensions>
</trkpt>
<trkpt lat="36.7870538" lon="126.9720807">
<ele>-2.604</ele>
<time>2024-06-03T12:31:41Z</time>
<extensions>
<gpxtpx:TrackPointExtension>
<gpxtpx:hr>104</gpxtpx:hr>
</gpxtpx:TrackPointExtension>
</extensions>
</trkpt>
<trkpt lat="36.7870515" lon="126.9720977">
<ele>-2.631</ele>
<time>2024-06-03T12:31:42Z</time>
<extensions>
<gpxtpx:TrackPointExtension>
<gpxtpx:hr>104</gpxtpx:hr>
</gpxtpx:TrackPointExtension>
</extensions>
</trkpt>
<trkpt lat="36.7870501" lon="126.972118">
<ele>-2.623</ele>
<time>2024-06-03T12:31:43Z</time>
<extensions>
<gpxtpx:TrackPointExtension>
<gpxtpx:hr>104</gpxtpx:hr>
</gpxtpx:TrackPointExtension>
</extensions>
</trkpt>
<trkpt lat="36.7870487" lon="126.9721403">
<ele>-2.584</ele>
<time>2024-06-03T12:31:44Z</time>
<extensions>
<gpxtpx:TrackPointExtension>
<gpxtpx:hr>104</gpxtpx:hr>
<gpxtpx:cad>109</gpxtpx:cad>
</gpxtpx:TrackPointExtension>
</extensions>
</trkpt>
<trkpt lat="36.7870479" lon="126.9721628">
<ele>-2.544</ele>
<time>2024-06-03T12:31:45Z</time>
<extensions>
<gpxtpx:TrackPointExtension>
<gpxtpx:hr>104</gpxtpx:hr>
</gpxtpx:TrackPointExtension>
</extensions>
</trkpt>
<trkpt lat="36.7870466" lon="126.9721828">
<ele>-2.518</ele>
<time>2024-06-03T12:31:46Z</time>
<extensions>
<gpxtpx:TrackPointExtension>
<gpxtpx:hr>105</gpxtpx:hr>
</gpxtpx:TrackPointExtension>
</extensions>
</trkpt>
<trkpt lat="36.7870459" lon="126.972205">
<ele>-2.478</ele>
<time>2024-06-03T12:31:47Z</time>
<extensions>
<gpxtpx:TrackPointExtension>
<gpxtpx:hr>105</gpxtpx:hr>
</gpxtpx:TrackPointExtension>
</extensions>
</trkpt>
<trkpt lat="36.7870449" lon="126.9722284">
<ele>-2.466</ele>
<time>2024-06-03T12:31:48Z</time>
<extensions>
<gpxtpx:TrackPointExtension>
<gpxtpx:hr>105</gpxtpx:hr>
</gpxtpx:TrackPointExtension>
</extensions>
</trkpt>
<trkpt lat="36.7870453" lon="126.9722552">
<ele>-2.486</ele>
<time>2024-06-03T12:31:49Z</time>
<extensions>
<gpxtpx:TrackPointExtension>
<gpxtpx:hr>105</gpxtpx:hr>
</gpxtpx:TrackPointExtension>
</extensions>
</trkpt>
<trkpt lat="36.7870458" lon="126.97228">
<ele>-2.522</ele>
<time>2024-06-03T12:31:50Z</time>
<extensions>
<gpxtpx:TrackPointExtension>
<gpxtpx:hr>105</gpxtpx:hr>
</gpxtpx:TrackPointExtension>
</extensions>
</trkpt>
<trkpt lat="36.7870448" lon="126.9723034">
<ele>-2.619</ele>
<time>2024-06-03T12:31:51Z</time>
<extensions>
<gpxtpx:TrackPointExtension>
<gpxtpx:hr>105</gpxtpx:hr>
</gpxtpx:TrackPointExtension>
</extensions>
</trkpt>
<trkpt lat="36.7870419" lon="126.9723225">
<ele>-2.696</ele>
<time>2024-06-03T12:31:52Z</time>
<extensions>
<gpxtpx:TrackPointExtension>
<gpxtpx:hr>105</gpxtpx:hr>
</gpxtpx:TrackPointExtension>
</extensions>
</trkpt>
<trkpt lat="36.7870364" lon="126.9723386">
<ele>-2.693</ele>
<time>2024-06-03T12:31:53Z</time>
<extensions>
<gpxtpx:TrackPointExtension>
<gpxtpx:hr>105</gpxtpx:hr>
</gpxtpx:TrackPointExtension>
</extensions>
</trkpt>
<trkpt lat="36.7870294" lon="126.9723527">
<ele>-2.674</ele>
<time>2024-06-03T12:31:54Z</time>
<extensions>
<gpxtpx:TrackPointExtension>
<gpxtpx:hr>105</gpxtpx:hr>
<gpxtpx:cad>108</gpxtpx:cad>
</gpxtpx:TrackPointExtension>
</extensions>
</trkpt>
<trkpt lat="36.7870226" lon="126.972364">
<ele>-2.696</ele>
<time>2024-06-03T12:31:55Z</time>
<extensions>
<gpxtpx:TrackPointExtension>
<gpxtpx:hr>105</gpxtpx:hr>
</gpxtpx:TrackPointExtension>
</extensions>
</trkpt>
<trkpt lat="36.7870158" lon="126.9723728">
<ele>-2.763</ele>
<time>2024-06-03T12:31:56Z</time>
<extensions>
<gpxtpx:TrackPointExtension>
<gpxtpx:hr>105</gpxtpx:hr>
</gpxtpx:TrackPointExtension>
</extensions>
</trkpt>
<trkpt lat="36.7870098" lon="126.97238">
<ele>-2.708</ele>
<time>2024-06-03T12:31:57Z</time>
<extensions>
<gpxtpx:TrackPointExtension>
<gpxtpx:hr>105</gpxtpx:hr>
</gpxtpx:TrackPointExtension>
</extensions>
</trkpt>
<trkpt lat="36.7870044" lon="126.9723864">
<ele>-2.726</ele>
<time>2024-06-03T12:31:58Z</time>
<extensions>
<gpxtpx:TrackPointExtension>
<gpxtpx:hr>105</gpxtpx:hr>
</gpxtpx:TrackPointExtension>
</extensions>
</trkpt>
<trkpt lat="36.7869986" lon="126.9723938">
<ele>-2.681</ele>
<time>2024-06-03T12:31:59Z</time>
<extensions>
<gpxtpx:TrackPointExtension>
<gpxtpx:hr>105</gpxtpx:hr>
</gpxtpx:TrackPointExtension>
</extensions>
</trkpt>
<trkpt lat="36.786992" lon="126.9724013">
<ele>-2.723</ele>
<time>2024-06-03T12:32:00Z</time>
<extensions>
<gpxtpx:TrackPointExtension>
<gpxtpx:hr>105</gpxtpx:hr>
</gpxtpx:TrackPointExtension>
</extensions>
</trkpt>
<trkpt lat="36.7869861" lon="126.9724093">
<ele>-2.696</ele>
<time>2024-06-03T12:32:01Z</time>
<extensions>
<gpxtpx:TrackPointExtension>
<gpxtpx:hr>105</gpxtpx:hr>
</gpxtpx:TrackPointExtension>
</extensions>
</trkpt>
<trkpt lat="36.7869803" lon="126.9724201">
<ele>-2.678</ele>
<time>2024-06-03T12:32:02Z</time>
<extensions>
<gpxtpx:TrackPointExtension>
<gpxtpx:hr>105</gpxtpx:hr>
</gpxtpx:TrackPointExtension>
</extensions>
</trkpt>
<trkpt lat="36.7869755" lon="126.97243">
<ele>-2.791</ele>
<time>2024-06-03T12:32:03Z</time>
<extensions>
<gpxtpx:TrackPointExtension>
<gpxtpx:hr>104</gpxtpx:hr>
</gpxtpx:TrackPointExtension>
</extensions>
</trkpt>
<trkpt lat="36.7869699" lon="126.9724385">
<ele>-2.775</ele>
<time>2024-06-03T12:32:04Z</time>
<extensions>
<gpxtpx:TrackPointExtension>
<gpxtpx:hr>104</gpxtpx:hr>
<gpxtpx:cad>109</gpxtpx:cad>
</gpxtpx:TrackPointExtension>
</extensions>
</trkpt>
<trkpt lat="36.7869638" lon="126.9724472">
<ele>-2.785</ele>
<time>2024-06-03T12:32:05Z</time>
<extensions>
<gpxtpx:TrackPointExtension>
<gpxtpx:hr>104</gpxtpx:hr>
</gpxtpx:TrackPointExtension>
</extensions>
</trkpt>
<trkpt lat="36.7869582" lon="126.9724543">
<ele>-2.797</ele>
<time>2024-06-03T12:32:06Z</time>
<extensions>
<gpxtpx:TrackPointExtension>
<gpxtpx:hr>104</gpxtpx:hr>
</gpxtpx:TrackPointExtension>
</extensions>
</trkpt>
<trkpt lat="36.7869524" lon="126.9724621">
<ele>-2.795</ele>
<time>2024-06-03T12:32:07Z</time>
<extensions>
<gpxtpx:TrackPointExtension>
<gpxtpx:hr>104</gpxtpx:hr>
</gpxtpx:TrackPointExtension>
</extensions>
</trkpt>
<trkpt lat="36.786946" lon="126.9724724">
<ele>-2.807</ele>
<time>2024-06-03T12:32:08Z</time>
<extensions>
<gpxtpx:TrackPointExtension>
<gpxtpx:hr>103</gpxtpx:hr>
</gpxtpx:TrackPointExtension>
</extensions>
</trkpt>
<trkpt lat="36.7869381" lon="126.9724836">
<ele>-2.796</ele>
<time>2024-06-03T12:32:09Z</time>
<extensions>
<gpxtpx:TrackPointExtension>
<gpxtpx:hr>103</gpxtpx:hr>
</gpxtpx:TrackPointExtension>
</extensions>
</trkpt>
<trkpt lat="36.7869298" lon="126.9724959">
<ele>-2.812</ele>
<time>2024-06-03T12:32:10Z</time>
<extensions>
<gpxtpx:TrackPointExtension>
<gpxtpx:hr>103</gpxtpx:hr>
</gpxtpx:TrackPointExtension>
</extensions>
</trkpt>
<trkpt lat="36.7869209" lon="126.9725088">
<ele>-2.774</ele>
<time>2024-06-03T12:32:11Z</time>
<extensions>
<gpxtpx:TrackPointExtension>
<gpxtpx:hr>103</gpxtpx:hr>
</gpxtpx:TrackPointExtension>
</extensions>
</trkpt>
<trkpt lat="36.7869109" lon="126.972523">
<ele>-2.802</ele>
<time>2024-06-03T12:32:12Z</time>
<extensions>
<gpxtpx:TrackPointExtension>
<gpxtpx:hr>103</gpxtpx:hr>
</gpxtpx:TrackPointExtension>
</extensions>
</trkpt>
<trkpt lat="36.7869003" lon="126.9725373">
<ele>-2.814</ele>
<time>2024-06-03T12:32:13Z</time>
<extensions>
<gpxtpx:TrackPointExtension>
<gpxtpx:hr>103</gpxtpx:hr>
</gpxtpx:TrackPointExtension>
</extensions>
</trkpt>
<trkpt lat="36.786889" lon="126.9725525">
<ele>-2.785</ele>
<time>2024-06-03T12:32:14Z</time>
<extensions>
<gpxtpx:TrackPointExtension>
<gpxtpx:hr>103</gpxtpx:hr>
<gpxtpx:cad>109</gpxtpx:cad>
</gpxtpx:TrackPointExtension>
</extensions>
</trkpt>
<trkpt lat="36.7868788" lon="126.9725662">
<ele>-2.839</ele>
<time>2024-06-03T12:32:15Z</time>
<extensions>
<gpxtpx:TrackPointExtension>
<gpxtpx:hr>103</gpxtpx:hr>
</gpxtpx:TrackPointExtension>
</extensions>
</trkpt>
<trkpt lat="36.7868682" lon="126.9725789">
<ele>-2.828</ele>
<time>2024-06-03T12:32:16Z</time>
<extensions>
<gpxtpx:TrackPointExtension>
<gpxtpx:hr>102</gpxtpx:hr>
</gpxtpx:TrackPointExtension>
</extensions>
</trkpt>
<trkpt lat="36.7868584" lon="126.972592">
<ele>-2.881</ele>
<time>2024-06-03T12:32:17Z</time>
<extensions>
<gpxtpx:TrackPointExtension>
<gpxtpx:hr>102</gpxtpx:hr>
</gpxtpx:TrackPointExtension>
</extensions>
</trkpt>
<trkpt lat="36.786849" lon="126.9726038">
<ele>-2.934</ele>
<time>2024-06-03T12:32:18Z</time>
<extensions>
<gpxtpx:TrackPointExtension>
<gpxtpx:hr>102</gpxtpx:hr>
</gpxtpx:TrackPointExtension>
</extensions>
</trkpt>
<trkpt lat="36.7868401" lon="126.9726157">
<ele>-2.883</ele>
<time>2024-06-03T12:32:19Z</time>
<extensions>
<gpxtpx:TrackPointExtension>
<gpxtpx:hr>102</gpxtpx:hr>
</gpxtpx:TrackPointExtension>
</extensions>
</trkpt>
<trkpt lat="36.7868304" lon="126.9726276">
<ele>-2.876</ele>
<time>2024-06-03T12:32:20Z</time>
<extensions>
<gpxtpx:TrackPointExtension>
<gpxtpx:hr>103</gpxtpx:hr>
</gpxtpx:TrackPointExtension>
</extensions>
</trkpt>
<trkpt lat="36.7868211" lon="126.972639">
<ele>-2.861</ele>
<time>2024-06-03T12:32:21Z</time>
<extensions>
<gpxtpx:TrackPointExtension>
<gpxtpx:hr>103</gpxtpx:hr>
</gpxtpx:TrackPointExtension>
</extensions>
</trkpt>
<trkpt lat="36.7868113" lon="126.9726512">
<ele>-2.859</ele>
<time>2024-06-03T12:32:22Z</time>
<extensions>
<gpxtpx:TrackPointExtension>
<gpxtpx:hr>103</gpxtpx:hr>
</gpxtpx:TrackPointExtension>
</extensions>
</trkpt>
<trkpt lat="36.7868025" lon="126.972664">
<ele>-2.859</ele>
<time>2024-06-03T12:32:23Z</time>
<extensions>
<gpxtpx:TrackPointExtension>
<gpxtpx:hr>103</gpxtpx:hr>
</gpxtpx:TrackPointExtension>
</extensions>
</trkpt>
<trkpt lat="36.7867934" lon="126.972678">
<ele>-2.869</ele>
<time>2024-06-03T12:32:24Z</time>
<extensions>
<gpxtpx:TrackPointExtension>
<gpxtpx:hr>103</gpxtpx:hr>
<gpxtpx:cad>108</gpxtpx:cad>
</gpxtpx:TrackPointExtension>
</extensions>
</trkpt>
<trkpt lat="36.7867835" lon="126.9726913">
<ele>-2.882</ele>
<time>2024-06-03T12:32:25Z</time>
<extensions>
<gpxtpx:TrackPointExtension>
<gpxtpx:hr>103</gpxtpx:hr>
</gpxtpx:TrackPointExtension>
</extensions>
</trkpt>
<trkpt lat="36.7867741" lon="126.9727042">
<ele>-2.868</ele>
<time>2024-06-03T12:32:26Z</time>
<extensions>
<gpxtpx:TrackPointExtension>
<gpxtpx:hr>103</gpxtpx:hr>
</gpxtpx:TrackPointExtension>
</extensions>
</trkpt>
<trkpt lat="36.7867654" lon="126.9727162">
<ele>-2.906</ele>
<time>2024-06-03T12:32:27Z</time>
<extensions>
<gpxtpx:TrackPointExtension>
<gpxtpx:hr>103</gpxtpx:hr>
</gpxtpx:TrackPointExtension>
</extensions>
</trkpt>
<trkpt lat="36.7867568" lon="126.972727">
<ele>-2.882</ele>
<time>2024-06-03T12:32:28Z</time>
<extensions>
<gpxtpx:TrackPointExtension>
<gpxtpx:hr>103</gpxtpx:hr>
</gpxtpx:TrackPointExtension>
</extensions>
</trkpt>
<trkpt lat="36.7867486" lon="126.9727374">
<ele>-2.875</ele>
<time>2024-06-03T12:32:29Z</time>
<extensions>
<gpxtpx:TrackPointExtension>
<gpxtpx:hr>103</gpxtpx:hr>
</gpxtpx:TrackPointExtension>
</extensions>
</trkpt>
<trkpt lat="36.7867409" lon="126.972749">
<ele>-2.852</ele>
<time>2024-06-03T12:32:30Z</time>
<extensions>
<gpxtpx:TrackPointExtension>
<gpxtpx:hr>103</gpxtpx:hr>
</gpxtpx:TrackPointExtension>
</extensions>
</trkpt>
<trkpt lat="36.7867327" lon="126.9727603">
<ele>-2.878</ele>
<time>2024-06-03T12:32:31Z</time>
<extensions>
<gpxtpx:TrackPointExtension>
<gpxtpx:hr>103</gpxtpx:hr>
</gpxtpx:TrackPointExtension>
</extensions>
</trkpt>
<trkpt lat="36.7867237" lon="126.972771">
<ele>-2.804</ele>
<time>2024-06-03T12:32:32Z</time>
<extensions>
<gpxtpx:TrackPointExtension>
<gpxtpx:hr>102</gpxtpx:hr>
</gpxtpx:TrackPointExtension>
</extensions>
</trkpt>
<trkpt lat="36.786714" lon="126.9727822">
<ele>-2.83</ele>
<time>2024-06-03T12:32:33Z</time>
<extensions>
<gpxtpx:TrackPointExtension>
<gpxtpx:hr>102</gpxtpx:hr>
</gpxtpx:TrackPointExtension>
</extensions>
</trkpt>
<trkpt lat="36.7867035" lon="126.9727939">
<ele>-2.78</ele>
<time>2024-06-03T12:32:34Z</time>
<extensions>
<gpxtpx:TrackPointExtension>
<gpxtpx:hr>102</gpxtpx:hr>
<gpxtpx:cad>108</gpxtpx:cad>
</gpxtpx:TrackPointExtension>
</extensions>
</trkpt>
<trkpt lat="36.7866927" lon="126.9728053">
<ele>-2.828</ele>
<time>2024-06-03T12:32:35Z</time>
<extensions>
<gpxtpx:TrackPointExtension>
<gpxtpx:hr>102</gpxtpx:hr>
</gpxtpx:TrackPointExtension>
</extensions>
</trkpt>
<trkpt lat="36.786681" lon="126.9728161">
<ele>-2.819</ele>
<time>2024-06-03T12:32:36Z</time>
<extensions>
<gpxtpx:TrackPointExtension>
<gpxtpx:hr>102</gpxtpx:hr>
</gpxtpx:TrackPointExtension>
</extensions>
</trkpt>
<trkpt lat="36.7866682" lon="126.9728272">
<ele>-2.861</ele>
<time>2024-06-03T12:32:37Z</time>
<extensions>
<gpxtpx:TrackPointExtension>
<gpxtpx:hr>102</gpxtpx:hr>
</gpxtpx:TrackPointExtension>
</extensions>
</trkpt>
<trkpt lat="36.786655" lon="126.9728395">
<ele>-2.842</ele>
<time>2024-06-03T12:32:38Z</time>
<extensions>
<gpxtpx:TrackPointExtension>
<gpxtpx:hr>102</gpxtpx:hr>
</gpxtpx:TrackPointExtension>
</extensions>
</trkpt>
<trkpt lat="36.7866416" lon="126.9728519">
<ele>-2.78</ele>
<time>2024-06-03T12:32:39Z</time>
<extensions>
<gpxtpx:TrackPointExtension>
<gpxtpx:hr>102</gpxtpx:hr>
<gpxtpx:cad>108</gpxtpx:cad>
</gpxtpx:TrackPointExtension>
</extensions>
</trkpt>
<trkpt lat="36.7866264" lon="126.9728634">
<ele>-2.775</ele>
<time>2024-06-03T12:32:40Z</time>
<extensions>
<gpxtpx:TrackPointExtension>
<gpxtpx:hr>102</gpxtpx:hr>
</gpxtpx:TrackPointExtension>
</extensions>
</trkpt>
<trkpt lat="36.786611" lon="126.9728731">
<ele>-2.779</ele>
<time>2024-06-03T12:32:41Z</time>
<extensions>
<gpxtpx:TrackPointExtension>
<gpxtpx:hr>101</gpxtpx:hr>
</gpxtpx:TrackPointExtension>
</extensions>
</trkpt>
<trkpt lat="36.7865953" lon="126.9728815">
<ele>-2.765</ele>
<time>2024-06-03T12:32:42Z</time>
<extensions>
<gpxtpx:TrackPointExtension>
<gpxtpx:hr>102</gpxtpx:hr>
</gpxtpx:TrackPointExtension>
</extensions>
</trkpt>
<trkpt lat="36.7865785" lon="126.9728906">
<ele>-2.73</ele>
<time>2024-06-03T12:32:43Z</time>
<extensions>
<gpxtpx:TrackPointExtension>
<gpxtpx:hr>102</gpxtpx:hr>
<gpxtpx:cad>108</gpxtpx:cad>
</gpxtpx:TrackPointExtension>
</extensions>
</trkpt>
<trkpt lat="36.7865615" lon="126.9729001">
<ele>-2.718</ele>
<time>2024-06-03T12:32:44Z</time>
<extensions>
<gpxtpx:TrackPointExtension>
<gpxtpx:hr>102</gpxtpx:hr>
</gpxtpx:TrackPointExtension>
</extensions>
</trkpt>
<trkpt lat="36.7865446" lon="126.9729113">
<ele>-2.684</ele>
<time>2024-06-03T12:32:45Z</time>
<extensions>
<gpxtpx:TrackPointExtension>
<gpxtpx:hr>102</gpxtpx:hr>
</gpxtpx:TrackPointExtension>
</extensions>
</trkpt>
<trkpt lat="36.7865285" lon="126.9729227">
<ele>-2.68</ele>
<time>2024-06-03T12:32:46Z</time>
<extensions>
<gpxtpx:TrackPointExtension>
<gpxtpx:hr>101</gpxtpx:hr>
</gpxtpx:TrackPointExtension>
</extensions>
</trkpt>
<trkpt lat="36.7865132" lon="126.9729346">
<ele>-2.76</ele>
<time>2024-06-03T12:32:47Z</time>
<extensions>
<gpxtpx:TrackPointExtension>
<gpxtpx:hr>101</gpxtpx:hr>
</gpxtpx:TrackPointExtension>
</extensions>
</trkpt>
<trkpt lat="36.7864995" lon="126.9729452">
<ele>-2.815</ele>
<time>2024-06-03T12:32:48Z</time>
<extensions>
<gpxtpx:TrackPointExtension>
<gpxtpx:hr>101</gpxtpx:hr>
</gpxtpx:TrackPointExtension>
</extensions>
</trkpt>
<trkpt lat="36.7864871" lon="126.9729551">
<ele>-2.727</ele>
<time>2024-06-03T12:32:49Z</time>
<extensions>
<gpxtpx:TrackPointExtension>
<gpxtpx:hr>101</gpxtpx:hr>
</gpxtpx:TrackPointExtension>
</extensions>
</trkpt>
<trkpt lat="36.7864746" lon="126.9729646">
<ele>-2.748</ele>
<time>2024-06-03T12:32:50Z</time>
<extensions>
<gpxtpx:TrackPointExtension>
<gpxtpx:hr>102</gpxtpx:hr>
</gpxtpx:TrackPointExtension>
</extensions>
</trkpt>
<trkpt lat="36.7864638" lon="126.9729739">
<ele>-2.697</ele>
<time>2024-06-03T12:32:51Z</time>
<extensions>
<gpxtpx:TrackPointExtension>
<gpxtpx:hr>102</gpxtpx:hr>
</gpxtpx:TrackPointExtension>
</extensions>
</trkpt>
<trkpt lat="36.7864543" lon="126.9729825">
<ele>-2.697</ele>
<time>2024-06-03T12:32:52Z</time>
<extensions>
<gpxtpx:TrackPointExtension>
<gpxtpx:hr>102</gpxtpx:hr>
</gpxtpx:TrackPointExtension>
</extensions>
</trkpt>
<trkpt lat="36.7864465" lon="126.9729912">
<ele>-2.672</ele>
<time>2024-06-03T12:32:53Z</time>
<extensions>
<gpxtpx:TrackPointExtension>
<gpxtpx:hr>102</gpxtpx:hr>
<gpxtpx:cad>107</gpxtpx:cad>
</gpxtpx:TrackPointExtension>
</extensions>
</trkpt>
<trkpt lat="36.7864403" lon="126.9730007">
<ele>-2.695</ele>
<time>2024-06-03T12:32:54Z</time>
<extensions>
<gpxtpx:TrackPointExtension>
<gpxtpx:hr>102</gpxtpx:hr>
</gpxtpx:TrackPointExtension>
</extensions>
</trkpt>
<trkpt lat="36.7864346" lon="126.9730106">
<ele>-2.708</ele>
<time>2024-06-03T12:32:55Z</time>
<extensions>
<gpxtpx:TrackPointExtension>
<gpxtpx:hr>102</gpxtpx:hr>
</gpxtpx:TrackPointExtension>
</extensions>
</trkpt>
<trkpt lat="36.786429" lon="126.9730205">
<ele>-2.716</ele>
<time>2024-06-03T12:32:56Z</time>
<extensions>
<gpxtpx:TrackPointExtension>
<gpxtpx:hr>102</gpxtpx:hr>
</gpxtpx:TrackPointExtension>
</extensions>
</trkpt>
<trkpt lat="36.786423" lon="126.9730313">
<ele>-2.691</ele>
<time>2024-06-03T12:32:57Z</time>
<extensions>
<gpxtpx:TrackPointExtension>
<gpxtpx:hr>102</gpxtpx:hr>
</gpxtpx:TrackPointExtension>
</extensions>
</trkpt>
<trkpt lat="36.7864166" lon="126.9730433">
<ele>-2.705</ele>
<time>2024-06-03T12:32:58Z</time>
<extensions>
<gpxtpx:TrackPointExtension>
<gpxtpx:hr>102</gpxtpx:hr>
</gpxtpx:TrackPointExtension>
</extensions>
</trkpt>
<trkpt lat="36.7864089" lon="126.9730545">
<ele>-2.726</ele>
<time>2024-06-03T12:32:59Z</time>
<extensions>
<gpxtpx:TrackPointExtension>
<gpxtpx:hr>102</gpxtpx:hr>
</gpxtpx:TrackPointExtension>
</extensions>
</trkpt>
<trkpt lat="36.786401" lon="126.9730667">
<ele>-2.696</ele>
<time>2024-06-03T12:33:00Z</time>
<extensions>
<gpxtpx:TrackPointExtension>
<gpxtpx:hr>102</gpxtpx:hr>
</gpxtpx:TrackPointExtension>
</extensions>
</trkpt>
<trkpt lat="36.7863929" lon="126.9730803">
<ele>-2.689</ele>
<time>2024-06-03T12:33:01Z</time>
<extensions>
<gpxtpx:TrackPointExtension>
<gpxtpx:hr>102</gpxtpx:hr>
</gpxtpx:TrackPointExtension>
</extensions>
</trkpt>
<trkpt lat="36.7863827" lon="126.9730958">
<ele>-2.518</ele>
<time>2024-06-03T12:33:02Z</time>
<extensions>
<gpxtpx:TrackPointExtension>
<gpxtpx:hr>102</gpxtpx:hr>
</gpxtpx:TrackPointExtension>
</extensions>
</trkpt>
<trkpt lat="36.786372" lon="126.9731139">
<ele>-2.46</ele>
<time>2024-06-03T12:33:03Z</time>
<extensions>
<gpxtpx:TrackPointExtension>
<gpxtpx:hr>102</gpxtpx:hr>
<gpxtpx:cad>106</gpxtpx:cad>
</gpxtpx:TrackPointExtension>
</extensions>
</trkpt>
<trkpt lat="36.7863612" lon="126.9731315">
<ele>-2.376</ele>
<time>2024-06-03T12:33:04Z</time>
<extensions>
<gpxtpx:TrackPointExtension>
<gpxtpx:hr>102</gpxtpx:hr>
</gpxtpx:TrackPointExtension>
</extensions>
</trkpt>
<trkpt lat="36.786352" lon="126.973147">
<ele>-2.28</ele>
<time>2024-06-03T12:33:05Z</time>
<extensions>
<gpxtpx:TrackPointExtension>
<gpxtpx:hr>102</gpxtpx:hr>
</gpxtpx:TrackPointExtension>
</extensions>
</trkpt>
<trkpt lat="36.786344" lon="126.9731596">
<ele>-2.265</ele>
<time>2024-06-03T12:33:06Z</time>
<extensions>
<gpxtpx:TrackPointExtension>
<gpxtpx:hr>102</gpxtpx:hr>
</gpxtpx:TrackPointExtension>
</extensions>
</trkpt>
<trkpt lat="36.7863369" lon="126.9731707">
<ele>-2.183</ele>
<time>2024-06-03T12:33:07Z</time>
<extensions>
<gpxtpx:TrackPointExtension>
<gpxtpx:hr>101</gpxtpx:hr>
</gpxtpx:TrackPointExtension>
</extensions>
</trkpt>
<trkpt lat="36.7863298" lon="126.9731803">
<ele>-2.311</ele>
<time>2024-06-03T12:33:08Z</time>
<extensions>
<gpxtpx:TrackPointExtension>
<gpxtpx:hr>101</gpxtpx:hr>
</gpxtpx:TrackPointExtension>
</extensions>
</trkpt>
<trkpt lat="36.7863231" lon="126.9731887">
<ele>-2.462</ele>
<time>2024-06-03T12:33:09Z</time>
<extensions>
<gpxtpx:TrackPointExtension>
<gpxtpx:hr>101</gpxtpx:hr>
</gpxtpx:TrackPointExtension>
</extensions>
</trkpt>
<trkpt lat="36.7863165" lon="126.9731959">
<ele>-2.516</ele>
<time>2024-06-03T12:33:10Z</time>
<extensions>
<gpxtpx:TrackPointExtension>
<gpxtpx:hr>100</gpxtpx:hr>
</gpxtpx:TrackPointExtension>
</extensions>
</trkpt>
<trkpt lat="36.7863102" lon="126.9732023">
<ele>-2.528</ele>
<time>2024-06-03T12:33:11Z</time>
<extensions>
<gpxtpx:TrackPointExtension>
<gpxtpx:hr>101</gpxtpx:hr>
</gpxtpx:TrackPointExtension>
</extensions>
</trkpt>
<trkpt lat="36.7863043" lon="126.9732083">
<ele>-2.576</ele>
<time>2024-06-03T12:33:12Z</time>
<extensions>
<gpxtpx:TrackPointExtension>
<gpxtpx:hr>101</gpxtpx:hr>
</gpxtpx:TrackPointExtension>
</extensions>
</trkpt>
<trkpt lat="36.7862992" lon="126.9732137">
<ele>-2.564</ele>
<time>2024-06-03T12:33:13Z</time>
<extensions>
<gpxtpx:TrackPointExtension>
<gpxtpx:hr>102</gpxtpx:hr>
<gpxtpx:cad>105</gpxtpx:cad>
</gpxtpx:TrackPointExtension>
</extensions>
</trkpt>
<trkpt lat="36.7862928" lon="126.9732192">
<ele>-2.561</ele>
<time>2024-06-03T12:33:14Z</time>
<extensions>
<gpxtpx:TrackPointExtension>
<gpxtpx:hr>102</gpxtpx:hr>
</gpxtpx:TrackPointExtension>
</extensions>
</trkpt>
<trkpt lat="36.7862863" lon="126.9732265">
<ele>-2.566</ele>
<time>2024-06-03T12:33:15Z</time>
<extensions>
<gpxtpx:TrackPointExtension>
<gpxtpx:hr>103</gpxtpx:hr>
</gpxtpx:TrackPointExtension>
</extensions>
</trkpt>
<trkpt lat="36.7862807" lon="126.9732363">
<ele>-2.608</ele>
<time>2024-06-03T12:33:16Z</time>
<extensions>
<gpxtpx:TrackPointExtension>
<gpxtpx:hr>103</gpxtpx:hr>
</gpxtpx:TrackPointExtension>
</extensions>
</trkpt>
<trkpt lat="36.7862755" lon="126.9732475">
<ele>-2.583</ele>
<time>2024-06-03T12:33:17Z</time>
<extensions>
<gpxtpx:TrackPointExtension>
<gpxtpx:hr>103</gpxtpx:hr>
</gpxtpx:TrackPointExtension>
</extensions>
</trkpt>
<trkpt lat="36.7862704" lon="126.9732593">
<ele>-2.562</ele>
<time>2024-06-03T12:33:18Z</time>
<extensions>
<gpxtpx:TrackPointExtension>
<gpxtpx:hr>103</gpxtpx:hr>
</gpxtpx:TrackPointExtension>
</extensions>
</trkpt>
<trkpt lat="36.7862642" lon="126.9732734">
<ele>-2.61</ele>
<time>2024-06-03T12:33:19Z</time>
<extensions>
<gpxtpx:TrackPointExtension>
<gpxtpx:hr>103</gpxtpx:hr>
</gpxtpx:TrackPointExtension>
</extensions>
</trkpt>
<trkpt lat="36.7862568" lon="126.9732865">
<ele>-2.585</ele>
<time>2024-06-03T12:33:21Z</time>
<extensions>
<gpxtpx:TrackPointExtension>
<gpxtpx:hr>103</gpxtpx:hr>
</gpxtpx:TrackPointExtension>
</extensions>
</trkpt>
<trkpt lat="36.7862479" lon="126.973298">
<ele>-2.577</ele>
<time>2024-06-03T12:33:22Z</time>
<extensions>
<gpxtpx:TrackPointExtension>
<gpxtpx:hr>103</gpxtpx:hr>
</gpxtpx:TrackPointExtension>
</extensions>
</trkpt>
<trkpt lat="36.7862379" lon="126.9733073">
<ele>-2.614</ele>
<time>2024-06-03T12:33:23Z</time>
<extensions>
<gpxtpx:TrackPointExtension>
<gpxtpx:hr>103</gpxtpx:hr>
</gpxtpx:TrackPointExtension>
</extensions>
</trkpt>
<trkpt lat="36.7862189" lon="126.9733204">
<ele>-2.581</ele>
<time>2024-06-03T12:33:24Z</time>
<extensions>
<gpxtpx:TrackPointExtension>
<gpxtpx:hr>103</gpxtpx:hr>
<gpxtpx:cad>107</gpxtpx:cad>
</gpxtpx:TrackPointExtension>
</extensions>
</trkpt>
<trkpt lat="36.7862036" lon="126.9733315">
<ele>-2.569</ele>
<time>2024-06-03T12:33:26Z</time>
<extensions>
<gpxtpx:TrackPointExtension>
<gpxtpx:hr>103</gpxtpx:hr>
</gpxtpx:TrackPointExtension>
</extensions>
</trkpt>
<trkpt lat="36.7861969" lon="126.9733364">
<ele>-2.524</ele>
<time>2024-06-03T12:33:27Z</time>
<extensions>
<gpxtpx:TrackPointExtension>
<gpxtpx:hr>102</gpxtpx:hr>
</gpxtpx:TrackPointExtension>
</extensions>
</trkpt>
<trkpt lat="36.7861911" lon="126.9733407">
<ele>-2.487</ele>
<time>2024-06-03T12:33:28Z</time>
<extensions>
<gpxtpx:TrackPointExtension>
<gpxtpx:hr>102</gpxtpx:hr>
</gpxtpx:TrackPointExtension>
</extensions>
</trkpt>
<trkpt lat="36.7861854" lon="126.9733459">
<ele>-2.506</ele>
<time>2024-06-03T12:33:29Z</time>
<extensions>
<gpxtpx:TrackPointExtension>
<gpxtpx:hr>102</gpxtpx:hr>
</gpxtpx:TrackPointExtension>
</extensions>
</trkpt>
<trkpt lat="36.7861804" lon="126.9733499">
<ele>-2.462</ele>
<time>2024-06-03T12:33:30Z</time>
<extensions>
<gpxtpx:TrackPointExtension>
<gpxtpx:hr>102</gpxtpx:hr>
</gpxtpx:TrackPointExtension>
</extensions>
</trkpt>
<trkpt lat="36.7861763" lon="126.973353">
<ele>-2.484</ele>
<time>2024-06-03T12:33:31Z</time>
<extensions>
<gpxtpx:TrackPointExtension>
<gpxtpx:hr>102</gpxtpx:hr>
</gpxtpx:TrackPointExtension>
</extensions>
</trkpt>
<trkpt lat="36.786172" lon="126.9733574">
<ele>-2.519</ele>
<time>2024-06-03T12:33:32Z</time>
<extensions>
<gpxtpx:TrackPointExtension>
<gpxtpx:hr>102</gpxtpx:hr>
</gpxtpx:TrackPointExtension>
</extensions>
</trkpt>
<trkpt lat="36.7861676" lon="126.9733619">
<ele>-2.442</ele>
<time>2024-06-03T12:33:33Z</time>
<extensions>
<gpxtpx:TrackPointExtension>
<gpxtpx:hr>102</gpxtpx:hr>
</gpxtpx:TrackPointExtension>
</extensions>
</trkpt>
<trkpt lat="36.7861632" lon="126.9733661">
<ele>-2.458</ele>
<time>2024-06-03T12:33:34Z</time>
<extensions>
<gpxtpx:TrackPointExtension>
<gpxtpx:hr>102</gpxtpx:hr>
<gpxtpx:cad>106</gpxtpx:cad>
</gpxtpx:TrackPointExtension>
</extensions>
</trkpt>
<trkpt lat="36.7861585" lon="126.973371">
<ele>-2.389</ele>
<time>2024-06-03T12:33:35Z</time>
<extensions>
<gpxtpx:TrackPointExtension>
<gpxtpx:hr>102</gpxtpx:hr>
</gpxtpx:TrackPointExtension>
</extensions>
</trkpt>
<trkpt lat="36.7861535" lon="126.9733757">
<ele>-2.403</ele>
<time>2024-06-03T12:33:36Z</time>
<extensions>
<gpxtpx:TrackPointExtension>
<gpxtpx:hr>102</gpxtpx:hr>
</gpxtpx:TrackPointExtension>
</extensions>
</trkpt>
<trkpt lat="36.7861485" lon="126.9733789">
<ele>-2.402</ele>
<time>2024-06-03T12:33:37Z</time>
<extensions>
<gpxtpx:TrackPointExtension>
<gpxtpx:hr>102</gpxtpx:hr>
</gpxtpx:TrackPointExtension>
</extensions>
</trkpt>
<trkpt lat="36.7861434" lon="126.9733813">
<ele>-2.492</ele>
<time>2024-06-03T12:33:38Z</time>
<extensions>
<gpxtpx:TrackPointExtension>
<gpxtpx:hr>102</gpxtpx:hr>
</gpxtpx:TrackPointExtension>
</extensions>
</trkpt>
<trkpt lat="36.7861387" lon="126.9733847">
<ele>-2.502</ele>
<time>2024-06-03T12:33:39Z</time>
<extensions>
<gpxtpx:TrackPointExtension>
<gpxtpx:hr>102</gpxtpx:hr>
</gpxtpx:TrackPointExtension>
</extensions>
</trkpt>
<trkpt lat="36.7861353" lon="126.97339">
<ele>-2.53</ele>
<time>2024-06-03T12:33:40Z</time>
<extensions>
<gpxtpx:TrackPointExtension>
<gpxtpx:hr>102</gpxtpx:hr>
</gpxtpx:TrackPointExtension>
</extensions>
</trkpt>
<trkpt lat="36.7861326" lon="126.973397">
<ele>-2.59</ele>
<time>2024-06-03T12:33:41Z</time>
<extensions>
<gpxtpx:TrackPointExtension>
<gpxtpx:hr>102</gpxtpx:hr>
</gpxtpx:TrackPointExtension>
</extensions>
</trkpt>
<trkpt lat="36.7861303" lon="126.9734047">
<ele>-2.536</ele>
<time>2024-06-03T12:33:42Z</time>
<extensions>
<gpxtpx:TrackPointExtension>
<gpxtpx:hr>102</gpxtpx:hr>
</gpxtpx:TrackPointExtension>
</extensions>
</trkpt>
<trkpt lat="36.7861286" lon="126.9734122">
<ele>-2.545</ele>
<time>2024-06-03T12:33:43Z</time>
<extensions>
<gpxtpx:TrackPointExtension>
<gpxtpx:hr>103</gpxtpx:hr>
</gpxtpx:TrackPointExtension>
</extensions>
</trkpt>
<trkpt lat="36.7861271" lon="126.9734187">
<ele>-2.489</ele>
<time>2024-06-03T12:33:44Z</time>
<extensions>
<gpxtpx:TrackPointExtension>
<gpxtpx:hr>103</gpxtpx:hr>
<gpxtpx:cad>108</gpxtpx:cad>
</gpxtpx:TrackPointExtension>
</extensions>
</trkpt>
<trkpt lat="36.7861256" lon="126.9734248">
<ele>-2.482</ele>
<time>2024-06-03T12:33:45Z</time>
<extensions>
<gpxtpx:TrackPointExtension>
<gpxtpx:hr>103</gpxtpx:hr>
</gpxtpx:TrackPointExtension>
</extensions>
</trkpt>
<trkpt lat="36.7861244" lon="126.9734302">
<ele>-2.479</ele>
<time>2024-06-03T12:33:46Z</time>
<extensions>
<gpxtpx:TrackPointExtension>
<gpxtpx:hr>103</gpxtpx:hr>
</gpxtpx:TrackPointExtension>
</extensions>
</trkpt>
<trkpt lat="36.7861235" lon="126.9734364">
<ele>-2.543</ele>
<time>2024-06-03T12:33:47Z</time>
<extensions>
<gpxtpx:TrackPointExtension>
<gpxtpx:hr>103</gpxtpx:hr>
</gpxtpx:TrackPointExtension>
</extensions>
</trkpt>
<trkpt lat="36.7861224" lon="126.9734454">
<ele>-2.485</ele>
<time>2024-06-03T12:33:48Z</time>
<extensions>
<gpxtpx:TrackPointExtension>
<gpxtpx:hr>103</gpxtpx:hr>
</gpxtpx:TrackPointExtension>
</extensions>
</trkpt>
<trkpt lat="36.7861211" lon="126.973456">
<ele>-2.311</ele>
<time>2024-06-03T12:33:49Z</time>
<extensions>
<gpxtpx:TrackPointExtension>
<gpxtpx:hr>103</gpxtpx:hr>
</gpxtpx:TrackPointExtension>
</extensions>
</trkpt>
<trkpt lat="36.786118" lon="126.9734678">
<ele>-2.406</ele>
<time>2024-06-03T12:33:50Z</time>
<extensions>
<gpxtpx:TrackPointExtension>
<gpxtpx:hr>103</gpxtpx:hr>
</gpxtpx:TrackPointExtension>
</extensions>
</trkpt>
<trkpt lat="36.786114" lon="126.9734812">
<ele>-2.481</ele>
<time>2024-06-03T12:33:51Z</time>
<extensions>
<gpxtpx:TrackPointExtension>
<gpxtpx:hr>103</gpxtpx:hr>
</gpxtpx:TrackPointExtension>
</extensions>
</trkpt>
<trkpt lat="36.7861084" lon="126.9734968">
<ele>-2.549</ele>
<time>2024-06-03T12:33:52Z</time>
<extensions>
<gpxtpx:TrackPointExtension>
<gpxtpx:hr>103</gpxtpx:hr>
</gpxtpx:TrackPointExtension>
</extensions>
</trkpt>
<trkpt lat="36.7861016" lon="126.9735136">
<ele>-2.586</ele>
<time>2024-06-03T12:33:53Z</time>
<extensions>
<gpxtpx:TrackPointExtension>
<gpxtpx:hr>103</gpxtpx:hr>
</gpxtpx:TrackPointExtension>
</extensions>
</trkpt>
<trkpt lat="36.7860956" lon="126.9735329">
<ele>-2.618</ele>
<time>2024-06-03T12:33:54Z</time>
<extensions>
<gpxtpx:TrackPointExtension>
<gpxtpx:hr>103</gpxtpx:hr>
<gpxtpx:cad>109</gpxtpx:cad>
</gpxtpx:TrackPointExtension>
</extensions>
</trkpt>
<trkpt lat="36.7860903" lon="126.9735538">
<ele>-2.646</ele>
<time>2024-06-03T12:33:55Z</time>
<extensions>
<gpxtpx:TrackPointExtension>
<gpxtpx:hr>103</gpxtpx:hr>
</gpxtpx:TrackPointExtension>
</extensions>
</trkpt>
<trkpt lat="36.7860855" lon="126.9735737">
<ele>-2.613</ele>
<time>2024-06-03T12:33:56Z</time>
<extensions>
<gpxtpx:TrackPointExtension>
<gpxtpx:hr>103</gpxtpx:hr>
</gpxtpx:TrackPointExtension>
</extensions>
</trkpt>
<trkpt lat="36.7860816" lon="126.9735958">
<ele>-2.687</ele>
<time>2024-06-03T12:33:57Z</time>
<extensions>
<gpxtpx:TrackPointExtension>
<gpxtpx:hr>103</gpxtpx:hr>
</gpxtpx:TrackPointExtension>
</extensions>
</trkpt>
<trkpt lat="36.7860783" lon="126.9736171">
<ele>-2.679</ele>
<time>2024-06-03T12:33:58Z</time>
<extensions>
<gpxtpx:TrackPointExtension>
<gpxtpx:hr>103</gpxtpx:hr>
</gpxtpx:TrackPointExtension>
</extensions>
</trkpt>
<trkpt lat="36.7860755" lon="126.9736401">
<ele>-2.694</ele>
<time>2024-06-03T12:33:59Z</time>
<extensions>
<gpxtpx:TrackPointExtension>
<gpxtpx:hr>103</gpxtpx:hr>
<gpxtpx:cad>108</gpxtpx:cad>
</gpxtpx:TrackPointExtension>
</extensions>
</trkpt>
<trkpt lat="36.7860731" lon="126.9736631">
<ele>-2.685</ele>
<time>2024-06-03T12:34:00Z</time>
<extensions>
<gpxtpx:TrackPointExtension>
<gpxtpx:hr>103</gpxtpx:hr>
</gpxtpx:TrackPointExtension>
</extensions>
</trkpt>
<trkpt lat="36.7860702" lon="126.9736859">
<ele>-2.738</ele>
<time>2024-06-03T12:34:01Z</time>
<extensions>
<gpxtpx:TrackPointExtension>
<gpxtpx:hr>103</gpxtpx:hr>
</gpxtpx:TrackPointExtension>
</extensions>
</trkpt>
<trkpt lat="36.786067" lon="126.9737073">
<ele>-2.779</ele>
<time>2024-06-03T12:34:02Z</time>
<extensions>
<gpxtpx:TrackPointExtension>
<gpxtpx:hr>103</gpxtpx:hr>
</gpxtpx:TrackPointExtension>
</extensions>
</trkpt>
<trkpt lat="36.7860626" lon="126.9737275">
<ele>-2.747</ele>
<time>2024-06-03T12:34:03Z</time>
<extensions>
<gpxtpx:TrackPointExtension>
<gpxtpx:hr>103</gpxtpx:hr>
</gpxtpx:TrackPointExtension>
</extensions>
</trkpt>
<trkpt lat="36.7860587" lon="126.9737467">
<ele>-2.711</ele>
<time>2024-06-03T12:34:04Z</time>
<extensions>
<gpxtpx:TrackPointExtension>
<gpxtpx:hr>103</gpxtpx:hr>
<gpxtpx:cad>108</gpxtpx:cad>
</gpxtpx:TrackPointExtension>
</extensions>
</trkpt>
<trkpt lat="36.7860544" lon="126.9737657">
<ele>-2.647</ele>
<time>2024-06-03T12:34:05Z</time>
<extensions>
<gpxtpx:TrackPointExtension>
<gpxtpx:hr>103</gpxtpx:hr>
</gpxtpx:TrackPointExtension>
</extensions>
</trkpt>
<trkpt lat="36.7860499" lon="126.9737838">
<ele>-2.65</ele>
<time>2024-06-03T12:34:06Z</time>
<extensions>
<gpxtpx:TrackPointExtension>
<gpxtpx:hr>103</gpxtpx:hr>
</gpxtpx:TrackPointExtension>
</extensions>
</trkpt>
<trkpt lat="36.7860455" lon="126.9738002">
<ele>-2.604</ele>
<time>2024-06-03T12:34:07Z</time>
<extensions>
<gpxtpx:TrackPointExtension>
<gpxtpx:hr>103</gpxtpx:hr>
</gpxtpx:TrackPointExtension>
</extensions>
</trkpt>
<trkpt lat="36.7860411" lon="126.9738144">
<ele>-2.511</ele>
<time>2024-06-03T12:34:08Z</time>
<extensions>
<gpxtpx:TrackPointExtension>
<gpxtpx:hr>103</gpxtpx:hr>
</gpxtpx:TrackPointExtension>
</extensions>
</trkpt>
<trkpt lat="36.7860362" lon="126.9738275">
<ele>-2.514</ele>
<time>2024-06-03T12:34:09Z</time>
<extensions>
<gpxtpx:TrackPointExtension>
<gpxtpx:hr>103</gpxtpx:hr>
</gpxtpx:TrackPointExtension>
</extensions>
</trkpt>
<trkpt lat="36.7860317" lon="126.9738403">
<ele>-2.502</ele>
<time>2024-06-03T12:34:10Z</time>
<extensions>
<gpxtpx:TrackPointExtension>
<gpxtpx:hr>103</gpxtpx:hr>
</gpxtpx:TrackPointExtension>
</extensions>
</trkpt>
<trkpt lat="36.7860274" lon="126.9738527">
<ele>-2.462</ele>
<time>2024-06-03T12:34:11Z</time>
<extensions>
<gpxtpx:TrackPointExtension>
<gpxtpx:hr>103</gpxtpx:hr>
</gpxtpx:TrackPointExtension>
</extensions>
</trkpt>
<trkpt lat="36.7860225" lon="126.9738649">
<ele>-2.441</ele>
<time>2024-06-03T12:34:12Z</time>
<extensions>
<gpxtpx:TrackPointExtension>
<gpxtpx:hr>103</gpxtpx:hr>
</gpxtpx:TrackPointExtension>
</extensions>
</trkpt>
<trkpt lat="36.7860177" lon="126.9738766">
<ele>-2.387</ele>
<time>2024-06-03T12:34:13Z</time>
<extensions>
<gpxtpx:TrackPointExtension>
<gpxtpx:hr>103</gpxtpx:hr>
</gpxtpx:TrackPointExtension>
</extensions>
</trkpt>
<trkpt lat="36.7860121" lon="126.9738869">
<ele>-2.402</ele>
<time>2024-06-03T12:34:14Z</time>
<extensions>
<gpxtpx:TrackPointExtension>
<gpxtpx:hr>103</gpxtpx:hr>
<gpxtpx:cad>107</gpxtpx:cad>
</gpxtpx:TrackPointExtension>
</extensions>
</trkpt>
<trkpt lat="36.7860058" lon="126.973896">
<ele>-2.33</ele>
<time>2024-06-03T12:34:15Z</time>
<extensions>
<gpxtpx:TrackPointExtension>
<gpxtpx:hr>103</gpxtpx:hr>
</gpxtpx:TrackPointExtension>
</extensions>
</trkpt>
<trkpt lat="36.7859996" lon="126.973904">
<ele>-2.257</ele>
<time>2024-06-03T12:34:16Z</time>
<extensions>
<gpxtpx:TrackPointExtension>
<gpxtpx:hr>102</gpxtpx:hr>
</gpxtpx:TrackPointExtension>
</extensions>
</trkpt>
<trkpt lat="36.7859938" lon="126.9739119">
<ele>-2.226</ele>
<time>2024-06-03T12:34:17Z</time>
<extensions>
<gpxtpx:TrackPointExtension>
<gpxtpx:hr>102</gpxtpx:hr>
</gpxtpx:TrackPointExtension>
</extensions>
</trkpt>
<trkpt lat="36.7859887" lon="126.9739221">
<ele>-2.215</ele>
<time>2024-06-03T12:34:18Z</time>
<extensions>
<gpxtpx:TrackPointExtension>
<gpxtpx:hr>102</gpxtpx:hr>
</gpxtpx:TrackPointExtension>
</extensions>
</trkpt>
<trkpt lat="36.7859838" lon="126.9739341">
<ele>-2.214</ele>
<time>2024-06-03T12:34:19Z</time>
<extensions>
<gpxtpx:TrackPointExtension>
<gpxtpx:hr>102</gpxtpx:hr>
</gpxtpx:TrackPointExtension>
</extensions>
</trkpt>
<trkpt lat="36.7859801" lon="126.9739479">
<ele>-2.209</ele>
<time>2024-06-03T12:34:20Z</time>
<extensions>
<gpxtpx:TrackPointExtension>
<gpxtpx:hr>102</gpxtpx:hr>
</gpxtpx:TrackPointExtension>
</extensions>
</trkpt>
<trkpt lat="36.7859768" lon="126.9739621">
<ele>-2.119</ele>
<time>2024-06-03T12:34:21Z</time>
<extensions>
<gpxtpx:TrackPointExtension>
<gpxtpx:hr>102</gpxtpx:hr>
</gpxtpx:TrackPointExtension>
</extensions>
</trkpt>
<trkpt lat="36.785974" lon="126.973976">
<ele>-2.133</ele>
<time>2024-06-03T12:34:22Z</time>
<extensions>
<gpxtpx:TrackPointExtension>
<gpxtpx:hr>103</gpxtpx:hr>
</gpxtpx:TrackPointExtension>
</extensions>
</trkpt>
<trkpt lat="36.785972" lon="126.9739912">
<ele>-2.011</ele>
<time>2024-06-03T12:34:23Z</time>
<extensions>
<gpxtpx:TrackPointExtension>
<gpxtpx:hr>103</gpxtpx:hr>
</gpxtpx:TrackPointExtension>
</extensions>
</trkpt>
<trkpt lat="36.7859705" lon="126.974007">
<ele>-2.014</ele>
<time>2024-06-03T12:34:24Z</time>
<extensions>
<gpxtpx:TrackPointExtension>
<gpxtpx:hr>103</gpxtpx:hr>
<gpxtpx:cad>107</gpxtpx:cad>
</gpxtpx:TrackPointExtension>
</extensions>
</trkpt>
<trkpt lat="36.7859687" lon="126.9740247">
<ele>-2.056</ele>
<time>2024-06-03T12:34:25Z</time>
<extensions>
<gpxtpx:TrackPointExtension>
<gpxtpx:hr>103</gpxtpx:hr>
</gpxtpx:TrackPointExtension>
</extensions>
</trkpt>
<trkpt lat="36.7859663" lon="126.9740424">
<ele>-1.997</ele>
<time>2024-06-03T12:34:26Z</time>
<extensions>
<gpxtpx:TrackPointExtension>
<gpxtpx:hr>103</gpxtpx:hr>
</gpxtpx:TrackPointExtension>
</extensions>
</trkpt>
<trkpt lat="36.7859625" lon="126.9740615">
<ele>-1.951</ele>
<time>2024-06-03T12:34:27Z</time>
<extensions>
<gpxtpx:TrackPointExtension>
<gpxtpx:hr>103</gpxtpx:hr>
</gpxtpx:TrackPointExtension>
</extensions>
</trkpt>
<trkpt lat="36.7859585" lon="126.9740814">
<ele>-1.965</ele>
<time>2024-06-03T12:34:28Z</time>
<extensions>
<gpxtpx:TrackPointExtension>
<gpxtpx:hr>103</gpxtpx:hr>
</gpxtpx:TrackPointExtension>
</extensions>
</trkpt>
<trkpt lat="36.7859537" lon="126.9741019">
<ele>-1.994</ele>
<time>2024-06-03T12:34:29Z</time>
<extensions>
<gpxtpx:TrackPointExtension>
<gpxtpx:hr>103</gpxtpx:hr>
</gpxtpx:TrackPointExtension>
</extensions>
</trkpt>
<trkpt lat="36.7859487" lon="126.9741216">
<ele>-1.922</ele>
<time>2024-06-03T12:34:30Z</time>
<extensions>
<gpxtpx:TrackPointExtension>
<gpxtpx:hr>103</gpxtpx:hr>
</gpxtpx:TrackPointExtension>
</extensions>
</trkpt>
<trkpt lat="36.7859433" lon="126.97414">
<ele>-1.885</ele>
<time>2024-06-03T12:34:31Z</time>
<extensions>
<gpxtpx:TrackPointExtension>
<gpxtpx:hr>103</gpxtpx:hr>
</gpxtpx:TrackPointExtension>
</extensions>
</trkpt>
<trkpt lat="36.7859375" lon="126.9741568">
<ele>-1.861</ele>
<time>2024-06-03T12:34:32Z</time>
<extensions>
<gpxtpx:TrackPointExtension>
<gpxtpx:hr>103</gpxtpx:hr>
</gpxtpx:TrackPointExtension>
</extensions>
</trkpt>
<trkpt lat="36.7859311" lon="126.9741728">
<ele>-1.929</ele>
<time>2024-06-03T12:34:33Z</time>
<extensions>
<gpxtpx:TrackPointExtension>
<gpxtpx:hr>103</gpxtpx:hr>
<gpxtpx:cad>107</gpxtpx:cad>
</gpxtpx:TrackPointExtension>
</extensions>
</trkpt>
<trkpt lat="36.7859241" lon="126.974187">
<ele>-1.929</ele>
<time>2024-06-03T12:34:34Z</time>
<extensions>
<gpxtpx:TrackPointExtension>
<gpxtpx:hr>103</gpxtpx:hr>
</gpxtpx:TrackPointExtension>
</extensions>
</trkpt>
<trkpt lat="36.7859165" lon="126.9742009">
<ele>-1.927</ele>
<time>2024-06-03T12:34:35Z</time>
<extensions>
<gpxtpx:TrackPointExtension>
<gpxtpx:hr>103</gpxtpx:hr>
</gpxtpx:TrackPointExtension>
</extensions>
</trkpt>
<trkpt lat="36.7859087" lon="126.974214">
<ele>-1.884</ele>
<time>2024-06-03T12:34:36Z</time>
<extensions>
<gpxtpx:TrackPointExtension>
<gpxtpx:hr>103</gpxtpx:hr>
</gpxtpx:TrackPointExtension>
</extensions>
</trkpt>
<trkpt lat="36.7859011" lon="126.9742262">
<ele>-1.92</ele>
<time>2024-06-03T12:34:37Z</time>
<extensions>
<gpxtpx:TrackPointExtension>
<gpxtpx:hr>103</gpxtpx:hr>
</gpxtpx:TrackPointExtension>
</extensions>
</trkpt>
<trkpt lat="36.785892" lon="126.9742396">
<ele>-1.846</ele>
<time>2024-06-03T12:34:38Z</time>
<extensions>
<gpxtpx:TrackPointExtension>
<gpxtpx:hr>103</gpxtpx:hr>
</gpxtpx:TrackPointExtension>
</extensions>
</trkpt>
<trkpt lat="36.7858826" lon="126.9742522">
<ele>-1.848</ele>
<time>2024-06-03T12:34:39Z</time>
<extensions>
<gpxtpx:TrackPointExtension>
<gpxtpx:hr>103</gpxtpx:hr>
</gpxtpx:TrackPointExtension>
</extensions>
</trkpt>
<trkpt lat="36.7858731" lon="126.9742656">
<ele>-1.779</ele>
<time>2024-06-03T12:34:40Z</time>
<extensions>
<gpxtpx:TrackPointExtension>
<gpxtpx:hr>103</gpxtpx:hr>
</gpxtpx:TrackPointExtension>
</extensions>
</trkpt>
<trkpt lat="36.7858633" lon="126.9742787">
<ele>-1.78</ele>
<time>2024-06-03T12:34:41Z</time>
<extensions>
<gpxtpx:TrackPointExtension>
<gpxtpx:hr>103</gpxtpx:hr>
</gpxtpx:TrackPointExtension>
</extensions>
</trkpt>
<trkpt lat="36.7858532" lon="126.9742915">
<ele>-1.789</ele>
<time>2024-06-03T12:34:42Z</time>
<extensions>
<gpxtpx:TrackPointExtension>
<gpxtpx:hr>103</gpxtpx:hr>
</gpxtpx:TrackPointExtension>
</extensions>
</trkpt>
<trkpt lat="36.7858435" lon="126.974304">
<ele>-1.804</ele>
<time>2024-06-03T12:34:43Z</time>
<extensions>
<gpxtpx:TrackPointExtension>
<gpxtpx:hr>103</gpxtpx:hr>
<gpxtpx:cad>107</gpxtpx:cad>
</gpxtpx:TrackPointExtension>
</extensions>
</trkpt>
<trkpt lat="36.7858336" lon="126.9743183">
<ele>-1.788</ele>
<time>2024-06-03T12:34:44Z</time>
<extensions>
<gpxtpx:TrackPointExtension>
<gpxtpx:hr>102</gpxtpx:hr>
</gpxtpx:TrackPointExtension>
</extensions>
</trkpt>
<trkpt lat="36.7858249" lon="126.9743339">
<ele>-1.754</ele>
<time>2024-06-03T12:34:45Z</time>
<extensions>
<gpxtpx:TrackPointExtension>
<gpxtpx:hr>102</gpxtpx:hr>
</gpxtpx:TrackPointExtension>
</extensions>
</trkpt>
<trkpt lat="36.7858166" lon="126.9743488">
<ele>-1.787</ele>
<time>2024-06-03T12:34:46Z</time>
<extensions>
<gpxtpx:TrackPointExtension>
<gpxtpx:hr>102</gpxtpx:hr>
</gpxtpx:TrackPointExtension>
</extensions>
</trkpt>
<trkpt lat="36.7858084" lon="126.9743624">
<ele>-1.792</ele>
<time>2024-06-03T12:34:47Z</time>
<extensions>
<gpxtpx:TrackPointExtension>
<gpxtpx:hr>102</gpxtpx:hr>
</gpxtpx:TrackPointExtension>
</extensions>
</trkpt>
<trkpt lat="36.7858002" lon="126.9743754">
<ele>-1.704</ele>
<time>2024-06-03T12:34:48Z</time>
<extensions>
<gpxtpx:TrackPointExtension>
<gpxtpx:hr>102</gpxtpx:hr>
</gpxtpx:TrackPointExtension>
</extensions>
</trkpt>
<trkpt lat="36.7857927" lon="126.9743875">
<ele>-1.667</ele>
<time>2024-06-03T12:34:49Z</time>
<extensions>
<gpxtpx:TrackPointExtension>
<gpxtpx:hr>102</gpxtpx:hr>
</gpxtpx:TrackPointExtension>
</extensions>
</trkpt>
<trkpt lat="36.7857858" lon="126.9743992">
<ele>-1.629</ele>
<time>2024-06-03T12:34:50Z</time>
<extensions>
<gpxtpx:TrackPointExtension>
<gpxtpx:hr>102</gpxtpx:hr>
</gpxtpx:TrackPointExtension>
</extensions>
</trkpt>
<trkpt lat="36.7857788" lon="126.9744112">
<ele>-1.563</ele>
<time>2024-06-03T12:34:51Z</time>
<extensions>
<gpxtpx:TrackPointExtension>
<gpxtpx:hr>102</gpxtpx:hr>
</gpxtpx:TrackPointExtension>
</extensions>
</trkpt>
<trkpt lat="36.7857718" lon="126.974424">
<ele>-1.6</ele>
<time>2024-06-03T12:34:52Z</time>
<extensions>
<gpxtpx:TrackPointExtension>
<gpxtpx:hr>102</gpxtpx:hr>
</gpxtpx:TrackPointExtension>
</extensions>
</trkpt>
<trkpt lat="36.7857658" lon="126.9744359">
<ele>-1.629</ele>
<time>2024-06-03T12:34:53Z</time>
<extensions>
<gpxtpx:TrackPointExtension>
<gpxtpx:hr>102</gpxtpx:hr>
<gpxtpx:cad>107</gpxtpx:cad>
</gpxtpx:TrackPointExtension>
</extensions>
</trkpt>
<trkpt lat="36.7857603" lon="126.9744478">
<ele>-1.61</ele>
<time>2024-06-03T12:34:54Z</time>
<extensions>
<gpxtpx:TrackPointExtension>
<gpxtpx:hr>102</gpxtpx:hr>
</gpxtpx:TrackPointExtension>
</extensions>
</trkpt>
<trkpt lat="36.7857547" lon="126.974461">
<ele>-1.675</ele>
<time>2024-06-03T12:34:55Z</time>
<extensions>
<gpxtpx:TrackPointExtension>
<gpxtpx:hr>102</gpxtpx:hr>
</gpxtpx:TrackPointExtension>
</extensions>
</trkpt>
<trkpt lat="36.785748" lon="126.9744756">
<ele>-1.655</ele>
<time>2024-06-03T12:34:56Z</time>
<extensions>
<gpxtpx:TrackPointExtension>
<gpxtpx:hr>102</gpxtpx:hr>
</gpxtpx:TrackPointExtension>
</extensions>
</trkpt>
<trkpt lat="36.785741" lon="126.9744912">
<ele>-1.674</ele>
<time>2024-06-03T12:34:57Z</time>
<extensions>
<gpxtpx:TrackPointExtension>
<gpxtpx:hr>102</gpxtpx:hr>
</gpxtpx:TrackPointExtension>
</extensions>
</trkpt>
<trkpt lat="36.7857327" lon="126.9745078">
<ele>-1.651</ele>
<time>2024-06-03T12:34:58Z</time>
<extensions>
<gpxtpx:TrackPointExtension>
<gpxtpx:hr>102</gpxtpx:hr>
</gpxtpx:TrackPointExtension>
</extensions>
</trkpt>
<trkpt lat="36.7857243" lon="126.9745247">
<ele>-1.631</ele>
<time>2024-06-03T12:34:59Z</time>
<extensions>
<gpxtpx:TrackPointExtension>
<gpxtpx:hr>102</gpxtpx:hr>
</gpxtpx:TrackPointExtension>
</extensions>
</trkpt>
<trkpt lat="36.7857167" lon="126.9745427">
<ele>-1.675</ele>
<time>2024-06-03T12:35:00Z</time>
<extensions>
<gpxtpx:TrackPointExtension>
<gpxtpx:hr>102</gpxtpx:hr>
</gpxtpx:TrackPointExtension>
</extensions>
</trkpt>
<trkpt lat="36.7857102" lon="126.9745613">
<ele>-1.609</ele>
<time>2024-06-03T12:35:01Z</time>
<extensions>
<gpxtpx:TrackPointExtension>
<gpxtpx:hr>102</gpxtpx:hr>
</gpxtpx:TrackPointExtension>
</extensions>
</trkpt>
<trkpt lat="36.7857049" lon="126.9745799">
<ele>-1.74</ele>
<time>2024-06-03T12:35:02Z</time>
<extensions>
<gpxtpx:TrackPointExtension>
<gpxtpx:hr>103</gpxtpx:hr>
</gpxtpx:TrackPointExtension>
</extensions>
</trkpt>
<trkpt lat="36.7857001" lon="126.9745978">
<ele>-1.748</ele>
<time>2024-06-03T12:35:03Z</time>
<extensions>
<gpxtpx:TrackPointExtension>
<gpxtpx:hr>103</gpxtpx:hr>
<gpxtpx:cad>108</gpxtpx:cad>
</gpxtpx:TrackPointExtension>
</extensions>
</trkpt>
<trkpt lat="36.785696" lon="126.9746135">
<ele>-1.48</ele>
<time>2024-06-03T12:35:04Z</time>
<extensions>
<gpxtpx:TrackPointExtension>
<gpxtpx:hr>103</gpxtpx:hr>
</gpxtpx:TrackPointExtension>
</extensions>
</trkpt>
<trkpt lat="36.7856932" lon="126.9746282">
<ele>-1.11</ele>
<time>2024-06-03T12:35:05Z</time>
<extensions>
<gpxtpx:TrackPointExtension>
<gpxtpx:hr>103</gpxtpx:hr>
<gpxtpx:cad>108</gpxtpx:cad>
</gpxtpx:TrackPointExtension>
</extensions>
</trkpt>
<trkpt lat="36.7856927" lon="126.9746406">
<ele>-0.99</ele>
<time>2024-06-03T12:35:06Z</time>
<extensions>
<gpxtpx:TrackPointExtension>
<gpxtpx:hr>103</gpxtpx:hr>
</gpxtpx:TrackPointExtension>
</extensions>
</trkpt>
<trkpt lat="36.7856942" lon="126.9746525">
<ele>-0.936</ele>
<time>2024-06-03T12:35:07Z</time>
<extensions>
<gpxtpx:TrackPointExtension>
<gpxtpx:hr>103</gpxtpx:hr>
</gpxtpx:TrackPointExtension>
</extensions>
</trkpt>
<trkpt lat="36.7856977" lon="126.9746655">
<ele>-1.024</ele>
<time>2024-06-03T12:35:08Z</time>
<extensions>
<gpxtpx:TrackPointExtension>
<gpxtpx:hr>103</gpxtpx:hr>
</gpxtpx:TrackPointExtension>
</extensions>
</trkpt>
<trkpt lat="36.7857039" lon="126.9746799">
<ele>-1.051</ele>
<time>2024-06-03T12:35:09Z</time>
<extensions>
<gpxtpx:TrackPointExtension>
<gpxtpx:hr>103</gpxtpx:hr>
</gpxtpx:TrackPointExtension>
</extensions>
</trkpt>
<trkpt lat="36.7857144" lon="126.974695">
<ele>-1.03</ele>
<time>2024-06-03T12:35:10Z</time>
<extensions>
<gpxtpx:TrackPointExtension>
<gpxtpx:hr>103</gpxtpx:hr>
</gpxtpx:TrackPointExtension>
</extensions>
</trkpt>
<trkpt lat="36.7857255" lon="126.9747106">
<ele>-1.086</ele>
<time>2024-06-03T12:35:11Z</time>
<extensions>
<gpxtpx:TrackPointExtension>
<gpxtpx:hr>102</gpxtpx:hr>
</gpxtpx:TrackPointExtension>
</extensions>
</trkpt>
<trkpt lat="36.7857364" lon="126.9747271">
<ele>-1.098</ele>
<time>2024-06-03T12:35:12Z</time>
<extensions>
<gpxtpx:TrackPointExtension>
<gpxtpx:hr>102</gpxtpx:hr>
</gpxtpx:TrackPointExtension>
</extensions>
</trkpt>
<trkpt lat="36.7857446" lon="126.9747456">
<ele>-1.05</ele>
<time>2024-06-03T12:35:13Z</time>
<extensions>
<gpxtpx:TrackPointExtension>
<gpxtpx:hr>102</gpxtpx:hr>
<gpxtpx:cad>113</gpxtpx:cad>
</gpxtpx:TrackPointExtension>
</extensions>
</trkpt>
<trkpt lat="36.7857503" lon="126.9747642">
<ele>-1.028</ele>
<time>2024-06-03T12:35:14Z</time>
<extensions>
<gpxtpx:TrackPointExtension>
<gpxtpx:hr>102</gpxtpx:hr>
</gpxtpx:TrackPointExtension>
</extensions>
</trkpt>
<trkpt lat="36.7857514" lon="126.9747825">
<ele>-1.183</ele>
<time>2024-06-03T12:35:15Z</time>
<extensions>
<gpxtpx:TrackPointExtension>
<gpxtpx:hr>101</gpxtpx:hr>
</gpxtpx:TrackPointExtension>
</extensions>
</trkpt>
<trkpt lat="36.7857483" lon="126.9748002">
<ele>-1.536</ele>
<time>2024-06-03T12:35:16Z</time>
<extensions>
<gpxtpx:TrackPointExtension>
<gpxtpx:hr>101</gpxtpx:hr>
</gpxtpx:TrackPointExtension>
</extensions>
</trkpt>
<trkpt lat="36.7857421" lon="126.9748165">
<ele>-1.684</ele>
<time>2024-06-03T12:35:17Z</time>
<extensions>
<gpxtpx:TrackPointExtension>
<gpxtpx:hr>101</gpxtpx:hr>
</gpxtpx:TrackPointExtension>
</extensions>
</trkpt>
<trkpt lat="36.7857316" lon="126.974831">
<ele>-1.663</ele>
<time>2024-06-03T12:35:18Z</time>
<extensions>
<gpxtpx:TrackPointExtension>
<gpxtpx:hr>101</gpxtpx:hr>
</gpxtpx:TrackPointExtension>
</extensions>
</trkpt>
<trkpt lat="36.7857199" lon="126.9748423">
<ele>-1.67</ele>
<time>2024-06-03T12:35:19Z</time>
</trkpt>
<trkpt lat="36.7857076" lon="126.974853">
<ele>-1.689</ele>
<time>2024-06-03T12:35:20Z</time>
<extensions>
<gpxtpx:TrackPointExtension>
<gpxtpx:hr>101</gpxtpx:hr>
</gpxtpx:TrackPointExtension>
</extensions>
</trkpt>
<trkpt lat="36.7856961" lon="126.9748629">
<ele>-1.72</ele>
<time>2024-06-03T12:35:21Z</time>
<extensions>
<gpxtpx:TrackPointExtension>
<gpxtpx:hr>101</gpxtpx:hr>
</gpxtpx:TrackPointExtension>
</extensions>
</trkpt>
<trkpt lat="36.7856859" lon="126.9748725">
<ele>-1.686</ele>
<time>2024-06-03T12:35:22Z</time>
<extensions>
<gpxtpx:TrackPointExtension>
<gpxtpx:hr>101</gpxtpx:hr>
</gpxtpx:TrackPointExtension>
</extensions>
</trkpt>
<trkpt lat="36.7856769" lon="126.9748812">
<ele>-1.74</ele>
<time>2024-06-03T12:35:23Z</time>
<extensions>
<gpxtpx:TrackPointExtension>
<gpxtpx:hr>101</gpxtpx:hr>
<gpxtpx:cad>104</gpxtpx:cad>
</gpxtpx:TrackPointExtension>
</extensions>
</trkpt>
<trkpt lat="36.7856691" lon="126.9748903">
<ele>-1.72</ele>
<time>2024-06-03T12:35:24Z</time>
<extensions>
<gpxtpx:TrackPointExtension>
<gpxtpx:hr>101</gpxtpx:hr>
</gpxtpx:TrackPointExtension>
</extensions>
</trkpt>
<trkpt lat="36.7856615" lon="126.9749001">
<ele>-1.722</ele>
<time>2024-06-03T12:35:25Z</time>
<extensions>
<gpxtpx:TrackPointExtension>
<gpxtpx:hr>101</gpxtpx:hr>
</gpxtpx:TrackPointExtension>
</extensions>
</trkpt>
<trkpt lat="36.7856532" lon="126.9749109">
<ele>-1.72</ele>
<time>2024-06-03T12:35:27Z</time>
<extensions>
<gpxtpx:TrackPointExtension>
<gpxtpx:hr>101</gpxtpx:hr>
</gpxtpx:TrackPointExtension>
</extensions>
</trkpt>
<trkpt lat="36.785644" lon="126.9749224">
<ele>-1.689</ele>
<time>2024-06-03T12:35:28Z</time>
<extensions>
<gpxtpx:TrackPointExtension>
<gpxtpx:hr>101</gpxtpx:hr>
</gpxtpx:TrackPointExtension>
</extensions>
</trkpt>
<trkpt lat="36.7856354" lon="126.9749337">
<ele>-1.701</ele>
<time>2024-06-03T12:35:29Z</time>
<extensions>
<gpxtpx:TrackPointExtension>
<gpxtpx:hr>101</gpxtpx:hr>
</gpxtpx:TrackPointExtension>
</extensions>
</trkpt>
<trkpt lat="36.7856194" lon="126.9749563">
<ele>-1.743</ele>
<time>2024-06-03T12:35:30Z</time>
<extensions>
<gpxtpx:TrackPointExtension>
<gpxtpx:hr>101</gpxtpx:hr>
</gpxtpx:TrackPointExtension>
</extensions>
</trkpt>
<trkpt lat="36.7856121" lon="126.9749694">
<ele>-1.647</ele>
<time>2024-06-03T12:35:31Z</time>
<extensions>
<gpxtpx:TrackPointExtension>
<gpxtpx:hr>101</gpxtpx:hr>
</gpxtpx:TrackPointExtension>
</extensions>
</trkpt>
<trkpt lat="36.7856058" lon="126.9749826">
<ele>-1.389</ele>
<time>2024-06-03T12:35:32Z</time>
<extensions>
<gpxtpx:TrackPointExtension>
<gpxtpx:hr>101</gpxtpx:hr>
</gpxtpx:TrackPointExtension>
</extensions>
</trkpt>
<trkpt lat="36.7855999" lon="126.9749949">
<ele>-1.243</ele>
<time>2024-06-03T12:35:33Z</time>
<extensions>
<gpxtpx:TrackPointExtension>
<gpxtpx:hr>101</gpxtpx:hr>
</gpxtpx:TrackPointExtension>
</extensions>
</trkpt>
<trkpt lat="36.7855944" lon="126.9750068">
<ele>-1.125</ele>
<time>2024-06-03T12:35:34Z</time>
<extensions>
<gpxtpx:TrackPointExtension>
<gpxtpx:hr>101</gpxtpx:hr>
<gpxtpx:cad>106</gpxtpx:cad>
</gpxtpx:TrackPointExtension>
</extensions>
</trkpt>
<trkpt lat="36.7855893" lon="126.9750189">
<ele>-1.101</ele>
<time>2024-06-03T12:35:35Z</time>
<extensions>
<gpxtpx:TrackPointExtension>
<gpxtpx:hr>101</gpxtpx:hr>
</gpxtpx:TrackPointExtension>
</extensions>
</trkpt>
<trkpt lat="36.785584" lon="126.9750308">
<ele>-1.037</ele>
<time>2024-06-03T12:35:36Z</time>
<extensions>
<gpxtpx:TrackPointExtension>
<gpxtpx:hr>101</gpxtpx:hr>
</gpxtpx:TrackPointExtension>
</extensions>
</trkpt>
<trkpt lat="36.7855796" lon="126.9750436">
<ele>-1.014</ele>
<time>2024-06-03T12:35:37Z</time>
<extensions>
<gpxtpx:TrackPointExtension>
<gpxtpx:hr>101</gpxtpx:hr>
</gpxtpx:TrackPointExtension>
</extensions>
</trkpt>
<trkpt lat="36.7855742" lon="126.975059">
<ele>-1.104</ele>
<time>2024-06-03T12:35:38Z</time>
<extensions>
<gpxtpx:TrackPointExtension>
<gpxtpx:hr>101</gpxtpx:hr>
</gpxtpx:TrackPointExtension>
</extensions>
</trkpt>
<trkpt lat="36.7855687" lon="126.9750758">
<ele>-1.077</ele>
<time>2024-06-03T12:35:39Z</time>
<extensions>
<gpxtpx:TrackPointExtension>
<gpxtpx:hr>101</gpxtpx:hr>
</gpxtpx:TrackPointExtension>
</extensions>
</trkpt>
<trkpt lat="36.7855642" lon="126.975093">
<ele>-1.093</ele>
<time>2024-06-03T12:35:40Z</time>
<extensions>
<gpxtpx:TrackPointExtension>
<gpxtpx:hr>101</gpxtpx:hr>
</gpxtpx:TrackPointExtension>
</extensions>
</trkpt>
<trkpt lat="36.7855601" lon="126.975111">
<ele>-1.136</ele>
<time>2024-06-03T12:35:41Z</time>
<extensions>
<gpxtpx:TrackPointExtension>
<gpxtpx:hr>101</gpxtpx:hr>
</gpxtpx:TrackPointExtension>
</extensions>
</trkpt>
<trkpt lat="36.7855564" lon="126.9751301">
<ele>-1.145</ele>
<time>2024-06-03T12:35:42Z</time>
<extensions>
<gpxtpx:TrackPointExtension>
<gpxtpx:hr>101</gpxtpx:hr>
</gpxtpx:TrackPointExtension>
</extensions>
</trkpt>
<trkpt lat="36.7855528" lon="126.9751498">
<ele>-1.233</ele>
<time>2024-06-03T12:35:43Z</time>
<extensions>
<gpxtpx:TrackPointExtension>
<gpxtpx:hr>101</gpxtpx:hr>
</gpxtpx:TrackPointExtension>
</extensions>
</trkpt>
<trkpt lat="36.7855492" lon="126.9751705">
<ele>-1.549</ele>
<time>2024-06-03T12:35:44Z</time>
<extensions>
<gpxtpx:TrackPointExtension>
<gpxtpx:hr>101</gpxtpx:hr>
<gpxtpx:cad>106</gpxtpx:cad>
</gpxtpx:TrackPointExtension>
</extensions>
</trkpt>
<trkpt lat="36.7855443" lon="126.9751932">
<ele>-1.681</ele>
<time>2024-06-03T12:35:45Z</time>
<extensions>
<gpxtpx:TrackPointExtension>
<gpxtpx:hr>101</gpxtpx:hr>
</gpxtpx:TrackPointExtension>
</extensions>
</trkpt>
<trkpt lat="36.7855391" lon="126.9752174">
<ele>-1.592</ele>
<time>2024-06-03T12:35:46Z</time>
<extensions>
<gpxtpx:TrackPointExtension>
<gpxtpx:hr>101</gpxtpx:hr>
</gpxtpx:TrackPointExtension>
</extensions>
</trkpt>
<trkpt lat="36.7855343" lon="126.975242">
<ele>-1.26</ele>
<time>2024-06-03T12:35:47Z</time>
<extensions>
<gpxtpx:TrackPointExtension>
<gpxtpx:hr>102</gpxtpx:hr>
</gpxtpx:TrackPointExtension>
</extensions>
</trkpt>
<trkpt lat="36.78553" lon="126.9752669">
<ele>-1.16</ele>
<time>2024-06-03T12:35:48Z</time>
<extensions>
<gpxtpx:TrackPointExtension>
<gpxtpx:hr>102</gpxtpx:hr>
</gpxtpx:TrackPointExtension>
</extensions>
</trkpt>
<trkpt lat="36.7855253" lon="126.9752921">
<ele>-1.246</ele>
<time>2024-06-03T12:35:49Z</time>
<extensions>
<gpxtpx:TrackPointExtension>
<gpxtpx:hr>102</gpxtpx:hr>
</gpxtpx:TrackPointExtension>
</extensions>
</trkpt>
<trkpt lat="36.7855208" lon="126.9753164">
<ele>-1.645</ele>
<time>2024-06-03T12:35:50Z</time>
<extensions>
<gpxtpx:TrackPointExtension>
<gpxtpx:hr>102</gpxtpx:hr>
</gpxtpx:TrackPointExtension>
</extensions>
</trkpt>
<trkpt lat="36.7855167" lon="126.9753397">
<ele>-1.683</ele>
<time>2024-06-03T12:35:51Z</time>
<extensions>
<gpxtpx:TrackPointExtension>
<gpxtpx:hr>102</gpxtpx:hr>
</gpxtpx:TrackPointExtension>
</extensions>
</trkpt>
<trkpt lat="36.7855117" lon="126.9753644">
<ele>-1.52</ele>
<time>2024-06-03T12:35:52Z</time>
<extensions>
<gpxtpx:TrackPointExtension>
<gpxtpx:hr>102</gpxtpx:hr>
</gpxtpx:TrackPointExtension>
</extensions>
</trkpt>
<trkpt lat="36.7855068" lon="126.9753882">
<ele>-1.497</ele>
<time>2024-06-03T12:35:53Z</time>
<extensions>
<gpxtpx:TrackPointExtension>
<gpxtpx:hr>102</gpxtpx:hr>
</gpxtpx:TrackPointExtension>
</extensions>
</trkpt>
<trkpt lat="36.7855026" lon="126.9754106">
<ele>-1.383</ele>
<time>2024-06-03T12:35:54Z</time>
<extensions>
<gpxtpx:TrackPointExtension>
<gpxtpx:hr>101</gpxtpx:hr>
<gpxtpx:cad>104</gpxtpx:cad>
</gpxtpx:TrackPointExtension>
</extensions>
</trkpt>
<trkpt lat="36.7854983" lon="126.9754304">
<ele>-1.248</ele>
<time>2024-06-03T12:35:55Z</time>
<extensions>
<gpxtpx:TrackPointExtension>
<gpxtpx:hr>101</gpxtpx:hr>
</gpxtpx:TrackPointExtension>
</extensions>
</trkpt>
<trkpt lat="36.7854943" lon="126.9754465">
<ele>-1.138</ele>
<time>2024-06-03T12:35:56Z</time>
<extensions>
<gpxtpx:TrackPointExtension>
<gpxtpx:hr>101</gpxtpx:hr>
</gpxtpx:TrackPointExtension>
</extensions>
</trkpt>
<trkpt lat="36.7854902" lon="126.9754602">
<ele>-1.268</ele>
<time>2024-06-03T12:35:57Z</time>
<extensions>
<gpxtpx:TrackPointExtension>
<gpxtpx:hr>101</gpxtpx:hr>
</gpxtpx:TrackPointExtension>
</extensions>
</trkpt>
<trkpt lat="36.7854857" lon="126.9754727">
<ele>-1.138</ele>
<time>2024-06-03T12:35:58Z</time>
<extensions>
<gpxtpx:TrackPointExtension>
<gpxtpx:hr>100</gpxtpx:hr>
</gpxtpx:TrackPointExtension>
</extensions>
</trkpt>
<trkpt lat="36.7854816" lon="126.9754856">
<ele>-1.149</ele>
<time>2024-06-03T12:35:59Z</time>
<extensions>
<gpxtpx:TrackPointExtension>
<gpxtpx:hr>100</gpxtpx:hr>
</gpxtpx:TrackPointExtension>
</extensions>
</trkpt>
<trkpt lat="36.7854773" lon="126.9754982">
<ele>-1.12</ele>
<time>2024-06-03T12:36:00Z</time>
<extensions>
<gpxtpx:TrackPointExtension>
<gpxtpx:hr>100</gpxtpx:hr>
</gpxtpx:TrackPointExtension>
</extensions>
</trkpt>
<trkpt lat="36.7854733" lon="126.9755101">
<ele>-1.151</ele>
<time>2024-06-03T12:36:01Z</time>
<extensions>
<gpxtpx:TrackPointExtension>
<gpxtpx:hr>100</gpxtpx:hr>
</gpxtpx:TrackPointExtension>
</extensions>
</trkpt>
<trkpt lat="36.785469" lon="126.9755216">
<ele>-1.145</ele>
<time>2024-06-03T12:36:02Z</time>
<extensions>
<gpxtpx:TrackPointExtension>
<gpxtpx:hr>99</gpxtpx:hr>
</gpxtpx:TrackPointExtension>
</extensions>
</trkpt>
<trkpt lat="36.7854656" lon="126.9755315">
<ele>-1.065</ele>
<time>2024-06-03T12:36:03Z</time>
<extensions>
<gpxtpx:TrackPointExtension>
<gpxtpx:hr>99</gpxtpx:hr>
</gpxtpx:TrackPointExtension>
</extensions>
</trkpt>
<trkpt lat="36.7854626" lon="126.9755403">
<ele>-1.346</ele>
<time>2024-06-03T12:36:04Z</time>
<extensions>
<gpxtpx:TrackPointExtension>
<gpxtpx:hr>99</gpxtpx:hr>
<gpxtpx:cad>104</gpxtpx:cad>
</gpxtpx:TrackPointExtension>
</extensions>
</trkpt>
<trkpt lat="36.7854597" lon="126.9755498">
<ele>-1.298</ele>
<time>2024-06-03T12:36:05Z</time>
<extensions>
<gpxtpx:TrackPointExtension>
<gpxtpx:hr>99</gpxtpx:hr>
</gpxtpx:TrackPointExtension>
</extensions>
</trkpt>
<trkpt lat="36.7854571" lon="126.9755596">
<ele>-1.129</ele>
<time>2024-06-03T12:36:06Z</time>
<extensions>
<gpxtpx:TrackPointExtension>
<gpxtpx:hr>99</gpxtpx:hr>
</gpxtpx:TrackPointExtension>
</extensions>
</trkpt>
<trkpt lat="36.7854546" lon="126.9755705">
<ele>-1.146</ele>
<time>2024-06-03T12:36:07Z</time>
<extensions>
<gpxtpx:TrackPointExtension>
<gpxtpx:hr>99</gpxtpx:hr>
</gpxtpx:TrackPointExtension>
</extensions>
</trkpt>
<trkpt lat="36.7854522" lon="126.9755821">
<ele>-1.111</ele>
<time>2024-06-03T12:36:08Z</time>
<extensions>
<gpxtpx:TrackPointExtension>
<gpxtpx:hr>99</gpxtpx:hr>
</gpxtpx:TrackPointExtension>
</extensions>
</trkpt>
<trkpt lat="36.7854509" lon="126.9755941">
<ele>-1.051</ele>
<time>2024-06-03T12:36:09Z</time>
<extensions>
<gpxtpx:TrackPointExtension>
<gpxtpx:hr>99</gpxtpx:hr>
</gpxtpx:TrackPointExtension>
</extensions>
</trkpt>
<trkpt lat="36.7854505" lon="126.9756065">
<ele>-1.091</ele>
<time>2024-06-03T12:36:10Z</time>
<extensions>
<gpxtpx:TrackPointExtension>
<gpxtpx:hr>100</gpxtpx:hr>
</gpxtpx:TrackPointExtension>
</extensions>
</trkpt>
<trkpt lat="36.7854512" lon="126.9756185">
<ele>-1.101</ele>
<time>2024-06-03T12:36:11Z</time>
<extensions>
<gpxtpx:TrackPointExtension>
<gpxtpx:hr>100</gpxtpx:hr>
<gpxtpx:cad>104</gpxtpx:cad>
</gpxtpx:TrackPointExtension>
</extensions>
</trkpt>
<trkpt lat="36.7854521" lon="126.9756336">
<ele>-1.074</ele>
<time>2024-06-03T12:36:12Z</time>
<extensions>
<gpxtpx:TrackPointExtension>
<gpxtpx:hr>100</gpxtpx:hr>
</gpxtpx:TrackPointExtension>
</extensions>
</trkpt>
<trkpt lat="36.7854534" lon="126.9756504">
<ele>-1.097</ele>
<time>2024-06-03T12:36:13Z</time>
<extensions>
<gpxtpx:TrackPointExtension>
<gpxtpx:hr>100</gpxtpx:hr>
</gpxtpx:TrackPointExtension>
</extensions>
</trkpt>
<trkpt lat="36.7854551" lon="126.9756694">
<ele>-1.09</ele>
<time>2024-06-03T12:36:14Z</time>
<extensions>
<gpxtpx:TrackPointExtension>
<gpxtpx:hr>99</gpxtpx:hr>
<gpxtpx:cad>104</gpxtpx:cad>
</gpxtpx:TrackPointExtension>
</extensions>
</trkpt>
<trkpt lat="36.7854571" lon="126.9756906">
<ele>-1.082</ele>
<time>2024-06-03T12:36:15Z</time>
<extensions>
<gpxtpx:TrackPointExtension>
<gpxtpx:hr>99</gpxtpx:hr>
</gpxtpx:TrackPointExtension>
</extensions>
</trkpt>
<trkpt lat="36.7854597" lon="126.9757125">
<ele>-1.047</ele>
<time>2024-06-03T12:36:16Z</time>
<extensions>
<gpxtpx:TrackPointExtension>
<gpxtpx:hr>99</gpxtpx:hr>
</gpxtpx:TrackPointExtension>
</extensions>
</trkpt>
<trkpt lat="36.7854623" lon="126.9757346">
<ele>-1.04</ele>
<time>2024-06-03T12:36:17Z</time>
<extensions>
<gpxtpx:TrackPointExtension>
<gpxtpx:hr>99</gpxtpx:hr>
</gpxtpx:TrackPointExtension>
</extensions>
</trkpt>
<trkpt lat="36.7854635" lon="126.9757566">
<ele>-1.059</ele>
<time>2024-06-03T12:36:18Z</time>
<extensions>
<gpxtpx:TrackPointExtension>
<gpxtpx:hr>99</gpxtpx:hr>
</gpxtpx:TrackPointExtension>
</extensions>
</trkpt>
<trkpt lat="36.785464" lon="126.9757794">
<ele>-0.99</ele>
<time>2024-06-03T12:36:19Z</time>
<extensions>
<gpxtpx:TrackPointExtension>
<gpxtpx:hr>99</gpxtpx:hr>
</gpxtpx:TrackPointExtension>
</extensions>
</trkpt>
<trkpt lat="36.7854636" lon="126.975804">
<ele>-0.968</ele>
<time>2024-06-03T12:36:20Z</time>
<extensions>
<gpxtpx:TrackPointExtension>
<gpxtpx:hr>99</gpxtpx:hr>
</gpxtpx:TrackPointExtension>
</extensions>
</trkpt>
<trkpt lat="36.7854619" lon="126.9758289">
<ele>-0.966</ele>
<time>2024-06-03T12:36:21Z</time>
<extensions>
<gpxtpx:TrackPointExtension>
<gpxtpx:hr>100</gpxtpx:hr>
</gpxtpx:TrackPointExtension>
</extensions>
</trkpt>
<trkpt lat="36.7854603" lon="126.9758533">
<ele>-0.965</ele>
<time>2024-06-03T12:36:22Z</time>
<extensions>
<gpxtpx:TrackPointExtension>
<gpxtpx:hr>100</gpxtpx:hr>
</gpxtpx:TrackPointExtension>
</extensions>
</trkpt>
<trkpt lat="36.7854589" lon="126.9758765">
<ele>-0.945</ele>
<time>2024-06-03T12:36:23Z</time>
<extensions>
<gpxtpx:TrackPointExtension>
<gpxtpx:hr>100</gpxtpx:hr>
</gpxtpx:TrackPointExtension>
</extensions>
</trkpt>
<trkpt lat="36.7854577" lon="126.975898">
<ele>-0.939</ele>
<time>2024-06-03T12:36:24Z</time>
<extensions>
<gpxtpx:TrackPointExtension>
<gpxtpx:hr>101</gpxtpx:hr>
<gpxtpx:cad>104</gpxtpx:cad>
</gpxtpx:TrackPointExtension>
</extensions>
</trkpt>
<trkpt lat="36.7854562" lon="126.9759158">
<ele>-0.895</ele>
<time>2024-06-03T12:36:25Z</time>
<extensions>
<gpxtpx:TrackPointExtension>
<gpxtpx:hr>100</gpxtpx:hr>
</gpxtpx:TrackPointExtension>
</extensions>
</trkpt>
<trkpt lat="36.785454" lon="126.9759338">
<ele>-0.899</ele>
<time>2024-06-03T12:36:26Z</time>
<extensions>
<gpxtpx:TrackPointExtension>
<gpxtpx:hr>100</gpxtpx:hr>
</gpxtpx:TrackPointExtension>
</extensions>
</trkpt>
<trkpt lat="36.7854523" lon="126.975952">
<ele>-0.871</ele>
<time>2024-06-03T12:36:27Z</time>
<extensions>
<gpxtpx:TrackPointExtension>
<gpxtpx:hr>100</gpxtpx:hr>
</gpxtpx:TrackPointExtension>
</extensions>
</trkpt>
<trkpt lat="36.7854508" lon="126.9759695">
<ele>-0.863</ele>
<time>2024-06-03T12:36:28Z</time>
<extensions>
<gpxtpx:TrackPointExtension>
<gpxtpx:hr>100</gpxtpx:hr>
</gpxtpx:TrackPointExtension>
</extensions>
</trkpt>
<trkpt lat="36.7854504" lon="126.9759875">
<ele>-0.776</ele>
<time>2024-06-03T12:36:29Z</time>
<extensions>
<gpxtpx:TrackPointExtension>
<gpxtpx:hr>100</gpxtpx:hr>
</gpxtpx:TrackPointExtension>
</extensions>
</trkpt>
<trkpt lat="36.7854528" lon="126.9760073">
<ele>-0.67</ele>
<time>2024-06-03T12:36:30Z</time>
<extensions>
<gpxtpx:TrackPointExtension>
<gpxtpx:hr>101</gpxtpx:hr>
</gpxtpx:TrackPointExtension>
</extensions>
</trkpt>
<trkpt lat="36.7854556" lon="126.9760269">
<ele>-0.619</ele>
<time>2024-06-03T12:36:31Z</time>
<extensions>
<gpxtpx:TrackPointExtension>
<gpxtpx:hr>101</gpxtpx:hr>
</gpxtpx:TrackPointExtension>
</extensions>
</trkpt>
<trkpt lat="36.7854591" lon="126.976048">
<ele>-0.587</ele>
<time>2024-06-03T12:36:32Z</time>
<extensions>
<gpxtpx:TrackPointExtension>
<gpxtpx:hr>101</gpxtpx:hr>
</gpxtpx:TrackPointExtension>
</extensions>
</trkpt>
<trkpt lat="36.7854624" lon="126.9760685">
<ele>-0.518</ele>
<time>2024-06-03T12:36:33Z</time>
<extensions>
<gpxtpx:TrackPointExtension>
<gpxtpx:hr>102</gpxtpx:hr>
</gpxtpx:TrackPointExtension>
</extensions>
</trkpt>
<trkpt lat="36.7854655" lon="126.976089">
<ele>-0.47</ele>
<time>2024-06-03T12:36:34Z</time>
<extensions>
<gpxtpx:TrackPointExtension>
<gpxtpx:hr>103</gpxtpx:hr>
<gpxtpx:cad>104</gpxtpx:cad>
</gpxtpx:TrackPointExtension>
</extensions>
</trkpt>
<trkpt lat="36.7854683" lon="126.9761077">
<ele>-0.472</ele>
<time>2024-06-03T12:36:35Z</time>
<extensions>
<gpxtpx:TrackPointExtension>
<gpxtpx:hr>103</gpxtpx:hr>
</gpxtpx:TrackPointExtension>
</extensions>
</trkpt>
<trkpt lat="36.7854692" lon="126.9761257">
<ele>-0.492</ele>
<time>2024-06-03T12:36:36Z</time>
<extensions>
<gpxtpx:TrackPointExtension>
<gpxtpx:hr>103</gpxtpx:hr>
</gpxtpx:TrackPointExtension>
</extensions>
</trkpt>
<trkpt lat="36.7854697" lon="126.9761424">
<ele>-0.454</ele>
<time>2024-06-03T12:36:37Z</time>
<extensions>
<gpxtpx:TrackPointExtension>
<gpxtpx:hr>102</gpxtpx:hr>
</gpxtpx:TrackPointExtension>
</extensions>
</trkpt>
<trkpt lat="36.7854698" lon="126.9761594">
<ele>-0.527</ele>
<time>2024-06-03T12:36:38Z</time>
<extensions>
<gpxtpx:TrackPointExtension>
<gpxtpx:hr>102</gpxtpx:hr>
</gpxtpx:TrackPointExtension>
</extensions>
</trkpt>
<trkpt lat="36.7854696" lon="126.9761763">
<ele>-0.592</ele>
<time>2024-06-03T12:36:39Z</time>
<extensions>
<gpxtpx:TrackPointExtension>
<gpxtpx:hr>103</gpxtpx:hr>
</gpxtpx:TrackPointExtension>
</extensions>
</trkpt>
<trkpt lat="36.7854691" lon="126.9761924">
<ele>-0.86</ele>
<time>2024-06-03T12:36:40Z</time>
<extensions>
<gpxtpx:TrackPointExtension>
<gpxtpx:hr>103</gpxtpx:hr>
</gpxtpx:TrackPointExtension>
</extensions>
</trkpt>
<trkpt lat="36.7854682" lon="126.9762093">
<ele>-0.974</ele>
<time>2024-06-03T12:36:41Z</time>
<extensions>
<gpxtpx:TrackPointExtension>
<gpxtpx:hr>103</gpxtpx:hr>
</gpxtpx:TrackPointExtension>
</extensions>
</trkpt>
<trkpt lat="36.785467" lon="126.976226">
<ele>-1.042</ele>
<time>2024-06-03T12:36:42Z</time>
<extensions>
<gpxtpx:TrackPointExtension>
<gpxtpx:hr>103</gpxtpx:hr>
</gpxtpx:TrackPointExtension>
</extensions>
</trkpt>
<trkpt lat="36.785465" lon="126.9762414">
<ele>-1.124</ele>
<time>2024-06-03T12:36:43Z</time>
<extensions>
<gpxtpx:TrackPointExtension>
<gpxtpx:hr>103</gpxtpx:hr>
</gpxtpx:TrackPointExtension>
</extensions>
</trkpt>
<trkpt lat="36.785462" lon="126.9762563">
<ele>-1.151</ele>
<time>2024-06-03T12:36:44Z</time>
<extensions>
<gpxtpx:TrackPointExtension>
<gpxtpx:hr>103</gpxtpx:hr>
<gpxtpx:cad>107</gpxtpx:cad>
</gpxtpx:TrackPointExtension>
</extensions>
</trkpt>
<trkpt lat="36.7854584" lon="126.9762711">
<ele>-1.128</ele>
<time>2024-06-03T12:36:45Z</time>
<extensions>
<gpxtpx:TrackPointExtension>
<gpxtpx:hr>103</gpxtpx:hr>
</gpxtpx:TrackPointExtension>
</extensions>
</trkpt>
<trkpt lat="36.7854538" lon="126.9762869">
<ele>-1.102</ele>
<time>2024-06-03T12:36:46Z</time>
<extensions>
<gpxtpx:TrackPointExtension>
<gpxtpx:hr>103</gpxtpx:hr>
</gpxtpx:TrackPointExtension>
</extensions>
</trkpt>
<trkpt lat="36.7854501" lon="126.976303">
<ele>-1.095</ele>
<time>2024-06-03T12:36:47Z</time>
<extensions>
<gpxtpx:TrackPointExtension>
<gpxtpx:hr>102</gpxtpx:hr>
</gpxtpx:TrackPointExtension>
</extensions>
</trkpt>
<trkpt lat="36.785446" lon="126.9763191">
<ele>-1.06</ele>
<time>2024-06-03T12:36:48Z</time>
<extensions>
<gpxtpx:TrackPointExtension>
<gpxtpx:hr>102</gpxtpx:hr>
</gpxtpx:TrackPointExtension>
</extensions>
</trkpt>
<trkpt lat="36.7854416" lon="126.9763348">
<ele>-1.056</ele>
<time>2024-06-03T12:36:49Z</time>
<extensions>
<gpxtpx:TrackPointExtension>
<gpxtpx:hr>102</gpxtpx:hr>
</gpxtpx:TrackPointExtension>
</extensions>
</trkpt>
<trkpt lat="36.7854374" lon="126.9763502">
<ele>-1.101</ele>
<time>2024-06-03T12:36:50Z</time>
<extensions>
<gpxtpx:TrackPointExtension>
<gpxtpx:hr>102</gpxtpx:hr>
</gpxtpx:TrackPointExtension>
</extensions>
</trkpt>
<trkpt lat="36.785433" lon="126.9763658">
<ele>-1.128</ele>
<time>2024-06-03T12:36:51Z</time>
<extensions>
<gpxtpx:TrackPointExtension>
<gpxtpx:hr>101</gpxtpx:hr>
</gpxtpx:TrackPointExtension>
</extensions>
</trkpt>
<trkpt lat="36.7854289" lon="126.9763822">
<ele>-1.099</ele>
<time>2024-06-03T12:36:52Z</time>
<extensions>
<gpxtpx:TrackPointExtension>
<gpxtpx:hr>101</gpxtpx:hr>
</gpxtpx:TrackPointExtension>
</extensions>
</trkpt>
<trkpt lat="36.7854248" lon="126.9763987">
<ele>-1.155</ele>
<time>2024-06-03T12:36:53Z</time>
<extensions>
<gpxtpx:TrackPointExtension>
<gpxtpx:hr>101</gpxtpx:hr>
<gpxtpx:cad>107</gpxtpx:cad>
</gpxtpx:TrackPointExtension>
</extensions>
</trkpt>
<trkpt lat="36.7854197" lon="126.9764158">
<ele>-1.128</ele>
<time>2024-06-03T12:36:54Z</time>
<extensions>
<gpxtpx:TrackPointExtension>
<gpxtpx:hr>101</gpxtpx:hr>
</gpxtpx:TrackPointExtension>
</extensions>
</trkpt>
<trkpt lat="36.7854145" lon="126.9764339">
<ele>-1.152</ele>
<time>2024-06-03T12:36:55Z</time>
<extensions>
<gpxtpx:TrackPointExtension>
<gpxtpx:hr>101</gpxtpx:hr>
</gpxtpx:TrackPointExtension>
</extensions>
</trkpt>
<trkpt lat="36.7854096" lon="126.9764526">
<ele>-1.08</ele>
<time>2024-06-03T12:36:56Z</time>
<extensions>
<gpxtpx:TrackPointExtension>
<gpxtpx:hr>101</gpxtpx:hr>
</gpxtpx:TrackPointExtension>
</extensions>
</trkpt>
<trkpt lat="36.7854048" lon="126.9764707">
<ele>-1.023</ele>
<time>2024-06-03T12:36:57Z</time>
<extensions>
<gpxtpx:TrackPointExtension>
<gpxtpx:hr>101</gpxtpx:hr>
</gpxtpx:TrackPointExtension>
</extensions>
</trkpt>
<trkpt lat="36.7854005" lon="126.9764878">
<ele>-1.082</ele>
<time>2024-06-03T12:36:58Z</time>
<extensions>
<gpxtpx:TrackPointExtension>
<gpxtpx:hr>101</gpxtpx:hr>
</gpxtpx:TrackPointExtension>
</extensions>
</trkpt>
<trkpt lat="36.7853962" lon="126.9765039">
<ele>-1.059</ele>
<time>2024-06-03T12:36:59Z</time>
<extensions>
<gpxtpx:TrackPointExtension>
<gpxtpx:hr>102</gpxtpx:hr>
</gpxtpx:TrackPointExtension>
</extensions>
</trkpt>
<trkpt lat="36.7853919" lon="126.9765205">
<ele>-1.126</ele>
<time>2024-06-03T12:37:00Z</time>
<extensions>
<gpxtpx:TrackPointExtension>
<gpxtpx:hr>102</gpxtpx:hr>
</gpxtpx:TrackPointExtension>
</extensions>
</trkpt>
<trkpt lat="36.7853883" lon="126.9765383">
<ele>-1.2</ele>
<time>2024-06-03T12:37:01Z</time>
<extensions>
<gpxtpx:TrackPointExtension>
<gpxtpx:hr>102</gpxtpx:hr>
</gpxtpx:TrackPointExtension>
</extensions>
</trkpt>
<trkpt lat="36.7853844" lon="126.9765567">
<ele>-1.255</ele>
<time>2024-06-03T12:37:02Z</time>
<extensions>
<gpxtpx:TrackPointExtension>
<gpxtpx:hr>102</gpxtpx:hr>
</gpxtpx:TrackPointExtension>
</extensions>
</trkpt>
<trkpt lat="36.7853795" lon="126.9765758">
<ele>-1.291</ele>
<time>2024-06-03T12:37:03Z</time>
<extensions>
<gpxtpx:TrackPointExtension>
<gpxtpx:hr>102</gpxtpx:hr>
<gpxtpx:cad>107</gpxtpx:cad>
</gpxtpx:TrackPointExtension>
</extensions>
</trkpt>
<trkpt lat="36.7853747" lon="126.9765959">
<ele>-1.317</ele>
<time>2024-06-03T12:37:04Z</time>
<extensions>
<gpxtpx:TrackPointExtension>
<gpxtpx:hr>103</gpxtpx:hr>
</gpxtpx:TrackPointExtension>
</extensions>
</trkpt>
<trkpt lat="36.7853701" lon="126.976617">
<ele>-1.313</ele>
<time>2024-06-03T12:37:05Z</time>
<extensions>
<gpxtpx:TrackPointExtension>
<gpxtpx:hr>103</gpxtpx:hr>
</gpxtpx:TrackPointExtension>
</extensions>
</trkpt>
<trkpt lat="36.7853657" lon="126.9766372">
<ele>-1.312</ele>
<time>2024-06-03T12:37:06Z</time>
<extensions>
<gpxtpx:TrackPointExtension>
<gpxtpx:hr>103</gpxtpx:hr>
</gpxtpx:TrackPointExtension>
</extensions>
</trkpt>
<trkpt lat="36.7853621" lon="126.9766549">
<ele>-1.273</ele>
<time>2024-06-03T12:37:07Z</time>
<extensions>
<gpxtpx:TrackPointExtension>
<gpxtpx:hr>104</gpxtpx:hr>
</gpxtpx:TrackPointExtension>
</extensions>
</trkpt>
<trkpt lat="36.78536" lon="126.9766717">
<ele>-1.261</ele>
<time>2024-06-03T12:37:08Z</time>
<extensions>
<gpxtpx:TrackPointExtension>
<gpxtpx:hr>104</gpxtpx:hr>
</gpxtpx:TrackPointExtension>
</extensions>
</trkpt>
<trkpt lat="36.7853577" lon="126.976687">
<ele>-1.281</ele>
<time>2024-06-03T12:37:09Z</time>
<extensions>
<gpxtpx:TrackPointExtension>
<gpxtpx:hr>104</gpxtpx:hr>
</gpxtpx:TrackPointExtension>
</extensions>
</trkpt>
<trkpt lat="36.7853553" lon="126.9767017">
<ele>-1.238</ele>
<time>2024-06-03T12:37:10Z</time>
<extensions>
<gpxtpx:TrackPointExtension>
<gpxtpx:hr>104</gpxtpx:hr>
</gpxtpx:TrackPointExtension>
</extensions>
</trkpt>
<trkpt lat="36.7853524" lon="126.9767163">
<ele>-1.308</ele>
<time>2024-06-03T12:37:11Z</time>
<extensions>
<gpxtpx:TrackPointExtension>
<gpxtpx:hr>104</gpxtpx:hr>
<gpxtpx:cad>110</gpxtpx:cad>
</gpxtpx:TrackPointExtension>
</extensions>
</trkpt>
<trkpt lat="36.7853484" lon="126.9767298">
<ele>-1.26</ele>
<time>2024-06-03T12:37:12Z</time>
<extensions>
<gpxtpx:TrackPointExtension>
<gpxtpx:hr>103</gpxtpx:hr>
</gpxtpx:TrackPointExtension>
</extensions>
</trkpt>
<trkpt lat="36.7853434" lon="126.9767447">
<ele>-1.299</ele>
<time>2024-06-03T12:37:13Z</time>
<extensions>
<gpxtpx:TrackPointExtension>
<gpxtpx:hr>103</gpxtpx:hr>
<gpxtpx:cad>111</gpxtpx:cad>
</gpxtpx:TrackPointExtension>
</extensions>
</trkpt>
<trkpt lat="36.7853391" lon="126.9767604">
<ele>-1.273</ele>
<time>2024-06-03T12:37:14Z</time>
<extensions>
<gpxtpx:TrackPointExtension>
<gpxtpx:hr>103</gpxtpx:hr>
</gpxtpx:TrackPointExtension>
</extensions>
</trkpt>
<trkpt lat="36.7853349" lon="126.976776">
<ele>-1.254</ele>
<time>2024-06-03T12:37:15Z</time>
<extensions>
<gpxtpx:TrackPointExtension>
<gpxtpx:hr>103</gpxtpx:hr>
</gpxtpx:TrackPointExtension>
</extensions>
</trkpt>
<trkpt lat="36.7853303" lon="126.9767909">
<ele>-1.291</ele>
<time>2024-06-03T12:37:16Z</time>
<extensions>
<gpxtpx:TrackPointExtension>
<gpxtpx:hr>103</gpxtpx:hr>
</gpxtpx:TrackPointExtension>
</extensions>
</trkpt>
<trkpt lat="36.7853261" lon="126.9768051">
<ele>-1.382</ele>
<time>2024-06-03T12:37:17Z</time>
<extensions>
<gpxtpx:TrackPointExtension>
<gpxtpx:hr>103</gpxtpx:hr>
</gpxtpx:TrackPointExtension>
</extensions>
</trkpt>
<trkpt lat="36.7853219" lon="126.9768184">
<ele>-1.406</ele>
<time>2024-06-03T12:37:18Z</time>
<extensions>
<gpxtpx:TrackPointExtension>
<gpxtpx:hr>103</gpxtpx:hr>
</gpxtpx:TrackPointExtension>
</extensions>
</trkpt>
<trkpt lat="36.7853175" lon="126.9768308">
<ele>-1.337</ele>
<time>2024-06-03T12:37:19Z</time>
<extensions>
<gpxtpx:TrackPointExtension>
<gpxtpx:hr>103</gpxtpx:hr>
</gpxtpx:TrackPointExtension>
</extensions>
</trkpt>
<trkpt lat="36.7853134" lon="126.9768434">
<ele>-1.379</ele>
<time>2024-06-03T12:37:20Z</time>
<extensions>
<gpxtpx:TrackPointExtension>
<gpxtpx:hr>103</gpxtpx:hr>
</gpxtpx:TrackPointExtension>
</extensions>
</trkpt>
<trkpt lat="36.7853091" lon="126.9768557">
<ele>-1.372</ele>
<time>2024-06-03T12:37:21Z</time>
<extensions>
<gpxtpx:TrackPointExtension>
<gpxtpx:hr>103</gpxtpx:hr>
</gpxtpx:TrackPointExtension>
</extensions>
</trkpt>
<trkpt lat="36.7853054" lon="126.9768674">
<ele>-1.419</ele>
<time>2024-06-03T12:37:22Z</time>
<extensions>
<gpxtpx:TrackPointExtension>
<gpxtpx:hr>103</gpxtpx:hr>
</gpxtpx:TrackPointExtension>
</extensions>
</trkpt>
<trkpt lat="36.7853023" lon="126.9768786">
<ele>-1.41</ele>
<time>2024-06-03T12:37:24Z</time>
<extensions>
<gpxtpx:TrackPointExtension>
<gpxtpx:hr>103</gpxtpx:hr>
<gpxtpx:cad>110</gpxtpx:cad>
</gpxtpx:TrackPointExtension>
</extensions>
</trkpt>
<trkpt lat="36.7852989" lon="126.9768884">
<ele>-1.464</ele>
<time>2024-06-03T12:37:25Z</time>
<extensions>
<gpxtpx:TrackPointExtension>
<gpxtpx:hr>103</gpxtpx:hr>
</gpxtpx:TrackPointExtension>
</extensions>
</trkpt>
<trkpt lat="36.7852961" lon="126.9768984">
<ele>-1.454</ele>
<time>2024-06-03T12:37:26Z</time>
<extensions>
<gpxtpx:TrackPointExtension>
<gpxtpx:hr>102</gpxtpx:hr>
</gpxtpx:TrackPointExtension>
</extensions>
</trkpt>
<trkpt lat="36.7852891" lon="126.976916">
<ele>-1.386</ele>
<time>2024-06-03T12:37:27Z</time>
<extensions>
<gpxtpx:TrackPointExtension>
<gpxtpx:hr>102</gpxtpx:hr>
</gpxtpx:TrackPointExtension>
</extensions>
</trkpt>
<trkpt lat="36.7852854" lon="126.9769256">
<ele>-1.399</ele>
<time>2024-06-03T12:37:28Z</time>
<extensions>
<gpxtpx:TrackPointExtension>
<gpxtpx:hr>102</gpxtpx:hr>
</gpxtpx:TrackPointExtension>
</extensions>
</trkpt>
<trkpt lat="36.7852814" lon="126.9769361">
<ele>-1.375</ele>
<time>2024-06-03T12:37:29Z</time>
<extensions>
<gpxtpx:TrackPointExtension>
<gpxtpx:hr>102</gpxtpx:hr>
</gpxtpx:TrackPointExtension>
</extensions>
</trkpt>
<trkpt lat="36.785277" lon="126.9769457">
<ele>-1.29</ele>
<time>2024-06-03T12:37:30Z</time>
<extensions>
<gpxtpx:TrackPointExtension>
<gpxtpx:hr>103</gpxtpx:hr>
</gpxtpx:TrackPointExtension>
</extensions>
</trkpt>
<trkpt lat="36.7852724" lon="126.9769546">
<ele>-1.191</ele>
<time>2024-06-03T12:37:31Z</time>
<extensions>
<gpxtpx:TrackPointExtension>
<gpxtpx:hr>103</gpxtpx:hr>
</gpxtpx:TrackPointExtension>
</extensions>
</trkpt>
<trkpt lat="36.7852663" lon="126.9769618">
<ele>-1.13</ele>
<time>2024-06-03T12:37:32Z</time>
<extensions>
<gpxtpx:TrackPointExtension>
<gpxtpx:hr>103</gpxtpx:hr>
</gpxtpx:TrackPointExtension>
</extensions>
</trkpt>
<trkpt lat="36.7852604" lon="126.9769676">
<ele>-0.972</ele>
<time>2024-06-03T12:37:33Z</time>
<extensions>
<gpxtpx:TrackPointExtension>
<gpxtpx:hr>103</gpxtpx:hr>
</gpxtpx:TrackPointExtension>
</extensions>
</trkpt>
<trkpt lat="36.7852541" lon="126.9769721">
<ele>-1.099</ele>
<time>2024-06-03T12:37:34Z</time>
<extensions>
<gpxtpx:TrackPointExtension>
<gpxtpx:hr>103</gpxtpx:hr>
<gpxtpx:cad>112</gpxtpx:cad>
</gpxtpx:TrackPointExtension>
</extensions>
</trkpt>
<trkpt lat="36.7852486" lon="126.9769762">
<ele>-1.273</ele>
<time>2024-06-03T12:37:35Z</time>
<extensions>
<gpxtpx:TrackPointExtension>
<gpxtpx:hr>103</gpxtpx:hr>
</gpxtpx:TrackPointExtension>
</extensions>
</trkpt>
<trkpt lat="36.7852442" lon="126.9769814">
<ele>-1.378</ele>
<time>2024-06-03T12:37:36Z</time>
<extensions>
<gpxtpx:TrackPointExtension>
<gpxtpx:hr>102</gpxtpx:hr>
</gpxtpx:TrackPointExtension>
</extensions>
</trkpt>
<trkpt lat="36.78524" lon="126.9769869">
<ele>-1.428</ele>
<time>2024-06-03T12:37:37Z</time>
<extensions>
<gpxtpx:TrackPointExtension>
<gpxtpx:hr>102</gpxtpx:hr>
</gpxtpx:TrackPointExtension>
</extensions>
</trkpt>
<trkpt lat="36.7852378" lon="126.9769918">
<ele>-1.444</ele>
<time>2024-06-03T12:37:38Z</time>
<extensions>
<gpxtpx:TrackPointExtension>
<gpxtpx:hr>102</gpxtpx:hr>
</gpxtpx:TrackPointExtension>
</extensions>
</trkpt>
<trkpt lat="36.7852386" lon="126.9769962">
<ele>-1.439</ele>
<time>2024-06-03T12:37:39Z</time>
<extensions>
<gpxtpx:TrackPointExtension>
<gpxtpx:hr>102</gpxtpx:hr>
</gpxtpx:TrackPointExtension>
</extensions>
</trkpt>
<trkpt lat="36.7852403" lon="126.9770001">
<ele>-1.467</ele>
<time>2024-06-03T12:37:40Z</time>
<extensions>
<gpxtpx:TrackPointExtension>
<gpxtpx:hr>102</gpxtpx:hr>
</gpxtpx:TrackPointExtension>
</extensions>
</trkpt>
<trkpt lat="36.7852411" lon="126.9770075">
<ele>-1.439</ele>
<time>2024-06-03T12:37:41Z</time>
<extensions>
<gpxtpx:TrackPointExtension>
<gpxtpx:hr>102</gpxtpx:hr>
</gpxtpx:TrackPointExtension>
</extensions>
</trkpt>
<trkpt lat="36.7852435" lon="126.9770187">
<ele>-1.438</ele>
<time>2024-06-03T12:37:42Z</time>
<extensions>
<gpxtpx:TrackPointExtension>
<gpxtpx:hr>102</gpxtpx:hr>
</gpxtpx:TrackPointExtension>
</extensions>
</trkpt>
<trkpt lat="36.7852471" lon="126.9770317">
<ele>-1.417</ele>
<time>2024-06-03T12:37:43Z</time>
<extensions>
<gpxtpx:TrackPointExtension>
<gpxtpx:hr>102</gpxtpx:hr>
</gpxtpx:TrackPointExtension>
</extensions>
</trkpt>
<trkpt lat="36.7852503" lon="126.9770458">
<ele>-1.44</ele>
<time>2024-06-03T12:37:44Z</time>
<extensions>
<gpxtpx:TrackPointExtension>
<gpxtpx:hr>102</gpxtpx:hr>
<gpxtpx:cad>120</gpxtpx:cad>
</gpxtpx:TrackPointExtension>
</extensions>
</trkpt>
<trkpt lat="36.7852538" lon="126.9770608">
<ele>-1.47</ele>
<time>2024-06-03T12:37:45Z</time>
<extensions>
<gpxtpx:TrackPointExtension>
<gpxtpx:hr>101</gpxtpx:hr>
</gpxtpx:TrackPointExtension>
</extensions>
</trkpt>
<trkpt lat="36.7852569" lon="126.9770768">
<ele>-1.525</ele>
<time>2024-06-03T12:37:46Z</time>
<extensions>
<gpxtpx:TrackPointExtension>
<gpxtpx:hr>101</gpxtpx:hr>
</gpxtpx:TrackPointExtension>
</extensions>
</trkpt>
<trkpt lat="36.7852594" lon="126.9770944">
<ele>-1.561</ele>
<time>2024-06-03T12:37:47Z</time>
<extensions>
<gpxtpx:TrackPointExtension>
<gpxtpx:hr>101</gpxtpx:hr>
</gpxtpx:TrackPointExtension>
</extensions>
</trkpt>
<trkpt lat="36.7852612" lon="126.9771135">
<ele>-1.563</ele>
<time>2024-06-03T12:37:48Z</time>
<extensions>
<gpxtpx:TrackPointExtension>
<gpxtpx:hr>101</gpxtpx:hr>
</gpxtpx:TrackPointExtension>
</extensions>
</trkpt>
<trkpt lat="36.7852624" lon="126.9771332">
<ele>-1.578</ele>
<time>2024-06-03T12:37:49Z</time>
<extensions>
<gpxtpx:TrackPointExtension>
<gpxtpx:hr>102</gpxtpx:hr>
</gpxtpx:TrackPointExtension>
</extensions>
</trkpt>
<trkpt lat="36.7852641" lon="126.9771538">
<ele>-1.638</ele>
<time>2024-06-03T12:37:50Z</time>
<extensions>
<gpxtpx:TrackPointExtension>
<gpxtpx:hr>102</gpxtpx:hr>
</gpxtpx:TrackPointExtension>
</extensions>
</trkpt>
<trkpt lat="36.7852652" lon="126.9771747">
<ele>-1.588</ele>
<time>2024-06-03T12:37:51Z</time>
<extensions>
<gpxtpx:TrackPointExtension>
<gpxtpx:hr>102</gpxtpx:hr>
</gpxtpx:TrackPointExtension>
</extensions>
</trkpt>
<trkpt lat="36.7852657" lon="126.9771973">
<ele>-1.566</ele>
<time>2024-06-03T12:37:52Z</time>
<extensions>
<gpxtpx:TrackPointExtension>
<gpxtpx:hr>102</gpxtpx:hr>
</gpxtpx:TrackPointExtension>
</extensions>
</trkpt>
<trkpt lat="36.7852655" lon="126.977221">
<ele>-1.571</ele>
<time>2024-06-03T12:37:53Z</time>
<extensions>
<gpxtpx:TrackPointExtension>
<gpxtpx:hr>102</gpxtpx:hr>
</gpxtpx:TrackPointExtension>
</extensions>
</trkpt>
<trkpt lat="36.7852664" lon="126.9772431">
<ele>-1.563</ele>
<time>2024-06-03T12:37:54Z</time>
<extensions>
<gpxtpx:TrackPointExtension>
<gpxtpx:hr>103</gpxtpx:hr>
<gpxtpx:cad>110</gpxtpx:cad>
</gpxtpx:TrackPointExtension>
</extensions>
</trkpt>
<trkpt lat="36.7852663" lon="126.97727">
<ele>-1.602</ele>
<time>2024-06-03T12:37:55Z</time>
<extensions>
<gpxtpx:TrackPointExtension>
<gpxtpx:hr>102</gpxtpx:hr>
</gpxtpx:TrackPointExtension>
</extensions>
</trkpt>
<trkpt lat="36.7852652" lon="126.9773011">
<ele>-1.657</ele>
<time>2024-06-03T12:37:56Z</time>
<extensions>
<gpxtpx:TrackPointExtension>
<gpxtpx:hr>102</gpxtpx:hr>
</gpxtpx:TrackPointExtension>
</extensions>
</trkpt>
<trkpt lat="36.7852644" lon="126.9773325">
<ele>-1.652</ele>
<time>2024-06-03T12:37:57Z</time>
<extensions>
<gpxtpx:TrackPointExtension>
<gpxtpx:hr>102</gpxtpx:hr>
</gpxtpx:TrackPointExtension>
</extensions>
</trkpt>
<trkpt lat="36.7852652" lon="126.9773626">
<ele>-1.705</ele>
<time>2024-06-03T12:37:58Z</time>
<extensions>
<gpxtpx:TrackPointExtension>
<gpxtpx:hr>102</gpxtpx:hr>
</gpxtpx:TrackPointExtension>
</extensions>
</trkpt>
<trkpt lat="36.7852683" lon="126.977389">
<ele>-1.732</ele>
<time>2024-06-03T12:37:59Z</time>
<extensions>
<gpxtpx:TrackPointExtension>
<gpxtpx:hr>102</gpxtpx:hr>
</gpxtpx:TrackPointExtension>
</extensions>
</trkpt>
<trkpt lat="36.785274" lon="126.9774111">
<ele>-1.707</ele>
<time>2024-06-03T12:38:00Z</time>
<extensions>
<gpxtpx:TrackPointExtension>
<gpxtpx:hr>101</gpxtpx:hr>
</gpxtpx:TrackPointExtension>
</extensions>
</trkpt>
<trkpt lat="36.7852797" lon="126.9774325">
<ele>-1.617</ele>
<time>2024-06-03T12:38:01Z</time>
<extensions>
<gpxtpx:TrackPointExtension>
<gpxtpx:hr>101</gpxtpx:hr>
</gpxtpx:TrackPointExtension>
</extensions>
</trkpt>
<trkpt lat="36.785286" lon="126.9774549">
<ele>-1.477</ele>
<time>2024-06-03T12:38:02Z</time>
<extensions>
<gpxtpx:TrackPointExtension>
<gpxtpx:hr>101</gpxtpx:hr>
<gpxtpx:cad>119</gpxtpx:cad>
</gpxtpx:TrackPointExtension>
</extensions>
</trkpt>
<trkpt lat="36.785292" lon="126.9774767">
<ele>-1.544</ele>
<time>2024-06-03T12:38:03Z</time>
<extensions>
<gpxtpx:TrackPointExtension>
<gpxtpx:hr>101</gpxtpx:hr>
</gpxtpx:TrackPointExtension>
</extensions>
</trkpt>
<trkpt lat="36.7852972" lon="126.9774978">
<ele>-1.425</ele>
<time>2024-06-03T12:38:04Z</time>
<extensions>
<gpxtpx:TrackPointExtension>
<gpxtpx:hr>101</gpxtpx:hr>
<gpxtpx:cad>120</gpxtpx:cad>
</gpxtpx:TrackPointExtension>
</extensions>
</trkpt>
<trkpt lat="36.7853002" lon="126.9775185">
<ele>-1.524</ele>
<time>2024-06-03T12:38:05Z</time>
<extensions>
<gpxtpx:TrackPointExtension>
<gpxtpx:hr>101</gpxtpx:hr>
</gpxtpx:TrackPointExtension>
</extensions>
</trkpt>
<trkpt lat="36.7853016" lon="126.9775394">
<ele>-1.598</ele>
<time>2024-06-03T12:38:06Z</time>
<extensions>
<gpxtpx:TrackPointExtension>
<gpxtpx:hr>102</gpxtpx:hr>
</gpxtpx:TrackPointExtension>
</extensions>
</trkpt>
<trkpt lat="36.7853014" lon="126.9775609">
<ele>-1.684</ele>
<time>2024-06-03T12:38:07Z</time>
<extensions>
<gpxtpx:TrackPointExtension>
<gpxtpx:hr>102</gpxtpx:hr>
</gpxtpx:TrackPointExtension>
</extensions>
</trkpt>
<trkpt lat="36.7852996" lon="126.9775842">
<ele>-1.754</ele>
<time>2024-06-03T12:38:08Z</time>
<extensions>
<gpxtpx:TrackPointExtension>
<gpxtpx:hr>102</gpxtpx:hr>
</gpxtpx:TrackPointExtension>
</extensions>
</trkpt>
<trkpt lat="36.7852965" lon="126.9776094">
<ele>-1.761</ele>
<time>2024-06-03T12:38:09Z</time>
<extensions>
<gpxtpx:TrackPointExtension>
<gpxtpx:hr>102</gpxtpx:hr>
</gpxtpx:TrackPointExtension>
</extensions>
</trkpt>
<trkpt lat="36.7852919" lon="126.9776363">
<ele>-1.817</ele>
<time>2024-06-03T12:38:10Z</time>
<extensions>
<gpxtpx:TrackPointExtension>
<gpxtpx:hr>102</gpxtpx:hr>
</gpxtpx:TrackPointExtension>
</extensions>
</trkpt>
<trkpt lat="36.7852872" lon="126.9776632">
<ele>-1.778</ele>
<time>2024-06-03T12:38:11Z</time>
<extensions>
<gpxtpx:TrackPointExtension>
<gpxtpx:hr>102</gpxtpx:hr>
</gpxtpx:TrackPointExtension>
</extensions>
</trkpt>
<trkpt lat="36.7852815" lon="126.9776892">
<ele>-1.843</ele>
<time>2024-06-03T12:38:12Z</time>
<extensions>
<gpxtpx:TrackPointExtension>
<gpxtpx:hr>102</gpxtpx:hr>
</gpxtpx:TrackPointExtension>
</extensions>
</trkpt>
<trkpt lat="36.7852746" lon="126.9777137">
<ele>-1.863</ele>
<time>2024-06-03T12:38:13Z</time>
<extensions>
<gpxtpx:TrackPointExtension>
<gpxtpx:hr>103</gpxtpx:hr>
</gpxtpx:TrackPointExtension>
</extensions>
</trkpt>
<trkpt lat="36.7852665" lon="126.977734">
<ele>-1.945</ele>
<time>2024-06-03T12:38:14Z</time>
<extensions>
<gpxtpx:TrackPointExtension>
<gpxtpx:hr>103</gpxtpx:hr>
<gpxtpx:cad>111</gpxtpx:cad>
</gpxtpx:TrackPointExtension>
</extensions>
</trkpt>
<trkpt lat="36.785259" lon="126.9777502">
<ele>-1.957</ele>
<time>2024-06-03T12:38:15Z</time>
<extensions>
<gpxtpx:TrackPointExtension>
<gpxtpx:hr>103</gpxtpx:hr>
</gpxtpx:TrackPointExtension>
</extensions>
</trkpt>
<trkpt lat="36.7852531" lon="126.9777658">
<ele>-2.003</ele>
<time>2024-06-03T12:38:16Z</time>
<extensions>
<gpxtpx:TrackPointExtension>
<gpxtpx:hr>103</gpxtpx:hr>
</gpxtpx:TrackPointExtension>
</extensions>
</trkpt>
<trkpt lat="36.7852494" lon="126.9777798">
<ele>-2.02</ele>
<time>2024-06-03T12:38:17Z</time>
<extensions>
<gpxtpx:TrackPointExtension>
<gpxtpx:hr>103</gpxtpx:hr>
<gpxtpx:cad>111</gpxtpx:cad>
</gpxtpx:TrackPointExtension>
</extensions>
</trkpt>
<trkpt lat="36.785247" lon="126.9777948">
<ele>-1.864</ele>
<time>2024-06-03T12:38:18Z</time>
<extensions>
<gpxtpx:TrackPointExtension>
<gpxtpx:hr>103</gpxtpx:hr>
<gpxtpx:cad>110</gpxtpx:cad>
</gpxtpx:TrackPointExtension>
</extensions>
</trkpt>
<trkpt lat="36.785246" lon="126.9778098">
<ele>-1.912</ele>
<time>2024-06-03T12:38:19Z</time>
</trkpt>
<trkpt lat="36.7852472" lon="126.9778253">
<ele>-2.047</ele>
<time>2024-06-03T12:38:20Z</time>
<extensions>
<gpxtpx:TrackPointExtension>
<gpxtpx:hr>103</gpxtpx:hr>
</gpxtpx:TrackPointExtension>
</extensions>
</trkpt>
<trkpt lat="36.7852503" lon="126.9778403">
<ele>-2.131</ele>
<time>2024-06-03T12:38:21Z</time>
<extensions>
<gpxtpx:TrackPointExtension>
<gpxtpx:hr>104</gpxtpx:hr>
</gpxtpx:TrackPointExtension>
</extensions>
</trkpt>
<trkpt lat="36.7852545" lon="126.9778567">
<ele>-2.227</ele>
<time>2024-06-03T12:38:22Z</time>
<extensions>
<gpxtpx:TrackPointExtension>
<gpxtpx:hr>103</gpxtpx:hr>
</gpxtpx:TrackPointExtension>
</extensions>
</trkpt>
<trkpt lat="36.7852588" lon="126.9778738">
<ele>-2.205</ele>
<time>2024-06-03T12:38:23Z</time>
<extensions>
<gpxtpx:TrackPointExtension>
<gpxtpx:hr>103</gpxtpx:hr>
</gpxtpx:TrackPointExtension>
</extensions>
</trkpt>
<trkpt lat="36.7852621" lon="126.9778857">
<ele>-2.212</ele>
<time>2024-06-03T12:38:24Z</time>
<extensions>
<gpxtpx:TrackPointExtension>
<gpxtpx:hr>103</gpxtpx:hr>
<gpxtpx:cad>77</gpxtpx:cad>
</gpxtpx:TrackPointExtension>
</extensions>
</trkpt>
<trkpt lat="36.7852643" lon="126.977894">
<ele>-2.258</ele>
<time>2024-06-03T12:38:25Z</time>
<extensions>
<gpxtpx:TrackPointExtension>
<gpxtpx:hr>103</gpxtpx:hr>
</gpxtpx:TrackPointExtension>
</extensions>
</trkpt>
<trkpt lat="36.785265" lon="126.9779">
<ele>-2.244</ele>
<time>2024-06-03T12:38:26Z</time>
<extensions>
<gpxtpx:TrackPointExtension>
<gpxtpx:hr>102</gpxtpx:hr>
</gpxtpx:TrackPointExtension>
</extensions>
</trkpt>
<trkpt lat="36.7852648" lon="126.9779038">
<ele>-2.244</ele>
<time>2024-06-03T12:38:27Z</time>
<extensions>
<gpxtpx:TrackPointExtension>
<gpxtpx:hr>102</gpxtpx:hr>
</gpxtpx:TrackPointExtension>
</extensions>
</trkpt>
<trkpt lat="36.7852455" lon="126.9778947">
<ele>-2.366</ele>
<time>2024-06-03T12:38:36Z</time>
<extensions>
<gpxtpx:TrackPointExtension>
<gpxtpx:hr>98</gpxtpx:hr>
</gpxtpx:TrackPointExtension>
</extensions>
</trkpt>
<trkpt lat="36.7852457" lon="126.9779048">
<ele>-2.407</ele>
<time>2024-06-03T12:38:37Z</time>
</trkpt>
<trkpt lat="36.7852448" lon="126.9779165">
<ele>-2.401</ele>
<time>2024-06-03T12:38:38Z</time>
<extensions>
<gpxtpx:TrackPointExtension>
<gpxtpx:hr>98</gpxtpx:hr>
</gpxtpx:TrackPointExtension>
</extensions>
</trkpt>
<trkpt lat="36.7852436" lon="126.9779298">
<ele>-2.481</ele>
<time>2024-06-03T12:38:39Z</time>
<extensions>
<gpxtpx:TrackPointExtension>
<gpxtpx:hr>98</gpxtpx:hr>
</gpxtpx:TrackPointExtension>
</extensions>
</trkpt>
<trkpt lat="36.7852417" lon="126.9779429">
<ele>-2.445</ele>
<time>2024-06-03T12:38:40Z</time>
<extensions>
<gpxtpx:TrackPointExtension>
<gpxtpx:hr>98</gpxtpx:hr>
</gpxtpx:TrackPointExtension>
</extensions>
</trkpt>
<trkpt lat="36.7852393" lon="126.9779556">
<ele>-2.433</ele>
<time>2024-06-03T12:38:41Z</time>
<extensions>
<gpxtpx:TrackPointExtension>
<gpxtpx:hr>99</gpxtpx:hr>
<gpxtpx:cad>43</gpxtpx:cad>
</gpxtpx:TrackPointExtension>
</extensions>
</trkpt>
<trkpt lat="36.785237" lon="126.9779673">
<ele>-2.444</ele>
<time>2024-06-03T12:38:42Z</time>
<extensions>
<gpxtpx:TrackPointExtension>
<gpxtpx:hr>99</gpxtpx:hr>
</gpxtpx:TrackPointExtension>
</extensions>
</trkpt>
<trkpt lat="36.7852352" lon="126.977977">
<ele>-2.448</ele>
<time>2024-06-03T12:38:43Z</time>
<extensions>
<gpxtpx:TrackPointExtension>
<gpxtpx:hr>99</gpxtpx:hr>
</gpxtpx:TrackPointExtension>
</extensions>
</trkpt>
<trkpt lat="36.7852322" lon="126.9779876">
<ele>-2.526</ele>
<time>2024-06-03T12:38:44Z</time>
<extensions>
<gpxtpx:TrackPointExtension>
<gpxtpx:hr>99</gpxtpx:hr>
</gpxtpx:TrackPointExtension>
</extensions>
</trkpt>
<trkpt lat="36.7852274" lon="126.978">
<ele>-2.541</ele>
<time>2024-06-03T12:38:45Z</time>
<extensions>
<gpxtpx:TrackPointExtension>
<gpxtpx:hr>99</gpxtpx:hr>
</gpxtpx:TrackPointExtension>
</extensions>
</trkpt>
<trkpt lat="36.7852205" lon="126.9780158">
<ele>-2.569</ele>
<time>2024-06-03T12:38:46Z</time>
<extensions>
<gpxtpx:TrackPointExtension>
<gpxtpx:hr>99</gpxtpx:hr>
</gpxtpx:TrackPointExtension>
</extensions>
</trkpt>
<trkpt lat="36.7852132" lon="126.9780339">
<ele>-2.435</ele>
<time>2024-06-03T12:38:47Z</time>
<extensions>
<gpxtpx:TrackPointExtension>
<gpxtpx:hr>99</gpxtpx:hr>
</gpxtpx:TrackPointExtension>
</extensions>
</trkpt>
<trkpt lat="36.7852057" lon="126.9780533">
<ele>-2.406</ele>
<time>2024-06-03T12:38:48Z</time>
<extensions>
<gpxtpx:TrackPointExtension>
<gpxtpx:hr>99</gpxtpx:hr>
</gpxtpx:TrackPointExtension>
</extensions>
</trkpt>
<trkpt lat="36.7851989" lon="126.9780745">
<ele>-2.476</ele>
<time>2024-06-03T12:38:49Z</time>
<extensions>
<gpxtpx:TrackPointExtension>
<gpxtpx:hr>99</gpxtpx:hr>
</gpxtpx:TrackPointExtension>
</extensions>
</trkpt>
<trkpt lat="36.785193" lon="126.9780965">
<ele>-2.487</ele>
<time>2024-06-03T12:38:50Z</time>
<extensions>
<gpxtpx:TrackPointExtension>
<gpxtpx:hr>99</gpxtpx:hr>
<gpxtpx:cad>111</gpxtpx:cad>
</gpxtpx:TrackPointExtension>
</extensions>
</trkpt>
<trkpt lat="36.7851877" lon="126.9781192">
<ele>-2.504</ele>
<time>2024-06-03T12:38:51Z</time>
<extensions>
<gpxtpx:TrackPointExtension>
<gpxtpx:hr>99</gpxtpx:hr>
</gpxtpx:TrackPointExtension>
</extensions>
</trkpt>
<trkpt lat="36.7851835" lon="126.9781395">
<ele>-2.53</ele>
<time>2024-06-03T12:38:52Z</time>
<extensions>
<gpxtpx:TrackPointExtension>
<gpxtpx:hr>99</gpxtpx:hr>
</gpxtpx:TrackPointExtension>
</extensions>
</trkpt>
<trkpt lat="36.7851803" lon="126.9781567">
<ele>-2.505</ele>
<time>2024-06-03T12:38:53Z</time>
<extensions>
<gpxtpx:TrackPointExtension>
<gpxtpx:hr>99</gpxtpx:hr>
</gpxtpx:TrackPointExtension>
</extensions>
</trkpt>
<trkpt lat="36.7851776" lon="126.9781712">
<ele>-2.519</ele>
<time>2024-06-03T12:38:54Z</time>
<extensions>
<gpxtpx:TrackPointExtension>
<gpxtpx:hr>98</gpxtpx:hr>
</gpxtpx:TrackPointExtension>
</extensions>
</trkpt>
<trkpt lat="36.7851755" lon="126.9781836">
<ele>-2.786</ele>
<time>2024-06-03T12:38:55Z</time>
<extensions>
<gpxtpx:TrackPointExtension>
<gpxtpx:hr>98</gpxtpx:hr>
</gpxtpx:TrackPointExtension>
</extensions>
</trkpt>
<trkpt lat="36.7851739" lon="126.9781929">
<ele>-2.598</ele>
<time>2024-06-03T12:38:56Z</time>
<extensions>
<gpxtpx:TrackPointExtension>
<gpxtpx:hr>98</gpxtpx:hr>
</gpxtpx:TrackPointExtension>
</extensions>
</trkpt>
<trkpt lat="36.785173" lon="126.9782021">
<ele>-2.513</ele>
<time>2024-06-03T12:38:57Z</time>
<extensions>
<gpxtpx:TrackPointExtension>
<gpxtpx:hr>98</gpxtpx:hr>
</gpxtpx:TrackPointExtension>
</extensions>
</trkpt>
<trkpt lat="36.7851723" lon="126.978211">
<ele>-2.527</ele>
<time>2024-06-03T12:38:58Z</time>
<extensions>
<gpxtpx:TrackPointExtension>
<gpxtpx:hr>98</gpxtpx:hr>
</gpxtpx:TrackPointExtension>
</extensions>
</trkpt>
<trkpt lat="36.7851719" lon="126.9782201">
<ele>-2.511</ele>
<time>2024-06-03T12:38:59Z</time>
<extensions>
<gpxtpx:TrackPointExtension>
<gpxtpx:hr>98</gpxtpx:hr>
</gpxtpx:TrackPointExtension>
</extensions>
</trkpt>
<trkpt lat="36.7851719" lon="126.9782309">
<ele>-2.531</ele>
<time>2024-06-03T12:39:00Z</time>
<extensions>
<gpxtpx:TrackPointExtension>
<gpxtpx:hr>98</gpxtpx:hr>
<gpxtpx:cad>110</gpxtpx:cad>
</gpxtpx:TrackPointExtension>
</extensions>
</trkpt>
<trkpt lat="36.7851715" lon="126.9782429">
<ele>-2.49</ele>
<time>2024-06-03T12:39:01Z</time>
<extensions>
<gpxtpx:TrackPointExtension>
<gpxtpx:hr>97</gpxtpx:hr>
</gpxtpx:TrackPointExtension>
</extensions>
</trkpt>
<trkpt lat="36.7851712" lon="126.9782553">
<ele>-2.439</ele>
<time>2024-06-03T12:39:02Z</time>
<extensions>
<gpxtpx:TrackPointExtension>
<gpxtpx:hr>97</gpxtpx:hr>
</gpxtpx:TrackPointExtension>
</extensions>
</trkpt>
<trkpt lat="36.7851704" lon="126.978268">
<ele>-2.467</ele>
<time>2024-06-03T12:39:03Z</time>
<extensions>
<gpxtpx:TrackPointExtension>
<gpxtpx:hr>98</gpxtpx:hr>
</gpxtpx:TrackPointExtension>
</extensions>
</trkpt>
<trkpt lat="36.7851684" lon="126.9782796">
<ele>-2.493</ele>
<time>2024-06-03T12:39:04Z</time>
<extensions>
<gpxtpx:TrackPointExtension>
<gpxtpx:hr>98</gpxtpx:hr>
</gpxtpx:TrackPointExtension>
</extensions>
</trkpt>
<trkpt lat="36.7851667" lon="126.9782901">
<ele>-2.493</ele>
<time>2024-06-03T12:39:05Z</time>
<extensions>
<gpxtpx:TrackPointExtension>
<gpxtpx:hr>97</gpxtpx:hr>
</gpxtpx:TrackPointExtension>
</extensions>
</trkpt>
<trkpt lat="36.7851652" lon="126.9783019">
<ele>-2.555</ele>
<time>2024-06-03T12:39:06Z</time>
<extensions>
<gpxtpx:TrackPointExtension>
<gpxtpx:hr>97</gpxtpx:hr>
</gpxtpx:TrackPointExtension>
</extensions>
</trkpt>
<trkpt lat="36.7851638" lon="126.9783148">
<ele>-2.565</ele>
<time>2024-06-03T12:39:07Z</time>
<extensions>
<gpxtpx:TrackPointExtension>
<gpxtpx:hr>96</gpxtpx:hr>
</gpxtpx:TrackPointExtension>
</extensions>
</trkpt>
<trkpt lat="36.7851633" lon="126.9783282">
<ele>-2.581</ele>
<time>2024-06-03T12:39:08Z</time>
<extensions>
<gpxtpx:TrackPointExtension>
<gpxtpx:hr>96</gpxtpx:hr>
</gpxtpx:TrackPointExtension>
</extensions>
</trkpt>
<trkpt lat="36.7851641" lon="126.9783418">
<ele>-2.575</ele>
<time>2024-06-03T12:39:09Z</time>
<extensions>
<gpxtpx:TrackPointExtension>
<gpxtpx:hr>97</gpxtpx:hr>
</gpxtpx:TrackPointExtension>
</extensions>
</trkpt>
<trkpt lat="36.7851645" lon="126.978354">
<ele>-2.583</ele>
<time>2024-06-03T12:39:10Z</time>
<extensions>
<gpxtpx:TrackPointExtension>
<gpxtpx:hr>97</gpxtpx:hr>
<gpxtpx:cad>110</gpxtpx:cad>
</gpxtpx:TrackPointExtension>
</extensions>
</trkpt>
<trkpt lat="36.7851641" lon="126.9783664">
<ele>-2.564</ele>
<time>2024-06-03T12:39:11Z</time>
<extensions>
<gpxtpx:TrackPointExtension>
<gpxtpx:hr>98</gpxtpx:hr>
</gpxtpx:TrackPointExtension>
</extensions>
</trkpt>
<trkpt lat="36.7851636" lon="126.978379">
<ele>-2.541</ele>
<time>2024-06-03T12:39:12Z</time>
<extensions>
<gpxtpx:TrackPointExtension>
<gpxtpx:hr>98</gpxtpx:hr>
</gpxtpx:TrackPointExtension>
</extensions>
</trkpt>
<trkpt lat="36.7851617" lon="126.9783926">
<ele>-2.565</ele>
<time>2024-06-03T12:39:13Z</time>
<extensions>
<gpxtpx:TrackPointExtension>
<gpxtpx:hr>98</gpxtpx:hr>
</gpxtpx:TrackPointExtension>
</extensions>
</trkpt>
<trkpt lat="36.7851582" lon="126.9784062">
<ele>-2.552</ele>
<time>2024-06-03T12:39:14Z</time>
<extensions>
<gpxtpx:TrackPointExtension>
<gpxtpx:hr>98</gpxtpx:hr>
</gpxtpx:TrackPointExtension>
</extensions>
</trkpt>
<trkpt lat="36.7851522" lon="126.9784196">
<ele>-2.567</ele>
<time>2024-06-03T12:39:15Z</time>
<extensions>
<gpxtpx:TrackPointExtension>
<gpxtpx:hr>98</gpxtpx:hr>
</gpxtpx:TrackPointExtension>
</extensions>
</trkpt>
<trkpt lat="36.7851421" lon="126.9784319">
<ele>-2.583</ele>
<time>2024-06-03T12:39:16Z</time>
<extensions>
<gpxtpx:TrackPointExtension>
<gpxtpx:hr>99</gpxtpx:hr>
</gpxtpx:TrackPointExtension>
</extensions>
</trkpt>
<trkpt lat="36.7851286" lon="126.9784433">
<ele>-2.546</ele>
<time>2024-06-03T12:39:17Z</time>
<extensions>
<gpxtpx:TrackPointExtension>
<gpxtpx:hr>99</gpxtpx:hr>
</gpxtpx:TrackPointExtension>
</extensions>
</trkpt>
<trkpt lat="36.7851135" lon="126.9784514">
<ele>-2.606</ele>
<time>2024-06-03T12:39:18Z</time>
<extensions>
<gpxtpx:TrackPointExtension>
<gpxtpx:hr>99</gpxtpx:hr>
</gpxtpx:TrackPointExtension>
</extensions>
</trkpt>
<trkpt lat="36.7850974" lon="126.9784563">
<ele>-2.603</ele>
<time>2024-06-03T12:39:19Z</time>
<extensions>
<gpxtpx:TrackPointExtension>
<gpxtpx:hr>99</gpxtpx:hr>
</gpxtpx:TrackPointExtension>
</extensions>
</trkpt>
<trkpt lat="36.7850804" lon="126.9784586">
<ele>-2.578</ele>
<time>2024-06-03T12:39:20Z</time>
<extensions>
<gpxtpx:TrackPointExtension>
<gpxtpx:hr>100</gpxtpx:hr>
<gpxtpx:cad>113</gpxtpx:cad>
</gpxtpx:TrackPointExtension>
</extensions>
</trkpt>
<trkpt lat="36.7850636" lon="126.97846">
<ele>-2.546</ele>
<time>2024-06-03T12:39:21Z</time>
<extensions>
<gpxtpx:TrackPointExtension>
<gpxtpx:hr>100</gpxtpx:hr>
</gpxtpx:TrackPointExtension>
</extensions>
</trkpt>
<trkpt lat="36.7850482" lon="126.978459">
<ele>-2.51</ele>
<time>2024-06-03T12:39:22Z</time>
<extensions>
<gpxtpx:TrackPointExtension>
<gpxtpx:hr>100</gpxtpx:hr>
</gpxtpx:TrackPointExtension>
</extensions>
</trkpt>
<trkpt lat="36.7850345" lon="126.9784559">
<ele>-2.493</ele>
<time>2024-06-03T12:39:23Z</time>
<extensions>
<gpxtpx:TrackPointExtension>
<gpxtpx:hr>100</gpxtpx:hr>
</gpxtpx:TrackPointExtension>
</extensions>
</trkpt>
<trkpt lat="36.7850255" lon="126.9784499">
<ele>-2.499</ele>
<time>2024-06-03T12:39:24Z</time>
<extensions>
<gpxtpx:TrackPointExtension>
<gpxtpx:hr>100</gpxtpx:hr>
</gpxtpx:TrackPointExtension>
</extensions>
</trkpt>
<trkpt lat="36.7850193" lon="126.9784427">
<ele>-2.508</ele>
<time>2024-06-03T12:39:25Z</time>
<extensions>
<gpxtpx:TrackPointExtension>
<gpxtpx:hr>100</gpxtpx:hr>
</gpxtpx:TrackPointExtension>
</extensions>
</trkpt>
<trkpt lat="36.7850155" lon="126.9784355">
<ele>-2.548</ele>
<time>2024-06-03T12:39:26Z</time>
<extensions>
<gpxtpx:TrackPointExtension>
<gpxtpx:hr>100</gpxtpx:hr>
</gpxtpx:TrackPointExtension>
</extensions>
</trkpt>
<trkpt lat="36.7850122" lon="126.9784315">
<ele>-2.535</ele>
<time>2024-06-03T12:39:27Z</time>
<extensions>
<gpxtpx:TrackPointExtension>
<gpxtpx:hr>100</gpxtpx:hr>
</gpxtpx:TrackPointExtension>
</extensions>
</trkpt>
<trkpt lat="36.7850101" lon="126.9784317">
<ele>-2.539</ele>
<time>2024-06-03T12:39:28Z</time>
<extensions>
<gpxtpx:TrackPointExtension>
<gpxtpx:hr>100</gpxtpx:hr>
</gpxtpx:TrackPointExtension>
</extensions>
</trkpt>
<trkpt lat="36.7850107" lon="126.9784324">
<ele>-2.47</ele>
<time>2024-06-03T12:39:29Z</time>
<extensions>
<gpxtpx:TrackPointExtension>
<gpxtpx:hr>100</gpxtpx:hr>
</gpxtpx:TrackPointExtension>
</extensions>
</trkpt>
<trkpt lat="36.7850117" lon="126.9784352">
<ele>-2.494</ele>
<time>2024-06-03T12:39:30Z</time>
<extensions>
<gpxtpx:TrackPointExtension>
<gpxtpx:hr>100</gpxtpx:hr>
<gpxtpx:cad>114</gpxtpx:cad>
</gpxtpx:TrackPointExtension>
</extensions>
</trkpt>
<trkpt lat="36.785013" lon="126.9784387">
<ele>-2.589</ele>
<time>2024-06-03T12:39:31Z</time>
<extensions>
<gpxtpx:TrackPointExtension>
<gpxtpx:hr>100</gpxtpx:hr>
</gpxtpx:TrackPointExtension>
</extensions>
</trkpt>
<trkpt lat="36.7850145" lon="126.9784428">
<ele>-2.466</ele>
<time>2024-06-03T12:39:32Z</time>
<extensions>
<gpxtpx:TrackPointExtension>
<gpxtpx:hr>100</gpxtpx:hr>
</gpxtpx:TrackPointExtension>
</extensions>
</trkpt>
<trkpt lat="36.7850161" lon="126.9784475">
<ele>-2.337</ele>
<time>2024-06-03T12:39:33Z</time>
<extensions>
<gpxtpx:TrackPointExtension>
<gpxtpx:hr>100</gpxtpx:hr>
</gpxtpx:TrackPointExtension>
</extensions>
</trkpt>
<trkpt lat="36.7850166" lon="126.978453">
<ele>-2.326</ele>
<time>2024-06-03T12:39:34Z</time>
<extensions>
<gpxtpx:TrackPointExtension>
<gpxtpx:hr>101</gpxtpx:hr>
</gpxtpx:TrackPointExtension>
</extensions>
</trkpt>
<trkpt lat="36.7850171" lon="126.9784598">
<ele>-2.339</ele>
<time>2024-06-03T12:39:35Z</time>
<extensions>
<gpxtpx:TrackPointExtension>
<gpxtpx:hr>101</gpxtpx:hr>
</gpxtpx:TrackPointExtension>
</extensions>
</trkpt>
<trkpt lat="36.7850182" lon="126.9784659">
<ele>-2.359</ele>
<time>2024-06-03T12:39:36Z</time>
<extensions>
<gpxtpx:TrackPointExtension>
<gpxtpx:hr>101</gpxtpx:hr>
</gpxtpx:TrackPointExtension>
</extensions>
</trkpt>
<trkpt lat="36.7850196" lon="126.978473">
<ele>-2.306</ele>
<time>2024-06-03T12:39:37Z</time>
<extensions>
<gpxtpx:TrackPointExtension>
<gpxtpx:hr>100</gpxtpx:hr>
</gpxtpx:TrackPointExtension>
</extensions>
</trkpt>
<trkpt lat="36.7850221" lon="126.9784806">
<ele>-2.267</ele>
<time>2024-06-03T12:39:38Z</time>
<extensions>
<gpxtpx:TrackPointExtension>
<gpxtpx:hr>100</gpxtpx:hr>
</gpxtpx:TrackPointExtension>
</extensions>
</trkpt>
<trkpt lat="36.7850254" lon="126.9784874">
<ele>-2.218</ele>
<time>2024-06-03T12:39:39Z</time>
<extensions>
<gpxtpx:TrackPointExtension>
<gpxtpx:hr>100</gpxtpx:hr>
</gpxtpx:TrackPointExtension>
</extensions>
</trkpt>
<trkpt lat="36.7850296" lon="126.9784936">
<ele>-2.227</ele>
<time>2024-06-03T12:39:40Z</time>
<extensions>
<gpxtpx:TrackPointExtension>
<gpxtpx:hr>100</gpxtpx:hr>
<gpxtpx:cad>112</gpxtpx:cad>
</gpxtpx:TrackPointExtension>
</extensions>
</trkpt>
<trkpt lat="36.7850351" lon="126.9785009">
<ele>-2.075</ele>
<time>2024-06-03T12:39:41Z</time>
<extensions>
<gpxtpx:TrackPointExtension>
<gpxtpx:hr>100</gpxtpx:hr>
</gpxtpx:TrackPointExtension>
</extensions>
</trkpt>
<trkpt lat="36.7850411" lon="126.9785086">
<ele>-2.311</ele>
<time>2024-06-03T12:39:42Z</time>
<extensions>
<gpxtpx:TrackPointExtension>
<gpxtpx:hr>100</gpxtpx:hr>
</gpxtpx:TrackPointExtension>
</extensions>
</trkpt>
<trkpt lat="36.7850469" lon="126.978516">
<ele>-2.451</ele>
<time>2024-06-03T12:39:43Z</time>
</trkpt>
<trkpt lat="36.7850526" lon="126.978524">
<ele>-2.478</ele>
<time>2024-06-03T12:39:44Z</time>
<extensions>
<gpxtpx:TrackPointExtension>
<gpxtpx:hr>100</gpxtpx:hr>
</gpxtpx:TrackPointExtension>
</extensions>
</trkpt>
<trkpt lat="36.7850591" lon="126.9785304">
<ele>-2.5</ele>
<time>2024-06-03T12:39:45Z</time>
<extensions>
<gpxtpx:TrackPointExtension>
<gpxtpx:hr>100</gpxtpx:hr>
</gpxtpx:TrackPointExtension>
</extensions>
</trkpt>
<trkpt lat="36.7850669" lon="126.9785362">
<ele>-2.48</ele>
<time>2024-06-03T12:39:46Z</time>
<extensions>
<gpxtpx:TrackPointExtension>
<gpxtpx:hr>100</gpxtpx:hr>
</gpxtpx:TrackPointExtension>
</extensions>
</trkpt>
<trkpt lat="36.7850754" lon="126.9785418">
<ele>-2.482</ele>
<time>2024-06-03T12:39:47Z</time>
<extensions>
<gpxtpx:TrackPointExtension>
<gpxtpx:hr>100</gpxtpx:hr>
</gpxtpx:TrackPointExtension>
</extensions>
</trkpt>
<trkpt lat="36.7850837" lon="126.9785473">
<ele>-2.483</ele>
<time>2024-06-03T12:39:48Z</time>
<extensions>
<gpxtpx:TrackPointExtension>
<gpxtpx:hr>100</gpxtpx:hr>
</gpxtpx:TrackPointExtension>
</extensions>
</trkpt>
<trkpt lat="36.7850917" lon="126.9785536">
<ele>-2.512</ele>
<time>2024-06-03T12:39:49Z</time>
<extensions>
<gpxtpx:TrackPointExtension>
<gpxtpx:hr>100</gpxtpx:hr>
</gpxtpx:TrackPointExtension>
</extensions>
</trkpt>
<trkpt lat="36.7850996" lon="126.97856">
<ele>-2.193</ele>
<time>2024-06-03T12:39:51Z</time>
<extensions>
<gpxtpx:TrackPointExtension>
<gpxtpx:hr>100</gpxtpx:hr>
<gpxtpx:cad>109</gpxtpx:cad>
</gpxtpx:TrackPointExtension>
</extensions>
</trkpt>
<trkpt lat="36.7851073" lon="126.9785671">
<ele>-2.279</ele>
<time>2024-06-03T12:39:52Z</time>
<extensions>
<gpxtpx:TrackPointExtension>
<gpxtpx:hr>101</gpxtpx:hr>
</gpxtpx:TrackPointExtension>
</extensions>
</trkpt>
<trkpt lat="36.7851148" lon="126.9785749">
<ele>-2.41</ele>
<time>2024-06-03T12:39:53Z</time>
<extensions>
<gpxtpx:TrackPointExtension>
<gpxtpx:hr>101</gpxtpx:hr>
</gpxtpx:TrackPointExtension>
</extensions>
</trkpt>
<trkpt lat="36.7851212" lon="126.9785841">
<ele>-2.45</ele>
<time>2024-06-03T12:39:54Z</time>
<extensions>
<gpxtpx:TrackPointExtension>
<gpxtpx:hr>101</gpxtpx:hr>
</gpxtpx:TrackPointExtension>
</extensions>
</trkpt>
<trkpt lat="36.7851248" lon="126.9786031">
<ele>-2.423</ele>
<time>2024-06-03T12:39:55Z</time>
<extensions>
<gpxtpx:TrackPointExtension>
<gpxtpx:hr>101</gpxtpx:hr>
</gpxtpx:TrackPointExtension>
</extensions>
</trkpt>
<trkpt lat="36.7851262" lon="126.9786314">
<ele>-2.396</ele>
<time>2024-06-03T12:39:56Z</time>
<extensions>
<gpxtpx:TrackPointExtension>
<gpxtpx:hr>101</gpxtpx:hr>
<gpxtpx:cad>114</gpxtpx:cad>
</gpxtpx:TrackPointExtension>
</extensions>
</trkpt>
<trkpt lat="36.7851246" lon="126.9786669">
<ele>-2.321</ele>
<time>2024-06-03T12:39:57Z</time>
<extensions>
<gpxtpx:TrackPointExtension>
<gpxtpx:hr>102</gpxtpx:hr>
</gpxtpx:TrackPointExtension>
</extensions>
</trkpt>
<trkpt lat="36.7851234" lon="126.9787035">
<ele>-2.274</ele>
<time>2024-06-03T12:39:58Z</time>
<extensions>
<gpxtpx:TrackPointExtension>
<gpxtpx:hr>102</gpxtpx:hr>
</gpxtpx:TrackPointExtension>
</extensions>
</trkpt>
<trkpt lat="36.785121" lon="126.9787421">
<ele>-2.214</ele>
<time>2024-06-03T12:39:59Z</time>
<extensions>
<gpxtpx:TrackPointExtension>
<gpxtpx:hr>102</gpxtpx:hr>
</gpxtpx:TrackPointExtension>
</extensions>
</trkpt>
<trkpt lat="36.785118" lon="126.9787827">
<ele>-2.099</ele>
<time>2024-06-03T12:40:00Z</time>
<extensions>
<gpxtpx:TrackPointExtension>
<gpxtpx:hr>102</gpxtpx:hr>
</gpxtpx:TrackPointExtension>
</extensions>
</trkpt>
<trkpt lat="36.7851141" lon="126.9788244">
<ele>-1.788</ele>
<time>2024-06-03T12:40:01Z</time>
<extensions>
<gpxtpx:TrackPointExtension>
<gpxtpx:hr>102</gpxtpx:hr>
<gpxtpx:cad>116</gpxtpx:cad>
</gpxtpx:TrackPointExtension>
</extensions>
</trkpt>
<trkpt lat="36.7851092" lon="126.9788663">
<ele>-1.88</ele>
<time>2024-06-03T12:40:02Z</time>
<extensions>
<gpxtpx:TrackPointExtension>
<gpxtpx:hr>102</gpxtpx:hr>
</gpxtpx:TrackPointExtension>
</extensions>
</trkpt>
<trkpt lat="36.7851024" lon="126.9789082">
<ele>-2.039</ele>
<time>2024-06-03T12:40:03Z</time>
<extensions>
<gpxtpx:TrackPointExtension>
<gpxtpx:hr>102</gpxtpx:hr>
</gpxtpx:TrackPointExtension>
</extensions>
</trkpt>
<trkpt lat="36.7850953" lon="126.9789487">
<ele>-2.108</ele>
<time>2024-06-03T12:40:04Z</time>
<extensions>
<gpxtpx:TrackPointExtension>
<gpxtpx:hr>102</gpxtpx:hr>
</gpxtpx:TrackPointExtension>
</extensions>
</trkpt>
<trkpt lat="36.7850893" lon="126.9789886">
<ele>-2.13</ele>
<time>2024-06-03T12:40:05Z</time>
<extensions>
<gpxtpx:TrackPointExtension>
<gpxtpx:hr>102</gpxtpx:hr>
</gpxtpx:TrackPointExtension>
</extensions>
</trkpt>
<trkpt lat="36.7850847" lon="126.9790278">
<ele>-2.007</ele>
<time>2024-06-03T12:40:06Z</time>
<extensions>
<gpxtpx:TrackPointExtension>
<gpxtpx:hr>102</gpxtpx:hr>
</gpxtpx:TrackPointExtension>
</extensions>
</trkpt>
<trkpt lat="36.7850808" lon="126.9790665">
<ele>-1.905</ele>
<time>2024-06-03T12:40:07Z</time>
<extensions>
<gpxtpx:TrackPointExtension>
<gpxtpx:hr>102</gpxtpx:hr>
</gpxtpx:TrackPointExtension>
</extensions>
</trkpt>
<trkpt lat="36.7850785" lon="126.9791022">
<ele>-2.101</ele>
<time>2024-06-03T12:40:08Z</time>
<extensions>
<gpxtpx:TrackPointExtension>
<gpxtpx:hr>102</gpxtpx:hr>
</gpxtpx:TrackPointExtension>
</extensions>
</trkpt>
<trkpt lat="36.7850769" lon="126.9791362">
<ele>-2.255</ele>
<time>2024-06-03T12:40:09Z</time>
<extensions>
<gpxtpx:TrackPointExtension>
<gpxtpx:hr>102</gpxtpx:hr>
</gpxtpx:TrackPointExtension>
</extensions>
</trkpt>
<trkpt lat="36.785076" lon="126.979168">
<ele>-2.325</ele>
<time>2024-06-03T12:40:10Z</time>
<extensions>
<gpxtpx:TrackPointExtension>
<gpxtpx:hr>103</gpxtpx:hr>
</gpxtpx:TrackPointExtension>
</extensions>
</trkpt>
<trkpt lat="36.7850736" lon="126.9791974">
<ele>-2.389</ele>
<time>2024-06-03T12:40:11Z</time>
<extensions>
<gpxtpx:TrackPointExtension>
<gpxtpx:hr>102</gpxtpx:hr>
<gpxtpx:cad>109</gpxtpx:cad>
</gpxtpx:TrackPointExtension>
</extensions>
</trkpt>
<trkpt lat="36.7850701" lon="126.9792263">
<ele>-2.391</ele>
<time>2024-06-03T12:40:12Z</time>
<extensions>
<gpxtpx:TrackPointExtension>
<gpxtpx:hr>102</gpxtpx:hr>
</gpxtpx:TrackPointExtension>
</extensions>
</trkpt>
<trkpt lat="36.7850668" lon="126.979253">
<ele>-2.454</ele>
<time>2024-06-03T12:40:13Z</time>
<extensions>
<gpxtpx:TrackPointExtension>
<gpxtpx:hr>102</gpxtpx:hr>
</gpxtpx:TrackPointExtension>
</extensions>
</trkpt>
<trkpt lat="36.7850625" lon="126.979278">
<ele>-2.42</ele>
<time>2024-06-03T12:40:14Z</time>
<extensions>
<gpxtpx:TrackPointExtension>
<gpxtpx:hr>102</gpxtpx:hr>
</gpxtpx:TrackPointExtension>
</extensions>
</trkpt>
<trkpt lat="36.785057" lon="126.9793018">
<ele>-2.401</ele>
<time>2024-06-03T12:40:15Z</time>
<extensions>
<gpxtpx:TrackPointExtension>
<gpxtpx:hr>102</gpxtpx:hr>
</gpxtpx:TrackPointExtension>
</extensions>
</trkpt>
<trkpt lat="36.78505" lon="126.979324">
<ele>-2.434</ele>
<time>2024-06-03T12:40:16Z</time>
<extensions>
<gpxtpx:TrackPointExtension>
<gpxtpx:hr>102</gpxtpx:hr>
</gpxtpx:TrackPointExtension>
</extensions>
</trkpt>
<trkpt lat="36.785042" lon="126.9793438">
<ele>-2.397</ele>
<time>2024-06-03T12:40:17Z</time>
<extensions>
<gpxtpx:TrackPointExtension>
<gpxtpx:hr>102</gpxtpx:hr>
</gpxtpx:TrackPointExtension>
</extensions>
</trkpt>
<trkpt lat="36.7850329" lon="126.9793618">
<ele>-2.408</ele>
<time>2024-06-03T12:40:18Z</time>
<extensions>
<gpxtpx:TrackPointExtension>
<gpxtpx:hr>102</gpxtpx:hr>
</gpxtpx:TrackPointExtension>
</extensions>
</trkpt>
<trkpt lat="36.7850119" lon="126.9793953">
<ele>-2.425</ele>
<time>2024-06-03T12:40:19Z</time>
<extensions>
<gpxtpx:TrackPointExtension>
<gpxtpx:hr>102</gpxtpx:hr>
</gpxtpx:TrackPointExtension>
</extensions>
</trkpt>
<trkpt lat="36.785" lon="126.979412">
<ele>-2.398</ele>
<time>2024-06-03T12:40:20Z</time>
<extensions>
<gpxtpx:TrackPointExtension>
<gpxtpx:hr>102</gpxtpx:hr>
</gpxtpx:TrackPointExtension>
</extensions>
</trkpt>
<trkpt lat="36.7849878" lon="126.9794288">
<ele>-2.373</ele>
<time>2024-06-03T12:40:21Z</time>
<extensions>
<gpxtpx:TrackPointExtension>
<gpxtpx:hr>102</gpxtpx:hr>
<gpxtpx:cad>109</gpxtpx:cad>
</gpxtpx:TrackPointExtension>
</extensions>
</trkpt>
<trkpt lat="36.7849752" lon="126.9794457">
<ele>-2.398</ele>
<time>2024-06-03T12:40:22Z</time>
<extensions>
<gpxtpx:TrackPointExtension>
<gpxtpx:hr>103</gpxtpx:hr>
</gpxtpx:TrackPointExtension>
</extensions>
</trkpt>
<trkpt lat="36.7849629" lon="126.9794635">
<ele>-2.432</ele>
<time>2024-06-03T12:40:23Z</time>
<extensions>
<gpxtpx:TrackPointExtension>
<gpxtpx:hr>103</gpxtpx:hr>
</gpxtpx:TrackPointExtension>
</extensions>
</trkpt>
<trkpt lat="36.7849499" lon="126.9794806">
<ele>-2.374</ele>
<time>2024-06-03T12:40:24Z</time>
<extensions>
<gpxtpx:TrackPointExtension>
<gpxtpx:hr>103</gpxtpx:hr>
</gpxtpx:TrackPointExtension>
</extensions>
</trkpt>
<trkpt lat="36.7849373" lon="126.9794974">
<ele>-2.349</ele>
<time>2024-06-03T12:40:25Z</time>
<extensions>
<gpxtpx:TrackPointExtension>
<gpxtpx:hr>103</gpxtpx:hr>
</gpxtpx:TrackPointExtension>
</extensions>
</trkpt>
<trkpt lat="36.7849252" lon="126.979514">
<ele>-2.398</ele>
<time>2024-06-03T12:40:26Z</time>
<extensions>
<gpxtpx:TrackPointExtension>
<gpxtpx:hr>103</gpxtpx:hr>
</gpxtpx:TrackPointExtension>
</extensions>
</trkpt>
<trkpt lat="36.7849139" lon="126.9795297">
<ele>-2.373</ele>
<time>2024-06-03T12:40:27Z</time>
<extensions>
<gpxtpx:TrackPointExtension>
<gpxtpx:hr>103</gpxtpx:hr>
</gpxtpx:TrackPointExtension>
</extensions>
</trkpt>
<trkpt lat="36.7849047" lon="126.9795449">
<ele>-2.347</ele>
<time>2024-06-03T12:40:28Z</time>
<extensions>
<gpxtpx:TrackPointExtension>
<gpxtpx:hr>103</gpxtpx:hr>
</gpxtpx:TrackPointExtension>
</extensions>
</trkpt>
<trkpt lat="36.784897" lon="126.9795602">
<ele>-2.344</ele>
<time>2024-06-03T12:40:29Z</time>
<extensions>
<gpxtpx:TrackPointExtension>
<gpxtpx:hr>103</gpxtpx:hr>
</gpxtpx:TrackPointExtension>
</extensions>
</trkpt>
<trkpt lat="36.7848904" lon="126.9795742">
<ele>-2.364</ele>
<time>2024-06-03T12:40:30Z</time>
<extensions>
<gpxtpx:TrackPointExtension>
<gpxtpx:hr>103</gpxtpx:hr>
</gpxtpx:TrackPointExtension>
</extensions>
</trkpt>
<trkpt lat="36.7848858" lon="126.9795871">
<ele>-2.376</ele>
<time>2024-06-03T12:40:31Z</time>
<extensions>
<gpxtpx:TrackPointExtension>
<gpxtpx:hr>103</gpxtpx:hr>
<gpxtpx:cad>108</gpxtpx:cad>
</gpxtpx:TrackPointExtension>
</extensions>
</trkpt>
<trkpt lat="36.7848829" lon="126.9795978">
<ele>-2.313</ele>
<time>2024-06-03T12:40:32Z</time>
<extensions>
<gpxtpx:TrackPointExtension>
<gpxtpx:hr>103</gpxtpx:hr>
</gpxtpx:TrackPointExtension>
</extensions>
</trkpt>
<trkpt lat="36.7848812" lon="126.9796063">
<ele>-2.396</ele>
<time>2024-06-03T12:40:33Z</time>
<extensions>
<gpxtpx:TrackPointExtension>
<gpxtpx:hr>103</gpxtpx:hr>
</gpxtpx:TrackPointExtension>
</extensions>
</trkpt>
<trkpt lat="36.7848801" lon="126.9796145">
<ele>-2.359</ele>
<time>2024-06-03T12:40:34Z</time>
<extensions>
<gpxtpx:TrackPointExtension>
<gpxtpx:hr>103</gpxtpx:hr>
</gpxtpx:TrackPointExtension>
</extensions>
</trkpt>
<trkpt lat="36.7848798" lon="126.9796225">
<ele>-2.308</ele>
<time>2024-06-03T12:40:35Z</time>
<extensions>
<gpxtpx:TrackPointExtension>
<gpxtpx:hr>103</gpxtpx:hr>
</gpxtpx:TrackPointExtension>
</extensions>
</trkpt>
<trkpt lat="36.7848797" lon="126.9796321">
<ele>-2.296</ele>
<time>2024-06-03T12:40:36Z</time>
<extensions>
<gpxtpx:TrackPointExtension>
<gpxtpx:hr>103</gpxtpx:hr>
</gpxtpx:TrackPointExtension>
</extensions>
</trkpt>
<trkpt lat="36.7848799" lon="126.9796441">
<ele>-2.315</ele>
<time>2024-06-03T12:40:37Z</time>
<extensions>
<gpxtpx:TrackPointExtension>
<gpxtpx:hr>103</gpxtpx:hr>
<gpxtpx:cad>108</gpxtpx:cad>
</gpxtpx:TrackPointExtension>
</extensions>
</trkpt>
<trkpt lat="36.7848793" lon="126.9796575">
<ele>-2.015</ele>
<time>2024-06-03T12:40:38Z</time>
<extensions>
<gpxtpx:TrackPointExtension>
<gpxtpx:hr>103</gpxtpx:hr>
</gpxtpx:TrackPointExtension>
</extensions>
</trkpt>
<trkpt lat="36.7848769" lon="126.9796732">
<ele>-2.153</ele>
<time>2024-06-03T12:40:39Z</time>
<extensions>
<gpxtpx:TrackPointExtension>
<gpxtpx:hr>103</gpxtpx:hr>
</gpxtpx:TrackPointExtension>
</extensions>
</trkpt>
<trkpt lat="36.7848746" lon="126.9796897">
<ele>-2.126</ele>
<time>2024-06-03T12:40:40Z</time>
<extensions>
<gpxtpx:TrackPointExtension>
<gpxtpx:hr>103</gpxtpx:hr>
</gpxtpx:TrackPointExtension>
</extensions>
</trkpt>
<trkpt lat="36.784873" lon="126.9797089">
<ele>-1.923</ele>
<time>2024-06-03T12:40:41Z</time>
<extensions>
<gpxtpx:TrackPointExtension>
<gpxtpx:hr>103</gpxtpx:hr>
<gpxtpx:cad>109</gpxtpx:cad>
</gpxtpx:TrackPointExtension>
</extensions>
</trkpt>
<trkpt lat="36.7848724" lon="126.9797301">
<ele>-1.879</ele>
<time>2024-06-03T12:40:42Z</time>
<extensions>
<gpxtpx:TrackPointExtension>
<gpxtpx:hr>103</gpxtpx:hr>
</gpxtpx:TrackPointExtension>
</extensions>
</trkpt>
<trkpt lat="36.7848738" lon="126.9797538">
<ele>-1.818</ele>
<time>2024-06-03T12:40:43Z</time>
<extensions>
<gpxtpx:TrackPointExtension>
<gpxtpx:hr>103</gpxtpx:hr>
</gpxtpx:TrackPointExtension>
</extensions>
</trkpt>
<trkpt lat="36.7848778" lon="126.9797793">
<ele>-1.744</ele>
<time>2024-06-03T12:40:44Z</time>
<extensions>
<gpxtpx:TrackPointExtension>
<gpxtpx:hr>103</gpxtpx:hr>
</gpxtpx:TrackPointExtension>
</extensions>
</trkpt>
<trkpt lat="36.7848839" lon="126.9798085">
<ele>-1.631</ele>
<time>2024-06-03T12:40:45Z</time>
<extensions>
<gpxtpx:TrackPointExtension>
<gpxtpx:hr>103</gpxtpx:hr>
</gpxtpx:TrackPointExtension>
</extensions>
</trkpt>
<trkpt lat="36.7848914" lon="126.9798409">
<ele>-1.966</ele>
<time>2024-06-03T12:40:46Z</time>
<extensions>
<gpxtpx:TrackPointExtension>
<gpxtpx:hr>103</gpxtpx:hr>
</gpxtpx:TrackPointExtension>
</extensions>
</trkpt>
<trkpt lat="36.7848991" lon="126.9798759">
<ele>-2.109</ele>
<time>2024-06-03T12:40:47Z</time>
<extensions>
<gpxtpx:TrackPointExtension>
<gpxtpx:hr>103</gpxtpx:hr>
</gpxtpx:TrackPointExtension>
</extensions>
</trkpt>
<trkpt lat="36.7849059" lon="126.9799108">
<ele>-2.131</ele>
<time>2024-06-03T12:40:48Z</time>
<extensions>
<gpxtpx:TrackPointExtension>
<gpxtpx:hr>104</gpxtpx:hr>
</gpxtpx:TrackPointExtension>
</extensions>
</trkpt>
<trkpt lat="36.7849115" lon="126.979943">
<ele>-2.135</ele>
<time>2024-06-03T12:40:49Z</time>
<extensions>
<gpxtpx:TrackPointExtension>
<gpxtpx:hr>104</gpxtpx:hr>
</gpxtpx:TrackPointExtension>
</extensions>
</trkpt>
<trkpt lat="36.7849148" lon="126.9799727">
<ele>-2.213</ele>
<time>2024-06-03T12:40:50Z</time>
<extensions>
<gpxtpx:TrackPointExtension>
<gpxtpx:hr>104</gpxtpx:hr>
</gpxtpx:TrackPointExtension>
</extensions>
</trkpt>
<trkpt lat="36.7849166" lon="126.9799984">
<ele>-2.175</ele>
<time>2024-06-03T12:40:51Z</time>
<extensions>
<gpxtpx:TrackPointExtension>
<gpxtpx:hr>104</gpxtpx:hr>
<gpxtpx:cad>109</gpxtpx:cad>
</gpxtpx:TrackPointExtension>
</extensions>
</trkpt>
<trkpt lat="36.7849166" lon="126.9800207">
<ele>-2.13</ele>
<time>2024-06-03T12:40:52Z</time>
<extensions>
<gpxtpx:TrackPointExtension>
<gpxtpx:hr>104</gpxtpx:hr>
</gpxtpx:TrackPointExtension>
</extensions>
</trkpt>
<trkpt lat="36.7849148" lon="126.9800401">
<ele>-2.102</ele>
<time>2024-06-03T12:40:53Z</time>
<extensions>
<gpxtpx:TrackPointExtension>
<gpxtpx:hr>104</gpxtpx:hr>
</gpxtpx:TrackPointExtension>
</extensions>
</trkpt>
<trkpt lat="36.7849127" lon="126.9800559">
<ele>-2.102</ele>
<time>2024-06-03T12:40:54Z</time>
<extensions>
<gpxtpx:TrackPointExtension>
<gpxtpx:hr>104</gpxtpx:hr>
</gpxtpx:TrackPointExtension>
</extensions>
</trkpt>
<trkpt lat="36.7849103" lon="126.9800692">
<ele>-2.096</ele>
<time>2024-06-03T12:40:55Z</time>
<extensions>
<gpxtpx:TrackPointExtension>
<gpxtpx:hr>104</gpxtpx:hr>
</gpxtpx:TrackPointExtension>
</extensions>
</trkpt>
<trkpt lat="36.7849071" lon="126.9800812">
<ele>-2.06</ele>
<time>2024-06-03T12:40:56Z</time>
<extensions>
<gpxtpx:TrackPointExtension>
<gpxtpx:hr>104</gpxtpx:hr>
</gpxtpx:TrackPointExtension>
</extensions>
</trkpt>
<trkpt lat="36.7849037" lon="126.9800925">
<ele>-2.096</ele>
<time>2024-06-03T12:40:57Z</time>
<extensions>
<gpxtpx:TrackPointExtension>
<gpxtpx:hr>104</gpxtpx:hr>
</gpxtpx:TrackPointExtension>
</extensions>
</trkpt>
<trkpt lat="36.7848996" lon="126.9801025">
<ele>-2.045</ele>
<time>2024-06-03T12:40:58Z</time>
<extensions>
<gpxtpx:TrackPointExtension>
<gpxtpx:hr>104</gpxtpx:hr>
</gpxtpx:TrackPointExtension>
</extensions>
</trkpt>
<trkpt lat="36.7848951" lon="126.9801108">
<ele>-2.02</ele>
<time>2024-06-03T12:40:59Z</time>
<extensions>
<gpxtpx:TrackPointExtension>
<gpxtpx:hr>104</gpxtpx:hr>
</gpxtpx:TrackPointExtension>
</extensions>
</trkpt>
<trkpt lat="36.7848914" lon="126.9801164">
<ele>-1.986</ele>
<time>2024-06-03T12:41:00Z</time>
<extensions>
<gpxtpx:TrackPointExtension>
<gpxtpx:hr>104</gpxtpx:hr>
</gpxtpx:TrackPointExtension>
</extensions>
</trkpt>
<trkpt lat="36.7848875" lon="126.9801196">
<ele>-1.958</ele>
<time>2024-06-03T12:41:01Z</time>
<extensions>
<gpxtpx:TrackPointExtension>
<gpxtpx:hr>104</gpxtpx:hr>
<gpxtpx:cad>110</gpxtpx:cad>
</gpxtpx:TrackPointExtension>
</extensions>
</trkpt>
<trkpt lat="36.7848835" lon="126.9801211">
<ele>-1.962</ele>
<time>2024-06-03T12:41:02Z</time>
<extensions>
<gpxtpx:TrackPointExtension>
<gpxtpx:hr>103</gpxtpx:hr>
</gpxtpx:TrackPointExtension>
</extensions>
</trkpt>
<trkpt lat="36.7848796" lon="126.9801227">
<ele>-1.959</ele>
<time>2024-06-03T12:41:03Z</time>
<extensions>
<gpxtpx:TrackPointExtension>
<gpxtpx:hr>103</gpxtpx:hr>
</gpxtpx:TrackPointExtension>
</extensions>
</trkpt>
<trkpt lat="36.7848765" lon="126.9801247">
<ele>-1.944</ele>
<time>2024-06-03T12:41:04Z</time>
<extensions>
<gpxtpx:TrackPointExtension>
<gpxtpx:hr>104</gpxtpx:hr>
</gpxtpx:TrackPointExtension>
</extensions>
</trkpt>
<trkpt lat="36.7848741" lon="126.9801268">
<ele>-1.741</ele>
<time>2024-06-03T12:41:05Z</time>
<extensions>
<gpxtpx:TrackPointExtension>
<gpxtpx:hr>104</gpxtpx:hr>
</gpxtpx:TrackPointExtension>
</extensions>
</trkpt>
<trkpt lat="36.7848727" lon="126.9801309">
<ele>-1.628</ele>
<time>2024-06-03T12:41:06Z</time>
<extensions>
<gpxtpx:TrackPointExtension>
<gpxtpx:hr>104</gpxtpx:hr>
</gpxtpx:TrackPointExtension>
</extensions>
</trkpt>
<trkpt lat="36.7848709" lon="126.9801376">
<ele>-1.573</ele>
<time>2024-06-03T12:41:07Z</time>
<extensions>
<gpxtpx:TrackPointExtension>
<gpxtpx:hr>104</gpxtpx:hr>
</gpxtpx:TrackPointExtension>
</extensions>
</trkpt>
<trkpt lat="36.7848696" lon="126.9801467">
<ele>-1.585</ele>
<time>2024-06-03T12:41:08Z</time>
<extensions>
<gpxtpx:TrackPointExtension>
<gpxtpx:hr>104</gpxtpx:hr>
</gpxtpx:TrackPointExtension>
</extensions>
</trkpt>
<trkpt lat="36.7848684" lon="126.980156">
<ele>-1.5</ele>
<time>2024-06-03T12:41:09Z</time>
<extensions>
<gpxtpx:TrackPointExtension>
<gpxtpx:hr>104</gpxtpx:hr>
</gpxtpx:TrackPointExtension>
</extensions>
</trkpt>
<trkpt lat="36.784868" lon="126.980169">
<ele>-1.46</ele>
<time>2024-06-03T12:41:10Z</time>
</trkpt>
<trkpt lat="36.7848682" lon="126.9801841">
<ele>-1.511</ele>
<time>2024-06-03T12:41:11Z</time>
<extensions>
<gpxtpx:TrackPointExtension>
<gpxtpx:hr>105</gpxtpx:hr>
<gpxtpx:cad>114</gpxtpx:cad>
</gpxtpx:TrackPointExtension>
</extensions>
</trkpt>
<trkpt lat="36.7848687" lon="126.9802004">
<ele>-1.462</ele>
<time>2024-06-03T12:41:12Z</time>
<extensions>
<gpxtpx:TrackPointExtension>
<gpxtpx:hr>105</gpxtpx:hr>
</gpxtpx:TrackPointExtension>
</extensions>
</trkpt>
<trkpt lat="36.7848687" lon="126.9802165">
<ele>-1.605</ele>
<time>2024-06-03T12:41:13Z</time>
<extensions>
<gpxtpx:TrackPointExtension>
<gpxtpx:hr>105</gpxtpx:hr>
</gpxtpx:TrackPointExtension>
</extensions>
</trkpt>
<trkpt lat="36.7848687" lon="126.980231">
<ele>-1.459</ele>
<time>2024-06-03T12:41:14Z</time>
<extensions>
<gpxtpx:TrackPointExtension>
<gpxtpx:hr>105</gpxtpx:hr>
</gpxtpx:TrackPointExtension>
</extensions>
</trkpt>
<trkpt lat="36.7848698" lon="126.9802425">
<ele>-1.47</ele>
<time>2024-06-03T12:41:15Z</time>
<extensions>
<gpxtpx:TrackPointExtension>
<gpxtpx:hr>105</gpxtpx:hr>
</gpxtpx:TrackPointExtension>
</extensions>
</trkpt>
<trkpt lat="36.7848711" lon="126.9802511">
<ele>-1.35</ele>
<time>2024-06-03T12:41:16Z</time>
<extensions>
<gpxtpx:TrackPointExtension>
<gpxtpx:hr>105</gpxtpx:hr>
</gpxtpx:TrackPointExtension>
</extensions>
</trkpt>
<trkpt lat="36.784873" lon="126.9802583">
<ele>-1.418</ele>
<time>2024-06-03T12:41:17Z</time>
<extensions>
<gpxtpx:TrackPointExtension>
<gpxtpx:hr>105</gpxtpx:hr>
</gpxtpx:TrackPointExtension>
</extensions>
</trkpt>
<trkpt lat="36.7848756" lon="126.9802633">
<ele>-1.314</ele>
<time>2024-06-03T12:41:18Z</time>
<extensions>
<gpxtpx:TrackPointExtension>
<gpxtpx:hr>105</gpxtpx:hr>
</gpxtpx:TrackPointExtension>
</extensions>
</trkpt>
<trkpt lat="36.7848794" lon="126.9802673">
<ele>-1.383</ele>
<time>2024-06-03T12:41:19Z</time>
<extensions>
<gpxtpx:TrackPointExtension>
<gpxtpx:hr>105</gpxtpx:hr>
</gpxtpx:TrackPointExtension>
</extensions>
</trkpt>
<trkpt lat="36.7848827" lon="126.9802707">
<ele>-1.383</ele>
<time>2024-06-03T12:41:20Z</time>
<extensions>
<gpxtpx:TrackPointExtension>
<gpxtpx:hr>105</gpxtpx:hr>
</gpxtpx:TrackPointExtension>
</extensions>
</trkpt>
<trkpt lat="36.7848852" lon="126.9802726">
<ele>-1.311</ele>
<time>2024-06-03T12:41:21Z</time>
<extensions>
<gpxtpx:TrackPointExtension>
<gpxtpx:hr>105</gpxtpx:hr>
<gpxtpx:cad>108</gpxtpx:cad>
</gpxtpx:TrackPointExtension>
</extensions>
</trkpt>
<trkpt lat="36.7848874" lon="126.9802742">
<ele>-1.386</ele>
<time>2024-06-03T12:41:22Z</time>
</trkpt>
<trkpt lat="36.7848924" lon="126.9802793">
<ele>-1.327</ele>
<time>2024-06-03T12:41:23Z</time>
<extensions>
<gpxtpx:TrackPointExtension>
<gpxtpx:hr>105</gpxtpx:hr>
</gpxtpx:TrackPointExtension>
</extensions>
</trkpt>
<trkpt lat="36.7848989" lon="126.9802871">
<ele>-1.516</ele>
<time>2024-06-03T12:41:24Z</time>
<extensions>
<gpxtpx:TrackPointExtension>
<gpxtpx:hr>105</gpxtpx:hr>
</gpxtpx:TrackPointExtension>
</extensions>
</trkpt>
<trkpt lat="36.7849075" lon="126.9802958">
<ele>-1.709</ele>
<time>2024-06-03T12:41:25Z</time>
<extensions>
<gpxtpx:TrackPointExtension>
<gpxtpx:hr>106</gpxtpx:hr>
</gpxtpx:TrackPointExtension>
</extensions>
</trkpt>
<trkpt lat="36.7849184" lon="126.9803064">
<ele>-1.789</ele>
<time>2024-06-03T12:41:26Z</time>
<extensions>
<gpxtpx:TrackPointExtension>
<gpxtpx:hr>106</gpxtpx:hr>
</gpxtpx:TrackPointExtension>
</extensions>
</trkpt>
<trkpt lat="36.7849278" lon="126.9803176">
<ele>-1.824</ele>
<time>2024-06-03T12:41:27Z</time>
<extensions>
<gpxtpx:TrackPointExtension>
<gpxtpx:hr>106</gpxtpx:hr>
</gpxtpx:TrackPointExtension>
</extensions>
</trkpt>
<trkpt lat="36.7849355" lon="126.9803281">
<ele>-1.787</ele>
<time>2024-06-03T12:41:28Z</time>
<extensions>
<gpxtpx:TrackPointExtension>
<gpxtpx:hr>106</gpxtpx:hr>
</gpxtpx:TrackPointExtension>
</extensions>
</trkpt>
<trkpt lat="36.78494" lon="126.9803393">
<ele>-1.818</ele>
<time>2024-06-03T12:41:29Z</time>
<extensions>
<gpxtpx:TrackPointExtension>
<gpxtpx:hr>106</gpxtpx:hr>
</gpxtpx:TrackPointExtension>
</extensions>
</trkpt>
<trkpt lat="36.7849398" lon="126.9803501">
<ele>-1.749</ele>
<time>2024-06-03T12:41:30Z</time>
<extensions>
<gpxtpx:TrackPointExtension>
<gpxtpx:hr>105</gpxtpx:hr>
<gpxtpx:cad>106</gpxtpx:cad>
</gpxtpx:TrackPointExtension>
</extensions>
</trkpt>
<trkpt lat="36.7849355" lon="126.980361">
<ele>-1.724</ele>
<time>2024-06-03T12:41:31Z</time>
<extensions>
<gpxtpx:TrackPointExtension>
<gpxtpx:hr>105</gpxtpx:hr>
</gpxtpx:TrackPointExtension>
</extensions>
</trkpt>
<trkpt lat="36.7849279" lon="126.980373">
<ele>-1.579</ele>
<time>2024-06-03T12:41:32Z</time>
<extensions>
<gpxtpx:TrackPointExtension>
<gpxtpx:hr>105</gpxtpx:hr>
</gpxtpx:TrackPointExtension>
</extensions>
</trkpt>
<trkpt lat="36.7849173" lon="126.980386">
<ele>-1.65</ele>
<time>2024-06-03T12:41:33Z</time>
<extensions>
<gpxtpx:TrackPointExtension>
<gpxtpx:hr>105</gpxtpx:hr>
</gpxtpx:TrackPointExtension>
</extensions>
</trkpt>
<trkpt lat="36.7849049" lon="126.9803983">
<ele>-1.689</ele>
<time>2024-06-03T12:41:34Z</time>
<extensions>
<gpxtpx:TrackPointExtension>
<gpxtpx:hr>105</gpxtpx:hr>
</gpxtpx:TrackPointExtension>
</extensions>
</trkpt>
<trkpt lat="36.7848923" lon="126.9804098">
<ele>-1.621</ele>
<time>2024-06-03T12:41:35Z</time>
<extensions>
<gpxtpx:TrackPointExtension>
<gpxtpx:hr>105</gpxtpx:hr>
</gpxtpx:TrackPointExtension>
</extensions>
</trkpt>
<trkpt lat="36.7848791" lon="126.9804199">
<ele>-1.632</ele>
<time>2024-06-03T12:41:36Z</time>
<extensions>
<gpxtpx:TrackPointExtension>
<gpxtpx:hr>105</gpxtpx:hr>
</gpxtpx:TrackPointExtension>
</extensions>
</trkpt>
<trkpt lat="36.7848665" lon="126.9804281">
<ele>-1.665</ele>
<time>2024-06-03T12:41:37Z</time>
<extensions>
<gpxtpx:TrackPointExtension>
<gpxtpx:hr>106</gpxtpx:hr>
</gpxtpx:TrackPointExtension>
</extensions>
</trkpt>
<trkpt lat="36.7848554" lon="126.980436">
<ele>-1.671</ele>
<time>2024-06-03T12:41:38Z</time>
<extensions>
<gpxtpx:TrackPointExtension>
<gpxtpx:hr>106</gpxtpx:hr>
</gpxtpx:TrackPointExtension>
</extensions>
</trkpt>
<trkpt lat="36.784845" lon="126.9804424">
<ele>-1.681</ele>
<time>2024-06-03T12:41:39Z</time>
<extensions>
<gpxtpx:TrackPointExtension>
<gpxtpx:hr>106</gpxtpx:hr>
</gpxtpx:TrackPointExtension>
</extensions>
</trkpt>
<trkpt lat="36.7848357" lon="126.9804465">
<ele>-1.676</ele>
<time>2024-06-03T12:41:40Z</time>
<extensions>
<gpxtpx:TrackPointExtension>
<gpxtpx:hr>106</gpxtpx:hr>
<gpxtpx:cad>111</gpxtpx:cad>
</gpxtpx:TrackPointExtension>
</extensions>
</trkpt>
<trkpt lat="36.7848268" lon="126.980449">
<ele>-1.678</ele>
<time>2024-06-03T12:41:41Z</time>
<extensions>
<gpxtpx:TrackPointExtension>
<gpxtpx:hr>106</gpxtpx:hr>
</gpxtpx:TrackPointExtension>
</extensions>
</trkpt>
<trkpt lat="36.7848189" lon="126.9804517">
<ele>-1.653</ele>
<time>2024-06-03T12:41:42Z</time>
<extensions>
<gpxtpx:TrackPointExtension>
<gpxtpx:hr>106</gpxtpx:hr>
</gpxtpx:TrackPointExtension>
</extensions>
</trkpt>
<trkpt lat="36.7848129" lon="126.9804569">
<ele>-1.618</ele>
<time>2024-06-03T12:41:43Z</time>
<extensions>
<gpxtpx:TrackPointExtension>
<gpxtpx:hr>106</gpxtpx:hr>
</gpxtpx:TrackPointExtension>
</extensions>
</trkpt>
<trkpt lat="36.7848095" lon="126.980462">
<ele>-1.607</ele>
<time>2024-06-03T12:41:44Z</time>
<extensions>
<gpxtpx:TrackPointExtension>
<gpxtpx:hr>106</gpxtpx:hr>
</gpxtpx:TrackPointExtension>
</extensions>
</trkpt>
<trkpt lat="36.784808" lon="126.9804677">
<ele>-1.665</ele>
<time>2024-06-03T12:41:45Z</time>
<extensions>
<gpxtpx:TrackPointExtension>
<gpxtpx:hr>105</gpxtpx:hr>
</gpxtpx:TrackPointExtension>
</extensions>
</trkpt>
<trkpt lat="36.7848078" lon="126.9804744">
<ele>-1.669</ele>
<time>2024-06-03T12:41:46Z</time>
<extensions>
<gpxtpx:TrackPointExtension>
<gpxtpx:hr>105</gpxtpx:hr>
</gpxtpx:TrackPointExtension>
</extensions>
</trkpt>
<trkpt lat="36.7848083" lon="126.9804813">
<ele>-1.682</ele>
<time>2024-06-03T12:41:47Z</time>
<extensions>
<gpxtpx:TrackPointExtension>
<gpxtpx:hr>105</gpxtpx:hr>
</gpxtpx:TrackPointExtension>
</extensions>
</trkpt>
<trkpt lat="36.7848099" lon="126.9804902">
<ele>-1.577</ele>
<time>2024-06-03T12:41:48Z</time>
<extensions>
<gpxtpx:TrackPointExtension>
<gpxtpx:hr>105</gpxtpx:hr>
</gpxtpx:TrackPointExtension>
</extensions>
</trkpt>
<trkpt lat="36.784811" lon="126.980502">
<ele>-1.544</ele>
<time>2024-06-03T12:41:49Z</time>
<extensions>
<gpxtpx:TrackPointExtension>
<gpxtpx:hr>105</gpxtpx:hr>
</gpxtpx:TrackPointExtension>
</extensions>
</trkpt>
<trkpt lat="36.7848117" lon="126.980516">
<ele>-1.595</ele>
<time>2024-06-03T12:41:50Z</time>
<extensions>
<gpxtpx:TrackPointExtension>
<gpxtpx:hr>105</gpxtpx:hr>
<gpxtpx:cad>112</gpxtpx:cad>
</gpxtpx:TrackPointExtension>
</extensions>
</trkpt>
<trkpt lat="36.7848116" lon="126.9805336">
<ele>-1.589</ele>
<time>2024-06-03T12:41:51Z</time>
<extensions>
<gpxtpx:TrackPointExtension>
<gpxtpx:hr>105</gpxtpx:hr>
</gpxtpx:TrackPointExtension>
</extensions>
</trkpt>
<trkpt lat="36.7848101" lon="126.9805536">
<ele>-1.528</ele>
<time>2024-06-03T12:41:52Z</time>
<extensions>
<gpxtpx:TrackPointExtension>
<gpxtpx:hr>105</gpxtpx:hr>
</gpxtpx:TrackPointExtension>
</extensions>
</trkpt>
<trkpt lat="36.7848072" lon="126.980577">
<ele>-1.57</ele>
<time>2024-06-03T12:41:53Z</time>
<extensions>
<gpxtpx:TrackPointExtension>
<gpxtpx:hr>105</gpxtpx:hr>
</gpxtpx:TrackPointExtension>
</extensions>
</trkpt>
<trkpt lat="36.7848041" lon="126.980603">
<ele>-1.545</ele>
<time>2024-06-03T12:41:54Z</time>
<extensions>
<gpxtpx:TrackPointExtension>
<gpxtpx:hr>104</gpxtpx:hr>
</gpxtpx:TrackPointExtension>
</extensions>
</trkpt>
<trkpt lat="36.7848014" lon="126.9806347">
<ele>-1.533</ele>
<time>2024-06-03T12:41:55Z</time>
<extensions>
<gpxtpx:TrackPointExtension>
<gpxtpx:hr>104</gpxtpx:hr>
<gpxtpx:cad>112</gpxtpx:cad>
</gpxtpx:TrackPointExtension>
</extensions>
</trkpt>
<trkpt lat="36.7847985" lon="126.9806679">
<ele>-1.53</ele>
<time>2024-06-03T12:41:56Z</time>
<extensions>
<gpxtpx:TrackPointExtension>
<gpxtpx:hr>104</gpxtpx:hr>
</gpxtpx:TrackPointExtension>
</extensions>
</trkpt>
<trkpt lat="36.7847962" lon="126.9807034">
<ele>-1.534</ele>
<time>2024-06-03T12:41:57Z</time>
<extensions>
<gpxtpx:TrackPointExtension>
<gpxtpx:hr>104</gpxtpx:hr>
</gpxtpx:TrackPointExtension>
</extensions>
</trkpt>
<trkpt lat="36.7847945" lon="126.9807425">
<ele>-1.514</ele>
<time>2024-06-03T12:41:58Z</time>
<extensions>
<gpxtpx:TrackPointExtension>
<gpxtpx:hr>104</gpxtpx:hr>
</gpxtpx:TrackPointExtension>
</extensions>
</trkpt>
<trkpt lat="36.7847929" lon="126.9807832">
<ele>-1.505</ele>
<time>2024-06-03T12:41:59Z</time>
<extensions>
<gpxtpx:TrackPointExtension>
<gpxtpx:hr>104</gpxtpx:hr>
</gpxtpx:TrackPointExtension>
</extensions>
</trkpt>
<trkpt lat="36.7847908" lon="126.9808225">
<ele>-1.509</ele>
<time>2024-06-03T12:42:00Z</time>
<extensions>
<gpxtpx:TrackPointExtension>
<gpxtpx:hr>104</gpxtpx:hr>
<gpxtpx:cad>112</gpxtpx:cad>
</gpxtpx:TrackPointExtension>
</extensions>
</trkpt>
<trkpt lat="36.7847871" lon="126.9808626">
<ele>-1.539</ele>
<time>2024-06-03T12:42:01Z</time>
<extensions>
<gpxtpx:TrackPointExtension>
<gpxtpx:hr>104</gpxtpx:hr>
</gpxtpx:TrackPointExtension>
</extensions>
</trkpt>
<trkpt lat="36.7847831" lon="126.9809033">
<ele>-1.477</ele>
<time>2024-06-03T12:42:02Z</time>
<extensions>
<gpxtpx:TrackPointExtension>
<gpxtpx:hr>104</gpxtpx:hr>
</gpxtpx:TrackPointExtension>
</extensions>
</trkpt>
<trkpt lat="36.7847791" lon="126.9809436">
<ele>-1.55</ele>
<time>2024-06-03T12:42:03Z</time>
<extensions>
<gpxtpx:TrackPointExtension>
<gpxtpx:hr>104</gpxtpx:hr>
</gpxtpx:TrackPointExtension>
</extensions>
</trkpt>
<trkpt lat="36.7847756" lon="126.9809815">
<ele>-1.586</ele>
<time>2024-06-03T12:42:04Z</time>
<extensions>
<gpxtpx:TrackPointExtension>
<gpxtpx:hr>104</gpxtpx:hr>
</gpxtpx:TrackPointExtension>
</extensions>
</trkpt>
<trkpt lat="36.7847736" lon="126.9810172">
<ele>-1.65</ele>
<time>2024-06-03T12:42:05Z</time>
<extensions>
<gpxtpx:TrackPointExtension>
<gpxtpx:hr>104</gpxtpx:hr>
</gpxtpx:TrackPointExtension>
</extensions>
</trkpt>
<trkpt lat="36.7847716" lon="126.9810513">
<ele>-1.67</ele>
<time>2024-06-03T12:42:06Z</time>
<extensions>
<gpxtpx:TrackPointExtension>
<gpxtpx:hr>104</gpxtpx:hr>
</gpxtpx:TrackPointExtension>
</extensions>
</trkpt>
<trkpt lat="36.7847702" lon="126.981084">
<ele>-1.733</ele>
<time>2024-06-03T12:42:07Z</time>
<extensions>
<gpxtpx:TrackPointExtension>
<gpxtpx:hr>104</gpxtpx:hr>
</gpxtpx:TrackPointExtension>
</extensions>
</trkpt>
<trkpt lat="36.7847677" lon="126.9811152">
<ele>-1.7</ele>
<time>2024-06-03T12:42:08Z</time>
<extensions>
<gpxtpx:TrackPointExtension>
<gpxtpx:hr>104</gpxtpx:hr>
</gpxtpx:TrackPointExtension>
</extensions>
</trkpt>
<trkpt lat="36.7847653" lon="126.9811454">
<ele>-1.696</ele>
<time>2024-06-03T12:42:09Z</time>
<extensions>
<gpxtpx:TrackPointExtension>
<gpxtpx:hr>104</gpxtpx:hr>
</gpxtpx:TrackPointExtension>
</extensions>
</trkpt>
<trkpt lat="36.784762" lon="126.9811758">
<ele>-1.707</ele>
<time>2024-06-03T12:42:10Z</time>
<extensions>
<gpxtpx:TrackPointExtension>
<gpxtpx:hr>104</gpxtpx:hr>
<gpxtpx:cad>113</gpxtpx:cad>
</gpxtpx:TrackPointExtension>
</extensions>
</trkpt>
<trkpt lat="36.7847585" lon="126.9812036">
<ele>-1.69</ele>
<time>2024-06-03T12:42:11Z</time>
<extensions>
<gpxtpx:TrackPointExtension>
<gpxtpx:hr>104</gpxtpx:hr>
</gpxtpx:TrackPointExtension>
</extensions>
</trkpt>
<trkpt lat="36.7847547" lon="126.9812293">
<ele>-1.701</ele>
<time>2024-06-03T12:42:12Z</time>
<extensions>
<gpxtpx:TrackPointExtension>
<gpxtpx:hr>104</gpxtpx:hr>
</gpxtpx:TrackPointExtension>
</extensions>
</trkpt>
<trkpt lat="36.7847511" lon="126.9812539">
<ele>-1.683</ele>
<time>2024-06-03T12:42:13Z</time>
<extensions>
<gpxtpx:TrackPointExtension>
<gpxtpx:hr>104</gpxtpx:hr>
</gpxtpx:TrackPointExtension>
</extensions>
</trkpt>
<trkpt lat="36.7847464" lon="126.9812779">
<ele>-1.679</ele>
<time>2024-06-03T12:42:14Z</time>
<extensions>
<gpxtpx:TrackPointExtension>
<gpxtpx:hr>103</gpxtpx:hr>
</gpxtpx:TrackPointExtension>
</extensions>
</trkpt>
<trkpt lat="36.7847403" lon="126.9813016">
<ele>-1.661</ele>
<time>2024-06-03T12:42:15Z</time>
<extensions>
<gpxtpx:TrackPointExtension>
<gpxtpx:hr>103</gpxtpx:hr>
</gpxtpx:TrackPointExtension>
</extensions>
</trkpt>
<trkpt lat="36.7847346" lon="126.9813273">
<ele>-1.628</ele>
<time>2024-06-03T12:42:16Z</time>
<extensions>
<gpxtpx:TrackPointExtension>
<gpxtpx:hr>103</gpxtpx:hr>
</gpxtpx:TrackPointExtension>
</extensions>
</trkpt>
<trkpt lat="36.7847291" lon="126.9813528">
<ele>-1.714</ele>
<time>2024-06-03T12:42:17Z</time>
<extensions>
<gpxtpx:TrackPointExtension>
<gpxtpx:hr>103</gpxtpx:hr>
</gpxtpx:TrackPointExtension>
</extensions>
</trkpt>
<trkpt lat="36.7847246" lon="126.9813759">
<ele>-1.724</ele>
<time>2024-06-03T12:42:18Z</time>
<extensions>
<gpxtpx:TrackPointExtension>
<gpxtpx:hr>103</gpxtpx:hr>
</gpxtpx:TrackPointExtension>
</extensions>
</trkpt>
<trkpt lat="36.7847207" lon="126.9813977">
<ele>-1.735</ele>
<time>2024-06-03T12:42:19Z</time>
<extensions>
<gpxtpx:TrackPointExtension>
<gpxtpx:hr>103</gpxtpx:hr>
</gpxtpx:TrackPointExtension>
</extensions>
</trkpt>
<trkpt lat="36.7847163" lon="126.9814177">
<ele>-1.787</ele>
<time>2024-06-03T12:42:21Z</time>
<extensions>
<gpxtpx:TrackPointExtension>
<gpxtpx:hr>103</gpxtpx:hr>
<gpxtpx:cad>111</gpxtpx:cad>
</gpxtpx:TrackPointExtension>
</extensions>
</trkpt>
<trkpt lat="36.7847123" lon="126.9814352">
<ele>-1.761</ele>
<time>2024-06-03T12:42:22Z</time>
<extensions>
<gpxtpx:TrackPointExtension>
<gpxtpx:hr>103</gpxtpx:hr>
</gpxtpx:TrackPointExtension>
</extensions>
</trkpt>
<trkpt lat="36.7847089" lon="126.9814514">
<ele>-1.748</ele>
<time>2024-06-03T12:42:23Z</time>
<extensions>
<gpxtpx:TrackPointExtension>
<gpxtpx:hr>103</gpxtpx:hr>
</gpxtpx:TrackPointExtension>
</extensions>
</trkpt>
<trkpt lat="36.7847059" lon="126.9814647">
<ele>-1.673</ele>
<time>2024-06-03T12:42:24Z</time>
<extensions>
<gpxtpx:TrackPointExtension>
<gpxtpx:hr>103</gpxtpx:hr>
</gpxtpx:TrackPointExtension>
</extensions>
</trkpt>
<trkpt lat="36.7847041" lon="126.981476">
<ele>-1.69</ele>
<time>2024-06-03T12:42:25Z</time>
<extensions>
<gpxtpx:TrackPointExtension>
<gpxtpx:hr>103</gpxtpx:hr>
</gpxtpx:TrackPointExtension>
</extensions>
</trkpt>
<trkpt lat="36.7847037" lon="126.981486">
<ele>-1.681</ele>
<time>2024-06-03T12:42:26Z</time>
<extensions>
<gpxtpx:TrackPointExtension>
<gpxtpx:hr>103</gpxtpx:hr>
</gpxtpx:TrackPointExtension>
</extensions>
</trkpt>
<trkpt lat="36.7847043" lon="126.9814941">
<ele>-1.733</ele>
<time>2024-06-03T12:42:27Z</time>
<extensions>
<gpxtpx:TrackPointExtension>
<gpxtpx:hr>104</gpxtpx:hr>
</gpxtpx:TrackPointExtension>
</extensions>
</trkpt>
<trkpt lat="36.7847061" lon="126.9815031">
<ele>-1.722</ele>
<time>2024-06-03T12:42:28Z</time>
<extensions>
<gpxtpx:TrackPointExtension>
<gpxtpx:hr>104</gpxtpx:hr>
</gpxtpx:TrackPointExtension>
</extensions>
</trkpt>
<trkpt lat="36.7847081" lon="126.9815126">
<ele>-1.77</ele>
<time>2024-06-03T12:42:29Z</time>
<extensions>
<gpxtpx:TrackPointExtension>
<gpxtpx:hr>104</gpxtpx:hr>
</gpxtpx:TrackPointExtension>
</extensions>
</trkpt>
<trkpt lat="36.78471" lon="126.981523">
<ele>-1.744</ele>
<time>2024-06-03T12:42:30Z</time>
<extensions>
<gpxtpx:TrackPointExtension>
<gpxtpx:hr>104</gpxtpx:hr>
</gpxtpx:TrackPointExtension>
</extensions>
</trkpt>
<trkpt lat="36.7847116" lon="126.9815339">
<ele>-1.702</ele>
<time>2024-06-03T12:42:31Z</time>
<extensions>
<gpxtpx:TrackPointExtension>
<gpxtpx:hr>104</gpxtpx:hr>
<gpxtpx:cad>108</gpxtpx:cad>
</gpxtpx:TrackPointExtension>
</extensions>
</trkpt>
<trkpt lat="36.784713" lon="126.9815462">
<ele>-1.65</ele>
<time>2024-06-03T12:42:32Z</time>
<extensions>
<gpxtpx:TrackPointExtension>
<gpxtpx:hr>104</gpxtpx:hr>
</gpxtpx:TrackPointExtension>
</extensions>
</trkpt>
<trkpt lat="36.7847147" lon="126.9815597">
<ele>-1.669</ele>
<time>2024-06-03T12:42:33Z</time>
<extensions>
<gpxtpx:TrackPointExtension>
<gpxtpx:hr>104</gpxtpx:hr>
</gpxtpx:TrackPointExtension>
</extensions>
</trkpt>
<trkpt lat="36.7847156" lon="126.9815735">
<ele>-1.672</ele>
<time>2024-06-03T12:42:34Z</time>
<extensions>
<gpxtpx:TrackPointExtension>
<gpxtpx:hr>104</gpxtpx:hr>
</gpxtpx:TrackPointExtension>
</extensions>
</trkpt>
<trkpt lat="36.7847159" lon="126.981588">
<ele>-1.682</ele>
<time>2024-06-03T12:42:35Z</time>
<extensions>
<gpxtpx:TrackPointExtension>
<gpxtpx:hr>104</gpxtpx:hr>
</gpxtpx:TrackPointExtension>
</extensions>
</trkpt>
<trkpt lat="36.7847156" lon="126.9816014">
<ele>-1.69</ele>
<time>2024-06-03T12:42:36Z</time>
<extensions>
<gpxtpx:TrackPointExtension>
<gpxtpx:hr>104</gpxtpx:hr>
</gpxtpx:TrackPointExtension>
</extensions>
</trkpt>
<trkpt lat="36.7847147" lon="126.9816133">
<ele>-1.657</ele>
<time>2024-06-03T12:42:37Z</time>
<extensions>
<gpxtpx:TrackPointExtension>
<gpxtpx:hr>105</gpxtpx:hr>
</gpxtpx:TrackPointExtension>
</extensions>
</trkpt>
<trkpt lat="36.7847131" lon="126.9816238">
<ele>-1.648</ele>
<time>2024-06-03T12:42:38Z</time>
<extensions>
<gpxtpx:TrackPointExtension>
<gpxtpx:hr>105</gpxtpx:hr>
</gpxtpx:TrackPointExtension>
</extensions>
</trkpt>
<trkpt lat="36.7847118" lon="126.9816327">
<ele>-1.637</ele>
<time>2024-06-03T12:42:39Z</time>
<extensions>
<gpxtpx:TrackPointExtension>
<gpxtpx:hr>105</gpxtpx:hr>
</gpxtpx:TrackPointExtension>
</extensions>
</trkpt>
<trkpt lat="36.7847109" lon="126.981638">
<ele>-1.629</ele>
<time>2024-06-03T12:42:40Z</time>
<extensions>
<gpxtpx:TrackPointExtension>
<gpxtpx:hr>105</gpxtpx:hr>
</gpxtpx:TrackPointExtension>
</extensions>
</trkpt>
<trkpt lat="36.7847123" lon="126.9816431">
<ele>-1.676</ele>
<time>2024-06-03T12:42:41Z</time>
<extensions>
<gpxtpx:TrackPointExtension>
<gpxtpx:hr>105</gpxtpx:hr>
<gpxtpx:cad>108</gpxtpx:cad>
</gpxtpx:TrackPointExtension>
</extensions>
</trkpt>
<trkpt lat="36.7847154" lon="126.9816487">
<ele>-1.638</ele>
<time>2024-06-03T12:42:42Z</time>
<extensions>
<gpxtpx:TrackPointExtension>
<gpxtpx:hr>105</gpxtpx:hr>
</gpxtpx:TrackPointExtension>
</extensions>
</trkpt>
<trkpt lat="36.7847188" lon="126.9816543">
<ele>-1.626</ele>
<time>2024-06-03T12:42:43Z</time>
<extensions>
<gpxtpx:TrackPointExtension>
<gpxtpx:hr>105</gpxtpx:hr>
</gpxtpx:TrackPointExtension>
</extensions>
</trkpt>
<trkpt lat="36.7847239" lon="126.9816608">
<ele>-1.578</ele>
<time>2024-06-03T12:42:44Z</time>
<extensions>
<gpxtpx:TrackPointExtension>
<gpxtpx:hr>105</gpxtpx:hr>
</gpxtpx:TrackPointExtension>
</extensions>
</trkpt>
<trkpt lat="36.7847298" lon="126.9816692">
<ele>-1.714</ele>
<time>2024-06-03T12:42:45Z</time>
<extensions>
<gpxtpx:TrackPointExtension>
<gpxtpx:hr>105</gpxtpx:hr>
</gpxtpx:TrackPointExtension>
</extensions>
</trkpt>
<trkpt lat="36.7847345" lon="126.9816798">
<ele>-1.676</ele>
<time>2024-06-03T12:42:46Z</time>
<extensions>
<gpxtpx:TrackPointExtension>
<gpxtpx:hr>105</gpxtpx:hr>
</gpxtpx:TrackPointExtension>
</extensions>
</trkpt>
<trkpt lat="36.7847376" lon="126.9816922">
<ele>-1.634</ele>
<time>2024-06-03T12:42:47Z</time>
<extensions>
<gpxtpx:TrackPointExtension>
<gpxtpx:hr>105</gpxtpx:hr>
</gpxtpx:TrackPointExtension>
</extensions>
</trkpt>
<trkpt lat="36.784741" lon="126.9817056">
<ele>-1.529</ele>
<time>2024-06-03T12:42:48Z</time>
<extensions>
<gpxtpx:TrackPointExtension>
<gpxtpx:hr>105</gpxtpx:hr>
<gpxtpx:cad>109</gpxtpx:cad>
</gpxtpx:TrackPointExtension>
</extensions>
</trkpt>
<trkpt lat="36.7847442" lon="126.9817207">
<ele>-1.469</ele>
<time>2024-06-03T12:42:49Z</time>
<extensions>
<gpxtpx:TrackPointExtension>
<gpxtpx:hr>105</gpxtpx:hr>
</gpxtpx:TrackPointExtension>
</extensions>
</trkpt>
<trkpt lat="36.784747" lon="126.9817363">
<ele>-1.53</ele>
<time>2024-06-03T12:42:50Z</time>
<extensions>
<gpxtpx:TrackPointExtension>
<gpxtpx:hr>105</gpxtpx:hr>
</gpxtpx:TrackPointExtension>
</extensions>
</trkpt>
<trkpt lat="36.7847493" lon="126.9817519">
<ele>-1.493</ele>
<time>2024-06-03T12:42:51Z</time>
<extensions>
<gpxtpx:TrackPointExtension>
<gpxtpx:cad>111</gpxtpx:cad>
</gpxtpx:TrackPointExtension>
</extensions>
</trkpt>
<trkpt lat="36.7847516" lon="126.9817666">
<ele>-1.58</ele>
<time>2024-06-03T12:42:52Z</time>
<extensions>
<gpxtpx:TrackPointExtension>
<gpxtpx:hr>105</gpxtpx:hr>
</gpxtpx:TrackPointExtension>
</extensions>
</trkpt>
<trkpt lat="36.7847546" lon="126.9817803">
<ele>-1.586</ele>
<time>2024-06-03T12:42:53Z</time>
<extensions>
<gpxtpx:TrackPointExtension>
<gpxtpx:hr>104</gpxtpx:hr>
</gpxtpx:TrackPointExtension>
</extensions>
</trkpt>
<trkpt lat="36.784756" lon="126.9817931">
<ele>-1.581</ele>
<time>2024-06-03T12:42:54Z</time>
<extensions>
<gpxtpx:TrackPointExtension>
<gpxtpx:hr>104</gpxtpx:hr>
</gpxtpx:TrackPointExtension>
</extensions>
</trkpt>
<trkpt lat="36.7847568" lon="126.9818044">
<ele>-1.586</ele>
<time>2024-06-03T12:42:55Z</time>
<extensions>
<gpxtpx:TrackPointExtension>
<gpxtpx:hr>104</gpxtpx:hr>
</gpxtpx:TrackPointExtension>
</extensions>
</trkpt>
<trkpt lat="36.7847582" lon="126.9818156">
<ele>-1.603</ele>
<time>2024-06-03T12:42:56Z</time>
<extensions>
<gpxtpx:TrackPointExtension>
<gpxtpx:hr>104</gpxtpx:hr>
</gpxtpx:TrackPointExtension>
</extensions>
</trkpt>
<trkpt lat="36.78476" lon="126.9818271">
<ele>-1.646</ele>
<time>2024-06-03T12:42:57Z</time>
<extensions>
<gpxtpx:TrackPointExtension>
<gpxtpx:hr>104</gpxtpx:hr>
</gpxtpx:TrackPointExtension>
</extensions>
</trkpt>
<trkpt lat="36.7847632" lon="126.9818391">
<ele>-1.572</ele>
<time>2024-06-03T12:42:58Z</time>
<extensions>
<gpxtpx:TrackPointExtension>
<gpxtpx:hr>104</gpxtpx:hr>
</gpxtpx:TrackPointExtension>
</extensions>
</trkpt>
<trkpt lat="36.7847677" lon="126.9818679">
<ele>-1.513</ele>
<time>2024-06-03T12:42:59Z</time>
<extensions>
<gpxtpx:TrackPointExtension>
<gpxtpx:hr>104</gpxtpx:hr>
</gpxtpx:TrackPointExtension>
</extensions>
</trkpt>
<trkpt lat="36.7847696" lon="126.9818844">
<ele>-1.493</ele>
<time>2024-06-03T12:43:00Z</time>
<extensions>
<gpxtpx:TrackPointExtension>
<gpxtpx:hr>104</gpxtpx:hr>
</gpxtpx:TrackPointExtension>
</extensions>
</trkpt>
<trkpt lat="36.7847697" lon="126.981902">
<ele>-1.518</ele>
<time>2024-06-03T12:43:01Z</time>
<extensions>
<gpxtpx:TrackPointExtension>
<gpxtpx:hr>104</gpxtpx:hr>
<gpxtpx:cad>116</gpxtpx:cad>
</gpxtpx:TrackPointExtension>
</extensions>
</trkpt>
<trkpt lat="36.7847652" lon="126.9819197">
<ele>-1.519</ele>
<time>2024-06-03T12:43:02Z</time>
<extensions>
<gpxtpx:TrackPointExtension>
<gpxtpx:hr>105</gpxtpx:hr>
</gpxtpx:TrackPointExtension>
</extensions>
</trkpt>
<trkpt lat="36.7847571" lon="126.9819367">
<ele>-1.554</ele>
<time>2024-06-03T12:43:03Z</time>
<extensions>
<gpxtpx:TrackPointExtension>
<gpxtpx:hr>105</gpxtpx:hr>
</gpxtpx:TrackPointExtension>
</extensions>
</trkpt>
<trkpt lat="36.7847479" lon="126.9819519">
<ele>-1.292</ele>
<time>2024-06-03T12:43:04Z</time>
<extensions>
<gpxtpx:TrackPointExtension>
<gpxtpx:hr>105</gpxtpx:hr>
</gpxtpx:TrackPointExtension>
</extensions>
</trkpt>
<trkpt lat="36.7847381" lon="126.981967">
<ele>-1.46</ele>
<time>2024-06-03T12:43:05Z</time>
<extensions>
<gpxtpx:TrackPointExtension>
<gpxtpx:hr>105</gpxtpx:hr>
</gpxtpx:TrackPointExtension>
</extensions>
</trkpt>
<trkpt lat="36.7847287" lon="126.9819798">
<ele>-1.475</ele>
<time>2024-06-03T12:43:06Z</time>
<extensions>
<gpxtpx:TrackPointExtension>
<gpxtpx:hr>105</gpxtpx:hr>
</gpxtpx:TrackPointExtension>
</extensions>
</trkpt>
<trkpt lat="36.7847191" lon="126.9819908">
<ele>-1.542</ele>
<time>2024-06-03T12:43:07Z</time>
<extensions>
<gpxtpx:TrackPointExtension>
<gpxtpx:hr>105</gpxtpx:hr>
</gpxtpx:TrackPointExtension>
</extensions>
</trkpt>
<trkpt lat="36.7847091" lon="126.982001">
<ele>-1.528</ele>
<time>2024-06-03T12:43:08Z</time>
<extensions>
<gpxtpx:TrackPointExtension>
<gpxtpx:hr>106</gpxtpx:hr>
</gpxtpx:TrackPointExtension>
</extensions>
</trkpt>
<trkpt lat="36.7846998" lon="126.9820111">
<ele>-1.482</ele>
<time>2024-06-03T12:43:09Z</time>
<extensions>
<gpxtpx:TrackPointExtension>
<gpxtpx:hr>106</gpxtpx:hr>
</gpxtpx:TrackPointExtension>
</extensions>
</trkpt>
<trkpt lat="36.7846925" lon="126.9820222">
<ele>-1.429</ele>
<time>2024-06-03T12:43:10Z</time>
<extensions>
<gpxtpx:TrackPointExtension>
<gpxtpx:hr>106</gpxtpx:hr>
</gpxtpx:TrackPointExtension>
</extensions>
</trkpt>
<trkpt lat="36.7846849" lon="126.9820342">
<ele>-1.429</ele>
<time>2024-06-03T12:43:11Z</time>
<extensions>
<gpxtpx:TrackPointExtension>
<gpxtpx:hr>106</gpxtpx:hr>
<gpxtpx:cad>111</gpxtpx:cad>
</gpxtpx:TrackPointExtension>
</extensions>
</trkpt>
<trkpt lat="36.7846772" lon="126.9820469">
<ele>-1.407</ele>
<time>2024-06-03T12:43:12Z</time>
<extensions>
<gpxtpx:TrackPointExtension>
<gpxtpx:hr>106</gpxtpx:hr>
</gpxtpx:TrackPointExtension>
</extensions>
</trkpt>
<trkpt lat="36.78467" lon="126.9820594">
<ele>-1.44</ele>
<time>2024-06-03T12:43:13Z</time>
<extensions>
<gpxtpx:TrackPointExtension>
<gpxtpx:hr>106</gpxtpx:hr>
</gpxtpx:TrackPointExtension>
</extensions>
</trkpt>
<trkpt lat="36.7846627" lon="126.9820709">
<ele>-1.472</ele>
<time>2024-06-03T12:43:14Z</time>
<extensions>
<gpxtpx:TrackPointExtension>
<gpxtpx:hr>106</gpxtpx:hr>
</gpxtpx:TrackPointExtension>
</extensions>
</trkpt>
<trkpt lat="36.7846553" lon="126.9820841">
<ele>-1.445</ele>
<time>2024-06-03T12:43:15Z</time>
<extensions>
<gpxtpx:TrackPointExtension>
<gpxtpx:hr>106</gpxtpx:hr>
</gpxtpx:TrackPointExtension>
</extensions>
</trkpt>
<trkpt lat="36.7846474" lon="126.9820979">
<ele>-1.386</ele>
<time>2024-06-03T12:43:16Z</time>
<extensions>
<gpxtpx:TrackPointExtension>
<gpxtpx:hr>106</gpxtpx:hr>
</gpxtpx:TrackPointExtension>
</extensions>
</trkpt>
<trkpt lat="36.7846396" lon="126.9821111">
<ele>-1.463</ele>
<time>2024-06-03T12:43:17Z</time>
<extensions>
<gpxtpx:TrackPointExtension>
<gpxtpx:hr>106</gpxtpx:hr>
</gpxtpx:TrackPointExtension>
</extensions>
</trkpt>
<trkpt lat="36.784632" lon="126.982125">
<ele>-1.46</ele>
<time>2024-06-03T12:43:18Z</time>
<extensions>
<gpxtpx:TrackPointExtension>
<gpxtpx:hr>106</gpxtpx:hr>
</gpxtpx:TrackPointExtension>
</extensions>
</trkpt>
<trkpt lat="36.7846244" lon="126.9821393">
<ele>-1.368</ele>
<time>2024-06-03T12:43:19Z</time>
<extensions>
<gpxtpx:TrackPointExtension>
<gpxtpx:hr>106</gpxtpx:hr>
</gpxtpx:TrackPointExtension>
</extensions>
</trkpt>
<trkpt lat="36.7846167" lon="126.9821563">
<ele>-1.383</ele>
<time>2024-06-03T12:43:20Z</time>
<extensions>
<gpxtpx:TrackPointExtension>
<gpxtpx:hr>107</gpxtpx:hr>
</gpxtpx:TrackPointExtension>
</extensions>
</trkpt>
<trkpt lat="36.7846094" lon="126.9821732">
<ele>-1.33</ele>
<time>2024-06-03T12:43:21Z</time>
<extensions>
<gpxtpx:TrackPointExtension>
<gpxtpx:hr>107</gpxtpx:hr>
<gpxtpx:cad>111</gpxtpx:cad>
</gpxtpx:TrackPointExtension>
</extensions>
</trkpt>
<trkpt lat="36.7846026" lon="126.9821906">
<ele>-1.324</ele>
<time>2024-06-03T12:43:22Z</time>
<extensions>
<gpxtpx:TrackPointExtension>
<gpxtpx:hr>107</gpxtpx:hr>
</gpxtpx:TrackPointExtension>
</extensions>
</trkpt>
<trkpt lat="36.7845965" lon="126.9822065">
<ele>-1.343</ele>
<time>2024-06-03T12:43:23Z</time>
<extensions>
<gpxtpx:TrackPointExtension>
<gpxtpx:hr>107</gpxtpx:hr>
</gpxtpx:TrackPointExtension>
</extensions>
</trkpt>
<trkpt lat="36.784591" lon="126.9822258">
<ele>-1.349</ele>
<time>2024-06-03T12:43:24Z</time>
<extensions>
<gpxtpx:TrackPointExtension>
<gpxtpx:hr>106</gpxtpx:hr>
</gpxtpx:TrackPointExtension>
</extensions>
</trkpt>
<trkpt lat="36.7845859" lon="126.9822459">
<ele>-1.376</ele>
<time>2024-06-03T12:43:25Z</time>
<extensions>
<gpxtpx:TrackPointExtension>
<gpxtpx:hr>106</gpxtpx:hr>
</gpxtpx:TrackPointExtension>
</extensions>
</trkpt>
<trkpt lat="36.7845811" lon="126.9822664">
<ele>-1.384</ele>
<time>2024-06-03T12:43:26Z</time>
<extensions>
<gpxtpx:TrackPointExtension>
<gpxtpx:hr>106</gpxtpx:hr>
</gpxtpx:TrackPointExtension>
</extensions>
</trkpt>
<trkpt lat="36.7845763" lon="126.9822857">
<ele>-1.377</ele>
<time>2024-06-03T12:43:27Z</time>
<extensions>
<gpxtpx:TrackPointExtension>
<gpxtpx:hr>106</gpxtpx:hr>
</gpxtpx:TrackPointExtension>
</extensions>
</trkpt>
<trkpt lat="36.7845716" lon="126.9823039">
<ele>-1.322</ele>
<time>2024-06-03T12:43:28Z</time>
<extensions>
<gpxtpx:TrackPointExtension>
<gpxtpx:hr>106</gpxtpx:hr>
</gpxtpx:TrackPointExtension>
</extensions>
</trkpt>
<trkpt lat="36.7845667" lon="126.9823218">
<ele>-1.383</ele>
<time>2024-06-03T12:43:29Z</time>
<extensions>
<gpxtpx:TrackPointExtension>
<gpxtpx:hr>106</gpxtpx:hr>
</gpxtpx:TrackPointExtension>
</extensions>
</trkpt>
<trkpt lat="36.7845615" lon="126.9823395">
<ele>-1.399</ele>
<time>2024-06-03T12:43:30Z</time>
<extensions>
<gpxtpx:TrackPointExtension>
<gpxtpx:hr>105</gpxtpx:hr>
</gpxtpx:TrackPointExtension>
</extensions>
</trkpt>
<trkpt lat="36.7845568" lon="126.9823564">
<ele>-1.362</ele>
<time>2024-06-03T12:43:31Z</time>
<extensions>
<gpxtpx:TrackPointExtension>
<gpxtpx:hr>105</gpxtpx:hr>
<gpxtpx:cad>113</gpxtpx:cad>
</gpxtpx:TrackPointExtension>
</extensions>
</trkpt>
<trkpt lat="36.7845521" lon="126.9823768">
<ele>-1.382</ele>
<time>2024-06-03T12:43:32Z</time>
<extensions>
<gpxtpx:TrackPointExtension>
<gpxtpx:hr>105</gpxtpx:hr>
</gpxtpx:TrackPointExtension>
</extensions>
</trkpt>
<trkpt lat="36.7845473" lon="126.9823972">
<ele>-1.246</ele>
<time>2024-06-03T12:43:33Z</time>
<extensions>
<gpxtpx:TrackPointExtension>
<gpxtpx:hr>105</gpxtpx:hr>
</gpxtpx:TrackPointExtension>
</extensions>
</trkpt>
<trkpt lat="36.7845428" lon="126.9824183">
<ele>-1.045</ele>
<time>2024-06-03T12:43:34Z</time>
<extensions>
<gpxtpx:TrackPointExtension>
<gpxtpx:hr>106</gpxtpx:hr>
</gpxtpx:TrackPointExtension>
</extensions>
</trkpt>
<trkpt lat="36.7845386" lon="126.982439">
<ele>-0.96</ele>
<time>2024-06-03T12:43:35Z</time>
<extensions>
<gpxtpx:TrackPointExtension>
<gpxtpx:hr>106</gpxtpx:hr>
</gpxtpx:TrackPointExtension>
</extensions>
</trkpt>
<trkpt lat="36.7845331" lon="126.9824595">
<ele>-0.937</ele>
<time>2024-06-03T12:43:36Z</time>
<extensions>
<gpxtpx:TrackPointExtension>
<gpxtpx:hr>106</gpxtpx:hr>
</gpxtpx:TrackPointExtension>
</extensions>
</trkpt>
<trkpt lat="36.7845268" lon="126.982479">
<ele>-0.955</ele>
<time>2024-06-03T12:43:37Z</time>
</trkpt>
<trkpt lat="36.7845198" lon="126.9824978">
<ele>-1.089</ele>
<time>2024-06-03T12:43:38Z</time>
<extensions>
<gpxtpx:TrackPointExtension>
<gpxtpx:hr>106</gpxtpx:hr>
</gpxtpx:TrackPointExtension>
</extensions>
</trkpt>
<trkpt lat="36.7845126" lon="126.9825169">
<ele>-1.244</ele>
<time>2024-06-03T12:43:39Z</time>
<extensions>
<gpxtpx:TrackPointExtension>
<gpxtpx:hr>105</gpxtpx:hr>
</gpxtpx:TrackPointExtension>
</extensions>
</trkpt>
<trkpt lat="36.7845052" lon="126.9825356">
<ele>-1.382</ele>
<time>2024-06-03T12:43:40Z</time>
<extensions>
<gpxtpx:TrackPointExtension>
<gpxtpx:hr>105</gpxtpx:hr>
</gpxtpx:TrackPointExtension>
</extensions>
</trkpt>
<trkpt lat="36.7844985" lon="126.9825542">
<ele>-1.423</ele>
<time>2024-06-03T12:43:41Z</time>
<extensions>
<gpxtpx:TrackPointExtension>
<gpxtpx:hr>105</gpxtpx:hr>
<gpxtpx:cad>111</gpxtpx:cad>
</gpxtpx:TrackPointExtension>
</extensions>
</trkpt>
<trkpt lat="36.784492" lon="126.9825719">
<ele>-1.5</ele>
<time>2024-06-03T12:43:42Z</time>
<extensions>
<gpxtpx:TrackPointExtension>
<gpxtpx:hr>105</gpxtpx:hr>
</gpxtpx:TrackPointExtension>
</extensions>
</trkpt>
<trkpt lat="36.7844864" lon="126.9825892">
<ele>-1.527</ele>
<time>2024-06-03T12:43:43Z</time>
<extensions>
<gpxtpx:TrackPointExtension>
<gpxtpx:hr>105</gpxtpx:hr>
</gpxtpx:TrackPointExtension>
</extensions>
</trkpt>
<trkpt lat="36.7844819" lon="126.982606">
<ele>-1.494</ele>
<time>2024-06-03T12:43:44Z</time>
<extensions>
<gpxtpx:TrackPointExtension>
<gpxtpx:hr>105</gpxtpx:hr>
</gpxtpx:TrackPointExtension>
</extensions>
</trkpt>
<trkpt lat="36.7844772" lon="126.9826225">
<ele>-1.576</ele>
<time>2024-06-03T12:43:45Z</time>
<extensions>
<gpxtpx:TrackPointExtension>
<gpxtpx:hr>104</gpxtpx:hr>
</gpxtpx:TrackPointExtension>
</extensions>
</trkpt>
<trkpt lat="36.7844713" lon="126.9826393">
<ele>-1.575</ele>
<time>2024-06-03T12:43:46Z</time>
<extensions>
<gpxtpx:TrackPointExtension>
<gpxtpx:hr>104</gpxtpx:hr>
</gpxtpx:TrackPointExtension>
</extensions>
</trkpt>
<trkpt lat="36.7844645" lon="126.9826556">
<ele>-1.558</ele>
<time>2024-06-03T12:43:47Z</time>
<extensions>
<gpxtpx:TrackPointExtension>
<gpxtpx:hr>103</gpxtpx:hr>
</gpxtpx:TrackPointExtension>
</extensions>
</trkpt>
<trkpt lat="36.7844573" lon="126.9826704">
<ele>-1.547</ele>
<time>2024-06-03T12:43:48Z</time>
<extensions>
<gpxtpx:TrackPointExtension>
<gpxtpx:hr>103</gpxtpx:hr>
</gpxtpx:TrackPointExtension>
</extensions>
</trkpt>
<trkpt lat="36.7844503" lon="126.982684">
<ele>-1.617</ele>
<time>2024-06-03T12:43:49Z</time>
<extensions>
<gpxtpx:TrackPointExtension>
<gpxtpx:hr>103</gpxtpx:hr>
</gpxtpx:TrackPointExtension>
</extensions>
</trkpt>
<trkpt lat="36.7844438" lon="126.9826969">
<ele>-1.625</ele>
<time>2024-06-03T12:43:50Z</time>
<extensions>
<gpxtpx:TrackPointExtension>
<gpxtpx:hr>103</gpxtpx:hr>
</gpxtpx:TrackPointExtension>
</extensions>
</trkpt>
<trkpt lat="36.7844378" lon="126.9827107">
<ele>-1.645</ele>
<time>2024-06-03T12:43:51Z</time>
<extensions>
<gpxtpx:TrackPointExtension>
<gpxtpx:hr>103</gpxtpx:hr>
<gpxtpx:cad>114</gpxtpx:cad>
</gpxtpx:TrackPointExtension>
</extensions>
</trkpt>
<trkpt lat="36.7844311" lon="126.9827243">
<ele>-1.596</ele>
<time>2024-06-03T12:43:52Z</time>
<extensions>
<gpxtpx:TrackPointExtension>
<gpxtpx:hr>103</gpxtpx:hr>
<gpxtpx:cad>114</gpxtpx:cad>
</gpxtpx:TrackPointExtension>
</extensions>
</trkpt>
<trkpt lat="36.7844239" lon="126.9827371">
<ele>-1.646</ele>
<time>2024-06-03T12:43:53Z</time>
<extensions>
<gpxtpx:TrackPointExtension>
<gpxtpx:hr>103</gpxtpx:hr>
</gpxtpx:TrackPointExtension>
</extensions>
</trkpt>
<trkpt lat="36.7844157" lon="126.9827501">
<ele>-1.654</ele>
<time>2024-06-03T12:43:54Z</time>
<extensions>
<gpxtpx:TrackPointExtension>
<gpxtpx:hr>103</gpxtpx:hr>
</gpxtpx:TrackPointExtension>
</extensions>
</trkpt>
<trkpt lat="36.7844082" lon="126.982762">
<ele>-1.673</ele>
<time>2024-06-03T12:43:55Z</time>
<extensions>
<gpxtpx:TrackPointExtension>
<gpxtpx:hr>103</gpxtpx:hr>
</gpxtpx:TrackPointExtension>
</extensions>
</trkpt>
<trkpt lat="36.7844006" lon="126.9827749">
<ele>-1.737</ele>
<time>2024-06-03T12:43:56Z</time>
<extensions>
<gpxtpx:TrackPointExtension>
<gpxtpx:hr>103</gpxtpx:hr>
</gpxtpx:TrackPointExtension>
</extensions>
</trkpt>
<trkpt lat="36.7843943" lon="126.9827891">
<ele>-1.738</ele>
<time>2024-06-03T12:43:57Z</time>
<extensions>
<gpxtpx:TrackPointExtension>
<gpxtpx:hr>103</gpxtpx:hr>
</gpxtpx:TrackPointExtension>
</extensions>
</trkpt>
<trkpt lat="36.7843889" lon="126.9828041">
<ele>-1.688</ele>
<time>2024-06-03T12:43:58Z</time>
<extensions>
<gpxtpx:TrackPointExtension>
<gpxtpx:hr>103</gpxtpx:hr>
</gpxtpx:TrackPointExtension>
</extensions>
</trkpt>
<trkpt lat="36.7843846" lon="126.9828218">
<ele>-1.716</ele>
<time>2024-06-03T12:43:59Z</time>
<extensions>
<gpxtpx:TrackPointExtension>
<gpxtpx:hr>103</gpxtpx:hr>
</gpxtpx:TrackPointExtension>
</extensions>
</trkpt>
<trkpt lat="36.7843816" lon="126.9828411">
<ele>-1.714</ele>
<time>2024-06-03T12:44:00Z</time>
<extensions>
<gpxtpx:TrackPointExtension>
<gpxtpx:hr>103</gpxtpx:hr>
<gpxtpx:cad>114</gpxtpx:cad>
</gpxtpx:TrackPointExtension>
</extensions>
</trkpt>
<trkpt lat="36.7843797" lon="126.9828605">
<ele>-1.678</ele>
<time>2024-06-03T12:44:01Z</time>
<extensions>
<gpxtpx:TrackPointExtension>
<gpxtpx:hr>103</gpxtpx:hr>
</gpxtpx:TrackPointExtension>
</extensions>
</trkpt>
<trkpt lat="36.7843779" lon="126.9828801">
<ele>-1.651</ele>
<time>2024-06-03T12:44:02Z</time>
<extensions>
<gpxtpx:TrackPointExtension>
<gpxtpx:hr>103</gpxtpx:hr>
</gpxtpx:TrackPointExtension>
</extensions>
</trkpt>
<trkpt lat="36.7843763" lon="126.9828998">
<ele>-1.722</ele>
<time>2024-06-03T12:44:03Z</time>
<extensions>
<gpxtpx:TrackPointExtension>
<gpxtpx:hr>103</gpxtpx:hr>
</gpxtpx:TrackPointExtension>
</extensions>
</trkpt>
<trkpt lat="36.7843742" lon="126.9829183">
<ele>-1.687</ele>
<time>2024-06-03T12:44:04Z</time>
<extensions>
<gpxtpx:TrackPointExtension>
<gpxtpx:hr>103</gpxtpx:hr>
</gpxtpx:TrackPointExtension>
</extensions>
</trkpt>
<trkpt lat="36.7843722" lon="126.9829358">
<ele>-1.689</ele>
<time>2024-06-03T12:44:05Z</time>
<extensions>
<gpxtpx:TrackPointExtension>
<gpxtpx:hr>103</gpxtpx:hr>
</gpxtpx:TrackPointExtension>
</extensions>
</trkpt>
<trkpt lat="36.7843703" lon="126.9829545">
<ele>-1.716</ele>
<time>2024-06-03T12:44:06Z</time>
<extensions>
<gpxtpx:TrackPointExtension>
<gpxtpx:hr>103</gpxtpx:hr>
</gpxtpx:TrackPointExtension>
</extensions>
</trkpt>
<trkpt lat="36.7843685" lon="126.9829724">
<ele>-1.774</ele>
<time>2024-06-03T12:44:07Z</time>
<extensions>
<gpxtpx:TrackPointExtension>
<gpxtpx:hr>104</gpxtpx:hr>
</gpxtpx:TrackPointExtension>
</extensions>
</trkpt>
<trkpt lat="36.7843677" lon="126.9829908">
<ele>-1.745</ele>
<time>2024-06-03T12:44:08Z</time>
<extensions>
<gpxtpx:TrackPointExtension>
<gpxtpx:hr>104</gpxtpx:hr>
</gpxtpx:TrackPointExtension>
</extensions>
</trkpt>
<trkpt lat="36.7843674" lon="126.9830086">
<ele>-1.733</ele>
<time>2024-06-03T12:44:09Z</time>
<extensions>
<gpxtpx:TrackPointExtension>
<gpxtpx:hr>104</gpxtpx:hr>
</gpxtpx:TrackPointExtension>
</extensions>
</trkpt>
<trkpt lat="36.7843681" lon="126.9830259">
<ele>-1.745</ele>
<time>2024-06-03T12:44:10Z</time>
<extensions>
<gpxtpx:TrackPointExtension>
<gpxtpx:hr>104</gpxtpx:hr>
<gpxtpx:cad>112</gpxtpx:cad>
</gpxtpx:TrackPointExtension>
</extensions>
</trkpt>
<trkpt lat="36.7843688" lon="126.9830448">
<ele>-1.721</ele>
<time>2024-06-03T12:44:11Z</time>
<extensions>
<gpxtpx:TrackPointExtension>
<gpxtpx:hr>104</gpxtpx:hr>
</gpxtpx:TrackPointExtension>
</extensions>
</trkpt>
<trkpt lat="36.7843705" lon="126.9830636">
<ele>-1.666</ele>
<time>2024-06-03T12:44:12Z</time>
<extensions>
<gpxtpx:TrackPointExtension>
<gpxtpx:hr>104</gpxtpx:hr>
</gpxtpx:TrackPointExtension>
</extensions>
</trkpt>
<trkpt lat="36.7843713" lon="126.9830826">
<ele>-1.717</ele>
<time>2024-06-03T12:44:13Z</time>
<extensions>
<gpxtpx:TrackPointExtension>
<gpxtpx:hr>104</gpxtpx:hr>
</gpxtpx:TrackPointExtension>
</extensions>
</trkpt>
<trkpt lat="36.7843718" lon="126.9830987">
<ele>-1.762</ele>
<time>2024-06-03T12:44:14Z</time>
<extensions>
<gpxtpx:TrackPointExtension>
<gpxtpx:hr>103</gpxtpx:hr>
</gpxtpx:TrackPointExtension>
</extensions>
</trkpt>
<trkpt lat="36.7843721" lon="126.9831142">
<ele>-1.822</ele>
<time>2024-06-03T12:44:15Z</time>
<extensions>
<gpxtpx:TrackPointExtension>
<gpxtpx:hr>103</gpxtpx:hr>
</gpxtpx:TrackPointExtension>
</extensions>
</trkpt>
<trkpt lat="36.7843715" lon="126.9831284">
<ele>-1.808</ele>
<time>2024-06-03T12:44:16Z</time>
<extensions>
<gpxtpx:TrackPointExtension>
<gpxtpx:hr>103</gpxtpx:hr>
</gpxtpx:TrackPointExtension>
</extensions>
</trkpt>
<trkpt lat="36.7843696" lon="126.9831408">
<ele>-1.773</ele>
<time>2024-06-03T12:44:17Z</time>
<extensions>
<gpxtpx:TrackPointExtension>
<gpxtpx:hr>103</gpxtpx:hr>
</gpxtpx:TrackPointExtension>
</extensions>
</trkpt>
<trkpt lat="36.7843661" lon="126.9831512">
<ele>-1.751</ele>
<time>2024-06-03T12:44:18Z</time>
<extensions>
<gpxtpx:TrackPointExtension>
<gpxtpx:hr>102</gpxtpx:hr>
</gpxtpx:TrackPointExtension>
</extensions>
</trkpt>
<trkpt lat="36.7843604" lon="126.9831623">
<ele>-1.753</ele>
<time>2024-06-03T12:44:19Z</time>
<extensions>
<gpxtpx:TrackPointExtension>
<gpxtpx:hr>102</gpxtpx:hr>
</gpxtpx:TrackPointExtension>
</extensions>
</trkpt>
<trkpt lat="36.784355" lon="126.983173">
<ele>-1.752</ele>
<time>2024-06-03T12:44:20Z</time>
<extensions>
<gpxtpx:TrackPointExtension>
<gpxtpx:hr>102</gpxtpx:hr>
<gpxtpx:cad>111</gpxtpx:cad>
</gpxtpx:TrackPointExtension>
</extensions>
</trkpt>
<trkpt lat="36.7843489" lon="126.983185">
<ele>-1.694</ele>
<time>2024-06-03T12:44:21Z</time>
<extensions>
<gpxtpx:TrackPointExtension>
<gpxtpx:hr>102</gpxtpx:hr>
</gpxtpx:TrackPointExtension>
</extensions>
</trkpt>
<trkpt lat="36.7843429" lon="126.983199">
<ele>-1.702</ele>
<time>2024-06-03T12:44:22Z</time>
<extensions>
<gpxtpx:TrackPointExtension>
<gpxtpx:hr>102</gpxtpx:hr>
</gpxtpx:TrackPointExtension>
</extensions>
</trkpt>
<trkpt lat="36.7843367" lon="126.983215">
<ele>-1.72</ele>
<time>2024-06-03T12:44:23Z</time>
<extensions>
<gpxtpx:TrackPointExtension>
<gpxtpx:hr>101</gpxtpx:hr>
</gpxtpx:TrackPointExtension>
</extensions>
</trkpt>
<trkpt lat="36.7843307" lon="126.9832317">
<ele>-1.712</ele>
<time>2024-06-03T12:44:24Z</time>
<extensions>
<gpxtpx:TrackPointExtension>
<gpxtpx:hr>101</gpxtpx:hr>
</gpxtpx:TrackPointExtension>
</extensions>
</trkpt>
<trkpt lat="36.784325" lon="126.9832495">
<ele>-1.76</ele>
<time>2024-06-03T12:44:25Z</time>
<extensions>
<gpxtpx:TrackPointExtension>
<gpxtpx:hr>101</gpxtpx:hr>
</gpxtpx:TrackPointExtension>
</extensions>
</trkpt>
<trkpt lat="36.784319" lon="126.9832682">
<ele>-1.771</ele>
<time>2024-06-03T12:44:26Z</time>
<extensions>
<gpxtpx:TrackPointExtension>
<gpxtpx:hr>101</gpxtpx:hr>
</gpxtpx:TrackPointExtension>
</extensions>
</trkpt>
<trkpt lat="36.7843136" lon="126.9832878">
<ele>-1.801</ele>
<time>2024-06-03T12:44:27Z</time>
<extensions>
<gpxtpx:TrackPointExtension>
<gpxtpx:hr>101</gpxtpx:hr>
</gpxtpx:TrackPointExtension>
</extensions>
</trkpt>
<trkpt lat="36.784308" lon="126.9833097">
<ele>-1.754</ele>
<time>2024-06-03T12:44:28Z</time>
<extensions>
<gpxtpx:TrackPointExtension>
<gpxtpx:hr>101</gpxtpx:hr>
</gpxtpx:TrackPointExtension>
</extensions>
</trkpt>
<trkpt lat="36.7843017" lon="126.9833344">
<ele>-1.788</ele>
<time>2024-06-03T12:44:29Z</time>
<extensions>
<gpxtpx:TrackPointExtension>
<gpxtpx:hr>101</gpxtpx:hr>
</gpxtpx:TrackPointExtension>
</extensions>
</trkpt>
<trkpt lat="36.7842948" lon="126.9833605">
<ele>-1.756</ele>
<time>2024-06-03T12:44:30Z</time>
<extensions>
<gpxtpx:TrackPointExtension>
<gpxtpx:hr>101</gpxtpx:hr>
<gpxtpx:cad>111</gpxtpx:cad>
</gpxtpx:TrackPointExtension>
</extensions>
</trkpt>
<trkpt lat="36.7842889" lon="126.9833869">
<ele>-1.729</ele>
<time>2024-06-03T12:44:31Z</time>
<extensions>
<gpxtpx:TrackPointExtension>
<gpxtpx:hr>101</gpxtpx:hr>
</gpxtpx:TrackPointExtension>
</extensions>
</trkpt>
<trkpt lat="36.7842824" lon="126.9834125">
<ele>-1.724</ele>
<time>2024-06-03T12:44:32Z</time>
<extensions>
<gpxtpx:TrackPointExtension>
<gpxtpx:hr>101</gpxtpx:hr>
</gpxtpx:TrackPointExtension>
</extensions>
</trkpt>
<trkpt lat="36.7842748" lon="126.9834354">
<ele>-1.769</ele>
<time>2024-06-03T12:44:33Z</time>
<extensions>
<gpxtpx:TrackPointExtension>
<gpxtpx:hr>101</gpxtpx:hr>
</gpxtpx:TrackPointExtension>
</extensions>
</trkpt>
<trkpt lat="36.784267" lon="126.9834567">
<ele>-1.736</ele>
<time>2024-06-03T12:44:34Z</time>
<extensions>
<gpxtpx:TrackPointExtension>
<gpxtpx:hr>101</gpxtpx:hr>
</gpxtpx:TrackPointExtension>
</extensions>
</trkpt>
<trkpt lat="36.7842604" lon="126.9834768">
<ele>-1.639</ele>
<time>2024-06-03T12:44:35Z</time>
<extensions>
<gpxtpx:TrackPointExtension>
<gpxtpx:hr>101</gpxtpx:hr>
</gpxtpx:TrackPointExtension>
</extensions>
</trkpt>
<trkpt lat="36.7842555" lon="126.9834969">
<ele>-1.587</ele>
<time>2024-06-03T12:44:36Z</time>
<extensions>
<gpxtpx:TrackPointExtension>
<gpxtpx:hr>101</gpxtpx:hr>
</gpxtpx:TrackPointExtension>
</extensions>
</trkpt>
<trkpt lat="36.78425" lon="126.9835156">
<ele>-1.533</ele>
<time>2024-06-03T12:44:37Z</time>
<extensions>
<gpxtpx:TrackPointExtension>
<gpxtpx:hr>101</gpxtpx:hr>
</gpxtpx:TrackPointExtension>
</extensions>
</trkpt>
<trkpt lat="36.7842444" lon="126.9835347">
<ele>-1.558</ele>
<time>2024-06-03T12:44:38Z</time>
<extensions>
<gpxtpx:TrackPointExtension>
<gpxtpx:hr>101</gpxtpx:hr>
</gpxtpx:TrackPointExtension>
</extensions>
</trkpt>
<trkpt lat="36.7842387" lon="126.983553">
<ele>-1.537</ele>
<time>2024-06-03T12:44:39Z</time>
<extensions>
<gpxtpx:TrackPointExtension>
<gpxtpx:hr>101</gpxtpx:hr>
</gpxtpx:TrackPointExtension>
</extensions>
</trkpt>
<trkpt lat="36.7842339" lon="126.9835708">
<ele>-1.323</ele>
<time>2024-06-03T12:44:41Z</time>
<extensions>
<gpxtpx:TrackPointExtension>
<gpxtpx:hr>101</gpxtpx:hr>
<gpxtpx:cad>109</gpxtpx:cad>
</gpxtpx:TrackPointExtension>
</extensions>
</trkpt>
<trkpt lat="36.7842293" lon="126.9835877">
<ele>-1.422</ele>
<time>2024-06-03T12:44:42Z</time>
<extensions>
<gpxtpx:TrackPointExtension>
<gpxtpx:hr>100</gpxtpx:hr>
</gpxtpx:TrackPointExtension>
</extensions>
</trkpt>
<trkpt lat="36.784225" lon="126.9836065">
<ele>-1.437</ele>
<time>2024-06-03T12:44:43Z</time>
<extensions>
<gpxtpx:TrackPointExtension>
<gpxtpx:hr>100</gpxtpx:hr>
</gpxtpx:TrackPointExtension>
</extensions>
</trkpt>
<trkpt lat="36.7842215" lon="126.983627">
<ele>-1.471</ele>
<time>2024-06-03T12:44:44Z</time>
</trkpt>
<trkpt lat="36.7842188" lon="126.9836485">
<ele>-1.501</ele>
<time>2024-06-03T12:44:45Z</time>
<extensions>
<gpxtpx:TrackPointExtension>
<gpxtpx:hr>101</gpxtpx:hr>
</gpxtpx:TrackPointExtension>
</extensions>
</trkpt>
<trkpt lat="36.7842163" lon="126.983669">
<ele>-1.499</ele>
<time>2024-06-03T12:44:46Z</time>
<extensions>
<gpxtpx:TrackPointExtension>
<gpxtpx:hr>101</gpxtpx:hr>
</gpxtpx:TrackPointExtension>
</extensions>
</trkpt>
<trkpt lat="36.7842151" lon="126.9836879">
<ele>-1.546</ele>
<time>2024-06-03T12:44:47Z</time>
<extensions>
<gpxtpx:TrackPointExtension>
<gpxtpx:hr>101</gpxtpx:hr>
</gpxtpx:TrackPointExtension>
</extensions>
</trkpt>
<trkpt lat="36.7842141" lon="126.9837084">
<ele>-1.615</ele>
<time>2024-06-03T12:44:48Z</time>
<extensions>
<gpxtpx:TrackPointExtension>
<gpxtpx:hr>103</gpxtpx:hr>
</gpxtpx:TrackPointExtension>
</extensions>
</trkpt>
<trkpt lat="36.7842123" lon="126.9837309">
<ele>-1.584</ele>
<time>2024-06-03T12:44:49Z</time>
<extensions>
<gpxtpx:TrackPointExtension>
<gpxtpx:hr>104</gpxtpx:hr>
</gpxtpx:TrackPointExtension>
</extensions>
</trkpt>
<trkpt lat="36.7842108" lon="126.983754">
<ele>-1.659</ele>
<time>2024-06-03T12:44:50Z</time>
<extensions>
<gpxtpx:TrackPointExtension>
<gpxtpx:hr>105</gpxtpx:hr>
</gpxtpx:TrackPointExtension>
</extensions>
</trkpt>
<trkpt lat="36.784208" lon="126.9837796">
<ele>-1.632</ele>
<time>2024-06-03T12:44:51Z</time>
<extensions>
<gpxtpx:TrackPointExtension>
<gpxtpx:hr>105</gpxtpx:hr>
<gpxtpx:cad>112</gpxtpx:cad>
</gpxtpx:TrackPointExtension>
</extensions>
</trkpt>
<trkpt lat="36.7842052" lon="126.9838079">
<ele>-1.633</ele>
<time>2024-06-03T12:44:52Z</time>
<extensions>
<gpxtpx:TrackPointExtension>
<gpxtpx:hr>105</gpxtpx:hr>
<gpxtpx:cad>113</gpxtpx:cad>
</gpxtpx:TrackPointExtension>
</extensions>
</trkpt>
<trkpt lat="36.7842024" lon="126.9838376">
<ele>-1.678</ele>
<time>2024-06-03T12:44:53Z</time>
<extensions>
<gpxtpx:TrackPointExtension>
<gpxtpx:hr>105</gpxtpx:hr>
</gpxtpx:TrackPointExtension>
</extensions>
</trkpt>
<trkpt lat="36.7841988" lon="126.9838675">
<ele>-1.615</ele>
<time>2024-06-03T12:44:54Z</time>
<extensions>
<gpxtpx:TrackPointExtension>
<gpxtpx:hr>105</gpxtpx:hr>
</gpxtpx:TrackPointExtension>
</extensions>
</trkpt>
<trkpt lat="36.7841949" lon="126.9838981">
<ele>-1.676</ele>
<time>2024-06-03T12:44:55Z</time>
<extensions>
<gpxtpx:TrackPointExtension>
<gpxtpx:hr>105</gpxtpx:hr>
</gpxtpx:TrackPointExtension>
</extensions>
</trkpt>
<trkpt lat="36.7841906" lon="126.983926">
<ele>-1.683</ele>
<time>2024-06-03T12:44:56Z</time>
<extensions>
<gpxtpx:TrackPointExtension>
<gpxtpx:hr>105</gpxtpx:hr>
</gpxtpx:TrackPointExtension>
</extensions>
</trkpt>
<trkpt lat="36.7841861" lon="126.9839525">
<ele>-1.581</ele>
<time>2024-06-03T12:44:57Z</time>
<extensions>
<gpxtpx:TrackPointExtension>
<gpxtpx:hr>105</gpxtpx:hr>
</gpxtpx:TrackPointExtension>
</extensions>
</trkpt>
<trkpt lat="36.7841811" lon="126.9839764">
<ele>-1.575</ele>
<time>2024-06-03T12:44:58Z</time>
<extensions>
<gpxtpx:TrackPointExtension>
<gpxtpx:hr>105</gpxtpx:hr>
</gpxtpx:TrackPointExtension>
</extensions>
</trkpt>
<trkpt lat="36.7841768" lon="126.9839979">
<ele>-1.498</ele>
<time>2024-06-03T12:44:59Z</time>
<extensions>
<gpxtpx:TrackPointExtension>
<gpxtpx:hr>105</gpxtpx:hr>
</gpxtpx:TrackPointExtension>
</extensions>
</trkpt>
<trkpt lat="36.7841726" lon="126.9840176">
<ele>-1.529</ele>
<time>2024-06-03T12:45:00Z</time>
<extensions>
<gpxtpx:TrackPointExtension>
<gpxtpx:hr>105</gpxtpx:hr>
</gpxtpx:TrackPointExtension>
</extensions>
</trkpt>
<trkpt lat="36.7841689" lon="126.9840351">
<ele>-1.505</ele>
<time>2024-06-03T12:45:01Z</time>
<extensions>
<gpxtpx:TrackPointExtension>
<gpxtpx:hr>105</gpxtpx:hr>
<gpxtpx:cad>114</gpxtpx:cad>
</gpxtpx:TrackPointExtension>
</extensions>
</trkpt>
<trkpt lat="36.7841657" lon="126.984052">
<ele>-1.505</ele>
<time>2024-06-03T12:45:02Z</time>
<extensions>
<gpxtpx:TrackPointExtension>
<gpxtpx:hr>105</gpxtpx:hr>
</gpxtpx:TrackPointExtension>
</extensions>
</trkpt>
<trkpt lat="36.7841642" lon="126.9840664">
<ele>-1.546</ele>
<time>2024-06-03T12:45:03Z</time>
<extensions>
<gpxtpx:TrackPointExtension>
<gpxtpx:hr>105</gpxtpx:hr>
</gpxtpx:TrackPointExtension>
</extensions>
</trkpt>
<trkpt lat="36.7841643" lon="126.9840792">
<ele>-1.517</ele>
<time>2024-06-03T12:45:04Z</time>
<extensions>
<gpxtpx:TrackPointExtension>
<gpxtpx:hr>106</gpxtpx:hr>
</gpxtpx:TrackPointExtension>
</extensions>
</trkpt>
<trkpt lat="36.7841659" lon="126.9840984">
<ele>-1.565</ele>
<time>2024-06-03T12:45:05Z</time>
<extensions>
<gpxtpx:TrackPointExtension>
<gpxtpx:hr>106</gpxtpx:hr>
</gpxtpx:TrackPointExtension>
</extensions>
</trkpt>
<trkpt lat="36.7841669" lon="126.9841056">
<ele>-1.579</ele>
<time>2024-06-03T12:45:06Z</time>
<extensions>
<gpxtpx:TrackPointExtension>
<gpxtpx:hr>106</gpxtpx:hr>
</gpxtpx:TrackPointExtension>
</extensions>
</trkpt>
<trkpt lat="36.7841707" lon="126.9841198">
<ele>-1.524</ele>
<time>2024-06-03T12:45:08Z</time>
<extensions>
<gpxtpx:TrackPointExtension>
<gpxtpx:hr>105</gpxtpx:hr>
</gpxtpx:TrackPointExtension>
</extensions>
</trkpt>
<trkpt lat="36.7841738" lon="126.9841285">
<ele>-1.54</ele>
<time>2024-06-03T12:45:09Z</time>
<extensions>
<gpxtpx:TrackPointExtension>
<gpxtpx:hr>105</gpxtpx:hr>
</gpxtpx:TrackPointExtension>
</extensions>
</trkpt>
<trkpt lat="36.7841778" lon="126.9841383">
<ele>-1.518</ele>
<time>2024-06-03T12:45:10Z</time>
<extensions>
<gpxtpx:TrackPointExtension>
<gpxtpx:hr>106</gpxtpx:hr>
</gpxtpx:TrackPointExtension>
</extensions>
</trkpt>
<trkpt lat="36.7841831" lon="126.9841491">
<ele>-1.455</ele>
<time>2024-06-03T12:45:11Z</time>
<extensions>
<gpxtpx:TrackPointExtension>
<gpxtpx:hr>105</gpxtpx:hr>
<gpxtpx:cad>113</gpxtpx:cad>
</gpxtpx:TrackPointExtension>
</extensions>
</trkpt>
<trkpt lat="36.7841888" lon="126.9841599">
<ele>-1.356</ele>
<time>2024-06-03T12:45:12Z</time>
<extensions>
<gpxtpx:TrackPointExtension>
<gpxtpx:hr>105</gpxtpx:hr>
</gpxtpx:TrackPointExtension>
</extensions>
</trkpt>
<trkpt lat="36.784194" lon="126.9841711">
<ele>-1.361</ele>
<time>2024-06-03T12:45:13Z</time>
<extensions>
<gpxtpx:TrackPointExtension>
<gpxtpx:hr>105</gpxtpx:hr>
</gpxtpx:TrackPointExtension>
</extensions>
</trkpt>
<trkpt lat="36.7841966" lon="126.9841808">
<ele>-1.395</ele>
<time>2024-06-03T12:45:14Z</time>
<extensions>
<gpxtpx:TrackPointExtension>
<gpxtpx:hr>105</gpxtpx:hr>
</gpxtpx:TrackPointExtension>
</extensions>
</trkpt>
<trkpt lat="36.7841974" lon="126.9841883">
<ele>-1.41</ele>
<time>2024-06-03T12:45:15Z</time>
<extensions>
<gpxtpx:TrackPointExtension>
<gpxtpx:hr>105</gpxtpx:hr>
</gpxtpx:TrackPointExtension>
</extensions>
</trkpt>
<trkpt lat="36.7841964" lon="126.9841957">
<ele>-1.436</ele>
<time>2024-06-03T12:45:16Z</time>
<extensions>
<gpxtpx:TrackPointExtension>
<gpxtpx:hr>105</gpxtpx:hr>
</gpxtpx:TrackPointExtension>
</extensions>
</trkpt>
<trkpt lat="36.7841958" lon="126.9842065">
<ele>-1.46</ele>
<time>2024-06-03T12:45:17Z</time>
<extensions>
<gpxtpx:TrackPointExtension>
<gpxtpx:hr>105</gpxtpx:hr>
</gpxtpx:TrackPointExtension>
</extensions>
</trkpt>
<trkpt lat="36.7841937" lon="126.9842179">
<ele>-1.419</ele>
<time>2024-06-03T12:45:18Z</time>
<extensions>
<gpxtpx:TrackPointExtension>
<gpxtpx:hr>105</gpxtpx:hr>
</gpxtpx:TrackPointExtension>
</extensions>
</trkpt>
<trkpt lat="36.7841904" lon="126.98423">
<ele>-1.46</ele>
<time>2024-06-03T12:45:19Z</time>
<extensions>
<gpxtpx:TrackPointExtension>
<gpxtpx:hr>105</gpxtpx:hr>
</gpxtpx:TrackPointExtension>
</extensions>
</trkpt>
<trkpt lat="36.7841868" lon="126.984243">
<ele>-1.434</ele>
<time>2024-06-03T12:45:20Z</time>
<extensions>
<gpxtpx:TrackPointExtension>
<gpxtpx:hr>105</gpxtpx:hr>
</gpxtpx:TrackPointExtension>
</extensions>
</trkpt>
<trkpt lat="36.7841823" lon="126.9842552">
<ele>-1.41</ele>
<time>2024-06-03T12:45:21Z</time>
<extensions>
<gpxtpx:TrackPointExtension>
<gpxtpx:hr>105</gpxtpx:hr>
<gpxtpx:cad>114</gpxtpx:cad>
</gpxtpx:TrackPointExtension>
</extensions>
</trkpt>
<trkpt lat="36.7841785" lon="126.9842678">
<ele>-1.421</ele>
<time>2024-06-03T12:45:22Z</time>
<extensions>
<gpxtpx:TrackPointExtension>
<gpxtpx:hr>105</gpxtpx:hr>
</gpxtpx:TrackPointExtension>
</extensions>
</trkpt>
<trkpt lat="36.7841742" lon="126.9842809">
<ele>-1.378</ele>
<time>2024-06-03T12:45:23Z</time>
<extensions>
<gpxtpx:TrackPointExtension>
<gpxtpx:hr>105</gpxtpx:hr>
</gpxtpx:TrackPointExtension>
</extensions>
</trkpt>
<trkpt lat="36.7841704" lon="126.9842948">
<ele>-1.353</ele>
<time>2024-06-03T12:45:24Z</time>
<extensions>
<gpxtpx:TrackPointExtension>
<gpxtpx:hr>105</gpxtpx:hr>
</gpxtpx:TrackPointExtension>
</extensions>
</trkpt>
<trkpt lat="36.7841678" lon="126.9843086">
<ele>-1.345</ele>
<time>2024-06-03T12:45:25Z</time>
<extensions>
<gpxtpx:TrackPointExtension>
<gpxtpx:hr>105</gpxtpx:hr>
</gpxtpx:TrackPointExtension>
</extensions>
</trkpt>
<trkpt lat="36.7841646" lon="126.9843219">
<ele>-1.406</ele>
<time>2024-06-03T12:45:26Z</time>
<extensions>
<gpxtpx:TrackPointExtension>
<gpxtpx:hr>105</gpxtpx:hr>
</gpxtpx:TrackPointExtension>
</extensions>
</trkpt>
<trkpt lat="36.7841614" lon="126.9843342">
<ele>-1.42</ele>
<time>2024-06-03T12:45:27Z</time>
<extensions>
<gpxtpx:TrackPointExtension>
<gpxtpx:hr>105</gpxtpx:hr>
</gpxtpx:TrackPointExtension>
</extensions>
</trkpt>
<trkpt lat="36.7841571" lon="126.9843445">
<ele>-1.462</ele>
<time>2024-06-03T12:45:28Z</time>
<extensions>
<gpxtpx:TrackPointExtension>
<gpxtpx:hr>104</gpxtpx:hr>
</gpxtpx:TrackPointExtension>
</extensions>
</trkpt>
<trkpt lat="36.7841518" lon="126.9843517">
<ele>-1.476</ele>
<time>2024-06-03T12:45:29Z</time>
<extensions>
<gpxtpx:TrackPointExtension>
<gpxtpx:hr>104</gpxtpx:hr>
</gpxtpx:TrackPointExtension>
</extensions>
</trkpt>
<trkpt lat="36.7841468" lon="126.9843554">
<ele>-1.457</ele>
<time>2024-06-03T12:45:30Z</time>
<extensions>
<gpxtpx:TrackPointExtension>
<gpxtpx:hr>104</gpxtpx:hr>
</gpxtpx:TrackPointExtension>
</extensions>
</trkpt>
<trkpt lat="36.7841425" lon="126.9843559">
<ele>-1.301</ele>
<time>2024-06-03T12:45:31Z</time>
<extensions>
<gpxtpx:TrackPointExtension>
<gpxtpx:hr>104</gpxtpx:hr>
<gpxtpx:cad>112</gpxtpx:cad>
</gpxtpx:TrackPointExtension>
</extensions>
</trkpt>
<trkpt lat="36.7841383" lon="126.9843533">
<ele>-1.179</ele>
<time>2024-06-03T12:45:32Z</time>
<extensions>
<gpxtpx:TrackPointExtension>
<gpxtpx:hr>104</gpxtpx:hr>
</gpxtpx:TrackPointExtension>
</extensions>
</trkpt>
<trkpt lat="36.784134" lon="126.9843495">
<ele>-1.339</ele>
<time>2024-06-03T12:45:33Z</time>
<extensions>
<gpxtpx:TrackPointExtension>
<gpxtpx:hr>105</gpxtpx:hr>
</gpxtpx:TrackPointExtension>
</extensions>
</trkpt>
<trkpt lat="36.7841292" lon="126.984345">
<ele>-1.36</ele>
<time>2024-06-03T12:45:34Z</time>
<extensions>
<gpxtpx:TrackPointExtension>
<gpxtpx:hr>105</gpxtpx:hr>
</gpxtpx:TrackPointExtension>
</extensions>
</trkpt>
<trkpt lat="36.784124" lon="126.9843405">
<ele>-1.353</ele>
<time>2024-06-03T12:45:35Z</time>
<extensions>
<gpxtpx:TrackPointExtension>
<gpxtpx:hr>105</gpxtpx:hr>
</gpxtpx:TrackPointExtension>
</extensions>
</trkpt>
<trkpt lat="36.7841176" lon="126.9843372">
<ele>-1.373</ele>
<time>2024-06-03T12:45:36Z</time>
<extensions>
<gpxtpx:TrackPointExtension>
<gpxtpx:hr>106</gpxtpx:hr>
</gpxtpx:TrackPointExtension>
</extensions>
</trkpt>
<trkpt lat="36.7841096" lon="126.9843355">
<ele>-1.4</ele>
<time>2024-06-03T12:45:37Z</time>
<extensions>
<gpxtpx:TrackPointExtension>
<gpxtpx:hr>106</gpxtpx:hr>
</gpxtpx:TrackPointExtension>
</extensions>
</trkpt>
<trkpt lat="36.7840996" lon="126.9843359">
<ele>-1.34</ele>
<time>2024-06-03T12:45:38Z</time>
<extensions>
<gpxtpx:TrackPointExtension>
<gpxtpx:hr>107</gpxtpx:hr>
</gpxtpx:TrackPointExtension>
</extensions>
</trkpt>
<trkpt lat="36.7840885" lon="126.9843383">
<ele>-1.375</ele>
<time>2024-06-03T12:45:39Z</time>
<extensions>
<gpxtpx:TrackPointExtension>
<gpxtpx:hr>107</gpxtpx:hr>
</gpxtpx:TrackPointExtension>
</extensions>
</trkpt>
<trkpt lat="36.7840764" lon="126.9843424">
<ele>-1.374</ele>
<time>2024-06-03T12:45:40Z</time>
<extensions>
<gpxtpx:TrackPointExtension>
<gpxtpx:hr>107</gpxtpx:hr>
</gpxtpx:TrackPointExtension>
</extensions>
</trkpt>
<trkpt lat="36.7840637" lon="126.9843481">
<ele>-1.404</ele>
<time>2024-06-03T12:45:41Z</time>
<extensions>
<gpxtpx:TrackPointExtension>
<gpxtpx:hr>107</gpxtpx:hr>
<gpxtpx:cad>111</gpxtpx:cad>
</gpxtpx:TrackPointExtension>
</extensions>
</trkpt>
<trkpt lat="36.7840493" lon="126.9843543">
<ele>-1.468</ele>
<time>2024-06-03T12:45:42Z</time>
<extensions>
<gpxtpx:TrackPointExtension>
<gpxtpx:hr>107</gpxtpx:hr>
</gpxtpx:TrackPointExtension>
</extensions>
</trkpt>
<trkpt lat="36.7840343" lon="126.9843611">
<ele>-1.425</ele>
<time>2024-06-03T12:45:43Z</time>
<extensions>
<gpxtpx:TrackPointExtension>
<gpxtpx:hr>108</gpxtpx:hr>
</gpxtpx:TrackPointExtension>
</extensions>
</trkpt>
<trkpt lat="36.7840191" lon="126.9843672">
<ele>-1.37</ele>
<time>2024-06-03T12:45:44Z</time>
<extensions>
<gpxtpx:TrackPointExtension>
<gpxtpx:hr>108</gpxtpx:hr>
</gpxtpx:TrackPointExtension>
</extensions>
</trkpt>
<trkpt lat="36.7840045" lon="126.9843733">
<ele>-1.374</ele>
<time>2024-06-03T12:45:45Z</time>
<extensions>
<gpxtpx:TrackPointExtension>
<gpxtpx:hr>108</gpxtpx:hr>
</gpxtpx:TrackPointExtension>
</extensions>
</trkpt>
<trkpt lat="36.7839912" lon="126.9843792">
<ele>-1.321</ele>
<time>2024-06-03T12:45:46Z</time>
<extensions>
<gpxtpx:TrackPointExtension>
<gpxtpx:hr>108</gpxtpx:hr>
</gpxtpx:TrackPointExtension>
</extensions>
</trkpt>
<trkpt lat="36.78398" lon="126.984384">
<ele>-1.326</ele>
<time>2024-06-03T12:45:47Z</time>
<extensions>
<gpxtpx:TrackPointExtension>
<gpxtpx:hr>108</gpxtpx:hr>
</gpxtpx:TrackPointExtension>
</extensions>
</trkpt>
<trkpt lat="36.7839705" lon="126.9843905">
<ele>-1.318</ele>
<time>2024-06-03T12:45:48Z</time>
<extensions>
<gpxtpx:TrackPointExtension>
<gpxtpx:hr>108</gpxtpx:hr>
</gpxtpx:TrackPointExtension>
</extensions>
</trkpt>
<trkpt lat="36.7839616" lon="126.9843982">
<ele>-1.324</ele>
<time>2024-06-03T12:45:49Z</time>
<extensions>
<gpxtpx:TrackPointExtension>
<gpxtpx:hr>108</gpxtpx:hr>
</gpxtpx:TrackPointExtension>
</extensions>
</trkpt>
<trkpt lat="36.7839533" lon="126.9844046">
<ele>-1.331</ele>
<time>2024-06-03T12:45:50Z</time>
<extensions>
<gpxtpx:TrackPointExtension>
<gpxtpx:hr>108</gpxtpx:hr>
</gpxtpx:TrackPointExtension>
</extensions>
</trkpt>
<trkpt lat="36.7839461" lon="126.9844114">
<ele>-1.383</ele>
<time>2024-06-03T12:45:51Z</time>
<extensions>
<gpxtpx:TrackPointExtension>
<gpxtpx:hr>108</gpxtpx:hr>
<gpxtpx:cad>110</gpxtpx:cad>
</gpxtpx:TrackPointExtension>
</extensions>
</trkpt>
<trkpt lat="36.7839404" lon="126.9844222">
<ele>-1.373</ele>
<time>2024-06-03T12:45:52Z</time>
<extensions>
<gpxtpx:TrackPointExtension>
<gpxtpx:hr>108</gpxtpx:hr>
</gpxtpx:TrackPointExtension>
</extensions>
</trkpt>
<trkpt lat="36.7839368" lon="126.9844364">
<ele>-1.369</ele>
<time>2024-06-03T12:45:53Z</time>
<extensions>
<gpxtpx:TrackPointExtension>
<gpxtpx:hr>107</gpxtpx:hr>
</gpxtpx:TrackPointExtension>
</extensions>
</trkpt>
<trkpt lat="36.7839354" lon="126.9844561">
<ele>-1.28</ele>
<time>2024-06-03T12:45:54Z</time>
<extensions>
<gpxtpx:TrackPointExtension>
<gpxtpx:hr>107</gpxtpx:hr>
</gpxtpx:TrackPointExtension>
</extensions>
</trkpt>
<trkpt lat="36.7839355" lon="126.9844779">
<ele>-1.283</ele>
<time>2024-06-03T12:45:55Z</time>
<extensions>
<gpxtpx:TrackPointExtension>
<gpxtpx:hr>107</gpxtpx:hr>
</gpxtpx:TrackPointExtension>
</extensions>
</trkpt>
<trkpt lat="36.7839361" lon="126.9845006">
<ele>-1.32</ele>
<time>2024-06-03T12:45:56Z</time>
<extensions>
<gpxtpx:TrackPointExtension>
<gpxtpx:hr>107</gpxtpx:hr>
</gpxtpx:TrackPointExtension>
</extensions>
</trkpt>
<trkpt lat="36.7839378" lon="126.9845266">
<ele>-1.367</ele>
<time>2024-06-03T12:45:57Z</time>
<extensions>
<gpxtpx:TrackPointExtension>
<gpxtpx:hr>107</gpxtpx:hr>
</gpxtpx:TrackPointExtension>
</extensions>
</trkpt>
<trkpt lat="36.7839402" lon="126.9845551">
<ele>-1.341</ele>
<time>2024-06-03T12:45:58Z</time>
<extensions>
<gpxtpx:TrackPointExtension>
<gpxtpx:hr>107</gpxtpx:hr>
</gpxtpx:TrackPointExtension>
</extensions>
</trkpt>
<trkpt lat="36.7839427" lon="126.9845821">
<ele>-1.238</ele>
<time>2024-06-03T12:45:59Z</time>
<extensions>
<gpxtpx:TrackPointExtension>
<gpxtpx:hr>106</gpxtpx:hr>
</gpxtpx:TrackPointExtension>
</extensions>
</trkpt>
<trkpt lat="36.7839464" lon="126.9846098">
<ele>-1.262</ele>
<time>2024-06-03T12:46:00Z</time>
<extensions>
<gpxtpx:TrackPointExtension>
<gpxtpx:hr>106</gpxtpx:hr>
</gpxtpx:TrackPointExtension>
</extensions>
</trkpt>
<trkpt lat="36.7839496" lon="126.9846389">
<ele>-1.277</ele>
<time>2024-06-03T12:46:01Z</time>
<extensions>
<gpxtpx:TrackPointExtension>
<gpxtpx:hr>106</gpxtpx:hr>
<gpxtpx:cad>110</gpxtpx:cad>
</gpxtpx:TrackPointExtension>
</extensions>
</trkpt>
<trkpt lat="36.7839524" lon="126.9846687">
<ele>-1.23</ele>
<time>2024-06-03T12:46:02Z</time>
<extensions>
<gpxtpx:TrackPointExtension>
<gpxtpx:hr>106</gpxtpx:hr>
<gpxtpx:cad>110</gpxtpx:cad>
</gpxtpx:TrackPointExtension>
</extensions>
</trkpt>
<trkpt lat="36.7839547" lon="126.9846981">
<ele>-1.302</ele>
<time>2024-06-03T12:46:03Z</time>
<extensions>
<gpxtpx:TrackPointExtension>
<gpxtpx:hr>106</gpxtpx:hr>
</gpxtpx:TrackPointExtension>
</extensions>
</trkpt>
<trkpt lat="36.783957" lon="126.9847268">
<ele>-1.351</ele>
<time>2024-06-03T12:46:04Z</time>
<extensions>
<gpxtpx:TrackPointExtension>
<gpxtpx:hr>106</gpxtpx:hr>
</gpxtpx:TrackPointExtension>
</extensions>
</trkpt>
<trkpt lat="36.7839587" lon="126.9847543">
<ele>-1.323</ele>
<time>2024-06-03T12:46:05Z</time>
<extensions>
<gpxtpx:TrackPointExtension>
<gpxtpx:hr>106</gpxtpx:hr>
</gpxtpx:TrackPointExtension>
</extensions>
</trkpt>
<trkpt lat="36.7839592" lon="126.9847796">
<ele>-1.294</ele>
<time>2024-06-03T12:46:06Z</time>
<extensions>
<gpxtpx:TrackPointExtension>
<gpxtpx:hr>106</gpxtpx:hr>
</gpxtpx:TrackPointExtension>
</extensions>
</trkpt>
<trkpt lat="36.7839576" lon="126.9848047">
<ele>-1.275</ele>
<time>2024-06-03T12:46:07Z</time>
<extensions>
<gpxtpx:TrackPointExtension>
<gpxtpx:hr>106</gpxtpx:hr>
</gpxtpx:TrackPointExtension>
</extensions>
</trkpt>
<trkpt lat="36.7839559" lon="126.9848305">
<ele>-1.253</ele>
<time>2024-06-03T12:46:08Z</time>
<extensions>
<gpxtpx:TrackPointExtension>
<gpxtpx:hr>106</gpxtpx:hr>
</gpxtpx:TrackPointExtension>
</extensions>
</trkpt>
<trkpt lat="36.7839526" lon="126.9848542">
<ele>-1.273</ele>
<time>2024-06-03T12:46:09Z</time>
<extensions>
<gpxtpx:TrackPointExtension>
<gpxtpx:hr>106</gpxtpx:hr>
</gpxtpx:TrackPointExtension>
</extensions>
</trkpt>
<trkpt lat="36.7839499" lon="126.9848786">
<ele>-1.312</ele>
<time>2024-06-03T12:46:10Z</time>
<extensions>
<gpxtpx:TrackPointExtension>
<gpxtpx:hr>106</gpxtpx:hr>
<gpxtpx:cad>111</gpxtpx:cad>
</gpxtpx:TrackPointExtension>
</extensions>
</trkpt>
<trkpt lat="36.783946" lon="126.9849032">
<ele>-1.238</ele>
<time>2024-06-03T12:46:11Z</time>
<extensions>
<gpxtpx:TrackPointExtension>
<gpxtpx:hr>106</gpxtpx:hr>
</gpxtpx:TrackPointExtension>
</extensions>
</trkpt>
<trkpt lat="36.7839406" lon="126.9849288">
<ele>-1.241</ele>
<time>2024-06-03T12:46:12Z</time>
<extensions>
<gpxtpx:TrackPointExtension>
<gpxtpx:hr>106</gpxtpx:hr>
</gpxtpx:TrackPointExtension>
</extensions>
</trkpt>
<trkpt lat="36.783934" lon="126.9849535">
<ele>-1.286</ele>
<time>2024-06-03T12:46:13Z</time>
<extensions>
<gpxtpx:TrackPointExtension>
<gpxtpx:hr>106</gpxtpx:hr>
</gpxtpx:TrackPointExtension>
</extensions>
</trkpt>
<trkpt lat="36.7839266" lon="126.9849764">
<ele>-1.309</ele>
<time>2024-06-03T12:46:14Z</time>
<extensions>
<gpxtpx:TrackPointExtension>
<gpxtpx:hr>106</gpxtpx:hr>
</gpxtpx:TrackPointExtension>
</extensions>
</trkpt>
<trkpt lat="36.7839187" lon="126.984998">
<ele>-1.328</ele>
<time>2024-06-03T12:46:15Z</time>
<extensions>
<gpxtpx:TrackPointExtension>
<gpxtpx:hr>106</gpxtpx:hr>
</gpxtpx:TrackPointExtension>
</extensions>
</trkpt>
<trkpt lat="36.7839086" lon="126.9850178">
<ele>-1.341</ele>
<time>2024-06-03T12:46:16Z</time>
<extensions>
<gpxtpx:TrackPointExtension>
<gpxtpx:hr>106</gpxtpx:hr>
</gpxtpx:TrackPointExtension>
</extensions>
</trkpt>
<trkpt lat="36.7838988" lon="126.9850358">
<ele>-1.271</ele>
<time>2024-06-03T12:46:17Z</time>
<extensions>
<gpxtpx:TrackPointExtension>
<gpxtpx:hr>106</gpxtpx:hr>
</gpxtpx:TrackPointExtension>
</extensions>
</trkpt>
<trkpt lat="36.7838873" lon="126.9850531">
<ele>-1.272</ele>
<time>2024-06-03T12:46:18Z</time>
<extensions>
<gpxtpx:TrackPointExtension>
<gpxtpx:hr>106</gpxtpx:hr>
</gpxtpx:TrackPointExtension>
</extensions>
</trkpt>
<trkpt lat="36.7838752" lon="126.9850678">
<ele>-1.223</ele>
<time>2024-06-03T12:46:19Z</time>
<extensions>
<gpxtpx:TrackPointExtension>
<gpxtpx:hr>106</gpxtpx:hr>
</gpxtpx:TrackPointExtension>
</extensions>
</trkpt>
<trkpt lat="36.783862" lon="126.9850805">
<ele>-1.197</ele>
<time>2024-06-03T12:46:20Z</time>
<extensions>
<gpxtpx:TrackPointExtension>
<gpxtpx:hr>106</gpxtpx:hr>
<gpxtpx:cad>111</gpxtpx:cad>
</gpxtpx:TrackPointExtension>
</extensions>
</trkpt>
<trkpt lat="36.7838498" lon="126.9850921">
<ele>-1.203</ele>
<time>2024-06-03T12:46:21Z</time>
<extensions>
<gpxtpx:TrackPointExtension>
<gpxtpx:hr>106</gpxtpx:hr>
</gpxtpx:TrackPointExtension>
</extensions>
</trkpt>
<trkpt lat="36.7838375" lon="126.9851023">
<ele>-1.235</ele>
<time>2024-06-03T12:46:22Z</time>
<extensions>
<gpxtpx:TrackPointExtension>
<gpxtpx:hr>106</gpxtpx:hr>
</gpxtpx:TrackPointExtension>
</extensions>
</trkpt>
<trkpt lat="36.7838255" lon="126.9851121">
<ele>-1.239</ele>
<time>2024-06-03T12:46:23Z</time>
<extensions>
<gpxtpx:TrackPointExtension>
<gpxtpx:hr>106</gpxtpx:hr>
</gpxtpx:TrackPointExtension>
</extensions>
</trkpt>
<trkpt lat="36.7838138" lon="126.985121">
<ele>-1.216</ele>
<time>2024-06-03T12:46:24Z</time>
<extensions>
<gpxtpx:TrackPointExtension>
<gpxtpx:hr>106</gpxtpx:hr>
</gpxtpx:TrackPointExtension>
</extensions>
</trkpt>
<trkpt lat="36.7838027" lon="126.9851306">
<ele>-1.238</ele>
<time>2024-06-03T12:46:25Z</time>
<extensions>
<gpxtpx:TrackPointExtension>
<gpxtpx:hr>106</gpxtpx:hr>
</gpxtpx:TrackPointExtension>
</extensions>
</trkpt>
<trkpt lat="36.7837925" lon="126.9851415">
<ele>-1.176</ele>
<time>2024-06-03T12:46:26Z</time>
<extensions>
<gpxtpx:TrackPointExtension>
<gpxtpx:hr>105</gpxtpx:hr>
</gpxtpx:TrackPointExtension>
</extensions>
</trkpt>
<trkpt lat="36.783783" lon="126.9851533">
<ele>-1.22</ele>
<time>2024-06-03T12:46:27Z</time>
<extensions>
<gpxtpx:TrackPointExtension>
<gpxtpx:hr>105</gpxtpx:hr>
</gpxtpx:TrackPointExtension>
</extensions>
</trkpt>
<trkpt lat="36.7837755" lon="126.9851686">
<ele>-1.198</ele>
<time>2024-06-03T12:46:28Z</time>
<extensions>
<gpxtpx:TrackPointExtension>
<gpxtpx:hr>105</gpxtpx:hr>
</gpxtpx:TrackPointExtension>
</extensions>
</trkpt>
<trkpt lat="36.7837684" lon="126.9851847">
<ele>-1.226</ele>
<time>2024-06-03T12:46:29Z</time>
<extensions>
<gpxtpx:TrackPointExtension>
<gpxtpx:hr>105</gpxtpx:hr>
</gpxtpx:TrackPointExtension>
</extensions>
</trkpt>
<trkpt lat="36.7837621" lon="126.9852004">
<ele>-1.204</ele>
<time>2024-06-03T12:46:30Z</time>
<extensions>
<gpxtpx:TrackPointExtension>
<gpxtpx:hr>105</gpxtpx:hr>
<gpxtpx:cad>108</gpxtpx:cad>
</gpxtpx:TrackPointExtension>
</extensions>
</trkpt>
<trkpt lat="36.7837565" lon="126.9852168">
<ele>-1.2</ele>
<time>2024-06-03T12:46:31Z</time>
<extensions>
<gpxtpx:TrackPointExtension>
<gpxtpx:hr>105</gpxtpx:hr>
</gpxtpx:TrackPointExtension>
</extensions>
</trkpt>
<trkpt lat="36.7837519" lon="126.9852368">
<ele>-1.129</ele>
<time>2024-06-03T12:46:32Z</time>
<extensions>
<gpxtpx:TrackPointExtension>
<gpxtpx:hr>105</gpxtpx:hr>
</gpxtpx:TrackPointExtension>
</extensions>
</trkpt>
<trkpt lat="36.7837475" lon="126.985257">
<ele>-1.124</ele>
<time>2024-06-03T12:46:33Z</time>
<extensions>
<gpxtpx:TrackPointExtension>
<gpxtpx:hr>105</gpxtpx:hr>
</gpxtpx:TrackPointExtension>
</extensions>
</trkpt>
<trkpt lat="36.783741" lon="126.9852744">
<ele>-1.072</ele>
<time>2024-06-03T12:46:34Z</time>
<extensions>
<gpxtpx:TrackPointExtension>
<gpxtpx:hr>105</gpxtpx:hr>
</gpxtpx:TrackPointExtension>
</extensions>
</trkpt>
<trkpt lat="36.7837342" lon="126.9852893">
<ele>-1.076</ele>
<time>2024-06-03T12:46:35Z</time>
<extensions>
<gpxtpx:TrackPointExtension>
<gpxtpx:hr>105</gpxtpx:hr>
</gpxtpx:TrackPointExtension>
</extensions>
</trkpt>
<trkpt lat="36.783726" lon="126.9853039">
<ele>-1.146</ele>
<time>2024-06-03T12:46:36Z</time>
<extensions>
<gpxtpx:TrackPointExtension>
<gpxtpx:hr>105</gpxtpx:hr>
</gpxtpx:TrackPointExtension>
</extensions>
</trkpt>
<trkpt lat="36.7837183" lon="126.9853206">
<ele>-1.116</ele>
<time>2024-06-03T12:46:37Z</time>
<extensions>
<gpxtpx:TrackPointExtension>
<gpxtpx:hr>105</gpxtpx:hr>
</gpxtpx:TrackPointExtension>
</extensions>
</trkpt>
<trkpt lat="36.7837115" lon="126.9853367">
<ele>-1.118</ele>
<time>2024-06-03T12:46:38Z</time>
<extensions>
<gpxtpx:TrackPointExtension>
<gpxtpx:hr>105</gpxtpx:hr>
</gpxtpx:TrackPointExtension>
</extensions>
</trkpt>
<trkpt lat="36.7837042" lon="126.9853528">
<ele>-1.08</ele>
<time>2024-06-03T12:46:39Z</time>
<extensions>
<gpxtpx:TrackPointExtension>
<gpxtpx:hr>105</gpxtpx:hr>
</gpxtpx:TrackPointExtension>
</extensions>
</trkpt>
<trkpt lat="36.7836991" lon="126.9853705">
<ele>-1.075</ele>
<time>2024-06-03T12:46:40Z</time>
<extensions>
<gpxtpx:TrackPointExtension>
<gpxtpx:hr>105</gpxtpx:hr>
<gpxtpx:cad>107</gpxtpx:cad>
</gpxtpx:TrackPointExtension>
</extensions>
</trkpt>
<trkpt lat="36.7836955" lon="126.9853883">
<ele>-0.95</ele>
<time>2024-06-03T12:46:41Z</time>
<extensions>
<gpxtpx:TrackPointExtension>
<gpxtpx:hr>105</gpxtpx:hr>
</gpxtpx:TrackPointExtension>
</extensions>
</trkpt>
<trkpt lat="36.7836932" lon="126.9854057">
<ele>-0.842</ele>
<time>2024-06-03T12:46:42Z</time>
<extensions>
<gpxtpx:TrackPointExtension>
<gpxtpx:hr>105</gpxtpx:hr>
</gpxtpx:TrackPointExtension>
</extensions>
</trkpt>
<trkpt lat="36.7836919" lon="126.985425">
<ele>-0.769</ele>
<time>2024-06-03T12:46:43Z</time>
<extensions>
<gpxtpx:TrackPointExtension>
<gpxtpx:hr>105</gpxtpx:hr>
</gpxtpx:TrackPointExtension>
</extensions>
</trkpt>
<trkpt lat="36.7836913" lon="126.9854447">
<ele>-0.775</ele>
<time>2024-06-03T12:46:44Z</time>
<extensions>
<gpxtpx:TrackPointExtension>
<gpxtpx:hr>105</gpxtpx:hr>
</gpxtpx:TrackPointExtension>
</extensions>
</trkpt>
<trkpt lat="36.7836934" lon="126.985466">
<ele>-0.774</ele>
<time>2024-06-03T12:46:46Z</time>
<extensions>
<gpxtpx:TrackPointExtension>
<gpxtpx:hr>105</gpxtpx:hr>
</gpxtpx:TrackPointExtension>
</extensions>
</trkpt>
<trkpt lat="36.7836975" lon="126.9854872">
<ele>-0.761</ele>
<time>2024-06-03T12:46:47Z</time>
<extensions>
<gpxtpx:TrackPointExtension>
<gpxtpx:hr>105</gpxtpx:hr>
</gpxtpx:TrackPointExtension>
</extensions>
</trkpt>
<trkpt lat="36.7837026" lon="126.9855086">
<ele>-0.706</ele>
<time>2024-06-03T12:46:48Z</time>
<extensions>
<gpxtpx:TrackPointExtension>
<gpxtpx:hr>106</gpxtpx:hr>
</gpxtpx:TrackPointExtension>
</extensions>
</trkpt>
<trkpt lat="36.7837083" lon="126.9855298">
<ele>-0.664</ele>
<time>2024-06-03T12:46:49Z</time>
<extensions>
<gpxtpx:TrackPointExtension>
<gpxtpx:hr>106</gpxtpx:hr>
</gpxtpx:TrackPointExtension>
</extensions>
</trkpt>
<trkpt lat="36.7837132" lon="126.9855504">
<ele>-0.59</ele>
<time>2024-06-03T12:46:50Z</time>
<extensions>
<gpxtpx:TrackPointExtension>
<gpxtpx:hr>106</gpxtpx:hr>
</gpxtpx:TrackPointExtension>
</extensions>
</trkpt>
<trkpt lat="36.7837182" lon="126.9855706">
<ele>-0.573</ele>
<time>2024-06-03T12:46:51Z</time>
<extensions>
<gpxtpx:TrackPointExtension>
<gpxtpx:hr>106</gpxtpx:hr>
<gpxtpx:cad>106</gpxtpx:cad>
</gpxtpx:TrackPointExtension>
</extensions>
</trkpt>
<trkpt lat="36.7837206" lon="126.9855892">
<ele>-0.562</ele>
<time>2024-06-03T12:46:52Z</time>
<extensions>
<gpxtpx:TrackPointExtension>
<gpxtpx:hr>106</gpxtpx:hr>
</gpxtpx:TrackPointExtension>
</extensions>
</trkpt>
<trkpt lat="36.7837231" lon="126.9856069">
<ele>-0.509</ele>
<time>2024-06-03T12:46:53Z</time>
<extensions>
<gpxtpx:TrackPointExtension>
<gpxtpx:hr>106</gpxtpx:hr>
</gpxtpx:TrackPointExtension>
</extensions>
</trkpt>
<trkpt lat="36.7837267" lon="126.9856269">
<ele>-0.467</ele>
<time>2024-06-03T12:46:54Z</time>
<extensions>
<gpxtpx:TrackPointExtension>
<gpxtpx:hr>106</gpxtpx:hr>
</gpxtpx:TrackPointExtension>
</extensions>
</trkpt>
<trkpt lat="36.7837305" lon="126.9856471">
<ele>-0.437</ele>
<time>2024-06-03T12:46:55Z</time>
<extensions>
<gpxtpx:TrackPointExtension>
<gpxtpx:hr>105</gpxtpx:hr>
</gpxtpx:TrackPointExtension>
</extensions>
</trkpt>
<trkpt lat="36.7837351" lon="126.9856675">
<ele>-0.447</ele>
<time>2024-06-03T12:46:56Z</time>
<extensions>
<gpxtpx:TrackPointExtension>
<gpxtpx:hr>105</gpxtpx:hr>
<gpxtpx:cad>106</gpxtpx:cad>
</gpxtpx:TrackPointExtension>
</extensions>
</trkpt>
<trkpt lat="36.7837406" lon="126.9856859">
<ele>-0.441</ele>
<time>2024-06-03T12:46:57Z</time>
<extensions>
<gpxtpx:TrackPointExtension>
<gpxtpx:hr>105</gpxtpx:hr>
</gpxtpx:TrackPointExtension>
</extensions>
</trkpt>
<trkpt lat="36.783745" lon="126.9857039">
<ele>-0.292</ele>
<time>2024-06-03T12:46:58Z</time>
<extensions>
<gpxtpx:TrackPointExtension>
<gpxtpx:hr>105</gpxtpx:hr>
</gpxtpx:TrackPointExtension>
</extensions>
</trkpt>
<trkpt lat="36.7837482" lon="126.9857221">
<ele>-0.304</ele>
<time>2024-06-03T12:46:59Z</time>
<extensions>
<gpxtpx:TrackPointExtension>
<gpxtpx:hr>105</gpxtpx:hr>
</gpxtpx:TrackPointExtension>
</extensions>
</trkpt>
<trkpt lat="36.7837504" lon="126.9857405">
<ele>-0.321</ele>
<time>2024-06-03T12:47:00Z</time>
<extensions>
<gpxtpx:TrackPointExtension>
<gpxtpx:hr>105</gpxtpx:hr>
</gpxtpx:TrackPointExtension>
</extensions>
</trkpt>
<trkpt lat="36.7837522" lon="126.985758">
<ele>-0.314</ele>
<time>2024-06-03T12:47:01Z</time>
<extensions>
<gpxtpx:TrackPointExtension>
<gpxtpx:hr>105</gpxtpx:hr>
<gpxtpx:cad>107</gpxtpx:cad>
</gpxtpx:TrackPointExtension>
</extensions>
</trkpt>
<trkpt lat="36.7837534" lon="126.9857739">
<ele>-0.328</ele>
<time>2024-06-03T12:47:02Z</time>
<extensions>
<gpxtpx:TrackPointExtension>
<gpxtpx:hr>105</gpxtpx:hr>
</gpxtpx:TrackPointExtension>
</extensions>
</trkpt>
<trkpt lat="36.7837547" lon="126.9857903">
<ele>-0.264</ele>
<time>2024-06-03T12:47:03Z</time>
<extensions>
<gpxtpx:TrackPointExtension>
<gpxtpx:hr>105</gpxtpx:hr>
</gpxtpx:TrackPointExtension>
</extensions>
</trkpt>
<trkpt lat="36.7837559" lon="126.9858259">
<ele>-0.219</ele>
<time>2024-06-03T12:47:04Z</time>
<extensions>
<gpxtpx:TrackPointExtension>
<gpxtpx:hr>106</gpxtpx:hr>
</gpxtpx:TrackPointExtension>
</extensions>
</trkpt>
<trkpt lat="36.7837589" lon="126.9858449">
<ele>-0.063</ele>
<time>2024-06-03T12:47:05Z</time>
<extensions>
<gpxtpx:TrackPointExtension>
<gpxtpx:hr>106</gpxtpx:hr>
</gpxtpx:TrackPointExtension>
</extensions>
</trkpt>
<trkpt lat="36.7837605" lon="126.9858651">
<ele>-0.064</ele>
<time>2024-06-03T12:47:06Z</time>
<extensions>
<gpxtpx:TrackPointExtension>
<gpxtpx:hr>106</gpxtpx:hr>
</gpxtpx:TrackPointExtension>
</extensions>
</trkpt>
<trkpt lat="36.7837624" lon="126.9858851">
<ele>-0.045</ele>
<time>2024-06-03T12:47:07Z</time>
<extensions>
<gpxtpx:TrackPointExtension>
<gpxtpx:hr>106</gpxtpx:hr>
</gpxtpx:TrackPointExtension>
</extensions>
</trkpt>
<trkpt lat="36.7837631" lon="126.9859053">
<ele>-0.016</ele>
<time>2024-06-03T12:47:08Z</time>
<extensions>
<gpxtpx:TrackPointExtension>
<gpxtpx:hr>106</gpxtpx:hr>
</gpxtpx:TrackPointExtension>
</extensions>
</trkpt>
<trkpt lat="36.7837637" lon="126.9859256">
<ele>0.086</ele>
<time>2024-06-03T12:47:09Z</time>
<extensions>
<gpxtpx:TrackPointExtension>
<gpxtpx:hr>106</gpxtpx:hr>
</gpxtpx:TrackPointExtension>
</extensions>
</trkpt>
<trkpt lat="36.7837638" lon="126.9859455">
<ele>0.138</ele>
<time>2024-06-03T12:47:10Z</time>
<extensions>
<gpxtpx:TrackPointExtension>
<gpxtpx:hr>106</gpxtpx:hr>
</gpxtpx:TrackPointExtension>
</extensions>
</trkpt>
<trkpt lat="36.7837635" lon="126.9859643">
<ele>0.127</ele>
<time>2024-06-03T12:47:11Z</time>
<extensions>
<gpxtpx:TrackPointExtension>
<gpxtpx:hr>106</gpxtpx:hr>
<gpxtpx:cad>107</gpxtpx:cad>
</gpxtpx:TrackPointExtension>
</extensions>
</trkpt>
<trkpt lat="36.7837645" lon="126.9859812">
<ele>0.217</ele>
<time>2024-06-03T12:47:12Z</time>
<extensions>
<gpxtpx:TrackPointExtension>
<gpxtpx:hr>106</gpxtpx:hr>
</gpxtpx:TrackPointExtension>
</extensions>
</trkpt>
<trkpt lat="36.7837664" lon="126.985998">
<ele>0.254</ele>
<time>2024-06-03T12:47:13Z</time>
<extensions>
<gpxtpx:TrackPointExtension>
<gpxtpx:hr>106</gpxtpx:hr>
</gpxtpx:TrackPointExtension>
</extensions>
</trkpt>
<trkpt lat="36.7837672" lon="126.9860151">
<ele>0.317</ele>
<time>2024-06-03T12:47:14Z</time>
<extensions>
<gpxtpx:TrackPointExtension>
<gpxtpx:hr>106</gpxtpx:hr>
</gpxtpx:TrackPointExtension>
</extensions>
</trkpt>
<trkpt lat="36.7837669" lon="126.9860323">
<ele>0.413</ele>
<time>2024-06-03T12:47:15Z</time>
<extensions>
<gpxtpx:TrackPointExtension>
<gpxtpx:hr>107</gpxtpx:hr>
</gpxtpx:TrackPointExtension>
</extensions>
</trkpt>
<trkpt lat="36.7837663" lon="126.9860491">
<ele>0.445</ele>
<time>2024-06-03T12:47:16Z</time>
<extensions>
<gpxtpx:TrackPointExtension>
<gpxtpx:hr>107</gpxtpx:hr>
</gpxtpx:TrackPointExtension>
</extensions>
</trkpt>
<trkpt lat="36.7837638" lon="126.986065">
<ele>0.487</ele>
<time>2024-06-03T12:47:17Z</time>
<extensions>
<gpxtpx:TrackPointExtension>
<gpxtpx:hr>107</gpxtpx:hr>
</gpxtpx:TrackPointExtension>
</extensions>
</trkpt>
<trkpt lat="36.7837597" lon="126.9860803">
<ele>0.575</ele>
<time>2024-06-03T12:47:18Z</time>
<extensions>
<gpxtpx:TrackPointExtension>
<gpxtpx:hr>107</gpxtpx:hr>
</gpxtpx:TrackPointExtension>
</extensions>
</trkpt>
<trkpt lat="36.7837555" lon="126.9860956">
<ele>0.709</ele>
<time>2024-06-03T12:47:19Z</time>
<extensions>
<gpxtpx:TrackPointExtension>
<gpxtpx:hr>106</gpxtpx:hr>
</gpxtpx:TrackPointExtension>
</extensions>
</trkpt>
<trkpt lat="36.7837515" lon="126.9861118">
<ele>0.767</ele>
<time>2024-06-03T12:47:20Z</time>
<extensions>
<gpxtpx:TrackPointExtension>
<gpxtpx:hr>107</gpxtpx:hr>
</gpxtpx:TrackPointExtension>
</extensions>
</trkpt>
<trkpt lat="36.7837482" lon="126.98613">
<ele>0.866</ele>
<time>2024-06-03T12:47:21Z</time>
<extensions>
<gpxtpx:TrackPointExtension>
<gpxtpx:hr>107</gpxtpx:hr>
<gpxtpx:cad>105</gpxtpx:cad>
</gpxtpx:TrackPointExtension>
</extensions>
</trkpt>
<trkpt lat="36.7837442" lon="126.9861493">
<ele>0.952</ele>
<time>2024-06-03T12:47:22Z</time>
<extensions>
<gpxtpx:TrackPointExtension>
<gpxtpx:hr>107</gpxtpx:hr>
</gpxtpx:TrackPointExtension>
</extensions>
</trkpt>
<trkpt lat="36.7837394" lon="126.9861699">
<ele>1.039</ele>
<time>2024-06-03T12:47:23Z</time>
<extensions>
<gpxtpx:TrackPointExtension>
<gpxtpx:hr>107</gpxtpx:hr>
</gpxtpx:TrackPointExtension>
</extensions>
</trkpt>
<trkpt lat="36.7837347" lon="126.9861906">
<ele>1.129</ele>
<time>2024-06-03T12:47:24Z</time>
<extensions>
<gpxtpx:TrackPointExtension>
<gpxtpx:hr>106</gpxtpx:hr>
</gpxtpx:TrackPointExtension>
</extensions>
</trkpt>
<trkpt lat="36.7837286" lon="126.9862104">
<ele>1.208</ele>
<time>2024-06-03T12:47:25Z</time>
<extensions>
<gpxtpx:TrackPointExtension>
<gpxtpx:hr>106</gpxtpx:hr>
</gpxtpx:TrackPointExtension>
</extensions>
</trkpt>
<trkpt lat="36.7837225" lon="126.9862296">
<ele>1.293</ele>
<time>2024-06-03T12:47:26Z</time>
<extensions>
<gpxtpx:TrackPointExtension>
<gpxtpx:hr>106</gpxtpx:hr>
</gpxtpx:TrackPointExtension>
</extensions>
</trkpt>
<trkpt lat="36.7837156" lon="126.9862481">
<ele>1.425</ele>
<time>2024-06-03T12:47:27Z</time>
<extensions>
<gpxtpx:TrackPointExtension>
<gpxtpx:hr>106</gpxtpx:hr>
</gpxtpx:TrackPointExtension>
</extensions>
</trkpt>
<trkpt lat="36.7837104" lon="126.9862668">
<ele>1.578</ele>
<time>2024-06-03T12:47:28Z</time>
<extensions>
<gpxtpx:TrackPointExtension>
<gpxtpx:hr>107</gpxtpx:hr>
</gpxtpx:TrackPointExtension>
</extensions>
</trkpt>
<trkpt lat="36.7837057" lon="126.986285">
<ele>1.673</ele>
<time>2024-06-03T12:47:29Z</time>
<extensions>
<gpxtpx:TrackPointExtension>
<gpxtpx:hr>107</gpxtpx:hr>
</gpxtpx:TrackPointExtension>
</extensions>
</trkpt>
<trkpt lat="36.7837028" lon="126.9863041">
<ele>1.795</ele>
<time>2024-06-03T12:47:30Z</time>
<extensions>
<gpxtpx:TrackPointExtension>
<gpxtpx:hr>107</gpxtpx:hr>
</gpxtpx:TrackPointExtension>
</extensions>
</trkpt>
<trkpt lat="36.7837018" lon="126.9863249">
<ele>1.83</ele>
<time>2024-06-03T12:47:31Z</time>
<extensions>
<gpxtpx:TrackPointExtension>
<gpxtpx:hr>107</gpxtpx:hr>
<gpxtpx:cad>113</gpxtpx:cad>
</gpxtpx:TrackPointExtension>
</extensions>
</trkpt>
<trkpt lat="36.783702" lon="126.9863456">
<ele>1.813</ele>
<time>2024-06-03T12:47:32Z</time>
<extensions>
<gpxtpx:TrackPointExtension>
<gpxtpx:hr>107</gpxtpx:hr>
</gpxtpx:TrackPointExtension>
</extensions>
</trkpt>
<trkpt lat="36.7837024" lon="126.9863658">
<ele>1.794</ele>
<time>2024-06-03T12:47:33Z</time>
<extensions>
<gpxtpx:TrackPointExtension>
<gpxtpx:hr>107</gpxtpx:hr>
</gpxtpx:TrackPointExtension>
</extensions>
</trkpt>
<trkpt lat="36.7837034" lon="126.9863849">
<ele>1.844</ele>
<time>2024-06-03T12:47:34Z</time>
<extensions>
<gpxtpx:TrackPointExtension>
<gpxtpx:hr>108</gpxtpx:hr>
</gpxtpx:TrackPointExtension>
</extensions>
</trkpt>
<trkpt lat="36.7837054" lon="126.9864069">
<ele>1.848</ele>
<time>2024-06-03T12:47:35Z</time>
<extensions>
<gpxtpx:TrackPointExtension>
<gpxtpx:hr>108</gpxtpx:hr>
</gpxtpx:TrackPointExtension>
</extensions>
</trkpt>
<trkpt lat="36.7837076" lon="126.9864294">
<ele>1.884</ele>
<time>2024-06-03T12:47:36Z</time>
<extensions>
<gpxtpx:TrackPointExtension>
<gpxtpx:hr>108</gpxtpx:hr>
</gpxtpx:TrackPointExtension>
</extensions>
</trkpt>
<trkpt lat="36.783709" lon="126.9864516">
<ele>1.9</ele>
<time>2024-06-03T12:47:37Z</time>
<extensions>
<gpxtpx:TrackPointExtension>
<gpxtpx:hr>108</gpxtpx:hr>
</gpxtpx:TrackPointExtension>
</extensions>
</trkpt>
<trkpt lat="36.7837104" lon="126.986474">
<ele>1.959</ele>
<time>2024-06-03T12:47:38Z</time>
<extensions>
<gpxtpx:TrackPointExtension>
<gpxtpx:hr>109</gpxtpx:hr>
</gpxtpx:TrackPointExtension>
</extensions>
</trkpt>
<trkpt lat="36.7837105" lon="126.9864956">
<ele>1.969</ele>
<time>2024-06-03T12:47:39Z</time>
<extensions>
<gpxtpx:TrackPointExtension>
<gpxtpx:hr>109</gpxtpx:hr>
</gpxtpx:TrackPointExtension>
</extensions>
</trkpt>
<trkpt lat="36.7837101" lon="126.9865159">
<ele>1.905</ele>
<time>2024-06-03T12:47:40Z</time>
<extensions>
<gpxtpx:TrackPointExtension>
<gpxtpx:hr>109</gpxtpx:hr>
</gpxtpx:TrackPointExtension>
</extensions>
</trkpt>
<trkpt lat="36.7837102" lon="126.9865362">
<ele>1.861</ele>
<time>2024-06-03T12:47:41Z</time>
<extensions>
<gpxtpx:TrackPointExtension>
<gpxtpx:hr>109</gpxtpx:hr>
<gpxtpx:cad>108</gpxtpx:cad>
</gpxtpx:TrackPointExtension>
</extensions>
</trkpt>
<trkpt lat="36.7837097" lon="126.986554">
<ele>1.948</ele>
<time>2024-06-03T12:47:42Z</time>
<extensions>
<gpxtpx:TrackPointExtension>
<gpxtpx:hr>109</gpxtpx:hr>
</gpxtpx:TrackPointExtension>
</extensions>
</trkpt>
<trkpt lat="36.7837087" lon="126.9865698">
<ele>1.919</ele>
<time>2024-06-03T12:47:43Z</time>
<extensions>
<gpxtpx:TrackPointExtension>
<gpxtpx:hr>109</gpxtpx:hr>
</gpxtpx:TrackPointExtension>
</extensions>
</trkpt>
<trkpt lat="36.783707" lon="126.9865848">
<ele>1.912</ele>
<time>2024-06-03T12:47:44Z</time>
<extensions>
<gpxtpx:TrackPointExtension>
<gpxtpx:hr>109</gpxtpx:hr>
</gpxtpx:TrackPointExtension>
</extensions>
</trkpt>
<trkpt lat="36.7837047" lon="126.9866018">
<ele>1.826</ele>
<time>2024-06-03T12:47:45Z</time>
<extensions>
<gpxtpx:TrackPointExtension>
<gpxtpx:hr>109</gpxtpx:hr>
</gpxtpx:TrackPointExtension>
</extensions>
</trkpt>
<trkpt lat="36.783702" lon="126.9866196">
<ele>1.72</ele>
<time>2024-06-03T12:47:46Z</time>
<extensions>
<gpxtpx:TrackPointExtension>
<gpxtpx:hr>109</gpxtpx:hr>
</gpxtpx:TrackPointExtension>
</extensions>
</trkpt>
<trkpt lat="36.7836993" lon="126.9866363">
<ele>1.624</ele>
<time>2024-06-03T12:47:47Z</time>
<extensions>
<gpxtpx:TrackPointExtension>
<gpxtpx:hr>109</gpxtpx:hr>
</gpxtpx:TrackPointExtension>
</extensions>
</trkpt>
<trkpt lat="36.7836956" lon="126.9866519">
<ele>1.537</ele>
<time>2024-06-03T12:47:48Z</time>
<extensions>
<gpxtpx:TrackPointExtension>
<gpxtpx:hr>109</gpxtpx:hr>
</gpxtpx:TrackPointExtension>
</extensions>
</trkpt>
<trkpt lat="36.7836897" lon="126.9866671">
<ele>1.363</ele>
<time>2024-06-03T12:47:49Z</time>
<extensions>
<gpxtpx:TrackPointExtension>
<gpxtpx:hr>110</gpxtpx:hr>
</gpxtpx:TrackPointExtension>
</extensions>
</trkpt>
<trkpt lat="36.7836824" lon="126.9866814">
<ele>1.214</ele>
<time>2024-06-03T12:47:50Z</time>
<extensions>
<gpxtpx:TrackPointExtension>
<gpxtpx:hr>110</gpxtpx:hr>
</gpxtpx:TrackPointExtension>
</extensions>
</trkpt>
<trkpt lat="36.7836739" lon="126.9866942">
<ele>1.115</ele>
<time>2024-06-03T12:47:51Z</time>
<extensions>
<gpxtpx:TrackPointExtension>
<gpxtpx:hr>110</gpxtpx:hr>
<gpxtpx:cad>109</gpxtpx:cad>
</gpxtpx:TrackPointExtension>
</extensions>
</trkpt>
<trkpt lat="36.7836652" lon="126.9867086">
<ele>0.98</ele>
<time>2024-06-03T12:47:52Z</time>
<extensions>
<gpxtpx:TrackPointExtension>
<gpxtpx:hr>110</gpxtpx:hr>
</gpxtpx:TrackPointExtension>
</extensions>
</trkpt>
<trkpt lat="36.7836568" lon="126.9867245">
<ele>0.936</ele>
<time>2024-06-03T12:47:53Z</time>
<extensions>
<gpxtpx:TrackPointExtension>
<gpxtpx:hr>111</gpxtpx:hr>
</gpxtpx:TrackPointExtension>
</extensions>
</trkpt>
<trkpt lat="36.7836486" lon="126.9867411">
<ele>0.716</ele>
<time>2024-06-03T12:47:54Z</time>
<extensions>
<gpxtpx:TrackPointExtension>
<gpxtpx:hr>111</gpxtpx:hr>
<gpxtpx:cad>110</gpxtpx:cad>
</gpxtpx:TrackPointExtension>
</extensions>
</trkpt>
<trkpt lat="36.7836408" lon="126.9867569">
<ele>0.643</ele>
<time>2024-06-03T12:47:55Z</time>
<extensions>
<gpxtpx:TrackPointExtension>
<gpxtpx:hr>111</gpxtpx:hr>
</gpxtpx:TrackPointExtension>
</extensions>
</trkpt>
<trkpt lat="36.7836335" lon="126.9867724">
<ele>0.565</ele>
<time>2024-06-03T12:47:56Z</time>
<extensions>
<gpxtpx:TrackPointExtension>
<gpxtpx:hr>111</gpxtpx:hr>
</gpxtpx:TrackPointExtension>
</extensions>
</trkpt>
<trkpt lat="36.7836275" lon="126.9867874">
<ele>0.515</ele>
<time>2024-06-03T12:47:57Z</time>
<extensions>
<gpxtpx:TrackPointExtension>
<gpxtpx:hr>111</gpxtpx:hr>
</gpxtpx:TrackPointExtension>
</extensions>
</trkpt>
<trkpt lat="36.7836216" lon="126.9868019">
<ele>0.451</ele>
<time>2024-06-03T12:47:58Z</time>
<extensions>
<gpxtpx:TrackPointExtension>
<gpxtpx:hr>111</gpxtpx:hr>
</gpxtpx:TrackPointExtension>
</extensions>
</trkpt>
<trkpt lat="36.7836181" lon="126.9868164">
<ele>0.418</ele>
<time>2024-06-03T12:47:59Z</time>
<extensions>
<gpxtpx:TrackPointExtension>
<gpxtpx:hr>111</gpxtpx:hr>
</gpxtpx:TrackPointExtension>
</extensions>
</trkpt>
<trkpt lat="36.7836139" lon="126.9868295">
<ele>0.298</ele>
<time>2024-06-03T12:48:00Z</time>
<extensions>
<gpxtpx:TrackPointExtension>
<gpxtpx:hr>111</gpxtpx:hr>
<gpxtpx:cad>111</gpxtpx:cad>
</gpxtpx:TrackPointExtension>
</extensions>
</trkpt>
<trkpt lat="36.7836104" lon="126.9868432">
<ele>0.187</ele>
<time>2024-06-03T12:48:01Z</time>
<extensions>
<gpxtpx:TrackPointExtension>
<gpxtpx:hr>111</gpxtpx:hr>
</gpxtpx:TrackPointExtension>
</extensions>
</trkpt>
<trkpt lat="36.783608" lon="126.9868572">
<ele>0.135</ele>
<time>2024-06-03T12:48:02Z</time>
<extensions>
<gpxtpx:TrackPointExtension>
<gpxtpx:hr>111</gpxtpx:hr>
</gpxtpx:TrackPointExtension>
</extensions>
</trkpt>
<trkpt lat="36.7836069" lon="126.9868701">
<ele>0.066</ele>
<time>2024-06-03T12:48:03Z</time>
<extensions>
<gpxtpx:TrackPointExtension>
<gpxtpx:hr>111</gpxtpx:hr>
</gpxtpx:TrackPointExtension>
</extensions>
</trkpt>
<trkpt lat="36.7836064" lon="126.9868835">
<ele>0.028</ele>
<time>2024-06-03T12:48:04Z</time>
<extensions>
<gpxtpx:TrackPointExtension>
<gpxtpx:hr>111</gpxtpx:hr>
</gpxtpx:TrackPointExtension>
</extensions>
</trkpt>
<trkpt lat="36.7836068" lon="126.9868969">
<ele>0.014</ele>
<time>2024-06-03T12:48:05Z</time>
<extensions>
<gpxtpx:TrackPointExtension>
<gpxtpx:hr>111</gpxtpx:hr>
</gpxtpx:TrackPointExtension>
</extensions>
</trkpt>
<trkpt lat="36.7836066" lon="126.9869103">
<ele>-0.05</ele>
<time>2024-06-03T12:48:06Z</time>
<extensions>
<gpxtpx:TrackPointExtension>
<gpxtpx:hr>110</gpxtpx:hr>
</gpxtpx:TrackPointExtension>
</extensions>
</trkpt>
<trkpt lat="36.7836086" lon="126.9869259">
<ele>-0.068</ele>
<time>2024-06-03T12:48:07Z</time>
<extensions>
<gpxtpx:TrackPointExtension>
<gpxtpx:hr>110</gpxtpx:hr>
</gpxtpx:TrackPointExtension>
</extensions>
</trkpt>
<trkpt lat="36.783612" lon="126.9869434">
<ele>-0.125</ele>
<time>2024-06-03T12:48:08Z</time>
<extensions>
<gpxtpx:TrackPointExtension>
<gpxtpx:hr>110</gpxtpx:hr>
</gpxtpx:TrackPointExtension>
</extensions>
</trkpt>
<trkpt lat="36.7836161" lon="126.9869627">
<ele>-0.073</ele>
<time>2024-06-03T12:48:09Z</time>
<extensions>
<gpxtpx:TrackPointExtension>
<gpxtpx:hr>109</gpxtpx:hr>
</gpxtpx:TrackPointExtension>
</extensions>
</trkpt>
<trkpt lat="36.7836205" lon="126.9869821">
<ele>-0.063</ele>
<time>2024-06-03T12:48:10Z</time>
<extensions>
<gpxtpx:TrackPointExtension>
<gpxtpx:hr>109</gpxtpx:hr>
<gpxtpx:cad>110</gpxtpx:cad>
</gpxtpx:TrackPointExtension>
</extensions>
</trkpt>
<trkpt lat="36.7836255" lon="126.9870021">
<ele>-0.025</ele>
<time>2024-06-03T12:48:11Z</time>
<extensions>
<gpxtpx:TrackPointExtension>
<gpxtpx:hr>108</gpxtpx:hr>
</gpxtpx:TrackPointExtension>
</extensions>
</trkpt>
<trkpt lat="36.7836313" lon="126.9870213">
<ele>-0.062</ele>
<time>2024-06-03T12:48:12Z</time>
<extensions>
<gpxtpx:TrackPointExtension>
<gpxtpx:hr>108</gpxtpx:hr>
</gpxtpx:TrackPointExtension>
</extensions>
</trkpt>
<trkpt lat="36.7836374" lon="126.9870397">
<ele>-0.11</ele>
<time>2024-06-03T12:48:13Z</time>
<extensions>
<gpxtpx:TrackPointExtension>
<gpxtpx:hr>108</gpxtpx:hr>
</gpxtpx:TrackPointExtension>
</extensions>
</trkpt>
<trkpt lat="36.7836445" lon="126.9870562">
<ele>-0.103</ele>
<time>2024-06-03T12:48:14Z</time>
<extensions>
<gpxtpx:TrackPointExtension>
<gpxtpx:hr>108</gpxtpx:hr>
</gpxtpx:TrackPointExtension>
</extensions>
</trkpt>
<trkpt lat="36.7836524" lon="126.9870728">
<ele>-0.063</ele>
<time>2024-06-03T12:48:15Z</time>
<extensions>
<gpxtpx:TrackPointExtension>
<gpxtpx:hr>107</gpxtpx:hr>
</gpxtpx:TrackPointExtension>
</extensions>
</trkpt>
<trkpt lat="36.7836609" lon="126.9870906">
<ele>-0.078</ele>
<time>2024-06-03T12:48:16Z</time>
<extensions>
<gpxtpx:TrackPointExtension>
<gpxtpx:hr>107</gpxtpx:hr>
</gpxtpx:TrackPointExtension>
</extensions>
</trkpt>
<trkpt lat="36.7836673" lon="126.9871076">
<ele>-0.082</ele>
<time>2024-06-03T12:48:17Z</time>
<extensions>
<gpxtpx:TrackPointExtension>
<gpxtpx:hr>107</gpxtpx:hr>
</gpxtpx:TrackPointExtension>
</extensions>
</trkpt>
<trkpt lat="36.7836703" lon="126.987124">
<ele>-0.109</ele>
<time>2024-06-03T12:48:18Z</time>
<extensions>
<gpxtpx:TrackPointExtension>
<gpxtpx:hr>107</gpxtpx:hr>
</gpxtpx:TrackPointExtension>
</extensions>
</trkpt>
<trkpt lat="36.7836709" lon="126.9871386">
<ele>-0.061</ele>
<time>2024-06-03T12:48:19Z</time>
<extensions>
<gpxtpx:TrackPointExtension>
<gpxtpx:hr>107</gpxtpx:hr>
</gpxtpx:TrackPointExtension>
</extensions>
</trkpt>
<trkpt lat="36.7836681" lon="126.9871517">
<ele>-0.037</ele>
<time>2024-06-03T12:48:20Z</time>
<extensions>
<gpxtpx:TrackPointExtension>
<gpxtpx:hr>106</gpxtpx:hr>
<gpxtpx:cad>108</gpxtpx:cad>
</gpxtpx:TrackPointExtension>
</extensions>
</trkpt>
<trkpt lat="36.7836633" lon="126.9871625">
<ele>0.001</ele>
<time>2024-06-03T12:48:21Z</time>
<extensions>
<gpxtpx:TrackPointExtension>
<gpxtpx:hr>106</gpxtpx:hr>
</gpxtpx:TrackPointExtension>
</extensions>
</trkpt>
<trkpt lat="36.7836571" lon="126.9871732">
<ele>0.047</ele>
<time>2024-06-03T12:48:22Z</time>
<extensions>
<gpxtpx:TrackPointExtension>
<gpxtpx:hr>106</gpxtpx:hr>
</gpxtpx:TrackPointExtension>
</extensions>
</trkpt>
<trkpt lat="36.7836519" lon="126.9871844">
<ele>0.052</ele>
<time>2024-06-03T12:48:23Z</time>
<extensions>
<gpxtpx:TrackPointExtension>
<gpxtpx:hr>106</gpxtpx:hr>
</gpxtpx:TrackPointExtension>
</extensions>
</trkpt>
<trkpt lat="36.7836471" lon="126.9871963">
<ele>-0.015</ele>
<time>2024-06-03T12:48:24Z</time>
<extensions>
<gpxtpx:TrackPointExtension>
<gpxtpx:hr>106</gpxtpx:hr>
</gpxtpx:TrackPointExtension>
</extensions>
</trkpt>
<trkpt lat="36.7836406" lon="126.9872091">
<ele>-0.021</ele>
<time>2024-06-03T12:48:25Z</time>
<extensions>
<gpxtpx:TrackPointExtension>
<gpxtpx:hr>106</gpxtpx:hr>
</gpxtpx:TrackPointExtension>
</extensions>
</trkpt>
<trkpt lat="36.7836337" lon="126.9872205">
<ele>0.005</ele>
<time>2024-06-03T12:48:26Z</time>
<extensions>
<gpxtpx:TrackPointExtension>
<gpxtpx:hr>105</gpxtpx:hr>
</gpxtpx:TrackPointExtension>
</extensions>
</trkpt>
<trkpt lat="36.7836265" lon="126.9872323">
<ele>0.0</ele>
<time>2024-06-03T12:48:27Z</time>
<extensions>
<gpxtpx:TrackPointExtension>
<gpxtpx:hr>105</gpxtpx:hr>
</gpxtpx:TrackPointExtension>
</extensions>
</trkpt>
<trkpt lat="36.7836185" lon="126.9872438">
<ele>-0.013</ele>
<time>2024-06-03T12:48:28Z</time>
<extensions>
<gpxtpx:TrackPointExtension>
<gpxtpx:hr>105</gpxtpx:hr>
</gpxtpx:TrackPointExtension>
</extensions>
</trkpt>
<trkpt lat="36.783609" lon="126.9872567">
<ele>-0.015</ele>
<time>2024-06-03T12:48:29Z</time>
<extensions>
<gpxtpx:TrackPointExtension>
<gpxtpx:hr>105</gpxtpx:hr>
</gpxtpx:TrackPointExtension>
</extensions>
</trkpt>
<trkpt lat="36.7835993" lon="126.9872709">
<ele>-0.004</ele>
<time>2024-06-03T12:48:30Z</time>
<extensions>
<gpxtpx:TrackPointExtension>
<gpxtpx:hr>105</gpxtpx:hr>
<gpxtpx:cad>108</gpxtpx:cad>
</gpxtpx:TrackPointExtension>
</extensions>
</trkpt>
<trkpt lat="36.7835914" lon="126.987286">
<ele>0.032</ele>
<time>2024-06-03T12:48:31Z</time>
<extensions>
<gpxtpx:TrackPointExtension>
<gpxtpx:hr>104</gpxtpx:hr>
</gpxtpx:TrackPointExtension>
</extensions>
</trkpt>
<trkpt lat="36.7835847" lon="126.9873028">
<ele>0.062</ele>
<time>2024-06-03T12:48:32Z</time>
<extensions>
<gpxtpx:TrackPointExtension>
<gpxtpx:hr>104</gpxtpx:hr>
</gpxtpx:TrackPointExtension>
</extensions>
</trkpt>
<trkpt lat="36.7835778" lon="126.9873199">
<ele>0.118</ele>
<time>2024-06-03T12:48:33Z</time>
<extensions>
<gpxtpx:TrackPointExtension>
<gpxtpx:hr>104</gpxtpx:hr>
</gpxtpx:TrackPointExtension>
</extensions>
</trkpt>
<trkpt lat="36.7835733" lon="126.9873365">
<ele>0.147</ele>
<time>2024-06-03T12:48:34Z</time>
<extensions>
<gpxtpx:TrackPointExtension>
<gpxtpx:hr>104</gpxtpx:hr>
</gpxtpx:TrackPointExtension>
</extensions>
</trkpt>
<trkpt lat="36.7835715" lon="126.9873541">
<ele>0.144</ele>
<time>2024-06-03T12:48:35Z</time>
<extensions>
<gpxtpx:TrackPointExtension>
<gpxtpx:hr>104</gpxtpx:hr>
</gpxtpx:TrackPointExtension>
</extensions>
</trkpt>
<trkpt lat="36.7835711" lon="126.9873699">
<ele>0.161</ele>
<time>2024-06-03T12:48:36Z</time>
<extensions>
<gpxtpx:TrackPointExtension>
<gpxtpx:hr>104</gpxtpx:hr>
</gpxtpx:TrackPointExtension>
</extensions>
</trkpt>
<trkpt lat="36.7835717" lon="126.9873852">
<ele>0.21</ele>
<time>2024-06-03T12:48:37Z</time>
<extensions>
<gpxtpx:TrackPointExtension>
<gpxtpx:hr>103</gpxtpx:hr>
</gpxtpx:TrackPointExtension>
</extensions>
</trkpt>
<trkpt lat="36.7835721" lon="126.9874002">
<ele>0.209</ele>
<time>2024-06-03T12:48:38Z</time>
<extensions>
<gpxtpx:TrackPointExtension>
<gpxtpx:hr>103</gpxtpx:hr>
</gpxtpx:TrackPointExtension>
</extensions>
</trkpt>
<trkpt lat="36.7835724" lon="126.9874154">
<ele>0.281</ele>
<time>2024-06-03T12:48:39Z</time>
<extensions>
<gpxtpx:TrackPointExtension>
<gpxtpx:hr>103</gpxtpx:hr>
</gpxtpx:TrackPointExtension>
</extensions>
</trkpt>
<trkpt lat="36.7835708" lon="126.9874288">
<ele>0.304</ele>
<time>2024-06-03T12:48:40Z</time>
<extensions>
<gpxtpx:TrackPointExtension>
<gpxtpx:hr>103</gpxtpx:hr>
<gpxtpx:cad>107</gpxtpx:cad>
</gpxtpx:TrackPointExtension>
</extensions>
</trkpt>
<trkpt lat="36.7835681" lon="126.9874418">
<ele>0.304</ele>
<time>2024-06-03T12:48:41Z</time>
<extensions>
<gpxtpx:TrackPointExtension>
<gpxtpx:hr>103</gpxtpx:hr>
</gpxtpx:TrackPointExtension>
</extensions>
</trkpt>
<trkpt lat="36.7835649" lon="126.9874556">
<ele>0.298</ele>
<time>2024-06-03T12:48:42Z</time>
<extensions>
<gpxtpx:TrackPointExtension>
<gpxtpx:hr>103</gpxtpx:hr>
</gpxtpx:TrackPointExtension>
</extensions>
</trkpt>
<trkpt lat="36.7835597" lon="126.9874692">
<ele>0.324</ele>
<time>2024-06-03T12:48:43Z</time>
<extensions>
<gpxtpx:TrackPointExtension>
<gpxtpx:hr>102</gpxtpx:hr>
</gpxtpx:TrackPointExtension>
</extensions>
</trkpt>
<trkpt lat="36.7835537" lon="126.987482">
<ele>0.337</ele>
<time>2024-06-03T12:48:44Z</time>
<extensions>
<gpxtpx:TrackPointExtension>
<gpxtpx:hr>102</gpxtpx:hr>
</gpxtpx:TrackPointExtension>
</extensions>
</trkpt>
<trkpt lat="36.7835476" lon="126.9874936">
<ele>0.306</ele>
<time>2024-06-03T12:48:45Z</time>
<extensions>
<gpxtpx:TrackPointExtension>
<gpxtpx:hr>102</gpxtpx:hr>
</gpxtpx:TrackPointExtension>
</extensions>
</trkpt>
<trkpt lat="36.7835405" lon="126.9875051">
<ele>0.321</ele>
<time>2024-06-03T12:48:46Z</time>
<extensions>
<gpxtpx:TrackPointExtension>
<gpxtpx:hr>102</gpxtpx:hr>
</gpxtpx:TrackPointExtension>
</extensions>
</trkpt>
<trkpt lat="36.7835352" lon="126.9875189">
<ele>0.317</ele>
<time>2024-06-03T12:48:48Z</time>
<extensions>
<gpxtpx:TrackPointExtension>
<gpxtpx:hr>102</gpxtpx:hr>
</gpxtpx:TrackPointExtension>
</extensions>
</trkpt>
<trkpt lat="36.7835316" lon="126.987534">
<ele>0.299</ele>
<time>2024-06-03T12:48:49Z</time>
<extensions>
<gpxtpx:TrackPointExtension>
<gpxtpx:hr>102</gpxtpx:hr>
</gpxtpx:TrackPointExtension>
</extensions>
</trkpt>
<trkpt lat="36.7835303" lon="126.9875508">
<ele>0.369</ele>
<time>2024-06-03T12:48:50Z</time>
<extensions>
<gpxtpx:TrackPointExtension>
<gpxtpx:hr>102</gpxtpx:hr>
</gpxtpx:TrackPointExtension>
</extensions>
</trkpt>
<trkpt lat="36.7835307" lon="126.9875692">
<ele>0.398</ele>
<time>2024-06-03T12:48:51Z</time>
<extensions>
<gpxtpx:TrackPointExtension>
<gpxtpx:hr>102</gpxtpx:hr>
<gpxtpx:cad>107</gpxtpx:cad>
</gpxtpx:TrackPointExtension>
</extensions>
</trkpt>
<trkpt lat="36.7835341" lon="126.9875883">
<ele>0.419</ele>
<time>2024-06-03T12:48:52Z</time>
<extensions>
<gpxtpx:TrackPointExtension>
<gpxtpx:hr>102</gpxtpx:hr>
</gpxtpx:TrackPointExtension>
</extensions>
</trkpt>
<trkpt lat="36.7835378" lon="126.9876092">
<ele>0.441</ele>
<time>2024-06-03T12:48:53Z</time>
<extensions>
<gpxtpx:TrackPointExtension>
<gpxtpx:hr>103</gpxtpx:hr>
</gpxtpx:TrackPointExtension>
</extensions>
</trkpt>
<trkpt lat="36.7835421" lon="126.9876302">
<ele>0.426</ele>
<time>2024-06-03T12:48:54Z</time>
<extensions>
<gpxtpx:TrackPointExtension>
<gpxtpx:hr>103</gpxtpx:hr>
</gpxtpx:TrackPointExtension>
</extensions>
</trkpt>
<trkpt lat="36.7835463" lon="126.9876509">
<ele>0.465</ele>
<time>2024-06-03T12:48:55Z</time>
<extensions>
<gpxtpx:TrackPointExtension>
<gpxtpx:hr>103</gpxtpx:hr>
</gpxtpx:TrackPointExtension>
</extensions>
</trkpt>
<trkpt lat="36.7835484" lon="126.9876692">
<ele>0.485</ele>
<time>2024-06-03T12:48:56Z</time>
<extensions>
<gpxtpx:TrackPointExtension>
<gpxtpx:hr>103</gpxtpx:hr>
</gpxtpx:TrackPointExtension>
</extensions>
</trkpt>
<trkpt lat="36.7835483" lon="126.9876869">
<ele>0.507</ele>
<time>2024-06-03T12:48:57Z</time>
<extensions>
<gpxtpx:TrackPointExtension>
<gpxtpx:hr>103</gpxtpx:hr>
</gpxtpx:TrackPointExtension>
</extensions>
</trkpt>
<trkpt lat="36.7835464" lon="126.9877027">
<ele>0.524</ele>
<time>2024-06-03T12:48:58Z</time>
<extensions>
<gpxtpx:TrackPointExtension>
<gpxtpx:hr>103</gpxtpx:hr>
</gpxtpx:TrackPointExtension>
</extensions>
</trkpt>
<trkpt lat="36.7835433" lon="126.9877187">
<ele>0.466</ele>
<time>2024-06-03T12:48:59Z</time>
<extensions>
<gpxtpx:TrackPointExtension>
<gpxtpx:hr>103</gpxtpx:hr>
</gpxtpx:TrackPointExtension>
</extensions>
</trkpt>
<trkpt lat="36.7835397" lon="126.9877352">
<ele>0.515</ele>
<time>2024-06-03T12:49:00Z</time>
<extensions>
<gpxtpx:TrackPointExtension>
<gpxtpx:hr>103</gpxtpx:hr>
</gpxtpx:TrackPointExtension>
</extensions>
</trkpt>
<trkpt lat="36.7835354" lon="126.9877509">
<ele>0.536</ele>
<time>2024-06-03T12:49:01Z</time>
<extensions>
<gpxtpx:TrackPointExtension>
<gpxtpx:hr>104</gpxtpx:hr>
<gpxtpx:cad>107</gpxtpx:cad>
</gpxtpx:TrackPointExtension>
</extensions>
</trkpt>
<trkpt lat="36.7835302" lon="126.9877647">
<ele>0.52</ele>
<time>2024-06-03T12:49:02Z</time>
<extensions>
<gpxtpx:TrackPointExtension>
<gpxtpx:hr>104</gpxtpx:hr>
</gpxtpx:TrackPointExtension>
</extensions>
</trkpt>
<trkpt lat="36.7835238" lon="126.9877772">
<ele>0.528</ele>
<time>2024-06-03T12:49:03Z</time>
<extensions>
<gpxtpx:TrackPointExtension>
<gpxtpx:hr>104</gpxtpx:hr>
<gpxtpx:cad>108</gpxtpx:cad>
</gpxtpx:TrackPointExtension>
</extensions>
</trkpt>
<trkpt lat="36.7835167" lon="126.9877893">
<ele>0.51</ele>
<time>2024-06-03T12:49:04Z</time>
<extensions>
<gpxtpx:TrackPointExtension>
<gpxtpx:hr>104</gpxtpx:hr>
</gpxtpx:TrackPointExtension>
</extensions>
</trkpt>
<trkpt lat="36.7835099" lon="126.9878019">
<ele>0.514</ele>
<time>2024-06-03T12:49:05Z</time>
<extensions>
<gpxtpx:TrackPointExtension>
<gpxtpx:hr>104</gpxtpx:hr>
</gpxtpx:TrackPointExtension>
</extensions>
</trkpt>
<trkpt lat="36.7834976" lon="126.9878302">
<ele>0.561</ele>
<time>2024-06-03T12:49:06Z</time>
<extensions>
<gpxtpx:TrackPointExtension>
<gpxtpx:hr>104</gpxtpx:hr>
</gpxtpx:TrackPointExtension>
</extensions>
</trkpt>
<trkpt lat="36.7834901" lon="126.9878459">
<ele>0.533</ele>
<time>2024-06-03T12:49:07Z</time>
<extensions>
<gpxtpx:TrackPointExtension>
<gpxtpx:hr>104</gpxtpx:hr>
</gpxtpx:TrackPointExtension>
</extensions>
</trkpt>
<trkpt lat="36.7834828" lon="126.9878623">
<ele>0.515</ele>
<time>2024-06-03T12:49:08Z</time>
<extensions>
<gpxtpx:TrackPointExtension>
<gpxtpx:hr>103</gpxtpx:hr>
</gpxtpx:TrackPointExtension>
</extensions>
</trkpt>
<trkpt lat="36.7834772" lon="126.9878801">
<ele>0.51</ele>
<time>2024-06-03T12:49:09Z</time>
<extensions>
<gpxtpx:TrackPointExtension>
<gpxtpx:hr>103</gpxtpx:hr>
</gpxtpx:TrackPointExtension>
</extensions>
</trkpt>
<trkpt lat="36.7834736" lon="126.9878985">
<ele>0.52</ele>
<time>2024-06-03T12:49:10Z</time>
<extensions>
<gpxtpx:TrackPointExtension>
<gpxtpx:hr>104</gpxtpx:hr>
</gpxtpx:TrackPointExtension>
</extensions>
</trkpt>
<trkpt lat="36.783471" lon="126.9879168">
<ele>0.532</ele>
<time>2024-06-03T12:49:11Z</time>
<extensions>
<gpxtpx:TrackPointExtension>
<gpxtpx:hr>104</gpxtpx:hr>
<gpxtpx:cad>109</gpxtpx:cad>
</gpxtpx:TrackPointExtension>
</extensions>
</trkpt>
<trkpt lat="36.7834698" lon="126.9879348">
<ele>0.571</ele>
<time>2024-06-03T12:49:12Z</time>
<extensions>
<gpxtpx:TrackPointExtension>
<gpxtpx:hr>104</gpxtpx:hr>
</gpxtpx:TrackPointExtension>
</extensions>
</trkpt>
<trkpt lat="36.7834682" lon="126.9879519">
<ele>0.563</ele>
<time>2024-06-03T12:49:13Z</time>
<extensions>
<gpxtpx:TrackPointExtension>
<gpxtpx:hr>104</gpxtpx:hr>
</gpxtpx:TrackPointExtension>
</extensions>
</trkpt>
<trkpt lat="36.7834659" lon="126.9879693">
<ele>0.547</ele>
<time>2024-06-03T12:49:14Z</time>
<extensions>
<gpxtpx:TrackPointExtension>
<gpxtpx:hr>104</gpxtpx:hr>
</gpxtpx:TrackPointExtension>
</extensions>
</trkpt>
<trkpt lat="36.7834628" lon="126.9879859">
<ele>0.603</ele>
<time>2024-06-03T12:49:15Z</time>
<extensions>
<gpxtpx:TrackPointExtension>
<gpxtpx:hr>104</gpxtpx:hr>
</gpxtpx:TrackPointExtension>
</extensions>
</trkpt>
<trkpt lat="36.78346" lon="126.9880031">
<ele>0.63</ele>
<time>2024-06-03T12:49:16Z</time>
<extensions>
<gpxtpx:TrackPointExtension>
<gpxtpx:hr>104</gpxtpx:hr>
</gpxtpx:TrackPointExtension>
</extensions>
</trkpt>
<trkpt lat="36.7834569" lon="126.9880208">
<ele>1.007</ele>
<time>2024-06-03T12:49:17Z</time>
<extensions>
<gpxtpx:TrackPointExtension>
<gpxtpx:hr>104</gpxtpx:hr>
</gpxtpx:TrackPointExtension>
</extensions>
</trkpt>
<trkpt lat="36.7834553" lon="126.9880406">
<ele>1.274</ele>
<time>2024-06-03T12:49:18Z</time>
<extensions>
<gpxtpx:TrackPointExtension>
<gpxtpx:hr>104</gpxtpx:hr>
</gpxtpx:TrackPointExtension>
</extensions>
</trkpt>
<trkpt lat="36.7834528" lon="126.9880599">
<ele>0.94</ele>
<time>2024-06-03T12:49:19Z</time>
<extensions>
<gpxtpx:TrackPointExtension>
<gpxtpx:hr>104</gpxtpx:hr>
</gpxtpx:TrackPointExtension>
</extensions>
</trkpt>
<trkpt lat="36.7834507" lon="126.9880821">
<ele>0.793</ele>
<time>2024-06-03T12:49:20Z</time>
<extensions>
<gpxtpx:TrackPointExtension>
<gpxtpx:hr>104</gpxtpx:hr>
</gpxtpx:TrackPointExtension>
</extensions>
</trkpt>
<trkpt lat="36.7834495" lon="126.988103">
<ele>0.744</ele>
<time>2024-06-03T12:49:21Z</time>
<extensions>
<gpxtpx:TrackPointExtension>
<gpxtpx:hr>105</gpxtpx:hr>
<gpxtpx:cad>111</gpxtpx:cad>
</gpxtpx:TrackPointExtension>
</extensions>
</trkpt>
<trkpt lat="36.7834513" lon="126.9881244">
<ele>0.72</ele>
<time>2024-06-03T12:49:22Z</time>
<extensions>
<gpxtpx:TrackPointExtension>
<gpxtpx:hr>105</gpxtpx:hr>
</gpxtpx:TrackPointExtension>
</extensions>
</trkpt>
<trkpt lat="36.7834555" lon="126.9881449">
<ele>0.714</ele>
<time>2024-06-03T12:49:23Z</time>
<extensions>
<gpxtpx:TrackPointExtension>
<gpxtpx:hr>105</gpxtpx:hr>
</gpxtpx:TrackPointExtension>
</extensions>
</trkpt>
<trkpt lat="36.7834619" lon="126.9881644">
<ele>0.729</ele>
<time>2024-06-03T12:49:24Z</time>
<extensions>
<gpxtpx:TrackPointExtension>
<gpxtpx:hr>105</gpxtpx:hr>
</gpxtpx:TrackPointExtension>
</extensions>
</trkpt>
<trkpt lat="36.7834677" lon="126.9881815">
<ele>0.744</ele>
<time>2024-06-03T12:49:25Z</time>
<extensions>
<gpxtpx:TrackPointExtension>
<gpxtpx:hr>105</gpxtpx:hr>
</gpxtpx:TrackPointExtension>
</extensions>
</trkpt>
<trkpt lat="36.7834737" lon="126.9881992">
<ele>0.805</ele>
<time>2024-06-03T12:49:26Z</time>
<extensions>
<gpxtpx:TrackPointExtension>
<gpxtpx:hr>105</gpxtpx:hr>
</gpxtpx:TrackPointExtension>
</extensions>
</trkpt>
<trkpt lat="36.7834796" lon="126.9882157">
<ele>0.829</ele>
<time>2024-06-03T12:49:27Z</time>
<extensions>
<gpxtpx:TrackPointExtension>
<gpxtpx:hr>105</gpxtpx:hr>
</gpxtpx:TrackPointExtension>
</extensions>
</trkpt>
<trkpt lat="36.7834846" lon="126.9882326">
<ele>0.85</ele>
<time>2024-06-03T12:49:28Z</time>
<extensions>
<gpxtpx:TrackPointExtension>
<gpxtpx:hr>105</gpxtpx:hr>
</gpxtpx:TrackPointExtension>
</extensions>
</trkpt>
<trkpt lat="36.7834895" lon="126.9882496">
<ele>0.849</ele>
<time>2024-06-03T12:49:29Z</time>
<extensions>
<gpxtpx:TrackPointExtension>
<gpxtpx:hr>105</gpxtpx:hr>
</gpxtpx:TrackPointExtension>
</extensions>
</trkpt>
<trkpt lat="36.7834929" lon="126.9882648">
<ele>0.933</ele>
<time>2024-06-03T12:49:30Z</time>
<extensions>
<gpxtpx:TrackPointExtension>
<gpxtpx:hr>105</gpxtpx:hr>
</gpxtpx:TrackPointExtension>
</extensions>
</trkpt>
<trkpt lat="36.7834951" lon="126.9882808">
<ele>0.989</ele>
<time>2024-06-03T12:49:31Z</time>
<extensions>
<gpxtpx:TrackPointExtension>
<gpxtpx:hr>105</gpxtpx:hr>
<gpxtpx:cad>112</gpxtpx:cad>
</gpxtpx:TrackPointExtension>
</extensions>
</trkpt>
<trkpt lat="36.7834957" lon="126.9882966">
<ele>1.131</ele>
<time>2024-06-03T12:49:32Z</time>
<extensions>
<gpxtpx:TrackPointExtension>
<gpxtpx:hr>104</gpxtpx:hr>
</gpxtpx:TrackPointExtension>
</extensions>
</trkpt>
<trkpt lat="36.7834938" lon="126.9883117">
<ele>1.19</ele>
<time>2024-06-03T12:49:33Z</time>
<extensions>
<gpxtpx:TrackPointExtension>
<gpxtpx:hr>104</gpxtpx:hr>
</gpxtpx:TrackPointExtension>
</extensions>
</trkpt>
<trkpt lat="36.7834889" lon="126.9883268">
<ele>1.286</ele>
<time>2024-06-03T12:49:34Z</time>
<extensions>
<gpxtpx:TrackPointExtension>
<gpxtpx:hr>104</gpxtpx:hr>
</gpxtpx:TrackPointExtension>
</extensions>
</trkpt>
<trkpt lat="36.7834822" lon="126.9883418">
<ele>1.383</ele>
<time>2024-06-03T12:49:35Z</time>
<extensions>
<gpxtpx:TrackPointExtension>
<gpxtpx:hr>104</gpxtpx:hr>
</gpxtpx:TrackPointExtension>
</extensions>
</trkpt>
<trkpt lat="36.7834764" lon="126.9883559">
<ele>1.442</ele>
<time>2024-06-03T12:49:36Z</time>
<extensions>
<gpxtpx:TrackPointExtension>
<gpxtpx:hr>104</gpxtpx:hr>
</gpxtpx:TrackPointExtension>
</extensions>
</trkpt>
<trkpt lat="36.7834696" lon="126.9883683">
<ele>1.519</ele>
<time>2024-06-03T12:49:37Z</time>
<extensions>
<gpxtpx:TrackPointExtension>
<gpxtpx:hr>104</gpxtpx:hr>
</gpxtpx:TrackPointExtension>
</extensions>
</trkpt>
<trkpt lat="36.7834632" lon="126.9883805">
<ele>1.533</ele>
<time>2024-06-03T12:49:38Z</time>
<extensions>
<gpxtpx:TrackPointExtension>
<gpxtpx:hr>104</gpxtpx:hr>
</gpxtpx:TrackPointExtension>
</extensions>
</trkpt>
<trkpt lat="36.7834587" lon="126.9883931">
<ele>1.438</ele>
<time>2024-06-03T12:49:39Z</time>
<extensions>
<gpxtpx:TrackPointExtension>
<gpxtpx:hr>104</gpxtpx:hr>
</gpxtpx:TrackPointExtension>
</extensions>
</trkpt>
<trkpt lat="36.7834529" lon="126.9884042">
<ele>1.454</ele>
<time>2024-06-03T12:49:40Z</time>
<extensions>
<gpxtpx:TrackPointExtension>
<gpxtpx:hr>104</gpxtpx:hr>
</gpxtpx:TrackPointExtension>
</extensions>
</trkpt>
<trkpt lat="36.7834466" lon="126.9884145">
<ele>1.386</ele>
<time>2024-06-03T12:49:41Z</time>
<extensions>
<gpxtpx:TrackPointExtension>
<gpxtpx:hr>104</gpxtpx:hr>
<gpxtpx:cad>105</gpxtpx:cad>
</gpxtpx:TrackPointExtension>
</extensions>
</trkpt>
<trkpt lat="36.7834398" lon="126.9884236">
<ele>1.513</ele>
<time>2024-06-03T12:49:42Z</time>
<extensions>
<gpxtpx:TrackPointExtension>
<gpxtpx:hr>103</gpxtpx:hr>
</gpxtpx:TrackPointExtension>
</extensions>
</trkpt>
<trkpt lat="36.7834346" lon="126.9884321">
<ele>1.52</ele>
<time>2024-06-03T12:49:43Z</time>
<extensions>
<gpxtpx:TrackPointExtension>
<gpxtpx:hr>103</gpxtpx:hr>
</gpxtpx:TrackPointExtension>
</extensions>
</trkpt>
<trkpt lat="36.7834318" lon="126.9884365">
<ele>1.423</ele>
<time>2024-06-03T12:49:44Z</time>
<extensions>
<gpxtpx:TrackPointExtension>
<gpxtpx:hr>102</gpxtpx:hr>
</gpxtpx:TrackPointExtension>
</extensions>
</trkpt>
<trkpt lat="36.7834306" lon="126.988437">
<ele>1.323</ele>
<time>2024-06-03T12:49:45Z</time>
<extensions>
<gpxtpx:TrackPointExtension>
<gpxtpx:hr>102</gpxtpx:hr>
</gpxtpx:TrackPointExtension>
</extensions>
</trkpt>
<trkpt lat="36.7834318" lon="126.9884334">
<ele>1.381</ele>
<time>2024-06-03T12:49:46Z</time>
<extensions>
<gpxtpx:TrackPointExtension>
<gpxtpx:hr>103</gpxtpx:hr>
</gpxtpx:TrackPointExtension>
</extensions>
</trkpt>
<trkpt lat="36.7834354" lon="126.9884285">
<ele>1.382</ele>
<time>2024-06-03T12:49:47Z</time>
<extensions>
<gpxtpx:TrackPointExtension>
<gpxtpx:hr>104</gpxtpx:hr>
</gpxtpx:TrackPointExtension>
</extensions>
</trkpt>
<trkpt lat="36.7834408" lon="126.9884248">
<ele>1.401</ele>
<time>2024-06-03T12:49:48Z</time>
<extensions>
<gpxtpx:TrackPointExtension>
<gpxtpx:hr>104</gpxtpx:hr>
</gpxtpx:TrackPointExtension>
</extensions>
</trkpt>
<trkpt lat="36.7834472" lon="126.9884219">
<ele>1.43</ele>
<time>2024-06-03T12:49:49Z</time>
<extensions>
<gpxtpx:TrackPointExtension>
<gpxtpx:hr>104</gpxtpx:hr>
</gpxtpx:TrackPointExtension>
</extensions>
</trkpt>
<trkpt lat="36.7834548" lon="126.98842">
<ele>1.439</ele>
<time>2024-06-03T12:49:50Z</time>
<extensions>
<gpxtpx:TrackPointExtension>
<gpxtpx:hr>104</gpxtpx:hr>
</gpxtpx:TrackPointExtension>
</extensions>
</trkpt>
<trkpt lat="36.7834611" lon="126.9884202">
<ele>1.484</ele>
<time>2024-06-03T12:49:51Z</time>
<extensions>
<gpxtpx:TrackPointExtension>
<gpxtpx:hr>104</gpxtpx:hr>
<gpxtpx:cad>21</gpxtpx:cad>
</gpxtpx:TrackPointExtension>
</extensions>
</trkpt>
<trkpt lat="36.7834668" lon="126.9884244">
<ele>1.436</ele>
<time>2024-06-03T12:49:52Z</time>
<extensions>
<gpxtpx:TrackPointExtension>
<gpxtpx:hr>104</gpxtpx:hr>
</gpxtpx:TrackPointExtension>
</extensions>
</trkpt>
<trkpt lat="36.7834763" lon="126.9884435">
<ele>1.472</ele>
<time>2024-06-03T12:49:53Z</time>
<extensions>
<gpxtpx:TrackPointExtension>
<gpxtpx:hr>104</gpxtpx:hr>
</gpxtpx:TrackPointExtension>
</extensions>
</trkpt>
<trkpt lat="36.7834877" lon="126.9884704">
<ele>1.458</ele>
<time>2024-06-03T12:49:54Z</time>
<extensions>
<gpxtpx:TrackPointExtension>
<gpxtpx:hr>104</gpxtpx:hr>
</gpxtpx:TrackPointExtension>
</extensions>
</trkpt>
<trkpt lat="36.7835004" lon="126.9885035">
<ele>1.464</ele>
<time>2024-06-03T12:49:55Z</time>
<extensions>
<gpxtpx:TrackPointExtension>
<gpxtpx:hr>104</gpxtpx:hr>
</gpxtpx:TrackPointExtension>
</extensions>
</trkpt>
<trkpt lat="36.7835063" lon="126.9885352">
<ele>1.409</ele>
<time>2024-06-03T12:49:56Z</time>
<extensions>
<gpxtpx:TrackPointExtension>
<gpxtpx:hr>104</gpxtpx:hr>
</gpxtpx:TrackPointExtension>
</extensions>
</trkpt>
<trkpt lat="36.7835105" lon="126.9885679">
<ele>1.505</ele>
<time>2024-06-03T12:49:57Z</time>
<extensions>
<gpxtpx:TrackPointExtension>
<gpxtpx:hr>104</gpxtpx:hr>
</gpxtpx:TrackPointExtension>
</extensions>
</trkpt>
<trkpt lat="36.7835118" lon="126.988601">
<ele>1.628</ele>
<time>2024-06-03T12:49:58Z</time>
<extensions>
<gpxtpx:TrackPointExtension>
<gpxtpx:hr>104</gpxtpx:hr>
</gpxtpx:TrackPointExtension>
</extensions>
</trkpt>
<trkpt lat="36.7835112" lon="126.9886331">
<ele>1.645</ele>
<time>2024-06-03T12:49:59Z</time>
<extensions>
<gpxtpx:TrackPointExtension>
<gpxtpx:hr>104</gpxtpx:hr>
</gpxtpx:TrackPointExtension>
</extensions>
</trkpt>
<trkpt lat="36.78351" lon="126.9886626">
<ele>1.676</ele>
<time>2024-06-03T12:50:00Z</time>
<extensions>
<gpxtpx:TrackPointExtension>
<gpxtpx:hr>103</gpxtpx:hr>
</gpxtpx:TrackPointExtension>
</extensions>
</trkpt>
<trkpt lat="36.7835086" lon="126.9886906">
<ele>1.713</ele>
<time>2024-06-03T12:50:01Z</time>
<extensions>
<gpxtpx:TrackPointExtension>
<gpxtpx:hr>103</gpxtpx:hr>
<gpxtpx:cad>109</gpxtpx:cad>
</gpxtpx:TrackPointExtension>
</extensions>
</trkpt>
<trkpt lat="36.7835079" lon="126.9887149">
<ele>1.677</ele>
<time>2024-06-03T12:50:02Z</time>
<extensions>
<gpxtpx:TrackPointExtension>
<gpxtpx:hr>103</gpxtpx:hr>
</gpxtpx:TrackPointExtension>
</extensions>
</trkpt>
<trkpt lat="36.7835079" lon="126.9887381">
<ele>1.745</ele>
<time>2024-06-03T12:50:03Z</time>
<extensions>
<gpxtpx:TrackPointExtension>
<gpxtpx:hr>103</gpxtpx:hr>
</gpxtpx:TrackPointExtension>
</extensions>
</trkpt>
<trkpt lat="36.7835082" lon="126.9887593">
<ele>1.716</ele>
<time>2024-06-03T12:50:04Z</time>
<extensions>
<gpxtpx:TrackPointExtension>
<gpxtpx:hr>103</gpxtpx:hr>
</gpxtpx:TrackPointExtension>
</extensions>
</trkpt>
<trkpt lat="36.7835077" lon="126.9887788">
<ele>1.706</ele>
<time>2024-06-03T12:50:05Z</time>
<extensions>
<gpxtpx:TrackPointExtension>
<gpxtpx:hr>103</gpxtpx:hr>
<gpxtpx:cad>109</gpxtpx:cad>
</gpxtpx:TrackPointExtension>
</extensions>
</trkpt>
<trkpt lat="36.7835073" lon="126.9887964">
<ele>1.651</ele>
<time>2024-06-03T12:50:06Z</time>
<extensions>
<gpxtpx:TrackPointExtension>
<gpxtpx:hr>104</gpxtpx:hr>
</gpxtpx:TrackPointExtension>
</extensions>
</trkpt>
<trkpt lat="36.7835059" lon="126.9888137">
<ele>1.676</ele>
<time>2024-06-03T12:50:07Z</time>
<extensions>
<gpxtpx:TrackPointExtension>
<gpxtpx:hr>104</gpxtpx:hr>
</gpxtpx:TrackPointExtension>
</extensions>
</trkpt>
<trkpt lat="36.7835031" lon="126.9888293">
<ele>1.655</ele>
<time>2024-06-03T12:50:08Z</time>
<extensions>
<gpxtpx:TrackPointExtension>
<gpxtpx:hr>104</gpxtpx:hr>
</gpxtpx:TrackPointExtension>
</extensions>
</trkpt>
<trkpt lat="36.7835008" lon="126.9888455">
<ele>1.599</ele>
<time>2024-06-03T12:50:09Z</time>
<extensions>
<gpxtpx:TrackPointExtension>
<gpxtpx:hr>104</gpxtpx:hr>
</gpxtpx:TrackPointExtension>
</extensions>
</trkpt>
<trkpt lat="36.7834982" lon="126.9888614">
<ele>1.565</ele>
<time>2024-06-03T12:50:10Z</time>
<extensions>
<gpxtpx:TrackPointExtension>
<gpxtpx:hr>104</gpxtpx:hr>
</gpxtpx:TrackPointExtension>
</extensions>
</trkpt>
<trkpt lat="36.7834957" lon="126.9888767">
<ele>1.584</ele>
<time>2024-06-03T12:50:11Z</time>
<extensions>
<gpxtpx:TrackPointExtension>
<gpxtpx:hr>104</gpxtpx:hr>
<gpxtpx:cad>109</gpxtpx:cad>
</gpxtpx:TrackPointExtension>
</extensions>
</trkpt>
<trkpt lat="36.7834963" lon="126.988889">
<ele>1.659</ele>
<time>2024-06-03T12:50:12Z</time>
<extensions>
<gpxtpx:TrackPointExtension>
<gpxtpx:hr>104</gpxtpx:hr>
</gpxtpx:TrackPointExtension>
</extensions>
</trkpt>
<trkpt lat="36.7834994" lon="126.9888981">
<ele>1.682</ele>
<time>2024-06-03T12:50:13Z</time>
<extensions>
<gpxtpx:TrackPointExtension>
<gpxtpx:hr>104</gpxtpx:hr>
</gpxtpx:TrackPointExtension>
</extensions>
</trkpt>
<trkpt lat="36.7835032" lon="126.9889023">
<ele>1.656</ele>
<time>2024-06-03T12:50:14Z</time>
<extensions>
<gpxtpx:TrackPointExtension>
<gpxtpx:hr>104</gpxtpx:hr>
</gpxtpx:TrackPointExtension>
</extensions>
</trkpt>
<trkpt lat="36.7835083" lon="126.9889036">
<ele>1.671</ele>
<time>2024-06-03T12:50:15Z</time>
<extensions>
<gpxtpx:TrackPointExtension>
<gpxtpx:hr>104</gpxtpx:hr>
</gpxtpx:TrackPointExtension>
</extensions>
</trkpt>
<trkpt lat="36.7835141" lon="126.9889019">
<ele>1.653</ele>
<time>2024-06-03T12:50:16Z</time>
<extensions>
<gpxtpx:TrackPointExtension>
<gpxtpx:hr>104</gpxtpx:hr>
</gpxtpx:TrackPointExtension>
</extensions>
</trkpt>
<trkpt lat="36.7835224" lon="126.9888989">
<ele>1.68</ele>
<time>2024-06-03T12:50:17Z</time>
<extensions>
<gpxtpx:TrackPointExtension>
<gpxtpx:hr>104</gpxtpx:hr>
</gpxtpx:TrackPointExtension>
</extensions>
</trkpt>
<trkpt lat="36.7835327" lon="126.9888948">
<ele>1.666</ele>
<time>2024-06-03T12:50:18Z</time>
<extensions>
<gpxtpx:TrackPointExtension>
<gpxtpx:hr>104</gpxtpx:hr>
</gpxtpx:TrackPointExtension>
</extensions>
</trkpt>
<trkpt lat="36.7835447" lon="126.9888907">
<ele>1.677</ele>
<time>2024-06-03T12:50:19Z</time>
<extensions>
<gpxtpx:TrackPointExtension>
<gpxtpx:hr>104</gpxtpx:hr>
</gpxtpx:TrackPointExtension>
</extensions>
</trkpt>
<trkpt lat="36.783556" lon="126.9888869">
<ele>1.686</ele>
<time>2024-06-03T12:50:20Z</time>
<extensions>
<gpxtpx:TrackPointExtension>
<gpxtpx:hr>104</gpxtpx:hr>
<gpxtpx:cad>109</gpxtpx:cad>
</gpxtpx:TrackPointExtension>
</extensions>
</trkpt>
<trkpt lat="36.783568" lon="126.9888829">
<ele>1.688</ele>
<time>2024-06-03T12:50:21Z</time>
<extensions>
<gpxtpx:TrackPointExtension>
<gpxtpx:hr>104</gpxtpx:hr>
</gpxtpx:TrackPointExtension>
</extensions>
</trkpt>
<trkpt lat="36.7835817" lon="126.9888806">
<ele>1.711</ele>
<time>2024-06-03T12:50:22Z</time>
<extensions>
<gpxtpx:TrackPointExtension>
<gpxtpx:hr>104</gpxtpx:hr>
</gpxtpx:TrackPointExtension>
</extensions>
</trkpt>
<trkpt lat="36.7835952" lon="126.9888805">
<ele>1.731</ele>
<time>2024-06-03T12:50:23Z</time>
<extensions>
<gpxtpx:TrackPointExtension>
<gpxtpx:hr>104</gpxtpx:hr>
</gpxtpx:TrackPointExtension>
</extensions>
</trkpt>
<trkpt lat="36.7836081" lon="126.9888819">
<ele>1.769</ele>
<time>2024-06-03T12:50:24Z</time>
<extensions>
<gpxtpx:TrackPointExtension>
<gpxtpx:hr>104</gpxtpx:hr>
</gpxtpx:TrackPointExtension>
</extensions>
</trkpt>
<trkpt lat="36.7836212" lon="126.9888841">
<ele>1.801</ele>
<time>2024-06-03T12:50:25Z</time>
<extensions>
<gpxtpx:TrackPointExtension>
<gpxtpx:hr>104</gpxtpx:hr>
</gpxtpx:TrackPointExtension>
</extensions>
</trkpt>
<trkpt lat="36.7836331" lon="126.9888862">
<ele>1.818</ele>
<time>2024-06-03T12:50:26Z</time>
<extensions>
<gpxtpx:TrackPointExtension>
<gpxtpx:hr>105</gpxtpx:hr>
</gpxtpx:TrackPointExtension>
</extensions>
</trkpt>
<trkpt lat="36.7836458" lon="126.9888885">
<ele>1.846</ele>
<time>2024-06-03T12:50:27Z</time>
<extensions>
<gpxtpx:TrackPointExtension>
<gpxtpx:hr>105</gpxtpx:hr>
</gpxtpx:TrackPointExtension>
</extensions>
</trkpt>
<trkpt lat="36.7836594" lon="126.9888901">
<ele>1.787</ele>
<time>2024-06-03T12:50:28Z</time>
<extensions>
<gpxtpx:TrackPointExtension>
<gpxtpx:hr>104</gpxtpx:hr>
</gpxtpx:TrackPointExtension>
</extensions>
</trkpt>
<trkpt lat="36.7836733" lon="126.9888943">
<ele>1.778</ele>
<time>2024-06-03T12:50:29Z</time>
<extensions>
<gpxtpx:TrackPointExtension>
<gpxtpx:hr>104</gpxtpx:hr>
</gpxtpx:TrackPointExtension>
</extensions>
</trkpt>
<trkpt lat="36.7836862" lon="126.9888985">
<ele>1.736</ele>
<time>2024-06-03T12:50:30Z</time>
<extensions>
<gpxtpx:TrackPointExtension>
<gpxtpx:hr>104</gpxtpx:hr>
<gpxtpx:cad>110</gpxtpx:cad>
</gpxtpx:TrackPointExtension>
</extensions>
</trkpt>
<trkpt lat="36.7836981" lon="126.9889029">
<ele>1.752</ele>
<time>2024-06-03T12:50:31Z</time>
<extensions>
<gpxtpx:TrackPointExtension>
<gpxtpx:hr>104</gpxtpx:hr>
</gpxtpx:TrackPointExtension>
</extensions>
</trkpt>
<trkpt lat="36.7837099" lon="126.9889102">
<ele>1.773</ele>
<time>2024-06-03T12:50:32Z</time>
<extensions>
<gpxtpx:TrackPointExtension>
<gpxtpx:hr>104</gpxtpx:hr>
</gpxtpx:TrackPointExtension>
</extensions>
</trkpt>
<trkpt lat="36.7837225" lon="126.9889193">
<ele>1.794</ele>
<time>2024-06-03T12:50:33Z</time>
<extensions>
<gpxtpx:TrackPointExtension>
<gpxtpx:hr>104</gpxtpx:hr>
</gpxtpx:TrackPointExtension>
</extensions>
</trkpt>
<trkpt lat="36.7837358" lon="126.9889284">
<ele>1.763</ele>
<time>2024-06-03T12:50:34Z</time>
<extensions>
<gpxtpx:TrackPointExtension>
<gpxtpx:hr>104</gpxtpx:hr>
</gpxtpx:TrackPointExtension>
</extensions>
</trkpt>
<trkpt lat="36.7837483" lon="126.9889377">
<ele>1.745</ele>
<time>2024-06-03T12:50:35Z</time>
<extensions>
<gpxtpx:TrackPointExtension>
<gpxtpx:hr>104</gpxtpx:hr>
</gpxtpx:TrackPointExtension>
</extensions>
</trkpt>
<trkpt lat="36.7837581" lon="126.988946">
<ele>1.732</ele>
<time>2024-06-03T12:50:36Z</time>
<extensions>
<gpxtpx:TrackPointExtension>
<gpxtpx:hr>104</gpxtpx:hr>
</gpxtpx:TrackPointExtension>
</extensions>
</trkpt>
<trkpt lat="36.7837674" lon="126.9889533">
<ele>1.743</ele>
<time>2024-06-03T12:50:37Z</time>
<extensions>
<gpxtpx:TrackPointExtension>
<gpxtpx:hr>104</gpxtpx:hr>
</gpxtpx:TrackPointExtension>
</extensions>
</trkpt>
<trkpt lat="36.7837767" lon="126.9889574">
<ele>1.665</ele>
<time>2024-06-03T12:50:38Z</time>
<extensions>
<gpxtpx:TrackPointExtension>
<gpxtpx:hr>104</gpxtpx:hr>
</gpxtpx:TrackPointExtension>
</extensions>
</trkpt>
<trkpt lat="36.7837878" lon="126.9889584">
<ele>1.679</ele>
<time>2024-06-03T12:50:39Z</time>
<extensions>
<gpxtpx:TrackPointExtension>
<gpxtpx:hr>103</gpxtpx:hr>
</gpxtpx:TrackPointExtension>
</extensions>
</trkpt>
<trkpt lat="36.7838005" lon="126.9889558">
<ele>1.697</ele>
<time>2024-06-03T12:50:40Z</time>
<extensions>
<gpxtpx:TrackPointExtension>
<gpxtpx:hr>104</gpxtpx:hr>
<gpxtpx:cad>107</gpxtpx:cad>
</gpxtpx:TrackPointExtension>
</extensions>
</trkpt>
<trkpt lat="36.7838148" lon="126.9889512">
<ele>1.718</ele>
<time>2024-06-03T12:50:41Z</time>
<extensions>
<gpxtpx:TrackPointExtension>
<gpxtpx:hr>104</gpxtpx:hr>
</gpxtpx:TrackPointExtension>
</extensions>
</trkpt>
<trkpt lat="36.7838312" lon="126.9889472">
<ele>1.672</ele>
<time>2024-06-03T12:50:42Z</time>
<extensions>
<gpxtpx:TrackPointExtension>
<gpxtpx:hr>103</gpxtpx:hr>
</gpxtpx:TrackPointExtension>
</extensions>
</trkpt>
<trkpt lat="36.7838499" lon="126.9889454">
<ele>1.686</ele>
<time>2024-06-03T12:50:43Z</time>
<extensions>
<gpxtpx:TrackPointExtension>
<gpxtpx:hr>103</gpxtpx:hr>
</gpxtpx:TrackPointExtension>
</extensions>
</trkpt>
<trkpt lat="36.783868" lon="126.9889444">
<ele>1.709</ele>
<time>2024-06-03T12:50:44Z</time>
<extensions>
<gpxtpx:TrackPointExtension>
<gpxtpx:hr>103</gpxtpx:hr>
</gpxtpx:TrackPointExtension>
</extensions>
</trkpt>
<trkpt lat="36.7838865" lon="126.9889456">
<ele>1.681</ele>
<time>2024-06-03T12:50:45Z</time>
<extensions>
<gpxtpx:TrackPointExtension>
<gpxtpx:hr>103</gpxtpx:hr>
</gpxtpx:TrackPointExtension>
</extensions>
</trkpt>
<trkpt lat="36.7839054" lon="126.9889475">
<ele>1.853</ele>
<time>2024-06-03T12:50:46Z</time>
</trkpt>
<trkpt lat="36.7839267" lon="126.9889483">
<ele>1.947</ele>
<time>2024-06-03T12:50:47Z</time>
<extensions>
<gpxtpx:TrackPointExtension>
<gpxtpx:hr>103</gpxtpx:hr>
</gpxtpx:TrackPointExtension>
</extensions>
</trkpt>
<trkpt lat="36.7839492" lon="126.9889522">
<ele>1.964</ele>
<time>2024-06-03T12:50:48Z</time>
<extensions>
<gpxtpx:TrackPointExtension>
<gpxtpx:hr>103</gpxtpx:hr>
</gpxtpx:TrackPointExtension>
</extensions>
</trkpt>
<trkpt lat="36.7839702" lon="126.9889566">
<ele>1.986</ele>
<time>2024-06-03T12:50:49Z</time>
<extensions>
<gpxtpx:TrackPointExtension>
<gpxtpx:hr>103</gpxtpx:hr>
</gpxtpx:TrackPointExtension>
</extensions>
</trkpt>
<trkpt lat="36.7839898" lon="126.9889615">
<ele>2.05</ele>
<time>2024-06-03T12:50:50Z</time>
<extensions>
<gpxtpx:TrackPointExtension>
<gpxtpx:hr>103</gpxtpx:hr>
<gpxtpx:cad>106</gpxtpx:cad>
</gpxtpx:TrackPointExtension>
</extensions>
</trkpt>
<trkpt lat="36.7840058" lon="126.9889662">
<ele>2.024</ele>
<time>2024-06-03T12:50:51Z</time>
<extensions>
<gpxtpx:TrackPointExtension>
<gpxtpx:hr>104</gpxtpx:hr>
</gpxtpx:TrackPointExtension>
</extensions>
</trkpt>
<trkpt lat="36.7840207" lon="126.9889708">
<ele>2.004</ele>
<time>2024-06-03T12:50:52Z</time>
<extensions>
<gpxtpx:TrackPointExtension>
<gpxtpx:hr>104</gpxtpx:hr>
</gpxtpx:TrackPointExtension>
</extensions>
</trkpt>
<trkpt lat="36.7840347" lon="126.988977">
<ele>2.035</ele>
<time>2024-06-03T12:50:53Z</time>
<extensions>
<gpxtpx:TrackPointExtension>
<gpxtpx:hr>104</gpxtpx:hr>
</gpxtpx:TrackPointExtension>
</extensions>
</trkpt>
<trkpt lat="36.7840465" lon="126.9889833">
<ele>2.03</ele>
<time>2024-06-03T12:50:54Z</time>
<extensions>
<gpxtpx:TrackPointExtension>
<gpxtpx:hr>104</gpxtpx:hr>
</gpxtpx:TrackPointExtension>
</extensions>
</trkpt>
<trkpt lat="36.7840556" lon="126.9889911">
<ele>2.092</ele>
<time>2024-06-03T12:50:55Z</time>
<extensions>
<gpxtpx:TrackPointExtension>
<gpxtpx:hr>104</gpxtpx:hr>
</gpxtpx:TrackPointExtension>
</extensions>
</trkpt>
<trkpt lat="36.7840632" lon="126.9890014">
<ele>2.169</ele>
<time>2024-06-03T12:50:56Z</time>
<extensions>
<gpxtpx:TrackPointExtension>
<gpxtpx:hr>104</gpxtpx:hr>
</gpxtpx:TrackPointExtension>
</extensions>
</trkpt>
<trkpt lat="36.7840681" lon="126.9890133">
<ele>2.555</ele>
<time>2024-06-03T12:50:57Z</time>
<extensions>
<gpxtpx:TrackPointExtension>
<gpxtpx:hr>104</gpxtpx:hr>
</gpxtpx:TrackPointExtension>
</extensions>
</trkpt>
<trkpt lat="36.7840718" lon="126.9890254">
<ele>2.815</ele>
<time>2024-06-03T12:50:58Z</time>
<extensions>
<gpxtpx:TrackPointExtension>
<gpxtpx:hr>104</gpxtpx:hr>
</gpxtpx:TrackPointExtension>
</extensions>
</trkpt>
<trkpt lat="36.7840752" lon="126.9890392">
<ele>2.497</ele>
<time>2024-06-03T12:50:59Z</time>
<extensions>
<gpxtpx:TrackPointExtension>
<gpxtpx:hr>103</gpxtpx:hr>
</gpxtpx:TrackPointExtension>
</extensions>
</trkpt>
<trkpt lat="36.7840793" lon="126.9890546">
<ele>2.293</ele>
<time>2024-06-03T12:51:00Z</time>
<extensions>
<gpxtpx:TrackPointExtension>
<gpxtpx:hr>103</gpxtpx:hr>
<gpxtpx:cad>109</gpxtpx:cad>
</gpxtpx:TrackPointExtension>
</extensions>
</trkpt>
<trkpt lat="36.7840836" lon="126.9890709">
<ele>2.26</ele>
<time>2024-06-03T12:51:01Z</time>
<extensions>
<gpxtpx:TrackPointExtension>
<gpxtpx:hr>103</gpxtpx:hr>
</gpxtpx:TrackPointExtension>
</extensions>
</trkpt>
<trkpt lat="36.784089" lon="126.9890866">
<ele>2.203</ele>
<time>2024-06-03T12:51:02Z</time>
<extensions>
<gpxtpx:TrackPointExtension>
<gpxtpx:hr>103</gpxtpx:hr>
</gpxtpx:TrackPointExtension>
</extensions>
</trkpt>
<trkpt lat="36.7840944" lon="126.9891004">
<ele>2.268</ele>
<time>2024-06-03T12:51:03Z</time>
<extensions>
<gpxtpx:TrackPointExtension>
<gpxtpx:hr>102</gpxtpx:hr>
</gpxtpx:TrackPointExtension>
</extensions>
</trkpt>
<trkpt lat="36.7841011" lon="126.9891107">
<ele>2.248</ele>
<time>2024-06-03T12:51:04Z</time>
<extensions>
<gpxtpx:TrackPointExtension>
<gpxtpx:hr>102</gpxtpx:hr>
</gpxtpx:TrackPointExtension>
</extensions>
</trkpt>
<trkpt lat="36.7841095" lon="126.9891179">
<ele>2.271</ele>
<time>2024-06-03T12:51:05Z</time>
<extensions>
<gpxtpx:TrackPointExtension>
<gpxtpx:hr>101</gpxtpx:hr>
</gpxtpx:TrackPointExtension>
</extensions>
</trkpt>
<trkpt lat="36.7841195" lon="126.9891237">
<ele>2.252</ele>
<time>2024-06-03T12:51:06Z</time>
<extensions>
<gpxtpx:TrackPointExtension>
<gpxtpx:hr>101</gpxtpx:hr>
</gpxtpx:TrackPointExtension>
</extensions>
</trkpt>
<trkpt lat="36.7841289" lon="126.9891285">
<ele>2.313</ele>
<time>2024-06-03T12:51:07Z</time>
<extensions>
<gpxtpx:TrackPointExtension>
<gpxtpx:hr>101</gpxtpx:hr>
</gpxtpx:TrackPointExtension>
</extensions>
</trkpt>
<trkpt lat="36.7841393" lon="126.989131">
<ele>2.355</ele>
<time>2024-06-03T12:51:08Z</time>
<extensions>
<gpxtpx:TrackPointExtension>
<gpxtpx:hr>101</gpxtpx:hr>
</gpxtpx:TrackPointExtension>
</extensions>
</trkpt>
<trkpt lat="36.7841499" lon="126.989133">
<ele>2.344</ele>
<time>2024-06-03T12:51:09Z</time>
<extensions>
<gpxtpx:TrackPointExtension>
<gpxtpx:hr>101</gpxtpx:hr>
</gpxtpx:TrackPointExtension>
</extensions>
</trkpt>
<trkpt lat="36.7841605" lon="126.9891352">
<ele>2.362</ele>
<time>2024-06-03T12:51:10Z</time>
<extensions>
<gpxtpx:TrackPointExtension>
<gpxtpx:hr>101</gpxtpx:hr>
<gpxtpx:cad>109</gpxtpx:cad>
</gpxtpx:TrackPointExtension>
</extensions>
</trkpt>
<trkpt lat="36.7841715" lon="126.9891369">
<ele>2.359</ele>
<time>2024-06-03T12:51:11Z</time>
<extensions>
<gpxtpx:TrackPointExtension>
<gpxtpx:hr>101</gpxtpx:hr>
</gpxtpx:TrackPointExtension>
</extensions>
</trkpt>
<trkpt lat="36.784181" lon="126.9891378">
<ele>2.386</ele>
<time>2024-06-03T12:51:12Z</time>
<extensions>
<gpxtpx:TrackPointExtension>
<gpxtpx:hr>101</gpxtpx:hr>
</gpxtpx:TrackPointExtension>
</extensions>
</trkpt>
<trkpt lat="36.7841907" lon="126.9891386">
<ele>2.414</ele>
<time>2024-06-03T12:51:13Z</time>
<extensions>
<gpxtpx:TrackPointExtension>
<gpxtpx:hr>102</gpxtpx:hr>
</gpxtpx:TrackPointExtension>
</extensions>
</trkpt>
<trkpt lat="36.7842007" lon="126.9891395">
<ele>2.426</ele>
<time>2024-06-03T12:51:15Z</time>
<extensions>
<gpxtpx:TrackPointExtension>
<gpxtpx:hr>102</gpxtpx:hr>
<gpxtpx:cad>108</gpxtpx:cad>
</gpxtpx:TrackPointExtension>
</extensions>
</trkpt>
<trkpt lat="36.7842105" lon="126.9891394">
<ele>2.842</ele>
<time>2024-06-03T12:51:16Z</time>
<extensions>
<gpxtpx:TrackPointExtension>
<gpxtpx:hr>102</gpxtpx:hr>
</gpxtpx:TrackPointExtension>
</extensions>
</trkpt>
<trkpt lat="36.7842195" lon="126.9891385">
<ele>2.705</ele>
<time>2024-06-03T12:51:17Z</time>
<extensions>
<gpxtpx:TrackPointExtension>
<gpxtpx:hr>102</gpxtpx:hr>
</gpxtpx:TrackPointExtension>
</extensions>
</trkpt>
<trkpt lat="36.784228" lon="126.9891385">
<ele>2.703</ele>
<time>2024-06-03T12:51:18Z</time>
<extensions>
<gpxtpx:TrackPointExtension>
<gpxtpx:hr>102</gpxtpx:hr>
</gpxtpx:TrackPointExtension>
</extensions>
</trkpt>
<trkpt lat="36.7842363" lon="126.9891382">
<ele>2.678</ele>
<time>2024-06-03T12:51:19Z</time>
<extensions>
<gpxtpx:TrackPointExtension>
<gpxtpx:hr>102</gpxtpx:hr>
</gpxtpx:TrackPointExtension>
</extensions>
</trkpt>
<trkpt lat="36.7842444" lon="126.9891392">
<ele>2.594</ele>
<time>2024-06-03T12:51:20Z</time>
</trkpt>
<trkpt lat="36.7842515" lon="126.9891419">
<ele>2.552</ele>
<time>2024-06-03T12:51:21Z</time>
<extensions>
<gpxtpx:TrackPointExtension>
<gpxtpx:hr>102</gpxtpx:hr>
<gpxtpx:cad>107</gpxtpx:cad>
</gpxtpx:TrackPointExtension>
</extensions>
</trkpt>
<trkpt lat="36.7842576" lon="126.989147">
<ele>2.48</ele>
<time>2024-06-03T12:51:22Z</time>
<extensions>
<gpxtpx:TrackPointExtension>
<gpxtpx:hr>102</gpxtpx:hr>
</gpxtpx:TrackPointExtension>
</extensions>
</trkpt>
<trkpt lat="36.7842637" lon="126.9891547">
<ele>2.475</ele>
<time>2024-06-03T12:51:23Z</time>
<extensions>
<gpxtpx:TrackPointExtension>
<gpxtpx:hr>102</gpxtpx:hr>
</gpxtpx:TrackPointExtension>
</extensions>
</trkpt>
<trkpt lat="36.7842733" lon="126.9891637">
<ele>2.544</ele>
<time>2024-06-03T12:51:24Z</time>
<extensions>
<gpxtpx:TrackPointExtension>
<gpxtpx:hr>102</gpxtpx:hr>
</gpxtpx:TrackPointExtension>
</extensions>
</trkpt>
<trkpt lat="36.7842827" lon="126.9891736">
<ele>2.545</ele>
<time>2024-06-03T12:51:25Z</time>
<extensions>
<gpxtpx:TrackPointExtension>
<gpxtpx:hr>103</gpxtpx:hr>
</gpxtpx:TrackPointExtension>
</extensions>
</trkpt>
<trkpt lat="36.7842924" lon="126.9891864">
<ele>2.582</ele>
<time>2024-06-03T12:51:26Z</time>
<extensions>
<gpxtpx:TrackPointExtension>
<gpxtpx:hr>103</gpxtpx:hr>
</gpxtpx:TrackPointExtension>
</extensions>
</trkpt>
<trkpt lat="36.7843016" lon="126.9892019">
<ele>2.56</ele>
<time>2024-06-03T12:51:27Z</time>
<extensions>
<gpxtpx:TrackPointExtension>
<gpxtpx:hr>104</gpxtpx:hr>
</gpxtpx:TrackPointExtension>
</extensions>
</trkpt>
<trkpt lat="36.7843103" lon="126.9892167">
<ele>2.942</ele>
<time>2024-06-03T12:51:28Z</time>
<extensions>
<gpxtpx:TrackPointExtension>
<gpxtpx:hr>104</gpxtpx:hr>
</gpxtpx:TrackPointExtension>
</extensions>
</trkpt>
<trkpt lat="36.7843179" lon="126.9892313">
<ele>3.096</ele>
<time>2024-06-03T12:51:29Z</time>
<extensions>
<gpxtpx:TrackPointExtension>
<gpxtpx:hr>104</gpxtpx:hr>
</gpxtpx:TrackPointExtension>
</extensions>
</trkpt>
<trkpt lat="36.7843242" lon="126.9892445">
<ele>3.164</ele>
<time>2024-06-03T12:51:30Z</time>
<extensions>
<gpxtpx:TrackPointExtension>
<gpxtpx:hr>104</gpxtpx:hr>
</gpxtpx:TrackPointExtension>
</extensions>
</trkpt>
<trkpt lat="36.7843303" lon="126.9892574">
<ele>3.211</ele>
<time>2024-06-03T12:51:31Z</time>
<extensions>
<gpxtpx:TrackPointExtension>
<gpxtpx:hr>105</gpxtpx:hr>
<gpxtpx:cad>101</gpxtpx:cad>
</gpxtpx:TrackPointExtension>
</extensions>
</trkpt>
<trkpt lat="36.7843364" lon="126.9892697">
<ele>3.334</ele>
<time>2024-06-03T12:51:32Z</time>
<extensions>
<gpxtpx:TrackPointExtension>
<gpxtpx:hr>105</gpxtpx:hr>
</gpxtpx:TrackPointExtension>
</extensions>
</trkpt>
<trkpt lat="36.7843414" lon="126.9892805">
<ele>3.276</ele>
<time>2024-06-03T12:51:33Z</time>
<extensions>
<gpxtpx:TrackPointExtension>
<gpxtpx:hr>105</gpxtpx:hr>
</gpxtpx:TrackPointExtension>
</extensions>
</trkpt>
<trkpt lat="36.7843468" lon="126.9892885">
<ele>2.975</ele>
<time>2024-06-03T12:51:34Z</time>
<extensions>
<gpxtpx:TrackPointExtension>
<gpxtpx:hr>104</gpxtpx:hr>
</gpxtpx:TrackPointExtension>
</extensions>
</trkpt>
<trkpt lat="36.7843515" lon="126.9892951">
<ele>2.9</ele>
<time>2024-06-03T12:51:35Z</time>
<extensions>
<gpxtpx:TrackPointExtension>
<gpxtpx:hr>104</gpxtpx:hr>
</gpxtpx:TrackPointExtension>
</extensions>
</trkpt>
<trkpt lat="36.7843555" lon="126.9893008">
<ele>2.778</ele>
<time>2024-06-03T12:51:36Z</time>
<extensions>
<gpxtpx:TrackPointExtension>
<gpxtpx:hr>104</gpxtpx:hr>
</gpxtpx:TrackPointExtension>
</extensions>
</trkpt>
<trkpt lat="36.7843586" lon="126.989306">
<ele>2.742</ele>
<time>2024-06-03T12:51:37Z</time>
<extensions>
<gpxtpx:TrackPointExtension>
<gpxtpx:hr>104</gpxtpx:hr>
</gpxtpx:TrackPointExtension>
</extensions>
</trkpt>
<trkpt lat="36.7843633" lon="126.9893099">
<ele>2.743</ele>
<time>2024-06-03T12:51:38Z</time>
<extensions>
<gpxtpx:TrackPointExtension>
<gpxtpx:hr>103</gpxtpx:hr>
</gpxtpx:TrackPointExtension>
</extensions>
</trkpt>
<trkpt lat="36.7843688" lon="126.9893138">
<ele>2.791</ele>
<time>2024-06-03T12:51:39Z</time>
<extensions>
<gpxtpx:TrackPointExtension>
<gpxtpx:hr>103</gpxtpx:hr>
</gpxtpx:TrackPointExtension>
</extensions>
</trkpt>
<trkpt lat="36.7843745" lon="126.98932">
<ele>2.789</ele>
<time>2024-06-03T12:51:40Z</time>
<extensions>
<gpxtpx:TrackPointExtension>
<gpxtpx:hr>103</gpxtpx:hr>
</gpxtpx:TrackPointExtension>
</extensions>
</trkpt>
<trkpt lat="36.7843803" lon="126.9893273">
<ele>2.813</ele>
<time>2024-06-03T12:51:41Z</time>
<extensions>
<gpxtpx:TrackPointExtension>
<gpxtpx:hr>102</gpxtpx:hr>
<gpxtpx:cad>105</gpxtpx:cad>
</gpxtpx:TrackPointExtension>
</extensions>
</trkpt>
<trkpt lat="36.7843863" lon="126.9893355">
<ele>2.872</ele>
<time>2024-06-03T12:51:42Z</time>
<extensions>
<gpxtpx:TrackPointExtension>
<gpxtpx:hr>102</gpxtpx:hr>
</gpxtpx:TrackPointExtension>
</extensions>
</trkpt>
<trkpt lat="36.7843929" lon="126.9893448">
<ele>2.848</ele>
<time>2024-06-03T12:51:43Z</time>
<extensions>
<gpxtpx:TrackPointExtension>
<gpxtpx:hr>102</gpxtpx:hr>
</gpxtpx:TrackPointExtension>
</extensions>
</trkpt>
<trkpt lat="36.7843987" lon="126.9893583">
<ele>2.878</ele>
<time>2024-06-03T12:51:44Z</time>
<extensions>
<gpxtpx:TrackPointExtension>
<gpxtpx:hr>102</gpxtpx:hr>
</gpxtpx:TrackPointExtension>
</extensions>
</trkpt>
<trkpt lat="36.7844055" lon="126.9893752">
<ele>2.867</ele>
<time>2024-06-03T12:51:45Z</time>
<extensions>
<gpxtpx:TrackPointExtension>
<gpxtpx:hr>102</gpxtpx:hr>
</gpxtpx:TrackPointExtension>
</extensions>
</trkpt>
<trkpt lat="36.7844126" lon="126.9893944">
<ele>2.902</ele>
<time>2024-06-03T12:51:46Z</time>
<extensions>
<gpxtpx:TrackPointExtension>
<gpxtpx:hr>101</gpxtpx:hr>
</gpxtpx:TrackPointExtension>
</extensions>
</trkpt>
<trkpt lat="36.7844184" lon="126.9894151">
<ele>2.928</ele>
<time>2024-06-03T12:51:47Z</time>
<extensions>
<gpxtpx:TrackPointExtension>
<gpxtpx:hr>101</gpxtpx:hr>
</gpxtpx:TrackPointExtension>
</extensions>
</trkpt>
<trkpt lat="36.7844239" lon="126.9894368">
<ele>2.894</ele>
<time>2024-06-03T12:51:48Z</time>
<extensions>
<gpxtpx:TrackPointExtension>
<gpxtpx:hr>101</gpxtpx:hr>
</gpxtpx:TrackPointExtension>
</extensions>
</trkpt>
<trkpt lat="36.7844295" lon="126.9894602">
<ele>2.883</ele>
<time>2024-06-03T12:51:49Z</time>
<extensions>
<gpxtpx:TrackPointExtension>
<gpxtpx:hr>101</gpxtpx:hr>
</gpxtpx:TrackPointExtension>
</extensions>
</trkpt>
<trkpt lat="36.784435" lon="126.9894832">
<ele>2.962</ele>
<time>2024-06-03T12:51:50Z</time>
<extensions>
<gpxtpx:TrackPointExtension>
<gpxtpx:hr>101</gpxtpx:hr>
</gpxtpx:TrackPointExtension>
</extensions>
</trkpt>
<trkpt lat="36.7844411" lon="126.9895061">
<ele>2.88</ele>
<time>2024-06-03T12:51:51Z</time>
<extensions>
<gpxtpx:TrackPointExtension>
<gpxtpx:hr>101</gpxtpx:hr>
<gpxtpx:cad>107</gpxtpx:cad>
</gpxtpx:TrackPointExtension>
</extensions>
</trkpt>
<trkpt lat="36.7844552" lon="126.9895504">
<ele>2.894</ele>
<time>2024-06-03T12:51:52Z</time>
<extensions>
<gpxtpx:TrackPointExtension>
<gpxtpx:hr>101</gpxtpx:hr>
</gpxtpx:TrackPointExtension>
</extensions>
</trkpt>
<trkpt lat="36.7844597" lon="126.9895701">
<ele>2.894</ele>
<time>2024-06-03T12:51:53Z</time>
<extensions>
<gpxtpx:TrackPointExtension>
<gpxtpx:hr>101</gpxtpx:hr>
</gpxtpx:TrackPointExtension>
</extensions>
</trkpt>
<trkpt lat="36.7844621" lon="126.9895884">
<ele>2.847</ele>
<time>2024-06-03T12:51:54Z</time>
<extensions>
<gpxtpx:TrackPointExtension>
<gpxtpx:hr>101</gpxtpx:hr>
</gpxtpx:TrackPointExtension>
</extensions>
</trkpt>
<trkpt lat="36.7844624" lon="126.9896058">
<ele>2.811</ele>
<time>2024-06-03T12:51:55Z</time>
<extensions>
<gpxtpx:TrackPointExtension>
<gpxtpx:hr>101</gpxtpx:hr>
</gpxtpx:TrackPointExtension>
</extensions>
</trkpt>
<trkpt lat="36.7844621" lon="126.989625">
<ele>2.816</ele>
<time>2024-06-03T12:51:56Z</time>
<extensions>
<gpxtpx:TrackPointExtension>
<gpxtpx:hr>102</gpxtpx:hr>
</gpxtpx:TrackPointExtension>
</extensions>
</trkpt>
<trkpt lat="36.7844615" lon="126.9896435">
<ele>2.798</ele>
<time>2024-06-03T12:51:57Z</time>
<extensions>
<gpxtpx:TrackPointExtension>
<gpxtpx:hr>102</gpxtpx:hr>
</gpxtpx:TrackPointExtension>
</extensions>
</trkpt>
<trkpt lat="36.7844635" lon="126.9896629">
<ele>2.781</ele>
<time>2024-06-03T12:51:58Z</time>
<extensions>
<gpxtpx:TrackPointExtension>
<gpxtpx:hr>102</gpxtpx:hr>
</gpxtpx:TrackPointExtension>
</extensions>
</trkpt>
<trkpt lat="36.7844658" lon="126.9896826">
<ele>2.712</ele>
<time>2024-06-03T12:51:59Z</time>
<extensions>
<gpxtpx:TrackPointExtension>
<gpxtpx:hr>102</gpxtpx:hr>
</gpxtpx:TrackPointExtension>
</extensions>
</trkpt>
<trkpt lat="36.7844682" lon="126.9897033">
<ele>2.703</ele>
<time>2024-06-03T12:52:00Z</time>
<extensions>
<gpxtpx:TrackPointExtension>
<gpxtpx:hr>102</gpxtpx:hr>
</gpxtpx:TrackPointExtension>
</extensions>
</trkpt>
<trkpt lat="36.7844702" lon="126.9897243">
<ele>2.725</ele>
<time>2024-06-03T12:52:01Z</time>
<extensions>
<gpxtpx:TrackPointExtension>
<gpxtpx:hr>103</gpxtpx:hr>
<gpxtpx:cad>108</gpxtpx:cad>
</gpxtpx:TrackPointExtension>
</extensions>
</trkpt>
<trkpt lat="36.7844721" lon="126.9897456">
<ele>2.802</ele>
<time>2024-06-03T12:52:02Z</time>
<extensions>
<gpxtpx:TrackPointExtension>
<gpxtpx:hr>103</gpxtpx:hr>
</gpxtpx:TrackPointExtension>
</extensions>
</trkpt>
<trkpt lat="36.7844751" lon="126.9897669">
<ele>2.801</ele>
<time>2024-06-03T12:52:03Z</time>
<extensions>
<gpxtpx:TrackPointExtension>
<gpxtpx:hr>103</gpxtpx:hr>
</gpxtpx:TrackPointExtension>
</extensions>
</trkpt>
<trkpt lat="36.7844796" lon="126.989787">
<ele>2.765</ele>
<time>2024-06-03T12:52:04Z</time>
<extensions>
<gpxtpx:TrackPointExtension>
<gpxtpx:hr>103</gpxtpx:hr>
</gpxtpx:TrackPointExtension>
</extensions>
</trkpt>
<trkpt lat="36.7844854" lon="126.9898059">
<ele>2.737</ele>
<time>2024-06-03T12:52:05Z</time>
<extensions>
<gpxtpx:TrackPointExtension>
<gpxtpx:hr>103</gpxtpx:hr>
</gpxtpx:TrackPointExtension>
</extensions>
</trkpt>
<trkpt lat="36.784493" lon="126.9898256">
<ele>2.78</ele>
<time>2024-06-03T12:52:06Z</time>
<extensions>
<gpxtpx:TrackPointExtension>
<gpxtpx:hr>104</gpxtpx:hr>
</gpxtpx:TrackPointExtension>
</extensions>
</trkpt>
<trkpt lat="36.7845009" lon="126.9898454">
<ele>2.759</ele>
<time>2024-06-03T12:52:07Z</time>
<extensions>
<gpxtpx:TrackPointExtension>
<gpxtpx:hr>104</gpxtpx:hr>
</gpxtpx:TrackPointExtension>
</extensions>
</trkpt>
<trkpt lat="36.7845094" lon="126.9898649">
<ele>2.727</ele>
<time>2024-06-03T12:52:08Z</time>
<extensions>
<gpxtpx:TrackPointExtension>
<gpxtpx:hr>104</gpxtpx:hr>
</gpxtpx:TrackPointExtension>
</extensions>
</trkpt>
<trkpt lat="36.7845205" lon="126.9898864">
<ele>2.743</ele>
<time>2024-06-03T12:52:09Z</time>
<extensions>
<gpxtpx:TrackPointExtension>
<gpxtpx:hr>104</gpxtpx:hr>
</gpxtpx:TrackPointExtension>
</extensions>
</trkpt>
<trkpt lat="36.78453" lon="126.9899069">
<ele>2.734</ele>
<time>2024-06-03T12:52:10Z</time>
<extensions>
<gpxtpx:TrackPointExtension>
<gpxtpx:hr>104</gpxtpx:hr>
</gpxtpx:TrackPointExtension>
</extensions>
</trkpt>
<trkpt lat="36.7845395" lon="126.9899271">
<ele>2.755</ele>
<time>2024-06-03T12:52:11Z</time>
<extensions>
<gpxtpx:TrackPointExtension>
<gpxtpx:hr>104</gpxtpx:hr>
<gpxtpx:cad>107</gpxtpx:cad>
</gpxtpx:TrackPointExtension>
</extensions>
</trkpt>
<trkpt lat="36.7845483" lon="126.9899453">
<ele>2.738</ele>
<time>2024-06-03T12:52:12Z</time>
<extensions>
<gpxtpx:TrackPointExtension>
<gpxtpx:hr>104</gpxtpx:hr>
</gpxtpx:TrackPointExtension>
</extensions>
</trkpt>
<trkpt lat="36.7845569" lon="126.9899631">
<ele>2.758</ele>
<time>2024-06-03T12:52:13Z</time>
<extensions>
<gpxtpx:TrackPointExtension>
<gpxtpx:hr>104</gpxtpx:hr>
</gpxtpx:TrackPointExtension>
</extensions>
</trkpt>
<trkpt lat="36.7845629" lon="126.9899793">
<ele>2.762</ele>
<time>2024-06-03T12:52:14Z</time>
<extensions>
<gpxtpx:TrackPointExtension>
<gpxtpx:hr>103</gpxtpx:hr>
</gpxtpx:TrackPointExtension>
</extensions>
</trkpt>
<trkpt lat="36.7845674" lon="126.9899935">
<ele>2.783</ele>
<time>2024-06-03T12:52:15Z</time>
<extensions>
<gpxtpx:TrackPointExtension>
<gpxtpx:hr>103</gpxtpx:hr>
</gpxtpx:TrackPointExtension>
</extensions>
</trkpt>
<trkpt lat="36.7845709" lon="126.9900074">
<ele>2.766</ele>
<time>2024-06-03T12:52:16Z</time>
<extensions>
<gpxtpx:TrackPointExtension>
<gpxtpx:hr>103</gpxtpx:hr>
</gpxtpx:TrackPointExtension>
</extensions>
</trkpt>
<trkpt lat="36.7845728" lon="126.9900222">
<ele>2.779</ele>
<time>2024-06-03T12:52:17Z</time>
<extensions>
<gpxtpx:TrackPointExtension>
<gpxtpx:hr>103</gpxtpx:hr>
</gpxtpx:TrackPointExtension>
</extensions>
</trkpt>
<trkpt lat="36.7845735" lon="126.9900379">
<ele>2.732</ele>
<time>2024-06-03T12:52:18Z</time>
<extensions>
<gpxtpx:TrackPointExtension>
<gpxtpx:hr>103</gpxtpx:hr>
</gpxtpx:TrackPointExtension>
</extensions>
</trkpt>
<trkpt lat="36.7845726" lon="126.990055">
<ele>2.799</ele>
<time>2024-06-03T12:52:19Z</time>
<extensions>
<gpxtpx:TrackPointExtension>
<gpxtpx:hr>103</gpxtpx:hr>
</gpxtpx:TrackPointExtension>
</extensions>
</trkpt>
<trkpt lat="36.7845701" lon="126.9900737">
<ele>2.868</ele>
<time>2024-06-03T12:52:20Z</time>
<extensions>
<gpxtpx:TrackPointExtension>
<gpxtpx:hr>103</gpxtpx:hr>
</gpxtpx:TrackPointExtension>
</extensions>
</trkpt>
<trkpt lat="36.784563" lon="126.9900897">
<ele>2.966</ele>
<time>2024-06-03T12:52:21Z</time>
<extensions>
<gpxtpx:TrackPointExtension>
<gpxtpx:hr>103</gpxtpx:hr>
<gpxtpx:cad>107</gpxtpx:cad>
</gpxtpx:TrackPointExtension>
</extensions>
</trkpt>
<trkpt lat="36.7845525" lon="126.990103">
<ele>3.016</ele>
<time>2024-06-03T12:52:22Z</time>
<extensions>
<gpxtpx:TrackPointExtension>
<gpxtpx:hr>103</gpxtpx:hr>
<gpxtpx:cad>107</gpxtpx:cad>
</gpxtpx:TrackPointExtension>
</extensions>
</trkpt>
<trkpt lat="36.7845393" lon="126.9901136">
<ele>3.12</ele>
<time>2024-06-03T12:52:23Z</time>
<extensions>
<gpxtpx:TrackPointExtension>
<gpxtpx:hr>103</gpxtpx:hr>
</gpxtpx:TrackPointExtension>
</extensions>
</trkpt>
<trkpt lat="36.7845245" lon="126.9901207">
<ele>3.141</ele>
<time>2024-06-03T12:52:24Z</time>
<extensions>
<gpxtpx:TrackPointExtension>
<gpxtpx:hr>103</gpxtpx:hr>
</gpxtpx:TrackPointExtension>
</extensions>
</trkpt>
<trkpt lat="36.7845071" lon="126.9901252">
<ele>3.142</ele>
<time>2024-06-03T12:52:25Z</time>
<extensions>
<gpxtpx:TrackPointExtension>
<gpxtpx:hr>103</gpxtpx:hr>
</gpxtpx:TrackPointExtension>
</extensions>
</trkpt>
<trkpt lat="36.7844889" lon="126.9901264">
<ele>3.106</ele>
<time>2024-06-03T12:52:26Z</time>
</trkpt>
<trkpt lat="36.7844714" lon="126.9901251">
<ele>3.122</ele>
<time>2024-06-03T12:52:27Z</time>
<extensions>
<gpxtpx:TrackPointExtension>
<gpxtpx:hr>103</gpxtpx:hr>
</gpxtpx:TrackPointExtension>
</extensions>
</trkpt>
<trkpt lat="36.7844548" lon="126.990122">
<ele>3.144</ele>
<time>2024-06-03T12:52:28Z</time>
<extensions>
<gpxtpx:TrackPointExtension>
<gpxtpx:hr>103</gpxtpx:hr>
</gpxtpx:TrackPointExtension>
</extensions>
</trkpt>
<trkpt lat="36.7844375" lon="126.9901159">
<ele>3.132</ele>
<time>2024-06-03T12:52:29Z</time>
<extensions>
<gpxtpx:TrackPointExtension>
<gpxtpx:hr>103</gpxtpx:hr>
</gpxtpx:TrackPointExtension>
</extensions>
</trkpt>
<trkpt lat="36.7844193" lon="126.9901083">
<ele>3.202</ele>
<time>2024-06-03T12:52:30Z</time>
<extensions>
<gpxtpx:TrackPointExtension>
<gpxtpx:hr>103</gpxtpx:hr>
</gpxtpx:TrackPointExtension>
</extensions>
</trkpt>
<trkpt lat="36.7843996" lon="126.9901009">
<ele>3.14</ele>
<time>2024-06-03T12:52:31Z</time>
<extensions>
<gpxtpx:TrackPointExtension>
<gpxtpx:hr>103</gpxtpx:hr>
<gpxtpx:cad>119</gpxtpx:cad>
</gpxtpx:TrackPointExtension>
</extensions>
</trkpt>
<trkpt lat="36.7843781" lon="126.9900939">
<ele>3.176</ele>
<time>2024-06-03T12:52:32Z</time>
<extensions>
<gpxtpx:TrackPointExtension>
<gpxtpx:hr>102</gpxtpx:hr>
</gpxtpx:TrackPointExtension>
</extensions>
</trkpt>
<trkpt lat="36.7843553" lon="126.9900866">
<ele>3.238</ele>
<time>2024-06-03T12:52:33Z</time>
<extensions>
<gpxtpx:TrackPointExtension>
<gpxtpx:hr>102</gpxtpx:hr>
</gpxtpx:TrackPointExtension>
</extensions>
</trkpt>
<trkpt lat="36.7843334" lon="126.9900786">
<ele>3.178</ele>
<time>2024-06-03T12:52:34Z</time>
<extensions>
<gpxtpx:TrackPointExtension>
<gpxtpx:hr>102</gpxtpx:hr>
<gpxtpx:cad>123</gpxtpx:cad>
</gpxtpx:TrackPointExtension>
</extensions>
</trkpt>
<trkpt lat="36.7843132" lon="126.9900698">
<ele>3.14</ele>
<time>2024-06-03T12:52:35Z</time>
<extensions>
<gpxtpx:TrackPointExtension>
<gpxtpx:hr>102</gpxtpx:hr>
</gpxtpx:TrackPointExtension>
</extensions>
</trkpt>
<trkpt lat="36.784295" lon="126.9900594">
<ele>3.147</ele>
<time>2024-06-03T12:52:36Z</time>
<extensions>
<gpxtpx:TrackPointExtension>
<gpxtpx:hr>102</gpxtpx:hr>
</gpxtpx:TrackPointExtension>
</extensions>
</trkpt>
<trkpt lat="36.7842787" lon="126.9900473">
<ele>3.15</ele>
<time>2024-06-03T12:52:37Z</time>
<extensions>
<gpxtpx:TrackPointExtension>
<gpxtpx:hr>102</gpxtpx:hr>
</gpxtpx:TrackPointExtension>
</extensions>
</trkpt>
<trkpt lat="36.7842633" lon="126.9900328">
<ele>3.141</ele>
<time>2024-06-03T12:52:38Z</time>
<extensions>
<gpxtpx:TrackPointExtension>
<gpxtpx:hr>102</gpxtpx:hr>
</gpxtpx:TrackPointExtension>
</extensions>
</trkpt>
<trkpt lat="36.7842489" lon="126.9900157">
<ele>3.157</ele>
<time>2024-06-03T12:52:39Z</time>
<extensions>
<gpxtpx:TrackPointExtension>
<gpxtpx:hr>102</gpxtpx:hr>
</gpxtpx:TrackPointExtension>
</extensions>
</trkpt>
<trkpt lat="36.7842356" lon="126.9899968">
<ele>3.127</ele>
<time>2024-06-03T12:52:40Z</time>
<extensions>
<gpxtpx:TrackPointExtension>
<gpxtpx:hr>102</gpxtpx:hr>
</gpxtpx:TrackPointExtension>
</extensions>
</trkpt>
<trkpt lat="36.7842226" lon="126.9899764">
<ele>3.189</ele>
<time>2024-06-03T12:52:41Z</time>
<extensions>
<gpxtpx:TrackPointExtension>
<gpxtpx:hr>102</gpxtpx:hr>
<gpxtpx:cad>111</gpxtpx:cad>
</gpxtpx:TrackPointExtension>
</extensions>
</trkpt>
<trkpt lat="36.7842112" lon="126.9899557">
<ele>3.171</ele>
<time>2024-06-03T12:52:42Z</time>
<extensions>
<gpxtpx:TrackPointExtension>
<gpxtpx:hr>102</gpxtpx:hr>
</gpxtpx:TrackPointExtension>
</extensions>
</trkpt>
<trkpt lat="36.7842007" lon="126.9899367">
<ele>3.262</ele>
<time>2024-06-03T12:52:43Z</time>
<extensions>
<gpxtpx:TrackPointExtension>
<gpxtpx:hr>102</gpxtpx:hr>
</gpxtpx:TrackPointExtension>
</extensions>
</trkpt>
<trkpt lat="36.7841909" lon="126.9899196">
<ele>3.252</ele>
<time>2024-06-03T12:52:44Z</time>
<extensions>
<gpxtpx:TrackPointExtension>
<gpxtpx:hr>102</gpxtpx:hr>
</gpxtpx:TrackPointExtension>
</extensions>
</trkpt>
<trkpt lat="36.7841819" lon="126.9899042">
<ele>3.301</ele>
<time>2024-06-03T12:52:45Z</time>
<extensions>
<gpxtpx:TrackPointExtension>
<gpxtpx:hr>102</gpxtpx:hr>
</gpxtpx:TrackPointExtension>
</extensions>
</trkpt>
<trkpt lat="36.7841731" lon="126.9898882">
<ele>3.209</ele>
<time>2024-06-03T12:52:46Z</time>
<extensions>
<gpxtpx:TrackPointExtension>
<gpxtpx:hr>102</gpxtpx:hr>
</gpxtpx:TrackPointExtension>
</extensions>
</trkpt>
<trkpt lat="36.7841657" lon="126.9898733">
<ele>3.158</ele>
<time>2024-06-03T12:52:47Z</time>
<extensions>
<gpxtpx:TrackPointExtension>
<gpxtpx:hr>103</gpxtpx:hr>
</gpxtpx:TrackPointExtension>
</extensions>
</trkpt>
<trkpt lat="36.7841581" lon="126.9898597">
<ele>3.205</ele>
<time>2024-06-03T12:52:48Z</time>
<extensions>
<gpxtpx:TrackPointExtension>
<gpxtpx:hr>103</gpxtpx:hr>
</gpxtpx:TrackPointExtension>
</extensions>
</trkpt>
<trkpt lat="36.7841501" lon="126.989846">
<ele>3.153</ele>
<time>2024-06-03T12:52:49Z</time>
<extensions>
<gpxtpx:TrackPointExtension>
<gpxtpx:hr>103</gpxtpx:hr>
</gpxtpx:TrackPointExtension>
</extensions>
</trkpt>
<trkpt lat="36.7841408" lon="126.9898334">
<ele>3.13</ele>
<time>2024-06-03T12:52:50Z</time>
<extensions>
<gpxtpx:TrackPointExtension>
<gpxtpx:hr>103</gpxtpx:hr>
</gpxtpx:TrackPointExtension>
</extensions>
</trkpt>
<trkpt lat="36.7841317" lon="126.9898229">
<ele>3.163</ele>
<time>2024-06-03T12:52:51Z</time>
<extensions>
<gpxtpx:TrackPointExtension>
<gpxtpx:hr>104</gpxtpx:hr>
<gpxtpx:cad>108</gpxtpx:cad>
</gpxtpx:TrackPointExtension>
</extensions>
</trkpt>
<trkpt lat="36.7841236" lon="126.9898129">
<ele>3.187</ele>
<time>2024-06-03T12:52:52Z</time>
<extensions>
<gpxtpx:TrackPointExtension>
<gpxtpx:hr>104</gpxtpx:hr>
</gpxtpx:TrackPointExtension>
</extensions>
</trkpt>
<trkpt lat="36.7841158" lon="126.9898029">
<ele>3.201</ele>
<time>2024-06-03T12:52:53Z</time>
<extensions>
<gpxtpx:TrackPointExtension>
<gpxtpx:hr>104</gpxtpx:hr>
</gpxtpx:TrackPointExtension>
</extensions>
</trkpt>
<trkpt lat="36.7841096" lon="126.9897929">
<ele>3.215</ele>
<time>2024-06-03T12:52:54Z</time>
<extensions>
<gpxtpx:TrackPointExtension>
<gpxtpx:hr>104</gpxtpx:hr>
</gpxtpx:TrackPointExtension>
</extensions>
</trkpt>
<trkpt lat="36.7841047" lon="126.9897826">
<ele>3.256</ele>
<time>2024-06-03T12:52:55Z</time>
<extensions>
<gpxtpx:TrackPointExtension>
<gpxtpx:hr>104</gpxtpx:hr>
</gpxtpx:TrackPointExtension>
</extensions>
</trkpt>
<trkpt lat="36.7841008" lon="126.9897711">
<ele>3.207</ele>
<time>2024-06-03T12:52:56Z</time>
<extensions>
<gpxtpx:TrackPointExtension>
<gpxtpx:hr>104</gpxtpx:hr>
</gpxtpx:TrackPointExtension>
</extensions>
</trkpt>
<trkpt lat="36.7840974" lon="126.9897592">
<ele>3.124</ele>
<time>2024-06-03T12:52:57Z</time>
<extensions>
<gpxtpx:TrackPointExtension>
<gpxtpx:hr>104</gpxtpx:hr>
</gpxtpx:TrackPointExtension>
</extensions>
</trkpt>
<trkpt lat="36.7840934" lon="126.9897465">
<ele>3.1</ele>
<time>2024-06-03T12:52:58Z</time>
<extensions>
<gpxtpx:TrackPointExtension>
<gpxtpx:hr>103</gpxtpx:hr>
</gpxtpx:TrackPointExtension>
</extensions>
</trkpt>
<trkpt lat="36.7840893" lon="126.9897341">
<ele>3.105</ele>
<time>2024-06-03T12:52:59Z</time>
<extensions>
<gpxtpx:TrackPointExtension>
<gpxtpx:hr>103</gpxtpx:hr>
</gpxtpx:TrackPointExtension>
</extensions>
</trkpt>
<trkpt lat="36.7840847" lon="126.9897214">
<ele>3.107</ele>
<time>2024-06-03T12:53:00Z</time>
<extensions>
<gpxtpx:TrackPointExtension>
<gpxtpx:hr>103</gpxtpx:hr>
<gpxtpx:cad>107</gpxtpx:cad>
</gpxtpx:TrackPointExtension>
</extensions>
</trkpt>
<trkpt lat="36.7840796" lon="126.9897074">
<ele>3.243</ele>
<time>2024-06-03T12:53:01Z</time>
<extensions>
<gpxtpx:TrackPointExtension>
<gpxtpx:hr>103</gpxtpx:hr>
</gpxtpx:TrackPointExtension>
</extensions>
</trkpt>
<trkpt lat="36.7840747" lon="126.9896945">
<ele>3.439</ele>
<time>2024-06-03T12:53:02Z</time>
<extensions>
<gpxtpx:TrackPointExtension>
<gpxtpx:hr>102</gpxtpx:hr>
</gpxtpx:TrackPointExtension>
</extensions>
</trkpt>
<trkpt lat="36.7840695" lon="126.9896816">
<ele>3.423</ele>
<time>2024-06-03T12:53:03Z</time>
<extensions>
<gpxtpx:TrackPointExtension>
<gpxtpx:hr>102</gpxtpx:hr>
</gpxtpx:TrackPointExtension>
</extensions>
</trkpt>
<trkpt lat="36.7840666" lon="126.9896708">
<ele>3.057</ele>
<time>2024-06-03T12:53:04Z</time>
<extensions>
<gpxtpx:TrackPointExtension>
<gpxtpx:hr>102</gpxtpx:hr>
</gpxtpx:TrackPointExtension>
</extensions>
</trkpt>
<trkpt lat="36.7843601" lon="126.9926342">
<ele>2.271</ele>
<time>2024-06-03T13:06:40Z</time>
<extensions>
<gpxtpx:TrackPointExtension>
<gpxtpx:hr>108</gpxtpx:hr>
</gpxtpx:TrackPointExtension>
</extensions>
</trkpt>
<trkpt lat="36.7843478" lon="126.9926327">
<ele>2.323</ele>
<time>2024-06-03T13:06:41Z</time>
<extensions>
<gpxtpx:TrackPointExtension>
<gpxtpx:hr>108</gpxtpx:hr>
</gpxtpx:TrackPointExtension>
</extensions>
</trkpt>
<trkpt lat="36.7843256" lon="126.9926361">
<ele>2.417</ele>
<time>2024-06-03T13:06:42Z</time>
<extensions>
<gpxtpx:TrackPointExtension>
<gpxtpx:hr>108</gpxtpx:hr>
</gpxtpx:TrackPointExtension>
</extensions>
</trkpt>
<trkpt lat="36.7843051" lon="126.9926298">
<ele>2.507</ele>
<time>2024-06-03T13:06:43Z</time>
<extensions>
<gpxtpx:TrackPointExtension>
<gpxtpx:hr>108</gpxtpx:hr>
</gpxtpx:TrackPointExtension>
</extensions>
</trkpt>
<trkpt lat="36.7842864" lon="126.9926141">
<ele>2.606</ele>
<time>2024-06-03T13:06:44Z</time>
<extensions>
<gpxtpx:TrackPointExtension>
<gpxtpx:hr>107</gpxtpx:hr>
</gpxtpx:TrackPointExtension>
</extensions>
</trkpt>
<trkpt lat="36.7842737" lon="126.9926011">
<ele>2.667</ele>
<time>2024-06-03T13:06:45Z</time>
<extensions>
<gpxtpx:TrackPointExtension>
<gpxtpx:hr>107</gpxtpx:hr>
</gpxtpx:TrackPointExtension>
</extensions>
</trkpt>
<trkpt lat="36.7842572" lon="126.99259">
<ele>2.617</ele>
<time>2024-06-03T13:06:46Z</time>
<extensions>
<gpxtpx:TrackPointExtension>
<gpxtpx:hr>106</gpxtpx:hr>
</gpxtpx:TrackPointExtension>
</extensions>
</trkpt>
<trkpt lat="36.7842473" lon="126.9925872">
<ele>2.545</ele>
<time>2024-06-03T13:06:47Z</time>
<extensions>
<gpxtpx:TrackPointExtension>
<gpxtpx:hr>106</gpxtpx:hr>
</gpxtpx:TrackPointExtension>
</extensions>
</trkpt>
<trkpt lat="36.7842359" lon="126.9925777">
<ele>2.403</ele>
<time>2024-06-03T13:06:48Z</time>
<extensions>
<gpxtpx:TrackPointExtension>
<gpxtpx:hr>106</gpxtpx:hr>
<gpxtpx:cad>106</gpxtpx:cad>
</gpxtpx:TrackPointExtension>
</extensions>
</trkpt>
<trkpt lat="36.7842204" lon="126.9925661">
<ele>2.219</ele>
<time>2024-06-03T13:06:49Z</time>
<extensions>
<gpxtpx:TrackPointExtension>
<gpxtpx:hr>106</gpxtpx:hr>
</gpxtpx:TrackPointExtension>
</extensions>
</trkpt>
<trkpt lat="36.7841972" lon="126.9925867">
<ele>2.125</ele>
<time>2024-06-03T13:06:50Z</time>
<extensions>
<gpxtpx:TrackPointExtension>
<gpxtpx:hr>107</gpxtpx:hr>
</gpxtpx:TrackPointExtension>
</extensions>
</trkpt>
<trkpt lat="36.7841796" lon="126.9925991">
<ele>2.06</ele>
<time>2024-06-03T13:06:51Z</time>
<extensions>
<gpxtpx:TrackPointExtension>
<gpxtpx:hr>107</gpxtpx:hr>
</gpxtpx:TrackPointExtension>
</extensions>
</trkpt>
<trkpt lat="36.78416" lon="126.9926139">
<ele>1.953</ele>
<time>2024-06-03T13:06:52Z</time>
<extensions>
<gpxtpx:TrackPointExtension>
<gpxtpx:hr>107</gpxtpx:hr>
</gpxtpx:TrackPointExtension>
</extensions>
</trkpt>
<trkpt lat="36.7841336" lon="126.9926322">
<ele>1.979</ele>
<time>2024-06-03T13:06:53Z</time>
<extensions>
<gpxtpx:TrackPointExtension>
<gpxtpx:hr>107</gpxtpx:hr>
</gpxtpx:TrackPointExtension>
</extensions>
</trkpt>
<trkpt lat="36.7841141" lon="126.9926495">
<ele>1.946</ele>
<time>2024-06-03T13:06:54Z</time>
<extensions>
<gpxtpx:TrackPointExtension>
<gpxtpx:hr>107</gpxtpx:hr>
</gpxtpx:TrackPointExtension>
</extensions>
</trkpt>
<trkpt lat="36.7841015" lon="126.9926601">
<ele>1.878</ele>
<time>2024-06-03T13:06:55Z</time>
<extensions>
<gpxtpx:TrackPointExtension>
<gpxtpx:hr>107</gpxtpx:hr>
</gpxtpx:TrackPointExtension>
</extensions>
</trkpt>
<trkpt lat="36.7840888" lon="126.992657">
<ele>1.814</ele>
<time>2024-06-03T13:06:56Z</time>
<extensions>
<gpxtpx:TrackPointExtension>
<gpxtpx:hr>107</gpxtpx:hr>
</gpxtpx:TrackPointExtension>
</extensions>
</trkpt>
<trkpt lat="36.7840874" lon="126.9926461">
<ele>1.677</ele>
<time>2024-06-03T13:06:57Z</time>
<extensions>
<gpxtpx:TrackPointExtension>
<gpxtpx:hr>107</gpxtpx:hr>
</gpxtpx:TrackPointExtension>
</extensions>
</trkpt>
<trkpt lat="36.7840948" lon="126.9926606">
<ele>1.703</ele>
<time>2024-06-03T13:06:58Z</time>
<extensions>
<gpxtpx:TrackPointExtension>
<gpxtpx:hr>107</gpxtpx:hr>
<gpxtpx:cad>108</gpxtpx:cad>
</gpxtpx:TrackPointExtension>
</extensions>
</trkpt>
<trkpt lat="36.7840925" lon="126.9926782">
<ele>1.754</ele>
<time>2024-06-03T13:06:59Z</time>
<extensions>
<gpxtpx:TrackPointExtension>
<gpxtpx:hr>107</gpxtpx:hr>
</gpxtpx:TrackPointExtension>
</extensions>
</trkpt>
<trkpt lat="36.7840796" lon="126.9926982">
<ele>1.781</ele>
<time>2024-06-03T13:07:00Z</time>
<extensions>
<gpxtpx:TrackPointExtension>
<gpxtpx:hr>106</gpxtpx:hr>
</gpxtpx:TrackPointExtension>
</extensions>
</trkpt>
<trkpt lat="36.784074" lon="126.9927073">
<ele>1.775</ele>
<time>2024-06-03T13:07:01Z</time>
<extensions>
<gpxtpx:TrackPointExtension>
<gpxtpx:hr>106</gpxtpx:hr>
</gpxtpx:TrackPointExtension>
</extensions>
</trkpt>
<trkpt lat="36.7840658" lon="126.9927206">
<ele>1.809</ele>
<time>2024-06-03T13:07:03Z</time>
<extensions>
<gpxtpx:TrackPointExtension>
<gpxtpx:hr>106</gpxtpx:hr>
</gpxtpx:TrackPointExtension>
</extensions>
</trkpt>
<trkpt lat="36.7840629" lon="126.9927284">
<ele>1.972</ele>
<time>2024-06-03T13:07:04Z</time>
<extensions>
<gpxtpx:TrackPointExtension>
<gpxtpx:hr>106</gpxtpx:hr>
</gpxtpx:TrackPointExtension>
</extensions>
</trkpt>
<trkpt lat="36.7840609" lon="126.9927545">
<ele>2.222</ele>
<time>2024-06-03T13:07:05Z</time>
<extensions>
<gpxtpx:TrackPointExtension>
<gpxtpx:hr>106</gpxtpx:hr>
</gpxtpx:TrackPointExtension>
</extensions>
</trkpt>
<trkpt lat="36.7840539" lon="126.9927712">
<ele>2.221</ele>
<time>2024-06-03T13:07:06Z</time>
<extensions>
<gpxtpx:TrackPointExtension>
<gpxtpx:hr>106</gpxtpx:hr>
</gpxtpx:TrackPointExtension>
</extensions>
</trkpt>
<trkpt lat="36.7840618" lon="126.9927844">
<ele>2.104</ele>
<time>2024-06-03T13:07:07Z</time>
<extensions>
<gpxtpx:TrackPointExtension>
<gpxtpx:hr>106</gpxtpx:hr>
</gpxtpx:TrackPointExtension>
</extensions>
</trkpt>
<trkpt lat="36.7840744" lon="126.9928203">
<ele>1.993</ele>
<time>2024-06-03T13:07:08Z</time>
<extensions>
<gpxtpx:TrackPointExtension>
<gpxtpx:hr>106</gpxtpx:hr>
</gpxtpx:TrackPointExtension>
</extensions>
</trkpt>
<trkpt lat="36.7840708" lon="126.9928335">
<ele>2.02</ele>
<time>2024-06-03T13:07:09Z</time>
<extensions>
<gpxtpx:TrackPointExtension>
<gpxtpx:hr>106</gpxtpx:hr>
<gpxtpx:cad>107</gpxtpx:cad>
</gpxtpx:TrackPointExtension>
</extensions>
</trkpt>
<trkpt lat="36.7840676" lon="126.9928618">
<ele>1.958</ele>
<time>2024-06-03T13:07:10Z</time>
<extensions>
<gpxtpx:TrackPointExtension>
<gpxtpx:hr>106</gpxtpx:hr>
</gpxtpx:TrackPointExtension>
</extensions>
</trkpt>
<trkpt lat="36.7840577" lon="126.9928751">
<ele>1.998</ele>
<time>2024-06-03T13:07:11Z</time>
<extensions>
<gpxtpx:TrackPointExtension>
<gpxtpx:hr>105</gpxtpx:hr>
</gpxtpx:TrackPointExtension>
</extensions>
</trkpt>
<trkpt lat="36.7840483" lon="126.9928878">
<ele>2.08</ele>
<time>2024-06-03T13:07:12Z</time>
<extensions>
<gpxtpx:TrackPointExtension>
<gpxtpx:hr>105</gpxtpx:hr>
</gpxtpx:TrackPointExtension>
</extensions>
</trkpt>
<trkpt lat="36.7840458" lon="126.9929096">
<ele>2.077</ele>
<time>2024-06-03T13:07:13Z</time>
<extensions>
<gpxtpx:TrackPointExtension>
<gpxtpx:hr>105</gpxtpx:hr>
</gpxtpx:TrackPointExtension>
</extensions>
</trkpt>
<trkpt lat="36.7840391" lon="126.9929304">
<ele>2.018</ele>
<time>2024-06-03T13:07:14Z</time>
<extensions>
<gpxtpx:TrackPointExtension>
<gpxtpx:hr>104</gpxtpx:hr>
</gpxtpx:TrackPointExtension>
</extensions>
</trkpt>
<trkpt lat="36.7840388" lon="126.9929383">
<ele>1.938</ele>
<time>2024-06-03T13:07:15Z</time>
<extensions>
<gpxtpx:TrackPointExtension>
<gpxtpx:hr>104</gpxtpx:hr>
</gpxtpx:TrackPointExtension>
</extensions>
</trkpt>
<trkpt lat="36.7840394" lon="126.9929473">
<ele>1.853</ele>
<time>2024-06-03T13:07:16Z</time>
<extensions>
<gpxtpx:TrackPointExtension>
<gpxtpx:hr>104</gpxtpx:hr>
</gpxtpx:TrackPointExtension>
</extensions>
</trkpt>
<trkpt lat="36.7840367" lon="126.9929549">
<ele>1.855</ele>
<time>2024-06-03T13:07:17Z</time>
<extensions>
<gpxtpx:TrackPointExtension>
<gpxtpx:hr>104</gpxtpx:hr>
</gpxtpx:TrackPointExtension>
</extensions>
</trkpt>
<trkpt lat="36.7840341" lon="126.9929676">
<ele>1.84</ele>
<time>2024-06-03T13:07:18Z</time>
<extensions>
<gpxtpx:TrackPointExtension>
<gpxtpx:hr>104</gpxtpx:hr>
</gpxtpx:TrackPointExtension>
</extensions>
</trkpt>
<trkpt lat="36.7840308" lon="126.9929796">
<ele>2.087</ele>
<time>2024-06-03T13:07:19Z</time>
<extensions>
<gpxtpx:TrackPointExtension>
<gpxtpx:hr>104</gpxtpx:hr>
<gpxtpx:cad>105</gpxtpx:cad>
</gpxtpx:TrackPointExtension>
</extensions>
</trkpt>
<trkpt lat="36.7840271" lon="126.9930073">
<ele>2.317</ele>
<time>2024-06-03T13:07:20Z</time>
<extensions>
<gpxtpx:TrackPointExtension>
<gpxtpx:hr>104</gpxtpx:hr>
</gpxtpx:TrackPointExtension>
</extensions>
</trkpt>
<trkpt lat="36.7840176" lon="126.9930297">
<ele>2.255</ele>
<time>2024-06-03T13:07:21Z</time>
<extensions>
<gpxtpx:TrackPointExtension>
<gpxtpx:hr>104</gpxtpx:hr>
</gpxtpx:TrackPointExtension>
</extensions>
</trkpt>
<trkpt lat="36.7840148" lon="126.9930434">
<ele>2.267</ele>
<time>2024-06-03T13:07:22Z</time>
<extensions>
<gpxtpx:TrackPointExtension>
<gpxtpx:hr>103</gpxtpx:hr>
</gpxtpx:TrackPointExtension>
</extensions>
</trkpt>
<trkpt lat="36.7840108" lon="126.9930569">
<ele>2.326</ele>
<time>2024-06-03T13:07:23Z</time>
<extensions>
<gpxtpx:TrackPointExtension>
<gpxtpx:hr>103</gpxtpx:hr>
</gpxtpx:TrackPointExtension>
</extensions>
</trkpt>
<trkpt lat="36.7840094" lon="126.9930708">
<ele>2.503</ele>
<time>2024-06-03T13:07:24Z</time>
<extensions>
<gpxtpx:TrackPointExtension>
<gpxtpx:hr>103</gpxtpx:hr>
</gpxtpx:TrackPointExtension>
</extensions>
</trkpt>
<trkpt lat="36.784009" lon="126.9930895">
<ele>2.528</ele>
<time>2024-06-03T13:07:25Z</time>
<extensions>
<gpxtpx:TrackPointExtension>
<gpxtpx:hr>103</gpxtpx:hr>
</gpxtpx:TrackPointExtension>
</extensions>
</trkpt>
<trkpt lat="36.7840068" lon="126.9931057">
<ele>2.429</ele>
<time>2024-06-03T13:07:26Z</time>
<extensions>
<gpxtpx:TrackPointExtension>
<gpxtpx:hr>102</gpxtpx:hr>
</gpxtpx:TrackPointExtension>
</extensions>
</trkpt>
<trkpt lat="36.784008" lon="126.9931196">
<ele>2.472</ele>
<time>2024-06-03T13:07:27Z</time>
<extensions>
<gpxtpx:TrackPointExtension>
<gpxtpx:hr>102</gpxtpx:hr>
</gpxtpx:TrackPointExtension>
</extensions>
</trkpt>
<trkpt lat="36.784007" lon="126.993132">
<ele>2.66</ele>
<time>2024-06-03T13:07:28Z</time>
<extensions>
<gpxtpx:TrackPointExtension>
<gpxtpx:hr>102</gpxtpx:hr>
</gpxtpx:TrackPointExtension>
</extensions>
</trkpt>
<trkpt lat="36.7840067" lon="126.9931403">
<ele>2.54</ele>
<time>2024-06-03T13:07:29Z</time>
<extensions>
<gpxtpx:TrackPointExtension>
<gpxtpx:hr>102</gpxtpx:hr>
<gpxtpx:cad>104</gpxtpx:cad>
</gpxtpx:TrackPointExtension>
</extensions>
</trkpt>
<trkpt lat="36.7840067" lon="126.9931476">
<ele>2.395</ele>
<time>2024-06-03T13:07:30Z</time>
<extensions>
<gpxtpx:TrackPointExtension>
<gpxtpx:hr>102</gpxtpx:hr>
</gpxtpx:TrackPointExtension>
</extensions>
</trkpt>
<trkpt lat="36.7840057" lon="126.993155">
<ele>2.487</ele>
<time>2024-06-03T13:07:31Z</time>
<extensions>
<gpxtpx:TrackPointExtension>
<gpxtpx:hr>102</gpxtpx:hr>
</gpxtpx:TrackPointExtension>
</extensions>
</trkpt>
<trkpt lat="36.7840059" lon="126.9931632">
<ele>2.674</ele>
<time>2024-06-03T13:07:32Z</time>
<extensions>
<gpxtpx:TrackPointExtension>
<gpxtpx:hr>101</gpxtpx:hr>
</gpxtpx:TrackPointExtension>
</extensions>
</trkpt>
<trkpt lat="36.7840063" lon="126.9931715">
<ele>2.712</ele>
<time>2024-06-03T13:07:33Z</time>
<extensions>
<gpxtpx:TrackPointExtension>
<gpxtpx:hr>101</gpxtpx:hr>
</gpxtpx:TrackPointExtension>
</extensions>
</trkpt>
<trkpt lat="36.7840074" lon="126.9931803">
<ele>2.591</ele>
<time>2024-06-03T13:07:34Z</time>
<extensions>
<gpxtpx:TrackPointExtension>
<gpxtpx:hr>100</gpxtpx:hr>
</gpxtpx:TrackPointExtension>
</extensions>
</trkpt>
<trkpt lat="36.7840088" lon="126.9931896">
<ele>2.429</ele>
<time>2024-06-03T13:07:35Z</time>
<extensions>
<gpxtpx:TrackPointExtension>
<gpxtpx:hr>100</gpxtpx:hr>
</gpxtpx:TrackPointExtension>
</extensions>
</trkpt>
<trkpt lat="36.7840101" lon="126.993199">
<ele>2.533</ele>
<time>2024-06-03T13:07:36Z</time>
<extensions>
<gpxtpx:TrackPointExtension>
<gpxtpx:hr>99</gpxtpx:hr>
</gpxtpx:TrackPointExtension>
</extensions>
</trkpt>
<trkpt lat="36.7840104" lon="126.9932092">
<ele>2.85</ele>
<time>2024-06-03T13:07:37Z</time>
<extensions>
<gpxtpx:TrackPointExtension>
<gpxtpx:hr>99</gpxtpx:hr>
</gpxtpx:TrackPointExtension>
</extensions>
</trkpt>
<trkpt lat="36.78401" lon="126.9932195">
<ele>3.145</ele>
<time>2024-06-03T13:07:38Z</time>
<extensions>
<gpxtpx:TrackPointExtension>
<gpxtpx:hr>99</gpxtpx:hr>
<gpxtpx:cad>104</gpxtpx:cad>
</gpxtpx:TrackPointExtension>
</extensions>
</trkpt>
<trkpt lat="36.7840083" lon="126.993232">
<ele>3.331</ele>
<time>2024-06-03T13:07:39Z</time>
<extensions>
<gpxtpx:TrackPointExtension>
<gpxtpx:hr>98</gpxtpx:hr>
</gpxtpx:TrackPointExtension>
</extensions>
</trkpt>
<trkpt lat="36.7840045" lon="126.9932462">
<ele>3.432</ele>
<time>2024-06-03T13:07:40Z</time>
<extensions>
<gpxtpx:TrackPointExtension>
<gpxtpx:hr>98</gpxtpx:hr>
</gpxtpx:TrackPointExtension>
</extensions>
</trkpt>
<trkpt lat="36.7839999" lon="126.9932602">
<ele>3.482</ele>
<time>2024-06-03T13:07:41Z</time>
<extensions>
<gpxtpx:TrackPointExtension>
<gpxtpx:hr>99</gpxtpx:hr>
<gpxtpx:cad>104</gpxtpx:cad>
</gpxtpx:TrackPointExtension>
</extensions>
</trkpt>
<trkpt lat="36.7839945" lon="126.9932734">
<ele>3.379</ele>
<time>2024-06-03T13:07:42Z</time>
<extensions>
<gpxtpx:TrackPointExtension>
<gpxtpx:hr>99</gpxtpx:hr>
</gpxtpx:TrackPointExtension>
</extensions>
</trkpt>
<trkpt lat="36.7839883" lon="126.9932853">
<ele>3.412</ele>
<time>2024-06-03T13:07:43Z</time>
<extensions>
<gpxtpx:TrackPointExtension>
<gpxtpx:hr>99</gpxtpx:hr>
</gpxtpx:TrackPointExtension>
</extensions>
</trkpt>
<trkpt lat="36.7839818" lon="126.9932974">
<ele>3.266</ele>
<time>2024-06-03T13:07:44Z</time>
<extensions>
<gpxtpx:TrackPointExtension>
<gpxtpx:hr>99</gpxtpx:hr>
</gpxtpx:TrackPointExtension>
</extensions>
</trkpt>
<trkpt lat="36.7839751" lon="126.9933097">
<ele>3.321</ele>
<time>2024-06-03T13:07:45Z</time>
<extensions>
<gpxtpx:TrackPointExtension>
<gpxtpx:hr>99</gpxtpx:hr>
</gpxtpx:TrackPointExtension>
</extensions>
</trkpt>
<trkpt lat="36.7839703" lon="126.9933225">
<ele>3.325</ele>
<time>2024-06-03T13:07:46Z</time>
<extensions>
<gpxtpx:TrackPointExtension>
<gpxtpx:hr>99</gpxtpx:hr>
</gpxtpx:TrackPointExtension>
</extensions>
</trkpt>
<trkpt lat="36.7839663" lon="126.9933347">
<ele>3.546</ele>
<time>2024-06-03T13:07:47Z</time>
<extensions>
<gpxtpx:TrackPointExtension>
<gpxtpx:hr>99</gpxtpx:hr>
</gpxtpx:TrackPointExtension>
</extensions>
</trkpt>
<trkpt lat="36.783963" lon="126.993346">
<ele>3.66</ele>
<time>2024-06-03T13:07:48Z</time>
<extensions>
<gpxtpx:TrackPointExtension>
<gpxtpx:hr>99</gpxtpx:hr>
<gpxtpx:cad>104</gpxtpx:cad>
</gpxtpx:TrackPointExtension>
</extensions>
</trkpt>
<trkpt lat="36.7839596" lon="126.9933573">
<ele>3.526</ele>
<time>2024-06-03T13:07:49Z</time>
<extensions>
<gpxtpx:TrackPointExtension>
<gpxtpx:hr>99</gpxtpx:hr>
</gpxtpx:TrackPointExtension>
</extensions>
</trkpt>
<trkpt lat="36.7839562" lon="126.9933677">
<ele>3.444</ele>
<time>2024-06-03T13:07:50Z</time>
<extensions>
<gpxtpx:TrackPointExtension>
<gpxtpx:hr>99</gpxtpx:hr>
</gpxtpx:TrackPointExtension>
</extensions>
</trkpt>
<trkpt lat="36.7839528" lon="126.9933787">
<ele>3.423</ele>
<time>2024-06-03T13:07:51Z</time>
<extensions>
<gpxtpx:TrackPointExtension>
<gpxtpx:hr>99</gpxtpx:hr>
</gpxtpx:TrackPointExtension>
</extensions>
</trkpt>
<trkpt lat="36.7839495" lon="126.9933893">
<ele>3.656</ele>
<time>2024-06-03T13:07:52Z</time>
<extensions>
<gpxtpx:TrackPointExtension>
<gpxtpx:hr>99</gpxtpx:hr>
</gpxtpx:TrackPointExtension>
</extensions>
</trkpt>
<trkpt lat="36.7839458" lon="126.9934011">
<ele>3.723</ele>
<time>2024-06-03T13:07:53Z</time>
<extensions>
<gpxtpx:TrackPointExtension>
<gpxtpx:hr>99</gpxtpx:hr>
</gpxtpx:TrackPointExtension>
</extensions>
</trkpt>
<trkpt lat="36.7839414" lon="126.9934137">
<ele>3.727</ele>
<time>2024-06-03T13:07:54Z</time>
<extensions>
<gpxtpx:TrackPointExtension>
<gpxtpx:hr>99</gpxtpx:hr>
</gpxtpx:TrackPointExtension>
</extensions>
</trkpt>
<trkpt lat="36.7839361" lon="126.9934276">
<ele>3.664</ele>
<time>2024-06-03T13:07:55Z</time>
<extensions>
<gpxtpx:TrackPointExtension>
<gpxtpx:hr>99</gpxtpx:hr>
</gpxtpx:TrackPointExtension>
</extensions>
</trkpt>
<trkpt lat="36.7839303" lon="126.9934422">
<ele>3.666</ele>
<time>2024-06-03T13:07:56Z</time>
<extensions>
<gpxtpx:TrackPointExtension>
<gpxtpx:hr>100</gpxtpx:hr>
</gpxtpx:TrackPointExtension>
</extensions>
</trkpt>
<trkpt lat="36.7839245" lon="126.9934576">
<ele>3.674</ele>
<time>2024-06-03T13:07:57Z</time>
<extensions>
<gpxtpx:TrackPointExtension>
<gpxtpx:hr>100</gpxtpx:hr>
</gpxtpx:TrackPointExtension>
</extensions>
</trkpt>
<trkpt lat="36.7839196" lon="126.9934737">
<ele>3.683</ele>
<time>2024-06-03T13:07:58Z</time>
<extensions>
<gpxtpx:TrackPointExtension>
<gpxtpx:hr>100</gpxtpx:hr>
<gpxtpx:cad>104</gpxtpx:cad>
</gpxtpx:TrackPointExtension>
</extensions>
</trkpt>
<trkpt lat="36.7839141" lon="126.9934902">
<ele>3.678</ele>
<time>2024-06-03T13:07:59Z</time>
<extensions>
<gpxtpx:TrackPointExtension>
<gpxtpx:hr>99</gpxtpx:hr>
</gpxtpx:TrackPointExtension>
</extensions>
</trkpt>
<trkpt lat="36.7839076" lon="126.9935082">
<ele>3.743</ele>
<time>2024-06-03T13:08:00Z</time>
<extensions>
<gpxtpx:TrackPointExtension>
<gpxtpx:hr>99</gpxtpx:hr>
</gpxtpx:TrackPointExtension>
</extensions>
</trkpt>
<trkpt lat="36.7839005" lon="126.9935265">
<ele>3.863</ele>
<time>2024-06-03T13:08:01Z</time>
<extensions>
<gpxtpx:TrackPointExtension>
<gpxtpx:hr>99</gpxtpx:hr>
</gpxtpx:TrackPointExtension>
</extensions>
</trkpt>
<trkpt lat="36.7838939" lon="126.9935435">
<ele>3.953</ele>
<time>2024-06-03T13:08:02Z</time>
<extensions>
<gpxtpx:TrackPointExtension>
<gpxtpx:hr>99</gpxtpx:hr>
</gpxtpx:TrackPointExtension>
</extensions>
</trkpt>
<trkpt lat="36.7838875" lon="126.9935601">
<ele>4.073</ele>
<time>2024-06-03T13:08:03Z</time>
<extensions>
<gpxtpx:TrackPointExtension>
<gpxtpx:hr>98</gpxtpx:hr>
</gpxtpx:TrackPointExtension>
</extensions>
</trkpt>
<trkpt lat="36.7838798" lon="126.9935769">
<ele>4.211</ele>
<time>2024-06-03T13:08:04Z</time>
<extensions>
<gpxtpx:TrackPointExtension>
<gpxtpx:hr>98</gpxtpx:hr>
</gpxtpx:TrackPointExtension>
</extensions>
</trkpt>
<trkpt lat="36.7838725" lon="126.9935929">
<ele>4.265</ele>
<time>2024-06-03T13:08:05Z</time>
<extensions>
<gpxtpx:TrackPointExtension>
<gpxtpx:hr>96</gpxtpx:hr>
</gpxtpx:TrackPointExtension>
</extensions>
</trkpt>
<trkpt lat="36.7838656" lon="126.9936078">
<ele>4.219</ele>
<time>2024-06-03T13:08:06Z</time>
<extensions>
<gpxtpx:TrackPointExtension>
<gpxtpx:hr>96</gpxtpx:hr>
</gpxtpx:TrackPointExtension>
</extensions>
</trkpt>
<trkpt lat="36.7838588" lon="126.9936229">
<ele>4.347</ele>
<time>2024-06-03T13:08:07Z</time>
<extensions>
<gpxtpx:TrackPointExtension>
<gpxtpx:hr>95</gpxtpx:hr>
</gpxtpx:TrackPointExtension>
</extensions>
</trkpt>
<trkpt lat="36.7838531" lon="126.9936376">
<ele>4.369</ele>
<time>2024-06-03T13:08:08Z</time>
<extensions>
<gpxtpx:TrackPointExtension>
<gpxtpx:hr>94</gpxtpx:hr>
<gpxtpx:cad>104</gpxtpx:cad>
</gpxtpx:TrackPointExtension>
</extensions>
</trkpt>
<trkpt lat="36.7838478" lon="126.9936524">
<ele>4.351</ele>
<time>2024-06-03T13:08:09Z</time>
<extensions>
<gpxtpx:TrackPointExtension>
<gpxtpx:hr>95</gpxtpx:hr>
</gpxtpx:TrackPointExtension>
</extensions>
</trkpt>
<trkpt lat="36.7838433" lon="126.9936673">
<ele>4.47</ele>
<time>2024-06-03T13:08:10Z</time>
<extensions>
<gpxtpx:TrackPointExtension>
<gpxtpx:hr>95</gpxtpx:hr>
</gpxtpx:TrackPointExtension>
</extensions>
</trkpt>
<trkpt lat="36.7838395" lon="126.9936825">
<ele>4.365</ele>
<time>2024-06-03T13:08:11Z</time>
<extensions>
<gpxtpx:TrackPointExtension>
<gpxtpx:hr>95</gpxtpx:hr>
</gpxtpx:TrackPointExtension>
</extensions>
</trkpt>
<trkpt lat="36.7838366" lon="126.9936972">
<ele>4.192</ele>
<time>2024-06-03T13:08:12Z</time>
<extensions>
<gpxtpx:TrackPointExtension>
<gpxtpx:hr>95</gpxtpx:hr>
</gpxtpx:TrackPointExtension>
</extensions>
</trkpt>
<trkpt lat="36.783834" lon="126.9937133">
<ele>4.33</ele>
<time>2024-06-03T13:08:13Z</time>
<extensions>
<gpxtpx:TrackPointExtension>
<gpxtpx:hr>95</gpxtpx:hr>
</gpxtpx:TrackPointExtension>
</extensions>
</trkpt>
<trkpt lat="36.7838319" lon="126.9937307">
<ele>4.419</ele>
<time>2024-06-03T13:08:14Z</time>
<extensions>
<gpxtpx:TrackPointExtension>
<gpxtpx:hr>95</gpxtpx:hr>
</gpxtpx:TrackPointExtension>
</extensions>
</trkpt>
<trkpt lat="36.7838298" lon="126.9937487">
<ele>4.307</ele>
<time>2024-06-03T13:08:15Z</time>
<extensions>
<gpxtpx:TrackPointExtension>
<gpxtpx:hr>96</gpxtpx:hr>
</gpxtpx:TrackPointExtension>
</extensions>
</trkpt>
<trkpt lat="36.7838287" lon="126.9937665">
<ele>4.346</ele>
<time>2024-06-03T13:08:16Z</time>
<extensions>
<gpxtpx:TrackPointExtension>
<gpxtpx:hr>96</gpxtpx:hr>
</gpxtpx:TrackPointExtension>
</extensions>
</trkpt>
<trkpt lat="36.7838285" lon="126.9937837">
<ele>4.479</ele>
<time>2024-06-03T13:08:17Z</time>
<extensions>
<gpxtpx:TrackPointExtension>
<gpxtpx:hr>96</gpxtpx:hr>
</gpxtpx:TrackPointExtension>
</extensions>
</trkpt>
<trkpt lat="36.783829" lon="126.9938007">
<ele>4.484</ele>
<time>2024-06-03T13:08:18Z</time>
<extensions>
<gpxtpx:TrackPointExtension>
<gpxtpx:hr>95</gpxtpx:hr>
<gpxtpx:cad>103</gpxtpx:cad>
</gpxtpx:TrackPointExtension>
</extensions>
</trkpt>
<trkpt lat="36.783829" lon="126.9938172">
<ele>4.596</ele>
<time>2024-06-03T13:08:19Z</time>
<extensions>
<gpxtpx:TrackPointExtension>
<gpxtpx:hr>95</gpxtpx:hr>
</gpxtpx:TrackPointExtension>
</extensions>
</trkpt>
<trkpt lat="36.7838286" lon="126.9938339">
<ele>4.538</ele>
<time>2024-06-03T13:08:20Z</time>
<extensions>
<gpxtpx:TrackPointExtension>
<gpxtpx:hr>95</gpxtpx:hr>
</gpxtpx:TrackPointExtension>
</extensions>
</trkpt>
<trkpt lat="36.7838281" lon="126.9938498">
<ele>4.547</ele>
<time>2024-06-03T13:08:21Z</time>
<extensions>
<gpxtpx:TrackPointExtension>
<gpxtpx:hr>95</gpxtpx:hr>
</gpxtpx:TrackPointExtension>
</extensions>
</trkpt>
<trkpt lat="36.7838273" lon="126.993865">
<ele>4.71</ele>
<time>2024-06-03T13:08:22Z</time>
<extensions>
<gpxtpx:TrackPointExtension>
<gpxtpx:hr>94</gpxtpx:hr>
</gpxtpx:TrackPointExtension>
</extensions>
</trkpt>
<trkpt lat="36.7838269" lon="126.9938802">
<ele>4.755</ele>
<time>2024-06-03T13:08:23Z</time>
<extensions>
<gpxtpx:TrackPointExtension>
<gpxtpx:hr>94</gpxtpx:hr>
</gpxtpx:TrackPointExtension>
</extensions>
</trkpt>
<trkpt lat="36.7838267" lon="126.9938949">
<ele>4.852</ele>
<time>2024-06-03T13:08:24Z</time>
<extensions>
<gpxtpx:TrackPointExtension>
<gpxtpx:hr>94</gpxtpx:hr>
</gpxtpx:TrackPointExtension>
</extensions>
</trkpt>
<trkpt lat="36.7838261" lon="126.9939098">
<ele>4.876</ele>
<time>2024-06-03T13:08:25Z</time>
<extensions>
<gpxtpx:TrackPointExtension>
<gpxtpx:hr>94</gpxtpx:hr>
</gpxtpx:TrackPointExtension>
</extensions>
</trkpt>
<trkpt lat="36.7838248" lon="126.9939236">
<ele>5.018</ele>
<time>2024-06-03T13:08:26Z</time>
<extensions>
<gpxtpx:TrackPointExtension>
<gpxtpx:hr>94</gpxtpx:hr>
</gpxtpx:TrackPointExtension>
</extensions>
</trkpt>
<trkpt lat="36.783823" lon="126.9939371">
<ele>5.104</ele>
<time>2024-06-03T13:08:27Z</time>
<extensions>
<gpxtpx:TrackPointExtension>
<gpxtpx:hr>94</gpxtpx:hr>
</gpxtpx:TrackPointExtension>
</extensions>
</trkpt>
<trkpt lat="36.7838203" lon="126.9939499">
<ele>5.108</ele>
<time>2024-06-03T13:08:28Z</time>
<extensions>
<gpxtpx:TrackPointExtension>
<gpxtpx:hr>95</gpxtpx:hr>
<gpxtpx:cad>103</gpxtpx:cad>
</gpxtpx:TrackPointExtension>
</extensions>
</trkpt>
<trkpt lat="36.7838171" lon="126.9939629">
<ele>5.096</ele>
<time>2024-06-03T13:08:29Z</time>
<extensions>
<gpxtpx:TrackPointExtension>
<gpxtpx:hr>95</gpxtpx:hr>
</gpxtpx:TrackPointExtension>
</extensions>
</trkpt>
<trkpt lat="36.7838136" lon="126.9939765">
<ele>5.094</ele>
<time>2024-06-03T13:08:30Z</time>
<extensions>
<gpxtpx:TrackPointExtension>
<gpxtpx:hr>95</gpxtpx:hr>
</gpxtpx:TrackPointExtension>
</extensions>
</trkpt>
<trkpt lat="36.7838083" lon="126.9939892">
<ele>4.994</ele>
<time>2024-06-03T13:08:31Z</time>
<extensions>
<gpxtpx:TrackPointExtension>
<gpxtpx:hr>95</gpxtpx:hr>
</gpxtpx:TrackPointExtension>
</extensions>
</trkpt>
<trkpt lat="36.783803" lon="126.994">
<ele>5.065</ele>
<time>2024-06-03T13:08:32Z</time>
<extensions>
<gpxtpx:TrackPointExtension>
<gpxtpx:hr>95</gpxtpx:hr>
</gpxtpx:TrackPointExtension>
</extensions>
</trkpt>
<trkpt lat="36.783797" lon="126.9940105">
<ele>5.039</ele>
<time>2024-06-03T13:08:33Z</time>
<extensions>
<gpxtpx:TrackPointExtension>
<gpxtpx:hr>95</gpxtpx:hr>
</gpxtpx:TrackPointExtension>
</extensions>
</trkpt>
<trkpt lat="36.783791" lon="126.9940219">
<ele>5.018</ele>
<time>2024-06-03T13:08:34Z</time>
<extensions>
<gpxtpx:TrackPointExtension>
<gpxtpx:hr>95</gpxtpx:hr>
</gpxtpx:TrackPointExtension>
</extensions>
</trkpt>
<trkpt lat="36.7837858" lon="126.9940354">
<ele>5.077</ele>
<time>2024-06-03T13:08:35Z</time>
<extensions>
<gpxtpx:TrackPointExtension>
<gpxtpx:hr>95</gpxtpx:hr>
</gpxtpx:TrackPointExtension>
</extensions>
</trkpt>
<trkpt lat="36.7837804" lon="126.9940479">
<ele>5.182</ele>
<time>2024-06-03T13:08:36Z</time>
<extensions>
<gpxtpx:TrackPointExtension>
<gpxtpx:hr>94</gpxtpx:hr>
</gpxtpx:TrackPointExtension>
</extensions>
</trkpt>
<trkpt lat="36.7837756" lon="126.9940598">
<ele>5.198</ele>
<time>2024-06-03T13:08:37Z</time>
<extensions>
<gpxtpx:TrackPointExtension>
<gpxtpx:hr>94</gpxtpx:hr>
</gpxtpx:TrackPointExtension>
</extensions>
</trkpt>
<trkpt lat="36.7837708" lon="126.9940717">
<ele>5.259</ele>
<time>2024-06-03T13:08:38Z</time>
<extensions>
<gpxtpx:TrackPointExtension>
<gpxtpx:hr>94</gpxtpx:hr>
<gpxtpx:cad>104</gpxtpx:cad>
</gpxtpx:TrackPointExtension>
</extensions>
</trkpt>
<trkpt lat="36.7837661" lon="126.9940824">
<ele>5.436</ele>
<time>2024-06-03T13:08:39Z</time>
<extensions>
<gpxtpx:TrackPointExtension>
<gpxtpx:hr>94</gpxtpx:hr>
</gpxtpx:TrackPointExtension>
</extensions>
</trkpt>
<trkpt lat="36.7837613" lon="126.9940919">
<ele>5.538</ele>
<time>2024-06-03T13:08:40Z</time>
<extensions>
<gpxtpx:TrackPointExtension>
<gpxtpx:hr>93</gpxtpx:hr>
</gpxtpx:TrackPointExtension>
</extensions>
</trkpt>
<trkpt lat="36.7837577" lon="126.9941005">
<ele>5.494</ele>
<time>2024-06-03T13:08:41Z</time>
<extensions>
<gpxtpx:TrackPointExtension>
<gpxtpx:hr>93</gpxtpx:hr>
</gpxtpx:TrackPointExtension>
</extensions>
</trkpt>
<trkpt lat="36.7837553" lon="126.9941079">
<ele>5.578</ele>
<time>2024-06-03T13:08:42Z</time>
<extensions>
<gpxtpx:TrackPointExtension>
<gpxtpx:hr>92</gpxtpx:hr>
</gpxtpx:TrackPointExtension>
</extensions>
</trkpt>
<trkpt lat="36.7837529" lon="126.9941156">
<ele>5.694</ele>
<time>2024-06-03T13:08:43Z</time>
<extensions>
<gpxtpx:TrackPointExtension>
<gpxtpx:hr>91</gpxtpx:hr>
</gpxtpx:TrackPointExtension>
</extensions>
</trkpt>
<trkpt lat="36.7837512" lon="126.9941227">
<ele>5.658</ele>
<time>2024-06-03T13:08:44Z</time>
<extensions>
<gpxtpx:TrackPointExtension>
<gpxtpx:hr>91</gpxtpx:hr>
</gpxtpx:TrackPointExtension>
</extensions>
</trkpt>
<trkpt lat="36.7837502" lon="126.9941328">
<ele>5.653</ele>
<time>2024-06-03T13:08:45Z</time>
<extensions>
<gpxtpx:TrackPointExtension>
<gpxtpx:hr>91</gpxtpx:hr>
</gpxtpx:TrackPointExtension>
</extensions>
</trkpt>
<trkpt lat="36.7837501" lon="126.9941442">
<ele>5.722</ele>
<time>2024-06-03T13:08:46Z</time>
<extensions>
<gpxtpx:TrackPointExtension>
<gpxtpx:hr>91</gpxtpx:hr>
</gpxtpx:TrackPointExtension>
</extensions>
</trkpt>
<trkpt lat="36.7837504" lon="126.9941556">
<ele>5.789</ele>
<time>2024-06-03T13:08:47Z</time>
<extensions>
<gpxtpx:TrackPointExtension>
<gpxtpx:hr>91</gpxtpx:hr>
</gpxtpx:TrackPointExtension>
</extensions>
</trkpt>
<trkpt lat="36.7837507" lon="126.9941668">
<ele>5.749</ele>
<time>2024-06-03T13:08:48Z</time>
<extensions>
<gpxtpx:TrackPointExtension>
<gpxtpx:hr>91</gpxtpx:hr>
<gpxtpx:cad>101</gpxtpx:cad>
</gpxtpx:TrackPointExtension>
</extensions>
</trkpt>
<trkpt lat="36.7837523" lon="126.9941768">
<ele>5.845</ele>
<time>2024-06-03T13:08:49Z</time>
<extensions>
<gpxtpx:TrackPointExtension>
<gpxtpx:hr>91</gpxtpx:hr>
</gpxtpx:TrackPointExtension>
</extensions>
</trkpt>
<trkpt lat="36.7837539" lon="126.9941875">
<ele>5.865</ele>
<time>2024-06-03T13:08:50Z</time>
<extensions>
<gpxtpx:TrackPointExtension>
<gpxtpx:hr>92</gpxtpx:hr>
</gpxtpx:TrackPointExtension>
</extensions>
</trkpt>
<trkpt lat="36.7837546" lon="126.9941973">
<ele>5.893</ele>
<time>2024-06-03T13:08:51Z</time>
<extensions>
<gpxtpx:TrackPointExtension>
<gpxtpx:hr>92</gpxtpx:hr>
</gpxtpx:TrackPointExtension>
</extensions>
</trkpt>
<trkpt lat="36.7837555" lon="126.9942069">
<ele>5.886</ele>
<time>2024-06-03T13:08:52Z</time>
<extensions>
<gpxtpx:TrackPointExtension>
<gpxtpx:hr>93</gpxtpx:hr>
</gpxtpx:TrackPointExtension>
</extensions>
</trkpt>
<trkpt lat="36.7837568" lon="126.9942146">
<ele>5.973</ele>
<time>2024-06-03T13:08:53Z</time>
<extensions>
<gpxtpx:TrackPointExtension>
<gpxtpx:hr>94</gpxtpx:hr>
</gpxtpx:TrackPointExtension>
</extensions>
</trkpt>
<trkpt lat="36.7837585" lon="126.9942208">
<ele>6.113</ele>
<time>2024-06-03T13:08:54Z</time>
<extensions>
<gpxtpx:TrackPointExtension>
<gpxtpx:hr>96</gpxtpx:hr>
</gpxtpx:TrackPointExtension>
</extensions>
</trkpt>
<trkpt lat="36.7837599" lon="126.9942275">
<ele>6.099</ele>
<time>2024-06-03T13:08:55Z</time>
<extensions>
<gpxtpx:TrackPointExtension>
<gpxtpx:hr>98</gpxtpx:hr>
</gpxtpx:TrackPointExtension>
</extensions>
</trkpt>
<trkpt lat="36.7837338" lon="126.9943007">
<ele>6.865</ele>
<time>2024-06-03T13:09:31Z</time>
<extensions>
<gpxtpx:TrackPointExtension>
<gpxtpx:hr>102</gpxtpx:hr>
</gpxtpx:TrackPointExtension>
</extensions>
</trkpt>
<trkpt lat="36.783731" lon="126.99431">
<ele>7.019</ele>
<time>2024-06-03T13:09:32Z</time>
<extensions>
<gpxtpx:TrackPointExtension>
<gpxtpx:cad>41</gpxtpx:cad>
</gpxtpx:TrackPointExtension>
</extensions>
</trkpt>
<trkpt lat="36.7837262" lon="126.9943191">
<ele>7.009</ele>
<time>2024-06-03T13:09:33Z</time>
<extensions>
<gpxtpx:TrackPointExtension>
<gpxtpx:cad>52</gpxtpx:cad>
</gpxtpx:TrackPointExtension>
</extensions>
</trkpt>
<trkpt lat="36.7837209" lon="126.9943272">
<ele>6.981</ele>
<time>2024-06-03T13:09:34Z</time>
</trkpt>
<trkpt lat="36.7837138" lon="126.9943353">
<ele>6.996</ele>
<time>2024-06-03T13:09:35Z</time>
</trkpt>
<trkpt lat="36.7837061" lon="126.994345">
<ele>7.085</ele>
<time>2024-06-03T13:09:36Z</time>
<extensions>
<gpxtpx:TrackPointExtension>
<gpxtpx:hr>102</gpxtpx:hr>
</gpxtpx:TrackPointExtension>
</extensions>
</trkpt>
<trkpt lat="36.7836988" lon="126.9943545">
<ele>7.115</ele>
<time>2024-06-03T13:09:37Z</time>
<extensions>
<gpxtpx:TrackPointExtension>
<gpxtpx:hr>102</gpxtpx:hr>
</gpxtpx:TrackPointExtension>
</extensions>
</trkpt>
<trkpt lat="36.7836916" lon="126.9943648">
<ele>7.195</ele>
<time>2024-06-03T13:09:38Z</time>
<extensions>
<gpxtpx:TrackPointExtension>
<gpxtpx:hr>103</gpxtpx:hr>
</gpxtpx:TrackPointExtension>
</extensions>
</trkpt>
<trkpt lat="36.7836835" lon="126.9943755">
<ele>7.244</ele>
<time>2024-06-03T13:09:39Z</time>
<extensions>
<gpxtpx:TrackPointExtension>
<gpxtpx:hr>103</gpxtpx:hr>
</gpxtpx:TrackPointExtension>
</extensions>
</trkpt>
<trkpt lat="36.7836773" lon="126.9943873">
<ele>7.336</ele>
<time>2024-06-03T13:09:40Z</time>
<extensions>
<gpxtpx:TrackPointExtension>
<gpxtpx:hr>102</gpxtpx:hr>
</gpxtpx:TrackPointExtension>
</extensions>
</trkpt>
<trkpt lat="36.783672" lon="126.9943991">
<ele>7.417</ele>
<time>2024-06-03T13:09:41Z</time>
<extensions>
<gpxtpx:TrackPointExtension>
<gpxtpx:hr>102</gpxtpx:hr>
</gpxtpx:TrackPointExtension>
</extensions>
</trkpt>
<trkpt lat="36.783668" lon="126.9944119">
<ele>7.434</ele>
<time>2024-06-03T13:09:42Z</time>
<extensions>
<gpxtpx:TrackPointExtension>
<gpxtpx:hr>101</gpxtpx:hr>
</gpxtpx:TrackPointExtension>
</extensions>
</trkpt>
<trkpt lat="36.7836639" lon="126.9944246">
<ele>7.474</ele>
<time>2024-06-03T13:09:43Z</time>
<extensions>
<gpxtpx:TrackPointExtension>
<gpxtpx:hr>101</gpxtpx:hr>
<gpxtpx:cad>99</gpxtpx:cad>
</gpxtpx:TrackPointExtension>
</extensions>
</trkpt>
<trkpt lat="36.7836605" lon="126.9944369">
<ele>7.517</ele>
<time>2024-06-03T13:09:44Z</time>
<extensions>
<gpxtpx:TrackPointExtension>
<gpxtpx:hr>101</gpxtpx:hr>
</gpxtpx:TrackPointExtension>
</extensions>
</trkpt>
<trkpt lat="36.7836565" lon="126.9944487">
<ele>7.49</ele>
<time>2024-06-03T13:09:45Z</time>
<extensions>
<gpxtpx:TrackPointExtension>
<gpxtpx:hr>101</gpxtpx:hr>
</gpxtpx:TrackPointExtension>
</extensions>
</trkpt>
<trkpt lat="36.783653" lon="126.9944605">
<ele>7.514</ele>
<time>2024-06-03T13:09:46Z</time>
<extensions>
<gpxtpx:TrackPointExtension>
<gpxtpx:hr>101</gpxtpx:hr>
</gpxtpx:TrackPointExtension>
</extensions>
</trkpt>
<trkpt lat="36.7836494" lon="126.9944713">
<ele>7.568</ele>
<time>2024-06-03T13:09:47Z</time>
<extensions>
<gpxtpx:TrackPointExtension>
<gpxtpx:hr>101</gpxtpx:hr>
</gpxtpx:TrackPointExtension>
</extensions>
</trkpt>
<trkpt lat="36.7836454" lon="126.9944814">
<ele>7.662</ele>
<time>2024-06-03T13:09:48Z</time>
<extensions>
<gpxtpx:TrackPointExtension>
<gpxtpx:hr>101</gpxtpx:hr>
</gpxtpx:TrackPointExtension>
</extensions>
</trkpt>
<trkpt lat="36.7836405" lon="126.9944919">
<ele>7.686</ele>
<time>2024-06-03T13:09:49Z</time>
<extensions>
<gpxtpx:TrackPointExtension>
<gpxtpx:hr>101</gpxtpx:hr>
</gpxtpx:TrackPointExtension>
</extensions>
</trkpt>
<trkpt lat="36.7836343" lon="126.9945032">
<ele>7.706</ele>
<time>2024-06-03T13:09:50Z</time>
<extensions>
<gpxtpx:TrackPointExtension>
<gpxtpx:hr>101</gpxtpx:hr>
</gpxtpx:TrackPointExtension>
</extensions>
</trkpt>
<trkpt lat="36.783626" lon="126.9945151">
<ele>7.676</ele>
<time>2024-06-03T13:09:51Z</time>
<extensions>
<gpxtpx:TrackPointExtension>
<gpxtpx:hr>101</gpxtpx:hr>
</gpxtpx:TrackPointExtension>
</extensions>
</trkpt>
<trkpt lat="36.7836172" lon="126.9945264">
<ele>7.688</ele>
<time>2024-06-03T13:09:52Z</time>
<extensions>
<gpxtpx:TrackPointExtension>
<gpxtpx:hr>101</gpxtpx:hr>
</gpxtpx:TrackPointExtension>
</extensions>
</trkpt>
<trkpt lat="36.7836096" lon="126.9945381">
<ele>7.675</ele>
<time>2024-06-03T13:09:53Z</time>
<extensions>
<gpxtpx:TrackPointExtension>
<gpxtpx:hr>101</gpxtpx:hr>
<gpxtpx:cad>100</gpxtpx:cad>
</gpxtpx:TrackPointExtension>
</extensions>
</trkpt>
<trkpt lat="36.7836035" lon="126.9945494">
<ele>7.654</ele>
<time>2024-06-03T13:09:54Z</time>
<extensions>
<gpxtpx:TrackPointExtension>
<gpxtpx:hr>101</gpxtpx:hr>
</gpxtpx:TrackPointExtension>
</extensions>
</trkpt>
<trkpt lat="36.7835989" lon="126.994561">
<ele>7.718</ele>
<time>2024-06-03T13:09:55Z</time>
<extensions>
<gpxtpx:TrackPointExtension>
<gpxtpx:hr>101</gpxtpx:hr>
</gpxtpx:TrackPointExtension>
</extensions>
</trkpt>
<trkpt lat="36.7835967" lon="126.9945751">
<ele>7.697</ele>
<time>2024-06-03T13:09:56Z</time>
<extensions>
<gpxtpx:TrackPointExtension>
<gpxtpx:hr>101</gpxtpx:hr>
</gpxtpx:TrackPointExtension>
</extensions>
</trkpt>
<trkpt lat="36.7835956" lon="126.9945903">
<ele>7.662</ele>
<time>2024-06-03T13:09:57Z</time>
<extensions>
<gpxtpx:TrackPointExtension>
<gpxtpx:hr>101</gpxtpx:hr>
</gpxtpx:TrackPointExtension>
</extensions>
</trkpt>
<trkpt lat="36.7835943" lon="126.9946051">
<ele>7.69</ele>
<time>2024-06-03T13:09:58Z</time>
<extensions>
<gpxtpx:TrackPointExtension>
<gpxtpx:hr>100</gpxtpx:hr>
</gpxtpx:TrackPointExtension>
</extensions>
</trkpt>
<trkpt lat="36.7835922" lon="126.9946206">
<ele>7.706</ele>
<time>2024-06-03T13:09:59Z</time>
<extensions>
<gpxtpx:TrackPointExtension>
<gpxtpx:hr>100</gpxtpx:hr>
</gpxtpx:TrackPointExtension>
</extensions>
</trkpt>
<trkpt lat="36.78359" lon="126.9946364">
<ele>7.69</ele>
<time>2024-06-03T13:10:00Z</time>
<extensions>
<gpxtpx:TrackPointExtension>
<gpxtpx:hr>99</gpxtpx:hr>
</gpxtpx:TrackPointExtension>
</extensions>
</trkpt>
<trkpt lat="36.7835876" lon="126.9946529">
<ele>7.676</ele>
<time>2024-06-03T13:10:01Z</time>
<extensions>
<gpxtpx:TrackPointExtension>
<gpxtpx:hr>99</gpxtpx:hr>
</gpxtpx:TrackPointExtension>
</extensions>
</trkpt>
<trkpt lat="36.7835849" lon="126.9946705">
<ele>7.678</ele>
<time>2024-06-03T13:10:02Z</time>
<extensions>
<gpxtpx:TrackPointExtension>
<gpxtpx:hr>99</gpxtpx:hr>
</gpxtpx:TrackPointExtension>
</extensions>
</trkpt>
<trkpt lat="36.783584" lon="126.9946893">
<ele>7.709</ele>
<time>2024-06-03T13:10:03Z</time>
<extensions>
<gpxtpx:TrackPointExtension>
<gpxtpx:hr>99</gpxtpx:hr>
<gpxtpx:cad>104</gpxtpx:cad>
</gpxtpx:TrackPointExtension>
</extensions>
</trkpt>
<trkpt lat="36.7835835" lon="126.9947083">
<ele>7.732</ele>
<time>2024-06-03T13:10:04Z</time>
<extensions>
<gpxtpx:TrackPointExtension>
<gpxtpx:hr>99</gpxtpx:hr>
</gpxtpx:TrackPointExtension>
</extensions>
</trkpt>
<trkpt lat="36.7835839" lon="126.994728">
<ele>7.713</ele>
<time>2024-06-03T13:10:05Z</time>
<extensions>
<gpxtpx:TrackPointExtension>
<gpxtpx:hr>100</gpxtpx:hr>
</gpxtpx:TrackPointExtension>
</extensions>
</trkpt>
<trkpt lat="36.7835848" lon="126.9947479">
<ele>7.823</ele>
<time>2024-06-03T13:10:06Z</time>
<extensions>
<gpxtpx:TrackPointExtension>
<gpxtpx:hr>100</gpxtpx:hr>
</gpxtpx:TrackPointExtension>
</extensions>
</trkpt>
<trkpt lat="36.7835841" lon="126.9947674">
<ele>7.784</ele>
<time>2024-06-03T13:10:07Z</time>
<extensions>
<gpxtpx:TrackPointExtension>
<gpxtpx:hr>99</gpxtpx:hr>
</gpxtpx:TrackPointExtension>
</extensions>
</trkpt>
<trkpt lat="36.7835815" lon="126.9947855">
<ele>7.763</ele>
<time>2024-06-03T13:10:08Z</time>
<extensions>
<gpxtpx:TrackPointExtension>
<gpxtpx:hr>99</gpxtpx:hr>
</gpxtpx:TrackPointExtension>
</extensions>
</trkpt>
<trkpt lat="36.78358" lon="126.9948027">
<ele>7.689</ele>
<time>2024-06-03T13:10:09Z</time>
<extensions>
<gpxtpx:TrackPointExtension>
<gpxtpx:hr>98</gpxtpx:hr>
</gpxtpx:TrackPointExtension>
</extensions>
</trkpt>
<trkpt lat="36.7835785" lon="126.9948197">
<ele>7.63</ele>
<time>2024-06-03T13:10:10Z</time>
<extensions>
<gpxtpx:TrackPointExtension>
<gpxtpx:hr>98</gpxtpx:hr>
</gpxtpx:TrackPointExtension>
</extensions>
</trkpt>
<trkpt lat="36.7835763" lon="126.9948382">
<ele>7.663</ele>
<time>2024-06-03T13:10:11Z</time>
<extensions>
<gpxtpx:TrackPointExtension>
<gpxtpx:hr>98</gpxtpx:hr>
</gpxtpx:TrackPointExtension>
</extensions>
</trkpt>
<trkpt lat="36.783573" lon="126.9948546">
<ele>7.8</ele>
<time>2024-06-03T13:10:12Z</time>
<extensions>
<gpxtpx:TrackPointExtension>
<gpxtpx:hr>98</gpxtpx:hr>
<gpxtpx:cad>104</gpxtpx:cad>
</gpxtpx:TrackPointExtension>
</extensions>
</trkpt>
<trkpt lat="36.7835706" lon="126.9948719">
<ele>7.87</ele>
<time>2024-06-03T13:10:13Z</time>
<extensions>
<gpxtpx:TrackPointExtension>
<gpxtpx:hr>98</gpxtpx:hr>
</gpxtpx:TrackPointExtension>
</extensions>
</trkpt>
<trkpt lat="36.7835667" lon="126.9948889">
<ele>7.945</ele>
<time>2024-06-03T13:10:14Z</time>
<extensions>
<gpxtpx:TrackPointExtension>
<gpxtpx:hr>97</gpxtpx:hr>
</gpxtpx:TrackPointExtension>
</extensions>
</trkpt>
<trkpt lat="36.7835625" lon="126.9949063">
<ele>7.841</ele>
<time>2024-06-03T13:10:15Z</time>
<extensions>
<gpxtpx:TrackPointExtension>
<gpxtpx:hr>97</gpxtpx:hr>
</gpxtpx:TrackPointExtension>
</extensions>
</trkpt>
<trkpt lat="36.783557" lon="126.9949231">
<ele>7.631</ele>
<time>2024-06-03T13:10:16Z</time>
<extensions>
<gpxtpx:TrackPointExtension>
<gpxtpx:hr>97</gpxtpx:hr>
</gpxtpx:TrackPointExtension>
</extensions>
</trkpt>
<trkpt lat="36.7835511" lon="126.9949393">
<ele>7.56</ele>
<time>2024-06-03T13:10:17Z</time>
<extensions>
<gpxtpx:TrackPointExtension>
<gpxtpx:hr>97</gpxtpx:hr>
</gpxtpx:TrackPointExtension>
</extensions>
</trkpt>
<trkpt lat="36.7835454" lon="126.9949559">
<ele>7.468</ele>
<time>2024-06-03T13:10:18Z</time>
<extensions>
<gpxtpx:TrackPointExtension>
<gpxtpx:hr>96</gpxtpx:hr>
</gpxtpx:TrackPointExtension>
</extensions>
</trkpt>
<trkpt lat="36.7835393" lon="126.9949716">
<ele>7.289</ele>
<time>2024-06-03T13:10:19Z</time>
<extensions>
<gpxtpx:TrackPointExtension>
<gpxtpx:hr>96</gpxtpx:hr>
</gpxtpx:TrackPointExtension>
</extensions>
</trkpt>
<trkpt lat="36.7835344" lon="126.9949865">
<ele>7.326</ele>
<time>2024-06-03T13:10:20Z</time>
<extensions>
<gpxtpx:TrackPointExtension>
<gpxtpx:hr>97</gpxtpx:hr>
</gpxtpx:TrackPointExtension>
</extensions>
</trkpt>
<trkpt lat="36.7835301" lon="126.995002">
<ele>7.186</ele>
<time>2024-06-03T13:10:21Z</time>
<extensions>
<gpxtpx:TrackPointExtension>
<gpxtpx:hr>97</gpxtpx:hr>
</gpxtpx:TrackPointExtension>
</extensions>
</trkpt>
<trkpt lat="36.7835259" lon="126.9950181">
<ele>7.035</ele>
<time>2024-06-03T13:10:22Z</time>
<extensions>
<gpxtpx:TrackPointExtension>
<gpxtpx:hr>97</gpxtpx:hr>
<gpxtpx:cad>107</gpxtpx:cad>
</gpxtpx:TrackPointExtension>
</extensions>
</trkpt>
<trkpt lat="36.7835214" lon="126.995034">
<ele>6.889</ele>
<time>2024-06-03T13:10:23Z</time>
<extensions>
<gpxtpx:TrackPointExtension>
<gpxtpx:hr>97</gpxtpx:hr>
</gpxtpx:TrackPointExtension>
</extensions>
</trkpt>
<trkpt lat="36.7835169" lon="126.9950502">
<ele>6.814</ele>
<time>2024-06-03T13:10:24Z</time>
<extensions>
<gpxtpx:TrackPointExtension>
<gpxtpx:hr>97</gpxtpx:hr>
</gpxtpx:TrackPointExtension>
</extensions>
</trkpt>
<trkpt lat="36.7835133" lon="126.9950673">
<ele>6.589</ele>
<time>2024-06-03T13:10:25Z</time>
<extensions>
<gpxtpx:TrackPointExtension>
<gpxtpx:hr>97</gpxtpx:hr>
</gpxtpx:TrackPointExtension>
</extensions>
</trkpt>
<trkpt lat="36.7835105" lon="126.9950844">
<ele>6.284</ele>
<time>2024-06-03T13:10:26Z</time>
<extensions>
<gpxtpx:TrackPointExtension>
<gpxtpx:hr>97</gpxtpx:hr>
</gpxtpx:TrackPointExtension>
</extensions>
</trkpt>
<trkpt lat="36.7835077" lon="126.9951013">
<ele>6.293</ele>
<time>2024-06-03T13:10:27Z</time>
<extensions>
<gpxtpx:TrackPointExtension>
<gpxtpx:hr>97</gpxtpx:hr>
</gpxtpx:TrackPointExtension>
</extensions>
</trkpt>
<trkpt lat="36.7835044" lon="126.9951176">
<ele>6.226</ele>
<time>2024-06-03T13:10:28Z</time>
<extensions>
<gpxtpx:TrackPointExtension>
<gpxtpx:hr>97</gpxtpx:hr>
</gpxtpx:TrackPointExtension>
</extensions>
</trkpt>
<trkpt lat="36.7835011" lon="126.9951337">
<ele>6.216</ele>
<time>2024-06-03T13:10:29Z</time>
<extensions>
<gpxtpx:TrackPointExtension>
<gpxtpx:hr>98</gpxtpx:hr>
</gpxtpx:TrackPointExtension>
</extensions>
</trkpt>
<trkpt lat="36.7834973" lon="126.9951487">
<ele>6.184</ele>
<time>2024-06-03T13:10:30Z</time>
<extensions>
<gpxtpx:TrackPointExtension>
<gpxtpx:hr>98</gpxtpx:hr>
</gpxtpx:TrackPointExtension>
</extensions>
</trkpt>
<trkpt lat="36.783494" lon="126.9951627">
<ele>6.238</ele>
<time>2024-06-03T13:10:31Z</time>
<extensions>
<gpxtpx:TrackPointExtension>
<gpxtpx:hr>98</gpxtpx:hr>
</gpxtpx:TrackPointExtension>
</extensions>
</trkpt>
<trkpt lat="36.783491" lon="126.9951776">
<ele>6.082</ele>
<time>2024-06-03T13:10:32Z</time>
<extensions>
<gpxtpx:TrackPointExtension>
<gpxtpx:hr>98</gpxtpx:hr>
<gpxtpx:cad>109</gpxtpx:cad>
</gpxtpx:TrackPointExtension>
</extensions>
</trkpt>
<trkpt lat="36.7834889" lon="126.9951915">
<ele>5.988</ele>
<time>2024-06-03T13:10:33Z</time>
<extensions>
<gpxtpx:TrackPointExtension>
<gpxtpx:hr>99</gpxtpx:hr>
</gpxtpx:TrackPointExtension>
</extensions>
</trkpt>
<trkpt lat="36.7834871" lon="126.9952041">
<ele>5.944</ele>
<time>2024-06-03T13:10:34Z</time>
<extensions>
<gpxtpx:TrackPointExtension>
<gpxtpx:hr>99</gpxtpx:hr>
</gpxtpx:TrackPointExtension>
</extensions>
</trkpt>
<trkpt lat="36.7834853" lon="126.995216">
<ele>5.835</ele>
<time>2024-06-03T13:10:35Z</time>
<extensions>
<gpxtpx:TrackPointExtension>
<gpxtpx:hr>99</gpxtpx:hr>
</gpxtpx:TrackPointExtension>
</extensions>
</trkpt>
<trkpt lat="36.7834848" lon="126.9952285">
<ele>5.766</ele>
<time>2024-06-03T13:10:36Z</time>
<extensions>
<gpxtpx:TrackPointExtension>
<gpxtpx:hr>100</gpxtpx:hr>
</gpxtpx:TrackPointExtension>
</extensions>
</trkpt>
<trkpt lat="36.7834859" lon="126.9952412">
<ele>5.737</ele>
<time>2024-06-03T13:10:37Z</time>
<extensions>
<gpxtpx:TrackPointExtension>
<gpxtpx:hr>100</gpxtpx:hr>
</gpxtpx:TrackPointExtension>
</extensions>
</trkpt>
<trkpt lat="36.7834882" lon="126.9952536">
<ele>5.688</ele>
<time>2024-06-03T13:10:38Z</time>
<extensions>
<gpxtpx:TrackPointExtension>
<gpxtpx:hr>101</gpxtpx:hr>
</gpxtpx:TrackPointExtension>
</extensions>
</trkpt>
<trkpt lat="36.7834915" lon="126.9952658">
<ele>5.682</ele>
<time>2024-06-03T13:10:39Z</time>
<extensions>
<gpxtpx:TrackPointExtension>
<gpxtpx:hr>101</gpxtpx:hr>
</gpxtpx:TrackPointExtension>
</extensions>
</trkpt>
<trkpt lat="36.783494" lon="126.995277">
<ele>5.658</ele>
<time>2024-06-03T13:10:40Z</time>
<extensions>
<gpxtpx:TrackPointExtension>
<gpxtpx:hr>101</gpxtpx:hr>
</gpxtpx:TrackPointExtension>
</extensions>
</trkpt>
<trkpt lat="36.7834986" lon="126.9952874">
<ele>5.655</ele>
<time>2024-06-03T13:10:41Z</time>
<extensions>
<gpxtpx:TrackPointExtension>
<gpxtpx:hr>101</gpxtpx:hr>
</gpxtpx:TrackPointExtension>
</extensions>
</trkpt>
<trkpt lat="36.783504" lon="126.9952978">
<ele>5.537</ele>
<time>2024-06-03T13:10:42Z</time>
<extensions>
<gpxtpx:TrackPointExtension>
<gpxtpx:hr>102</gpxtpx:hr>
<gpxtpx:cad>109</gpxtpx:cad>
</gpxtpx:TrackPointExtension>
</extensions>
</trkpt>
<trkpt lat="36.7835091" lon="126.9953086">
<ele>5.501</ele>
<time>2024-06-03T13:10:43Z</time>
<extensions>
<gpxtpx:TrackPointExtension>
<gpxtpx:hr>102</gpxtpx:hr>
</gpxtpx:TrackPointExtension>
</extensions>
</trkpt>
<trkpt lat="36.7835133" lon="126.9953191">
<ele>5.44</ele>
<time>2024-06-03T13:10:44Z</time>
<extensions>
<gpxtpx:TrackPointExtension>
<gpxtpx:hr>102</gpxtpx:hr>
</gpxtpx:TrackPointExtension>
</extensions>
</trkpt>
<trkpt lat="36.7835169" lon="126.9953292">
<ele>5.399</ele>
<time>2024-06-03T13:10:45Z</time>
<extensions>
<gpxtpx:TrackPointExtension>
<gpxtpx:hr>102</gpxtpx:hr>
</gpxtpx:TrackPointExtension>
</extensions>
</trkpt>
<trkpt lat="36.7835186" lon="126.9953402">
<ele>5.368</ele>
<time>2024-06-03T13:10:46Z</time>
<extensions>
<gpxtpx:TrackPointExtension>
<gpxtpx:hr>102</gpxtpx:hr>
</gpxtpx:TrackPointExtension>
</extensions>
</trkpt>
<trkpt lat="36.7835178" lon="126.9953526">
<ele>5.337</ele>
<time>2024-06-03T13:10:47Z</time>
<extensions>
<gpxtpx:TrackPointExtension>
<gpxtpx:hr>101</gpxtpx:hr>
<gpxtpx:cad>110</gpxtpx:cad>
</gpxtpx:TrackPointExtension>
</extensions>
</trkpt>
<trkpt lat="36.783516" lon="126.9953665">
<ele>5.316</ele>
<time>2024-06-03T13:10:48Z</time>
<extensions>
<gpxtpx:TrackPointExtension>
<gpxtpx:hr>101</gpxtpx:hr>
</gpxtpx:TrackPointExtension>
</extensions>
</trkpt>
<trkpt lat="36.7835132" lon="126.9953823">
<ele>5.258</ele>
<time>2024-06-03T13:10:49Z</time>
<extensions>
<gpxtpx:TrackPointExtension>
<gpxtpx:hr>101</gpxtpx:hr>
</gpxtpx:TrackPointExtension>
</extensions>
</trkpt>
<trkpt lat="36.7835098" lon="126.9953983">
<ele>5.148</ele>
<time>2024-06-03T13:10:50Z</time>
<extensions>
<gpxtpx:TrackPointExtension>
<gpxtpx:hr>101</gpxtpx:hr>
</gpxtpx:TrackPointExtension>
</extensions>
</trkpt>
<trkpt lat="36.7835061" lon="126.9954137">
<ele>5.15</ele>
<time>2024-06-03T13:10:51Z</time>
<extensions>
<gpxtpx:TrackPointExtension>
<gpxtpx:hr>101</gpxtpx:hr>
</gpxtpx:TrackPointExtension>
</extensions>
</trkpt>
<trkpt lat="36.7835015" lon="126.9954287">
<ele>5.127</ele>
<time>2024-06-03T13:10:52Z</time>
<extensions>
<gpxtpx:TrackPointExtension>
<gpxtpx:hr>100</gpxtpx:hr>
<gpxtpx:cad>110</gpxtpx:cad>
</gpxtpx:TrackPointExtension>
</extensions>
</trkpt>
<trkpt lat="36.7834962" lon="126.9954431">
<ele>5.078</ele>
<time>2024-06-03T13:10:53Z</time>
<extensions>
<gpxtpx:TrackPointExtension>
<gpxtpx:hr>100</gpxtpx:hr>
</gpxtpx:TrackPointExtension>
</extensions>
</trkpt>
<trkpt lat="36.783492" lon="126.9954579">
<ele>4.972</ele>
<time>2024-06-03T13:10:54Z</time>
<extensions>
<gpxtpx:TrackPointExtension>
<gpxtpx:hr>100</gpxtpx:hr>
</gpxtpx:TrackPointExtension>
</extensions>
</trkpt>
<trkpt lat="36.7834879" lon="126.9954727">
<ele>4.976</ele>
<time>2024-06-03T13:10:55Z</time>
<extensions>
<gpxtpx:TrackPointExtension>
<gpxtpx:hr>100</gpxtpx:hr>
</gpxtpx:TrackPointExtension>
</extensions>
</trkpt>
<trkpt lat="36.7834837" lon="126.9954867">
<ele>4.813</ele>
<time>2024-06-03T13:10:56Z</time>
<extensions>
<gpxtpx:TrackPointExtension>
<gpxtpx:hr>99</gpxtpx:hr>
</gpxtpx:TrackPointExtension>
</extensions>
</trkpt>
<trkpt lat="36.7834785" lon="126.9954991">
<ele>4.716</ele>
<time>2024-06-03T13:10:57Z</time>
<extensions>
<gpxtpx:TrackPointExtension>
<gpxtpx:hr>99</gpxtpx:hr>
</gpxtpx:TrackPointExtension>
</extensions>
</trkpt>
<trkpt lat="36.7834724" lon="126.9955112">
<ele>4.679</ele>
<time>2024-06-03T13:10:58Z</time>
<extensions>
<gpxtpx:TrackPointExtension>
<gpxtpx:hr>99</gpxtpx:hr>
</gpxtpx:TrackPointExtension>
</extensions>
</trkpt>
<trkpt lat="36.783466" lon="126.9955225">
<ele>4.593</ele>
<time>2024-06-03T13:10:59Z</time>
<extensions>
<gpxtpx:TrackPointExtension>
<gpxtpx:hr>99</gpxtpx:hr>
</gpxtpx:TrackPointExtension>
</extensions>
</trkpt>
<trkpt lat="36.7834588" lon="126.9955336">
<ele>4.616</ele>
<time>2024-06-03T13:11:00Z</time>
<extensions>
<gpxtpx:TrackPointExtension>
<gpxtpx:hr>98</gpxtpx:hr>
</gpxtpx:TrackPointExtension>
</extensions>
</trkpt>
<trkpt lat="36.7834526" lon="126.9955461">
<ele>4.598</ele>
<time>2024-06-03T13:11:02Z</time>
<extensions>
<gpxtpx:TrackPointExtension>
<gpxtpx:hr>98</gpxtpx:hr>
</gpxtpx:TrackPointExtension>
</extensions>
</trkpt>
<trkpt lat="36.7834452" lon="126.9955595">
<ele>4.55</ele>
<time>2024-06-03T13:11:03Z</time>
<extensions>
<gpxtpx:TrackPointExtension>
<gpxtpx:hr>98</gpxtpx:hr>
<gpxtpx:cad>109</gpxtpx:cad>
</gpxtpx:TrackPointExtension>
</extensions>
</trkpt>
<trkpt lat="36.7834364" lon="126.9955729">
<ele>4.528</ele>
<time>2024-06-03T13:11:04Z</time>
<extensions>
<gpxtpx:TrackPointExtension>
<gpxtpx:hr>97</gpxtpx:hr>
</gpxtpx:TrackPointExtension>
</extensions>
</trkpt>
<trkpt lat="36.7834276" lon="126.995588">
<ele>4.49</ele>
<time>2024-06-03T13:11:05Z</time>
<extensions>
<gpxtpx:TrackPointExtension>
<gpxtpx:hr>97</gpxtpx:hr>
</gpxtpx:TrackPointExtension>
</extensions>
</trkpt>
<trkpt lat="36.7834183" lon="126.995604">
<ele>4.339</ele>
<time>2024-06-03T13:11:06Z</time>
<extensions>
<gpxtpx:TrackPointExtension>
<gpxtpx:hr>97</gpxtpx:hr>
</gpxtpx:TrackPointExtension>
</extensions>
</trkpt>
<trkpt lat="36.7834106" lon="126.9956211">
<ele>4.282</ele>
<time>2024-06-03T13:11:07Z</time>
<extensions>
<gpxtpx:TrackPointExtension>
<gpxtpx:hr>97</gpxtpx:hr>
</gpxtpx:TrackPointExtension>
</extensions>
</trkpt>
<trkpt lat="36.783404" lon="126.9956402">
<ele>4.268</ele>
<time>2024-06-03T13:11:08Z</time>
<extensions>
<gpxtpx:TrackPointExtension>
<gpxtpx:hr>97</gpxtpx:hr>
</gpxtpx:TrackPointExtension>
</extensions>
</trkpt>
<trkpt lat="36.7833979" lon="126.9956603">
<ele>4.275</ele>
<time>2024-06-03T13:11:09Z</time>
<extensions>
<gpxtpx:TrackPointExtension>
<gpxtpx:hr>96</gpxtpx:hr>
</gpxtpx:TrackPointExtension>
</extensions>
</trkpt>
<trkpt lat="36.783392" lon="126.9956802">
<ele>4.262</ele>
<time>2024-06-03T13:11:10Z</time>
<extensions>
<gpxtpx:TrackPointExtension>
<gpxtpx:hr>96</gpxtpx:hr>
</gpxtpx:TrackPointExtension>
</extensions>
</trkpt>
<trkpt lat="36.7833862" lon="126.9956961">
<ele>4.259</ele>
<time>2024-06-03T13:11:11Z</time>
<extensions>
<gpxtpx:TrackPointExtension>
<gpxtpx:hr>96</gpxtpx:hr>
</gpxtpx:TrackPointExtension>
</extensions>
</trkpt>
<trkpt lat="36.7833813" lon="126.9957124">
<ele>4.234</ele>
<time>2024-06-03T13:11:12Z</time>
<extensions>
<gpxtpx:TrackPointExtension>
<gpxtpx:hr>96</gpxtpx:hr>
</gpxtpx:TrackPointExtension>
</extensions>
</trkpt>
<trkpt lat="36.7833758" lon="126.9957283">
<ele>4.174</ele>
<time>2024-06-03T13:11:13Z</time>
<extensions>
<gpxtpx:TrackPointExtension>
<gpxtpx:hr>96</gpxtpx:hr>
<gpxtpx:cad>109</gpxtpx:cad>
</gpxtpx:TrackPointExtension>
</extensions>
</trkpt>
<trkpt lat="36.7833706" lon="126.9957458">
<ele>4.139</ele>
<time>2024-06-03T13:11:14Z</time>
<extensions>
<gpxtpx:TrackPointExtension>
<gpxtpx:hr>96</gpxtpx:hr>
</gpxtpx:TrackPointExtension>
</extensions>
</trkpt>
<trkpt lat="36.7833661" lon="126.9957623">
<ele>4.126</ele>
<time>2024-06-03T13:11:15Z</time>
<extensions>
<gpxtpx:TrackPointExtension>
<gpxtpx:hr>96</gpxtpx:hr>
</gpxtpx:TrackPointExtension>
</extensions>
</trkpt>
<trkpt lat="36.7833616" lon="126.9957787">
<ele>4.077</ele>
<time>2024-06-03T13:11:16Z</time>
<extensions>
<gpxtpx:TrackPointExtension>
<gpxtpx:hr>96</gpxtpx:hr>
</gpxtpx:TrackPointExtension>
</extensions>
</trkpt>
<trkpt lat="36.7833564" lon="126.9957961">
<ele>4.17</ele>
<time>2024-06-03T13:11:17Z</time>
<extensions>
<gpxtpx:TrackPointExtension>
<gpxtpx:hr>97</gpxtpx:hr>
</gpxtpx:TrackPointExtension>
</extensions>
</trkpt>
<trkpt lat="36.7833519" lon="126.9958134">
<ele>4.084</ele>
<time>2024-06-03T13:11:18Z</time>
<extensions>
<gpxtpx:TrackPointExtension>
<gpxtpx:hr>97</gpxtpx:hr>
</gpxtpx:TrackPointExtension>
</extensions>
</trkpt>
<trkpt lat="36.7833484" lon="126.9958309">
<ele>3.971</ele>
<time>2024-06-03T13:11:19Z</time>
<extensions>
<gpxtpx:TrackPointExtension>
<gpxtpx:hr>98</gpxtpx:hr>
</gpxtpx:TrackPointExtension>
</extensions>
</trkpt>
<trkpt lat="36.7833452" lon="126.9958479">
<ele>4.21</ele>
<time>2024-06-03T13:11:20Z</time>
<extensions>
<gpxtpx:TrackPointExtension>
<gpxtpx:hr>98</gpxtpx:hr>
</gpxtpx:TrackPointExtension>
</extensions>
</trkpt>
<trkpt lat="36.7833411" lon="126.9958643">
<ele>4.34</ele>
<time>2024-06-03T13:11:21Z</time>
<extensions>
<gpxtpx:TrackPointExtension>
<gpxtpx:hr>98</gpxtpx:hr>
</gpxtpx:TrackPointExtension>
</extensions>
</trkpt>
<trkpt lat="36.7833371" lon="126.9958807">
<ele>4.379</ele>
<time>2024-06-03T13:11:22Z</time>
<extensions>
<gpxtpx:TrackPointExtension>
<gpxtpx:hr>98</gpxtpx:hr>
</gpxtpx:TrackPointExtension>
</extensions>
</trkpt>
<trkpt lat="36.7833325" lon="126.9958973">
<ele>4.408</ele>
<time>2024-06-03T13:11:23Z</time>
<extensions>
<gpxtpx:TrackPointExtension>
<gpxtpx:hr>98</gpxtpx:hr>
<gpxtpx:cad>107</gpxtpx:cad>
</gpxtpx:TrackPointExtension>
</extensions>
</trkpt>
<trkpt lat="36.7833279" lon="126.9959144">
<ele>4.371</ele>
<time>2024-06-03T13:11:24Z</time>
<extensions>
<gpxtpx:TrackPointExtension>
<gpxtpx:hr>99</gpxtpx:hr>
</gpxtpx:TrackPointExtension>
</extensions>
</trkpt>
<trkpt lat="36.7833227" lon="126.9959306">
<ele>4.4</ele>
<time>2024-06-03T13:11:25Z</time>
<extensions>
<gpxtpx:TrackPointExtension>
<gpxtpx:hr>99</gpxtpx:hr>
</gpxtpx:TrackPointExtension>
</extensions>
</trkpt>
<trkpt lat="36.7833185" lon="126.9959464">
<ele>4.413</ele>
<time>2024-06-03T13:11:26Z</time>
<extensions>
<gpxtpx:TrackPointExtension>
<gpxtpx:hr>100</gpxtpx:hr>
</gpxtpx:TrackPointExtension>
</extensions>
</trkpt>
<trkpt lat="36.783313" lon="126.9959769">
<ele>4.398</ele>
<time>2024-06-03T13:11:27Z</time>
<extensions>
<gpxtpx:TrackPointExtension>
<gpxtpx:hr>100</gpxtpx:hr>
</gpxtpx:TrackPointExtension>
</extensions>
</trkpt>
<trkpt lat="36.7833113" lon="126.9959925">
<ele>4.336</ele>
<time>2024-06-03T13:11:28Z</time>
<extensions>
<gpxtpx:TrackPointExtension>
<gpxtpx:hr>100</gpxtpx:hr>
</gpxtpx:TrackPointExtension>
</extensions>
</trkpt>
<trkpt lat="36.7833092" lon="126.9960088">
<ele>4.351</ele>
<time>2024-06-03T13:11:29Z</time>
<extensions>
<gpxtpx:TrackPointExtension>
<gpxtpx:hr>100</gpxtpx:hr>
</gpxtpx:TrackPointExtension>
</extensions>
</trkpt>
<trkpt lat="36.7833064" lon="126.9960244">
<ele>4.311</ele>
<time>2024-06-03T13:11:30Z</time>
<extensions>
<gpxtpx:TrackPointExtension>
<gpxtpx:hr>100</gpxtpx:hr>
</gpxtpx:TrackPointExtension>
</extensions>
</trkpt>
<trkpt lat="36.783304" lon="126.9960392">
<ele>4.257</ele>
<time>2024-06-03T13:11:31Z</time>
<extensions>
<gpxtpx:TrackPointExtension>
<gpxtpx:hr>100</gpxtpx:hr>
</gpxtpx:TrackPointExtension>
</extensions>
</trkpt>
<trkpt lat="36.7833011" lon="126.9960542">
<ele>4.265</ele>
<time>2024-06-03T13:11:32Z</time>
<extensions>
<gpxtpx:TrackPointExtension>
<gpxtpx:hr>100</gpxtpx:hr>
</gpxtpx:TrackPointExtension>
</extensions>
</trkpt>
<trkpt lat="36.7832978" lon="126.9960686">
<ele>4.197</ele>
<time>2024-06-03T13:11:33Z</time>
<extensions>
<gpxtpx:TrackPointExtension>
<gpxtpx:hr>101</gpxtpx:hr>
<gpxtpx:cad>105</gpxtpx:cad>
</gpxtpx:TrackPointExtension>
</extensions>
</trkpt>
<trkpt lat="36.783294" lon="126.996083">
<ele>4.14</ele>
<time>2024-06-03T13:11:34Z</time>
<extensions>
<gpxtpx:TrackPointExtension>
<gpxtpx:hr>101</gpxtpx:hr>
</gpxtpx:TrackPointExtension>
</extensions>
</trkpt>
<trkpt lat="36.7832903" lon="126.9960966">
<ele>3.923</ele>
<time>2024-06-03T13:11:35Z</time>
<extensions>
<gpxtpx:TrackPointExtension>
<gpxtpx:hr>101</gpxtpx:hr>
</gpxtpx:TrackPointExtension>
</extensions>
</trkpt>
<trkpt lat="36.7832858" lon="126.996111">
<ele>3.664</ele>
<time>2024-06-03T13:11:36Z</time>
<extensions>
<gpxtpx:TrackPointExtension>
<gpxtpx:hr>101</gpxtpx:hr>
</gpxtpx:TrackPointExtension>
</extensions>
</trkpt>
<trkpt lat="36.7832807" lon="126.9961282">
<ele>3.687</ele>
<time>2024-06-03T13:11:37Z</time>
<extensions>
<gpxtpx:TrackPointExtension>
<gpxtpx:hr>101</gpxtpx:hr>
</gpxtpx:TrackPointExtension>
</extensions>
</trkpt>
<trkpt lat="36.7832764" lon="126.996147">
<ele>3.536</ele>
<time>2024-06-03T13:11:38Z</time>
<extensions>
<gpxtpx:TrackPointExtension>
<gpxtpx:hr>101</gpxtpx:hr>
</gpxtpx:TrackPointExtension>
</extensions>
</trkpt>
<trkpt lat="36.7832718" lon="126.9961665">
<ele>3.285</ele>
<time>2024-06-03T13:11:39Z</time>
<extensions>
<gpxtpx:TrackPointExtension>
<gpxtpx:hr>100</gpxtpx:hr>
</gpxtpx:TrackPointExtension>
</extensions>
</trkpt>
<trkpt lat="36.7832673" lon="126.9961856">
<ele>3.187</ele>
<time>2024-06-03T13:11:40Z</time>
<extensions>
<gpxtpx:TrackPointExtension>
<gpxtpx:hr>100</gpxtpx:hr>
</gpxtpx:TrackPointExtension>
</extensions>
</trkpt>
<trkpt lat="36.7832633" lon="126.9962055">
<ele>3.151</ele>
<time>2024-06-03T13:11:41Z</time>
<extensions>
<gpxtpx:TrackPointExtension>
<gpxtpx:hr>100</gpxtpx:hr>
</gpxtpx:TrackPointExtension>
</extensions>
</trkpt>
<trkpt lat="36.7832612" lon="126.9962261">
<ele>3.131</ele>
<time>2024-06-03T13:11:42Z</time>
<extensions>
<gpxtpx:TrackPointExtension>
<gpxtpx:hr>99</gpxtpx:hr>
</gpxtpx:TrackPointExtension>
</extensions>
</trkpt>
<trkpt lat="36.7832584" lon="126.9962452">
<ele>3.127</ele>
<time>2024-06-03T13:11:43Z</time>
<extensions>
<gpxtpx:TrackPointExtension>
<gpxtpx:hr>99</gpxtpx:hr>
<gpxtpx:cad>106</gpxtpx:cad>
</gpxtpx:TrackPointExtension>
</extensions>
</trkpt>
<trkpt lat="36.7832555" lon="126.9962631">
<ele>3.117</ele>
<time>2024-06-03T13:11:44Z</time>
<extensions>
<gpxtpx:TrackPointExtension>
<gpxtpx:hr>98</gpxtpx:hr>
</gpxtpx:TrackPointExtension>
</extensions>
</trkpt>
<trkpt lat="36.7832527" lon="126.9962797">
<ele>3.092</ele>
<time>2024-06-03T13:11:45Z</time>
<extensions>
<gpxtpx:TrackPointExtension>
<gpxtpx:hr>97</gpxtpx:hr>
</gpxtpx:TrackPointExtension>
</extensions>
</trkpt>
<trkpt lat="36.7832485" lon="126.9962945">
<ele>2.988</ele>
<time>2024-06-03T13:11:46Z</time>
<extensions>
<gpxtpx:TrackPointExtension>
<gpxtpx:hr>96</gpxtpx:hr>
</gpxtpx:TrackPointExtension>
</extensions>
</trkpt>
<trkpt lat="36.7832453" lon="126.9963061">
<ele>3.018</ele>
<time>2024-06-03T13:11:47Z</time>
<extensions>
<gpxtpx:TrackPointExtension>
<gpxtpx:hr>95</gpxtpx:hr>
</gpxtpx:TrackPointExtension>
</extensions>
</trkpt>
<trkpt lat="36.783243" lon="126.9963159">
<ele>2.917</ele>
<time>2024-06-03T13:11:48Z</time>
<extensions>
<gpxtpx:TrackPointExtension>
<gpxtpx:hr>95</gpxtpx:hr>
</gpxtpx:TrackPointExtension>
</extensions>
</trkpt>
<trkpt lat="36.7832421" lon="126.9963235">
<ele>2.887</ele>
<time>2024-06-03T13:11:49Z</time>
<extensions>
<gpxtpx:TrackPointExtension>
<gpxtpx:hr>94</gpxtpx:hr>
</gpxtpx:TrackPointExtension>
</extensions>
</trkpt>
<trkpt lat="36.7832416" lon="126.9963312">
<ele>2.852</ele>
<time>2024-06-03T13:11:50Z</time>
<extensions>
<gpxtpx:TrackPointExtension>
<gpxtpx:hr>94</gpxtpx:hr>
</gpxtpx:TrackPointExtension>
</extensions>
</trkpt>
<trkpt lat="36.783241" lon="126.9963395">
<ele>2.923</ele>
<time>2024-06-03T13:11:51Z</time>
<extensions>
<gpxtpx:TrackPointExtension>
<gpxtpx:hr>94</gpxtpx:hr>
</gpxtpx:TrackPointExtension>
</extensions>
</trkpt>
<trkpt lat="36.7832405" lon="126.9963473">
<ele>2.91</ele>
<time>2024-06-03T13:11:52Z</time>
<extensions>
<gpxtpx:TrackPointExtension>
<gpxtpx:hr>95</gpxtpx:hr>
</gpxtpx:TrackPointExtension>
</extensions>
</trkpt>
<trkpt lat="36.7832404" lon="126.9963546">
<ele>2.895</ele>
<time>2024-06-03T13:11:53Z</time>
<extensions>
<gpxtpx:TrackPointExtension>
<gpxtpx:hr>95</gpxtpx:hr>
<gpxtpx:cad>108</gpxtpx:cad>
</gpxtpx:TrackPointExtension>
</extensions>
</trkpt>
<trkpt lat="36.7832398" lon="126.9963623">
<ele>2.795</ele>
<time>2024-06-03T13:11:54Z</time>
<extensions>
<gpxtpx:TrackPointExtension>
<gpxtpx:hr>95</gpxtpx:hr>
</gpxtpx:TrackPointExtension>
</extensions>
</trkpt>
<trkpt lat="36.7832388" lon="126.9963711">
<ele>2.718</ele>
<time>2024-06-03T13:11:55Z</time>
<extensions>
<gpxtpx:TrackPointExtension>
<gpxtpx:hr>95</gpxtpx:hr>
</gpxtpx:TrackPointExtension>
</extensions>
</trkpt>
<trkpt lat="36.7832378" lon="126.99638">
<ele>2.631</ele>
<time>2024-06-03T13:11:56Z</time>
<extensions>
<gpxtpx:TrackPointExtension>
<gpxtpx:hr>95</gpxtpx:hr>
</gpxtpx:TrackPointExtension>
</extensions>
</trkpt>
<trkpt lat="36.7832364" lon="126.9963905">
<ele>2.617</ele>
<time>2024-06-03T13:11:57Z</time>
<extensions>
<gpxtpx:TrackPointExtension>
<gpxtpx:hr>95</gpxtpx:hr>
</gpxtpx:TrackPointExtension>
</extensions>
</trkpt>
<trkpt lat="36.7832346" lon="126.9964033">
<ele>2.626</ele>
<time>2024-06-03T13:11:58Z</time>
<extensions>
<gpxtpx:TrackPointExtension>
<gpxtpx:hr>95</gpxtpx:hr>
<gpxtpx:cad>110</gpxtpx:cad>
</gpxtpx:TrackPointExtension>
</extensions>
</trkpt>
<trkpt lat="36.7832332" lon="126.9964167">
<ele>2.619</ele>
<time>2024-06-03T13:11:59Z</time>
<extensions>
<gpxtpx:TrackPointExtension>
<gpxtpx:hr>95</gpxtpx:hr>
</gpxtpx:TrackPointExtension>
</extensions>
</trkpt>
<trkpt lat="36.7832321" lon="126.9964303">
<ele>2.564</ele>
<time>2024-06-03T13:12:00Z</time>
<extensions>
<gpxtpx:TrackPointExtension>
<gpxtpx:hr>95</gpxtpx:hr>
</gpxtpx:TrackPointExtension>
</extensions>
</trkpt>
<trkpt lat="36.783231" lon="126.9964436">
<ele>2.791</ele>
<time>2024-06-03T13:12:01Z</time>
<extensions>
<gpxtpx:TrackPointExtension>
<gpxtpx:hr>95</gpxtpx:hr>
</gpxtpx:TrackPointExtension>
</extensions>
</trkpt>
<trkpt lat="36.7832297" lon="126.9964566">
<ele>2.751</ele>
<time>2024-06-03T13:12:02Z</time>
<extensions>
<gpxtpx:TrackPointExtension>
<gpxtpx:hr>95</gpxtpx:hr>
</gpxtpx:TrackPointExtension>
</extensions>
</trkpt>
<trkpt lat="36.7832295" lon="126.9964687">
<ele>2.767</ele>
<time>2024-06-03T13:12:03Z</time>
<extensions>
<gpxtpx:TrackPointExtension>
<gpxtpx:hr>95</gpxtpx:hr>
<gpxtpx:cad>108</gpxtpx:cad>
</gpxtpx:TrackPointExtension>
</extensions>
</trkpt>
<trkpt lat="36.7832296" lon="126.9964806">
<ele>2.658</ele>
<time>2024-06-03T13:12:04Z</time>
<extensions>
<gpxtpx:TrackPointExtension>
<gpxtpx:hr>96</gpxtpx:hr>
</gpxtpx:TrackPointExtension>
</extensions>
</trkpt>
<trkpt lat="36.7832294" lon="126.9964922">
<ele>2.713</ele>
<time>2024-06-03T13:12:05Z</time>
<extensions>
<gpxtpx:TrackPointExtension>
<gpxtpx:hr>95</gpxtpx:hr>
</gpxtpx:TrackPointExtension>
</extensions>
</trkpt>
<trkpt lat="36.7832306" lon="126.9965033">
<ele>2.532</ele>
<time>2024-06-03T13:12:06Z</time>
<extensions>
<gpxtpx:TrackPointExtension>
<gpxtpx:hr>95</gpxtpx:hr>
</gpxtpx:TrackPointExtension>
</extensions>
</trkpt>
<trkpt lat="36.783232" lon="126.9965143">
<ele>2.464</ele>
<time>2024-06-03T13:12:07Z</time>
<extensions>
<gpxtpx:TrackPointExtension>
<gpxtpx:hr>95</gpxtpx:hr>
</gpxtpx:TrackPointExtension>
</extensions>
</trkpt>
<trkpt lat="36.7832333" lon="126.9965247">
<ele>2.683</ele>
<time>2024-06-03T13:12:08Z</time>
<extensions>
<gpxtpx:TrackPointExtension>
<gpxtpx:hr>96</gpxtpx:hr>
</gpxtpx:TrackPointExtension>
</extensions>
</trkpt>
<trkpt lat="36.783234" lon="126.9965346">
<ele>2.579</ele>
<time>2024-06-03T13:12:09Z</time>
<extensions>
<gpxtpx:TrackPointExtension>
<gpxtpx:hr>96</gpxtpx:hr>
</gpxtpx:TrackPointExtension>
</extensions>
</trkpt>
<trkpt lat="36.783234" lon="126.9965451">
<ele>2.58</ele>
<time>2024-06-03T13:12:10Z</time>
<extensions>
<gpxtpx:TrackPointExtension>
<gpxtpx:hr>96</gpxtpx:hr>
</gpxtpx:TrackPointExtension>
</extensions>
</trkpt>
<trkpt lat="36.7832331" lon="126.9965557">
<ele>2.52</ele>
<time>2024-06-03T13:12:11Z</time>
<extensions>
<gpxtpx:TrackPointExtension>
<gpxtpx:hr>96</gpxtpx:hr>
</gpxtpx:TrackPointExtension>
</extensions>
</trkpt>
<trkpt lat="36.783231" lon="126.9965657">
<ele>2.536</ele>
<time>2024-06-03T13:12:12Z</time>
<extensions>
<gpxtpx:TrackPointExtension>
<gpxtpx:hr>96</gpxtpx:hr>
</gpxtpx:TrackPointExtension>
</extensions>
</trkpt>
<trkpt lat="36.783229" lon="126.9965748">
<ele>2.398</ele>
<time>2024-06-03T13:12:13Z</time>
<extensions>
<gpxtpx:TrackPointExtension>
<gpxtpx:hr>96</gpxtpx:hr>
<gpxtpx:cad>106</gpxtpx:cad>
</gpxtpx:TrackPointExtension>
</extensions>
</trkpt>
<trkpt lat="36.7832263" lon="126.9965835">
<ele>2.171</ele>
<time>2024-06-03T13:12:14Z</time>
<extensions>
<gpxtpx:TrackPointExtension>
<gpxtpx:hr>96</gpxtpx:hr>
</gpxtpx:TrackPointExtension>
</extensions>
</trkpt>
<trkpt lat="36.7832239" lon="126.9965926">
<ele>2.098</ele>
<time>2024-06-03T13:12:15Z</time>
<extensions>
<gpxtpx:TrackPointExtension>
<gpxtpx:hr>96</gpxtpx:hr>
</gpxtpx:TrackPointExtension>
</extensions>
</trkpt>
<trkpt lat="36.7832205" lon="126.9966043">
<ele>2.021</ele>
<time>2024-06-03T13:12:16Z</time>
<extensions>
<gpxtpx:TrackPointExtension>
<gpxtpx:hr>96</gpxtpx:hr>
</gpxtpx:TrackPointExtension>
</extensions>
</trkpt>
<trkpt lat="36.7832152" lon="126.9966176">
<ele>1.981</ele>
<time>2024-06-03T13:12:17Z</time>
<extensions>
<gpxtpx:TrackPointExtension>
<gpxtpx:hr>96</gpxtpx:hr>
</gpxtpx:TrackPointExtension>
</extensions>
</trkpt>
<trkpt lat="36.7832087" lon="126.99663">
<ele>1.92</ele>
<time>2024-06-03T13:12:18Z</time>
<extensions>
<gpxtpx:TrackPointExtension>
<gpxtpx:hr>95</gpxtpx:hr>
</gpxtpx:TrackPointExtension>
</extensions>
</trkpt>
<trkpt lat="36.7832019" lon="126.9966439">
<ele>1.915</ele>
<time>2024-06-03T13:12:19Z</time>
<extensions>
<gpxtpx:TrackPointExtension>
<gpxtpx:hr>95</gpxtpx:hr>
</gpxtpx:TrackPointExtension>
</extensions>
</trkpt>
<trkpt lat="36.7831948" lon="126.9966591">
<ele>1.883</ele>
<time>2024-06-03T13:12:20Z</time>
<extensions>
<gpxtpx:TrackPointExtension>
<gpxtpx:hr>95</gpxtpx:hr>
</gpxtpx:TrackPointExtension>
</extensions>
</trkpt>
<trkpt lat="36.7831883" lon="126.9966749">
<ele>1.801</ele>
<time>2024-06-03T13:12:21Z</time>
<extensions>
<gpxtpx:TrackPointExtension>
<gpxtpx:hr>96</gpxtpx:hr>
</gpxtpx:TrackPointExtension>
</extensions>
</trkpt>
<trkpt lat="36.7831818" lon="126.9966919">
<ele>1.805</ele>
<time>2024-06-03T13:12:22Z</time>
<extensions>
<gpxtpx:TrackPointExtension>
<gpxtpx:hr>96</gpxtpx:hr>
<gpxtpx:cad>109</gpxtpx:cad>
</gpxtpx:TrackPointExtension>
</extensions>
</trkpt>
<trkpt lat="36.7831756" lon="126.996711">
<ele>1.783</ele>
<time>2024-06-03T13:12:23Z</time>
<extensions>
<gpxtpx:TrackPointExtension>
<gpxtpx:hr>96</gpxtpx:hr>
</gpxtpx:TrackPointExtension>
</extensions>
</trkpt>
<trkpt lat="36.7831696" lon="126.9967314">
<ele>1.744</ele>
<time>2024-06-03T13:12:24Z</time>
<extensions>
<gpxtpx:TrackPointExtension>
<gpxtpx:hr>96</gpxtpx:hr>
</gpxtpx:TrackPointExtension>
</extensions>
</trkpt>
<trkpt lat="36.7831637" lon="126.9967515">
<ele>1.689</ele>
<time>2024-06-03T13:12:25Z</time>
<extensions>
<gpxtpx:TrackPointExtension>
<gpxtpx:hr>96</gpxtpx:hr>
</gpxtpx:TrackPointExtension>
</extensions>
</trkpt>
<trkpt lat="36.7831592" lon="126.9967731">
<ele>1.576</ele>
<time>2024-06-03T13:12:26Z</time>
<extensions>
<gpxtpx:TrackPointExtension>
<gpxtpx:hr>96</gpxtpx:hr>
</gpxtpx:TrackPointExtension>
</extensions>
</trkpt>
<trkpt lat="36.7831545" lon="126.9967942">
<ele>1.536</ele>
<time>2024-06-03T13:12:27Z</time>
<extensions>
<gpxtpx:TrackPointExtension>
<gpxtpx:hr>96</gpxtpx:hr>
</gpxtpx:TrackPointExtension>
</extensions>
</trkpt>
<trkpt lat="36.78315" lon="126.9968138">
<ele>1.424</ele>
<time>2024-06-03T13:12:28Z</time>
<extensions>
<gpxtpx:TrackPointExtension>
<gpxtpx:hr>96</gpxtpx:hr>
</gpxtpx:TrackPointExtension>
</extensions>
</trkpt>
<trkpt lat="36.7831459" lon="126.9968335">
<ele>1.44</ele>
<time>2024-06-03T13:12:29Z</time>
<extensions>
<gpxtpx:TrackPointExtension>
<gpxtpx:hr>97</gpxtpx:hr>
</gpxtpx:TrackPointExtension>
</extensions>
</trkpt>
<trkpt lat="36.7831421" lon="126.9968538">
<ele>1.339</ele>
<time>2024-06-03T13:12:30Z</time>
<extensions>
<gpxtpx:TrackPointExtension>
<gpxtpx:hr>97</gpxtpx:hr>
</gpxtpx:TrackPointExtension>
</extensions>
</trkpt>
<trkpt lat="36.7831384" lon="126.9968746">
<ele>1.3</ele>
<time>2024-06-03T13:12:31Z</time>
<extensions>
<gpxtpx:TrackPointExtension>
<gpxtpx:hr>97</gpxtpx:hr>
</gpxtpx:TrackPointExtension>
</extensions>
</trkpt>
<trkpt lat="36.783134" lon="126.9968959">
<ele>1.268</ele>
<time>2024-06-03T13:12:32Z</time>
<extensions>
<gpxtpx:TrackPointExtension>
<gpxtpx:hr>96</gpxtpx:hr>
<gpxtpx:cad>110</gpxtpx:cad>
</gpxtpx:TrackPointExtension>
</extensions>
</trkpt>
<trkpt lat="36.7831305" lon="126.9969193">
<ele>1.315</ele>
<time>2024-06-03T13:12:33Z</time>
<extensions>
<gpxtpx:TrackPointExtension>
<gpxtpx:hr>96</gpxtpx:hr>
</gpxtpx:TrackPointExtension>
</extensions>
</trkpt>
<trkpt lat="36.7831267" lon="126.996943">
<ele>1.326</ele>
<time>2024-06-03T13:12:34Z</time>
<extensions>
<gpxtpx:TrackPointExtension>
<gpxtpx:hr>96</gpxtpx:hr>
</gpxtpx:TrackPointExtension>
</extensions>
</trkpt>
<trkpt lat="36.783123" lon="126.9969664">
<ele>1.315</ele>
<time>2024-06-03T13:12:35Z</time>
<extensions>
<gpxtpx:TrackPointExtension>
<gpxtpx:hr>96</gpxtpx:hr>
</gpxtpx:TrackPointExtension>
</extensions>
</trkpt>
<trkpt lat="36.7831188" lon="126.9969878">
<ele>1.291</ele>
<time>2024-06-03T13:12:36Z</time>
<extensions>
<gpxtpx:TrackPointExtension>
<gpxtpx:hr>96</gpxtpx:hr>
</gpxtpx:TrackPointExtension>
</extensions>
</trkpt>
<trkpt lat="36.7831139" lon="126.9970072">
<ele>1.328</ele>
<time>2024-06-03T13:12:37Z</time>
<extensions>
<gpxtpx:TrackPointExtension>
<gpxtpx:hr>96</gpxtpx:hr>
</gpxtpx:TrackPointExtension>
</extensions>
</trkpt>
<trkpt lat="36.7831089" lon="126.9970245">
<ele>1.299</ele>
<time>2024-06-03T13:12:38Z</time>
<extensions>
<gpxtpx:TrackPointExtension>
<gpxtpx:hr>96</gpxtpx:hr>
</gpxtpx:TrackPointExtension>
</extensions>
</trkpt>
<trkpt lat="36.7831037" lon="126.9970414">
<ele>1.254</ele>
<time>2024-06-03T13:12:39Z</time>
<extensions>
<gpxtpx:TrackPointExtension>
<gpxtpx:hr>96</gpxtpx:hr>
</gpxtpx:TrackPointExtension>
</extensions>
</trkpt>
<trkpt lat="36.7830976" lon="126.997058">
<ele>1.223</ele>
<time>2024-06-03T13:12:40Z</time>
<extensions>
<gpxtpx:TrackPointExtension>
<gpxtpx:hr>96</gpxtpx:hr>
</gpxtpx:TrackPointExtension>
</extensions>
</trkpt>
<trkpt lat="36.7830923" lon="126.9970737">
<ele>1.231</ele>
<time>2024-06-03T13:12:41Z</time>
<extensions>
<gpxtpx:TrackPointExtension>
<gpxtpx:hr>96</gpxtpx:hr>
</gpxtpx:TrackPointExtension>
</extensions>
</trkpt>
<trkpt lat="36.7830867" lon="126.9970893">
<ele>1.271</ele>
<time>2024-06-03T13:12:42Z</time>
<extensions>
<gpxtpx:TrackPointExtension>
<gpxtpx:hr>95</gpxtpx:hr>
<gpxtpx:cad>108</gpxtpx:cad>
</gpxtpx:TrackPointExtension>
</extensions>
</trkpt>
<trkpt lat="36.7830807" lon="126.9971038">
<ele>1.388</ele>
<time>2024-06-03T13:12:43Z</time>
<extensions>
<gpxtpx:TrackPointExtension>
<gpxtpx:hr>95</gpxtpx:hr>
</gpxtpx:TrackPointExtension>
</extensions>
</trkpt>
<trkpt lat="36.7830737" lon="126.9971175">
<ele>1.425</ele>
<time>2024-06-03T13:12:44Z</time>
<extensions>
<gpxtpx:TrackPointExtension>
<gpxtpx:hr>95</gpxtpx:hr>
</gpxtpx:TrackPointExtension>
</extensions>
</trkpt>
<trkpt lat="36.783066" lon="126.997131">
<ele>1.397</ele>
<time>2024-06-03T13:12:45Z</time>
<extensions>
<gpxtpx:TrackPointExtension>
<gpxtpx:hr>95</gpxtpx:hr>
</gpxtpx:TrackPointExtension>
</extensions>
</trkpt>
<trkpt lat="36.7830578" lon="126.9971455">
<ele>1.396</ele>
<time>2024-06-03T13:12:46Z</time>
<extensions>
<gpxtpx:TrackPointExtension>
<gpxtpx:hr>95</gpxtpx:hr>
</gpxtpx:TrackPointExtension>
</extensions>
</trkpt>
<trkpt lat="36.7830492" lon="126.9971611">
<ele>1.215</ele>
<time>2024-06-03T13:12:47Z</time>
<extensions>
<gpxtpx:TrackPointExtension>
<gpxtpx:hr>95</gpxtpx:hr>
</gpxtpx:TrackPointExtension>
</extensions>
</trkpt>
<trkpt lat="36.7830417" lon="126.9971768">
<ele>1.036</ele>
<time>2024-06-03T13:12:48Z</time>
<extensions>
<gpxtpx:TrackPointExtension>
<gpxtpx:hr>95</gpxtpx:hr>
</gpxtpx:TrackPointExtension>
</extensions>
</trkpt>
<trkpt lat="36.7830346" lon="126.997193">
<ele>0.987</ele>
<time>2024-06-03T13:12:49Z</time>
<extensions>
<gpxtpx:TrackPointExtension>
<gpxtpx:hr>95</gpxtpx:hr>
</gpxtpx:TrackPointExtension>
</extensions>
</trkpt>
<trkpt lat="36.7830279" lon="126.9972096">
<ele>0.91</ele>
<time>2024-06-03T13:12:50Z</time>
<extensions>
<gpxtpx:TrackPointExtension>
<gpxtpx:hr>95</gpxtpx:hr>
</gpxtpx:TrackPointExtension>
</extensions>
</trkpt>
<trkpt lat="36.7830222" lon="126.9972256">
<ele>0.841</ele>
<time>2024-06-03T13:12:51Z</time>
<extensions>
<gpxtpx:TrackPointExtension>
<gpxtpx:hr>95</gpxtpx:hr>
</gpxtpx:TrackPointExtension>
</extensions>
</trkpt>
<trkpt lat="36.7830168" lon="126.9972417">
<ele>0.837</ele>
<time>2024-06-03T13:12:52Z</time>
<extensions>
<gpxtpx:TrackPointExtension>
<gpxtpx:hr>96</gpxtpx:hr>
<gpxtpx:cad>110</gpxtpx:cad>
</gpxtpx:TrackPointExtension>
</extensions>
</trkpt>
<trkpt lat="36.7830111" lon="126.9972592">
<ele>0.756</ele>
<time>2024-06-03T13:12:53Z</time>
<extensions>
<gpxtpx:TrackPointExtension>
<gpxtpx:hr>96</gpxtpx:hr>
</gpxtpx:TrackPointExtension>
</extensions>
</trkpt>
<trkpt lat="36.7830072" lon="126.9972754">
<ele>0.77</ele>
<time>2024-06-03T13:12:54Z</time>
<extensions>
<gpxtpx:TrackPointExtension>
<gpxtpx:hr>96</gpxtpx:hr>
</gpxtpx:TrackPointExtension>
</extensions>
</trkpt>
<trkpt lat="36.7830033" lon="126.9972906">
<ele>0.777</ele>
<time>2024-06-03T13:12:55Z</time>
<extensions>
<gpxtpx:TrackPointExtension>
<gpxtpx:hr>96</gpxtpx:hr>
</gpxtpx:TrackPointExtension>
</extensions>
</trkpt>
<trkpt lat="36.7830007" lon="126.9973063">
<ele>0.718</ele>
<time>2024-06-03T13:12:56Z</time>
<extensions>
<gpxtpx:TrackPointExtension>
<gpxtpx:hr>96</gpxtpx:hr>
</gpxtpx:TrackPointExtension>
</extensions>
</trkpt>
<trkpt lat="36.7829981" lon="126.9973219">
<ele>0.682</ele>
<time>2024-06-03T13:12:57Z</time>
<extensions>
<gpxtpx:TrackPointExtension>
<gpxtpx:hr>96</gpxtpx:hr>
</gpxtpx:TrackPointExtension>
</extensions>
</trkpt>
<trkpt lat="36.7829959" lon="126.9973366">
<ele>0.652</ele>
<time>2024-06-03T13:12:58Z</time>
<extensions>
<gpxtpx:TrackPointExtension>
<gpxtpx:hr>96</gpxtpx:hr>
</gpxtpx:TrackPointExtension>
</extensions>
</trkpt>
<trkpt lat="36.7829927" lon="126.9973521">
<ele>0.631</ele>
<time>2024-06-03T13:12:59Z</time>
<extensions>
<gpxtpx:TrackPointExtension>
<gpxtpx:hr>96</gpxtpx:hr>
</gpxtpx:TrackPointExtension>
</extensions>
</trkpt>
<trkpt lat="36.7829898" lon="126.9973687">
<ele>0.645</ele>
<time>2024-06-03T13:13:00Z</time>
<extensions>
<gpxtpx:TrackPointExtension>
<gpxtpx:hr>96</gpxtpx:hr>
</gpxtpx:TrackPointExtension>
</extensions>
</trkpt>
<trkpt lat="36.7829885" lon="126.9973862">
<ele>0.652</ele>
<time>2024-06-03T13:13:01Z</time>
<extensions>
<gpxtpx:TrackPointExtension>
<gpxtpx:hr>96</gpxtpx:hr>
</gpxtpx:TrackPointExtension>
</extensions>
</trkpt>
<trkpt lat="36.7829874" lon="126.997404">
<ele>0.619</ele>
<time>2024-06-03T13:13:02Z</time>
<extensions>
<gpxtpx:TrackPointExtension>
<gpxtpx:hr>96</gpxtpx:hr>
<gpxtpx:cad>110</gpxtpx:cad>
</gpxtpx:TrackPointExtension>
</extensions>
</trkpt>
<trkpt lat="36.782987" lon="126.9974204">
<ele>0.61</ele>
<time>2024-06-03T13:13:03Z</time>
<extensions>
<gpxtpx:TrackPointExtension>
<gpxtpx:hr>96</gpxtpx:hr>
</gpxtpx:TrackPointExtension>
</extensions>
</trkpt>
<trkpt lat="36.7829868" lon="126.9974356">
<ele>0.577</ele>
<time>2024-06-03T13:13:04Z</time>
<extensions>
<gpxtpx:TrackPointExtension>
<gpxtpx:hr>96</gpxtpx:hr>
</gpxtpx:TrackPointExtension>
</extensions>
</trkpt>
<trkpt lat="36.7829855" lon="126.9974513">
<ele>0.531</ele>
<time>2024-06-03T13:13:05Z</time>
<extensions>
<gpxtpx:TrackPointExtension>
<gpxtpx:hr>96</gpxtpx:hr>
</gpxtpx:TrackPointExtension>
</extensions>
</trkpt>
<trkpt lat="36.7829824" lon="126.9974672">
<ele>0.505</ele>
<time>2024-06-03T13:13:06Z</time>
<extensions>
<gpxtpx:TrackPointExtension>
<gpxtpx:hr>96</gpxtpx:hr>
<gpxtpx:cad>109</gpxtpx:cad>
</gpxtpx:TrackPointExtension>
</extensions>
</trkpt>
<trkpt lat="36.7829784" lon="126.9974826">
<ele>0.455</ele>
<time>2024-06-03T13:13:07Z</time>
<extensions>
<gpxtpx:TrackPointExtension>
<gpxtpx:hr>96</gpxtpx:hr>
</gpxtpx:TrackPointExtension>
</extensions>
</trkpt>
<trkpt lat="36.7829743" lon="126.9974982">
<ele>0.323</ele>
<time>2024-06-03T13:13:08Z</time>
<extensions>
<gpxtpx:TrackPointExtension>
<gpxtpx:hr>96</gpxtpx:hr>
</gpxtpx:TrackPointExtension>
</extensions>
</trkpt>
<trkpt lat="36.7829711" lon="126.9975142">
<ele>0.327</ele>
<time>2024-06-03T13:13:09Z</time>
<extensions>
<gpxtpx:TrackPointExtension>
<gpxtpx:hr>96</gpxtpx:hr>
</gpxtpx:TrackPointExtension>
</extensions>
</trkpt>
<trkpt lat="36.782967" lon="126.9975311">
<ele>0.281</ele>
<time>2024-06-03T13:13:10Z</time>
<extensions>
<gpxtpx:TrackPointExtension>
<gpxtpx:hr>96</gpxtpx:hr>
</gpxtpx:TrackPointExtension>
</extensions>
</trkpt>
<trkpt lat="36.7829621" lon="126.997549">
<ele>0.238</ele>
<time>2024-06-03T13:13:11Z</time>
<extensions>
<gpxtpx:TrackPointExtension>
<gpxtpx:hr>96</gpxtpx:hr>
</gpxtpx:TrackPointExtension>
</extensions>
</trkpt>
<trkpt lat="36.7829568" lon="126.997567">
<ele>0.186</ele>
<time>2024-06-03T13:13:12Z</time>
<extensions>
<gpxtpx:TrackPointExtension>
<gpxtpx:hr>96</gpxtpx:hr>
<gpxtpx:cad>109</gpxtpx:cad>
</gpxtpx:TrackPointExtension>
</extensions>
</trkpt>
<trkpt lat="36.7829515" lon="126.9975859">
<ele>0.17</ele>
<time>2024-06-03T13:13:13Z</time>
<extensions>
<gpxtpx:TrackPointExtension>
<gpxtpx:hr>96</gpxtpx:hr>
</gpxtpx:TrackPointExtension>
</extensions>
</trkpt>
<trkpt lat="36.7829457" lon="126.9976061">
<ele>0.22</ele>
<time>2024-06-03T13:13:15Z</time>
<extensions>
<gpxtpx:TrackPointExtension>
<gpxtpx:hr>96</gpxtpx:hr>
</gpxtpx:TrackPointExtension>
</extensions>
</trkpt>
<trkpt lat="36.7829399" lon="126.997626">
<ele>0.204</ele>
<time>2024-06-03T13:13:16Z</time>
<extensions>
<gpxtpx:TrackPointExtension>
<gpxtpx:hr>96</gpxtpx:hr>
</gpxtpx:TrackPointExtension>
</extensions>
</trkpt>
<trkpt lat="36.7829345" lon="126.9976472">
<ele>0.124</ele>
<time>2024-06-03T13:13:17Z</time>
<extensions>
<gpxtpx:TrackPointExtension>
<gpxtpx:hr>96</gpxtpx:hr>
</gpxtpx:TrackPointExtension>
</extensions>
</trkpt>
<trkpt lat="36.7829301" lon="126.9976677">
<ele>0.112</ele>
<time>2024-06-03T13:13:18Z</time>
<extensions>
<gpxtpx:TrackPointExtension>
<gpxtpx:hr>96</gpxtpx:hr>
</gpxtpx:TrackPointExtension>
</extensions>
</trkpt>
<trkpt lat="36.7829259" lon="126.9976881">
<ele>0.101</ele>
<time>2024-06-03T13:13:19Z</time>
<extensions>
<gpxtpx:TrackPointExtension>
<gpxtpx:hr>97</gpxtpx:hr>
</gpxtpx:TrackPointExtension>
</extensions>
</trkpt>
<trkpt lat="36.7829221" lon="126.997708">
<ele>0.036</ele>
<time>2024-06-03T13:13:20Z</time>
<extensions>
<gpxtpx:TrackPointExtension>
<gpxtpx:hr>97</gpxtpx:hr>
</gpxtpx:TrackPointExtension>
</extensions>
</trkpt>
<trkpt lat="36.7829184" lon="126.9977278">
<ele>0.015</ele>
<time>2024-06-03T13:13:21Z</time>
<extensions>
<gpxtpx:TrackPointExtension>
<gpxtpx:hr>97</gpxtpx:hr>
</gpxtpx:TrackPointExtension>
</extensions>
</trkpt>
<trkpt lat="36.7829139" lon="126.9977479">
<ele>-0.054</ele>
<time>2024-06-03T13:13:22Z</time>
<extensions>
<gpxtpx:TrackPointExtension>
<gpxtpx:hr>97</gpxtpx:hr>
</gpxtpx:TrackPointExtension>
</extensions>
</trkpt>
<trkpt lat="36.7829103" lon="126.9977663">
<ele>-0.132</ele>
<time>2024-06-03T13:13:23Z</time>
<extensions>
<gpxtpx:TrackPointExtension>
<gpxtpx:hr>97</gpxtpx:hr>
<gpxtpx:cad>109</gpxtpx:cad>
</gpxtpx:TrackPointExtension>
</extensions>
</trkpt>
<trkpt lat="36.7829077" lon="126.9977826">
<ele>-0.241</ele>
<time>2024-06-03T13:13:24Z</time>
<extensions>
<gpxtpx:TrackPointExtension>
<gpxtpx:hr>97</gpxtpx:hr>
</gpxtpx:TrackPointExtension>
</extensions>
</trkpt>
<trkpt lat="36.782905" lon="126.9977967">
<ele>-0.274</ele>
<time>2024-06-03T13:13:25Z</time>
<extensions>
<gpxtpx:TrackPointExtension>
<gpxtpx:hr>97</gpxtpx:hr>
</gpxtpx:TrackPointExtension>
</extensions>
</trkpt>
<trkpt lat="36.7829013" lon="126.997811">
<ele>-0.218</ele>
<time>2024-06-03T13:13:26Z</time>
<extensions>
<gpxtpx:TrackPointExtension>
<gpxtpx:hr>97</gpxtpx:hr>
</gpxtpx:TrackPointExtension>
</extensions>
</trkpt>
<trkpt lat="36.7828975" lon="126.9978247">
<ele>-0.18</ele>
<time>2024-06-03T13:13:27Z</time>
<extensions>
<gpxtpx:TrackPointExtension>
<gpxtpx:hr>97</gpxtpx:hr>
</gpxtpx:TrackPointExtension>
</extensions>
</trkpt>
<trkpt lat="36.7828937" lon="126.997839">
<ele>-0.188</ele>
<time>2024-06-03T13:13:28Z</time>
<extensions>
<gpxtpx:TrackPointExtension>
<gpxtpx:hr>97</gpxtpx:hr>
</gpxtpx:TrackPointExtension>
</extensions>
</trkpt>
<trkpt lat="36.7828894" lon="126.9978542">
<ele>-0.192</ele>
<time>2024-06-03T13:13:29Z</time>
<extensions>
<gpxtpx:TrackPointExtension>
<gpxtpx:hr>97</gpxtpx:hr>
</gpxtpx:TrackPointExtension>
</extensions>
</trkpt>
<trkpt lat="36.782885" lon="126.9978666">
<ele>-0.275</ele>
<time>2024-06-03T13:13:30Z</time>
<extensions>
<gpxtpx:TrackPointExtension>
<gpxtpx:hr>97</gpxtpx:hr>
</gpxtpx:TrackPointExtension>
</extensions>
</trkpt>
<trkpt lat="36.7828811" lon="126.9978785">
<ele>-0.357</ele>
<time>2024-06-03T13:13:31Z</time>
<extensions>
<gpxtpx:TrackPointExtension>
<gpxtpx:hr>97</gpxtpx:hr>
</gpxtpx:TrackPointExtension>
</extensions>
</trkpt>
<trkpt lat="36.7828777" lon="126.9978894">
<ele>-0.397</ele>
<time>2024-06-03T13:13:32Z</time>
<extensions>
<gpxtpx:TrackPointExtension>
<gpxtpx:hr>97</gpxtpx:hr>
</gpxtpx:TrackPointExtension>
</extensions>
</trkpt>
<trkpt lat="36.7828739" lon="126.9979007">
<ele>-0.486</ele>
<time>2024-06-03T13:13:33Z</time>
<extensions>
<gpxtpx:TrackPointExtension>
<gpxtpx:hr>97</gpxtpx:hr>
<gpxtpx:cad>110</gpxtpx:cad>
</gpxtpx:TrackPointExtension>
</extensions>
</trkpt>
<trkpt lat="36.7828693" lon="126.9979132">
<ele>-0.509</ele>
<time>2024-06-03T13:13:34Z</time>
<extensions>
<gpxtpx:TrackPointExtension>
<gpxtpx:hr>97</gpxtpx:hr>
</gpxtpx:TrackPointExtension>
</extensions>
</trkpt>
<trkpt lat="36.7828643" lon="126.9979265">
<ele>-0.517</ele>
<time>2024-06-03T13:13:35Z</time>
<extensions>
<gpxtpx:TrackPointExtension>
<gpxtpx:hr>97</gpxtpx:hr>
</gpxtpx:TrackPointExtension>
</extensions>
</trkpt>
<trkpt lat="36.7828593" lon="126.99794">
<ele>-0.53</ele>
<time>2024-06-03T13:13:36Z</time>
<extensions>
<gpxtpx:TrackPointExtension>
<gpxtpx:hr>97</gpxtpx:hr>
</gpxtpx:TrackPointExtension>
</extensions>
</trkpt>
<trkpt lat="36.7828536" lon="126.9979541">
<ele>-0.618</ele>
<time>2024-06-03T13:13:37Z</time>
<extensions>
<gpxtpx:TrackPointExtension>
<gpxtpx:hr>97</gpxtpx:hr>
</gpxtpx:TrackPointExtension>
</extensions>
</trkpt>
<trkpt lat="36.7828485" lon="126.9979691">
<ele>-0.55</ele>
<time>2024-06-03T13:13:38Z</time>
<extensions>
<gpxtpx:TrackPointExtension>
<gpxtpx:hr>97</gpxtpx:hr>
</gpxtpx:TrackPointExtension>
</extensions>
</trkpt>
<trkpt lat="36.7828446" lon="126.9979847">
<ele>-0.563</ele>
<time>2024-06-03T13:13:39Z</time>
<extensions>
<gpxtpx:TrackPointExtension>
<gpxtpx:hr>97</gpxtpx:hr>
</gpxtpx:TrackPointExtension>
</extensions>
</trkpt>
<trkpt lat="36.7828404" lon="126.9980003">
<ele>-0.622</ele>
<time>2024-06-03T13:13:40Z</time>
<extensions>
<gpxtpx:TrackPointExtension>
<gpxtpx:hr>97</gpxtpx:hr>
</gpxtpx:TrackPointExtension>
</extensions>
</trkpt>
<trkpt lat="36.7828358" lon="126.9980166">
<ele>-0.671</ele>
<time>2024-06-03T13:13:41Z</time>
<extensions>
<gpxtpx:TrackPointExtension>
<gpxtpx:hr>97</gpxtpx:hr>
</gpxtpx:TrackPointExtension>
</extensions>
</trkpt>
<trkpt lat="36.782831" lon="126.9980324">
<ele>-0.693</ele>
<time>2024-06-03T13:13:42Z</time>
<extensions>
<gpxtpx:TrackPointExtension>
<gpxtpx:hr>97</gpxtpx:hr>
</gpxtpx:TrackPointExtension>
</extensions>
</trkpt>
<trkpt lat="36.7828218" lon="126.9980649">
<ele>-0.722</ele>
<time>2024-06-03T13:13:43Z</time>
<extensions>
<gpxtpx:TrackPointExtension>
<gpxtpx:hr>97</gpxtpx:hr>
<gpxtpx:cad>108</gpxtpx:cad>
</gpxtpx:TrackPointExtension>
</extensions>
</trkpt>
<trkpt lat="36.782817" lon="126.9980826">
<ele>-0.805</ele>
<time>2024-06-03T13:13:44Z</time>
<extensions>
<gpxtpx:TrackPointExtension>
<gpxtpx:hr>97</gpxtpx:hr>
</gpxtpx:TrackPointExtension>
</extensions>
</trkpt>
<trkpt lat="36.7828132" lon="126.9980999">
<ele>-0.854</ele>
<time>2024-06-03T13:13:45Z</time>
<extensions>
<gpxtpx:TrackPointExtension>
<gpxtpx:hr>97</gpxtpx:hr>
</gpxtpx:TrackPointExtension>
</extensions>
</trkpt>
<trkpt lat="36.7828101" lon="126.998117">
<ele>-0.875</ele>
<time>2024-06-03T13:13:46Z</time>
<extensions>
<gpxtpx:TrackPointExtension>
<gpxtpx:hr>98</gpxtpx:hr>
</gpxtpx:TrackPointExtension>
</extensions>
</trkpt>
<trkpt lat="36.7828078" lon="126.9981344">
<ele>-0.984</ele>
<time>2024-06-03T13:13:47Z</time>
<extensions>
<gpxtpx:TrackPointExtension>
<gpxtpx:hr>97</gpxtpx:hr>
</gpxtpx:TrackPointExtension>
</extensions>
</trkpt>
<trkpt lat="36.7828056" lon="126.9981505">
<ele>-0.997</ele>
<time>2024-06-03T13:13:48Z</time>
<extensions>
<gpxtpx:TrackPointExtension>
<gpxtpx:hr>97</gpxtpx:hr>
</gpxtpx:TrackPointExtension>
</extensions>
</trkpt>
<trkpt lat="36.7828041" lon="126.9981656">
<ele>-1.027</ele>
<time>2024-06-03T13:13:49Z</time>
<extensions>
<gpxtpx:TrackPointExtension>
<gpxtpx:hr>97</gpxtpx:hr>
</gpxtpx:TrackPointExtension>
</extensions>
</trkpt>
<trkpt lat="36.7828029" lon="126.9981805">
<ele>-1.097</ele>
<time>2024-06-03T13:13:50Z</time>
<extensions>
<gpxtpx:TrackPointExtension>
<gpxtpx:hr>97</gpxtpx:hr>
</gpxtpx:TrackPointExtension>
</extensions>
</trkpt>
<trkpt lat="36.7828024" lon="126.9981954">
<ele>-1.144</ele>
<time>2024-06-03T13:13:51Z</time>
<extensions>
<gpxtpx:TrackPointExtension>
<gpxtpx:hr>97</gpxtpx:hr>
</gpxtpx:TrackPointExtension>
</extensions>
</trkpt>
<trkpt lat="36.7828013" lon="126.9982104">
<ele>-1.194</ele>
<time>2024-06-03T13:13:52Z</time>
<extensions>
<gpxtpx:TrackPointExtension>
<gpxtpx:hr>96</gpxtpx:hr>
</gpxtpx:TrackPointExtension>
</extensions>
</trkpt>
<trkpt lat="36.7827997" lon="126.998227">
<ele>-1.189</ele>
<time>2024-06-03T13:13:53Z</time>
<extensions>
<gpxtpx:TrackPointExtension>
<gpxtpx:hr>96</gpxtpx:hr>
<gpxtpx:cad>108</gpxtpx:cad>
</gpxtpx:TrackPointExtension>
</extensions>
</trkpt>
<trkpt lat="36.7827976" lon="126.9982451">
<ele>-1.167</ele>
<time>2024-06-03T13:13:54Z</time>
<extensions>
<gpxtpx:TrackPointExtension>
<gpxtpx:hr>96</gpxtpx:hr>
</gpxtpx:TrackPointExtension>
</extensions>
</trkpt>
<trkpt lat="36.7827957" lon="126.9982623">
<ele>-1.236</ele>
<time>2024-06-03T13:13:55Z</time>
<extensions>
<gpxtpx:TrackPointExtension>
<gpxtpx:hr>96</gpxtpx:hr>
</gpxtpx:TrackPointExtension>
</extensions>
</trkpt>
<trkpt lat="36.7827942" lon="126.9982798">
<ele>-1.318</ele>
<time>2024-06-03T13:13:56Z</time>
<extensions>
<gpxtpx:TrackPointExtension>
<gpxtpx:hr>96</gpxtpx:hr>
</gpxtpx:TrackPointExtension>
</extensions>
</trkpt>
<trkpt lat="36.7827937" lon="126.9982959">
<ele>-1.343</ele>
<time>2024-06-03T13:13:57Z</time>
<extensions>
<gpxtpx:TrackPointExtension>
<gpxtpx:hr>96</gpxtpx:hr>
</gpxtpx:TrackPointExtension>
</extensions>
</trkpt>
<trkpt lat="36.7827951" lon="126.9983112">
<ele>-1.382</ele>
<time>2024-06-03T13:13:58Z</time>
<extensions>
<gpxtpx:TrackPointExtension>
<gpxtpx:hr>96</gpxtpx:hr>
</gpxtpx:TrackPointExtension>
</extensions>
</trkpt>
<trkpt lat="36.7827973" lon="126.9983248">
<ele>-1.343</ele>
<time>2024-06-03T13:13:59Z</time>
<extensions>
<gpxtpx:TrackPointExtension>
<gpxtpx:hr>96</gpxtpx:hr>
</gpxtpx:TrackPointExtension>
</extensions>
</trkpt>
<trkpt lat="36.7828016" lon="126.998337">
<ele>-1.356</ele>
<time>2024-06-03T13:14:00Z</time>
<extensions>
<gpxtpx:TrackPointExtension>
<gpxtpx:hr>96</gpxtpx:hr>
</gpxtpx:TrackPointExtension>
</extensions>
</trkpt>
<trkpt lat="36.7828072" lon="126.9983477">
<ele>-1.417</ele>
<time>2024-06-03T13:14:01Z</time>
<extensions>
<gpxtpx:TrackPointExtension>
<gpxtpx:hr>96</gpxtpx:hr>
</gpxtpx:TrackPointExtension>
</extensions>
</trkpt>
<trkpt lat="36.7828137" lon="126.9983576">
<ele>-1.433</ele>
<time>2024-06-03T13:14:02Z</time>
<extensions>
<gpxtpx:TrackPointExtension>
<gpxtpx:hr>96</gpxtpx:hr>
</gpxtpx:TrackPointExtension>
</extensions>
</trkpt>
<trkpt lat="36.7828207" lon="126.998366">
<ele>-1.54</ele>
<time>2024-06-03T13:14:03Z</time>
<extensions>
<gpxtpx:TrackPointExtension>
<gpxtpx:hr>96</gpxtpx:hr>
<gpxtpx:cad>109</gpxtpx:cad>
</gpxtpx:TrackPointExtension>
</extensions>
</trkpt>
<trkpt lat="36.7828302" lon="126.998374">
<ele>-1.411</ele>
<time>2024-06-03T13:14:04Z</time>
<extensions>
<gpxtpx:TrackPointExtension>
<gpxtpx:hr>96</gpxtpx:hr>
</gpxtpx:TrackPointExtension>
</extensions>
</trkpt>
<trkpt lat="36.7828418" lon="126.998381">
<ele>-1.405</ele>
<time>2024-06-03T13:14:05Z</time>
<extensions>
<gpxtpx:TrackPointExtension>
<gpxtpx:hr>96</gpxtpx:hr>
</gpxtpx:TrackPointExtension>
</extensions>
</trkpt>
<trkpt lat="36.7828539" lon="126.9983863">
<ele>-1.367</ele>
<time>2024-06-03T13:14:06Z</time>
<extensions>
<gpxtpx:TrackPointExtension>
<gpxtpx:hr>96</gpxtpx:hr>
</gpxtpx:TrackPointExtension>
</extensions>
</trkpt>
<trkpt lat="36.7828675" lon="126.9983903">
<ele>-1.293</ele>
<time>2024-06-03T13:14:07Z</time>
<extensions>
<gpxtpx:TrackPointExtension>
<gpxtpx:hr>96</gpxtpx:hr>
</gpxtpx:TrackPointExtension>
</extensions>
</trkpt>
<trkpt lat="36.7828815" lon="126.9983931">
<ele>-1.242</ele>
<time>2024-06-03T13:14:08Z</time>
<extensions>
<gpxtpx:TrackPointExtension>
<gpxtpx:hr>96</gpxtpx:hr>
</gpxtpx:TrackPointExtension>
</extensions>
</trkpt>
<trkpt lat="36.7828947" lon="126.998395">
<ele>-1.155</ele>
<time>2024-06-03T13:14:09Z</time>
<extensions>
<gpxtpx:TrackPointExtension>
<gpxtpx:hr>96</gpxtpx:hr>
</gpxtpx:TrackPointExtension>
</extensions>
</trkpt>
<trkpt lat="36.7829065" lon="126.9983957">
<ele>-1.18</ele>
<time>2024-06-03T13:14:10Z</time>
<extensions>
<gpxtpx:TrackPointExtension>
<gpxtpx:hr>97</gpxtpx:hr>
</gpxtpx:TrackPointExtension>
</extensions>
</trkpt>
<trkpt lat="36.7829179" lon="126.998398">
<ele>-1.221</ele>
<time>2024-06-03T13:14:11Z</time>
<extensions>
<gpxtpx:TrackPointExtension>
<gpxtpx:hr>97</gpxtpx:hr>
</gpxtpx:TrackPointExtension>
</extensions>
</trkpt>
<trkpt lat="36.7829298" lon="126.9984032">
<ele>-1.256</ele>
<time>2024-06-03T13:14:12Z</time>
<extensions>
<gpxtpx:TrackPointExtension>
<gpxtpx:hr>97</gpxtpx:hr>
</gpxtpx:TrackPointExtension>
</extensions>
</trkpt>
<trkpt lat="36.7829404" lon="126.9984105">
<ele>-1.307</ele>
<time>2024-06-03T13:14:13Z</time>
<extensions>
<gpxtpx:TrackPointExtension>
<gpxtpx:hr>97</gpxtpx:hr>
<gpxtpx:cad>108</gpxtpx:cad>
</gpxtpx:TrackPointExtension>
</extensions>
</trkpt>
<trkpt lat="36.7829515" lon="126.9984183">
<ele>-1.367</ele>
<time>2024-06-03T13:14:14Z</time>
<extensions>
<gpxtpx:TrackPointExtension>
<gpxtpx:hr>97</gpxtpx:hr>
<gpxtpx:cad>108</gpxtpx:cad>
</gpxtpx:TrackPointExtension>
</extensions>
</trkpt>
<trkpt lat="36.7829622" lon="126.9984262">
<ele>-1.412</ele>
<time>2024-06-03T13:14:15Z</time>
<extensions>
<gpxtpx:TrackPointExtension>
<gpxtpx:hr>97</gpxtpx:hr>
</gpxtpx:TrackPointExtension>
</extensions>
</trkpt>
<trkpt lat="36.7829723" lon="126.9984344">
<ele>-1.388</ele>
<time>2024-06-03T13:14:16Z</time>
<extensions>
<gpxtpx:TrackPointExtension>
<gpxtpx:hr>97</gpxtpx:hr>
</gpxtpx:TrackPointExtension>
</extensions>
</trkpt>
<trkpt lat="36.782983" lon="126.9984421">
<ele>-1.43</ele>
<time>2024-06-03T13:14:17Z</time>
<extensions>
<gpxtpx:TrackPointExtension>
<gpxtpx:hr>97</gpxtpx:hr>
</gpxtpx:TrackPointExtension>
</extensions>
</trkpt>
<trkpt lat="36.7829926" lon="126.9984486">
<ele>-1.494</ele>
<time>2024-06-03T13:14:18Z</time>
<extensions>
<gpxtpx:TrackPointExtension>
<gpxtpx:hr>97</gpxtpx:hr>
</gpxtpx:TrackPointExtension>
</extensions>
</trkpt>
<trkpt lat="36.7830039" lon="126.9984545">
<ele>-1.553</ele>
<time>2024-06-03T13:14:19Z</time>
<extensions>
<gpxtpx:TrackPointExtension>
<gpxtpx:hr>97</gpxtpx:hr>
</gpxtpx:TrackPointExtension>
</extensions>
</trkpt>
<trkpt lat="36.7830148" lon="126.9984605">
<ele>-1.563</ele>
<time>2024-06-03T13:14:20Z</time>
<extensions>
<gpxtpx:TrackPointExtension>
<gpxtpx:hr>98</gpxtpx:hr>
</gpxtpx:TrackPointExtension>
</extensions>
</trkpt>
<trkpt lat="36.7830259" lon="126.9984639">
<ele>-1.623</ele>
<time>2024-06-03T13:14:21Z</time>
<extensions>
<gpxtpx:TrackPointExtension>
<gpxtpx:hr>98</gpxtpx:hr>
</gpxtpx:TrackPointExtension>
</extensions>
</trkpt>
<trkpt lat="36.7830369" lon="126.9984641">
<ele>-1.712</ele>
<time>2024-06-03T13:14:22Z</time>
<extensions>
<gpxtpx:TrackPointExtension>
<gpxtpx:hr>98</gpxtpx:hr>
</gpxtpx:TrackPointExtension>
</extensions>
</trkpt>
<trkpt lat="36.7830472" lon="126.9984618">
<ele>-1.703</ele>
<time>2024-06-03T13:14:23Z</time>
<extensions>
<gpxtpx:TrackPointExtension>
<gpxtpx:hr>98</gpxtpx:hr>
<gpxtpx:cad>107</gpxtpx:cad>
</gpxtpx:TrackPointExtension>
</extensions>
</trkpt>
<trkpt lat="36.7830559" lon="126.9984594">
<ele>-1.769</ele>
<time>2024-06-03T13:14:24Z</time>
<extensions>
<gpxtpx:TrackPointExtension>
<gpxtpx:hr>98</gpxtpx:hr>
</gpxtpx:TrackPointExtension>
</extensions>
</trkpt>
<trkpt lat="36.7830637" lon="126.998457">
<ele>-1.779</ele>
<time>2024-06-03T13:14:25Z</time>
<extensions>
<gpxtpx:TrackPointExtension>
<gpxtpx:hr>99</gpxtpx:hr>
</gpxtpx:TrackPointExtension>
</extensions>
</trkpt>
<trkpt lat="36.7830715" lon="126.998454">
<ele>-1.743</ele>
<time>2024-06-03T13:14:26Z</time>
<extensions>
<gpxtpx:TrackPointExtension>
<gpxtpx:hr>99</gpxtpx:hr>
</gpxtpx:TrackPointExtension>
</extensions>
</trkpt>
<trkpt lat="36.7830805" lon="126.998453">
<ele>-1.772</ele>
<time>2024-06-03T13:14:27Z</time>
<extensions>
<gpxtpx:TrackPointExtension>
<gpxtpx:hr>99</gpxtpx:hr>
</gpxtpx:TrackPointExtension>
</extensions>
</trkpt>
<trkpt lat="36.7830917" lon="126.9984557">
<ele>-1.814</ele>
<time>2024-06-03T13:14:28Z</time>
<extensions>
<gpxtpx:TrackPointExtension>
<gpxtpx:hr>99</gpxtpx:hr>
</gpxtpx:TrackPointExtension>
</extensions>
</trkpt>
<trkpt lat="36.7831036" lon="126.9984613">
<ele>-1.834</ele>
<time>2024-06-03T13:14:29Z</time>
<extensions>
<gpxtpx:TrackPointExtension>
<gpxtpx:hr>99</gpxtpx:hr>
</gpxtpx:TrackPointExtension>
</extensions>
</trkpt>
<trkpt lat="36.7831158" lon="126.9984677">
<ele>-1.754</ele>
<time>2024-06-03T13:14:30Z</time>
<extensions>
<gpxtpx:TrackPointExtension>
<gpxtpx:hr>99</gpxtpx:hr>
</gpxtpx:TrackPointExtension>
</extensions>
</trkpt>
<trkpt lat="36.7831281" lon="126.998476">
<ele>-1.721</ele>
<time>2024-06-03T13:14:31Z</time>
<extensions>
<gpxtpx:TrackPointExtension>
<gpxtpx:hr>99</gpxtpx:hr>
</gpxtpx:TrackPointExtension>
</extensions>
</trkpt>
<trkpt lat="36.7831401" lon="126.9984842">
<ele>-1.664</ele>
<time>2024-06-03T13:14:32Z</time>
<extensions>
<gpxtpx:TrackPointExtension>
<gpxtpx:hr>99</gpxtpx:hr>
<gpxtpx:cad>109</gpxtpx:cad>
</gpxtpx:TrackPointExtension>
</extensions>
</trkpt>
<trkpt lat="36.7831537" lon="126.9984921">
<ele>-1.643</ele>
<time>2024-06-03T13:14:33Z</time>
<extensions>
<gpxtpx:TrackPointExtension>
<gpxtpx:hr>99</gpxtpx:hr>
</gpxtpx:TrackPointExtension>
</extensions>
</trkpt>
<trkpt lat="36.7831683" lon="126.9984994">
<ele>-1.607</ele>
<time>2024-06-03T13:14:34Z</time>
<extensions>
<gpxtpx:TrackPointExtension>
<gpxtpx:hr>99</gpxtpx:hr>
</gpxtpx:TrackPointExtension>
</extensions>
</trkpt>
<trkpt lat="36.7831841" lon="126.9985058">
<ele>-1.571</ele>
<time>2024-06-03T13:14:35Z</time>
<extensions>
<gpxtpx:TrackPointExtension>
<gpxtpx:hr>99</gpxtpx:hr>
</gpxtpx:TrackPointExtension>
</extensions>
</trkpt>
<trkpt lat="36.7831999" lon="126.9985111">
<ele>-1.539</ele>
<time>2024-06-03T13:14:36Z</time>
<extensions>
<gpxtpx:TrackPointExtension>
<gpxtpx:hr>99</gpxtpx:hr>
</gpxtpx:TrackPointExtension>
</extensions>
</trkpt>
<trkpt lat="36.7832161" lon="126.9985157">
<ele>-1.558</ele>
<time>2024-06-03T13:14:37Z</time>
<extensions>
<gpxtpx:TrackPointExtension>
<gpxtpx:hr>100</gpxtpx:hr>
</gpxtpx:TrackPointExtension>
</extensions>
</trkpt>
<trkpt lat="36.7832311" lon="126.9985193">
<ele>-1.58</ele>
<time>2024-06-03T13:14:38Z</time>
<extensions>
<gpxtpx:TrackPointExtension>
<gpxtpx:hr>100</gpxtpx:hr>
</gpxtpx:TrackPointExtension>
</extensions>
</trkpt>
<trkpt lat="36.7832462" lon="126.9985232">
<ele>-1.567</ele>
<time>2024-06-03T13:14:39Z</time>
<extensions>
<gpxtpx:TrackPointExtension>
<gpxtpx:hr>100</gpxtpx:hr>
</gpxtpx:TrackPointExtension>
</extensions>
</trkpt>
<trkpt lat="36.7832607" lon="126.998527">
<ele>-1.572</ele>
<time>2024-06-03T13:14:40Z</time>
<extensions>
<gpxtpx:TrackPointExtension>
<gpxtpx:hr>100</gpxtpx:hr>
</gpxtpx:TrackPointExtension>
</extensions>
</trkpt>
<trkpt lat="36.7832737" lon="126.9985297">
<ele>-1.628</ele>
<time>2024-06-03T13:14:41Z</time>
<extensions>
<gpxtpx:TrackPointExtension>
<gpxtpx:hr>99</gpxtpx:hr>
</gpxtpx:TrackPointExtension>
</extensions>
</trkpt>
<trkpt lat="36.7832862" lon="126.9985324">
<ele>-1.639</ele>
<time>2024-06-03T13:14:42Z</time>
<extensions>
<gpxtpx:TrackPointExtension>
<gpxtpx:hr>99</gpxtpx:hr>
<gpxtpx:cad>106</gpxtpx:cad>
</gpxtpx:TrackPointExtension>
</extensions>
</trkpt>
<trkpt lat="36.7832983" lon="126.9985353">
<ele>-1.619</ele>
<time>2024-06-03T13:14:43Z</time>
<extensions>
<gpxtpx:TrackPointExtension>
<gpxtpx:hr>99</gpxtpx:hr>
</gpxtpx:TrackPointExtension>
</extensions>
</trkpt>
<trkpt lat="36.783311" lon="126.998538">
<ele>-1.591</ele>
<time>2024-06-03T13:14:44Z</time>
<extensions>
<gpxtpx:TrackPointExtension>
<gpxtpx:hr>99</gpxtpx:hr>
</gpxtpx:TrackPointExtension>
</extensions>
</trkpt>
<trkpt lat="36.7833234" lon="126.9985418">
<ele>-1.581</ele>
<time>2024-06-03T13:14:45Z</time>
<extensions>
<gpxtpx:TrackPointExtension>
<gpxtpx:hr>99</gpxtpx:hr>
</gpxtpx:TrackPointExtension>
</extensions>
</trkpt>
<trkpt lat="36.7833375" lon="126.9985446">
<ele>-1.634</ele>
<time>2024-06-03T13:14:46Z</time>
<extensions>
<gpxtpx:TrackPointExtension>
<gpxtpx:hr>99</gpxtpx:hr>
</gpxtpx:TrackPointExtension>
</extensions>
</trkpt>
<trkpt lat="36.7833507" lon="126.9985494">
<ele>-1.611</ele>
<time>2024-06-03T13:14:47Z</time>
<extensions>
<gpxtpx:TrackPointExtension>
<gpxtpx:hr>99</gpxtpx:hr>
</gpxtpx:TrackPointExtension>
</extensions>
</trkpt>
<trkpt lat="36.7833626" lon="126.9985561">
<ele>-1.612</ele>
<time>2024-06-03T13:14:48Z</time>
<extensions>
<gpxtpx:TrackPointExtension>
<gpxtpx:hr>99</gpxtpx:hr>
</gpxtpx:TrackPointExtension>
</extensions>
</trkpt>
<trkpt lat="36.7833732" lon="126.9985644">
<ele>-1.583</ele>
<time>2024-06-03T13:14:49Z</time>
<extensions>
<gpxtpx:TrackPointExtension>
<gpxtpx:hr>99</gpxtpx:hr>
</gpxtpx:TrackPointExtension>
</extensions>
</trkpt>
<trkpt lat="36.7833831" lon="126.9985723">
<ele>-1.545</ele>
<time>2024-06-03T13:14:50Z</time>
<extensions>
<gpxtpx:TrackPointExtension>
<gpxtpx:hr>99</gpxtpx:hr>
</gpxtpx:TrackPointExtension>
</extensions>
</trkpt>
<trkpt lat="36.7833928" lon="126.9985812">
<ele>-1.524</ele>
<time>2024-06-03T13:14:51Z</time>
<extensions>
<gpxtpx:TrackPointExtension>
<gpxtpx:hr>99</gpxtpx:hr>
</gpxtpx:TrackPointExtension>
</extensions>
</trkpt>
<trkpt lat="36.7834024" lon="126.9985895">
<ele>-1.453</ele>
<time>2024-06-03T13:14:52Z</time>
<extensions>
<gpxtpx:TrackPointExtension>
<gpxtpx:hr>99</gpxtpx:hr>
<gpxtpx:cad>106</gpxtpx:cad>
</gpxtpx:TrackPointExtension>
</extensions>
</trkpt>
<trkpt lat="36.7834126" lon="126.9985963">
<ele>-1.393</ele>
<time>2024-06-03T13:14:53Z</time>
<extensions>
<gpxtpx:TrackPointExtension>
<gpxtpx:hr>99</gpxtpx:hr>
</gpxtpx:TrackPointExtension>
</extensions>
</trkpt>
<trkpt lat="36.7834242" lon="126.9986019">
<ele>-1.254</ele>
<time>2024-06-03T13:14:54Z</time>
<extensions>
<gpxtpx:TrackPointExtension>
<gpxtpx:hr>99</gpxtpx:hr>
</gpxtpx:TrackPointExtension>
</extensions>
</trkpt>
<trkpt lat="36.7834356" lon="126.9986045">
<ele>-1.164</ele>
<time>2024-06-03T13:14:55Z</time>
<extensions>
<gpxtpx:TrackPointExtension>
<gpxtpx:hr>99</gpxtpx:hr>
</gpxtpx:TrackPointExtension>
</extensions>
</trkpt>
<trkpt lat="36.7834468" lon="126.9986055">
<ele>-1.13</ele>
<time>2024-06-03T13:14:56Z</time>
<extensions>
<gpxtpx:TrackPointExtension>
<gpxtpx:hr>99</gpxtpx:hr>
</gpxtpx:TrackPointExtension>
</extensions>
</trkpt>
<trkpt lat="36.7834569" lon="126.9986043">
<ele>-1.098</ele>
<time>2024-06-03T13:14:57Z</time>
<extensions>
<gpxtpx:TrackPointExtension>
<gpxtpx:hr>99</gpxtpx:hr>
</gpxtpx:TrackPointExtension>
</extensions>
</trkpt>
<trkpt lat="36.7834659" lon="126.9985991">
<ele>-1.077</ele>
<time>2024-06-03T13:14:58Z</time>
<extensions>
<gpxtpx:TrackPointExtension>
<gpxtpx:hr>99</gpxtpx:hr>
</gpxtpx:TrackPointExtension>
</extensions>
</trkpt>
<trkpt lat="36.7834746" lon="126.9985913">
<ele>-1.008</ele>
<time>2024-06-03T13:14:59Z</time>
<extensions>
<gpxtpx:TrackPointExtension>
<gpxtpx:hr>99</gpxtpx:hr>
</gpxtpx:TrackPointExtension>
</extensions>
</trkpt>
<trkpt lat="36.783483" lon="126.9985813">
<ele>-0.941</ele>
<time>2024-06-03T13:15:00Z</time>
<extensions>
<gpxtpx:TrackPointExtension>
<gpxtpx:hr>99</gpxtpx:hr>
</gpxtpx:TrackPointExtension>
</extensions>
</trkpt>
<trkpt lat="36.7834913" lon="126.9985688">
<ele>-0.826</ele>
<time>2024-06-03T13:15:01Z</time>
<extensions>
<gpxtpx:TrackPointExtension>
<gpxtpx:hr>99</gpxtpx:hr>
</gpxtpx:TrackPointExtension>
</extensions>
</trkpt>
<trkpt lat="36.7834987" lon="126.9985551">
<ele>-0.737</ele>
<time>2024-06-03T13:15:02Z</time>
<extensions>
<gpxtpx:TrackPointExtension>
<gpxtpx:hr>99</gpxtpx:hr>
<gpxtpx:cad>103</gpxtpx:cad>
</gpxtpx:TrackPointExtension>
</extensions>
</trkpt>
<trkpt lat="36.7835059" lon="126.9985418">
<ele>-0.683</ele>
<time>2024-06-03T13:15:03Z</time>
<extensions>
<gpxtpx:TrackPointExtension>
<gpxtpx:hr>99</gpxtpx:hr>
</gpxtpx:TrackPointExtension>
</extensions>
</trkpt>
<trkpt lat="36.7835138" lon="126.9985275">
<ele>-0.533</ele>
<time>2024-06-03T13:15:04Z</time>
<extensions>
<gpxtpx:TrackPointExtension>
<gpxtpx:hr>99</gpxtpx:hr>
</gpxtpx:TrackPointExtension>
</extensions>
</trkpt>
<trkpt lat="36.7835198" lon="126.9985139">
<ele>-0.464</ele>
<time>2024-06-03T13:15:05Z</time>
<extensions>
<gpxtpx:TrackPointExtension>
<gpxtpx:hr>98</gpxtpx:hr>
</gpxtpx:TrackPointExtension>
</extensions>
</trkpt>
<trkpt lat="36.7835233" lon="126.9985014">
<ele>-0.399</ele>
<time>2024-06-03T13:15:06Z</time>
<extensions>
<gpxtpx:TrackPointExtension>
<gpxtpx:hr>99</gpxtpx:hr>
</gpxtpx:TrackPointExtension>
</extensions>
</trkpt>
<trkpt lat="36.7835249" lon="126.99849">
<ele>-0.272</ele>
<time>2024-06-03T13:15:07Z</time>
<extensions>
<gpxtpx:TrackPointExtension>
<gpxtpx:hr>99</gpxtpx:hr>
</gpxtpx:TrackPointExtension>
</extensions>
</trkpt>
<trkpt lat="36.7835243" lon="126.9984791">
<ele>-0.164</ele>
<time>2024-06-03T13:15:08Z</time>
<extensions>
<gpxtpx:TrackPointExtension>
<gpxtpx:hr>99</gpxtpx:hr>
</gpxtpx:TrackPointExtension>
</extensions>
</trkpt>
<trkpt lat="36.7835226" lon="126.9984675">
<ele>-0.008</ele>
<time>2024-06-03T13:15:09Z</time>
<extensions>
<gpxtpx:TrackPointExtension>
<gpxtpx:hr>99</gpxtpx:hr>
</gpxtpx:TrackPointExtension>
</extensions>
</trkpt>
<trkpt lat="36.7835208" lon="126.998455">
<ele>0.123</ele>
<time>2024-06-03T13:15:10Z</time>
<extensions>
<gpxtpx:TrackPointExtension>
<gpxtpx:hr>100</gpxtpx:hr>
</gpxtpx:TrackPointExtension>
</extensions>
</trkpt>
<trkpt lat="36.7835185" lon="126.99844">
<ele>0.203</ele>
<time>2024-06-03T13:15:11Z</time>
<extensions>
<gpxtpx:TrackPointExtension>
<gpxtpx:hr>100</gpxtpx:hr>
</gpxtpx:TrackPointExtension>
</extensions>
</trkpt>
<trkpt lat="36.7835156" lon="126.9984255">
<ele>0.327</ele>
<time>2024-06-03T13:15:12Z</time>
<extensions>
<gpxtpx:TrackPointExtension>
<gpxtpx:hr>100</gpxtpx:hr>
<gpxtpx:cad>102</gpxtpx:cad>
</gpxtpx:TrackPointExtension>
</extensions>
</trkpt>
<trkpt lat="36.7835131" lon="126.9984088">
<ele>0.462</ele>
<time>2024-06-03T13:15:13Z</time>
<extensions>
<gpxtpx:TrackPointExtension>
<gpxtpx:hr>101</gpxtpx:hr>
</gpxtpx:TrackPointExtension>
</extensions>
</trkpt>
<trkpt lat="36.783512" lon="126.998393">
<ele>0.575</ele>
<time>2024-06-03T13:15:14Z</time>
<extensions>
<gpxtpx:TrackPointExtension>
<gpxtpx:hr>101</gpxtpx:hr>
</gpxtpx:TrackPointExtension>
</extensions>
</trkpt>
<trkpt lat="36.783512" lon="126.9983748">
<ele>0.7</ele>
<time>2024-06-03T13:15:15Z</time>
<extensions>
<gpxtpx:TrackPointExtension>
<gpxtpx:hr>101</gpxtpx:hr>
</gpxtpx:TrackPointExtension>
</extensions>
</trkpt>
<trkpt lat="36.7835126" lon="126.9983567">
<ele>0.801</ele>
<time>2024-06-03T13:15:17Z</time>
<extensions>
<gpxtpx:TrackPointExtension>
<gpxtpx:hr>101</gpxtpx:hr>
</gpxtpx:TrackPointExtension>
</extensions>
</trkpt>
<trkpt lat="36.7835142" lon="126.9983403">
<ele>0.928</ele>
<time>2024-06-03T13:15:18Z</time>
<extensions>
<gpxtpx:TrackPointExtension>
<gpxtpx:hr>101</gpxtpx:hr>
</gpxtpx:TrackPointExtension>
</extensions>
</trkpt>
<trkpt lat="36.7835164" lon="126.9983258">
<ele>1.051</ele>
<time>2024-06-03T13:15:19Z</time>
<extensions>
<gpxtpx:TrackPointExtension>
<gpxtpx:hr>102</gpxtpx:hr>
</gpxtpx:TrackPointExtension>
</extensions>
</trkpt>
<trkpt lat="36.7835212" lon="126.9983119">
<ele>1.284</ele>
<time>2024-06-03T13:15:20Z</time>
<extensions>
<gpxtpx:TrackPointExtension>
<gpxtpx:hr>102</gpxtpx:hr>
</gpxtpx:TrackPointExtension>
</extensions>
</trkpt>
<trkpt lat="36.7835255" lon="126.9982961">
<ele>1.317</ele>
<time>2024-06-03T13:15:21Z</time>
<extensions>
<gpxtpx:TrackPointExtension>
<gpxtpx:hr>102</gpxtpx:hr>
</gpxtpx:TrackPointExtension>
</extensions>
</trkpt>
<trkpt lat="36.7835299" lon="126.9982794">
<ele>1.486</ele>
<time>2024-06-03T13:15:22Z</time>
<extensions>
<gpxtpx:TrackPointExtension>
<gpxtpx:hr>103</gpxtpx:hr>
</gpxtpx:TrackPointExtension>
</extensions>
</trkpt>
<trkpt lat="36.7835332" lon="126.9982619">
<ele>1.644</ele>
<time>2024-06-03T13:15:23Z</time>
<extensions>
<gpxtpx:TrackPointExtension>
<gpxtpx:hr>103</gpxtpx:hr>
<gpxtpx:cad>98</gpxtpx:cad>
</gpxtpx:TrackPointExtension>
</extensions>
</trkpt>
<trkpt lat="36.7835355" lon="126.9982437">
<ele>1.724</ele>
<time>2024-06-03T13:15:24Z</time>
<extensions>
<gpxtpx:TrackPointExtension>
<gpxtpx:hr>103</gpxtpx:hr>
</gpxtpx:TrackPointExtension>
</extensions>
</trkpt>
<trkpt lat="36.7835369" lon="126.9982259">
<ele>1.936</ele>
<time>2024-06-03T13:15:25Z</time>
<extensions>
<gpxtpx:TrackPointExtension>
<gpxtpx:hr>104</gpxtpx:hr>
</gpxtpx:TrackPointExtension>
</extensions>
</trkpt>
<trkpt lat="36.7835384" lon="126.9982089">
<ele>2.053</ele>
<time>2024-06-03T13:15:26Z</time>
<extensions>
<gpxtpx:TrackPointExtension>
<gpxtpx:hr>104</gpxtpx:hr>
</gpxtpx:TrackPointExtension>
</extensions>
</trkpt>
<trkpt lat="36.783541" lon="126.9981911">
<ele>2.149</ele>
<time>2024-06-03T13:15:27Z</time>
<extensions>
<gpxtpx:TrackPointExtension>
<gpxtpx:hr>105</gpxtpx:hr>
<gpxtpx:cad>97</gpxtpx:cad>
</gpxtpx:TrackPointExtension>
</extensions>
</trkpt>
<trkpt lat="36.783543" lon="126.9981734">
<ele>2.267</ele>
<time>2024-06-03T13:15:28Z</time>
<extensions>
<gpxtpx:TrackPointExtension>
<gpxtpx:hr>106</gpxtpx:hr>
</gpxtpx:TrackPointExtension>
</extensions>
</trkpt>
<trkpt lat="36.7835466" lon="126.9981558">
<ele>2.408</ele>
<time>2024-06-03T13:15:29Z</time>
<extensions>
<gpxtpx:TrackPointExtension>
<gpxtpx:hr>108</gpxtpx:hr>
</gpxtpx:TrackPointExtension>
</extensions>
</trkpt>
<trkpt lat="36.7835506" lon="126.9981385">
<ele>2.557</ele>
<time>2024-06-03T13:15:30Z</time>
<extensions>
<gpxtpx:TrackPointExtension>
<gpxtpx:hr>110</gpxtpx:hr>
</gpxtpx:TrackPointExtension>
</extensions>
</trkpt>
<trkpt lat="36.7835545" lon="126.9981237">
<ele>2.676</ele>
<time>2024-06-03T13:15:31Z</time>
<extensions>
<gpxtpx:TrackPointExtension>
<gpxtpx:hr>113</gpxtpx:hr>
</gpxtpx:TrackPointExtension>
</extensions>
</trkpt>
<trkpt lat="36.7835583" lon="126.9981091">
<ele>2.783</ele>
<time>2024-06-03T13:15:32Z</time>
<extensions>
<gpxtpx:TrackPointExtension>
<gpxtpx:hr>115</gpxtpx:hr>
</gpxtpx:TrackPointExtension>
</extensions>
</trkpt>
<trkpt lat="36.7835628" lon="126.9980951">
<ele>2.882</ele>
<time>2024-06-03T13:15:33Z</time>
<extensions>
<gpxtpx:TrackPointExtension>
<gpxtpx:hr>117</gpxtpx:hr>
<gpxtpx:cad>101</gpxtpx:cad>
</gpxtpx:TrackPointExtension>
</extensions>
</trkpt>
<trkpt lat="36.783567" lon="126.9980823">
<ele>2.985</ele>
<time>2024-06-03T13:15:34Z</time>
<extensions>
<gpxtpx:TrackPointExtension>
<gpxtpx:hr>118</gpxtpx:hr>
</gpxtpx:TrackPointExtension>
</extensions>
</trkpt>
<trkpt lat="36.7835718" lon="126.9980687">
<ele>3.056</ele>
<time>2024-06-03T13:15:35Z</time>
<extensions>
<gpxtpx:TrackPointExtension>
<gpxtpx:hr>119</gpxtpx:hr>
</gpxtpx:TrackPointExtension>
</extensions>
</trkpt>
<trkpt lat="36.7835773" lon="126.9980555">
<ele>3.068</ele>
<time>2024-06-03T13:15:36Z</time>
<extensions>
<gpxtpx:TrackPointExtension>
<gpxtpx:hr>119</gpxtpx:hr>
</gpxtpx:TrackPointExtension>
</extensions>
</trkpt>
<trkpt lat="36.7835827" lon="126.9980435">
<ele>3.135</ele>
<time>2024-06-03T13:15:37Z</time>
<extensions>
<gpxtpx:TrackPointExtension>
<gpxtpx:hr>120</gpxtpx:hr>
</gpxtpx:TrackPointExtension>
</extensions>
</trkpt>
<trkpt lat="36.7835882" lon="126.9980345">
<ele>3.153</ele>
<time>2024-06-03T13:15:38Z</time>
<extensions>
<gpxtpx:TrackPointExtension>
<gpxtpx:hr>120</gpxtpx:hr>
</gpxtpx:TrackPointExtension>
</extensions>
</trkpt>
<trkpt lat="36.7835918" lon="126.9980284">
<ele>3.127</ele>
<time>2024-06-03T13:15:39Z</time>
<extensions>
<gpxtpx:TrackPointExtension>
<gpxtpx:hr>120</gpxtpx:hr>
</gpxtpx:TrackPointExtension>
</extensions>
</trkpt>
<trkpt lat="36.7835948" lon="126.9980244">
<ele>3.2</ele>
<time>2024-06-03T13:15:40Z</time>
<extensions>
<gpxtpx:TrackPointExtension>
<gpxtpx:hr>120</gpxtpx:hr>
</gpxtpx:TrackPointExtension>
</extensions>
</trkpt>
<trkpt lat="36.7835972" lon="126.9980218">
<ele>3.183</ele>
<time>2024-06-03T13:15:41Z</time>
<extensions>
<gpxtpx:TrackPointExtension>
<gpxtpx:hr>119</gpxtpx:hr>
</gpxtpx:TrackPointExtension>
</extensions>
</trkpt>
<trkpt lat="36.7835999" lon="126.9980221">
<ele>3.129</ele>
<time>2024-06-03T13:15:42Z</time>
<extensions>
<gpxtpx:TrackPointExtension>
<gpxtpx:hr>120</gpxtpx:hr>
</gpxtpx:TrackPointExtension>
</extensions>
</trkpt>
<trkpt lat="36.7836023" lon="126.9980259">
<ele>3.15</ele>
<time>2024-06-03T13:15:43Z</time>
<extensions>
<gpxtpx:TrackPointExtension>
<gpxtpx:hr>120</gpxtpx:hr>
<gpxtpx:cad>92</gpxtpx:cad>
</gpxtpx:TrackPointExtension>
</extensions>
</trkpt>
<trkpt lat="36.7836046" lon="126.9980299">
<ele>3.126</ele>
<time>2024-06-03T13:15:44Z</time>
<extensions>
<gpxtpx:TrackPointExtension>
<gpxtpx:hr>120</gpxtpx:hr>
</gpxtpx:TrackPointExtension>
</extensions>
</trkpt>
<trkpt lat="36.7836075" lon="126.9980355">
<ele>3.158</ele>
<time>2024-06-03T13:15:45Z</time>
<extensions>
<gpxtpx:TrackPointExtension>
<gpxtpx:hr>119</gpxtpx:hr>
</gpxtpx:TrackPointExtension>
</extensions>
</trkpt>
<trkpt lat="36.7836102" lon="126.9980396">
<ele>3.119</ele>
<time>2024-06-03T13:15:46Z</time>
<extensions>
<gpxtpx:TrackPointExtension>
<gpxtpx:hr>119</gpxtpx:hr>
</gpxtpx:TrackPointExtension>
</extensions>
</trkpt>
<trkpt lat="36.7836144" lon="126.998044">
<ele>3.082</ele>
<time>2024-06-03T13:15:47Z</time>
<extensions>
<gpxtpx:TrackPointExtension>
<gpxtpx:hr>119</gpxtpx:hr>
</gpxtpx:TrackPointExtension>
</extensions>
</trkpt>
<trkpt lat="36.7836184" lon="126.9980493">
<ele>3.066</ele>
<time>2024-06-03T13:15:48Z</time>
<extensions>
<gpxtpx:TrackPointExtension>
<gpxtpx:hr>119</gpxtpx:hr>
</gpxtpx:TrackPointExtension>
</extensions>
</trkpt>
<trkpt lat="36.7836348" lon="126.9980551">
<ele>3.128</ele>
<time>2024-06-03T13:15:49Z</time>
<extensions>
<gpxtpx:TrackPointExtension>
<gpxtpx:hr>119</gpxtpx:hr>
</gpxtpx:TrackPointExtension>
</extensions>
</trkpt>
<trkpt lat="36.7836454" lon="126.9980553">
<ele>3.118</ele>
<time>2024-06-03T13:15:50Z</time>
<extensions>
<gpxtpx:TrackPointExtension>
<gpxtpx:hr>119</gpxtpx:hr>
</gpxtpx:TrackPointExtension>
</extensions>
</trkpt>
<trkpt lat="36.7836578" lon="126.9980555">
<ele>3.15</ele>
<time>2024-06-03T13:15:51Z</time>
<extensions>
<gpxtpx:TrackPointExtension>
<gpxtpx:hr>118</gpxtpx:hr>
</gpxtpx:TrackPointExtension>
</extensions>
</trkpt>
<trkpt lat="36.7836726" lon="126.9980559">
<ele>3.165</ele>
<time>2024-06-03T13:15:52Z</time>
<extensions>
<gpxtpx:TrackPointExtension>
<gpxtpx:hr>118</gpxtpx:hr>
</gpxtpx:TrackPointExtension>
</extensions>
</trkpt>
<trkpt lat="36.7836884" lon="126.9980579">
<ele>3.207</ele>
<time>2024-06-03T13:15:53Z</time>
<extensions>
<gpxtpx:TrackPointExtension>
<gpxtpx:hr>118</gpxtpx:hr>
<gpxtpx:cad>86</gpxtpx:cad>
</gpxtpx:TrackPointExtension>
</extensions>
</trkpt>
<trkpt lat="36.783705" lon="126.9980611">
<ele>3.177</ele>
<time>2024-06-03T13:15:54Z</time>
<extensions>
<gpxtpx:TrackPointExtension>
<gpxtpx:hr>118</gpxtpx:hr>
</gpxtpx:TrackPointExtension>
</extensions>
</trkpt>
<trkpt lat="36.7837226" lon="126.9980652">
<ele>3.19</ele>
<time>2024-06-03T13:15:55Z</time>
<extensions>
<gpxtpx:TrackPointExtension>
<gpxtpx:hr>118</gpxtpx:hr>
</gpxtpx:TrackPointExtension>
</extensions>
</trkpt>
<trkpt lat="36.7837405" lon="126.9980707">
<ele>3.236</ele>
<time>2024-06-03T13:15:56Z</time>
<extensions>
<gpxtpx:TrackPointExtension>
<gpxtpx:hr>118</gpxtpx:hr>
</gpxtpx:TrackPointExtension>
</extensions>
</trkpt>
<trkpt lat="36.7837586" lon="126.9980785">
<ele>3.223</ele>
<time>2024-06-03T13:15:57Z</time>
<extensions>
<gpxtpx:TrackPointExtension>
<gpxtpx:hr>118</gpxtpx:hr>
</gpxtpx:TrackPointExtension>
</extensions>
</trkpt>
<trkpt lat="36.7837767" lon="126.9980867">
<ele>3.211</ele>
<time>2024-06-03T13:15:58Z</time>
<extensions>
<gpxtpx:TrackPointExtension>
<gpxtpx:hr>118</gpxtpx:hr>
</gpxtpx:TrackPointExtension>
</extensions>
</trkpt>
<trkpt lat="36.7837925" lon="126.998094">
<ele>3.229</ele>
<time>2024-06-03T13:15:59Z</time>
<extensions>
<gpxtpx:TrackPointExtension>
<gpxtpx:hr>118</gpxtpx:hr>
</gpxtpx:TrackPointExtension>
</extensions>
</trkpt>
<trkpt lat="36.7838063" lon="126.9980997">
<ele>3.265</ele>
<time>2024-06-03T13:16:00Z</time>
<extensions>
<gpxtpx:TrackPointExtension>
<gpxtpx:hr>118</gpxtpx:hr>
</gpxtpx:TrackPointExtension>
</extensions>
</trkpt>
<trkpt lat="36.7838169" lon="126.9981012">
<ele>3.274</ele>
<time>2024-06-03T13:16:01Z</time>
<extensions>
<gpxtpx:TrackPointExtension>
<gpxtpx:hr>118</gpxtpx:hr>
</gpxtpx:TrackPointExtension>
</extensions>
</trkpt>
<trkpt lat="36.7838254" lon="126.9981005">
<ele>3.31</ele>
<time>2024-06-03T13:16:02Z</time>
<extensions>
<gpxtpx:TrackPointExtension>
<gpxtpx:hr>117</gpxtpx:hr>
</gpxtpx:TrackPointExtension>
</extensions>
</trkpt>
<trkpt lat="36.7838321" lon="126.9980986">
<ele>3.292</ele>
<time>2024-06-03T13:16:03Z</time>
<extensions>
<gpxtpx:TrackPointExtension>
<gpxtpx:hr>117</gpxtpx:hr>
<gpxtpx:cad>101</gpxtpx:cad>
</gpxtpx:TrackPointExtension>
</extensions>
</trkpt>
<trkpt lat="36.7838388" lon="126.9980935">
<ele>3.265</ele>
<time>2024-06-03T13:16:04Z</time>
<extensions>
<gpxtpx:TrackPointExtension>
<gpxtpx:hr>117</gpxtpx:hr>
</gpxtpx:TrackPointExtension>
</extensions>
</trkpt>
<trkpt lat="36.7838445" lon="126.9980873">
<ele>3.18</ele>
<time>2024-06-03T13:16:05Z</time>
<extensions>
<gpxtpx:TrackPointExtension>
<gpxtpx:hr>116</gpxtpx:hr>
</gpxtpx:TrackPointExtension>
</extensions>
</trkpt>
<trkpt lat="36.7838506" lon="126.9980778">
<ele>3.197</ele>
<time>2024-06-03T13:16:06Z</time>
<extensions>
<gpxtpx:TrackPointExtension>
<gpxtpx:hr>116</gpxtpx:hr>
</gpxtpx:TrackPointExtension>
</extensions>
</trkpt>
<trkpt lat="36.7838567" lon="126.9980661">
<ele>3.228</ele>
<time>2024-06-03T13:16:07Z</time>
<extensions>
<gpxtpx:TrackPointExtension>
<gpxtpx:hr>115</gpxtpx:hr>
</gpxtpx:TrackPointExtension>
</extensions>
</trkpt>
<trkpt lat="36.7838631" lon="126.9980545">
<ele>3.294</ele>
<time>2024-06-03T13:16:08Z</time>
<extensions>
<gpxtpx:TrackPointExtension>
<gpxtpx:hr>115</gpxtpx:hr>
</gpxtpx:TrackPointExtension>
</extensions>
</trkpt>
<trkpt lat="36.7838693" lon="126.9980408">
<ele>3.32</ele>
<time>2024-06-03T13:16:09Z</time>
<extensions>
<gpxtpx:TrackPointExtension>
<gpxtpx:hr>115</gpxtpx:hr>
</gpxtpx:TrackPointExtension>
</extensions>
</trkpt>
<trkpt lat="36.7838762" lon="126.9980297">
<ele>3.3</ele>
<time>2024-06-03T13:16:10Z</time>
<extensions>
<gpxtpx:TrackPointExtension>
<gpxtpx:hr>114</gpxtpx:hr>
</gpxtpx:TrackPointExtension>
</extensions>
</trkpt>
<trkpt lat="36.7838844" lon="126.9980201">
<ele>3.272</ele>
<time>2024-06-03T13:16:11Z</time>
<extensions>
<gpxtpx:TrackPointExtension>
<gpxtpx:hr>114</gpxtpx:hr>
</gpxtpx:TrackPointExtension>
</extensions>
</trkpt>
<trkpt lat="36.7838931" lon="126.9980141">
<ele>3.267</ele>
<time>2024-06-03T13:16:12Z</time>
<extensions>
<gpxtpx:TrackPointExtension>
<gpxtpx:hr>114</gpxtpx:hr>
</gpxtpx:TrackPointExtension>
</extensions>
</trkpt>
<trkpt lat="36.783901" lon="126.9980125">
<ele>3.253</ele>
<time>2024-06-03T13:16:13Z</time>
<extensions>
<gpxtpx:TrackPointExtension>
<gpxtpx:hr>113</gpxtpx:hr>
<gpxtpx:cad>102</gpxtpx:cad>
</gpxtpx:TrackPointExtension>
</extensions>
</trkpt>
<trkpt lat="36.7839081" lon="126.9980141">
<ele>3.284</ele>
<time>2024-06-03T13:16:14Z</time>
<extensions>
<gpxtpx:TrackPointExtension>
<gpxtpx:hr>113</gpxtpx:hr>
</gpxtpx:TrackPointExtension>
</extensions>
</trkpt>
<trkpt lat="36.7839137" lon="126.9980179">
<ele>3.307</ele>
<time>2024-06-03T13:16:15Z</time>
<extensions>
<gpxtpx:TrackPointExtension>
<gpxtpx:hr>113</gpxtpx:hr>
</gpxtpx:TrackPointExtension>
</extensions>
</trkpt>
<trkpt lat="36.7839157" lon="126.9980213">
<ele>3.265</ele>
<time>2024-06-03T13:16:16Z</time>
<extensions>
<gpxtpx:TrackPointExtension>
<gpxtpx:hr>112</gpxtpx:hr>
</gpxtpx:TrackPointExtension>
</extensions>
</trkpt>
<trkpt lat="36.7839158" lon="126.9980261">
<ele>3.255</ele>
<time>2024-06-03T13:16:17Z</time>
<extensions>
<gpxtpx:TrackPointExtension>
<gpxtpx:hr>112</gpxtpx:hr>
</gpxtpx:TrackPointExtension>
</extensions>
</trkpt>
<trkpt lat="36.7839125" lon="126.9980298">
<ele>3.26</ele>
<time>2024-06-03T13:16:18Z</time>
<extensions>
<gpxtpx:TrackPointExtension>
<gpxtpx:hr>112</gpxtpx:hr>
</gpxtpx:TrackPointExtension>
</extensions>
</trkpt>
<trkpt lat="36.783906" lon="126.998035">
<ele>3.267</ele>
<time>2024-06-03T13:16:19Z</time>
<extensions>
<gpxtpx:TrackPointExtension>
<gpxtpx:hr>111</gpxtpx:hr>
</gpxtpx:TrackPointExtension>
</extensions>
</trkpt>
<trkpt lat="36.7838968" lon="126.9980346">
<ele>3.239</ele>
<time>2024-06-03T13:16:20Z</time>
<extensions>
<gpxtpx:TrackPointExtension>
<gpxtpx:hr>111</gpxtpx:hr>
</gpxtpx:TrackPointExtension>
</extensions>
</trkpt>
<trkpt lat="36.7838863" lon="126.9980307">
<ele>3.151</ele>
<time>2024-06-03T13:16:21Z</time>
<extensions>
<gpxtpx:TrackPointExtension>
<gpxtpx:hr>110</gpxtpx:hr>
</gpxtpx:TrackPointExtension>
</extensions>
</trkpt>
<trkpt lat="36.7838711" lon="126.9980193">
<ele>3.175</ele>
<time>2024-06-03T13:16:22Z</time>
<extensions>
<gpxtpx:TrackPointExtension>
<gpxtpx:hr>110</gpxtpx:hr>
</gpxtpx:TrackPointExtension>
</extensions>
</trkpt>
<trkpt lat="36.7838515" lon="126.9980002">
<ele>3.135</ele>
<time>2024-06-03T13:16:23Z</time>
<extensions>
<gpxtpx:TrackPointExtension>
<gpxtpx:hr>110</gpxtpx:hr>
<gpxtpx:cad>100</gpxtpx:cad>
</gpxtpx:TrackPointExtension>
</extensions>
</trkpt>
<trkpt lat="36.78383" lon="126.997975">
<ele>3.12</ele>
<time>2024-06-03T13:16:24Z</time>
<extensions>
<gpxtpx:TrackPointExtension>
<gpxtpx:hr>109</gpxtpx:hr>
</gpxtpx:TrackPointExtension>
</extensions>
</trkpt>
<trkpt lat="36.7838086" lon="126.9979443">
<ele>3.153</ele>
<time>2024-06-03T13:16:25Z</time>
<extensions>
<gpxtpx:TrackPointExtension>
<gpxtpx:hr>109</gpxtpx:hr>
</gpxtpx:TrackPointExtension>
</extensions>
</trkpt>
<trkpt lat="36.7837876" lon="126.997909">
<ele>3.242</ele>
<time>2024-06-03T13:16:26Z</time>
<extensions>
<gpxtpx:TrackPointExtension>
<gpxtpx:hr>108</gpxtpx:hr>
</gpxtpx:TrackPointExtension>
</extensions>
</trkpt>
<trkpt lat="36.7837668" lon="126.9978677">
<ele>3.195</ele>
<time>2024-06-03T13:16:27Z</time>
<extensions>
<gpxtpx:TrackPointExtension>
<gpxtpx:hr>108</gpxtpx:hr>
</gpxtpx:TrackPointExtension>
</extensions>
</trkpt>
<trkpt lat="36.7837467" lon="126.9978196">
<ele>3.191</ele>
<time>2024-06-03T13:16:28Z</time>
<extensions>
<gpxtpx:TrackPointExtension>
<gpxtpx:hr>108</gpxtpx:hr>
</gpxtpx:TrackPointExtension>
</extensions>
</trkpt>
<trkpt lat="36.7837268" lon="126.997761">
<ele>3.194</ele>
<time>2024-06-03T13:16:29Z</time>
<extensions>
<gpxtpx:TrackPointExtension>
<gpxtpx:hr>108</gpxtpx:hr>
</gpxtpx:TrackPointExtension>
</extensions>
</trkpt>
<trkpt lat="36.7837059" lon="126.997691">
<ele>3.191</ele>
<time>2024-06-03T13:16:30Z</time>
<extensions>
<gpxtpx:TrackPointExtension>
<gpxtpx:hr>108</gpxtpx:hr>
</gpxtpx:TrackPointExtension>
</extensions>
</trkpt>
<trkpt lat="36.7836828" lon="126.9976124">
<ele>3.186</ele>
<time>2024-06-03T13:16:31Z</time>
<extensions>
<gpxtpx:TrackPointExtension>
<gpxtpx:hr>108</gpxtpx:hr>
<gpxtpx:cad>100</gpxtpx:cad>
</gpxtpx:TrackPointExtension>
</extensions>
</trkpt>
<trkpt lat="36.7836569" lon="126.9975246">
<ele>3.179</ele>
<time>2024-06-03T13:16:32Z</time>
<extensions>
<gpxtpx:TrackPointExtension>
<gpxtpx:hr>108</gpxtpx:hr>
<gpxtpx:cad>100</gpxtpx:cad>
</gpxtpx:TrackPointExtension>
</extensions>
</trkpt>
<trkpt lat="36.7841543" lon="126.9978969">
<ele>3.036</ele>
<time>2024-06-03T13:18:44Z</time>
<extensions>
<gpxtpx:TrackPointExtension>
<gpxtpx:hr>93</gpxtpx:hr>
</gpxtpx:TrackPointExtension>
</extensions>
</trkpt>
<trkpt lat="36.784201" lon="126.9979027">
<ele>3.18</ele>
<time>2024-06-03T13:18:45Z</time>
<extensions>
<gpxtpx:TrackPointExtension>
<gpxtpx:hr>93</gpxtpx:hr>
</gpxtpx:TrackPointExtension>
</extensions>
</trkpt>
<trkpt lat="36.7842319" lon="126.9979262">
<ele>3.345</ele>
<time>2024-06-03T13:18:46Z</time>
<extensions>
<gpxtpx:TrackPointExtension>
<gpxtpx:hr>93</gpxtpx:hr>
</gpxtpx:TrackPointExtension>
</extensions>
</trkpt>
<trkpt lat="36.7842833" lon="126.997926">
<ele>3.55</ele>
<time>2024-06-03T13:18:47Z</time>
<extensions>
<gpxtpx:TrackPointExtension>
<gpxtpx:hr>93</gpxtpx:hr>
<gpxtpx:cad>25</gpxtpx:cad>
</gpxtpx:TrackPointExtension>
</extensions>
</trkpt>
<trkpt lat="36.7843161" lon="126.997929">
<ele>3.742</ele>
<time>2024-06-03T13:18:48Z</time>
<extensions>
<gpxtpx:TrackPointExtension>
<gpxtpx:hr>93</gpxtpx:hr>
</gpxtpx:TrackPointExtension>
</extensions>
</trkpt>
<trkpt lat="36.7843532" lon="126.9979262">
<ele>3.901</ele>
<time>2024-06-03T13:18:49Z</time>
<extensions>
<gpxtpx:TrackPointExtension>
<gpxtpx:hr>94</gpxtpx:hr>
</gpxtpx:TrackPointExtension>
</extensions>
</trkpt>
<trkpt lat="36.7843705" lon="126.9979385">
<ele>4.123</ele>
<time>2024-06-03T13:18:50Z</time>
<extensions>
<gpxtpx:TrackPointExtension>
<gpxtpx:hr>94</gpxtpx:hr>
</gpxtpx:TrackPointExtension>
</extensions>
</trkpt>
<trkpt lat="36.7843665" lon="126.9979458">
<ele>4.238</ele>
<time>2024-06-03T13:18:51Z</time>
<extensions>
<gpxtpx:TrackPointExtension>
<gpxtpx:hr>94</gpxtpx:hr>
</gpxtpx:TrackPointExtension>
</extensions>
</trkpt>
<trkpt lat="36.7843453" lon="126.9979519">
<ele>4.388</ele>
<time>2024-06-03T13:18:52Z</time>
<extensions>
<gpxtpx:TrackPointExtension>
<gpxtpx:hr>94</gpxtpx:hr>
</gpxtpx:TrackPointExtension>
</extensions>
</trkpt>
<trkpt lat="36.7843195" lon="126.9979609">
<ele>4.4</ele>
<time>2024-06-03T13:18:53Z</time>
<extensions>
<gpxtpx:TrackPointExtension>
<gpxtpx:hr>94</gpxtpx:hr>
</gpxtpx:TrackPointExtension>
</extensions>
</trkpt>
<trkpt lat="36.7843017" lon="126.9979708">
<ele>4.375</ele>
<time>2024-06-03T13:18:54Z</time>
<extensions>
<gpxtpx:TrackPointExtension>
<gpxtpx:hr>95</gpxtpx:hr>
</gpxtpx:TrackPointExtension>
</extensions>
</trkpt>
<trkpt lat="36.784302" lon="126.9979837">
<ele>4.351</ele>
<time>2024-06-03T13:18:55Z</time>
<extensions>
<gpxtpx:TrackPointExtension>
<gpxtpx:hr>95</gpxtpx:hr>
</gpxtpx:TrackPointExtension>
</extensions>
</trkpt>
<trkpt lat="36.7842844" lon="126.9979892">
<ele>4.407</ele>
<time>2024-06-03T13:18:56Z</time>
<extensions>
<gpxtpx:TrackPointExtension>
<gpxtpx:hr>95</gpxtpx:hr>
</gpxtpx:TrackPointExtension>
</extensions>
</trkpt>
<trkpt lat="36.7842714" lon="126.9980029">
<ele>4.354</ele>
<time>2024-06-03T13:18:57Z</time>
<extensions>
<gpxtpx:TrackPointExtension>
<gpxtpx:hr>96</gpxtpx:hr>
<gpxtpx:cad>59</gpxtpx:cad>
</gpxtpx:TrackPointExtension>
</extensions>
</trkpt>
<trkpt lat="36.7842784" lon="126.998012">
<ele>4.421</ele>
<time>2024-06-03T13:18:58Z</time>
<extensions>
<gpxtpx:TrackPointExtension>
<gpxtpx:hr>96</gpxtpx:hr>
</gpxtpx:TrackPointExtension>
</extensions>
</trkpt>
<trkpt lat="36.7842608" lon="126.9980213">
<ele>4.457</ele>
<time>2024-06-03T13:18:59Z</time>
<extensions>
<gpxtpx:TrackPointExtension>
<gpxtpx:hr>96</gpxtpx:hr>
</gpxtpx:TrackPointExtension>
</extensions>
</trkpt>
<trkpt lat="36.7842499" lon="126.9980053">
<ele>4.425</ele>
<time>2024-06-03T13:19:00Z</time>
<extensions>
<gpxtpx:TrackPointExtension>
<gpxtpx:hr>96</gpxtpx:hr>
</gpxtpx:TrackPointExtension>
</extensions>
</trkpt>
<trkpt lat="36.7842479" lon="126.9979948">
<ele>4.417</ele>
<time>2024-06-03T13:19:01Z</time>
<extensions>
<gpxtpx:TrackPointExtension>
<gpxtpx:hr>95</gpxtpx:hr>
</gpxtpx:TrackPointExtension>
</extensions>
</trkpt>
<trkpt lat="36.7842512" lon="126.9978511">
<ele>4.588</ele>
<time>2024-06-03T13:19:34Z</time>
<extensions>
<gpxtpx:TrackPointExtension>
<gpxtpx:hr>100</gpxtpx:hr>
</gpxtpx:TrackPointExtension>
</extensions>
</trkpt>
<trkpt lat="36.7842517" lon="126.9978441">
<ele>4.523</ele>
<time>2024-06-03T13:19:35Z</time>
<extensions>
<gpxtpx:TrackPointExtension>
<gpxtpx:hr>100</gpxtpx:hr>
<gpxtpx:cad>44</gpxtpx:cad>
</gpxtpx:TrackPointExtension>
</extensions>
</trkpt>
<trkpt lat="36.7842506" lon="126.9978367">
<ele>4.594</ele>
<time>2024-06-03T13:19:36Z</time>
<extensions>
<gpxtpx:TrackPointExtension>
<gpxtpx:hr>100</gpxtpx:hr>
</gpxtpx:TrackPointExtension>
</extensions>
</trkpt>
<trkpt lat="36.7842518" lon="126.9978276">
<ele>4.642</ele>
<time>2024-06-03T13:19:37Z</time>
<extensions>
<gpxtpx:TrackPointExtension>
<gpxtpx:hr>100</gpxtpx:hr>
</gpxtpx:TrackPointExtension>
</extensions>
</trkpt>
<trkpt lat="36.7842546" lon="126.9978221">
<ele>4.74</ele>
<time>2024-06-03T13:19:38Z</time>
<extensions>
<gpxtpx:TrackPointExtension>
<gpxtpx:hr>99</gpxtpx:hr>
</gpxtpx:TrackPointExtension>
</extensions>
</trkpt>
<trkpt lat="36.7842574" lon="126.9978136">
<ele>4.912</ele>
<time>2024-06-03T13:19:39Z</time>
<extensions>
<gpxtpx:TrackPointExtension>
<gpxtpx:hr>99</gpxtpx:hr>
<gpxtpx:cad>91</gpxtpx:cad>
</gpxtpx:TrackPointExtension>
</extensions>
</trkpt>
<trkpt lat="36.7842616" lon="126.9978046">
<ele>4.877</ele>
<time>2024-06-03T13:19:40Z</time>
<extensions>
<gpxtpx:TrackPointExtension>
<gpxtpx:hr>99</gpxtpx:hr>
</gpxtpx:TrackPointExtension>
</extensions>
</trkpt>
<trkpt lat="36.784266" lon="126.9977953">
<ele>4.983</ele>
<time>2024-06-03T13:19:41Z</time>
<extensions>
<gpxtpx:TrackPointExtension>
<gpxtpx:hr>99</gpxtpx:hr>
</gpxtpx:TrackPointExtension>
</extensions>
</trkpt>
<trkpt lat="36.7842703" lon="126.9977856">
<ele>5.054</ele>
<time>2024-06-03T13:19:42Z</time>
<extensions>
<gpxtpx:TrackPointExtension>
<gpxtpx:hr>99</gpxtpx:hr>
</gpxtpx:TrackPointExtension>
</extensions>
</trkpt>
<trkpt lat="36.7842748" lon="126.997776">
<ele>5.068</ele>
<time>2024-06-03T13:19:43Z</time>
<extensions>
<gpxtpx:TrackPointExtension>
<gpxtpx:hr>98</gpxtpx:hr>
</gpxtpx:TrackPointExtension>
</extensions>
</trkpt>
<trkpt lat="36.7842795" lon="126.9977651">
<ele>5.063</ele>
<time>2024-06-03T13:19:44Z</time>
<extensions>
<gpxtpx:TrackPointExtension>
<gpxtpx:hr>98</gpxtpx:hr>
</gpxtpx:TrackPointExtension>
</extensions>
</trkpt>
<trkpt lat="36.7842835" lon="126.997755">
<ele>5.072</ele>
<time>2024-06-03T13:19:45Z</time>
<extensions>
<gpxtpx:TrackPointExtension>
<gpxtpx:hr>97</gpxtpx:hr>
</gpxtpx:TrackPointExtension>
</extensions>
</trkpt>
<trkpt lat="36.7842862" lon="126.9977452">
<ele>5.014</ele>
<time>2024-06-03T13:19:46Z</time>
<extensions>
<gpxtpx:TrackPointExtension>
<gpxtpx:hr>97</gpxtpx:hr>
</gpxtpx:TrackPointExtension>
</extensions>
</trkpt>
<trkpt lat="36.7842885" lon="126.9977359">
<ele>5.055</ele>
<time>2024-06-03T13:19:47Z</time>
<extensions>
<gpxtpx:TrackPointExtension>
<gpxtpx:hr>96</gpxtpx:hr>
</gpxtpx:TrackPointExtension>
</extensions>
</trkpt>
<trkpt lat="36.7842903" lon="126.9977288">
<ele>5.051</ele>
<time>2024-06-03T13:19:48Z</time>
<extensions>
<gpxtpx:TrackPointExtension>
<gpxtpx:hr>96</gpxtpx:hr>
</gpxtpx:TrackPointExtension>
</extensions>
</trkpt>
<trkpt lat="36.7842918" lon="126.9977231">
<ele>5.103</ele>
<time>2024-06-03T13:19:49Z</time>
<extensions>
<gpxtpx:TrackPointExtension>
<gpxtpx:hr>95</gpxtpx:hr>
<gpxtpx:cad>27</gpxtpx:cad>
</gpxtpx:TrackPointExtension>
</extensions>
</trkpt>
<trkpt lat="36.7842936" lon="126.9977185">
<ele>5.171</ele>
<time>2024-06-03T13:19:50Z</time>
<extensions>
<gpxtpx:TrackPointExtension>
<gpxtpx:hr>95</gpxtpx:hr>
</gpxtpx:TrackPointExtension>
</extensions>
</trkpt>
<trkpt lat="36.7843079" lon="126.9977289">
<ele>4.919</ele>
<time>2024-06-03T13:19:57Z</time>
</trkpt>
<trkpt lat="36.784312" lon="126.9977407">
<ele>4.856</ele>
<time>2024-06-03T13:19:58Z</time>
<extensions>
<gpxtpx:TrackPointExtension>
<gpxtpx:hr>95</gpxtpx:hr>
</gpxtpx:TrackPointExtension>
</extensions>
</trkpt>
<trkpt lat="36.7843164" lon="126.9977538">
<ele>4.686</ele>
<time>2024-06-03T13:19:59Z</time>
<extensions>
<gpxtpx:TrackPointExtension>
<gpxtpx:hr>95</gpxtpx:hr>
</gpxtpx:TrackPointExtension>
</extensions>
</trkpt>
<trkpt lat="36.7843204" lon="126.9977689">
<ele>4.497</ele>
<time>2024-06-03T13:20:00Z</time>
<extensions>
<gpxtpx:TrackPointExtension>
<gpxtpx:hr>95</gpxtpx:hr>
<gpxtpx:cad>21</gpxtpx:cad>
</gpxtpx:TrackPointExtension>
</extensions>
</trkpt>
<trkpt lat="36.784324" lon="126.9977845">
<ele>4.361</ele>
<time>2024-06-03T13:20:01Z</time>
<extensions>
<gpxtpx:TrackPointExtension>
<gpxtpx:hr>96</gpxtpx:hr>
</gpxtpx:TrackPointExtension>
</extensions>
</trkpt>
<trkpt lat="36.7843272" lon="126.9978006">
<ele>4.209</ele>
<time>2024-06-03T13:20:02Z</time>
<extensions>
<gpxtpx:TrackPointExtension>
<gpxtpx:hr>96</gpxtpx:hr>
</gpxtpx:TrackPointExtension>
</extensions>
</trkpt>
<trkpt lat="36.7843289" lon="126.9978164">
<ele>4.126</ele>
<time>2024-06-03T13:20:03Z</time>
<extensions>
<gpxtpx:TrackPointExtension>
<gpxtpx:hr>96</gpxtpx:hr>
</gpxtpx:TrackPointExtension>
</extensions>
</trkpt>
<trkpt lat="36.7843306" lon="126.9978314">
<ele>4.023</ele>
<time>2024-06-03T13:20:04Z</time>
<extensions>
<gpxtpx:TrackPointExtension>
<gpxtpx:hr>96</gpxtpx:hr>
</gpxtpx:TrackPointExtension>
</extensions>
</trkpt>
<trkpt lat="36.7843324" lon="126.9978441">
<ele>3.963</ele>
<time>2024-06-03T13:20:05Z</time>
<extensions>
<gpxtpx:TrackPointExtension>
<gpxtpx:hr>96</gpxtpx:hr>
<gpxtpx:cad>85</gpxtpx:cad>
</gpxtpx:TrackPointExtension>
</extensions>
</trkpt>
<trkpt lat="36.7843338" lon="126.9978532">
<ele>3.87</ele>
<time>2024-06-03T13:20:06Z</time>
<extensions>
<gpxtpx:TrackPointExtension>
<gpxtpx:hr>96</gpxtpx:hr>
</gpxtpx:TrackPointExtension>
</extensions>
</trkpt>
<trkpt lat="36.7843351" lon="126.9978604">
<ele>3.83</ele>
<time>2024-06-03T13:20:07Z</time>
<extensions>
<gpxtpx:TrackPointExtension>
<gpxtpx:hr>95</gpxtpx:hr>
</gpxtpx:TrackPointExtension>
</extensions>
</trkpt>
<trkpt lat="36.7843365" lon="126.9978651">
<ele>3.8</ele>
<time>2024-06-03T13:20:08Z</time>
<extensions>
<gpxtpx:TrackPointExtension>
<gpxtpx:hr>94</gpxtpx:hr>
</gpxtpx:TrackPointExtension>
</extensions>
</trkpt>
<trkpt lat="36.7843363" lon="126.9978675">
<ele>3.808</ele>
<time>2024-06-03T13:20:09Z</time>
<extensions>
<gpxtpx:TrackPointExtension>
<gpxtpx:hr>94</gpxtpx:hr>
</gpxtpx:TrackPointExtension>
</extensions>
</trkpt>
<trkpt lat="36.7843352" lon="126.9978687">
<ele>3.76</ele>
<time>2024-06-03T13:20:10Z</time>
<extensions>
<gpxtpx:TrackPointExtension>
<gpxtpx:hr>93</gpxtpx:hr>
</gpxtpx:TrackPointExtension>
</extensions>
</trkpt>
<trkpt lat="36.7843336" lon="126.9978678">
<ele>3.799</ele>
<time>2024-06-03T13:20:11Z</time>
<extensions>
<gpxtpx:TrackPointExtension>
<gpxtpx:hr>93</gpxtpx:hr>
<gpxtpx:cad>54</gpxtpx:cad>
</gpxtpx:TrackPointExtension>
</extensions>
</trkpt>
<trkpt lat="36.7843307" lon="126.9978666">
<ele>3.569</ele>
<time>2024-06-03T13:20:12Z</time>
</trkpt>
<trkpt lat="36.7843266" lon="126.9978652">
<ele>3.689</ele>
<time>2024-06-03T13:20:13Z</time>
<extensions>
<gpxtpx:TrackPointExtension>
<gpxtpx:hr>94</gpxtpx:hr>
</gpxtpx:TrackPointExtension>
</extensions>
</trkpt>
<trkpt lat="36.7843211" lon="126.9978646">
<ele>3.573</ele>
<time>2024-06-03T13:20:14Z</time>
<extensions>
<gpxtpx:TrackPointExtension>
<gpxtpx:hr>94</gpxtpx:hr>
</gpxtpx:TrackPointExtension>
</extensions>
</trkpt>
<trkpt lat="36.7843171" lon="126.9978668">
<ele>3.429</ele>
<time>2024-06-03T13:20:15Z</time>
<extensions>
<gpxtpx:TrackPointExtension>
<gpxtpx:hr>94</gpxtpx:hr>
<gpxtpx:cad>21</gpxtpx:cad>
</gpxtpx:TrackPointExtension>
</extensions>
</trkpt>
<trkpt lat="36.7843144" lon="126.9978722">
<ele>3.418</ele>
<time>2024-06-03T13:20:16Z</time>
<extensions>
<gpxtpx:TrackPointExtension>
<gpxtpx:hr>95</gpxtpx:hr>
</gpxtpx:TrackPointExtension>
</extensions>
</trkpt>
<trkpt lat="36.7843121" lon="126.9978804">
<ele>3.277</ele>
<time>2024-06-03T13:20:17Z</time>
<extensions>
<gpxtpx:TrackPointExtension>
<gpxtpx:hr>96</gpxtpx:hr>
</gpxtpx:TrackPointExtension>
</extensions>
</trkpt>
<trkpt lat="36.7843098" lon="126.9978914">
<ele>3.153</ele>
<time>2024-06-03T13:20:18Z</time>
<extensions>
<gpxtpx:TrackPointExtension>
<gpxtpx:hr>97</gpxtpx:hr>
</gpxtpx:TrackPointExtension>
</extensions>
</trkpt>
<trkpt lat="36.7843073" lon="126.9979034">
<ele>3.07</ele>
<time>2024-06-03T13:20:19Z</time>
<extensions>
<gpxtpx:TrackPointExtension>
<gpxtpx:hr>97</gpxtpx:hr>
</gpxtpx:TrackPointExtension>
</extensions>
</trkpt>
<trkpt lat="36.784304" lon="126.9979152">
<ele>2.98</ele>
<time>2024-06-03T13:20:20Z</time>
<extensions>
<gpxtpx:TrackPointExtension>
<gpxtpx:hr>98</gpxtpx:hr>
</gpxtpx:TrackPointExtension>
</extensions>
</trkpt>
<trkpt lat="36.7843007" lon="126.9979269">
<ele>2.854</ele>
<time>2024-06-03T13:20:21Z</time>
<extensions>
<gpxtpx:TrackPointExtension>
<gpxtpx:hr>98</gpxtpx:hr>
</gpxtpx:TrackPointExtension>
</extensions>
</trkpt>
<trkpt lat="36.7842975" lon="126.9979389">
<ele>2.728</ele>
<time>2024-06-03T13:20:22Z</time>
<extensions>
<gpxtpx:TrackPointExtension>
<gpxtpx:hr>97</gpxtpx:hr>
</gpxtpx:TrackPointExtension>
</extensions>
</trkpt>
<trkpt lat="36.7842955" lon="126.9979518">
<ele>2.611</ele>
<time>2024-06-03T13:20:23Z</time>
<extensions>
<gpxtpx:TrackPointExtension>
<gpxtpx:hr>97</gpxtpx:hr>
</gpxtpx:TrackPointExtension>
</extensions>
</trkpt>
<trkpt lat="36.784294" lon="126.9979661">
<ele>2.498</ele>
<time>2024-06-03T13:20:24Z</time>
<extensions>
<gpxtpx:TrackPointExtension>
<gpxtpx:hr>97</gpxtpx:hr>
</gpxtpx:TrackPointExtension>
</extensions>
</trkpt>
<trkpt lat="36.7842929" lon="126.9979799">
<ele>2.427</ele>
<time>2024-06-03T13:20:25Z</time>
<extensions>
<gpxtpx:TrackPointExtension>
<gpxtpx:hr>96</gpxtpx:hr>
<gpxtpx:cad>108</gpxtpx:cad>
</gpxtpx:TrackPointExtension>
</extensions>
</trkpt>
<trkpt lat="36.784292" lon="126.9979946">
<ele>2.267</ele>
<time>2024-06-03T13:20:26Z</time>
<extensions>
<gpxtpx:TrackPointExtension>
<gpxtpx:hr>96</gpxtpx:hr>
</gpxtpx:TrackPointExtension>
</extensions>
</trkpt>
<trkpt lat="36.7842909" lon="126.9980101">
<ele>2.118</ele>
<time>2024-06-03T13:20:27Z</time>
<extensions>
<gpxtpx:TrackPointExtension>
<gpxtpx:hr>95</gpxtpx:hr>
</gpxtpx:TrackPointExtension>
</extensions>
</trkpt>
<trkpt lat="36.7842895" lon="126.9980258">
<ele>2.03</ele>
<time>2024-06-03T13:20:28Z</time>
<extensions>
<gpxtpx:TrackPointExtension>
<gpxtpx:hr>95</gpxtpx:hr>
</gpxtpx:TrackPointExtension>
</extensions>
</trkpt>
<trkpt lat="36.784288" lon="126.9980426">
<ele>1.932</ele>
<time>2024-06-03T13:20:29Z</time>
<extensions>
<gpxtpx:TrackPointExtension>
<gpxtpx:hr>94</gpxtpx:hr>
</gpxtpx:TrackPointExtension>
</extensions>
</trkpt>
<trkpt lat="36.7842845" lon="126.9980595">
<ele>1.908</ele>
<time>2024-06-03T13:20:30Z</time>
<extensions>
<gpxtpx:TrackPointExtension>
<gpxtpx:hr>93</gpxtpx:hr>
</gpxtpx:TrackPointExtension>
</extensions>
</trkpt>
<trkpt lat="36.7842809" lon="126.9980773">
<ele>1.782</ele>
<time>2024-06-03T13:20:31Z</time>
<extensions>
<gpxtpx:TrackPointExtension>
<gpxtpx:hr>93</gpxtpx:hr>
</gpxtpx:TrackPointExtension>
</extensions>
</trkpt>
<trkpt lat="36.7842763" lon="126.9980956">
<ele>1.698</ele>
<time>2024-06-03T13:20:32Z</time>
<extensions>
<gpxtpx:TrackPointExtension>
<gpxtpx:hr>92</gpxtpx:hr>
</gpxtpx:TrackPointExtension>
</extensions>
</trkpt>
<trkpt lat="36.784271" lon="126.9981136">
<ele>1.637</ele>
<time>2024-06-03T13:20:33Z</time>
<extensions>
<gpxtpx:TrackPointExtension>
<gpxtpx:hr>92</gpxtpx:hr>
</gpxtpx:TrackPointExtension>
</extensions>
</trkpt>
<trkpt lat="36.784266" lon="126.9981325">
<ele>1.586</ele>
<time>2024-06-03T13:20:34Z</time>
<extensions>
<gpxtpx:TrackPointExtension>
<gpxtpx:hr>91</gpxtpx:hr>
</gpxtpx:TrackPointExtension>
</extensions>
</trkpt>
<trkpt lat="36.7842622" lon="126.998151">
<ele>1.56</ele>
<time>2024-06-03T13:20:35Z</time>
<extensions>
<gpxtpx:TrackPointExtension>
<gpxtpx:hr>91</gpxtpx:hr>
<gpxtpx:cad>108</gpxtpx:cad>
</gpxtpx:TrackPointExtension>
</extensions>
</trkpt>
<trkpt lat="36.7842595" lon="126.9981676">
<ele>1.416</ele>
<time>2024-06-03T13:20:36Z</time>
<extensions>
<gpxtpx:TrackPointExtension>
<gpxtpx:hr>91</gpxtpx:hr>
</gpxtpx:TrackPointExtension>
</extensions>
</trkpt>
<trkpt lat="36.7842577" lon="126.9981841">
<ele>1.32</ele>
<time>2024-06-03T13:20:37Z</time>
<extensions>
<gpxtpx:TrackPointExtension>
<gpxtpx:hr>90</gpxtpx:hr>
</gpxtpx:TrackPointExtension>
</extensions>
</trkpt>
<trkpt lat="36.7842538" lon="126.9981992">
<ele>1.238</ele>
<time>2024-06-03T13:20:38Z</time>
<extensions>
<gpxtpx:TrackPointExtension>
<gpxtpx:hr>90</gpxtpx:hr>
</gpxtpx:TrackPointExtension>
</extensions>
</trkpt>
<trkpt lat="36.7842479" lon="126.9982115">
<ele>1.143</ele>
<time>2024-06-03T13:20:39Z</time>
<extensions>
<gpxtpx:TrackPointExtension>
<gpxtpx:hr>90</gpxtpx:hr>
</gpxtpx:TrackPointExtension>
</extensions>
</trkpt>
<trkpt lat="36.7842406" lon="126.9982222">
<ele>1.002</ele>
<time>2024-06-03T13:20:40Z</time>
<extensions>
<gpxtpx:TrackPointExtension>
<gpxtpx:hr>89</gpxtpx:hr>
</gpxtpx:TrackPointExtension>
</extensions>
</trkpt>
<trkpt lat="36.7842332" lon="126.9982308">
<ele>0.975</ele>
<time>2024-06-03T13:20:41Z</time>
<extensions>
<gpxtpx:TrackPointExtension>
<gpxtpx:hr>89</gpxtpx:hr>
</gpxtpx:TrackPointExtension>
</extensions>
</trkpt>
<trkpt lat="36.7842264" lon="126.9982379">
<ele>0.935</ele>
<time>2024-06-03T13:20:42Z</time>
<extensions>
<gpxtpx:TrackPointExtension>
<gpxtpx:hr>89</gpxtpx:hr>
</gpxtpx:TrackPointExtension>
</extensions>
</trkpt>
<trkpt lat="36.784221" lon="126.9982434">
<ele>0.906</ele>
<time>2024-06-03T13:20:43Z</time>
<extensions>
<gpxtpx:TrackPointExtension>
<gpxtpx:hr>89</gpxtpx:hr>
</gpxtpx:TrackPointExtension>
</extensions>
</trkpt>
<trkpt lat="36.7842175" lon="126.9982477">
<ele>0.965</ele>
<time>2024-06-03T13:20:44Z</time>
<extensions>
<gpxtpx:TrackPointExtension>
<gpxtpx:hr>88</gpxtpx:hr>
</gpxtpx:TrackPointExtension>
</extensions>
</trkpt>
<trkpt lat="36.784215" lon="126.9982498">
<ele>0.885</ele>
<time>2024-06-03T13:20:45Z</time>
<extensions>
<gpxtpx:TrackPointExtension>
<gpxtpx:hr>88</gpxtpx:hr>
<gpxtpx:cad>63</gpxtpx:cad>
</gpxtpx:TrackPointExtension>
</extensions>
</trkpt>
<trkpt lat="36.7842143" lon="126.9982502">
<ele>1.005</ele>
<time>2024-06-03T13:20:46Z</time>
<extensions>
<gpxtpx:TrackPointExtension>
<gpxtpx:hr>88</gpxtpx:hr>
</gpxtpx:TrackPointExtension>
</extensions>
</trkpt>
<trkpt lat="36.7842145" lon="126.9982515">
<ele>1.067</ele>
<time>2024-06-03T13:20:47Z</time>
<extensions>
<gpxtpx:TrackPointExtension>
<gpxtpx:hr>87</gpxtpx:hr>
</gpxtpx:TrackPointExtension>
</extensions>
</trkpt>
<trkpt lat="36.7842266" lon="126.9983178">
<ele>0.337</ele>
<time>2024-06-03T13:20:54Z</time>
</trkpt>
<trkpt lat="36.7842273" lon="126.9983328">
<ele>0.426</ele>
<time>2024-06-03T13:20:55Z</time>
<extensions>
<gpxtpx:TrackPointExtension>
<gpxtpx:hr>88</gpxtpx:hr>
</gpxtpx:TrackPointExtension>
</extensions>
</trkpt>
<trkpt lat="36.7842275" lon="126.9983455">
<ele>0.297</ele>
<time>2024-06-03T13:20:56Z</time>
</trkpt>
<trkpt lat="36.7842266" lon="126.9983573">
<ele>0.194</ele>
<time>2024-06-03T13:20:57Z</time>
</trkpt>
<trkpt lat="36.7842245" lon="126.9983693">
<ele>0.097</ele>
<time>2024-06-03T13:20:58Z</time>
<extensions>
<gpxtpx:TrackPointExtension>
<gpxtpx:hr>88</gpxtpx:hr>
</gpxtpx:TrackPointExtension>
</extensions>
</trkpt>
<trkpt lat="36.7842232" lon="126.9983839">
<ele>0.017</ele>
<time>2024-06-03T13:20:59Z</time>
<extensions>
<gpxtpx:TrackPointExtension>
<gpxtpx:hr>88</gpxtpx:hr>
</gpxtpx:TrackPointExtension>
</extensions>
</trkpt>
<trkpt lat="36.7842209" lon="126.9983996">
<ele>-0.05</ele>
<time>2024-06-03T13:21:00Z</time>
<extensions>
<gpxtpx:TrackPointExtension>
<gpxtpx:hr>88</gpxtpx:hr>
<gpxtpx:cad>65</gpxtpx:cad>
</gpxtpx:TrackPointExtension>
</extensions>
</trkpt>
<trkpt lat="36.7842178" lon="126.9984146">
<ele>-0.155</ele>
<time>2024-06-03T13:21:01Z</time>
<extensions>
<gpxtpx:TrackPointExtension>
<gpxtpx:hr>88</gpxtpx:hr>
</gpxtpx:TrackPointExtension>
</extensions>
</trkpt>
<trkpt lat="36.7842137" lon="126.9984284">
<ele>-0.225</ele>
<time>2024-06-03T13:21:02Z</time>
<extensions>
<gpxtpx:TrackPointExtension>
<gpxtpx:hr>88</gpxtpx:hr>
</gpxtpx:TrackPointExtension>
</extensions>
</trkpt>
<trkpt lat="36.7842081" lon="126.9984427">
<ele>-0.473</ele>
<time>2024-06-03T13:21:04Z</time>
<extensions>
<gpxtpx:TrackPointExtension>
<gpxtpx:hr>88</gpxtpx:hr>
</gpxtpx:TrackPointExtension>
</extensions>
</trkpt>
<trkpt lat="36.7842021" lon="126.9984571">
<ele>-0.52</ele>
<time>2024-06-03T13:21:05Z</time>
<extensions>
<gpxtpx:TrackPointExtension>
<gpxtpx:hr>89</gpxtpx:hr>
</gpxtpx:TrackPointExtension>
</extensions>
</trkpt>
<trkpt lat="36.7841963" lon="126.9984701">
<ele>-0.638</ele>
<time>2024-06-03T13:21:06Z</time>
<extensions>
<gpxtpx:TrackPointExtension>
<gpxtpx:hr>89</gpxtpx:hr>
</gpxtpx:TrackPointExtension>
</extensions>
</trkpt>
<trkpt lat="36.7841899" lon="126.9984841">
<ele>-0.709</ele>
<time>2024-06-03T13:21:07Z</time>
<extensions>
<gpxtpx:TrackPointExtension>
<gpxtpx:hr>89</gpxtpx:hr>
</gpxtpx:TrackPointExtension>
</extensions>
</trkpt>
<trkpt lat="36.7841843" lon="126.9984965">
<ele>-0.804</ele>
<time>2024-06-03T13:21:08Z</time>
<extensions>
<gpxtpx:TrackPointExtension>
<gpxtpx:hr>89</gpxtpx:hr>
</gpxtpx:TrackPointExtension>
</extensions>
</trkpt>
<trkpt lat="36.7841809" lon="126.9985086">
<ele>-0.918</ele>
<time>2024-06-03T13:21:09Z</time>
<extensions>
<gpxtpx:TrackPointExtension>
<gpxtpx:hr>89</gpxtpx:hr>
</gpxtpx:TrackPointExtension>
</extensions>
</trkpt>
<trkpt lat="36.784178" lon="126.9985205">
<ele>-0.87</ele>
<time>2024-06-03T13:21:10Z</time>
<extensions>
<gpxtpx:TrackPointExtension>
<gpxtpx:hr>89</gpxtpx:hr>
</gpxtpx:TrackPointExtension>
</extensions>
</trkpt>
<trkpt lat="36.7841752" lon="126.998532">
<ele>-0.913</ele>
<time>2024-06-03T13:21:11Z</time>
<extensions>
<gpxtpx:TrackPointExtension>
<gpxtpx:hr>89</gpxtpx:hr>
<gpxtpx:cad>110</gpxtpx:cad>
</gpxtpx:TrackPointExtension>
</extensions>
</trkpt>
<trkpt lat="36.7841727" lon="126.9985442">
<ele>-0.892</ele>
<time>2024-06-03T13:21:12Z</time>
<extensions>
<gpxtpx:TrackPointExtension>
<gpxtpx:hr>89</gpxtpx:hr>
</gpxtpx:TrackPointExtension>
</extensions>
</trkpt>
<trkpt lat="36.7841702" lon="126.9985567">
<ele>-0.867</ele>
<time>2024-06-03T13:21:13Z</time>
<extensions>
<gpxtpx:TrackPointExtension>
<gpxtpx:hr>89</gpxtpx:hr>
</gpxtpx:TrackPointExtension>
</extensions>
</trkpt>
<trkpt lat="36.7841662" lon="126.9985692">
<ele>-0.906</ele>
<time>2024-06-03T13:21:14Z</time>
<extensions>
<gpxtpx:TrackPointExtension>
<gpxtpx:hr>88</gpxtpx:hr>
</gpxtpx:TrackPointExtension>
</extensions>
</trkpt>
<trkpt lat="36.7841612" lon="126.9985814">
<ele>-1.081</ele>
<time>2024-06-03T13:21:15Z</time>
<extensions>
<gpxtpx:TrackPointExtension>
<gpxtpx:hr>88</gpxtpx:hr>
</gpxtpx:TrackPointExtension>
</extensions>
</trkpt>
<trkpt lat="36.7841554" lon="126.9985934">
<ele>-1.081</ele>
<time>2024-06-03T13:21:16Z</time>
<extensions>
<gpxtpx:TrackPointExtension>
<gpxtpx:hr>87</gpxtpx:hr>
</gpxtpx:TrackPointExtension>
</extensions>
</trkpt>
<trkpt lat="36.7841502" lon="126.9986058">
<ele>-1.149</ele>
<time>2024-06-03T13:21:17Z</time>
<extensions>
<gpxtpx:TrackPointExtension>
<gpxtpx:hr>87</gpxtpx:hr>
</gpxtpx:TrackPointExtension>
</extensions>
</trkpt>
<trkpt lat="36.7841451" lon="126.9986179">
<ele>-1.148</ele>
<time>2024-06-03T13:21:18Z</time>
<extensions>
<gpxtpx:TrackPointExtension>
<gpxtpx:hr>87</gpxtpx:hr>
</gpxtpx:TrackPointExtension>
</extensions>
</trkpt>
<trkpt lat="36.7841395" lon="126.9986305">
<ele>-1.133</ele>
<time>2024-06-03T13:21:19Z</time>
<extensions>
<gpxtpx:TrackPointExtension>
<gpxtpx:hr>87</gpxtpx:hr>
</gpxtpx:TrackPointExtension>
</extensions>
</trkpt>
<trkpt lat="36.7841341" lon="126.9986441">
<ele>-1.187</ele>
<time>2024-06-03T13:21:20Z</time>
<extensions>
<gpxtpx:TrackPointExtension>
<gpxtpx:hr>87</gpxtpx:hr>
</gpxtpx:TrackPointExtension>
</extensions>
</trkpt>
<trkpt lat="36.7841298" lon="126.9986566">
<ele>-1.345</ele>
<time>2024-06-03T13:21:21Z</time>
<extensions>
<gpxtpx:TrackPointExtension>
<gpxtpx:hr>86</gpxtpx:hr>
<gpxtpx:cad>108</gpxtpx:cad>
</gpxtpx:TrackPointExtension>
</extensions>
</trkpt>
<trkpt lat="36.7841259" lon="126.9986692">
<ele>-1.36</ele>
<time>2024-06-03T13:21:22Z</time>
<extensions>
<gpxtpx:TrackPointExtension>
<gpxtpx:hr>86</gpxtpx:hr>
</gpxtpx:TrackPointExtension>
</extensions>
</trkpt>
<trkpt lat="36.784121" lon="126.998682">
<ele>-1.381</ele>
<time>2024-06-03T13:21:23Z</time>
<extensions>
<gpxtpx:TrackPointExtension>
<gpxtpx:hr>86</gpxtpx:hr>
</gpxtpx:TrackPointExtension>
</extensions>
</trkpt>
<trkpt lat="36.784117" lon="126.998696">
<ele>-1.373</ele>
<time>2024-06-03T13:21:24Z</time>
<extensions>
<gpxtpx:TrackPointExtension>
<gpxtpx:hr>86</gpxtpx:hr>
</gpxtpx:TrackPointExtension>
</extensions>
</trkpt>
<trkpt lat="36.7841114" lon="126.998728">
<ele>-1.331</ele>
<time>2024-06-03T13:21:25Z</time>
<extensions>
<gpxtpx:TrackPointExtension>
<gpxtpx:hr>86</gpxtpx:hr>
</gpxtpx:TrackPointExtension>
</extensions>
</trkpt>
<trkpt lat="36.7841085" lon="126.9987431">
<ele>-1.395</ele>
<time>2024-06-03T13:21:26Z</time>
<extensions>
<gpxtpx:TrackPointExtension>
<gpxtpx:hr>87</gpxtpx:hr>
</gpxtpx:TrackPointExtension>
</extensions>
</trkpt>
<trkpt lat="36.7841065" lon="126.9987561">
<ele>-1.555</ele>
<time>2024-06-03T13:21:27Z</time>
<extensions>
<gpxtpx:TrackPointExtension>
<gpxtpx:hr>87</gpxtpx:hr>
</gpxtpx:TrackPointExtension>
</extensions>
</trkpt>
<trkpt lat="36.7841042" lon="126.9987685">
<ele>-1.438</ele>
<time>2024-06-03T13:21:28Z</time>
<extensions>
<gpxtpx:TrackPointExtension>
<gpxtpx:hr>87</gpxtpx:hr>
</gpxtpx:TrackPointExtension>
</extensions>
</trkpt>
<trkpt lat="36.7841017" lon="126.9987809">
<ele>-1.385</ele>
<time>2024-06-03T13:21:29Z</time>
<extensions>
<gpxtpx:TrackPointExtension>
<gpxtpx:hr>88</gpxtpx:hr>
</gpxtpx:TrackPointExtension>
</extensions>
</trkpt>
<trkpt lat="36.7840995" lon="126.9987925">
<ele>-1.455</ele>
<time>2024-06-03T13:21:30Z</time>
<extensions>
<gpxtpx:TrackPointExtension>
<gpxtpx:hr>88</gpxtpx:hr>
<gpxtpx:cad>107</gpxtpx:cad>
</gpxtpx:TrackPointExtension>
</extensions>
</trkpt>
<trkpt lat="36.7840964" lon="126.9988048">
<ele>-1.441</ele>
<time>2024-06-03T13:21:31Z</time>
<extensions>
<gpxtpx:TrackPointExtension>
<gpxtpx:hr>88</gpxtpx:hr>
<gpxtpx:cad>107</gpxtpx:cad>
</gpxtpx:TrackPointExtension>
</extensions>
</trkpt>
<trkpt lat="36.7840926" lon="126.9988169">
<ele>-1.496</ele>
<time>2024-06-03T13:21:32Z</time>
<extensions>
<gpxtpx:TrackPointExtension>
<gpxtpx:hr>88</gpxtpx:hr>
</gpxtpx:TrackPointExtension>
</extensions>
</trkpt>
<trkpt lat="36.7840883" lon="126.9988289">
<ele>-1.488</ele>
<time>2024-06-03T13:21:33Z</time>
<extensions>
<gpxtpx:TrackPointExtension>
<gpxtpx:hr>88</gpxtpx:hr>
</gpxtpx:TrackPointExtension>
</extensions>
</trkpt>
<trkpt lat="36.7840834" lon="126.9988419">
<ele>-1.479</ele>
<time>2024-06-03T13:21:34Z</time>
<extensions>
<gpxtpx:TrackPointExtension>
<gpxtpx:hr>88</gpxtpx:hr>
</gpxtpx:TrackPointExtension>
</extensions>
</trkpt>
<trkpt lat="36.7840778" lon="126.9988561">
<ele>-1.502</ele>
<time>2024-06-03T13:21:35Z</time>
<extensions>
<gpxtpx:TrackPointExtension>
<gpxtpx:hr>88</gpxtpx:hr>
</gpxtpx:TrackPointExtension>
</extensions>
</trkpt>
<trkpt lat="36.7840741" lon="126.9988725">
<ele>-1.462</ele>
<time>2024-06-03T13:21:36Z</time>
<extensions>
<gpxtpx:TrackPointExtension>
<gpxtpx:hr>89</gpxtpx:hr>
</gpxtpx:TrackPointExtension>
</extensions>
</trkpt>
<trkpt lat="36.7840706" lon="126.9988899">
<ele>-1.393</ele>
<time>2024-06-03T13:21:37Z</time>
<extensions>
<gpxtpx:TrackPointExtension>
<gpxtpx:hr>89</gpxtpx:hr>
</gpxtpx:TrackPointExtension>
</extensions>
</trkpt>
<trkpt lat="36.784067" lon="126.9989055">
<ele>-1.45</ele>
<time>2024-06-03T13:21:38Z</time>
<extensions>
<gpxtpx:TrackPointExtension>
<gpxtpx:hr>89</gpxtpx:hr>
</gpxtpx:TrackPointExtension>
</extensions>
</trkpt>
<trkpt lat="36.7840634" lon="126.9989208">
<ele>-1.515</ele>
<time>2024-06-03T13:21:39Z</time>
<extensions>
<gpxtpx:TrackPointExtension>
<gpxtpx:hr>89</gpxtpx:hr>
</gpxtpx:TrackPointExtension>
</extensions>
</trkpt>
<trkpt lat="36.7840599" lon="126.9989363">
<ele>-1.583</ele>
<time>2024-06-03T13:21:40Z</time>
<extensions>
<gpxtpx:TrackPointExtension>
<gpxtpx:hr>90</gpxtpx:hr>
</gpxtpx:TrackPointExtension>
</extensions>
</trkpt>
<trkpt lat="36.7840564" lon="126.9989517">
<ele>-1.659</ele>
<time>2024-06-03T13:21:41Z</time>
<extensions>
<gpxtpx:TrackPointExtension>
<gpxtpx:hr>90</gpxtpx:hr>
<gpxtpx:cad>106</gpxtpx:cad>
</gpxtpx:TrackPointExtension>
</extensions>
</trkpt>
<trkpt lat="36.7840541" lon="126.9989666">
<ele>-1.671</ele>
<time>2024-06-03T13:21:42Z</time>
<extensions>
<gpxtpx:TrackPointExtension>
<gpxtpx:hr>90</gpxtpx:hr>
</gpxtpx:TrackPointExtension>
</extensions>
</trkpt>
<trkpt lat="36.7840529" lon="126.9989829">
<ele>-1.71</ele>
<time>2024-06-03T13:21:43Z</time>
<extensions>
<gpxtpx:TrackPointExtension>
<gpxtpx:hr>91</gpxtpx:hr>
</gpxtpx:TrackPointExtension>
</extensions>
</trkpt>
<trkpt lat="36.7840528" lon="126.999001">
<ele>-1.789</ele>
<time>2024-06-03T13:21:44Z</time>
<extensions>
<gpxtpx:TrackPointExtension>
<gpxtpx:hr>91</gpxtpx:hr>
</gpxtpx:TrackPointExtension>
</extensions>
</trkpt>
<trkpt lat="36.7840548" lon="126.9990213">
<ele>-1.853</ele>
<time>2024-06-03T13:21:45Z</time>
<extensions>
<gpxtpx:TrackPointExtension>
<gpxtpx:hr>92</gpxtpx:hr>
</gpxtpx:TrackPointExtension>
</extensions>
</trkpt>
<trkpt lat="36.784056" lon="126.9990414">
<ele>-1.96</ele>
<time>2024-06-03T13:21:46Z</time>
<extensions>
<gpxtpx:TrackPointExtension>
<gpxtpx:hr>92</gpxtpx:hr>
</gpxtpx:TrackPointExtension>
</extensions>
</trkpt>
<trkpt lat="36.7840583" lon="126.9990629">
<ele>-2.067</ele>
<time>2024-06-03T13:21:47Z</time>
<extensions>
<gpxtpx:TrackPointExtension>
<gpxtpx:hr>92</gpxtpx:hr>
</gpxtpx:TrackPointExtension>
</extensions>
</trkpt>
<trkpt lat="36.7840604" lon="126.9990843">
<ele>-2.076</ele>
<time>2024-06-03T13:21:48Z</time>
<extensions>
<gpxtpx:TrackPointExtension>
<gpxtpx:hr>92</gpxtpx:hr>
</gpxtpx:TrackPointExtension>
</extensions>
</trkpt>
<trkpt lat="36.7840599" lon="126.9991045">
<ele>-2.14</ele>
<time>2024-06-03T13:21:49Z</time>
<extensions>
<gpxtpx:TrackPointExtension>
<gpxtpx:hr>93</gpxtpx:hr>
</gpxtpx:TrackPointExtension>
</extensions>
</trkpt>
<trkpt lat="36.7840577" lon="126.9991238">
<ele>-2.25</ele>
<time>2024-06-03T13:21:50Z</time>
<extensions>
<gpxtpx:TrackPointExtension>
<gpxtpx:hr>93</gpxtpx:hr>
</gpxtpx:TrackPointExtension>
</extensions>
</trkpt>
<trkpt lat="36.784055" lon="126.999142">
<ele>-2.369</ele>
<time>2024-06-03T13:21:51Z</time>
<extensions>
<gpxtpx:TrackPointExtension>
<gpxtpx:hr>93</gpxtpx:hr>
<gpxtpx:cad>107</gpxtpx:cad>
</gpxtpx:TrackPointExtension>
</extensions>
</trkpt>
<trkpt lat="36.7840522" lon="126.9991585">
<ele>-2.432</ele>
<time>2024-06-03T13:21:52Z</time>
<extensions>
<gpxtpx:TrackPointExtension>
<gpxtpx:hr>94</gpxtpx:hr>
</gpxtpx:TrackPointExtension>
</extensions>
</trkpt>
<trkpt lat="36.7840478" lon="126.999176">
<ele>-2.394</ele>
<time>2024-06-03T13:21:53Z</time>
<extensions>
<gpxtpx:TrackPointExtension>
<gpxtpx:hr>94</gpxtpx:hr>
</gpxtpx:TrackPointExtension>
</extensions>
</trkpt>
<trkpt lat="36.7840431" lon="126.999193">
<ele>-2.379</ele>
<time>2024-06-03T13:21:54Z</time>
<extensions>
<gpxtpx:TrackPointExtension>
<gpxtpx:hr>94</gpxtpx:hr>
</gpxtpx:TrackPointExtension>
</extensions>
</trkpt>
<trkpt lat="36.78404" lon="126.9992095">
<ele>-2.422</ele>
<time>2024-06-03T13:21:55Z</time>
<extensions>
<gpxtpx:TrackPointExtension>
<gpxtpx:hr>94</gpxtpx:hr>
</gpxtpx:TrackPointExtension>
</extensions>
</trkpt>
<trkpt lat="36.7840372" lon="126.9992237">
<ele>-2.395</ele>
<time>2024-06-03T13:21:56Z</time>
<extensions>
<gpxtpx:TrackPointExtension>
<gpxtpx:hr>94</gpxtpx:hr>
</gpxtpx:TrackPointExtension>
</extensions>
</trkpt>
<trkpt lat="36.7840352" lon="126.9992373">
<ele>-2.472</ele>
<time>2024-06-03T13:21:57Z</time>
<extensions>
<gpxtpx:TrackPointExtension>
<gpxtpx:hr>94</gpxtpx:hr>
</gpxtpx:TrackPointExtension>
</extensions>
</trkpt>
<trkpt lat="36.7840321" lon="126.9992507">
<ele>-2.467</ele>
<time>2024-06-03T13:21:58Z</time>
<extensions>
<gpxtpx:TrackPointExtension>
<gpxtpx:hr>94</gpxtpx:hr>
</gpxtpx:TrackPointExtension>
</extensions>
</trkpt>
<trkpt lat="36.7840285" lon="126.9992637">
<ele>-2.498</ele>
<time>2024-06-03T13:21:59Z</time>
<extensions>
<gpxtpx:TrackPointExtension>
<gpxtpx:hr>93</gpxtpx:hr>
</gpxtpx:TrackPointExtension>
</extensions>
</trkpt>
<trkpt lat="36.7840257" lon="126.999277">
<ele>-2.518</ele>
<time>2024-06-03T13:22:00Z</time>
<extensions>
<gpxtpx:TrackPointExtension>
<gpxtpx:hr>93</gpxtpx:hr>
</gpxtpx:TrackPointExtension>
</extensions>
</trkpt>
<trkpt lat="36.7840231" lon="126.9992912">
<ele>-2.524</ele>
<time>2024-06-03T13:22:01Z</time>
<extensions>
<gpxtpx:TrackPointExtension>
<gpxtpx:hr>93</gpxtpx:hr>
<gpxtpx:cad>107</gpxtpx:cad>
</gpxtpx:TrackPointExtension>
</extensions>
</trkpt>
<trkpt lat="36.7840202" lon="126.9993062">
<ele>-2.523</ele>
<time>2024-06-03T13:22:02Z</time>
<extensions>
<gpxtpx:TrackPointExtension>
<gpxtpx:hr>94</gpxtpx:hr>
</gpxtpx:TrackPointExtension>
</extensions>
</trkpt>
<trkpt lat="36.7840174" lon="126.9993212">
<ele>-2.618</ele>
<time>2024-06-03T13:22:03Z</time>
<extensions>
<gpxtpx:TrackPointExtension>
<gpxtpx:hr>94</gpxtpx:hr>
</gpxtpx:TrackPointExtension>
</extensions>
</trkpt>
<trkpt lat="36.7840138" lon="126.9993362">
<ele>-2.657</ele>
<time>2024-06-03T13:22:04Z</time>
<extensions>
<gpxtpx:TrackPointExtension>
<gpxtpx:hr>93</gpxtpx:hr>
</gpxtpx:TrackPointExtension>
</extensions>
</trkpt>
<trkpt lat="36.7840106" lon="126.9993507">
<ele>-2.763</ele>
<time>2024-06-03T13:22:05Z</time>
<extensions>
<gpxtpx:TrackPointExtension>
<gpxtpx:hr>93</gpxtpx:hr>
</gpxtpx:TrackPointExtension>
</extensions>
</trkpt>
<trkpt lat="36.7840081" lon="126.9993643">
<ele>-2.727</ele>
<time>2024-06-03T13:22:06Z</time>
<extensions>
<gpxtpx:TrackPointExtension>
<gpxtpx:hr>93</gpxtpx:hr>
</gpxtpx:TrackPointExtension>
</extensions>
</trkpt>
<trkpt lat="36.7840062" lon="126.9993771">
<ele>-2.733</ele>
<time>2024-06-03T13:22:07Z</time>
<extensions>
<gpxtpx:TrackPointExtension>
<gpxtpx:hr>93</gpxtpx:hr>
</gpxtpx:TrackPointExtension>
</extensions>
</trkpt>
<trkpt lat="36.7840046" lon="126.9993896">
<ele>-2.768</ele>
<time>2024-06-03T13:22:08Z</time>
<extensions>
<gpxtpx:TrackPointExtension>
<gpxtpx:hr>93</gpxtpx:hr>
</gpxtpx:TrackPointExtension>
</extensions>
</trkpt>
<trkpt lat="36.7840022" lon="126.999401">
<ele>-2.836</ele>
<time>2024-06-03T13:22:09Z</time>
<extensions>
<gpxtpx:TrackPointExtension>
<gpxtpx:hr>92</gpxtpx:hr>
</gpxtpx:TrackPointExtension>
</extensions>
</trkpt>
<trkpt lat="36.7839997" lon="126.9994128">
<ele>-2.825</ele>
<time>2024-06-03T13:22:10Z</time>
<extensions>
<gpxtpx:TrackPointExtension>
<gpxtpx:hr>92</gpxtpx:hr>
</gpxtpx:TrackPointExtension>
</extensions>
</trkpt>
<trkpt lat="36.783997" lon="126.9994244">
<ele>-2.902</ele>
<time>2024-06-03T13:22:11Z</time>
<extensions>
<gpxtpx:TrackPointExtension>
<gpxtpx:hr>92</gpxtpx:hr>
<gpxtpx:cad>105</gpxtpx:cad>
</gpxtpx:TrackPointExtension>
</extensions>
</trkpt>
<trkpt lat="36.7839933" lon="126.9994362">
<ele>-2.986</ele>
<time>2024-06-03T13:22:12Z</time>
<extensions>
<gpxtpx:TrackPointExtension>
<gpxtpx:hr>92</gpxtpx:hr>
</gpxtpx:TrackPointExtension>
</extensions>
</trkpt>
<trkpt lat="36.7839891" lon="126.9994484">
<ele>-2.919</ele>
<time>2024-06-03T13:22:13Z</time>
<extensions>
<gpxtpx:TrackPointExtension>
<gpxtpx:hr>92</gpxtpx:hr>
</gpxtpx:TrackPointExtension>
</extensions>
</trkpt>
<trkpt lat="36.7839851" lon="126.9994614">
<ele>-2.833</ele>
<time>2024-06-03T13:22:14Z</time>
<extensions>
<gpxtpx:TrackPointExtension>
<gpxtpx:hr>92</gpxtpx:hr>
</gpxtpx:TrackPointExtension>
</extensions>
</trkpt>
<trkpt lat="36.7839815" lon="126.9994734">
<ele>-2.887</ele>
<time>2024-06-03T13:22:15Z</time>
<extensions>
<gpxtpx:TrackPointExtension>
<gpxtpx:hr>93</gpxtpx:hr>
</gpxtpx:TrackPointExtension>
</extensions>
</trkpt>
<trkpt lat="36.7839789" lon="126.9994871">
<ele>-2.919</ele>
<time>2024-06-03T13:22:16Z</time>
<extensions>
<gpxtpx:TrackPointExtension>
<gpxtpx:hr>93</gpxtpx:hr>
</gpxtpx:TrackPointExtension>
</extensions>
</trkpt>
<trkpt lat="36.7839762" lon="126.9995011">
<ele>-2.935</ele>
<time>2024-06-03T13:22:17Z</time>
<extensions>
<gpxtpx:TrackPointExtension>
<gpxtpx:hr>93</gpxtpx:hr>
</gpxtpx:TrackPointExtension>
</extensions>
</trkpt>
<trkpt lat="36.7839728" lon="126.9995148">
<ele>-2.954</ele>
<time>2024-06-03T13:22:18Z</time>
<extensions>
<gpxtpx:TrackPointExtension>
<gpxtpx:hr>93</gpxtpx:hr>
</gpxtpx:TrackPointExtension>
</extensions>
</trkpt>
<trkpt lat="36.7839699" lon="126.9995287">
<ele>-3.193</ele>
<time>2024-06-03T13:22:19Z</time>
<extensions>
<gpxtpx:TrackPointExtension>
<gpxtpx:hr>93</gpxtpx:hr>
</gpxtpx:TrackPointExtension>
</extensions>
</trkpt>
<trkpt lat="36.7839686" lon="126.9995427">
<ele>-3.365</ele>
<time>2024-06-03T13:22:20Z</time>
<extensions>
<gpxtpx:TrackPointExtension>
<gpxtpx:hr>93</gpxtpx:hr>
</gpxtpx:TrackPointExtension>
</extensions>
</trkpt>
<trkpt lat="36.7839681" lon="126.999559">
<ele>-3.469</ele>
<time>2024-06-03T13:22:21Z</time>
<extensions>
<gpxtpx:TrackPointExtension>
<gpxtpx:hr>93</gpxtpx:hr>
<gpxtpx:cad>105</gpxtpx:cad>
</gpxtpx:TrackPointExtension>
</extensions>
</trkpt>
<trkpt lat="36.7839683" lon="126.9995756">
<ele>-3.355</ele>
<time>2024-06-03T13:22:22Z</time>
<extensions>
<gpxtpx:TrackPointExtension>
<gpxtpx:hr>93</gpxtpx:hr>
</gpxtpx:TrackPointExtension>
</extensions>
</trkpt>
<trkpt lat="36.7839684" lon="126.9995918">
<ele>-3.401</ele>
<time>2024-06-03T13:22:23Z</time>
<extensions>
<gpxtpx:TrackPointExtension>
<gpxtpx:hr>93</gpxtpx:hr>
</gpxtpx:TrackPointExtension>
</extensions>
</trkpt>
<trkpt lat="36.7839688" lon="126.999608">
<ele>-3.396</ele>
<time>2024-06-03T13:22:24Z</time>
<extensions>
<gpxtpx:TrackPointExtension>
<gpxtpx:hr>93</gpxtpx:hr>
</gpxtpx:TrackPointExtension>
</extensions>
</trkpt>
<trkpt lat="36.7839686" lon="126.9996231">
<ele>-3.465</ele>
<time>2024-06-03T13:22:25Z</time>
<extensions>
<gpxtpx:TrackPointExtension>
<gpxtpx:hr>93</gpxtpx:hr>
</gpxtpx:TrackPointExtension>
</extensions>
</trkpt>
<trkpt lat="36.7839668" lon="126.9996393">
<ele>-3.518</ele>
<time>2024-06-03T13:22:26Z</time>
<extensions>
<gpxtpx:TrackPointExtension>
<gpxtpx:hr>94</gpxtpx:hr>
</gpxtpx:TrackPointExtension>
</extensions>
</trkpt>
<trkpt lat="36.7839641" lon="126.9996548">
<ele>-3.538</ele>
<time>2024-06-03T13:22:27Z</time>
<extensions>
<gpxtpx:TrackPointExtension>
<gpxtpx:hr>94</gpxtpx:hr>
</gpxtpx:TrackPointExtension>
</extensions>
</trkpt>
<trkpt lat="36.7839609" lon="126.99967">
<ele>-3.625</ele>
<time>2024-06-03T13:22:28Z</time>
<extensions>
<gpxtpx:TrackPointExtension>
<gpxtpx:hr>94</gpxtpx:hr>
</gpxtpx:TrackPointExtension>
</extensions>
</trkpt>
<trkpt lat="36.7839573" lon="126.999685">
<ele>-3.637</ele>
<time>2024-06-03T13:22:29Z</time>
<extensions>
<gpxtpx:TrackPointExtension>
<gpxtpx:hr>95</gpxtpx:hr>
</gpxtpx:TrackPointExtension>
</extensions>
</trkpt>
<trkpt lat="36.7839532" lon="126.999699">
<ele>-3.607</ele>
<time>2024-06-03T13:22:30Z</time>
<extensions>
<gpxtpx:TrackPointExtension>
<gpxtpx:hr>95</gpxtpx:hr>
</gpxtpx:TrackPointExtension>
</extensions>
</trkpt>
<trkpt lat="36.7839498" lon="126.9997126">
<ele>-3.58</ele>
<time>2024-06-03T13:22:31Z</time>
<extensions>
<gpxtpx:TrackPointExtension>
<gpxtpx:hr>95</gpxtpx:hr>
<gpxtpx:cad>107</gpxtpx:cad>
</gpxtpx:TrackPointExtension>
</extensions>
</trkpt>
<trkpt lat="36.7839458" lon="126.9997267">
<ele>-3.514</ele>
<time>2024-06-03T13:22:32Z</time>
<extensions>
<gpxtpx:TrackPointExtension>
<gpxtpx:hr>96</gpxtpx:hr>
</gpxtpx:TrackPointExtension>
</extensions>
</trkpt>
<trkpt lat="36.7839406" lon="126.9997403">
<ele>-3.651</ele>
<time>2024-06-03T13:22:33Z</time>
<extensions>
<gpxtpx:TrackPointExtension>
<gpxtpx:hr>96</gpxtpx:hr>
</gpxtpx:TrackPointExtension>
</extensions>
</trkpt>
<trkpt lat="36.783935" lon="126.9997522">
<ele>-3.643</ele>
<time>2024-06-03T13:22:34Z</time>
<extensions>
<gpxtpx:TrackPointExtension>
<gpxtpx:hr>96</gpxtpx:hr>
</gpxtpx:TrackPointExtension>
</extensions>
</trkpt>
<trkpt lat="36.7839296" lon="126.9997654">
<ele>-3.725</ele>
<time>2024-06-03T13:22:35Z</time>
<extensions>
<gpxtpx:TrackPointExtension>
<gpxtpx:hr>96</gpxtpx:hr>
</gpxtpx:TrackPointExtension>
</extensions>
</trkpt>
<trkpt lat="36.7839231" lon="126.9997781">
<ele>-3.769</ele>
<time>2024-06-03T13:22:36Z</time>
<extensions>
<gpxtpx:TrackPointExtension>
<gpxtpx:hr>96</gpxtpx:hr>
</gpxtpx:TrackPointExtension>
</extensions>
</trkpt>
<trkpt lat="36.7839167" lon="126.999791">
<ele>-3.712</ele>
<time>2024-06-03T13:22:37Z</time>
<extensions>
<gpxtpx:TrackPointExtension>
<gpxtpx:hr>96</gpxtpx:hr>
</gpxtpx:TrackPointExtension>
</extensions>
</trkpt>
<trkpt lat="36.7839104" lon="126.9998047">
<ele>-3.746</ele>
<time>2024-06-03T13:22:38Z</time>
<extensions>
<gpxtpx:TrackPointExtension>
<gpxtpx:hr>96</gpxtpx:hr>
</gpxtpx:TrackPointExtension>
</extensions>
</trkpt>
<trkpt lat="36.7839055" lon="126.9998191">
<ele>-3.769</ele>
<time>2024-06-03T13:22:39Z</time>
<extensions>
<gpxtpx:TrackPointExtension>
<gpxtpx:hr>96</gpxtpx:hr>
</gpxtpx:TrackPointExtension>
</extensions>
</trkpt>
<trkpt lat="36.7839014" lon="126.999833">
<ele>-3.738</ele>
<time>2024-06-03T13:22:40Z</time>
<extensions>
<gpxtpx:TrackPointExtension>
<gpxtpx:hr>96</gpxtpx:hr>
</gpxtpx:TrackPointExtension>
</extensions>
</trkpt>
<trkpt lat="36.7838982" lon="126.9998474">
<ele>-3.798</ele>
<time>2024-06-03T13:22:41Z</time>
<extensions>
<gpxtpx:TrackPointExtension>
<gpxtpx:hr>95</gpxtpx:hr>
<gpxtpx:cad>109</gpxtpx:cad>
</gpxtpx:TrackPointExtension>
</extensions>
</trkpt>
<trkpt lat="36.7838959" lon="126.9998633">
<ele>-3.812</ele>
<time>2024-06-03T13:22:42Z</time>
<extensions>
<gpxtpx:TrackPointExtension>
<gpxtpx:hr>96</gpxtpx:hr>
</gpxtpx:TrackPointExtension>
</extensions>
</trkpt>
<trkpt lat="36.7838941" lon="126.9998804">
<ele>-3.792</ele>
<time>2024-06-03T13:22:43Z</time>
<extensions>
<gpxtpx:TrackPointExtension>
<gpxtpx:hr>95</gpxtpx:hr>
<gpxtpx:cad>109</gpxtpx:cad>
</gpxtpx:TrackPointExtension>
</extensions>
</trkpt>
<trkpt lat="36.7838925" lon="126.999898">
<ele>-3.748</ele>
<time>2024-06-03T13:22:44Z</time>
<extensions>
<gpxtpx:TrackPointExtension>
<gpxtpx:hr>95</gpxtpx:hr>
</gpxtpx:TrackPointExtension>
</extensions>
</trkpt>
<trkpt lat="36.7838907" lon="126.9999158">
<ele>-3.769</ele>
<time>2024-06-03T13:22:45Z</time>
<extensions>
<gpxtpx:TrackPointExtension>
<gpxtpx:hr>95</gpxtpx:hr>
</gpxtpx:TrackPointExtension>
</extensions>
</trkpt>
<trkpt lat="36.7838888" lon="126.9999324">
<ele>-3.751</ele>
<time>2024-06-03T13:22:46Z</time>
<extensions>
<gpxtpx:TrackPointExtension>
<gpxtpx:hr>95</gpxtpx:hr>
</gpxtpx:TrackPointExtension>
</extensions>
</trkpt>
<trkpt lat="36.7838865" lon="126.9999483">
<ele>-3.764</ele>
<time>2024-06-03T13:22:47Z</time>
<extensions>
<gpxtpx:TrackPointExtension>
<gpxtpx:hr>95</gpxtpx:hr>
</gpxtpx:TrackPointExtension>
</extensions>
</trkpt>
<trkpt lat="36.7838848" lon="126.9999625">
<ele>-3.823</ele>
<time>2024-06-03T13:22:48Z</time>
<extensions>
<gpxtpx:TrackPointExtension>
<gpxtpx:hr>95</gpxtpx:hr>
</gpxtpx:TrackPointExtension>
</extensions>
</trkpt>
<trkpt lat="36.7838816" lon="126.9999769">
<ele>-3.809</ele>
<time>2024-06-03T13:22:49Z</time>
<extensions>
<gpxtpx:TrackPointExtension>
<gpxtpx:hr>95</gpxtpx:hr>
</gpxtpx:TrackPointExtension>
</extensions>
</trkpt>
<trkpt lat="36.7838777" lon="126.9999906">
<ele>-3.87</ele>
<time>2024-06-03T13:22:50Z</time>
<extensions>
<gpxtpx:TrackPointExtension>
<gpxtpx:hr>95</gpxtpx:hr>
</gpxtpx:TrackPointExtension>
</extensions>
</trkpt>
<trkpt lat="36.7838734" lon="127.0000043">
<ele>-3.852</ele>
<time>2024-06-03T13:22:51Z</time>
<extensions>
<gpxtpx:TrackPointExtension>
<gpxtpx:hr>95</gpxtpx:hr>
<gpxtpx:cad>109</gpxtpx:cad>
</gpxtpx:TrackPointExtension>
</extensions>
</trkpt>
<trkpt lat="36.7838679" lon="127.000019">
<ele>-3.847</ele>
<time>2024-06-03T13:22:52Z</time>
<extensions>
<gpxtpx:TrackPointExtension>
<gpxtpx:hr>95</gpxtpx:hr>
</gpxtpx:TrackPointExtension>
</extensions>
</trkpt>
<trkpt lat="36.7838627" lon="127.0000333">
<ele>-3.829</ele>
<time>2024-06-03T13:22:53Z</time>
<extensions>
<gpxtpx:TrackPointExtension>
<gpxtpx:hr>95</gpxtpx:hr>
</gpxtpx:TrackPointExtension>
</extensions>
</trkpt>
<trkpt lat="36.7838573" lon="127.0000469">
<ele>-3.819</ele>
<time>2024-06-03T13:22:54Z</time>
<extensions>
<gpxtpx:TrackPointExtension>
<gpxtpx:hr>95</gpxtpx:hr>
</gpxtpx:TrackPointExtension>
</extensions>
</trkpt>
<trkpt lat="36.7838524" lon="127.0000604">
<ele>-3.756</ele>
<time>2024-06-03T13:22:55Z</time>
<extensions>
<gpxtpx:TrackPointExtension>
<gpxtpx:hr>95</gpxtpx:hr>
</gpxtpx:TrackPointExtension>
</extensions>
</trkpt>
<trkpt lat="36.7838488" lon="127.000075">
<ele>-3.78</ele>
<time>2024-06-03T13:22:56Z</time>
<extensions>
<gpxtpx:TrackPointExtension>
<gpxtpx:hr>95</gpxtpx:hr>
</gpxtpx:TrackPointExtension>
</extensions>
</trkpt>
<trkpt lat="36.7838464" lon="127.0000924">
<ele>-3.522</ele>
<time>2024-06-03T13:22:57Z</time>
<extensions>
<gpxtpx:TrackPointExtension>
<gpxtpx:hr>95</gpxtpx:hr>
</gpxtpx:TrackPointExtension>
</extensions>
</trkpt>
<trkpt lat="36.7838443" lon="127.0001101">
<ele>-3.463</ele>
<time>2024-06-03T13:22:58Z</time>
<extensions>
<gpxtpx:TrackPointExtension>
<gpxtpx:hr>95</gpxtpx:hr>
</gpxtpx:TrackPointExtension>
</extensions>
</trkpt>
<trkpt lat="36.7838421" lon="127.0001273">
<ele>-3.442</ele>
<time>2024-06-03T13:23:00Z</time>
<extensions>
<gpxtpx:TrackPointExtension>
<gpxtpx:hr>95</gpxtpx:hr>
</gpxtpx:TrackPointExtension>
</extensions>
</trkpt>
<trkpt lat="36.7838384" lon="127.0001428">
<ele>-3.655</ele>
<time>2024-06-03T13:23:01Z</time>
<extensions>
<gpxtpx:TrackPointExtension>
<gpxtpx:hr>96</gpxtpx:hr>
<gpxtpx:cad>109</gpxtpx:cad>
</gpxtpx:TrackPointExtension>
</extensions>
</trkpt>
<trkpt lat="36.7838347" lon="127.0001577">
<ele>-3.746</ele>
<time>2024-06-03T13:23:02Z</time>
<extensions>
<gpxtpx:TrackPointExtension>
<gpxtpx:hr>96</gpxtpx:hr>
</gpxtpx:TrackPointExtension>
</extensions>
</trkpt>
<trkpt lat="36.783831" lon="127.000172">
<ele>-3.844</ele>
<time>2024-06-03T13:23:03Z</time>
<extensions>
<gpxtpx:TrackPointExtension>
<gpxtpx:hr>96</gpxtpx:hr>
</gpxtpx:TrackPointExtension>
</extensions>
</trkpt>
<trkpt lat="36.7838275" lon="127.0001854">
<ele>-3.802</ele>
<time>2024-06-03T13:23:04Z</time>
<extensions>
<gpxtpx:TrackPointExtension>
<gpxtpx:hr>96</gpxtpx:hr>
</gpxtpx:TrackPointExtension>
</extensions>
</trkpt>
<trkpt lat="36.7838241" lon="127.0001983">
<ele>-3.782</ele>
<time>2024-06-03T13:23:05Z</time>
<extensions>
<gpxtpx:TrackPointExtension>
<gpxtpx:hr>97</gpxtpx:hr>
</gpxtpx:TrackPointExtension>
</extensions>
</trkpt>
<trkpt lat="36.783821" lon="127.0002114">
<ele>-3.805</ele>
<time>2024-06-03T13:23:06Z</time>
<extensions>
<gpxtpx:TrackPointExtension>
<gpxtpx:hr>97</gpxtpx:hr>
</gpxtpx:TrackPointExtension>
</extensions>
</trkpt>
<trkpt lat="36.7838174" lon="127.000225">
<ele>-3.838</ele>
<time>2024-06-03T13:23:07Z</time>
<extensions>
<gpxtpx:TrackPointExtension>
<gpxtpx:hr>96</gpxtpx:hr>
</gpxtpx:TrackPointExtension>
</extensions>
</trkpt>
<trkpt lat="36.7838148" lon="127.0002401">
<ele>-3.826</ele>
<time>2024-06-03T13:23:08Z</time>
<extensions>
<gpxtpx:TrackPointExtension>
<gpxtpx:hr>96</gpxtpx:hr>
</gpxtpx:TrackPointExtension>
</extensions>
</trkpt>
<trkpt lat="36.7838108" lon="127.000255">
<ele>-3.818</ele>
<time>2024-06-03T13:23:09Z</time>
<extensions>
<gpxtpx:TrackPointExtension>
<gpxtpx:hr>97</gpxtpx:hr>
</gpxtpx:TrackPointExtension>
</extensions>
</trkpt>
<trkpt lat="36.7838074" lon="127.0002695">
<ele>-3.85</ele>
<time>2024-06-03T13:23:10Z</time>
<extensions>
<gpxtpx:TrackPointExtension>
<gpxtpx:hr>97</gpxtpx:hr>
</gpxtpx:TrackPointExtension>
</extensions>
</trkpt>
<trkpt lat="36.7838044" lon="127.0002819">
<ele>-3.806</ele>
<time>2024-06-03T13:23:11Z</time>
<extensions>
<gpxtpx:TrackPointExtension>
<gpxtpx:hr>97</gpxtpx:hr>
<gpxtpx:cad>109</gpxtpx:cad>
</gpxtpx:TrackPointExtension>
</extensions>
</trkpt>
<trkpt lat="36.7838008" lon="127.0002935">
<ele>-3.757</ele>
<time>2024-06-03T13:23:12Z</time>
<extensions>
<gpxtpx:TrackPointExtension>
<gpxtpx:hr>97</gpxtpx:hr>
</gpxtpx:TrackPointExtension>
</extensions>
</trkpt>
<trkpt lat="36.7837968" lon="127.0003056">
<ele>-3.773</ele>
<time>2024-06-03T13:23:13Z</time>
<extensions>
<gpxtpx:TrackPointExtension>
<gpxtpx:hr>97</gpxtpx:hr>
</gpxtpx:TrackPointExtension>
</extensions>
</trkpt>
<trkpt lat="36.7837922" lon="127.0003183">
<ele>-3.729</ele>
<time>2024-06-03T13:23:14Z</time>
<extensions>
<gpxtpx:TrackPointExtension>
<gpxtpx:hr>97</gpxtpx:hr>
</gpxtpx:TrackPointExtension>
</extensions>
</trkpt>
<trkpt lat="36.783787" lon="127.0003315">
<ele>-3.645</ele>
<time>2024-06-03T13:23:15Z</time>
<extensions>
<gpxtpx:TrackPointExtension>
<gpxtpx:hr>97</gpxtpx:hr>
</gpxtpx:TrackPointExtension>
</extensions>
</trkpt>
<trkpt lat="36.7837816" lon="127.0003456">
<ele>-3.684</ele>
<time>2024-06-03T13:23:16Z</time>
<extensions>
<gpxtpx:TrackPointExtension>
<gpxtpx:hr>96</gpxtpx:hr>
</gpxtpx:TrackPointExtension>
</extensions>
</trkpt>
<trkpt lat="36.7837754" lon="127.0003601">
<ele>-3.67</ele>
<time>2024-06-03T13:23:17Z</time>
<extensions>
<gpxtpx:TrackPointExtension>
<gpxtpx:hr>96</gpxtpx:hr>
</gpxtpx:TrackPointExtension>
</extensions>
</trkpt>
<trkpt lat="36.783769" lon="127.000374">
<ele>-3.713</ele>
<time>2024-06-03T13:23:18Z</time>
<extensions>
<gpxtpx:TrackPointExtension>
<gpxtpx:hr>96</gpxtpx:hr>
</gpxtpx:TrackPointExtension>
</extensions>
</trkpt>
<trkpt lat="36.7837626" lon="127.0003882">
<ele>-3.721</ele>
<time>2024-06-03T13:23:19Z</time>
<extensions>
<gpxtpx:TrackPointExtension>
<gpxtpx:hr>96</gpxtpx:hr>
</gpxtpx:TrackPointExtension>
</extensions>
</trkpt>
<trkpt lat="36.7837592" lon="127.0004031">
<ele>-3.718</ele>
<time>2024-06-03T13:23:20Z</time>
<extensions>
<gpxtpx:TrackPointExtension>
<gpxtpx:hr>97</gpxtpx:hr>
</gpxtpx:TrackPointExtension>
</extensions>
</trkpt>
<trkpt lat="36.7837564" lon="127.0004185">
<ele>-3.681</ele>
<time>2024-06-03T13:23:21Z</time>
<extensions>
<gpxtpx:TrackPointExtension>
<gpxtpx:hr>97</gpxtpx:hr>
<gpxtpx:cad>108</gpxtpx:cad>
</gpxtpx:TrackPointExtension>
</extensions>
</trkpt>
<trkpt lat="36.7837535" lon="127.0004341">
<ele>-3.689</ele>
<time>2024-06-03T13:23:22Z</time>
<extensions>
<gpxtpx:TrackPointExtension>
<gpxtpx:hr>97</gpxtpx:hr>
</gpxtpx:TrackPointExtension>
</extensions>
</trkpt>
<trkpt lat="36.7837514" lon="127.000451">
<ele>-3.714</ele>
<time>2024-06-03T13:23:23Z</time>
<extensions>
<gpxtpx:TrackPointExtension>
<gpxtpx:hr>97</gpxtpx:hr>
</gpxtpx:TrackPointExtension>
</extensions>
</trkpt>
<trkpt lat="36.7837461" lon="127.0004841">
<ele>-3.716</ele>
<time>2024-06-03T13:23:24Z</time>
<extensions>
<gpxtpx:TrackPointExtension>
<gpxtpx:hr>97</gpxtpx:hr>
</gpxtpx:TrackPointExtension>
</extensions>
</trkpt>
<trkpt lat="36.7837438" lon="127.0005009">
<ele>-3.685</ele>
<time>2024-06-03T13:23:25Z</time>
<extensions>
<gpxtpx:TrackPointExtension>
<gpxtpx:hr>97</gpxtpx:hr>
</gpxtpx:TrackPointExtension>
</extensions>
</trkpt>
<trkpt lat="36.7837412" lon="127.0005186">
<ele>-3.706</ele>
<time>2024-06-03T13:23:26Z</time>
<extensions>
<gpxtpx:TrackPointExtension>
<gpxtpx:hr>98</gpxtpx:hr>
</gpxtpx:TrackPointExtension>
</extensions>
</trkpt>
<trkpt lat="36.7837392" lon="127.000535">
<ele>-3.682</ele>
<time>2024-06-03T13:23:27Z</time>
<extensions>
<gpxtpx:TrackPointExtension>
<gpxtpx:hr>98</gpxtpx:hr>
</gpxtpx:TrackPointExtension>
</extensions>
</trkpt>
<trkpt lat="36.7837371" lon="127.0005494">
<ele>-3.671</ele>
<time>2024-06-03T13:23:28Z</time>
<extensions>
<gpxtpx:TrackPointExtension>
<gpxtpx:hr>98</gpxtpx:hr>
</gpxtpx:TrackPointExtension>
</extensions>
</trkpt>
<trkpt lat="36.7837342" lon="127.0005643">
<ele>-3.691</ele>
<time>2024-06-03T13:23:29Z</time>
<extensions>
<gpxtpx:TrackPointExtension>
<gpxtpx:hr>98</gpxtpx:hr>
</gpxtpx:TrackPointExtension>
</extensions>
</trkpt>
<trkpt lat="36.783732" lon="127.0005794">
<ele>-3.724</ele>
<time>2024-06-03T13:23:30Z</time>
<extensions>
<gpxtpx:TrackPointExtension>
<gpxtpx:hr>98</gpxtpx:hr>
</gpxtpx:TrackPointExtension>
</extensions>
</trkpt>
<trkpt lat="36.7837306" lon="127.0005947">
<ele>-3.815</ele>
<time>2024-06-03T13:23:31Z</time>
<extensions>
<gpxtpx:TrackPointExtension>
<gpxtpx:hr>99</gpxtpx:hr>
<gpxtpx:cad>109</gpxtpx:cad>
</gpxtpx:TrackPointExtension>
</extensions>
</trkpt>
<trkpt lat="36.7837299" lon="127.00061">
<ele>-3.798</ele>
<time>2024-06-03T13:23:32Z</time>
<extensions>
<gpxtpx:TrackPointExtension>
<gpxtpx:hr>99</gpxtpx:hr>
</gpxtpx:TrackPointExtension>
</extensions>
</trkpt>
<trkpt lat="36.78373" lon="127.0006264">
<ele>-3.798</ele>
<time>2024-06-03T13:23:33Z</time>
<extensions>
<gpxtpx:TrackPointExtension>
<gpxtpx:hr>99</gpxtpx:hr>
</gpxtpx:TrackPointExtension>
</extensions>
</trkpt>
<trkpt lat="36.7837296" lon="127.0006443">
<ele>-3.78</ele>
<time>2024-06-03T13:23:34Z</time>
<extensions>
<gpxtpx:TrackPointExtension>
<gpxtpx:hr>99</gpxtpx:hr>
</gpxtpx:TrackPointExtension>
</extensions>
</trkpt>
<trkpt lat="36.7837285" lon="127.0006626">
<ele>-3.766</ele>
<time>2024-06-03T13:23:35Z</time>
<extensions>
<gpxtpx:TrackPointExtension>
<gpxtpx:hr>100</gpxtpx:hr>
</gpxtpx:TrackPointExtension>
</extensions>
</trkpt>
<trkpt lat="36.7837264" lon="127.0006813">
<ele>-3.765</ele>
<time>2024-06-03T13:23:36Z</time>
<extensions>
<gpxtpx:TrackPointExtension>
<gpxtpx:hr>100</gpxtpx:hr>
</gpxtpx:TrackPointExtension>
</extensions>
</trkpt>
<trkpt lat="36.7837242" lon="127.0007003">
<ele>-3.766</ele>
<time>2024-06-03T13:23:37Z</time>
<extensions>
<gpxtpx:TrackPointExtension>
<gpxtpx:hr>100</gpxtpx:hr>
</gpxtpx:TrackPointExtension>
</extensions>
</trkpt>
<trkpt lat="36.7837209" lon="127.0007197">
<ele>-3.805</ele>
<time>2024-06-03T13:23:38Z</time>
<extensions>
<gpxtpx:TrackPointExtension>
<gpxtpx:hr>100</gpxtpx:hr>
</gpxtpx:TrackPointExtension>
</extensions>
</trkpt>
<trkpt lat="36.7837172" lon="127.0007392">
<ele>-3.813</ele>
<time>2024-06-03T13:23:39Z</time>
<extensions>
<gpxtpx:TrackPointExtension>
<gpxtpx:hr>101</gpxtpx:hr>
</gpxtpx:TrackPointExtension>
</extensions>
</trkpt>
<trkpt lat="36.7837125" lon="127.0007575">
<ele>-3.829</ele>
<time>2024-06-03T13:23:40Z</time>
<extensions>
<gpxtpx:TrackPointExtension>
<gpxtpx:hr>101</gpxtpx:hr>
</gpxtpx:TrackPointExtension>
</extensions>
</trkpt>
<trkpt lat="36.7837081" lon="127.0007757">
<ele>-3.829</ele>
<time>2024-06-03T13:23:41Z</time>
<extensions>
<gpxtpx:TrackPointExtension>
<gpxtpx:hr>101</gpxtpx:hr>
<gpxtpx:cad>110</gpxtpx:cad>
</gpxtpx:TrackPointExtension>
</extensions>
</trkpt>
<trkpt lat="36.783703" lon="127.0007935">
<ele>-3.852</ele>
<time>2024-06-03T13:23:42Z</time>
<extensions>
<gpxtpx:TrackPointExtension>
<gpxtpx:hr>101</gpxtpx:hr>
</gpxtpx:TrackPointExtension>
</extensions>
</trkpt>
<trkpt lat="36.7836982" lon="127.0008112">
<ele>-3.879</ele>
<time>2024-06-03T13:23:43Z</time>
<extensions>
<gpxtpx:TrackPointExtension>
<gpxtpx:hr>100</gpxtpx:hr>
</gpxtpx:TrackPointExtension>
</extensions>
</trkpt>
<trkpt lat="36.7836936" lon="127.0008289">
<ele>-3.85</ele>
<time>2024-06-03T13:23:44Z</time>
<extensions>
<gpxtpx:TrackPointExtension>
<gpxtpx:hr>100</gpxtpx:hr>
</gpxtpx:TrackPointExtension>
</extensions>
</trkpt>
<trkpt lat="36.7836882" lon="127.0008473">
<ele>-3.818</ele>
<time>2024-06-03T13:23:45Z</time>
<extensions>
<gpxtpx:TrackPointExtension>
<gpxtpx:hr>100</gpxtpx:hr>
</gpxtpx:TrackPointExtension>
</extensions>
</trkpt>
<trkpt lat="36.7836834" lon="127.0008647">
<ele>-3.776</ele>
<time>2024-06-03T13:23:46Z</time>
<extensions>
<gpxtpx:TrackPointExtension>
<gpxtpx:hr>100</gpxtpx:hr>
</gpxtpx:TrackPointExtension>
</extensions>
</trkpt>
<trkpt lat="36.7836787" lon="127.0008805">
<ele>-3.72</ele>
<time>2024-06-03T13:23:47Z</time>
<extensions>
<gpxtpx:TrackPointExtension>
<gpxtpx:hr>100</gpxtpx:hr>
</gpxtpx:TrackPointExtension>
</extensions>
</trkpt>
<trkpt lat="36.783675" lon="127.0008956">
<ele>-3.734</ele>
<time>2024-06-03T13:23:48Z</time>
<extensions>
<gpxtpx:TrackPointExtension>
<gpxtpx:hr>100</gpxtpx:hr>
</gpxtpx:TrackPointExtension>
</extensions>
</trkpt>
<trkpt lat="36.7836725" lon="127.0009101">
<ele>-3.722</ele>
<time>2024-06-03T13:23:49Z</time>
<extensions>
<gpxtpx:TrackPointExtension>
<gpxtpx:hr>100</gpxtpx:hr>
</gpxtpx:TrackPointExtension>
</extensions>
</trkpt>
<trkpt lat="36.7836714" lon="127.0009233">
<ele>-3.801</ele>
<time>2024-06-03T13:23:50Z</time>
<extensions>
<gpxtpx:TrackPointExtension>
<gpxtpx:hr>100</gpxtpx:hr>
</gpxtpx:TrackPointExtension>
</extensions>
</trkpt>
<trkpt lat="36.7836716" lon="127.0009361">
<ele>-3.793</ele>
<time>2024-06-03T13:23:51Z</time>
<extensions>
<gpxtpx:TrackPointExtension>
<gpxtpx:hr>100</gpxtpx:hr>
<gpxtpx:cad>110</gpxtpx:cad>
</gpxtpx:TrackPointExtension>
</extensions>
</trkpt>
<trkpt lat="36.7836716" lon="127.0009488">
<ele>-3.814</ele>
<time>2024-06-03T13:23:52Z</time>
<extensions>
<gpxtpx:TrackPointExtension>
<gpxtpx:hr>100</gpxtpx:hr>
<gpxtpx:cad>110</gpxtpx:cad>
</gpxtpx:TrackPointExtension>
</extensions>
</trkpt>
<trkpt lat="36.7836723" lon="127.0009615">
<ele>-3.864</ele>
<time>2024-06-03T13:23:53Z</time>
<extensions>
<gpxtpx:TrackPointExtension>
<gpxtpx:hr>100</gpxtpx:hr>
</gpxtpx:TrackPointExtension>
</extensions>
</trkpt>
<trkpt lat="36.7836742" lon="127.0009752">
<ele>-3.954</ele>
<time>2024-06-03T13:23:54Z</time>
<extensions>
<gpxtpx:TrackPointExtension>
<gpxtpx:hr>100</gpxtpx:hr>
</gpxtpx:TrackPointExtension>
</extensions>
</trkpt>
<trkpt lat="36.783675" lon="127.0009897">
<ele>-3.943</ele>
<time>2024-06-03T13:23:55Z</time>
<extensions>
<gpxtpx:TrackPointExtension>
<gpxtpx:hr>100</gpxtpx:hr>
</gpxtpx:TrackPointExtension>
</extensions>
</trkpt>
<trkpt lat="36.7836742" lon="127.0010056">
<ele>-3.908</ele>
<time>2024-06-03T13:23:56Z</time>
<extensions>
<gpxtpx:TrackPointExtension>
<gpxtpx:hr>100</gpxtpx:hr>
</gpxtpx:TrackPointExtension>
</extensions>
</trkpt>
<trkpt lat="36.783672" lon="127.0010208">
<ele>-3.901</ele>
<time>2024-06-03T13:23:57Z</time>
<extensions>
<gpxtpx:TrackPointExtension>
<gpxtpx:hr>100</gpxtpx:hr>
</gpxtpx:TrackPointExtension>
</extensions>
</trkpt>
<trkpt lat="36.7836707" lon="127.0010368">
<ele>-3.925</ele>
<time>2024-06-03T13:23:58Z</time>
<extensions>
<gpxtpx:TrackPointExtension>
<gpxtpx:hr>100</gpxtpx:hr>
</gpxtpx:TrackPointExtension>
</extensions>
</trkpt>
<trkpt lat="36.783669" lon="127.0010539">
<ele>-3.863</ele>
<time>2024-06-03T13:23:59Z</time>
<extensions>
<gpxtpx:TrackPointExtension>
<gpxtpx:hr>100</gpxtpx:hr>
</gpxtpx:TrackPointExtension>
</extensions>
</trkpt>
<trkpt lat="36.7836677" lon="127.0010708">
<ele>-3.838</ele>
<time>2024-06-03T13:24:00Z</time>
<extensions>
<gpxtpx:TrackPointExtension>
<gpxtpx:hr>100</gpxtpx:hr>
</gpxtpx:TrackPointExtension>
</extensions>
</trkpt>
<trkpt lat="36.7836661" lon="127.0010872">
<ele>-3.795</ele>
<time>2024-06-03T13:24:01Z</time>
<extensions>
<gpxtpx:TrackPointExtension>
<gpxtpx:hr>100</gpxtpx:hr>
<gpxtpx:cad>109</gpxtpx:cad>
</gpxtpx:TrackPointExtension>
</extensions>
</trkpt>
<trkpt lat="36.7836651" lon="127.0011033">
<ele>-3.751</ele>
<time>2024-06-03T13:24:02Z</time>
<extensions>
<gpxtpx:TrackPointExtension>
<gpxtpx:hr>100</gpxtpx:hr>
</gpxtpx:TrackPointExtension>
</extensions>
</trkpt>
<trkpt lat="36.783664" lon="127.0011184">
<ele>-3.78</ele>
<time>2024-06-03T13:24:03Z</time>
<extensions>
<gpxtpx:TrackPointExtension>
<gpxtpx:hr>100</gpxtpx:hr>
</gpxtpx:TrackPointExtension>
</extensions>
</trkpt>
<trkpt lat="36.7836618" lon="127.0011338">
<ele>-3.762</ele>
<time>2024-06-03T13:24:04Z</time>
<extensions>
<gpxtpx:TrackPointExtension>
<gpxtpx:hr>100</gpxtpx:hr>
</gpxtpx:TrackPointExtension>
</extensions>
</trkpt>
<trkpt lat="36.7836599" lon="127.0011476">
<ele>-3.797</ele>
<time>2024-06-03T13:24:05Z</time>
<extensions>
<gpxtpx:TrackPointExtension>
<gpxtpx:hr>100</gpxtpx:hr>
</gpxtpx:TrackPointExtension>
</extensions>
</trkpt>
<trkpt lat="36.7836582" lon="127.0011612">
<ele>-3.87</ele>
<time>2024-06-03T13:24:06Z</time>
<extensions>
<gpxtpx:TrackPointExtension>
<gpxtpx:hr>100</gpxtpx:hr>
</gpxtpx:TrackPointExtension>
</extensions>
</trkpt>
<trkpt lat="36.7836564" lon="127.001174">
<ele>-3.876</ele>
<time>2024-06-03T13:24:07Z</time>
<extensions>
<gpxtpx:TrackPointExtension>
<gpxtpx:hr>100</gpxtpx:hr>
</gpxtpx:TrackPointExtension>
</extensions>
</trkpt>
<trkpt lat="36.7836542" lon="127.0011872">
<ele>-3.883</ele>
<time>2024-06-03T13:24:08Z</time>
<extensions>
<gpxtpx:TrackPointExtension>
<gpxtpx:hr>100</gpxtpx:hr>
</gpxtpx:TrackPointExtension>
</extensions>
</trkpt>
<trkpt lat="36.7836523" lon="127.0012004">
<ele>-3.809</ele>
<time>2024-06-03T13:24:09Z</time>
<extensions>
<gpxtpx:TrackPointExtension>
<gpxtpx:hr>100</gpxtpx:hr>
</gpxtpx:TrackPointExtension>
</extensions>
</trkpt>
<trkpt lat="36.7836505" lon="127.0012138">
<ele>-4.003</ele>
<time>2024-06-03T13:24:10Z</time>
<extensions>
<gpxtpx:TrackPointExtension>
<gpxtpx:hr>101</gpxtpx:hr>
</gpxtpx:TrackPointExtension>
</extensions>
</trkpt>
<trkpt lat="36.7836491" lon="127.0012286">
<ele>-4.141</ele>
<time>2024-06-03T13:24:11Z</time>
<extensions>
<gpxtpx:TrackPointExtension>
<gpxtpx:hr>101</gpxtpx:hr>
<gpxtpx:cad>108</gpxtpx:cad>
</gpxtpx:TrackPointExtension>
</extensions>
</trkpt>
<trkpt lat="36.7836472" lon="127.001244">
<ele>-3.978</ele>
<time>2024-06-03T13:24:12Z</time>
<extensions>
<gpxtpx:TrackPointExtension>
<gpxtpx:hr>101</gpxtpx:hr>
</gpxtpx:TrackPointExtension>
</extensions>
</trkpt>
<trkpt lat="36.7836459" lon="127.0012599">
<ele>-3.923</ele>
<time>2024-06-03T13:24:13Z</time>
<extensions>
<gpxtpx:TrackPointExtension>
<gpxtpx:hr>101</gpxtpx:hr>
</gpxtpx:TrackPointExtension>
</extensions>
</trkpt>
<trkpt lat="36.7836441" lon="127.0012767">
<ele>-4.118</ele>
<time>2024-06-03T13:24:14Z</time>
<extensions>
<gpxtpx:TrackPointExtension>
<gpxtpx:hr>101</gpxtpx:hr>
</gpxtpx:TrackPointExtension>
</extensions>
</trkpt>
<trkpt lat="36.7836429" lon="127.0012944">
<ele>-4.245</ele>
<time>2024-06-03T13:24:15Z</time>
<extensions>
<gpxtpx:TrackPointExtension>
<gpxtpx:hr>102</gpxtpx:hr>
</gpxtpx:TrackPointExtension>
</extensions>
</trkpt>
<trkpt lat="36.78364" lon="127.0013124">
<ele>-3.894</ele>
<time>2024-06-03T13:24:16Z</time>
<extensions>
<gpxtpx:TrackPointExtension>
<gpxtpx:hr>101</gpxtpx:hr>
</gpxtpx:TrackPointExtension>
</extensions>
</trkpt>
<trkpt lat="36.7836363" lon="127.0013288">
<ele>-3.989</ele>
<time>2024-06-03T13:24:17Z</time>
<extensions>
<gpxtpx:TrackPointExtension>
<gpxtpx:hr>101</gpxtpx:hr>
</gpxtpx:TrackPointExtension>
</extensions>
</trkpt>
<trkpt lat="36.7836324" lon="127.0013454">
<ele>-4.06</ele>
<time>2024-06-03T13:24:18Z</time>
<extensions>
<gpxtpx:TrackPointExtension>
<gpxtpx:hr>102</gpxtpx:hr>
</gpxtpx:TrackPointExtension>
</extensions>
</trkpt>
<trkpt lat="36.7836268" lon="127.0013612">
<ele>-4.019</ele>
<time>2024-06-03T13:24:19Z</time>
<extensions>
<gpxtpx:TrackPointExtension>
<gpxtpx:hr>102</gpxtpx:hr>
</gpxtpx:TrackPointExtension>
</extensions>
</trkpt>
<trkpt lat="36.7836199" lon="127.0013747">
<ele>-4.0</ele>
<time>2024-06-03T13:24:20Z</time>
<extensions>
<gpxtpx:TrackPointExtension>
<gpxtpx:hr>102</gpxtpx:hr>
</gpxtpx:TrackPointExtension>
</extensions>
</trkpt>
<trkpt lat="36.7836099" lon="127.0013872">
<ele>-3.928</ele>
<time>2024-06-03T13:24:21Z</time>
<extensions>
<gpxtpx:TrackPointExtension>
<gpxtpx:hr>103</gpxtpx:hr>
<gpxtpx:cad>108</gpxtpx:cad>
</gpxtpx:TrackPointExtension>
</extensions>
</trkpt>
<trkpt lat="36.783598" lon="127.0013991">
<ele>-3.952</ele>
<time>2024-06-03T13:24:22Z</time>
<extensions>
<gpxtpx:TrackPointExtension>
<gpxtpx:hr>103</gpxtpx:hr>
</gpxtpx:TrackPointExtension>
</extensions>
</trkpt>
<trkpt lat="36.7835855" lon="127.0014102">
<ele>-3.799</ele>
<time>2024-06-03T13:24:23Z</time>
<extensions>
<gpxtpx:TrackPointExtension>
<gpxtpx:hr>104</gpxtpx:hr>
</gpxtpx:TrackPointExtension>
</extensions>
</trkpt>
<trkpt lat="36.7835743" lon="127.0014212">
<ele>-3.79</ele>
<time>2024-06-03T13:24:24Z</time>
<extensions>
<gpxtpx:TrackPointExtension>
<gpxtpx:hr>104</gpxtpx:hr>
</gpxtpx:TrackPointExtension>
</extensions>
</trkpt>
<trkpt lat="36.7835649" lon="127.0014336">
<ele>-3.855</ele>
<time>2024-06-03T13:24:25Z</time>
<extensions>
<gpxtpx:TrackPointExtension>
<gpxtpx:hr>104</gpxtpx:hr>
</gpxtpx:TrackPointExtension>
</extensions>
</trkpt>
<trkpt lat="36.7835575" lon="127.0014479">
<ele>-3.855</ele>
<time>2024-06-03T13:24:26Z</time>
<extensions>
<gpxtpx:TrackPointExtension>
<gpxtpx:hr>104</gpxtpx:hr>
</gpxtpx:TrackPointExtension>
</extensions>
</trkpt>
<trkpt lat="36.7835523" lon="127.0014642">
<ele>-3.921</ele>
<time>2024-06-03T13:24:27Z</time>
<extensions>
<gpxtpx:TrackPointExtension>
<gpxtpx:hr>104</gpxtpx:hr>
</gpxtpx:TrackPointExtension>
</extensions>
</trkpt>
<trkpt lat="36.7835477" lon="127.0014803">
<ele>-3.803</ele>
<time>2024-06-03T13:24:28Z</time>
<extensions>
<gpxtpx:TrackPointExtension>
<gpxtpx:hr>103</gpxtpx:hr>
</gpxtpx:TrackPointExtension>
</extensions>
</trkpt>
<trkpt lat="36.7835428" lon="127.001497">
<ele>-3.751</ele>
<time>2024-06-03T13:24:29Z</time>
<extensions>
<gpxtpx:TrackPointExtension>
<gpxtpx:hr>103</gpxtpx:hr>
</gpxtpx:TrackPointExtension>
</extensions>
</trkpt>
<trkpt lat="36.7835393" lon="127.0015145">
<ele>-3.676</ele>
<time>2024-06-03T13:24:30Z</time>
<extensions>
<gpxtpx:TrackPointExtension>
<gpxtpx:hr>103</gpxtpx:hr>
</gpxtpx:TrackPointExtension>
</extensions>
</trkpt>
<trkpt lat="36.7835355" lon="127.001532">
<ele>-3.6</ele>
<time>2024-06-03T13:24:31Z</time>
<extensions>
<gpxtpx:TrackPointExtension>
<gpxtpx:hr>102</gpxtpx:hr>
<gpxtpx:cad>108</gpxtpx:cad>
</gpxtpx:TrackPointExtension>
</extensions>
</trkpt>
<trkpt lat="36.7835303" lon="127.0015502">
<ele>-3.714</ele>
<time>2024-06-03T13:24:32Z</time>
<extensions>
<gpxtpx:TrackPointExtension>
<gpxtpx:hr>102</gpxtpx:hr>
</gpxtpx:TrackPointExtension>
</extensions>
</trkpt>
<trkpt lat="36.7835249" lon="127.0015678">
<ele>-3.771</ele>
<time>2024-06-03T13:24:33Z</time>
<extensions>
<gpxtpx:TrackPointExtension>
<gpxtpx:hr>102</gpxtpx:hr>
</gpxtpx:TrackPointExtension>
</extensions>
</trkpt>
<trkpt lat="36.7835194" lon="127.001585">
<ele>-3.798</ele>
<time>2024-06-03T13:24:34Z</time>
<extensions>
<gpxtpx:TrackPointExtension>
<gpxtpx:hr>102</gpxtpx:hr>
</gpxtpx:TrackPointExtension>
</extensions>
</trkpt>
<trkpt lat="36.7835127" lon="127.0016036">
<ele>-3.82</ele>
<time>2024-06-03T13:24:35Z</time>
<extensions>
<gpxtpx:TrackPointExtension>
<gpxtpx:hr>102</gpxtpx:hr>
</gpxtpx:TrackPointExtension>
</extensions>
</trkpt>
<trkpt lat="36.7835057" lon="127.001622">
<ele>-3.801</ele>
<time>2024-06-03T13:24:36Z</time>
<extensions>
<gpxtpx:TrackPointExtension>
<gpxtpx:hr>102</gpxtpx:hr>
</gpxtpx:TrackPointExtension>
</extensions>
</trkpt>
<trkpt lat="36.7835002" lon="127.0016393">
<ele>-3.822</ele>
<time>2024-06-03T13:24:37Z</time>
<extensions>
<gpxtpx:TrackPointExtension>
<gpxtpx:hr>102</gpxtpx:hr>
</gpxtpx:TrackPointExtension>
</extensions>
</trkpt>
<trkpt lat="36.7834972" lon="127.0016565">
<ele>-3.838</ele>
<time>2024-06-03T13:24:38Z</time>
<extensions>
<gpxtpx:TrackPointExtension>
<gpxtpx:hr>102</gpxtpx:hr>
</gpxtpx:TrackPointExtension>
</extensions>
</trkpt>
<trkpt lat="36.7834956" lon="127.0016726">
<ele>-3.821</ele>
<time>2024-06-03T13:24:39Z</time>
<extensions>
<gpxtpx:TrackPointExtension>
<gpxtpx:hr>102</gpxtpx:hr>
</gpxtpx:TrackPointExtension>
</extensions>
</trkpt>
<trkpt lat="36.7834957" lon="127.0016869">
<ele>-3.781</ele>
<time>2024-06-03T13:24:40Z</time>
<extensions>
<gpxtpx:TrackPointExtension>
<gpxtpx:hr>102</gpxtpx:hr>
</gpxtpx:TrackPointExtension>
</extensions>
</trkpt>
<trkpt lat="36.7834971" lon="127.0017002">
<ele>-3.784</ele>
<time>2024-06-03T13:24:41Z</time>
<extensions>
<gpxtpx:TrackPointExtension>
<gpxtpx:hr>102</gpxtpx:hr>
<gpxtpx:cad>108</gpxtpx:cad>
</gpxtpx:TrackPointExtension>
</extensions>
</trkpt>
<trkpt lat="36.7834988" lon="127.0017121">
<ele>-3.842</ele>
<time>2024-06-03T13:24:42Z</time>
<extensions>
<gpxtpx:TrackPointExtension>
<gpxtpx:hr>102</gpxtpx:hr>
</gpxtpx:TrackPointExtension>
</extensions>
</trkpt>
<trkpt lat="36.7834996" lon="127.0017238">
<ele>-3.819</ele>
<time>2024-06-03T13:24:43Z</time>
<extensions>
<gpxtpx:TrackPointExtension>
<gpxtpx:hr>102</gpxtpx:hr>
</gpxtpx:TrackPointExtension>
</extensions>
</trkpt>
<trkpt lat="36.7835006" lon="127.0017351">
<ele>-3.824</ele>
<time>2024-06-03T13:24:44Z</time>
<extensions>
<gpxtpx:TrackPointExtension>
<gpxtpx:hr>101</gpxtpx:hr>
</gpxtpx:TrackPointExtension>
</extensions>
</trkpt>
<trkpt lat="36.7835018" lon="127.0017476">
<ele>-3.8</ele>
<time>2024-06-03T13:24:45Z</time>
<extensions>
<gpxtpx:TrackPointExtension>
<gpxtpx:hr>101</gpxtpx:hr>
</gpxtpx:TrackPointExtension>
</extensions>
</trkpt>
<trkpt lat="36.783503" lon="127.001761">
<ele>-3.783</ele>
<time>2024-06-03T13:24:46Z</time>
<extensions>
<gpxtpx:TrackPointExtension>
<gpxtpx:hr>101</gpxtpx:hr>
</gpxtpx:TrackPointExtension>
</extensions>
</trkpt>
<trkpt lat="36.7835027" lon="127.0017749">
<ele>-3.802</ele>
<time>2024-06-03T13:24:47Z</time>
<extensions>
<gpxtpx:TrackPointExtension>
<gpxtpx:hr>101</gpxtpx:hr>
</gpxtpx:TrackPointExtension>
</extensions>
</trkpt>
<trkpt lat="36.7835019" lon="127.0017884">
<ele>-3.784</ele>
<time>2024-06-03T13:24:48Z</time>
<extensions>
<gpxtpx:TrackPointExtension>
<gpxtpx:hr>102</gpxtpx:hr>
</gpxtpx:TrackPointExtension>
</extensions>
</trkpt>
<trkpt lat="36.7834991" lon="127.0018016">
<ele>-3.728</ele>
<time>2024-06-03T13:24:49Z</time>
<extensions>
<gpxtpx:TrackPointExtension>
<gpxtpx:hr>102</gpxtpx:hr>
</gpxtpx:TrackPointExtension>
</extensions>
</trkpt>
<trkpt lat="36.7834953" lon="127.0018156">
<ele>-3.753</ele>
<time>2024-06-03T13:24:50Z</time>
<extensions>
<gpxtpx:TrackPointExtension>
<gpxtpx:hr>101</gpxtpx:hr>
</gpxtpx:TrackPointExtension>
</extensions>
</trkpt>
<trkpt lat="36.7834904" lon="127.0018296">
<ele>-3.713</ele>
<time>2024-06-03T13:24:51Z</time>
<extensions>
<gpxtpx:TrackPointExtension>
<gpxtpx:hr>101</gpxtpx:hr>
<gpxtpx:cad>108</gpxtpx:cad>
</gpxtpx:TrackPointExtension>
</extensions>
</trkpt>
<trkpt lat="36.7834866" lon="127.0018445">
<ele>-3.653</ele>
<time>2024-06-03T13:24:52Z</time>
<extensions>
<gpxtpx:TrackPointExtension>
<gpxtpx:hr>101</gpxtpx:hr>
</gpxtpx:TrackPointExtension>
</extensions>
</trkpt>
<trkpt lat="36.7834827" lon="127.0018593">
<ele>-3.673</ele>
<time>2024-06-03T13:24:53Z</time>
<extensions>
<gpxtpx:TrackPointExtension>
<gpxtpx:hr>101</gpxtpx:hr>
</gpxtpx:TrackPointExtension>
</extensions>
</trkpt>
<trkpt lat="36.7834783" lon="127.001874">
<ele>-3.613</ele>
<time>2024-06-03T13:24:54Z</time>
<extensions>
<gpxtpx:TrackPointExtension>
<gpxtpx:hr>101</gpxtpx:hr>
</gpxtpx:TrackPointExtension>
</extensions>
</trkpt>
<trkpt lat="36.7834742" lon="127.0018892">
<ele>-3.599</ele>
<time>2024-06-03T13:24:55Z</time>
<extensions>
<gpxtpx:TrackPointExtension>
<gpxtpx:hr>101</gpxtpx:hr>
</gpxtpx:TrackPointExtension>
</extensions>
</trkpt>
<trkpt lat="36.7834711" lon="127.0019045">
<ele>-3.575</ele>
<time>2024-06-03T13:24:56Z</time>
<extensions>
<gpxtpx:TrackPointExtension>
<gpxtpx:hr>101</gpxtpx:hr>
</gpxtpx:TrackPointExtension>
</extensions>
</trkpt>
<trkpt lat="36.7834685" lon="127.00192">
<ele>-3.547</ele>
<time>2024-06-03T13:24:57Z</time>
<extensions>
<gpxtpx:TrackPointExtension>
<gpxtpx:hr>102</gpxtpx:hr>
</gpxtpx:TrackPointExtension>
</extensions>
</trkpt>
<trkpt lat="36.7834663" lon="127.001935">
<ele>-3.54</ele>
<time>2024-06-03T13:24:58Z</time>
<extensions>
<gpxtpx:TrackPointExtension>
<gpxtpx:hr>102</gpxtpx:hr>
</gpxtpx:TrackPointExtension>
</extensions>
</trkpt>
<trkpt lat="36.7834637" lon="127.00195">
<ele>-3.468</ele>
<time>2024-06-03T13:24:59Z</time>
<extensions>
<gpxtpx:TrackPointExtension>
<gpxtpx:hr>102</gpxtpx:hr>
</gpxtpx:TrackPointExtension>
</extensions>
</trkpt>
<trkpt lat="36.7834605" lon="127.0019659">
<ele>-3.484</ele>
<time>2024-06-03T13:25:01Z</time>
<extensions>
<gpxtpx:TrackPointExtension>
<gpxtpx:hr>102</gpxtpx:hr>
<gpxtpx:cad>109</gpxtpx:cad>
</gpxtpx:TrackPointExtension>
</extensions>
</trkpt>
<trkpt lat="36.7834565" lon="127.0019821">
<ele>-3.408</ele>
<time>2024-06-03T13:25:02Z</time>
<extensions>
<gpxtpx:TrackPointExtension>
<gpxtpx:hr>102</gpxtpx:hr>
</gpxtpx:TrackPointExtension>
</extensions>
</trkpt>
<trkpt lat="36.7834523" lon="127.0019985">
<ele>-3.386</ele>
<time>2024-06-03T13:25:03Z</time>
<extensions>
<gpxtpx:TrackPointExtension>
<gpxtpx:hr>102</gpxtpx:hr>
<gpxtpx:cad>109</gpxtpx:cad>
</gpxtpx:TrackPointExtension>
</extensions>
</trkpt>
<trkpt lat="36.7834491" lon="127.0020148">
<ele>-3.354</ele>
<time>2024-06-03T13:25:04Z</time>
<extensions>
<gpxtpx:TrackPointExtension>
<gpxtpx:hr>102</gpxtpx:hr>
</gpxtpx:TrackPointExtension>
</extensions>
</trkpt>
<trkpt lat="36.7834456" lon="127.0020313">
<ele>-3.345</ele>
<time>2024-06-03T13:25:05Z</time>
<extensions>
<gpxtpx:TrackPointExtension>
<gpxtpx:hr>102</gpxtpx:hr>
</gpxtpx:TrackPointExtension>
</extensions>
</trkpt>
<trkpt lat="36.7834415" lon="127.002048">
<ele>-3.289</ele>
<time>2024-06-03T13:25:06Z</time>
<extensions>
<gpxtpx:TrackPointExtension>
<gpxtpx:hr>102</gpxtpx:hr>
</gpxtpx:TrackPointExtension>
</extensions>
</trkpt>
<trkpt lat="36.7834366" lon="127.0020641">
<ele>-3.282</ele>
<time>2024-06-03T13:25:07Z</time>
<extensions>
<gpxtpx:TrackPointExtension>
<gpxtpx:hr>102</gpxtpx:hr>
</gpxtpx:TrackPointExtension>
</extensions>
</trkpt>
<trkpt lat="36.7834317" lon="127.0020805">
<ele>-3.25</ele>
<time>2024-06-03T13:25:08Z</time>
<extensions>
<gpxtpx:TrackPointExtension>
<gpxtpx:hr>102</gpxtpx:hr>
</gpxtpx:TrackPointExtension>
</extensions>
</trkpt>
<trkpt lat="36.7834269" lon="127.0020971">
<ele>-3.184</ele>
<time>2024-06-03T13:25:09Z</time>
<extensions>
<gpxtpx:TrackPointExtension>
<gpxtpx:hr>102</gpxtpx:hr>
</gpxtpx:TrackPointExtension>
</extensions>
</trkpt>
<trkpt lat="36.7834222" lon="127.002114">
<ele>-3.129</ele>
<time>2024-06-03T13:25:10Z</time>
<extensions>
<gpxtpx:TrackPointExtension>
<gpxtpx:hr>102</gpxtpx:hr>
</gpxtpx:TrackPointExtension>
</extensions>
</trkpt>
<trkpt lat="36.7834188" lon="127.0021315">
<ele>-3.111</ele>
<time>2024-06-03T13:25:11Z</time>
<extensions>
<gpxtpx:TrackPointExtension>
<gpxtpx:hr>102</gpxtpx:hr>
<gpxtpx:cad>107</gpxtpx:cad>
</gpxtpx:TrackPointExtension>
</extensions>
</trkpt>
<trkpt lat="36.7834146" lon="127.0021498">
<ele>-3.131</ele>
<time>2024-06-03T13:25:12Z</time>
<extensions>
<gpxtpx:TrackPointExtension>
<gpxtpx:hr>102</gpxtpx:hr>
</gpxtpx:TrackPointExtension>
</extensions>
</trkpt>
<trkpt lat="36.7834105" lon="127.0021679">
<ele>-3.085</ele>
<time>2024-06-03T13:25:13Z</time>
<extensions>
<gpxtpx:TrackPointExtension>
<gpxtpx:hr>102</gpxtpx:hr>
</gpxtpx:TrackPointExtension>
</extensions>
</trkpt>
<trkpt lat="36.7834059" lon="127.0021859">
<ele>-3.141</ele>
<time>2024-06-03T13:25:14Z</time>
<extensions>
<gpxtpx:TrackPointExtension>
<gpxtpx:hr>102</gpxtpx:hr>
</gpxtpx:TrackPointExtension>
</extensions>
</trkpt>
<trkpt lat="36.7834019" lon="127.0022037">
<ele>-3.141</ele>
<time>2024-06-03T13:25:15Z</time>
<extensions>
<gpxtpx:TrackPointExtension>
<gpxtpx:hr>102</gpxtpx:hr>
</gpxtpx:TrackPointExtension>
</extensions>
</trkpt>
<trkpt lat="36.7833975" lon="127.0022208">
<ele>-3.128</ele>
<time>2024-06-03T13:25:16Z</time>
<extensions>
<gpxtpx:TrackPointExtension>
<gpxtpx:hr>102</gpxtpx:hr>
</gpxtpx:TrackPointExtension>
</extensions>
</trkpt>
<trkpt lat="36.7833925" lon="127.0022388">
<ele>-3.095</ele>
<time>2024-06-03T13:25:17Z</time>
<extensions>
<gpxtpx:TrackPointExtension>
<gpxtpx:hr>102</gpxtpx:hr>
</gpxtpx:TrackPointExtension>
</extensions>
</trkpt>
<trkpt lat="36.7833877" lon="127.0022554">
<ele>-3.068</ele>
<time>2024-06-03T13:25:18Z</time>
<extensions>
<gpxtpx:TrackPointExtension>
<gpxtpx:hr>102</gpxtpx:hr>
</gpxtpx:TrackPointExtension>
</extensions>
</trkpt>
<trkpt lat="36.7833838" lon="127.0022718">
<ele>-3.073</ele>
<time>2024-06-03T13:25:19Z</time>
<extensions>
<gpxtpx:TrackPointExtension>
<gpxtpx:hr>102</gpxtpx:hr>
</gpxtpx:TrackPointExtension>
</extensions>
</trkpt>
<trkpt lat="36.7833811" lon="127.0022873">
<ele>-3.075</ele>
<time>2024-06-03T13:25:20Z</time>
<extensions>
<gpxtpx:TrackPointExtension>
<gpxtpx:hr>102</gpxtpx:hr>
</gpxtpx:TrackPointExtension>
</extensions>
</trkpt>
<trkpt lat="36.7833796" lon="127.0023053">
<ele>-3.098</ele>
<time>2024-06-03T13:25:21Z</time>
<extensions>
<gpxtpx:TrackPointExtension>
<gpxtpx:hr>103</gpxtpx:hr>
<gpxtpx:cad>108</gpxtpx:cad>
</gpxtpx:TrackPointExtension>
</extensions>
</trkpt>
<trkpt lat="36.7833782" lon="127.0023231">
<ele>-3.013</ele>
<time>2024-06-03T13:25:22Z</time>
<extensions>
<gpxtpx:TrackPointExtension>
<gpxtpx:hr>103</gpxtpx:hr>
</gpxtpx:TrackPointExtension>
</extensions>
</trkpt>
<trkpt lat="36.7833768" lon="127.0023412">
<ele>-2.972</ele>
<time>2024-06-03T13:25:23Z</time>
<extensions>
<gpxtpx:TrackPointExtension>
<gpxtpx:hr>103</gpxtpx:hr>
</gpxtpx:TrackPointExtension>
</extensions>
</trkpt>
<trkpt lat="36.7833741" lon="127.0023761">
<ele>-2.997</ele>
<time>2024-06-03T13:25:24Z</time>
<extensions>
<gpxtpx:TrackPointExtension>
<gpxtpx:hr>103</gpxtpx:hr>
</gpxtpx:TrackPointExtension>
</extensions>
</trkpt>
<trkpt lat="36.7833727" lon="127.0023902">
<ele>-3.043</ele>
<time>2024-06-03T13:25:25Z</time>
<extensions>
<gpxtpx:TrackPointExtension>
<gpxtpx:hr>103</gpxtpx:hr>
</gpxtpx:TrackPointExtension>
</extensions>
</trkpt>
<trkpt lat="36.7833711" lon="127.0024043">
<ele>-3.04</ele>
<time>2024-06-03T13:25:26Z</time>
<extensions>
<gpxtpx:TrackPointExtension>
<gpxtpx:hr>103</gpxtpx:hr>
</gpxtpx:TrackPointExtension>
</extensions>
</trkpt>
<trkpt lat="36.7833687" lon="127.0024175">
<ele>-3.023</ele>
<time>2024-06-03T13:25:27Z</time>
<extensions>
<gpxtpx:TrackPointExtension>
<gpxtpx:hr>103</gpxtpx:hr>
</gpxtpx:TrackPointExtension>
</extensions>
</trkpt>
<trkpt lat="36.7833652" lon="127.0024297">
<ele>-2.854</ele>
<time>2024-06-03T13:25:28Z</time>
<extensions>
<gpxtpx:TrackPointExtension>
<gpxtpx:hr>103</gpxtpx:hr>
</gpxtpx:TrackPointExtension>
</extensions>
</trkpt>
<trkpt lat="36.7833612" lon="127.0024399">
<ele>-2.625</ele>
<time>2024-06-03T13:25:29Z</time>
<extensions>
<gpxtpx:TrackPointExtension>
<gpxtpx:hr>103</gpxtpx:hr>
</gpxtpx:TrackPointExtension>
</extensions>
</trkpt>
<trkpt lat="36.7833562" lon="127.0024496">
<ele>-2.579</ele>
<time>2024-06-03T13:25:30Z</time>
<extensions>
<gpxtpx:TrackPointExtension>
<gpxtpx:hr>103</gpxtpx:hr>
</gpxtpx:TrackPointExtension>
</extensions>
</trkpt>
<trkpt lat="36.7833509" lon="127.0024585">
<ele>-2.465</ele>
<time>2024-06-03T13:25:31Z</time>
<extensions>
<gpxtpx:TrackPointExtension>
<gpxtpx:hr>103</gpxtpx:hr>
<gpxtpx:cad>108</gpxtpx:cad>
</gpxtpx:TrackPointExtension>
</extensions>
</trkpt>
<trkpt lat="36.7833445" lon="127.0024681">
<ele>-2.375</ele>
<time>2024-06-03T13:25:32Z</time>
<extensions>
<gpxtpx:TrackPointExtension>
<gpxtpx:hr>102</gpxtpx:hr>
</gpxtpx:TrackPointExtension>
</extensions>
</trkpt>
<trkpt lat="36.7833388" lon="127.002478">
<ele>-2.348</ele>
<time>2024-06-03T13:25:33Z</time>
<extensions>
<gpxtpx:TrackPointExtension>
<gpxtpx:hr>102</gpxtpx:hr>
</gpxtpx:TrackPointExtension>
</extensions>
</trkpt>
<trkpt lat="36.7833339" lon="127.0024886">
<ele>-2.35</ele>
<time>2024-06-03T13:25:34Z</time>
<extensions>
<gpxtpx:TrackPointExtension>
<gpxtpx:hr>101</gpxtpx:hr>
</gpxtpx:TrackPointExtension>
</extensions>
</trkpt>
<trkpt lat="36.7833291" lon="127.0024995">
<ele>-2.342</ele>
<time>2024-06-03T13:25:35Z</time>
<extensions>
<gpxtpx:TrackPointExtension>
<gpxtpx:hr>101</gpxtpx:hr>
</gpxtpx:TrackPointExtension>
</extensions>
</trkpt>
<trkpt lat="36.7833251" lon="127.0025106">
<ele>-2.298</ele>
<time>2024-06-03T13:25:36Z</time>
<extensions>
<gpxtpx:TrackPointExtension>
<gpxtpx:hr>101</gpxtpx:hr>
</gpxtpx:TrackPointExtension>
</extensions>
</trkpt>
<trkpt lat="36.7833222" lon="127.0025225">
<ele>-2.147</ele>
<time>2024-06-03T13:25:37Z</time>
<extensions>
<gpxtpx:TrackPointExtension>
<gpxtpx:hr>101</gpxtpx:hr>
</gpxtpx:TrackPointExtension>
</extensions>
</trkpt>
<trkpt lat="36.7833189" lon="127.002537">
<ele>-2.092</ele>
<time>2024-06-03T13:25:38Z</time>
<extensions>
<gpxtpx:TrackPointExtension>
<gpxtpx:hr>101</gpxtpx:hr>
</gpxtpx:TrackPointExtension>
</extensions>
</trkpt>
<trkpt lat="36.7833172" lon="127.002553">
<ele>-1.888</ele>
<time>2024-06-03T13:25:39Z</time>
<extensions>
<gpxtpx:TrackPointExtension>
<gpxtpx:hr>100</gpxtpx:hr>
</gpxtpx:TrackPointExtension>
</extensions>
</trkpt>
<trkpt lat="36.783316" lon="127.0025684">
<ele>-1.909</ele>
<time>2024-06-03T13:25:40Z</time>
<extensions>
<gpxtpx:TrackPointExtension>
<gpxtpx:hr>100</gpxtpx:hr>
</gpxtpx:TrackPointExtension>
</extensions>
</trkpt>
<trkpt lat="36.7833153" lon="127.002584">
<ele>-1.941</ele>
<time>2024-06-03T13:25:41Z</time>
<extensions>
<gpxtpx:TrackPointExtension>
<gpxtpx:hr>100</gpxtpx:hr>
<gpxtpx:cad>106</gpxtpx:cad>
</gpxtpx:TrackPointExtension>
</extensions>
</trkpt>
<trkpt lat="36.7833147" lon="127.0025987">
<ele>-2.09</ele>
<time>2024-06-03T13:25:42Z</time>
<extensions>
<gpxtpx:TrackPointExtension>
<gpxtpx:hr>100</gpxtpx:hr>
</gpxtpx:TrackPointExtension>
</extensions>
</trkpt>
<trkpt lat="36.7833135" lon="127.0026143">
<ele>-2.258</ele>
<time>2024-06-03T13:25:43Z</time>
<extensions>
<gpxtpx:TrackPointExtension>
<gpxtpx:hr>99</gpxtpx:hr>
</gpxtpx:TrackPointExtension>
</extensions>
</trkpt>
<trkpt lat="36.783312" lon="127.0026298">
<ele>-2.383</ele>
<time>2024-06-03T13:25:44Z</time>
<extensions>
<gpxtpx:TrackPointExtension>
<gpxtpx:hr>99</gpxtpx:hr>
</gpxtpx:TrackPointExtension>
</extensions>
</trkpt>
<trkpt lat="36.78331" lon="127.0026453">
<ele>-2.405</ele>
<time>2024-06-03T13:25:45Z</time>
<extensions>
<gpxtpx:TrackPointExtension>
<gpxtpx:hr>99</gpxtpx:hr>
</gpxtpx:TrackPointExtension>
</extensions>
</trkpt>
<trkpt lat="36.7833067" lon="127.0026601">
<ele>-2.359</ele>
<time>2024-06-03T13:25:46Z</time>
<extensions>
<gpxtpx:TrackPointExtension>
<gpxtpx:hr>99</gpxtpx:hr>
</gpxtpx:TrackPointExtension>
</extensions>
</trkpt>
<trkpt lat="36.783302" lon="127.0026765">
<ele>-2.346</ele>
<time>2024-06-03T13:25:47Z</time>
<extensions>
<gpxtpx:TrackPointExtension>
<gpxtpx:hr>99</gpxtpx:hr>
</gpxtpx:TrackPointExtension>
</extensions>
</trkpt>
<trkpt lat="36.7832949" lon="127.0026945">
<ele>-2.352</ele>
<time>2024-06-03T13:25:48Z</time>
<extensions>
<gpxtpx:TrackPointExtension>
<gpxtpx:hr>99</gpxtpx:hr>
</gpxtpx:TrackPointExtension>
</extensions>
</trkpt>
<trkpt lat="36.7832884" lon="127.0027145">
<ele>-2.359</ele>
<time>2024-06-03T13:25:49Z</time>
<extensions>
<gpxtpx:TrackPointExtension>
<gpxtpx:hr>100</gpxtpx:hr>
</gpxtpx:TrackPointExtension>
</extensions>
</trkpt>
<trkpt lat="36.7832821" lon="127.002737">
<ele>-2.364</ele>
<time>2024-06-03T13:25:50Z</time>
<extensions>
<gpxtpx:TrackPointExtension>
<gpxtpx:hr>100</gpxtpx:hr>
</gpxtpx:TrackPointExtension>
</extensions>
</trkpt>
<trkpt lat="36.7832758" lon="127.0027603">
<ele>-2.353</ele>
<time>2024-06-03T13:25:51Z</time>
<extensions>
<gpxtpx:TrackPointExtension>
<gpxtpx:hr>101</gpxtpx:hr>
<gpxtpx:cad>106</gpxtpx:cad>
</gpxtpx:TrackPointExtension>
</extensions>
</trkpt>
<trkpt lat="36.7832693" lon="127.0027836">
<ele>-2.376</ele>
<time>2024-06-03T13:25:52Z</time>
<extensions>
<gpxtpx:TrackPointExtension>
<gpxtpx:hr>102</gpxtpx:hr>
</gpxtpx:TrackPointExtension>
</extensions>
</trkpt>
<trkpt lat="36.783263" lon="127.0028083">
<ele>-2.298</ele>
<time>2024-06-03T13:25:53Z</time>
<extensions>
<gpxtpx:TrackPointExtension>
<gpxtpx:hr>102</gpxtpx:hr>
</gpxtpx:TrackPointExtension>
</extensions>
</trkpt>
<trkpt lat="36.783258" lon="127.0028328">
<ele>-2.284</ele>
<time>2024-06-03T13:25:54Z</time>
<extensions>
<gpxtpx:TrackPointExtension>
<gpxtpx:hr>103</gpxtpx:hr>
</gpxtpx:TrackPointExtension>
</extensions>
</trkpt>
<trkpt lat="36.7832543" lon="127.0028561">
<ele>-2.261</ele>
<time>2024-06-03T13:25:55Z</time>
<extensions>
<gpxtpx:TrackPointExtension>
<gpxtpx:hr>103</gpxtpx:hr>
</gpxtpx:TrackPointExtension>
</extensions>
</trkpt>
<trkpt lat="36.7832493" lon="127.0028774">
<ele>-2.283</ele>
<time>2024-06-03T13:25:56Z</time>
<extensions>
<gpxtpx:TrackPointExtension>
<gpxtpx:hr>103</gpxtpx:hr>
</gpxtpx:TrackPointExtension>
</extensions>
</trkpt>
<trkpt lat="36.7832432" lon="127.0028955">
<ele>-2.203</ele>
<time>2024-06-03T13:25:57Z</time>
<extensions>
<gpxtpx:TrackPointExtension>
<gpxtpx:hr>103</gpxtpx:hr>
</gpxtpx:TrackPointExtension>
</extensions>
</trkpt>
<trkpt lat="36.7832367" lon="127.0029124">
<ele>-2.216</ele>
<time>2024-06-03T13:25:58Z</time>
<extensions>
<gpxtpx:TrackPointExtension>
<gpxtpx:hr>104</gpxtpx:hr>
</gpxtpx:TrackPointExtension>
</extensions>
</trkpt>
<trkpt lat="36.7832312" lon="127.0029281">
<ele>-2.169</ele>
<time>2024-06-03T13:25:59Z</time>
<extensions>
<gpxtpx:TrackPointExtension>
<gpxtpx:hr>104</gpxtpx:hr>
</gpxtpx:TrackPointExtension>
</extensions>
</trkpt>
<trkpt lat="36.7832266" lon="127.0029426">
<ele>-2.097</ele>
<time>2024-06-03T13:26:00Z</time>
<extensions>
<gpxtpx:TrackPointExtension>
<gpxtpx:hr>104</gpxtpx:hr>
</gpxtpx:TrackPointExtension>
</extensions>
</trkpt>
<trkpt lat="36.7832231" lon="127.0029573">
<ele>-2.039</ele>
<time>2024-06-03T13:26:01Z</time>
<extensions>
<gpxtpx:TrackPointExtension>
<gpxtpx:hr>104</gpxtpx:hr>
<gpxtpx:cad>108</gpxtpx:cad>
</gpxtpx:TrackPointExtension>
</extensions>
</trkpt>
<trkpt lat="36.7832199" lon="127.0029691">
<ele>-2.053</ele>
<time>2024-06-03T13:26:02Z</time>
<extensions>
<gpxtpx:TrackPointExtension>
<gpxtpx:hr>104</gpxtpx:hr>
</gpxtpx:TrackPointExtension>
</extensions>
</trkpt>
<trkpt lat="36.7832162" lon="127.0029799">
<ele>-2.045</ele>
<time>2024-06-03T13:26:03Z</time>
<extensions>
<gpxtpx:TrackPointExtension>
<gpxtpx:hr>105</gpxtpx:hr>
</gpxtpx:TrackPointExtension>
</extensions>
</trkpt>
<trkpt lat="36.783212" lon="127.0029892">
<ele>-2.073</ele>
<time>2024-06-03T13:26:04Z</time>
<extensions>
<gpxtpx:TrackPointExtension>
<gpxtpx:hr>105</gpxtpx:hr>
</gpxtpx:TrackPointExtension>
</extensions>
</trkpt>
<trkpt lat="36.7832076" lon="127.0029982">
<ele>-2.031</ele>
<time>2024-06-03T13:26:05Z</time>
<extensions>
<gpxtpx:TrackPointExtension>
<gpxtpx:hr>105</gpxtpx:hr>
</gpxtpx:TrackPointExtension>
</extensions>
</trkpt>
<trkpt lat="36.7832016" lon="127.0030064">
<ele>-2.051</ele>
<time>2024-06-03T13:26:06Z</time>
<extensions>
<gpxtpx:TrackPointExtension>
<gpxtpx:hr>105</gpxtpx:hr>
</gpxtpx:TrackPointExtension>
</extensions>
</trkpt>
<trkpt lat="36.7831959" lon="127.0030151">
<ele>-1.879</ele>
<time>2024-06-03T13:26:07Z</time>
<extensions>
<gpxtpx:TrackPointExtension>
<gpxtpx:hr>105</gpxtpx:hr>
</gpxtpx:TrackPointExtension>
</extensions>
</trkpt>
<trkpt lat="36.7831895" lon="127.0030234">
<ele>-1.885</ele>
<time>2024-06-03T13:26:08Z</time>
<extensions>
<gpxtpx:TrackPointExtension>
<gpxtpx:hr>105</gpxtpx:hr>
</gpxtpx:TrackPointExtension>
</extensions>
</trkpt>
<trkpt lat="36.7831831" lon="127.0030312">
<ele>-1.859</ele>
<time>2024-06-03T13:26:09Z</time>
<extensions>
<gpxtpx:TrackPointExtension>
<gpxtpx:hr>104</gpxtpx:hr>
</gpxtpx:TrackPointExtension>
</extensions>
</trkpt>
<trkpt lat="36.7831779" lon="127.0030402">
<ele>-1.818</ele>
<time>2024-06-03T13:26:10Z</time>
<extensions>
<gpxtpx:TrackPointExtension>
<gpxtpx:hr>104</gpxtpx:hr>
</gpxtpx:TrackPointExtension>
</extensions>
</trkpt>
<trkpt lat="36.7831732" lon="127.00305">
<ele>-1.758</ele>
<time>2024-06-03T13:26:11Z</time>
<extensions>
<gpxtpx:TrackPointExtension>
<gpxtpx:hr>104</gpxtpx:hr>
<gpxtpx:cad>107</gpxtpx:cad>
</gpxtpx:TrackPointExtension>
</extensions>
</trkpt>
<trkpt lat="36.7831691" lon="127.0030623">
<ele>-1.719</ele>
<time>2024-06-03T13:26:12Z</time>
<extensions>
<gpxtpx:TrackPointExtension>
<gpxtpx:hr>105</gpxtpx:hr>
<gpxtpx:cad>107</gpxtpx:cad>
</gpxtpx:TrackPointExtension>
</extensions>
</trkpt>
<trkpt lat="36.7831678" lon="127.0030763">
<ele>-1.677</ele>
<time>2024-06-03T13:26:13Z</time>
<extensions>
<gpxtpx:TrackPointExtension>
<gpxtpx:hr>105</gpxtpx:hr>
</gpxtpx:TrackPointExtension>
</extensions>
</trkpt>
<trkpt lat="36.783167" lon="127.003091">
<ele>-1.652</ele>
<time>2024-06-03T13:26:14Z</time>
<extensions>
<gpxtpx:TrackPointExtension>
<gpxtpx:hr>105</gpxtpx:hr>
</gpxtpx:TrackPointExtension>
</extensions>
</trkpt>
<trkpt lat="36.7831662" lon="127.0031054">
<ele>-1.704</ele>
<time>2024-06-03T13:26:15Z</time>
<extensions>
<gpxtpx:TrackPointExtension>
<gpxtpx:hr>105</gpxtpx:hr>
</gpxtpx:TrackPointExtension>
</extensions>
</trkpt>
<trkpt lat="36.7831642" lon="127.0031186">
<ele>-1.557</ele>
<time>2024-06-03T13:26:16Z</time>
<extensions>
<gpxtpx:TrackPointExtension>
<gpxtpx:hr>105</gpxtpx:hr>
</gpxtpx:TrackPointExtension>
</extensions>
</trkpt>
<trkpt lat="36.7831621" lon="127.0031308">
<ele>-1.613</ele>
<time>2024-06-03T13:26:17Z</time>
<extensions>
<gpxtpx:TrackPointExtension>
<gpxtpx:hr>105</gpxtpx:hr>
</gpxtpx:TrackPointExtension>
</extensions>
</trkpt>
<trkpt lat="36.7831608" lon="127.0031448">
<ele>-1.561</ele>
<time>2024-06-03T13:26:18Z</time>
<extensions>
<gpxtpx:TrackPointExtension>
<gpxtpx:hr>105</gpxtpx:hr>
</gpxtpx:TrackPointExtension>
</extensions>
</trkpt>
<trkpt lat="36.783159" lon="127.0031582">
<ele>-1.578</ele>
<time>2024-06-03T13:26:19Z</time>
<extensions>
<gpxtpx:TrackPointExtension>
<gpxtpx:hr>105</gpxtpx:hr>
</gpxtpx:TrackPointExtension>
</extensions>
</trkpt>
<trkpt lat="36.7831574" lon="127.0031721">
<ele>-1.516</ele>
<time>2024-06-03T13:26:20Z</time>
<extensions>
<gpxtpx:TrackPointExtension>
<gpxtpx:hr>105</gpxtpx:hr>
</gpxtpx:TrackPointExtension>
</extensions>
</trkpt>
<trkpt lat="36.7831552" lon="127.003186">
<ele>-1.516</ele>
<time>2024-06-03T13:26:21Z</time>
<extensions>
<gpxtpx:TrackPointExtension>
<gpxtpx:hr>105</gpxtpx:hr>
<gpxtpx:cad>106</gpxtpx:cad>
</gpxtpx:TrackPointExtension>
</extensions>
</trkpt>
<trkpt lat="36.7831528" lon="127.0032018">
<ele>-1.434</ele>
<time>2024-06-03T13:26:22Z</time>
<extensions>
<gpxtpx:TrackPointExtension>
<gpxtpx:hr>105</gpxtpx:hr>
</gpxtpx:TrackPointExtension>
</extensions>
</trkpt>
<trkpt lat="36.7831502" lon="127.0032179">
<ele>-1.47</ele>
<time>2024-06-03T13:26:23Z</time>
<extensions>
<gpxtpx:TrackPointExtension>
<gpxtpx:hr>105</gpxtpx:hr>
</gpxtpx:TrackPointExtension>
</extensions>
</trkpt>
<trkpt lat="36.7831469" lon="127.0032342">
<ele>-1.411</ele>
<time>2024-06-03T13:26:24Z</time>
<extensions>
<gpxtpx:TrackPointExtension>
<gpxtpx:hr>105</gpxtpx:hr>
</gpxtpx:TrackPointExtension>
</extensions>
</trkpt>
<trkpt lat="36.783144" lon="127.0032503">
<ele>-1.362</ele>
<time>2024-06-03T13:26:25Z</time>
<extensions>
<gpxtpx:TrackPointExtension>
<gpxtpx:hr>105</gpxtpx:hr>
</gpxtpx:TrackPointExtension>
</extensions>
</trkpt>
<trkpt lat="36.783142" lon="127.0032651">
<ele>-1.334</ele>
<time>2024-06-03T13:26:26Z</time>
<extensions>
<gpxtpx:TrackPointExtension>
<gpxtpx:hr>105</gpxtpx:hr>
</gpxtpx:TrackPointExtension>
</extensions>
</trkpt>
<trkpt lat="36.7831394" lon="127.0032803">
<ele>-1.344</ele>
<time>2024-06-03T13:26:27Z</time>
<extensions>
<gpxtpx:TrackPointExtension>
<gpxtpx:hr>105</gpxtpx:hr>
</gpxtpx:TrackPointExtension>
</extensions>
</trkpt>
<trkpt lat="36.7831361" lon="127.0032951">
<ele>-1.33</ele>
<time>2024-06-03T13:26:28Z</time>
<extensions>
<gpxtpx:TrackPointExtension>
<gpxtpx:hr>105</gpxtpx:hr>
</gpxtpx:TrackPointExtension>
</extensions>
</trkpt>
<trkpt lat="36.783132" lon="127.0033097">
<ele>-1.234</ele>
<time>2024-06-03T13:26:29Z</time>
<extensions>
<gpxtpx:TrackPointExtension>
<gpxtpx:hr>105</gpxtpx:hr>
</gpxtpx:TrackPointExtension>
</extensions>
</trkpt>
<trkpt lat="36.7831271" lon="127.0033259">
<ele>-1.23</ele>
<time>2024-06-03T13:26:30Z</time>
<extensions>
<gpxtpx:TrackPointExtension>
<gpxtpx:hr>105</gpxtpx:hr>
</gpxtpx:TrackPointExtension>
</extensions>
</trkpt>
<trkpt lat="36.7831218" lon="127.0033413">
<ele>-1.236</ele>
<time>2024-06-03T13:26:31Z</time>
<extensions>
<gpxtpx:TrackPointExtension>
<gpxtpx:hr>105</gpxtpx:hr>
<gpxtpx:cad>106</gpxtpx:cad>
</gpxtpx:TrackPointExtension>
</extensions>
</trkpt>
<trkpt lat="36.7831165" lon="127.0033545">
<ele>-1.229</ele>
<time>2024-06-03T13:26:32Z</time>
<extensions>
<gpxtpx:TrackPointExtension>
<gpxtpx:hr>105</gpxtpx:hr>
</gpxtpx:TrackPointExtension>
</extensions>
</trkpt>
<trkpt lat="36.7831124" lon="127.003368">
<ele>-1.249</ele>
<time>2024-06-03T13:26:33Z</time>
<extensions>
<gpxtpx:TrackPointExtension>
<gpxtpx:hr>105</gpxtpx:hr>
</gpxtpx:TrackPointExtension>
</extensions>
</trkpt>
<trkpt lat="36.7831077" lon="127.0033821">
<ele>-1.265</ele>
<time>2024-06-03T13:26:34Z</time>
<extensions>
<gpxtpx:TrackPointExtension>
<gpxtpx:hr>105</gpxtpx:hr>
</gpxtpx:TrackPointExtension>
</extensions>
</trkpt>
<trkpt lat="36.7831039" lon="127.0033961">
<ele>-1.282</ele>
<time>2024-06-03T13:26:35Z</time>
<extensions>
<gpxtpx:TrackPointExtension>
<gpxtpx:hr>105</gpxtpx:hr>
</gpxtpx:TrackPointExtension>
</extensions>
</trkpt>
<trkpt lat="36.7831" lon="127.0034096">
<ele>-1.297</ele>
<time>2024-06-03T13:26:36Z</time>
<extensions>
<gpxtpx:TrackPointExtension>
<gpxtpx:hr>106</gpxtpx:hr>
</gpxtpx:TrackPointExtension>
</extensions>
</trkpt>
<trkpt lat="36.783098" lon="127.0034221">
<ele>-1.257</ele>
<time>2024-06-03T13:26:37Z</time>
<extensions>
<gpxtpx:TrackPointExtension>
<gpxtpx:hr>105</gpxtpx:hr>
</gpxtpx:TrackPointExtension>
</extensions>
</trkpt>
<trkpt lat="36.7830968" lon="127.0034338">
<ele>-1.258</ele>
<time>2024-06-03T13:26:38Z</time>
<extensions>
<gpxtpx:TrackPointExtension>
<gpxtpx:hr>105</gpxtpx:hr>
</gpxtpx:TrackPointExtension>
</extensions>
</trkpt>
<trkpt lat="36.7830958" lon="127.0034462">
<ele>-1.199</ele>
<time>2024-06-03T13:26:39Z</time>
<extensions>
<gpxtpx:TrackPointExtension>
<gpxtpx:hr>105</gpxtpx:hr>
</gpxtpx:TrackPointExtension>
</extensions>
</trkpt>
<trkpt lat="36.7830953" lon="127.0034593">
<ele>-1.215</ele>
<time>2024-06-03T13:26:40Z</time>
<extensions>
<gpxtpx:TrackPointExtension>
<gpxtpx:hr>105</gpxtpx:hr>
</gpxtpx:TrackPointExtension>
</extensions>
</trkpt>
<trkpt lat="36.7830941" lon="127.0034719">
<ele>-1.19</ele>
<time>2024-06-03T13:26:41Z</time>
<extensions>
<gpxtpx:TrackPointExtension>
<gpxtpx:hr>105</gpxtpx:hr>
<gpxtpx:cad>107</gpxtpx:cad>
</gpxtpx:TrackPointExtension>
</extensions>
</trkpt>
<trkpt lat="36.7830924" lon="127.0034844">
<ele>-1.2</ele>
<time>2024-06-03T13:26:42Z</time>
<extensions>
<gpxtpx:TrackPointExtension>
<gpxtpx:hr>105</gpxtpx:hr>
</gpxtpx:TrackPointExtension>
</extensions>
</trkpt>
<trkpt lat="36.7830899" lon="127.0034967">
<ele>-1.207</ele>
<time>2024-06-03T13:26:43Z</time>
<extensions>
<gpxtpx:TrackPointExtension>
<gpxtpx:hr>106</gpxtpx:hr>
</gpxtpx:TrackPointExtension>
</extensions>
</trkpt>
<trkpt lat="36.7830885" lon="127.0035079">
<ele>-1.22</ele>
<time>2024-06-03T13:26:44Z</time>
<extensions>
<gpxtpx:TrackPointExtension>
<gpxtpx:hr>106</gpxtpx:hr>
</gpxtpx:TrackPointExtension>
</extensions>
</trkpt>
<trkpt lat="36.7830879" lon="127.0035201">
<ele>-1.286</ele>
<time>2024-06-03T13:26:45Z</time>
<extensions>
<gpxtpx:TrackPointExtension>
<gpxtpx:hr>106</gpxtpx:hr>
</gpxtpx:TrackPointExtension>
</extensions>
</trkpt>
<trkpt lat="36.7830875" lon="127.0035331">
<ele>-1.279</ele>
<time>2024-06-03T13:26:46Z</time>
<extensions>
<gpxtpx:TrackPointExtension>
<gpxtpx:hr>106</gpxtpx:hr>
</gpxtpx:TrackPointExtension>
</extensions>
</trkpt>
<trkpt lat="36.783086" lon="127.0035482">
<ele>-1.296</ele>
<time>2024-06-03T13:26:47Z</time>
<extensions>
<gpxtpx:TrackPointExtension>
<gpxtpx:hr>106</gpxtpx:hr>
</gpxtpx:TrackPointExtension>
</extensions>
</trkpt>
<trkpt lat="36.783085" lon="127.0035637">
<ele>-1.296</ele>
<time>2024-06-03T13:26:48Z</time>
<extensions>
<gpxtpx:TrackPointExtension>
<gpxtpx:hr>106</gpxtpx:hr>
</gpxtpx:TrackPointExtension>
</extensions>
</trkpt>
<trkpt lat="36.7830837" lon="127.0035798">
<ele>-1.339</ele>
<time>2024-06-03T13:26:49Z</time>
<extensions>
<gpxtpx:TrackPointExtension>
<gpxtpx:hr>105</gpxtpx:hr>
</gpxtpx:TrackPointExtension>
</extensions>
</trkpt>
<trkpt lat="36.7830828" lon="127.0035973">
<ele>-1.484</ele>
<time>2024-06-03T13:26:50Z</time>
<extensions>
<gpxtpx:TrackPointExtension>
<gpxtpx:hr>105</gpxtpx:hr>
<gpxtpx:cad>108</gpxtpx:cad>
</gpxtpx:TrackPointExtension>
</extensions>
</trkpt>
<trkpt lat="36.7830822" lon="127.0036148">
<ele>-1.467</ele>
<time>2024-06-03T13:26:51Z</time>
<extensions>
<gpxtpx:TrackPointExtension>
<gpxtpx:hr>105</gpxtpx:hr>
</gpxtpx:TrackPointExtension>
</extensions>
</trkpt>
<trkpt lat="36.7830819" lon="127.0036318">
<ele>-1.438</ele>
<time>2024-06-03T13:26:52Z</time>
<extensions>
<gpxtpx:TrackPointExtension>
<gpxtpx:hr>105</gpxtpx:hr>
</gpxtpx:TrackPointExtension>
</extensions>
</trkpt>
<trkpt lat="36.7830827" lon="127.0036482">
<ele>-1.417</ele>
<time>2024-06-03T13:26:53Z</time>
<extensions>
<gpxtpx:TrackPointExtension>
<gpxtpx:hr>105</gpxtpx:hr>
</gpxtpx:TrackPointExtension>
</extensions>
</trkpt>
<trkpt lat="36.7830844" lon="127.0036643">
<ele>-1.452</ele>
<time>2024-06-03T13:26:55Z</time>
<extensions>
<gpxtpx:TrackPointExtension>
<gpxtpx:hr>105</gpxtpx:hr>
</gpxtpx:TrackPointExtension>
</extensions>
</trkpt>
<trkpt lat="36.7830849" lon="127.0036791">
<ele>-1.361</ele>
<time>2024-06-03T13:26:56Z</time>
<extensions>
<gpxtpx:TrackPointExtension>
<gpxtpx:hr>105</gpxtpx:hr>
</gpxtpx:TrackPointExtension>
</extensions>
</trkpt>
<trkpt lat="36.7830851" lon="127.0036944">
<ele>-1.34</ele>
<time>2024-06-03T13:26:57Z</time>
<extensions>
<gpxtpx:TrackPointExtension>
<gpxtpx:hr>105</gpxtpx:hr>
</gpxtpx:TrackPointExtension>
</extensions>
</trkpt>
<trkpt lat="36.7830856" lon="127.00371">
<ele>-1.292</ele>
<time>2024-06-03T13:26:58Z</time>
<extensions>
<gpxtpx:TrackPointExtension>
<gpxtpx:hr>105</gpxtpx:hr>
</gpxtpx:TrackPointExtension>
</extensions>
</trkpt>
<trkpt lat="36.7830863" lon="127.0037248">
<ele>-1.243</ele>
<time>2024-06-03T13:26:59Z</time>
<extensions>
<gpxtpx:TrackPointExtension>
<gpxtpx:hr>105</gpxtpx:hr>
</gpxtpx:TrackPointExtension>
</extensions>
</trkpt>
<trkpt lat="36.7830867" lon="127.0037402">
<ele>-1.137</ele>
<time>2024-06-03T13:27:00Z</time>
<extensions>
<gpxtpx:TrackPointExtension>
<gpxtpx:hr>105</gpxtpx:hr>
</gpxtpx:TrackPointExtension>
</extensions>
</trkpt>
<trkpt lat="36.7830862" lon="127.0037564">
<ele>-1.147</ele>
<time>2024-06-03T13:27:01Z</time>
<extensions>
<gpxtpx:TrackPointExtension>
<gpxtpx:hr>105</gpxtpx:hr>
<gpxtpx:cad>108</gpxtpx:cad>
</gpxtpx:TrackPointExtension>
</extensions>
</trkpt>
<trkpt lat="36.7830846" lon="127.0037747">
<ele>-1.221</ele>
<time>2024-06-03T13:27:02Z</time>
<extensions>
<gpxtpx:TrackPointExtension>
<gpxtpx:hr>105</gpxtpx:hr>
</gpxtpx:TrackPointExtension>
</extensions>
</trkpt>
<trkpt lat="36.7830834" lon="127.0037936">
<ele>-1.289</ele>
<time>2024-06-03T13:27:03Z</time>
<extensions>
<gpxtpx:TrackPointExtension>
<gpxtpx:hr>105</gpxtpx:hr>
</gpxtpx:TrackPointExtension>
</extensions>
</trkpt>
<trkpt lat="36.7830834" lon="127.0038126">
<ele>-1.32</ele>
<time>2024-06-03T13:27:04Z</time>
<extensions>
<gpxtpx:TrackPointExtension>
<gpxtpx:hr>105</gpxtpx:hr>
</gpxtpx:TrackPointExtension>
</extensions>
</trkpt>
<trkpt lat="36.7830838" lon="127.0038316">
<ele>-1.328</ele>
<time>2024-06-03T13:27:05Z</time>
<extensions>
<gpxtpx:TrackPointExtension>
<gpxtpx:hr>105</gpxtpx:hr>
</gpxtpx:TrackPointExtension>
</extensions>
</trkpt>
<trkpt lat="36.7830842" lon="127.0038514">
<ele>-1.263</ele>
<time>2024-06-03T13:27:06Z</time>
<extensions>
<gpxtpx:TrackPointExtension>
<gpxtpx:hr>105</gpxtpx:hr>
</gpxtpx:TrackPointExtension>
</extensions>
</trkpt>
<trkpt lat="36.7830844" lon="127.0038727">
<ele>-1.193</ele>
<time>2024-06-03T13:27:07Z</time>
<extensions>
<gpxtpx:TrackPointExtension>
<gpxtpx:hr>105</gpxtpx:hr>
</gpxtpx:TrackPointExtension>
</extensions>
</trkpt>
<trkpt lat="36.783084" lon="127.0038935">
<ele>-1.184</ele>
<time>2024-06-03T13:27:08Z</time>
<extensions>
<gpxtpx:TrackPointExtension>
<gpxtpx:hr>105</gpxtpx:hr>
</gpxtpx:TrackPointExtension>
</extensions>
</trkpt>
<trkpt lat="36.7830835" lon="127.0039136">
<ele>-1.164</ele>
<time>2024-06-03T13:27:09Z</time>
<extensions>
<gpxtpx:TrackPointExtension>
<gpxtpx:hr>104</gpxtpx:hr>
</gpxtpx:TrackPointExtension>
</extensions>
</trkpt>
<trkpt lat="36.7830826" lon="127.0039337">
<ele>-1.114</ele>
<time>2024-06-03T13:27:10Z</time>
<extensions>
<gpxtpx:TrackPointExtension>
<gpxtpx:hr>104</gpxtpx:hr>
</gpxtpx:TrackPointExtension>
</extensions>
</trkpt>
<trkpt lat="36.7830826" lon="127.0039537">
<ele>-1.119</ele>
<time>2024-06-03T13:27:11Z</time>
<extensions>
<gpxtpx:TrackPointExtension>
<gpxtpx:hr>104</gpxtpx:hr>
<gpxtpx:cad>106</gpxtpx:cad>
</gpxtpx:TrackPointExtension>
</extensions>
</trkpt>
<trkpt lat="36.7830822" lon="127.0039732">
<ele>-1.067</ele>
<time>2024-06-03T13:27:12Z</time>
<extensions>
<gpxtpx:TrackPointExtension>
<gpxtpx:hr>104</gpxtpx:hr>
</gpxtpx:TrackPointExtension>
</extensions>
</trkpt>
<trkpt lat="36.7830807" lon="127.0039931">
<ele>-1.04</ele>
<time>2024-06-03T13:27:13Z</time>
<extensions>
<gpxtpx:TrackPointExtension>
<gpxtpx:hr>105</gpxtpx:hr>
</gpxtpx:TrackPointExtension>
</extensions>
</trkpt>
<trkpt lat="36.7830779" lon="127.0040135">
<ele>-1.061</ele>
<time>2024-06-03T13:27:14Z</time>
<extensions>
<gpxtpx:TrackPointExtension>
<gpxtpx:hr>105</gpxtpx:hr>
</gpxtpx:TrackPointExtension>
</extensions>
</trkpt>
<trkpt lat="36.783074" lon="127.0040322">
<ele>-1.053</ele>
<time>2024-06-03T13:27:15Z</time>
<extensions>
<gpxtpx:TrackPointExtension>
<gpxtpx:hr>104</gpxtpx:hr>
</gpxtpx:TrackPointExtension>
</extensions>
</trkpt>
<trkpt lat="36.7830708" lon="127.0040499">
<ele>-1.0</ele>
<time>2024-06-03T13:27:16Z</time>
<extensions>
<gpxtpx:TrackPointExtension>
<gpxtpx:hr>104</gpxtpx:hr>
</gpxtpx:TrackPointExtension>
</extensions>
</trkpt>
<trkpt lat="36.7830679" lon="127.0040677">
<ele>-0.968</ele>
<time>2024-06-03T13:27:17Z</time>
<extensions>
<gpxtpx:TrackPointExtension>
<gpxtpx:hr>104</gpxtpx:hr>
</gpxtpx:TrackPointExtension>
</extensions>
</trkpt>
<trkpt lat="36.7830637" lon="127.0040858">
<ele>-0.956</ele>
<time>2024-06-03T13:27:18Z</time>
<extensions>
<gpxtpx:TrackPointExtension>
<gpxtpx:hr>104</gpxtpx:hr>
</gpxtpx:TrackPointExtension>
</extensions>
</trkpt>
<trkpt lat="36.7830606" lon="127.0041042">
<ele>-0.923</ele>
<time>2024-06-03T13:27:19Z</time>
<extensions>
<gpxtpx:TrackPointExtension>
<gpxtpx:hr>104</gpxtpx:hr>
</gpxtpx:TrackPointExtension>
</extensions>
</trkpt>
<trkpt lat="36.7830579" lon="127.0041241">
<ele>-0.946</ele>
<time>2024-06-03T13:27:20Z</time>
<extensions>
<gpxtpx:TrackPointExtension>
<gpxtpx:hr>104</gpxtpx:hr>
</gpxtpx:TrackPointExtension>
</extensions>
</trkpt>
<trkpt lat="36.7830551" lon="127.0041428">
<ele>-0.868</ele>
<time>2024-06-03T13:27:21Z</time>
<extensions>
<gpxtpx:TrackPointExtension>
<gpxtpx:hr>104</gpxtpx:hr>
<gpxtpx:cad>106</gpxtpx:cad>
</gpxtpx:TrackPointExtension>
</extensions>
</trkpt>
<trkpt lat="36.7830453" lon="127.0041765">
<ele>-0.837</ele>
<time>2024-06-03T13:27:22Z</time>
<extensions>
<gpxtpx:TrackPointExtension>
<gpxtpx:hr>104</gpxtpx:hr>
<gpxtpx:cad>106</gpxtpx:cad>
</gpxtpx:TrackPointExtension>
</extensions>
</trkpt>
<trkpt lat="36.7830386" lon="127.0041919">
<ele>-0.814</ele>
<time>2024-06-03T13:27:23Z</time>
<extensions>
<gpxtpx:TrackPointExtension>
<gpxtpx:hr>104</gpxtpx:hr>
</gpxtpx:TrackPointExtension>
</extensions>
</trkpt>
<trkpt lat="36.7830317" lon="127.004206">
<ele>-0.749</ele>
<time>2024-06-03T13:27:24Z</time>
<extensions>
<gpxtpx:TrackPointExtension>
<gpxtpx:hr>105</gpxtpx:hr>
</gpxtpx:TrackPointExtension>
</extensions>
</trkpt>
<trkpt lat="36.7830248" lon="127.0042196">
<ele>-0.686</ele>
<time>2024-06-03T13:27:25Z</time>
<extensions>
<gpxtpx:TrackPointExtension>
<gpxtpx:hr>105</gpxtpx:hr>
</gpxtpx:TrackPointExtension>
</extensions>
</trkpt>
<trkpt lat="36.7830184" lon="127.0042345">
<ele>-0.653</ele>
<time>2024-06-03T13:27:26Z</time>
<extensions>
<gpxtpx:TrackPointExtension>
<gpxtpx:hr>105</gpxtpx:hr>
</gpxtpx:TrackPointExtension>
</extensions>
</trkpt>
<trkpt lat="36.7830113" lon="127.0042486">
<ele>-0.641</ele>
<time>2024-06-03T13:27:27Z</time>
<extensions>
<gpxtpx:TrackPointExtension>
<gpxtpx:hr>105</gpxtpx:hr>
</gpxtpx:TrackPointExtension>
</extensions>
</trkpt>
<trkpt lat="36.7830043" lon="127.0042635">
<ele>-0.609</ele>
<time>2024-06-03T13:27:28Z</time>
<extensions>
<gpxtpx:TrackPointExtension>
<gpxtpx:hr>105</gpxtpx:hr>
</gpxtpx:TrackPointExtension>
</extensions>
</trkpt>
<trkpt lat="36.7829977" lon="127.0042778">
<ele>-0.516</ele>
<time>2024-06-03T13:27:29Z</time>
<extensions>
<gpxtpx:TrackPointExtension>
<gpxtpx:hr>105</gpxtpx:hr>
</gpxtpx:TrackPointExtension>
</extensions>
</trkpt>
<trkpt lat="36.7829915" lon="127.0042908">
<ele>-0.543</ele>
<time>2024-06-03T13:27:30Z</time>
<extensions>
<gpxtpx:TrackPointExtension>
<gpxtpx:hr>105</gpxtpx:hr>
</gpxtpx:TrackPointExtension>
</extensions>
</trkpt>
<trkpt lat="36.7829859" lon="127.0043033">
<ele>-0.569</ele>
<time>2024-06-03T13:27:31Z</time>
<extensions>
<gpxtpx:TrackPointExtension>
<gpxtpx:hr>105</gpxtpx:hr>
<gpxtpx:cad>106</gpxtpx:cad>
</gpxtpx:TrackPointExtension>
</extensions>
</trkpt>
<trkpt lat="36.7829792" lon="127.0043152">
<ele>-0.55</ele>
<time>2024-06-03T13:27:32Z</time>
<extensions>
<gpxtpx:TrackPointExtension>
<gpxtpx:hr>105</gpxtpx:hr>
</gpxtpx:TrackPointExtension>
</extensions>
</trkpt>
<trkpt lat="36.7829701" lon="127.0043281">
<ele>-0.568</ele>
<time>2024-06-03T13:27:33Z</time>
<extensions>
<gpxtpx:TrackPointExtension>
<gpxtpx:hr>104</gpxtpx:hr>
</gpxtpx:TrackPointExtension>
</extensions>
</trkpt>
<trkpt lat="36.7829616" lon="127.0043392">
<ele>-0.57</ele>
<time>2024-06-03T13:27:34Z</time>
<extensions>
<gpxtpx:TrackPointExtension>
<gpxtpx:hr>104</gpxtpx:hr>
</gpxtpx:TrackPointExtension>
</extensions>
</trkpt>
<trkpt lat="36.7829525" lon="127.0043514">
<ele>-0.546</ele>
<time>2024-06-03T13:27:35Z</time>
<extensions>
<gpxtpx:TrackPointExtension>
<gpxtpx:hr>105</gpxtpx:hr>
</gpxtpx:TrackPointExtension>
</extensions>
</trkpt>
<trkpt lat="36.7829437" lon="127.004363">
<ele>-0.59</ele>
<time>2024-06-03T13:27:36Z</time>
<extensions>
<gpxtpx:TrackPointExtension>
<gpxtpx:hr>104</gpxtpx:hr>
</gpxtpx:TrackPointExtension>
</extensions>
</trkpt>
<trkpt lat="36.7829345" lon="127.0043742">
<ele>-0.577</ele>
<time>2024-06-03T13:27:37Z</time>
<extensions>
<gpxtpx:TrackPointExtension>
<gpxtpx:hr>104</gpxtpx:hr>
</gpxtpx:TrackPointExtension>
</extensions>
</trkpt>
<trkpt lat="36.7829252" lon="127.004386">
<ele>-0.546</ele>
<time>2024-06-03T13:27:38Z</time>
<extensions>
<gpxtpx:TrackPointExtension>
<gpxtpx:hr>104</gpxtpx:hr>
</gpxtpx:TrackPointExtension>
</extensions>
</trkpt>
<trkpt lat="36.7829161" lon="127.004398">
<ele>-0.576</ele>
<time>2024-06-03T13:27:39Z</time>
<extensions>
<gpxtpx:TrackPointExtension>
<gpxtpx:hr>104</gpxtpx:hr>
</gpxtpx:TrackPointExtension>
</extensions>
</trkpt>
<trkpt lat="36.7829075" lon="127.0044094">
<ele>-0.542</ele>
<time>2024-06-03T13:27:40Z</time>
<extensions>
<gpxtpx:TrackPointExtension>
<gpxtpx:hr>104</gpxtpx:hr>
</gpxtpx:TrackPointExtension>
</extensions>
</trkpt>
<trkpt lat="36.7829002" lon="127.0044193">
<ele>-0.456</ele>
<time>2024-06-03T13:27:41Z</time>
<extensions>
<gpxtpx:TrackPointExtension>
<gpxtpx:hr>104</gpxtpx:hr>
<gpxtpx:cad>106</gpxtpx:cad>
</gpxtpx:TrackPointExtension>
</extensions>
</trkpt>
<trkpt lat="36.7828922" lon="127.0044293">
<ele>-0.193</ele>
<time>2024-06-03T13:27:42Z</time>
<extensions>
<gpxtpx:TrackPointExtension>
<gpxtpx:hr>104</gpxtpx:hr>
</gpxtpx:TrackPointExtension>
</extensions>
</trkpt>
<trkpt lat="36.7828847" lon="127.0044389">
<ele>-0.067</ele>
<time>2024-06-03T13:27:43Z</time>
<extensions>
<gpxtpx:TrackPointExtension>
<gpxtpx:hr>103</gpxtpx:hr>
</gpxtpx:TrackPointExtension>
</extensions>
</trkpt>
<trkpt lat="36.7828776" lon="127.0044485">
<ele>-0.205</ele>
<time>2024-06-03T13:27:44Z</time>
<extensions>
<gpxtpx:TrackPointExtension>
<gpxtpx:hr>103</gpxtpx:hr>
</gpxtpx:TrackPointExtension>
</extensions>
</trkpt>
<trkpt lat="36.7828708" lon="127.0044588">
<ele>-0.349</ele>
<time>2024-06-03T13:27:45Z</time>
<extensions>
<gpxtpx:TrackPointExtension>
<gpxtpx:hr>103</gpxtpx:hr>
</gpxtpx:TrackPointExtension>
</extensions>
</trkpt>
<trkpt lat="36.7828633" lon="127.0044691">
<ele>-0.456</ele>
<time>2024-06-03T13:27:46Z</time>
<extensions>
<gpxtpx:TrackPointExtension>
<gpxtpx:hr>103</gpxtpx:hr>
</gpxtpx:TrackPointExtension>
</extensions>
</trkpt>
<trkpt lat="36.7828561" lon="127.0044782">
<ele>-0.478</ele>
<time>2024-06-03T13:27:47Z</time>
<extensions>
<gpxtpx:TrackPointExtension>
<gpxtpx:hr>103</gpxtpx:hr>
</gpxtpx:TrackPointExtension>
</extensions>
</trkpt>
<trkpt lat="36.7828501" lon="127.0044852">
<ele>-0.564</ele>
<time>2024-06-03T13:27:48Z</time>
<extensions>
<gpxtpx:TrackPointExtension>
<gpxtpx:hr>103</gpxtpx:hr>
</gpxtpx:TrackPointExtension>
</extensions>
</trkpt>
<trkpt lat="36.7828463" lon="127.0044893">
<ele>-0.514</ele>
<time>2024-06-03T13:27:49Z</time>
<extensions>
<gpxtpx:TrackPointExtension>
<gpxtpx:hr>103</gpxtpx:hr>
</gpxtpx:TrackPointExtension>
</extensions>
</trkpt>
<trkpt lat="36.7828414" lon="127.0044922">
<ele>-0.617</ele>
<time>2024-06-03T13:27:50Z</time>
<extensions>
<gpxtpx:TrackPointExtension>
<gpxtpx:hr>103</gpxtpx:hr>
</gpxtpx:TrackPointExtension>
</extensions>
</trkpt>
<trkpt lat="36.782836" lon="127.0044955">
<ele>-0.719</ele>
<time>2024-06-03T13:27:51Z</time>
<extensions>
<gpxtpx:TrackPointExtension>
<gpxtpx:hr>103</gpxtpx:hr>
<gpxtpx:cad>81</gpxtpx:cad>
</gpxtpx:TrackPointExtension>
</extensions>
</trkpt>
<trkpt lat="36.7828313" lon="127.0044968">
<ele>-0.725</ele>
<time>2024-06-03T13:27:52Z</time>
<extensions>
<gpxtpx:TrackPointExtension>
<gpxtpx:hr>103</gpxtpx:hr>
</gpxtpx:TrackPointExtension>
</extensions>
</trkpt>
<trkpt lat="36.7828265" lon="127.0044973">
<ele>-0.728</ele>
<time>2024-06-03T13:27:53Z</time>
<extensions>
<gpxtpx:TrackPointExtension>
<gpxtpx:hr>103</gpxtpx:hr>
</gpxtpx:TrackPointExtension>
</extensions>
</trkpt>
<trkpt lat="36.7828222" lon="127.0044976">
<ele>-0.726</ele>
<time>2024-06-03T13:27:54Z</time>
<extensions>
<gpxtpx:TrackPointExtension>
<gpxtpx:hr>103</gpxtpx:hr>
</gpxtpx:TrackPointExtension>
</extensions>
</trkpt>
<trkpt lat="36.7828179" lon="127.0044966">
<ele>-0.71</ele>
<time>2024-06-03T13:27:55Z</time>
<extensions>
<gpxtpx:TrackPointExtension>
<gpxtpx:cad>40</gpxtpx:cad>
</gpxtpx:TrackPointExtension>
</extensions>
</trkpt>
<trkpt lat="36.7828147" lon="127.0044951">
<ele>-0.775</ele>
<time>2024-06-03T13:27:56Z</time>
<extensions>
<gpxtpx:TrackPointExtension>
<gpxtpx:hr>103</gpxtpx:hr>
<gpxtpx:cad>29</gpxtpx:cad>
</gpxtpx:TrackPointExtension>
</extensions>
</trkpt>
<trkpt lat="36.782798" lon="127.0044943">
<ele>-0.988</ele>
<time>2024-06-03T13:28:01Z</time>
<extensions>
<gpxtpx:TrackPointExtension>
<gpxtpx:hr>103</gpxtpx:hr>
</gpxtpx:TrackPointExtension>
</extensions>
</trkpt>
<trkpt lat="36.7827922" lon="127.0044943">
<ele>-0.964</ele>
<time>2024-06-03T13:28:02Z</time>
<extensions>
<gpxtpx:TrackPointExtension>
<gpxtpx:hr>103</gpxtpx:hr>
</gpxtpx:TrackPointExtension>
</extensions>
</trkpt>
<trkpt lat="36.782787" lon="127.0044918">
<ele>-0.865</ele>
<time>2024-06-03T13:28:03Z</time>
<extensions>
<gpxtpx:TrackPointExtension>
<gpxtpx:hr>104</gpxtpx:hr>
</gpxtpx:TrackPointExtension>
</extensions>
</trkpt>
<trkpt lat="36.7827824" lon="127.0044878">
<ele>-0.834</ele>
<time>2024-06-03T13:28:04Z</time>
<extensions>
<gpxtpx:TrackPointExtension>
<gpxtpx:hr>104</gpxtpx:hr>
</gpxtpx:TrackPointExtension>
</extensions>
</trkpt>
<trkpt lat="36.7827771" lon="127.0044832">
<ele>-0.844</ele>
<time>2024-06-03T13:28:05Z</time>
<extensions>
<gpxtpx:TrackPointExtension>
<gpxtpx:hr>105</gpxtpx:hr>
<gpxtpx:cad>27</gpxtpx:cad>
</gpxtpx:TrackPointExtension>
</extensions>
</trkpt>
<trkpt lat="36.7827724" lon="127.0044773">
<ele>-0.822</ele>
<time>2024-06-03T13:28:06Z</time>
<extensions>
<gpxtpx:TrackPointExtension>
<gpxtpx:hr>105</gpxtpx:hr>
</gpxtpx:TrackPointExtension>
</extensions>
</trkpt>
<trkpt lat="36.7827681" lon="127.0044716">
<ele>-0.897</ele>
<time>2024-06-03T13:28:07Z</time>
<extensions>
<gpxtpx:TrackPointExtension>
<gpxtpx:hr>106</gpxtpx:hr>
</gpxtpx:TrackPointExtension>
</extensions>
</trkpt>
<trkpt lat="36.7827646" lon="127.0044671">
<ele>-0.886</ele>
<time>2024-06-03T13:28:08Z</time>
<extensions>
<gpxtpx:TrackPointExtension>
<gpxtpx:hr>106</gpxtpx:hr>
</gpxtpx:TrackPointExtension>
</extensions>
</trkpt>
<trkpt lat="36.7827616" lon="127.0044636">
<ele>-0.928</ele>
<time>2024-06-03T13:28:09Z</time>
<extensions>
<gpxtpx:TrackPointExtension>
<gpxtpx:hr>105</gpxtpx:hr>
</gpxtpx:TrackPointExtension>
</extensions>
</trkpt>
<trkpt lat="36.7827609" lon="127.0044591">
<ele>-0.909</ele>
<time>2024-06-03T13:28:10Z</time>
<extensions>
<gpxtpx:TrackPointExtension>
<gpxtpx:hr>105</gpxtpx:hr>
</gpxtpx:TrackPointExtension>
</extensions>
</trkpt>
<trkpt lat="36.7827627" lon="127.0044539">
<ele>-0.851</ele>
<time>2024-06-03T13:28:11Z</time>
<extensions>
<gpxtpx:TrackPointExtension>
<gpxtpx:hr>104</gpxtpx:hr>
</gpxtpx:TrackPointExtension>
</extensions>
</trkpt>
<trkpt lat="36.7827672" lon="127.0044468">
<ele>-0.853</ele>
<time>2024-06-03T13:28:12Z</time>
<extensions>
<gpxtpx:TrackPointExtension>
<gpxtpx:hr>103</gpxtpx:hr>
</gpxtpx:TrackPointExtension>
</extensions>
</trkpt>
<trkpt lat="36.7827731" lon="127.0044353">
<ele>-0.797</ele>
<time>2024-06-03T13:28:13Z</time>
<extensions>
<gpxtpx:TrackPointExtension>
<gpxtpx:hr>102</gpxtpx:hr>
</gpxtpx:TrackPointExtension>
</extensions>
</trkpt>
<trkpt lat="36.782779" lon="127.0044216">
<ele>-0.7</ele>
<time>2024-06-03T13:28:14Z</time>
<extensions>
<gpxtpx:TrackPointExtension>
<gpxtpx:hr>102</gpxtpx:hr>
</gpxtpx:TrackPointExtension>
</extensions>
</trkpt>
<trkpt lat="36.7827847" lon="127.0044072">
<ele>-0.912</ele>
<time>2024-06-03T13:28:15Z</time>
<extensions>
<gpxtpx:TrackPointExtension>
<gpxtpx:hr>101</gpxtpx:hr>
</gpxtpx:TrackPointExtension>
</extensions>
</trkpt>
<trkpt lat="36.7827898" lon="127.0043917">
<ele>-1.023</ele>
<time>2024-06-03T13:28:16Z</time>
<extensions>
<gpxtpx:TrackPointExtension>
<gpxtpx:hr>100</gpxtpx:hr>
</gpxtpx:TrackPointExtension>
</extensions>
</trkpt>
<trkpt lat="36.7827931" lon="127.0043755">
<ele>-0.584</ele>
<time>2024-06-03T13:28:17Z</time>
<extensions>
<gpxtpx:TrackPointExtension>
<gpxtpx:hr>99</gpxtpx:hr>
</gpxtpx:TrackPointExtension>
</extensions>
</trkpt>
<trkpt lat="36.7827951" lon="127.0043594">
<ele>-0.211</ele>
<time>2024-06-03T13:28:18Z</time>
<extensions>
<gpxtpx:TrackPointExtension>
<gpxtpx:hr>98</gpxtpx:hr>
</gpxtpx:TrackPointExtension>
</extensions>
</trkpt>
<trkpt lat="36.7827952" lon="127.004345">
<ele>-0.056</ele>
<time>2024-06-03T13:28:19Z</time>
<extensions>
<gpxtpx:TrackPointExtension>
<gpxtpx:hr>98</gpxtpx:hr>
</gpxtpx:TrackPointExtension>
</extensions>
</trkpt>
<trkpt lat="36.7827942" lon="127.0043332">
<ele>0.012</ele>
<time>2024-06-03T13:28:20Z</time>
<extensions>
<gpxtpx:TrackPointExtension>
<gpxtpx:hr>97</gpxtpx:hr>
</gpxtpx:TrackPointExtension>
</extensions>
</trkpt>
<trkpt lat="36.7827915" lon="127.0043233">
<ele>0.034</ele>
<time>2024-06-03T13:28:21Z</time>
<extensions>
<gpxtpx:TrackPointExtension>
<gpxtpx:hr>97</gpxtpx:hr>
</gpxtpx:TrackPointExtension>
</extensions>
</trkpt>
<trkpt lat="36.7827876" lon="127.0043162">
<ele>0.048</ele>
<time>2024-06-03T13:28:22Z</time>
<extensions>
<gpxtpx:TrackPointExtension>
<gpxtpx:hr>97</gpxtpx:hr>
</gpxtpx:TrackPointExtension>
</extensions>
</trkpt>
<trkpt lat="36.7827837" lon="127.0043107">
<ele>0.054</ele>
<time>2024-06-03T13:28:23Z</time>
<extensions>
<gpxtpx:TrackPointExtension>
<gpxtpx:hr>97</gpxtpx:hr>
</gpxtpx:TrackPointExtension>
</extensions>
</trkpt>
<trkpt lat="36.7827778" lon="127.0043083">
<ele>0.093</ele>
<time>2024-06-03T13:28:24Z</time>
<extensions>
<gpxtpx:TrackPointExtension>
<gpxtpx:hr>96</gpxtpx:hr>
</gpxtpx:TrackPointExtension>
</extensions>
</trkpt>
<trkpt lat="36.7827729" lon="127.0043082">
<ele>0.057</ele>
<time>2024-06-03T13:28:25Z</time>
<extensions>
<gpxtpx:TrackPointExtension>
<gpxtpx:hr>96</gpxtpx:hr>
<gpxtpx:cad>23</gpxtpx:cad>
</gpxtpx:TrackPointExtension>
</extensions>
</trkpt>
<trkpt lat="36.7827894" lon="127.004385">
<ele>-0.166</ele>
<time>2024-06-03T13:28:42Z</time>
<extensions>
<gpxtpx:TrackPointExtension>
<gpxtpx:hr>92</gpxtpx:hr>
</gpxtpx:TrackPointExtension>
</extensions>
</trkpt>
<trkpt lat="36.7827871" lon="127.0043822">
<ele>-0.001</ele>
<time>2024-06-03T13:28:43Z</time>
<extensions>
<gpxtpx:TrackPointExtension>
<gpxtpx:hr>92</gpxtpx:hr>
</gpxtpx:TrackPointExtension>
</extensions>
</trkpt>
<trkpt lat="36.7827843" lon="127.0043785">
<ele>0.03</ele>
<time>2024-06-03T13:28:44Z</time>
<extensions>
<gpxtpx:TrackPointExtension>
<gpxtpx:hr>92</gpxtpx:hr>
</gpxtpx:TrackPointExtension>
</extensions>
</trkpt>
<trkpt lat="36.7827818" lon="127.0043734">
<ele>-0.007</ele>
<time>2024-06-03T13:28:45Z</time>
<extensions>
<gpxtpx:TrackPointExtension>
<gpxtpx:hr>92</gpxtpx:hr>
</gpxtpx:TrackPointExtension>
</extensions>
</trkpt>
<trkpt lat="36.7827805" lon="127.0043683">
<ele>-0.064</ele>
<time>2024-06-03T13:28:46Z</time>
<extensions>
<gpxtpx:TrackPointExtension>
<gpxtpx:hr>91</gpxtpx:hr>
</gpxtpx:TrackPointExtension>
</extensions>
</trkpt>
<trkpt lat="36.7827804" lon="127.0043635">
<ele>-0.061</ele>
<time>2024-06-03T13:28:47Z</time>
<extensions>
<gpxtpx:TrackPointExtension>
<gpxtpx:hr>91</gpxtpx:hr>
</gpxtpx:TrackPointExtension>
</extensions>
</trkpt>
<trkpt lat="36.7827825" lon="127.0043597">
<ele>-0.081</ele>
<time>2024-06-03T13:28:48Z</time>
<extensions>
<gpxtpx:TrackPointExtension>
<gpxtpx:hr>91</gpxtpx:hr>
</gpxtpx:TrackPointExtension>
</extensions>
</trkpt>
<trkpt lat="36.7827861" lon="127.0043589">
<ele>-0.087</ele>
<time>2024-06-03T13:28:49Z</time>
<extensions>
<gpxtpx:TrackPointExtension>
<gpxtpx:hr>91</gpxtpx:hr>
</gpxtpx:TrackPointExtension>
</extensions>
</trkpt>
<trkpt lat="36.7827912" lon="127.0043605">
<ele>-0.022</ele>
<time>2024-06-03T13:28:50Z</time>
<extensions>
<gpxtpx:TrackPointExtension>
<gpxtpx:hr>91</gpxtpx:hr>
</gpxtpx:TrackPointExtension>
</extensions>
</trkpt>
<trkpt lat="36.7827963" lon="127.0043665">
<ele>0.042</ele>
<time>2024-06-03T13:28:51Z</time>
<extensions>
<gpxtpx:TrackPointExtension>
<gpxtpx:hr>92</gpxtpx:hr>
<gpxtpx:cad>13</gpxtpx:cad>
</gpxtpx:TrackPointExtension>
</extensions>
</trkpt>
<trkpt lat="36.7828002" lon="127.004374">
<ele>-0.079</ele>
<time>2024-06-03T13:28:52Z</time>
<extensions>
<gpxtpx:TrackPointExtension>
<gpxtpx:hr>92</gpxtpx:hr>
</gpxtpx:TrackPointExtension>
</extensions>
</trkpt>
<trkpt lat="36.782803" lon="127.0043811">
<ele>-0.167</ele>
<time>2024-06-03T13:28:53Z</time>
<extensions>
<gpxtpx:TrackPointExtension>
<gpxtpx:hr>92</gpxtpx:hr>
</gpxtpx:TrackPointExtension>
</extensions>
</trkpt>
<trkpt lat="36.7828039" lon="127.0043873">
<ele>-0.185</ele>
<time>2024-06-03T13:28:54Z</time>
</trkpt>
<trkpt lat="36.7828048" lon="127.0043929">
<ele>-0.21</ele>
<time>2024-06-03T13:28:55Z</time>
<extensions>
<gpxtpx:TrackPointExtension>
<gpxtpx:hr>92</gpxtpx:hr>
</gpxtpx:TrackPointExtension>
</extensions>
</trkpt>
<trkpt lat="36.782805" lon="127.0043977">
<ele>-0.281</ele>
<time>2024-06-03T13:28:56Z</time>
<extensions>
<gpxtpx:TrackPointExtension>
<gpxtpx:hr>92</gpxtpx:hr>
</gpxtpx:TrackPointExtension>
</extensions>
</trkpt>
<trkpt lat="36.7828042" lon="127.0044054">
<ele>-0.222</ele>
<time>2024-06-03T13:28:57Z</time>
<extensions>
<gpxtpx:TrackPointExtension>
<gpxtpx:hr>91</gpxtpx:hr>
</gpxtpx:TrackPointExtension>
</extensions>
</trkpt>
<trkpt lat="36.7828024" lon="127.0044132">
<ele>-0.079</ele>
<time>2024-06-03T13:28:58Z</time>
<extensions>
<gpxtpx:TrackPointExtension>
<gpxtpx:hr>91</gpxtpx:hr>
</gpxtpx:TrackPointExtension>
</extensions>
</trkpt>
<trkpt lat="36.7827996" lon="127.0044223">
<ele>-0.041</ele>
<time>2024-06-03T13:28:59Z</time>
<extensions>
<gpxtpx:TrackPointExtension>
<gpxtpx:hr>92</gpxtpx:hr>
</gpxtpx:TrackPointExtension>
</extensions>
</trkpt>
<trkpt lat="36.7827956" lon="127.0044338">
<ele>0.061</ele>
<time>2024-06-03T13:29:00Z</time>
<extensions>
<gpxtpx:TrackPointExtension>
<gpxtpx:hr>92</gpxtpx:hr>
</gpxtpx:TrackPointExtension>
</extensions>
</trkpt>
<trkpt lat="36.782792" lon="127.0044448">
<ele>0.204</ele>
<time>2024-06-03T13:29:01Z</time>
<extensions>
<gpxtpx:TrackPointExtension>
<gpxtpx:hr>91</gpxtpx:hr>
<gpxtpx:cad>41</gpxtpx:cad>
</gpxtpx:TrackPointExtension>
</extensions>
</trkpt>
<trkpt lat="36.7827888" lon="127.0044556">
<ele>0.228</ele>
<time>2024-06-03T13:29:02Z</time>
<extensions>
<gpxtpx:TrackPointExtension>
<gpxtpx:hr>92</gpxtpx:hr>
</gpxtpx:TrackPointExtension>
</extensions>
</trkpt>
<trkpt lat="36.7827845" lon="127.0044662">
<ele>0.309</ele>
<time>2024-06-03T13:29:03Z</time>
<extensions>
<gpxtpx:TrackPointExtension>
<gpxtpx:hr>92</gpxtpx:hr>
</gpxtpx:TrackPointExtension>
</extensions>
</trkpt>
<trkpt lat="36.782778" lon="127.0044785">
<ele>0.317</ele>
<time>2024-06-03T13:29:04Z</time>
<extensions>
<gpxtpx:TrackPointExtension>
<gpxtpx:hr>92</gpxtpx:hr>
</gpxtpx:TrackPointExtension>
</extensions>
</trkpt>
<trkpt lat="36.7827703" lon="127.0044948">
<ele>0.368</ele>
<time>2024-06-03T13:29:05Z</time>
<extensions>
<gpxtpx:TrackPointExtension>
<gpxtpx:hr>93</gpxtpx:hr>
</gpxtpx:TrackPointExtension>
</extensions>
</trkpt>
<trkpt lat="36.7827612" lon="127.004511">
<ele>0.371</ele>
<time>2024-06-03T13:29:06Z</time>
<extensions>
<gpxtpx:TrackPointExtension>
<gpxtpx:hr>94</gpxtpx:hr>
</gpxtpx:TrackPointExtension>
</extensions>
</trkpt>
<trkpt lat="36.7827508" lon="127.0045286">
<ele>0.398</ele>
<time>2024-06-03T13:29:07Z</time>
<extensions>
<gpxtpx:TrackPointExtension>
<gpxtpx:hr>94</gpxtpx:hr>
</gpxtpx:TrackPointExtension>
</extensions>
</trkpt>
<trkpt lat="36.7827399" lon="127.0045466">
<ele>0.334</ele>
<time>2024-06-03T13:29:08Z</time>
<extensions>
<gpxtpx:TrackPointExtension>
<gpxtpx:hr>94</gpxtpx:hr>
</gpxtpx:TrackPointExtension>
</extensions>
</trkpt>
<trkpt lat="36.7827287" lon="127.0045658">
<ele>0.311</ele>
<time>2024-06-03T13:29:09Z</time>
<extensions>
<gpxtpx:TrackPointExtension>
<gpxtpx:hr>95</gpxtpx:hr>
</gpxtpx:TrackPointExtension>
</extensions>
</trkpt>
<trkpt lat="36.7827176" lon="127.0045848">
<ele>0.246</ele>
<time>2024-06-03T13:29:10Z</time>
<extensions>
<gpxtpx:TrackPointExtension>
<gpxtpx:hr>95</gpxtpx:hr>
</gpxtpx:TrackPointExtension>
</extensions>
</trkpt>
<trkpt lat="36.7827068" lon="127.0046022">
<ele>0.307</ele>
<time>2024-06-03T13:29:11Z</time>
<extensions>
<gpxtpx:TrackPointExtension>
<gpxtpx:hr>96</gpxtpx:hr>
<gpxtpx:cad>101</gpxtpx:cad>
</gpxtpx:TrackPointExtension>
</extensions>
</trkpt>
<trkpt lat="36.782697" lon="127.0046188">
<ele>0.348</ele>
<time>2024-06-03T13:29:12Z</time>
<extensions>
<gpxtpx:TrackPointExtension>
<gpxtpx:hr>96</gpxtpx:hr>
</gpxtpx:TrackPointExtension>
</extensions>
</trkpt>
<trkpt lat="36.7826882" lon="127.0046339">
<ele>0.345</ele>
<time>2024-06-03T13:29:13Z</time>
<extensions>
<gpxtpx:TrackPointExtension>
<gpxtpx:hr>96</gpxtpx:hr>
<gpxtpx:cad>102</gpxtpx:cad>
</gpxtpx:TrackPointExtension>
</extensions>
</trkpt>
<trkpt lat="36.7826805" lon="127.0046486">
<ele>0.403</ele>
<time>2024-06-03T13:29:14Z</time>
<extensions>
<gpxtpx:TrackPointExtension>
<gpxtpx:hr>96</gpxtpx:hr>
</gpxtpx:TrackPointExtension>
</extensions>
</trkpt>
<trkpt lat="36.7826745" lon="127.0046635">
<ele>0.468</ele>
<time>2024-06-03T13:29:15Z</time>
<extensions>
<gpxtpx:TrackPointExtension>
<gpxtpx:hr>96</gpxtpx:hr>
</gpxtpx:TrackPointExtension>
</extensions>
</trkpt>
<trkpt lat="36.7826694" lon="127.0046784">
<ele>0.476</ele>
<time>2024-06-03T13:29:16Z</time>
<extensions>
<gpxtpx:TrackPointExtension>
<gpxtpx:hr>96</gpxtpx:hr>
</gpxtpx:TrackPointExtension>
</extensions>
</trkpt>
<trkpt lat="36.7826651" lon="127.004695">
<ele>0.423</ele>
<time>2024-06-03T13:29:17Z</time>
<extensions>
<gpxtpx:TrackPointExtension>
<gpxtpx:hr>96</gpxtpx:hr>
</gpxtpx:TrackPointExtension>
</extensions>
</trkpt>
<trkpt lat="36.782661" lon="127.0047104">
<ele>0.558</ele>
<time>2024-06-03T13:29:18Z</time>
<extensions>
<gpxtpx:TrackPointExtension>
<gpxtpx:hr>96</gpxtpx:hr>
</gpxtpx:TrackPointExtension>
</extensions>
</trkpt>
<trkpt lat="36.7826581" lon="127.0047271">
<ele>0.555</ele>
<time>2024-06-03T13:29:19Z</time>
<extensions>
<gpxtpx:TrackPointExtension>
<gpxtpx:hr>96</gpxtpx:hr>
</gpxtpx:TrackPointExtension>
</extensions>
</trkpt>
<trkpt lat="36.782655" lon="127.0047437">
<ele>0.725</ele>
<time>2024-06-03T13:29:20Z</time>
<extensions>
<gpxtpx:TrackPointExtension>
<gpxtpx:hr>96</gpxtpx:hr>
</gpxtpx:TrackPointExtension>
</extensions>
</trkpt>
<trkpt lat="36.7826495" lon="127.0047594">
<ele>0.632</ele>
<time>2024-06-03T13:29:21Z</time>
<extensions>
<gpxtpx:TrackPointExtension>
<gpxtpx:hr>96</gpxtpx:hr>
<gpxtpx:cad>103</gpxtpx:cad>
</gpxtpx:TrackPointExtension>
</extensions>
</trkpt>
<trkpt lat="36.7826408" lon="127.0047727">
<ele>0.633</ele>
<time>2024-06-03T13:29:22Z</time>
<extensions>
<gpxtpx:TrackPointExtension>
<gpxtpx:hr>96</gpxtpx:hr>
</gpxtpx:TrackPointExtension>
</extensions>
</trkpt>
<trkpt lat="36.7826292" lon="127.0047841">
<ele>0.649</ele>
<time>2024-06-03T13:29:23Z</time>
<extensions>
<gpxtpx:TrackPointExtension>
<gpxtpx:hr>96</gpxtpx:hr>
</gpxtpx:TrackPointExtension>
</extensions>
</trkpt>
<trkpt lat="36.7826198" lon="127.0047957">
<ele>0.653</ele>
<time>2024-06-03T13:29:24Z</time>
<extensions>
<gpxtpx:TrackPointExtension>
<gpxtpx:hr>95</gpxtpx:hr>
</gpxtpx:TrackPointExtension>
</extensions>
</trkpt>
<trkpt lat="36.7826102" lon="127.0048074">
<ele>0.654</ele>
<time>2024-06-03T13:29:25Z</time>
<extensions>
<gpxtpx:TrackPointExtension>
<gpxtpx:hr>96</gpxtpx:hr>
</gpxtpx:TrackPointExtension>
</extensions>
</trkpt>
<trkpt lat="36.7826012" lon="127.0048168">
<ele>0.572</ele>
<time>2024-06-03T13:29:26Z</time>
<extensions>
<gpxtpx:TrackPointExtension>
<gpxtpx:hr>97</gpxtpx:hr>
</gpxtpx:TrackPointExtension>
</extensions>
</trkpt>
<trkpt lat="36.7825903" lon="127.0048237">
<ele>0.552</ele>
<time>2024-06-03T13:29:27Z</time>
<extensions>
<gpxtpx:TrackPointExtension>
<gpxtpx:hr>97</gpxtpx:hr>
</gpxtpx:TrackPointExtension>
</extensions>
</trkpt>
<trkpt lat="36.782579" lon="127.0048289">
<ele>0.611</ele>
<time>2024-06-03T13:29:28Z</time>
<extensions>
<gpxtpx:TrackPointExtension>
<gpxtpx:hr>98</gpxtpx:hr>
</gpxtpx:TrackPointExtension>
</extensions>
</trkpt>
<trkpt lat="36.7825694" lon="127.0048339">
<ele>0.595</ele>
<time>2024-06-03T13:29:29Z</time>
<extensions>
<gpxtpx:TrackPointExtension>
<gpxtpx:hr>98</gpxtpx:hr>
</gpxtpx:TrackPointExtension>
</extensions>
</trkpt>
<trkpt lat="36.7825614" lon="127.0048401">
<ele>0.657</ele>
<time>2024-06-03T13:29:31Z</time>
<extensions>
<gpxtpx:TrackPointExtension>
<gpxtpx:hr>99</gpxtpx:hr>
</gpxtpx:TrackPointExtension>
</extensions>
</trkpt>
<trkpt lat="36.7825567" lon="127.0048486">
<ele>0.649</ele>
<time>2024-06-03T13:29:32Z</time>
<extensions>
<gpxtpx:TrackPointExtension>
<gpxtpx:hr>99</gpxtpx:hr>
<gpxtpx:cad>102</gpxtpx:cad>
</gpxtpx:TrackPointExtension>
</extensions>
</trkpt>
<trkpt lat="36.7825534" lon="127.0048589">
<ele>0.596</ele>
<time>2024-06-03T13:29:33Z</time>
<extensions>
<gpxtpx:TrackPointExtension>
<gpxtpx:hr>100</gpxtpx:hr>
</gpxtpx:TrackPointExtension>
</extensions>
</trkpt>
<trkpt lat="36.7825534" lon="127.0048722">
<ele>0.64</ele>
<time>2024-06-03T13:29:34Z</time>
<extensions>
<gpxtpx:TrackPointExtension>
<gpxtpx:hr>100</gpxtpx:hr>
</gpxtpx:TrackPointExtension>
</extensions>
</trkpt>
<trkpt lat="36.7825562" lon="127.0048887">
<ele>0.674</ele>
<time>2024-06-03T13:29:35Z</time>
<extensions>
<gpxtpx:TrackPointExtension>
<gpxtpx:hr>100</gpxtpx:hr>
</gpxtpx:TrackPointExtension>
</extensions>
</trkpt>
<trkpt lat="36.7825629" lon="127.0049095">
<ele>0.684</ele>
<time>2024-06-03T13:29:36Z</time>
<extensions>
<gpxtpx:TrackPointExtension>
<gpxtpx:hr>99</gpxtpx:hr>
</gpxtpx:TrackPointExtension>
</extensions>
</trkpt>
<trkpt lat="36.7825707" lon="127.0049322">
<ele>0.717</ele>
<time>2024-06-03T13:29:37Z</time>
<extensions>
<gpxtpx:TrackPointExtension>
<gpxtpx:hr>99</gpxtpx:hr>
</gpxtpx:TrackPointExtension>
</extensions>
</trkpt>
<trkpt lat="36.7825799" lon="127.0049548">
<ele>0.757</ele>
<time>2024-06-03T13:29:38Z</time>
<extensions>
<gpxtpx:TrackPointExtension>
<gpxtpx:hr>99</gpxtpx:hr>
</gpxtpx:TrackPointExtension>
</extensions>
</trkpt>
<trkpt lat="36.7825892" lon="127.0049765">
<ele>0.788</ele>
<time>2024-06-03T13:29:39Z</time>
<extensions>
<gpxtpx:TrackPointExtension>
<gpxtpx:hr>99</gpxtpx:hr>
</gpxtpx:TrackPointExtension>
</extensions>
</trkpt>
<trkpt lat="36.7825985" lon="127.0049993">
<ele>0.814</ele>
<time>2024-06-03T13:29:40Z</time>
<extensions>
<gpxtpx:TrackPointExtension>
<gpxtpx:hr>100</gpxtpx:hr>
</gpxtpx:TrackPointExtension>
</extensions>
</trkpt>
<trkpt lat="36.7826068" lon="127.0050191">
<ele>0.78</ele>
<time>2024-06-03T13:29:41Z</time>
<extensions>
<gpxtpx:TrackPointExtension>
<gpxtpx:hr>100</gpxtpx:hr>
<gpxtpx:cad>103</gpxtpx:cad>
</gpxtpx:TrackPointExtension>
</extensions>
</trkpt>
<trkpt lat="36.782613" lon="127.0050373">
<ele>0.775</ele>
<time>2024-06-03T13:29:42Z</time>
<extensions>
<gpxtpx:TrackPointExtension>
<gpxtpx:hr>99</gpxtpx:hr>
</gpxtpx:TrackPointExtension>
</extensions>
</trkpt>
<trkpt lat="36.7826189" lon="127.0050523">
<ele>0.761</ele>
<time>2024-06-03T13:29:43Z</time>
<extensions>
<gpxtpx:TrackPointExtension>
<gpxtpx:hr>99</gpxtpx:hr>
</gpxtpx:TrackPointExtension>
</extensions>
</trkpt>
<trkpt lat="36.7826228" lon="127.0050636">
<ele>0.811</ele>
<time>2024-06-03T13:29:44Z</time>
<extensions>
<gpxtpx:TrackPointExtension>
<gpxtpx:hr>99</gpxtpx:hr>
</gpxtpx:TrackPointExtension>
</extensions>
</trkpt>
<trkpt lat="36.7826251" lon="127.0050726">
<ele>0.831</ele>
<time>2024-06-03T13:29:45Z</time>
<extensions>
<gpxtpx:TrackPointExtension>
<gpxtpx:hr>99</gpxtpx:hr>
</gpxtpx:TrackPointExtension>
</extensions>
</trkpt>
<trkpt lat="36.7826261" lon="127.0050795">
<ele>0.845</ele>
<time>2024-06-03T13:29:46Z</time>
<extensions>
<gpxtpx:TrackPointExtension>
<gpxtpx:hr>99</gpxtpx:hr>
</gpxtpx:TrackPointExtension>
</extensions>
</trkpt>
<trkpt lat="36.782626" lon="127.0050862">
<ele>0.75</ele>
<time>2024-06-03T13:29:47Z</time>
<extensions>
<gpxtpx:TrackPointExtension>
<gpxtpx:hr>100</gpxtpx:hr>
</gpxtpx:TrackPointExtension>
</extensions>
</trkpt>
<trkpt lat="36.782626" lon="127.0050915">
<ele>0.792</ele>
<time>2024-06-03T13:29:48Z</time>
<extensions>
<gpxtpx:TrackPointExtension>
<gpxtpx:hr>99</gpxtpx:hr>
</gpxtpx:TrackPointExtension>
</extensions>
</trkpt>
<trkpt lat="36.7826261" lon="127.0050953">
<ele>0.853</ele>
<time>2024-06-03T13:29:49Z</time>
<extensions>
<gpxtpx:TrackPointExtension>
<gpxtpx:hr>100</gpxtpx:hr>
</gpxtpx:TrackPointExtension>
</extensions>
</trkpt>
<trkpt lat="36.7826253" lon="127.0050997">
<ele>0.896</ele>
<time>2024-06-03T13:29:50Z</time>
<extensions>
<gpxtpx:TrackPointExtension>
<gpxtpx:hr>100</gpxtpx:hr>
</gpxtpx:TrackPointExtension>
</extensions>
</trkpt>
<trkpt lat="36.7826229" lon="127.0051061">
<ele>0.882</ele>
<time>2024-06-03T13:29:51Z</time>
<extensions>
<gpxtpx:TrackPointExtension>
<gpxtpx:hr>101</gpxtpx:hr>
<gpxtpx:cad>101</gpxtpx:cad>
</gpxtpx:TrackPointExtension>
</extensions>
</trkpt>
<trkpt lat="36.7826192" lon="127.0051134">
<ele>0.958</ele>
<time>2024-06-03T13:29:52Z</time>
<extensions>
<gpxtpx:TrackPointExtension>
<gpxtpx:hr>102</gpxtpx:hr>
</gpxtpx:TrackPointExtension>
</extensions>
</trkpt>
<trkpt lat="36.7826138" lon="127.005123">
<ele>0.96</ele>
<time>2024-06-03T13:29:53Z</time>
<extensions>
<gpxtpx:TrackPointExtension>
<gpxtpx:hr>102</gpxtpx:hr>
</gpxtpx:TrackPointExtension>
</extensions>
</trkpt>
<trkpt lat="36.7826084" lon="127.0051341">
<ele>0.929</ele>
<time>2024-06-03T13:29:54Z</time>
<extensions>
<gpxtpx:TrackPointExtension>
<gpxtpx:hr>103</gpxtpx:hr>
</gpxtpx:TrackPointExtension>
</extensions>
</trkpt>
<trkpt lat="36.7826022" lon="127.0051463">
<ele>0.971</ele>
<time>2024-06-03T13:29:55Z</time>
<extensions>
<gpxtpx:TrackPointExtension>
<gpxtpx:hr>103</gpxtpx:hr>
</gpxtpx:TrackPointExtension>
</extensions>
</trkpt>
<trkpt lat="36.7825958" lon="127.0051609">
<ele>0.986</ele>
<time>2024-06-03T13:29:56Z</time>
<extensions>
<gpxtpx:TrackPointExtension>
<gpxtpx:hr>103</gpxtpx:hr>
</gpxtpx:TrackPointExtension>
</extensions>
</trkpt>
<trkpt lat="36.7825899" lon="127.0051768">
<ele>0.951</ele>
<time>2024-06-03T13:29:57Z</time>
<extensions>
<gpxtpx:TrackPointExtension>
<gpxtpx:hr>103</gpxtpx:hr>
</gpxtpx:TrackPointExtension>
</extensions>
</trkpt>
<trkpt lat="36.7825834" lon="127.0051918">
<ele>0.937</ele>
<time>2024-06-03T13:29:58Z</time>
<extensions>
<gpxtpx:TrackPointExtension>
<gpxtpx:hr>103</gpxtpx:hr>
</gpxtpx:TrackPointExtension>
</extensions>
</trkpt>
<trkpt lat="36.7825762" lon="127.0052073">
<ele>1.038</ele>
<time>2024-06-03T13:29:59Z</time>
<extensions>
<gpxtpx:TrackPointExtension>
<gpxtpx:hr>104</gpxtpx:hr>
</gpxtpx:TrackPointExtension>
</extensions>
</trkpt>
<trkpt lat="36.7825619" lon="127.0052348">
<ele>0.964</ele>
<time>2024-06-03T13:30:00Z</time>
<extensions>
<gpxtpx:TrackPointExtension>
<gpxtpx:hr>104</gpxtpx:hr>
</gpxtpx:TrackPointExtension>
</extensions>
</trkpt>
<trkpt lat="36.7825547" lon="127.0052468">
<ele>0.974</ele>
<time>2024-06-03T13:30:01Z</time>
<extensions>
<gpxtpx:TrackPointExtension>
<gpxtpx:hr>104</gpxtpx:hr>
<gpxtpx:cad>101</gpxtpx:cad>
</gpxtpx:TrackPointExtension>
</extensions>
</trkpt>
<trkpt lat="36.782536" lon="127.0052721">
<ele>1.007</ele>
<time>2024-06-03T13:30:03Z</time>
<extensions>
<gpxtpx:TrackPointExtension>
<gpxtpx:hr>105</gpxtpx:hr>
</gpxtpx:TrackPointExtension>
</extensions>
</trkpt>
<trkpt lat="36.7825263" lon="127.0052861">
<ele>1.029</ele>
<time>2024-06-03T13:30:04Z</time>
<extensions>
<gpxtpx:TrackPointExtension>
<gpxtpx:hr>106</gpxtpx:hr>
</gpxtpx:TrackPointExtension>
</extensions>
</trkpt>
<trkpt lat="36.7825172" lon="127.0052994">
<ele>1.056</ele>
<time>2024-06-03T13:30:05Z</time>
<extensions>
<gpxtpx:TrackPointExtension>
<gpxtpx:hr>106</gpxtpx:hr>
</gpxtpx:TrackPointExtension>
</extensions>
</trkpt>
<trkpt lat="36.7825078" lon="127.0053135">
<ele>1.08</ele>
<time>2024-06-03T13:30:06Z</time>
<extensions>
<gpxtpx:TrackPointExtension>
<gpxtpx:hr>106</gpxtpx:hr>
</gpxtpx:TrackPointExtension>
</extensions>
</trkpt>
<trkpt lat="36.7825006" lon="127.0053262">
<ele>1.054</ele>
<time>2024-06-03T13:30:07Z</time>
<extensions>
<gpxtpx:TrackPointExtension>
<gpxtpx:hr>106</gpxtpx:hr>
</gpxtpx:TrackPointExtension>
</extensions>
</trkpt>
<trkpt lat="36.7824931" lon="127.0053385">
<ele>1.086</ele>
<time>2024-06-03T13:30:08Z</time>
<extensions>
<gpxtpx:TrackPointExtension>
<gpxtpx:hr>106</gpxtpx:hr>
</gpxtpx:TrackPointExtension>
</extensions>
</trkpt>
<trkpt lat="36.7824859" lon="127.0053508">
<ele>1.122</ele>
<time>2024-06-03T13:30:09Z</time>
<extensions>
<gpxtpx:TrackPointExtension>
<gpxtpx:hr>106</gpxtpx:hr>
</gpxtpx:TrackPointExtension>
</extensions>
</trkpt>
<trkpt lat="36.7824788" lon="127.0053632">
<ele>1.14</ele>
<time>2024-06-03T13:30:10Z</time>
<extensions>
<gpxtpx:TrackPointExtension>
<gpxtpx:hr>106</gpxtpx:hr>
</gpxtpx:TrackPointExtension>
</extensions>
</trkpt>
<trkpt lat="36.7824715" lon="127.0053755">
<ele>1.06</ele>
<time>2024-06-03T13:30:11Z</time>
<extensions>
<gpxtpx:TrackPointExtension>
<gpxtpx:hr>105</gpxtpx:hr>
<gpxtpx:cad>101</gpxtpx:cad>
</gpxtpx:TrackPointExtension>
</extensions>
</trkpt>
<trkpt lat="36.7824651" lon="127.0053864">
<ele>1.018</ele>
<time>2024-06-03T13:30:12Z</time>
<extensions>
<gpxtpx:TrackPointExtension>
<gpxtpx:hr>105</gpxtpx:hr>
</gpxtpx:TrackPointExtension>
</extensions>
</trkpt>
<trkpt lat="36.7824589" lon="127.0053973">
<ele>0.991</ele>
<time>2024-06-03T13:30:13Z</time>
<extensions>
<gpxtpx:TrackPointExtension>
<gpxtpx:hr>105</gpxtpx:hr>
</gpxtpx:TrackPointExtension>
</extensions>
</trkpt>
<trkpt lat="36.7824534" lon="127.0054082">
<ele>0.998</ele>
<time>2024-06-03T13:30:14Z</time>
<extensions>
<gpxtpx:TrackPointExtension>
<gpxtpx:hr>105</gpxtpx:hr>
</gpxtpx:TrackPointExtension>
</extensions>
</trkpt>
<trkpt lat="36.7824485" lon="127.0054197">
<ele>1.079</ele>
<time>2024-06-03T13:30:15Z</time>
<extensions>
<gpxtpx:TrackPointExtension>
<gpxtpx:hr>105</gpxtpx:hr>
</gpxtpx:TrackPointExtension>
</extensions>
</trkpt>
<trkpt lat="36.7824431" lon="127.0054313">
<ele>1.163</ele>
<time>2024-06-03T13:30:16Z</time>
<extensions>
<gpxtpx:TrackPointExtension>
<gpxtpx:hr>105</gpxtpx:hr>
</gpxtpx:TrackPointExtension>
</extensions>
</trkpt>
<trkpt lat="36.7824377" lon="127.0054436">
<ele>1.279</ele>
<time>2024-06-03T13:30:17Z</time>
<extensions>
<gpxtpx:TrackPointExtension>
<gpxtpx:hr>106</gpxtpx:hr>
</gpxtpx:TrackPointExtension>
</extensions>
</trkpt>
<trkpt lat="36.782433" lon="127.0054539">
<ele>1.361</ele>
<time>2024-06-03T13:30:18Z</time>
<extensions>
<gpxtpx:TrackPointExtension>
<gpxtpx:hr>105</gpxtpx:hr>
</gpxtpx:TrackPointExtension>
</extensions>
</trkpt>
<trkpt lat="36.7824293" lon="127.0054638">
<ele>1.42</ele>
<time>2024-06-03T13:30:19Z</time>
<extensions>
<gpxtpx:TrackPointExtension>
<gpxtpx:hr>106</gpxtpx:hr>
</gpxtpx:TrackPointExtension>
</extensions>
</trkpt>
<trkpt lat="36.7824232" lon="127.0054731">
<ele>1.483</ele>
<time>2024-06-03T13:30:20Z</time>
<extensions>
<gpxtpx:TrackPointExtension>
<gpxtpx:hr>106</gpxtpx:hr>
</gpxtpx:TrackPointExtension>
</extensions>
</trkpt>
<trkpt lat="36.7824168" lon="127.0054834">
<ele>1.537</ele>
<time>2024-06-03T13:30:21Z</time>
<extensions>
<gpxtpx:TrackPointExtension>
<gpxtpx:hr>106</gpxtpx:hr>
<gpxtpx:cad>101</gpxtpx:cad>
</gpxtpx:TrackPointExtension>
</extensions>
</trkpt>
<trkpt lat="36.7824096" lon="127.0054941">
<ele>1.538</ele>
<time>2024-06-03T13:30:22Z</time>
<extensions>
<gpxtpx:TrackPointExtension>
<gpxtpx:hr>106</gpxtpx:hr>
</gpxtpx:TrackPointExtension>
</extensions>
</trkpt>
<trkpt lat="36.7824012" lon="127.0055063">
<ele>1.602</ele>
<time>2024-06-03T13:30:23Z</time>
<extensions>
<gpxtpx:TrackPointExtension>
<gpxtpx:hr>106</gpxtpx:hr>
</gpxtpx:TrackPointExtension>
</extensions>
</trkpt>
<trkpt lat="36.7823932" lon="127.0055193">
<ele>1.657</ele>
<time>2024-06-03T13:30:24Z</time>
<extensions>
<gpxtpx:TrackPointExtension>
<gpxtpx:hr>106</gpxtpx:hr>
</gpxtpx:TrackPointExtension>
</extensions>
</trkpt>
<trkpt lat="36.7823855" lon="127.0055328">
<ele>1.71</ele>
<time>2024-06-03T13:30:25Z</time>
<extensions>
<gpxtpx:TrackPointExtension>
<gpxtpx:hr>106</gpxtpx:hr>
</gpxtpx:TrackPointExtension>
</extensions>
</trkpt>
<trkpt lat="36.7823775" lon="127.0055456">
<ele>1.701</ele>
<time>2024-06-03T13:30:26Z</time>
<extensions>
<gpxtpx:TrackPointExtension>
<gpxtpx:hr>106</gpxtpx:hr>
</gpxtpx:TrackPointExtension>
</extensions>
</trkpt>
<trkpt lat="36.7823697" lon="127.0055586">
<ele>1.703</ele>
<time>2024-06-03T13:30:27Z</time>
<extensions>
<gpxtpx:TrackPointExtension>
<gpxtpx:hr>107</gpxtpx:hr>
</gpxtpx:TrackPointExtension>
</extensions>
</trkpt>
<trkpt lat="36.7823618" lon="127.0055725">
<ele>1.634</ele>
<time>2024-06-03T13:30:28Z</time>
<extensions>
<gpxtpx:TrackPointExtension>
<gpxtpx:hr>107</gpxtpx:hr>
<gpxtpx:cad>101</gpxtpx:cad>
</gpxtpx:TrackPointExtension>
</extensions>
</trkpt>
<trkpt lat="36.7823524" lon="127.0055867">
<ele>1.726</ele>
<time>2024-06-03T13:30:29Z</time>
<extensions>
<gpxtpx:TrackPointExtension>
<gpxtpx:hr>107</gpxtpx:hr>
</gpxtpx:TrackPointExtension>
</extensions>
</trkpt>
<trkpt lat="36.7823432" lon="127.0055996">
<ele>2.039</ele>
<time>2024-06-03T13:30:30Z</time>
<extensions>
<gpxtpx:TrackPointExtension>
<gpxtpx:hr>107</gpxtpx:hr>
</gpxtpx:TrackPointExtension>
</extensions>
</trkpt>
<trkpt lat="36.7823345" lon="127.0056122">
<ele>1.925</ele>
<time>2024-06-03T13:30:31Z</time>
<extensions>
<gpxtpx:TrackPointExtension>
<gpxtpx:cad>101</gpxtpx:cad>
</gpxtpx:TrackPointExtension>
</extensions>
</trkpt>
<trkpt lat="36.7823281" lon="127.0056267">
<ele>1.869</ele>
<time>2024-06-03T13:30:32Z</time>
<extensions>
<gpxtpx:TrackPointExtension>
<gpxtpx:hr>107</gpxtpx:hr>
</gpxtpx:TrackPointExtension>
</extensions>
</trkpt>
<trkpt lat="36.7823245" lon="127.0056424">
<ele>1.864</ele>
<time>2024-06-03T13:30:33Z</time>
<extensions>
<gpxtpx:TrackPointExtension>
<gpxtpx:hr>106</gpxtpx:hr>
</gpxtpx:TrackPointExtension>
</extensions>
</trkpt>
<trkpt lat="36.7823251" lon="127.0056615">
<ele>1.92</ele>
<time>2024-06-03T13:30:34Z</time>
<extensions>
<gpxtpx:TrackPointExtension>
<gpxtpx:hr>107</gpxtpx:hr>
</gpxtpx:TrackPointExtension>
</extensions>
</trkpt>
<trkpt lat="36.7823294" lon="127.0056824">
<ele>1.923</ele>
<time>2024-06-03T13:30:35Z</time>
<extensions>
<gpxtpx:TrackPointExtension>
<gpxtpx:hr>107</gpxtpx:hr>
</gpxtpx:TrackPointExtension>
</extensions>
</trkpt>
<trkpt lat="36.7823364" lon="127.0057076">
<ele>1.961</ele>
<time>2024-06-03T13:30:36Z</time>
<extensions>
<gpxtpx:TrackPointExtension>
<gpxtpx:hr>107</gpxtpx:hr>
</gpxtpx:TrackPointExtension>
</extensions>
</trkpt>
<trkpt lat="36.7823429" lon="127.0057367">
<ele>1.981</ele>
<time>2024-06-03T13:30:37Z</time>
<extensions>
<gpxtpx:TrackPointExtension>
<gpxtpx:hr>107</gpxtpx:hr>
</gpxtpx:TrackPointExtension>
</extensions>
</trkpt>
<trkpt lat="36.7823485" lon="127.0057669">
<ele>1.797</ele>
<time>2024-06-03T13:30:38Z</time>
<extensions>
<gpxtpx:TrackPointExtension>
<gpxtpx:hr>107</gpxtpx:hr>
</gpxtpx:TrackPointExtension>
</extensions>
</trkpt>
<trkpt lat="36.7823535" lon="127.0057971">
<ele>1.782</ele>
<time>2024-06-03T13:30:39Z</time>
<extensions>
<gpxtpx:TrackPointExtension>
<gpxtpx:hr>107</gpxtpx:hr>
</gpxtpx:TrackPointExtension>
</extensions>
</trkpt>
<trkpt lat="36.7823569" lon="127.0058251">
<ele>1.735</ele>
<time>2024-06-03T13:30:40Z</time>
<extensions>
<gpxtpx:TrackPointExtension>
<gpxtpx:hr>107</gpxtpx:hr>
</gpxtpx:TrackPointExtension>
</extensions>
</trkpt>
<trkpt lat="36.7823592" lon="127.0058482">
<ele>1.715</ele>
<time>2024-06-03T13:30:41Z</time>
<extensions>
<gpxtpx:TrackPointExtension>
<gpxtpx:hr>107</gpxtpx:hr>
<gpxtpx:cad>102</gpxtpx:cad>
</gpxtpx:TrackPointExtension>
</extensions>
</trkpt>
<trkpt lat="36.7823593" lon="127.0058662">
<ele>1.766</ele>
<time>2024-06-03T13:30:42Z</time>
<extensions>
<gpxtpx:TrackPointExtension>
<gpxtpx:hr>106</gpxtpx:hr>
</gpxtpx:TrackPointExtension>
</extensions>
</trkpt>
<trkpt lat="36.782357" lon="127.0058797">
<ele>1.845</ele>
<time>2024-06-03T13:30:43Z</time>
<extensions>
<gpxtpx:TrackPointExtension>
<gpxtpx:hr>106</gpxtpx:hr>
</gpxtpx:TrackPointExtension>
</extensions>
</trkpt>
<trkpt lat="36.7823543" lon="127.0058904">
<ele>1.869</ele>
<time>2024-06-03T13:30:44Z</time>
<extensions>
<gpxtpx:TrackPointExtension>
<gpxtpx:hr>106</gpxtpx:hr>
</gpxtpx:TrackPointExtension>
</extensions>
</trkpt>
<trkpt lat="36.7823501" lon="127.0058984">
<ele>1.797</ele>
<time>2024-06-03T13:30:45Z</time>
<extensions>
<gpxtpx:TrackPointExtension>
<gpxtpx:hr>106</gpxtpx:hr>
</gpxtpx:TrackPointExtension>
</extensions>
</trkpt>
<trkpt lat="36.7823454" lon="127.0059047">
<ele>1.759</ele>
<time>2024-06-03T13:30:46Z</time>
<extensions>
<gpxtpx:TrackPointExtension>
<gpxtpx:hr>107</gpxtpx:hr>
</gpxtpx:TrackPointExtension>
</extensions>
</trkpt>
<trkpt lat="36.7823405" lon="127.0059096">
<ele>1.76</ele>
<time>2024-06-03T13:30:47Z</time>
<extensions>
<gpxtpx:TrackPointExtension>
<gpxtpx:hr>107</gpxtpx:hr>
</gpxtpx:TrackPointExtension>
</extensions>
</trkpt>
<trkpt lat="36.7823341" lon="127.0059143">
<ele>1.762</ele>
<time>2024-06-03T13:30:48Z</time>
<extensions>
<gpxtpx:TrackPointExtension>
<gpxtpx:hr>107</gpxtpx:hr>
</gpxtpx:TrackPointExtension>
</extensions>
</trkpt>
<trkpt lat="36.7823284" lon="127.005917">
<ele>1.73</ele>
<time>2024-06-03T13:30:49Z</time>
<extensions>
<gpxtpx:TrackPointExtension>
<gpxtpx:hr>107</gpxtpx:hr>
</gpxtpx:TrackPointExtension>
</extensions>
</trkpt>
<trkpt lat="36.7823222" lon="127.0059194">
<ele>1.695</ele>
<time>2024-06-03T13:30:50Z</time>
<extensions>
<gpxtpx:TrackPointExtension>
<gpxtpx:hr>107</gpxtpx:hr>
</gpxtpx:TrackPointExtension>
</extensions>
</trkpt>
<trkpt lat="36.782316" lon="127.00592">
<ele>1.652</ele>
<time>2024-06-03T13:30:51Z</time>
<extensions>
<gpxtpx:TrackPointExtension>
<gpxtpx:hr>107</gpxtpx:hr>
<gpxtpx:cad>99</gpxtpx:cad>
</gpxtpx:TrackPointExtension>
</extensions>
</trkpt>
<trkpt lat="36.7823109" lon="127.005919">
<ele>1.574</ele>
<time>2024-06-03T13:30:52Z</time>
<extensions>
<gpxtpx:TrackPointExtension>
<gpxtpx:hr>107</gpxtpx:hr>
</gpxtpx:TrackPointExtension>
</extensions>
</trkpt>
<trkpt lat="36.7823056" lon="127.0059168">
<ele>1.516</ele>
<time>2024-06-03T13:30:53Z</time>
<extensions>
<gpxtpx:TrackPointExtension>
<gpxtpx:hr>107</gpxtpx:hr>
</gpxtpx:TrackPointExtension>
</extensions>
</trkpt>
<trkpt lat="36.7822989" lon="127.0059151">
<ele>1.522</ele>
<time>2024-06-03T13:30:54Z</time>
<extensions>
<gpxtpx:TrackPointExtension>
<gpxtpx:hr>108</gpxtpx:hr>
</gpxtpx:TrackPointExtension>
</extensions>
</trkpt>
<trkpt lat="36.7822914" lon="127.0059146">
<ele>1.467</ele>
<time>2024-06-03T13:30:55Z</time>
<extensions>
<gpxtpx:TrackPointExtension>
<gpxtpx:hr>108</gpxtpx:hr>
</gpxtpx:TrackPointExtension>
</extensions>
</trkpt>
<trkpt lat="36.7822842" lon="127.0059148">
<ele>1.442</ele>
<time>2024-06-03T13:30:56Z</time>
<extensions>
<gpxtpx:TrackPointExtension>
<gpxtpx:hr>108</gpxtpx:hr>
</gpxtpx:TrackPointExtension>
</extensions>
</trkpt>
<trkpt lat="36.7822766" lon="127.0059136">
<ele>1.373</ele>
<time>2024-06-03T13:30:57Z</time>
<extensions>
<gpxtpx:TrackPointExtension>
<gpxtpx:hr>108</gpxtpx:hr>
</gpxtpx:TrackPointExtension>
</extensions>
</trkpt>
<trkpt lat="36.7822682" lon="127.005912">
<ele>1.319</ele>
<time>2024-06-03T13:30:58Z</time>
<extensions>
<gpxtpx:TrackPointExtension>
<gpxtpx:hr>109</gpxtpx:hr>
</gpxtpx:TrackPointExtension>
</extensions>
</trkpt>
<trkpt lat="36.7822592" lon="127.005908">
<ele>1.305</ele>
<time>2024-06-03T13:30:59Z</time>
<extensions>
<gpxtpx:TrackPointExtension>
<gpxtpx:hr>109</gpxtpx:hr>
</gpxtpx:TrackPointExtension>
</extensions>
</trkpt>
<trkpt lat="36.78225" lon="127.0059026">
<ele>1.339</ele>
<time>2024-06-03T13:31:00Z</time>
<extensions>
<gpxtpx:TrackPointExtension>
<gpxtpx:hr>109</gpxtpx:hr>
</gpxtpx:TrackPointExtension>
</extensions>
</trkpt>
<trkpt lat="36.7822408" lon="127.005895">
<ele>1.285</ele>
<time>2024-06-03T13:31:01Z</time>
<extensions>
<gpxtpx:TrackPointExtension>
<gpxtpx:hr>108</gpxtpx:hr>
<gpxtpx:cad>102</gpxtpx:cad>
</gpxtpx:TrackPointExtension>
</extensions>
</trkpt>
<trkpt lat="36.7822326" lon="127.0058863">
<ele>1.21</ele>
<time>2024-06-03T13:31:02Z</time>
<extensions>
<gpxtpx:TrackPointExtension>
<gpxtpx:hr>108</gpxtpx:hr>
</gpxtpx:TrackPointExtension>
</extensions>
</trkpt>
<trkpt lat="36.7822249" lon="127.0058765">
<ele>1.224</ele>
<time>2024-06-03T13:31:03Z</time>
<extensions>
<gpxtpx:TrackPointExtension>
<gpxtpx:hr>107</gpxtpx:hr>
</gpxtpx:TrackPointExtension>
</extensions>
</trkpt>
<trkpt lat="36.7822175" lon="127.0058668">
<ele>1.135</ele>
<time>2024-06-03T13:31:04Z</time>
<extensions>
<gpxtpx:TrackPointExtension>
<gpxtpx:hr>107</gpxtpx:hr>
</gpxtpx:TrackPointExtension>
</extensions>
</trkpt>
<trkpt lat="36.7822103" lon="127.0058569">
<ele>1.038</ele>
<time>2024-06-03T13:31:05Z</time>
<extensions>
<gpxtpx:TrackPointExtension>
<gpxtpx:hr>107</gpxtpx:hr>
</gpxtpx:TrackPointExtension>
</extensions>
</trkpt>
<trkpt lat="36.7822038" lon="127.0058467">
<ele>1.014</ele>
<time>2024-06-03T13:31:06Z</time>
<extensions>
<gpxtpx:TrackPointExtension>
<gpxtpx:hr>107</gpxtpx:hr>
</gpxtpx:TrackPointExtension>
</extensions>
</trkpt>
<trkpt lat="36.7821965" lon="127.0058367">
<ele>0.992</ele>
<time>2024-06-03T13:31:07Z</time>
<extensions>
<gpxtpx:TrackPointExtension>
<gpxtpx:hr>106</gpxtpx:hr>
</gpxtpx:TrackPointExtension>
</extensions>
</trkpt>
<trkpt lat="36.7821883" lon="127.0058269">
<ele>0.896</ele>
<time>2024-06-03T13:31:08Z</time>
<extensions>
<gpxtpx:TrackPointExtension>
<gpxtpx:hr>106</gpxtpx:hr>
</gpxtpx:TrackPointExtension>
</extensions>
</trkpt>
<trkpt lat="36.7821799" lon="127.005819">
<ele>0.797</ele>
<time>2024-06-03T13:31:09Z</time>
<extensions>
<gpxtpx:TrackPointExtension>
<gpxtpx:hr>106</gpxtpx:hr>
</gpxtpx:TrackPointExtension>
</extensions>
</trkpt>
<trkpt lat="36.7821701" lon="127.0058127">
<ele>0.767</ele>
<time>2024-06-03T13:31:10Z</time>
<extensions>
<gpxtpx:TrackPointExtension>
<gpxtpx:hr>105</gpxtpx:hr>
</gpxtpx:TrackPointExtension>
</extensions>
</trkpt>
<trkpt lat="36.7821593" lon="127.0058085">
<ele>0.768</ele>
<time>2024-06-03T13:31:11Z</time>
<extensions>
<gpxtpx:TrackPointExtension>
<gpxtpx:hr>104</gpxtpx:hr>
<gpxtpx:cad>103</gpxtpx:cad>
</gpxtpx:TrackPointExtension>
</extensions>
</trkpt>
<trkpt lat="36.7821482" lon="127.0058056">
<ele>0.721</ele>
<time>2024-06-03T13:31:12Z</time>
<extensions>
<gpxtpx:TrackPointExtension>
<gpxtpx:hr>103</gpxtpx:hr>
</gpxtpx:TrackPointExtension>
</extensions>
</trkpt>
<trkpt lat="36.7821356" lon="127.005802">
<ele>0.655</ele>
<time>2024-06-03T13:31:13Z</time>
<extensions>
<gpxtpx:TrackPointExtension>
<gpxtpx:hr>103</gpxtpx:hr>
</gpxtpx:TrackPointExtension>
</extensions>
</trkpt>
<trkpt lat="36.7821222" lon="127.0057989">
<ele>0.58</ele>
<time>2024-06-03T13:31:14Z</time>
<extensions>
<gpxtpx:TrackPointExtension>
<gpxtpx:hr>102</gpxtpx:hr>
</gpxtpx:TrackPointExtension>
</extensions>
</trkpt>
<trkpt lat="36.7821091" lon="127.0057969">
<ele>0.561</ele>
<time>2024-06-03T13:31:15Z</time>
<extensions>
<gpxtpx:TrackPointExtension>
<gpxtpx:hr>102</gpxtpx:hr>
</gpxtpx:TrackPointExtension>
</extensions>
</trkpt>
<trkpt lat="36.7820952" lon="127.0057955">
<ele>0.462</ele>
<time>2024-06-03T13:31:16Z</time>
<extensions>
<gpxtpx:TrackPointExtension>
<gpxtpx:hr>101</gpxtpx:hr>
</gpxtpx:TrackPointExtension>
</extensions>
</trkpt>
<trkpt lat="36.7820808" lon="127.0057947">
<ele>0.457</ele>
<time>2024-06-03T13:31:17Z</time>
<extensions>
<gpxtpx:TrackPointExtension>
<gpxtpx:hr>101</gpxtpx:hr>
</gpxtpx:TrackPointExtension>
</extensions>
</trkpt>
<trkpt lat="36.7820683" lon="127.0057935">
<ele>0.498</ele>
<time>2024-06-03T13:31:18Z</time>
<extensions>
<gpxtpx:TrackPointExtension>
<gpxtpx:hr>101</gpxtpx:hr>
</gpxtpx:TrackPointExtension>
</extensions>
</trkpt>
<trkpt lat="36.7820559" lon="127.0057913">
<ele>0.464</ele>
<time>2024-06-03T13:31:19Z</time>
<extensions>
<gpxtpx:TrackPointExtension>
<gpxtpx:hr>101</gpxtpx:hr>
</gpxtpx:TrackPointExtension>
</extensions>
</trkpt>
<trkpt lat="36.7820455" lon="127.0057886">
<ele>0.399</ele>
<time>2024-06-03T13:31:20Z</time>
<extensions>
<gpxtpx:TrackPointExtension>
<gpxtpx:hr>101</gpxtpx:hr>
</gpxtpx:TrackPointExtension>
</extensions>
</trkpt>
<trkpt lat="36.7820353" lon="127.0057856">
<ele>0.347</ele>
<time>2024-06-03T13:31:21Z</time>
<extensions>
<gpxtpx:TrackPointExtension>
<gpxtpx:hr>101</gpxtpx:hr>
<gpxtpx:cad>103</gpxtpx:cad>
</gpxtpx:TrackPointExtension>
</extensions>
</trkpt>
<trkpt lat="36.7820253" lon="127.0057827">
<ele>0.335</ele>
<time>2024-06-03T13:31:22Z</time>
<extensions>
<gpxtpx:TrackPointExtension>
<gpxtpx:hr>101</gpxtpx:hr>
</gpxtpx:TrackPointExtension>
</extensions>
</trkpt>
<trkpt lat="36.782016" lon="127.0057807">
<ele>0.364</ele>
<time>2024-06-03T13:31:23Z</time>
<extensions>
<gpxtpx:TrackPointExtension>
<gpxtpx:hr>101</gpxtpx:hr>
</gpxtpx:TrackPointExtension>
</extensions>
</trkpt>
<trkpt lat="36.7820062" lon="127.0057804">
<ele>0.338</ele>
<time>2024-06-03T13:31:24Z</time>
<extensions>
<gpxtpx:TrackPointExtension>
<gpxtpx:hr>101</gpxtpx:hr>
</gpxtpx:TrackPointExtension>
</extensions>
</trkpt>
<trkpt lat="36.7819962" lon="127.0057813">
<ele>0.176</ele>
<time>2024-06-03T13:31:25Z</time>
<extensions>
<gpxtpx:TrackPointExtension>
<gpxtpx:hr>101</gpxtpx:hr>
</gpxtpx:TrackPointExtension>
</extensions>
</trkpt>
<trkpt lat="36.7819854" lon="127.0057842">
<ele>0.119</ele>
<time>2024-06-03T13:31:26Z</time>
<extensions>
<gpxtpx:TrackPointExtension>
<gpxtpx:hr>101</gpxtpx:hr>
</gpxtpx:TrackPointExtension>
</extensions>
</trkpt>
<trkpt lat="36.7819738" lon="127.0057884">
<ele>0.084</ele>
<time>2024-06-03T13:31:27Z</time>
<extensions>
<gpxtpx:TrackPointExtension>
<gpxtpx:hr>100</gpxtpx:hr>
</gpxtpx:TrackPointExtension>
</extensions>
</trkpt>
<trkpt lat="36.7819632" lon="127.0057937">
<ele>0.083</ele>
<time>2024-06-03T13:31:28Z</time>
<extensions>
<gpxtpx:TrackPointExtension>
<gpxtpx:hr>100</gpxtpx:hr>
</gpxtpx:TrackPointExtension>
</extensions>
</trkpt>
<trkpt lat="36.7819519" lon="127.0057974">
<ele>0.066</ele>
<time>2024-06-03T13:31:29Z</time>
<extensions>
<gpxtpx:TrackPointExtension>
<gpxtpx:hr>99</gpxtpx:hr>
</gpxtpx:TrackPointExtension>
</extensions>
</trkpt>
<trkpt lat="36.7819397" lon="127.0058015">
<ele>0.094</ele>
<time>2024-06-03T13:31:30Z</time>
<extensions>
<gpxtpx:TrackPointExtension>
<gpxtpx:hr>98</gpxtpx:hr>
</gpxtpx:TrackPointExtension>
</extensions>
</trkpt>
<trkpt lat="36.7819264" lon="127.0058063">
<ele>0.054</ele>
<time>2024-06-03T13:31:31Z</time>
<extensions>
<gpxtpx:TrackPointExtension>
<gpxtpx:hr>98</gpxtpx:hr>
<gpxtpx:cad>103</gpxtpx:cad>
</gpxtpx:TrackPointExtension>
</extensions>
</trkpt>
<trkpt lat="36.7819124" lon="127.0058108">
<ele>0.07</ele>
<time>2024-06-03T13:31:32Z</time>
<extensions>
<gpxtpx:TrackPointExtension>
<gpxtpx:hr>97</gpxtpx:hr>
</gpxtpx:TrackPointExtension>
</extensions>
</trkpt>
<trkpt lat="36.7818969" lon="127.0058155">
<ele>0.016</ele>
<time>2024-06-03T13:31:33Z</time>
<extensions>
<gpxtpx:TrackPointExtension>
<gpxtpx:hr>97</gpxtpx:hr>
</gpxtpx:TrackPointExtension>
</extensions>
</trkpt>
<trkpt lat="36.7818811" lon="127.0058183">
<ele>-0.013</ele>
<time>2024-06-03T13:31:34Z</time>
<extensions>
<gpxtpx:TrackPointExtension>
<gpxtpx:hr>96</gpxtpx:hr>
</gpxtpx:TrackPointExtension>
</extensions>
</trkpt>
<trkpt lat="36.7818661" lon="127.0058204">
<ele>-0.049</ele>
<time>2024-06-03T13:31:35Z</time>
<extensions>
<gpxtpx:TrackPointExtension>
<gpxtpx:hr>96</gpxtpx:hr>
</gpxtpx:TrackPointExtension>
</extensions>
</trkpt>
<trkpt lat="36.781852" lon="127.0058211">
<ele>-0.02</ele>
<time>2024-06-03T13:31:36Z</time>
<extensions>
<gpxtpx:TrackPointExtension>
<gpxtpx:hr>95</gpxtpx:hr>
</gpxtpx:TrackPointExtension>
</extensions>
</trkpt>
<trkpt lat="36.7818392" lon="127.0058216">
<ele>0.056</ele>
<time>2024-06-03T13:31:38Z</time>
<extensions>
<gpxtpx:TrackPointExtension>
<gpxtpx:hr>94</gpxtpx:hr>
</gpxtpx:TrackPointExtension>
</extensions>
</trkpt>
<trkpt lat="36.7818267" lon="127.0058223">
<ele>0.12</ele>
<time>2024-06-03T13:31:39Z</time>
<extensions>
<gpxtpx:TrackPointExtension>
<gpxtpx:hr>94</gpxtpx:hr>
</gpxtpx:TrackPointExtension>
</extensions>
</trkpt>
<trkpt lat="36.7818142" lon="127.0058242">
<ele>0.113</ele>
<time>2024-06-03T13:31:40Z</time>
<extensions>
<gpxtpx:TrackPointExtension>
<gpxtpx:hr>93</gpxtpx:hr>
</gpxtpx:TrackPointExtension>
</extensions>
</trkpt>
<trkpt lat="36.7818028" lon="127.0058266">
<ele>0.136</ele>
<time>2024-06-03T13:31:41Z</time>
<extensions>
<gpxtpx:TrackPointExtension>
<gpxtpx:hr>93</gpxtpx:hr>
</gpxtpx:TrackPointExtension>
</extensions>
</trkpt>
<trkpt lat="36.7817926" lon="127.0058297">
<ele>0.143</ele>
<time>2024-06-03T13:31:42Z</time>
<extensions>
<gpxtpx:TrackPointExtension>
<gpxtpx:hr>93</gpxtpx:hr>
<gpxtpx:cad>103</gpxtpx:cad>
</gpxtpx:TrackPointExtension>
</extensions>
</trkpt>
<trkpt lat="36.7817827" lon="127.0058341">
<ele>0.137</ele>
<time>2024-06-03T13:31:43Z</time>
<extensions>
<gpxtpx:TrackPointExtension>
<gpxtpx:hr>93</gpxtpx:hr>
<gpxtpx:cad>103</gpxtpx:cad>
</gpxtpx:TrackPointExtension>
</extensions>
</trkpt>
<trkpt lat="36.7817731" lon="127.0058394">
<ele>0.129</ele>
<time>2024-06-03T13:31:44Z</time>
<extensions>
<gpxtpx:TrackPointExtension>
<gpxtpx:hr>93</gpxtpx:hr>
</gpxtpx:TrackPointExtension>
</extensions>
</trkpt>
<trkpt lat="36.7817617" lon="127.0058456">
<ele>0.12</ele>
<time>2024-06-03T13:31:45Z</time>
<extensions>
<gpxtpx:TrackPointExtension>
<gpxtpx:hr>93</gpxtpx:hr>
</gpxtpx:TrackPointExtension>
</extensions>
</trkpt>
<trkpt lat="36.78175" lon="127.0058532">
<ele>0.189</ele>
<time>2024-06-03T13:31:46Z</time>
<extensions>
<gpxtpx:TrackPointExtension>
<gpxtpx:hr>93</gpxtpx:hr>
</gpxtpx:TrackPointExtension>
</extensions>
</trkpt>
<trkpt lat="36.7817372" lon="127.005861">
<ele>0.134</ele>
<time>2024-06-03T13:31:47Z</time>
<extensions>
<gpxtpx:TrackPointExtension>
<gpxtpx:hr>93</gpxtpx:hr>
</gpxtpx:TrackPointExtension>
</extensions>
</trkpt>
<trkpt lat="36.7817241" lon="127.005868">
<ele>0.183</ele>
<time>2024-06-03T13:31:48Z</time>
<extensions>
<gpxtpx:TrackPointExtension>
<gpxtpx:hr>93</gpxtpx:hr>
</gpxtpx:TrackPointExtension>
</extensions>
</trkpt>
<trkpt lat="36.781711" lon="127.0058759">
<ele>0.2</ele>
<time>2024-06-03T13:31:49Z</time>
<extensions>
<gpxtpx:TrackPointExtension>
<gpxtpx:hr>93</gpxtpx:hr>
</gpxtpx:TrackPointExtension>
</extensions>
</trkpt>
<trkpt lat="36.7816998" lon="127.0058855">
<ele>0.209</ele>
<time>2024-06-03T13:31:50Z</time>
<extensions>
<gpxtpx:TrackPointExtension>
<gpxtpx:hr>94</gpxtpx:hr>
</gpxtpx:TrackPointExtension>
</extensions>
</trkpt>
<trkpt lat="36.7816901" lon="127.0058977">
<ele>0.217</ele>
<time>2024-06-03T13:31:51Z</time>
<extensions>
<gpxtpx:TrackPointExtension>
<gpxtpx:hr>94</gpxtpx:hr>
<gpxtpx:cad>101</gpxtpx:cad>
</gpxtpx:TrackPointExtension>
</extensions>
</trkpt>
<trkpt lat="36.7816819" lon="127.0059115">
<ele>0.319</ele>
<time>2024-06-03T13:31:52Z</time>
<extensions>
<gpxtpx:TrackPointExtension>
<gpxtpx:hr>94</gpxtpx:hr>
</gpxtpx:TrackPointExtension>
</extensions>
</trkpt>
<trkpt lat="36.7816744" lon="127.0059267">
<ele>0.33</ele>
<time>2024-06-03T13:31:53Z</time>
<extensions>
<gpxtpx:TrackPointExtension>
<gpxtpx:hr>94</gpxtpx:hr>
</gpxtpx:TrackPointExtension>
</extensions>
</trkpt>
<trkpt lat="36.7816665" lon="127.0059414">
<ele>0.34</ele>
<time>2024-06-03T13:31:54Z</time>
<extensions>
<gpxtpx:TrackPointExtension>
<gpxtpx:hr>95</gpxtpx:hr>
</gpxtpx:TrackPointExtension>
</extensions>
</trkpt>
<trkpt lat="36.7816595" lon="127.0059556">
<ele>0.38</ele>
<time>2024-06-03T13:31:55Z</time>
<extensions>
<gpxtpx:TrackPointExtension>
<gpxtpx:hr>95</gpxtpx:hr>
</gpxtpx:TrackPointExtension>
</extensions>
</trkpt>
<trkpt lat="36.7816527" lon="127.0059699">
<ele>0.317</ele>
<time>2024-06-03T13:31:56Z</time>
<extensions>
<gpxtpx:TrackPointExtension>
<gpxtpx:hr>95</gpxtpx:hr>
</gpxtpx:TrackPointExtension>
</extensions>
</trkpt>
<trkpt lat="36.7816468" lon="127.0059829">
<ele>0.281</ele>
<time>2024-06-03T13:31:57Z</time>
<extensions>
<gpxtpx:TrackPointExtension>
<gpxtpx:hr>95</gpxtpx:hr>
</gpxtpx:TrackPointExtension>
</extensions>
</trkpt>
<trkpt lat="36.7816433" lon="127.0059969">
<ele>0.241</ele>
<time>2024-06-03T13:31:58Z</time>
<extensions>
<gpxtpx:TrackPointExtension>
<gpxtpx:hr>95</gpxtpx:hr>
</gpxtpx:TrackPointExtension>
</extensions>
</trkpt>
<trkpt lat="36.78164" lon="127.0060118">
<ele>0.226</ele>
<time>2024-06-03T13:31:59Z</time>
<extensions>
<gpxtpx:TrackPointExtension>
<gpxtpx:hr>95</gpxtpx:hr>
</gpxtpx:TrackPointExtension>
</extensions>
</trkpt>
<trkpt lat="36.7816366" lon="127.0060282">
<ele>0.286</ele>
<time>2024-06-03T13:32:00Z</time>
<extensions>
<gpxtpx:TrackPointExtension>
<gpxtpx:hr>95</gpxtpx:hr>
</gpxtpx:TrackPointExtension>
</extensions>
</trkpt>
<trkpt lat="36.7816269" lon="127.0060622">
<ele>0.271</ele>
<time>2024-06-03T13:32:01Z</time>
<extensions>
<gpxtpx:TrackPointExtension>
<gpxtpx:hr>95</gpxtpx:hr>
<gpxtpx:cad>100</gpxtpx:cad>
</gpxtpx:TrackPointExtension>
</extensions>
</trkpt>
<trkpt lat="36.7816212" lon="127.0060807">
<ele>0.308</ele>
<time>2024-06-03T13:32:02Z</time>
<extensions>
<gpxtpx:TrackPointExtension>
<gpxtpx:hr>95</gpxtpx:hr>
</gpxtpx:TrackPointExtension>
</extensions>
</trkpt>
<trkpt lat="36.7816164" lon="127.0060993">
<ele>0.372</ele>
<time>2024-06-03T13:32:03Z</time>
<extensions>
<gpxtpx:TrackPointExtension>
<gpxtpx:hr>95</gpxtpx:hr>
</gpxtpx:TrackPointExtension>
</extensions>
</trkpt>
<trkpt lat="36.7816125" lon="127.006119">
<ele>0.359</ele>
<time>2024-06-03T13:32:04Z</time>
<extensions>
<gpxtpx:TrackPointExtension>
<gpxtpx:hr>95</gpxtpx:hr>
</gpxtpx:TrackPointExtension>
</extensions>
</trkpt>
<trkpt lat="36.7816088" lon="127.0061392">
<ele>0.391</ele>
<time>2024-06-03T13:32:05Z</time>
<extensions>
<gpxtpx:TrackPointExtension>
<gpxtpx:hr>95</gpxtpx:hr>
</gpxtpx:TrackPointExtension>
</extensions>
</trkpt>
<trkpt lat="36.7816065" lon="127.0061587">
<ele>0.406</ele>
<time>2024-06-03T13:32:06Z</time>
<extensions>
<gpxtpx:TrackPointExtension>
<gpxtpx:hr>94</gpxtpx:hr>
</gpxtpx:TrackPointExtension>
</extensions>
</trkpt>
<trkpt lat="36.7816058" lon="127.0061771">
<ele>0.453</ele>
<time>2024-06-03T13:32:07Z</time>
<extensions>
<gpxtpx:TrackPointExtension>
<gpxtpx:hr>95</gpxtpx:hr>
</gpxtpx:TrackPointExtension>
</extensions>
</trkpt>
<trkpt lat="36.7816059" lon="127.006195">
<ele>0.447</ele>
<time>2024-06-03T13:32:08Z</time>
<extensions>
<gpxtpx:TrackPointExtension>
<gpxtpx:hr>95</gpxtpx:hr>
</gpxtpx:TrackPointExtension>
</extensions>
</trkpt>
<trkpt lat="36.7816073" lon="127.0062125">
<ele>0.483</ele>
<time>2024-06-03T13:32:09Z</time>
<extensions>
<gpxtpx:TrackPointExtension>
<gpxtpx:hr>95</gpxtpx:hr>
</gpxtpx:TrackPointExtension>
</extensions>
</trkpt>
<trkpt lat="36.7816085" lon="127.0062289">
<ele>0.447</ele>
<time>2024-06-03T13:32:10Z</time>
<extensions>
<gpxtpx:TrackPointExtension>
<gpxtpx:hr>96</gpxtpx:hr>
</gpxtpx:TrackPointExtension>
</extensions>
</trkpt>
<trkpt lat="36.7816102" lon="127.0062439">
<ele>0.552</ele>
<time>2024-06-03T13:32:11Z</time>
<extensions>
<gpxtpx:TrackPointExtension>
<gpxtpx:hr>96</gpxtpx:hr>
<gpxtpx:cad>99</gpxtpx:cad>
</gpxtpx:TrackPointExtension>
</extensions>
</trkpt>
<trkpt lat="36.7816119" lon="127.006259">
<ele>0.634</ele>
<time>2024-06-03T13:32:12Z</time>
<extensions>
<gpxtpx:TrackPointExtension>
<gpxtpx:hr>96</gpxtpx:hr>
</gpxtpx:TrackPointExtension>
</extensions>
</trkpt>
<trkpt lat="36.7816124" lon="127.0062739">
<ele>0.658</ele>
<time>2024-06-03T13:32:13Z</time>
<extensions>
<gpxtpx:TrackPointExtension>
<gpxtpx:hr>96</gpxtpx:hr>
</gpxtpx:TrackPointExtension>
</extensions>
</trkpt>
<trkpt lat="36.781613" lon="127.0062889">
<ele>0.648</ele>
<time>2024-06-03T13:32:14Z</time>
<extensions>
<gpxtpx:TrackPointExtension>
<gpxtpx:hr>96</gpxtpx:hr>
</gpxtpx:TrackPointExtension>
</extensions>
</trkpt>
<trkpt lat="36.7816117" lon="127.0063026">
<ele>0.649</ele>
<time>2024-06-03T13:32:15Z</time>
<extensions>
<gpxtpx:TrackPointExtension>
<gpxtpx:hr>95</gpxtpx:hr>
</gpxtpx:TrackPointExtension>
</extensions>
</trkpt>
<trkpt lat="36.781609" lon="127.0063156">
<ele>0.645</ele>
<time>2024-06-03T13:32:16Z</time>
<extensions>
<gpxtpx:TrackPointExtension>
<gpxtpx:hr>95</gpxtpx:hr>
</gpxtpx:TrackPointExtension>
</extensions>
</trkpt>
<trkpt lat="36.7816051" lon="127.0063277">
<ele>0.679</ele>
<time>2024-06-03T13:32:17Z</time>
<extensions>
<gpxtpx:TrackPointExtension>
<gpxtpx:hr>95</gpxtpx:hr>
</gpxtpx:TrackPointExtension>
</extensions>
</trkpt>
<trkpt lat="36.7815993" lon="127.0063376">
<ele>0.726</ele>
<time>2024-06-03T13:32:18Z</time>
<extensions>
<gpxtpx:TrackPointExtension>
<gpxtpx:hr>96</gpxtpx:hr>
</gpxtpx:TrackPointExtension>
</extensions>
</trkpt>
<trkpt lat="36.781593" lon="127.006347">
<ele>0.713</ele>
<time>2024-06-03T13:32:19Z</time>
<extensions>
<gpxtpx:TrackPointExtension>
<gpxtpx:hr>96</gpxtpx:hr>
</gpxtpx:TrackPointExtension>
</extensions>
</trkpt>
<trkpt lat="36.7815869" lon="127.0063558">
<ele>0.682</ele>
<time>2024-06-03T13:32:20Z</time>
<extensions>
<gpxtpx:TrackPointExtension>
<gpxtpx:hr>97</gpxtpx:hr>
</gpxtpx:TrackPointExtension>
</extensions>
</trkpt>
<trkpt lat="36.7815798" lon="127.0063659">
<ele>0.768</ele>
<time>2024-06-03T13:32:21Z</time>
<extensions>
<gpxtpx:TrackPointExtension>
<gpxtpx:hr>97</gpxtpx:hr>
<gpxtpx:cad>99</gpxtpx:cad>
</gpxtpx:TrackPointExtension>
</extensions>
</trkpt>
<trkpt lat="36.7815726" lon="127.006376">
<ele>0.809</ele>
<time>2024-06-03T13:32:22Z</time>
<extensions>
<gpxtpx:TrackPointExtension>
<gpxtpx:hr>97</gpxtpx:hr>
</gpxtpx:TrackPointExtension>
</extensions>
</trkpt>
<trkpt lat="36.7815667" lon="127.0063854">
<ele>0.768</ele>
<time>2024-06-03T13:32:23Z</time>
<extensions>
<gpxtpx:TrackPointExtension>
<gpxtpx:hr>97</gpxtpx:hr>
</gpxtpx:TrackPointExtension>
</extensions>
</trkpt>
<trkpt lat="36.7815627" lon="127.0063941">
<ele>0.846</ele>
<time>2024-06-03T13:32:24Z</time>
<extensions>
<gpxtpx:TrackPointExtension>
<gpxtpx:hr>97</gpxtpx:hr>
</gpxtpx:TrackPointExtension>
</extensions>
</trkpt>
<trkpt lat="36.7815595" lon="127.0064033">
<ele>0.878</ele>
<time>2024-06-03T13:32:25Z</time>
<extensions>
<gpxtpx:TrackPointExtension>
<gpxtpx:hr>97</gpxtpx:hr>
</gpxtpx:TrackPointExtension>
</extensions>
</trkpt>
<trkpt lat="36.7815567" lon="127.0064136">
<ele>0.903</ele>
<time>2024-06-03T13:32:26Z</time>
<extensions>
<gpxtpx:TrackPointExtension>
<gpxtpx:hr>96</gpxtpx:hr>
</gpxtpx:TrackPointExtension>
</extensions>
</trkpt>
<trkpt lat="36.7815543" lon="127.0064234">
<ele>0.918</ele>
<time>2024-06-03T13:32:27Z</time>
<extensions>
<gpxtpx:TrackPointExtension>
<gpxtpx:hr>96</gpxtpx:hr>
</gpxtpx:TrackPointExtension>
</extensions>
</trkpt>
<trkpt lat="36.7815536" lon="127.0064346">
<ele>0.835</ele>
<time>2024-06-03T13:32:28Z</time>
<extensions>
<gpxtpx:TrackPointExtension>
<gpxtpx:hr>96</gpxtpx:hr>
</gpxtpx:TrackPointExtension>
</extensions>
</trkpt>
<trkpt lat="36.7815534" lon="127.0064456">
<ele>0.836</ele>
<time>2024-06-03T13:32:29Z</time>
<extensions>
<gpxtpx:TrackPointExtension>
<gpxtpx:hr>96</gpxtpx:hr>
</gpxtpx:TrackPointExtension>
</extensions>
</trkpt>
<trkpt lat="36.7815535" lon="127.0064557">
<ele>0.854</ele>
<time>2024-06-03T13:32:30Z</time>
<extensions>
<gpxtpx:TrackPointExtension>
<gpxtpx:hr>95</gpxtpx:hr>
</gpxtpx:TrackPointExtension>
</extensions>
</trkpt>
<trkpt lat="36.7815527" lon="127.006467">
<ele>0.826</ele>
<time>2024-06-03T13:32:31Z</time>
<extensions>
<gpxtpx:TrackPointExtension>
<gpxtpx:hr>96</gpxtpx:hr>
<gpxtpx:cad>99</gpxtpx:cad>
</gpxtpx:TrackPointExtension>
</extensions>
</trkpt>
<trkpt lat="36.7815526" lon="127.0064794">
<ele>0.834</ele>
<time>2024-06-03T13:32:32Z</time>
<extensions>
<gpxtpx:TrackPointExtension>
<gpxtpx:hr>97</gpxtpx:hr>
</gpxtpx:TrackPointExtension>
</extensions>
</trkpt>
<trkpt lat="36.7815528" lon="127.0064933">
<ele>0.864</ele>
<time>2024-06-03T13:32:33Z</time>
<extensions>
<gpxtpx:TrackPointExtension>
<gpxtpx:hr>98</gpxtpx:hr>
</gpxtpx:TrackPointExtension>
</extensions>
</trkpt>
<trkpt lat="36.7815521" lon="127.0065075">
<ele>0.892</ele>
<time>2024-06-03T13:32:34Z</time>
<extensions>
<gpxtpx:TrackPointExtension>
<gpxtpx:hr>99</gpxtpx:hr>
</gpxtpx:TrackPointExtension>
</extensions>
</trkpt>
<trkpt lat="36.7815521" lon="127.0065221">
<ele>0.934</ele>
<time>2024-06-03T13:32:35Z</time>
<extensions>
<gpxtpx:TrackPointExtension>
<gpxtpx:hr>100</gpxtpx:hr>
</gpxtpx:TrackPointExtension>
</extensions>
</trkpt>
<trkpt lat="36.7815512" lon="127.0065375">
<ele>0.978</ele>
<time>2024-06-03T13:32:36Z</time>
<extensions>
<gpxtpx:TrackPointExtension>
<gpxtpx:hr>101</gpxtpx:hr>
</gpxtpx:TrackPointExtension>
</extensions>
</trkpt>
<trkpt lat="36.7815526" lon="127.0065523">
<ele>1.005</ele>
<time>2024-06-03T13:32:37Z</time>
<extensions>
<gpxtpx:TrackPointExtension>
<gpxtpx:hr>102</gpxtpx:hr>
</gpxtpx:TrackPointExtension>
</extensions>
</trkpt>
<trkpt lat="36.7815542" lon="127.0065669">
<ele>0.93</ele>
<time>2024-06-03T13:32:38Z</time>
<extensions>
<gpxtpx:TrackPointExtension>
<gpxtpx:hr>103</gpxtpx:hr>
</gpxtpx:TrackPointExtension>
</extensions>
</trkpt>
<trkpt lat="36.7815536" lon="127.0065827">
<ele>0.943</ele>
<time>2024-06-03T13:32:39Z</time>
<extensions>
<gpxtpx:TrackPointExtension>
<gpxtpx:hr>103</gpxtpx:hr>
</gpxtpx:TrackPointExtension>
</extensions>
</trkpt>
<trkpt lat="36.7815524" lon="127.0065985">
<ele>0.915</ele>
<time>2024-06-03T13:32:40Z</time>
<extensions>
<gpxtpx:TrackPointExtension>
<gpxtpx:hr>103</gpxtpx:hr>
</gpxtpx:TrackPointExtension>
</extensions>
</trkpt>
<trkpt lat="36.7815508" lon="127.0066133">
<ele>0.923</ele>
<time>2024-06-03T13:32:41Z</time>
<extensions>
<gpxtpx:TrackPointExtension>
<gpxtpx:hr>102</gpxtpx:hr>
<gpxtpx:cad>100</gpxtpx:cad>
</gpxtpx:TrackPointExtension>
</extensions>
</trkpt>
<trkpt lat="36.7815494" lon="127.0066266">
<ele>0.787</ele>
<time>2024-06-03T13:32:42Z</time>
<extensions>
<gpxtpx:TrackPointExtension>
<gpxtpx:hr>102</gpxtpx:hr>
</gpxtpx:TrackPointExtension>
</extensions>
</trkpt>
<trkpt lat="36.781549" lon="127.006639">
<ele>0.592</ele>
<time>2024-06-03T13:32:43Z</time>
<extensions>
<gpxtpx:TrackPointExtension>
<gpxtpx:hr>102</gpxtpx:hr>
</gpxtpx:TrackPointExtension>
</extensions>
</trkpt>
<trkpt lat="36.7815485" lon="127.0066519">
<ele>0.526</ele>
<time>2024-06-03T13:32:44Z</time>
<extensions>
<gpxtpx:TrackPointExtension>
<gpxtpx:hr>102</gpxtpx:hr>
</gpxtpx:TrackPointExtension>
</extensions>
</trkpt>
<trkpt lat="36.7815476" lon="127.0066666">
<ele>0.528</ele>
<time>2024-06-03T13:32:45Z</time>
<extensions>
<gpxtpx:TrackPointExtension>
<gpxtpx:hr>103</gpxtpx:hr>
</gpxtpx:TrackPointExtension>
</extensions>
</trkpt>
<trkpt lat="36.7815468" lon="127.0066827">
<ele>0.478</ele>
<time>2024-06-03T13:32:46Z</time>
<extensions>
<gpxtpx:TrackPointExtension>
<gpxtpx:hr>103</gpxtpx:hr>
</gpxtpx:TrackPointExtension>
</extensions>
</trkpt>
<trkpt lat="36.7815457" lon="127.0066994">
<ele>0.469</ele>
<time>2024-06-03T13:32:47Z</time>
<extensions>
<gpxtpx:TrackPointExtension>
<gpxtpx:hr>103</gpxtpx:hr>
</gpxtpx:TrackPointExtension>
</extensions>
</trkpt>
<trkpt lat="36.7815454" lon="127.0067156">
<ele>0.424</ele>
<time>2024-06-03T13:32:48Z</time>
<extensions>
<gpxtpx:TrackPointExtension>
<gpxtpx:hr>103</gpxtpx:hr>
</gpxtpx:TrackPointExtension>
</extensions>
</trkpt>
<trkpt lat="36.7815457" lon="127.0067306">
<ele>0.479</ele>
<time>2024-06-03T13:32:49Z</time>
<extensions>
<gpxtpx:TrackPointExtension>
<gpxtpx:hr>104</gpxtpx:hr>
</gpxtpx:TrackPointExtension>
</extensions>
</trkpt>
<trkpt lat="36.7815467" lon="127.0067451">
<ele>0.578</ele>
<time>2024-06-03T13:32:50Z</time>
<extensions>
<gpxtpx:TrackPointExtension>
<gpxtpx:hr>104</gpxtpx:hr>
</gpxtpx:TrackPointExtension>
</extensions>
</trkpt>
<trkpt lat="36.7815476" lon="127.0067573">
<ele>0.506</ele>
<time>2024-06-03T13:32:51Z</time>
<extensions>
<gpxtpx:TrackPointExtension>
<gpxtpx:hr>104</gpxtpx:hr>
<gpxtpx:cad>102</gpxtpx:cad>
</gpxtpx:TrackPointExtension>
</extensions>
</trkpt>
<trkpt lat="36.781549" lon="127.0067672">
<ele>0.523</ele>
<time>2024-06-03T13:32:52Z</time>
<extensions>
<gpxtpx:TrackPointExtension>
<gpxtpx:hr>103</gpxtpx:hr>
</gpxtpx:TrackPointExtension>
</extensions>
</trkpt>
<trkpt lat="36.7815508" lon="127.0067765">
<ele>0.556</ele>
<time>2024-06-03T13:32:53Z</time>
<extensions>
<gpxtpx:TrackPointExtension>
<gpxtpx:hr>103</gpxtpx:hr>
</gpxtpx:TrackPointExtension>
</extensions>
</trkpt>
<trkpt lat="36.781551" lon="127.0067857">
<ele>0.59</ele>
<time>2024-06-03T13:32:54Z</time>
<extensions>
<gpxtpx:TrackPointExtension>
<gpxtpx:hr>103</gpxtpx:hr>
</gpxtpx:TrackPointExtension>
</extensions>
</trkpt>
<trkpt lat="36.7815502" lon="127.006794">
<ele>0.656</ele>
<time>2024-06-03T13:32:55Z</time>
<extensions>
<gpxtpx:TrackPointExtension>
<gpxtpx:hr>103</gpxtpx:hr>
</gpxtpx:TrackPointExtension>
</extensions>
</trkpt>
<trkpt lat="36.7815488" lon="127.0068026">
<ele>0.654</ele>
<time>2024-06-03T13:32:56Z</time>
<extensions>
<gpxtpx:TrackPointExtension>
<gpxtpx:hr>103</gpxtpx:hr>
</gpxtpx:TrackPointExtension>
</extensions>
</trkpt>
<trkpt lat="36.7815463" lon="127.0068111">
<ele>0.725</ele>
<time>2024-06-03T13:32:57Z</time>
<extensions>
<gpxtpx:TrackPointExtension>
<gpxtpx:hr>103</gpxtpx:hr>
</gpxtpx:TrackPointExtension>
</extensions>
</trkpt>
<trkpt lat="36.7815439" lon="127.006822">
<ele>0.763</ele>
<time>2024-06-03T13:32:58Z</time>
<extensions>
<gpxtpx:TrackPointExtension>
<gpxtpx:hr>103</gpxtpx:hr>
</gpxtpx:TrackPointExtension>
</extensions>
</trkpt>
<trkpt lat="36.7815423" lon="127.0068335">
<ele>0.786</ele>
<time>2024-06-03T13:32:59Z</time>
<extensions>
<gpxtpx:TrackPointExtension>
<gpxtpx:hr>103</gpxtpx:hr>
</gpxtpx:TrackPointExtension>
</extensions>
</trkpt>
<trkpt lat="36.7815416" lon="127.0068447">
<ele>0.795</ele>
<time>2024-06-03T13:33:00Z</time>
<extensions>
<gpxtpx:TrackPointExtension>
<gpxtpx:hr>103</gpxtpx:hr>
<gpxtpx:cad>100</gpxtpx:cad>
</gpxtpx:TrackPointExtension>
</extensions>
</trkpt>
<trkpt lat="36.7815406" lon="127.0068562">
<ele>0.816</ele>
<time>2024-06-03T13:33:01Z</time>
<extensions>
<gpxtpx:TrackPointExtension>
<gpxtpx:hr>103</gpxtpx:hr>
<gpxtpx:cad>100</gpxtpx:cad>
</gpxtpx:TrackPointExtension>
</extensions>
</trkpt>
<trkpt lat="36.7815403" lon="127.0068693">
<ele>0.874</ele>
<time>2024-06-03T13:33:02Z</time>
<extensions>
<gpxtpx:TrackPointExtension>
<gpxtpx:hr>103</gpxtpx:hr>
</gpxtpx:TrackPointExtension>
</extensions>
</trkpt>
<trkpt lat="36.7815403" lon="127.0068832">
<ele>0.943</ele>
<time>2024-06-03T13:33:03Z</time>
<extensions>
<gpxtpx:TrackPointExtension>
<gpxtpx:hr>103</gpxtpx:hr>
</gpxtpx:TrackPointExtension>
</extensions>
</trkpt>
<trkpt lat="36.7815395" lon="127.0068975">
<ele>0.993</ele>
<time>2024-06-03T13:33:04Z</time>
<extensions>
<gpxtpx:TrackPointExtension>
<gpxtpx:hr>102</gpxtpx:hr>
</gpxtpx:TrackPointExtension>
</extensions>
</trkpt>
<trkpt lat="36.7815357" lon="127.0069105">
<ele>0.952</ele>
<time>2024-06-03T13:33:05Z</time>
<extensions>
<gpxtpx:TrackPointExtension>
<gpxtpx:hr>102</gpxtpx:hr>
</gpxtpx:TrackPointExtension>
</extensions>
</trkpt>
<trkpt lat="36.781531" lon="127.0069235">
<ele>0.964</ele>
<time>2024-06-03T13:33:06Z</time>
<extensions>
<gpxtpx:TrackPointExtension>
<gpxtpx:hr>102</gpxtpx:hr>
</gpxtpx:TrackPointExtension>
</extensions>
</trkpt>
<trkpt lat="36.7815258" lon="127.0069359">
<ele>1.033</ele>
<time>2024-06-03T13:33:07Z</time>
<extensions>
<gpxtpx:TrackPointExtension>
<gpxtpx:hr>102</gpxtpx:hr>
</gpxtpx:TrackPointExtension>
</extensions>
</trkpt>
<trkpt lat="36.781522" lon="127.006948">
<ele>1.085</ele>
<time>2024-06-03T13:33:08Z</time>
<extensions>
<gpxtpx:TrackPointExtension>
<gpxtpx:hr>102</gpxtpx:hr>
</gpxtpx:TrackPointExtension>
</extensions>
</trkpt>
<trkpt lat="36.7815181" lon="127.0069617">
<ele>1.156</ele>
<time>2024-06-03T13:33:09Z</time>
<extensions>
<gpxtpx:TrackPointExtension>
<gpxtpx:hr>102</gpxtpx:hr>
</gpxtpx:TrackPointExtension>
</extensions>
</trkpt>
<trkpt lat="36.7815144" lon="127.0069769">
<ele>1.247</ele>
<time>2024-06-03T13:33:10Z</time>
<extensions>
<gpxtpx:TrackPointExtension>
<gpxtpx:hr>102</gpxtpx:hr>
</gpxtpx:TrackPointExtension>
</extensions>
</trkpt>
<trkpt lat="36.7815099" lon="127.0069927">
<ele>1.31</ele>
<time>2024-06-03T13:33:11Z</time>
<extensions>
<gpxtpx:TrackPointExtension>
<gpxtpx:hr>102</gpxtpx:hr>
<gpxtpx:cad>101</gpxtpx:cad>
</gpxtpx:TrackPointExtension>
</extensions>
</trkpt>
<trkpt lat="36.7815056" lon="127.0070089">
<ele>1.282</ele>
<time>2024-06-03T13:33:12Z</time>
<extensions>
<gpxtpx:TrackPointExtension>
<gpxtpx:hr>102</gpxtpx:hr>
</gpxtpx:TrackPointExtension>
</extensions>
</trkpt>
<trkpt lat="36.7815006" lon="127.0070265">
<ele>1.239</ele>
<time>2024-06-03T13:33:13Z</time>
<extensions>
<gpxtpx:TrackPointExtension>
<gpxtpx:hr>102</gpxtpx:hr>
</gpxtpx:TrackPointExtension>
</extensions>
</trkpt>
<trkpt lat="36.7814958" lon="127.0070427">
<ele>1.189</ele>
<time>2024-06-03T13:33:14Z</time>
<extensions>
<gpxtpx:TrackPointExtension>
<gpxtpx:hr>103</gpxtpx:hr>
</gpxtpx:TrackPointExtension>
</extensions>
</trkpt>
<trkpt lat="36.7814903" lon="127.0070594">
<ele>1.145</ele>
<time>2024-06-03T13:33:15Z</time>
<extensions>
<gpxtpx:TrackPointExtension>
<gpxtpx:hr>103</gpxtpx:hr>
</gpxtpx:TrackPointExtension>
</extensions>
</trkpt>
<trkpt lat="36.7814848" lon="127.0070761">
<ele>1.135</ele>
<time>2024-06-03T13:33:16Z</time>
<extensions>
<gpxtpx:TrackPointExtension>
<gpxtpx:hr>103</gpxtpx:hr>
</gpxtpx:TrackPointExtension>
</extensions>
</trkpt>
<trkpt lat="36.7814795" lon="127.0070936">
<ele>1.153</ele>
<time>2024-06-03T13:33:17Z</time>
<extensions>
<gpxtpx:TrackPointExtension>
<gpxtpx:hr>103</gpxtpx:hr>
</gpxtpx:TrackPointExtension>
</extensions>
</trkpt>
<trkpt lat="36.7814741" lon="127.0071112">
<ele>1.187</ele>
<time>2024-06-03T13:33:18Z</time>
<extensions>
<gpxtpx:TrackPointExtension>
<gpxtpx:hr>103</gpxtpx:hr>
</gpxtpx:TrackPointExtension>
</extensions>
</trkpt>
<trkpt lat="36.7814681" lon="127.0071287">
<ele>1.104</ele>
<time>2024-06-03T13:33:19Z</time>
<extensions>
<gpxtpx:TrackPointExtension>
<gpxtpx:hr>103</gpxtpx:hr>
</gpxtpx:TrackPointExtension>
</extensions>
</trkpt>
<trkpt lat="36.7814638" lon="127.0071461">
<ele>1.083</ele>
<time>2024-06-03T13:33:20Z</time>
<extensions>
<gpxtpx:TrackPointExtension>
<gpxtpx:hr>103</gpxtpx:hr>
</gpxtpx:TrackPointExtension>
</extensions>
</trkpt>
<trkpt lat="36.7814606" lon="127.0071636">
<ele>1.022</ele>
<time>2024-06-03T13:33:21Z</time>
<extensions>
<gpxtpx:TrackPointExtension>
<gpxtpx:hr>103</gpxtpx:hr>
<gpxtpx:cad>104</gpxtpx:cad>
</gpxtpx:TrackPointExtension>
</extensions>
</trkpt>
<trkpt lat="36.7814584" lon="127.0071803">
<ele>1.033</ele>
<time>2024-06-03T13:33:22Z</time>
<extensions>
<gpxtpx:TrackPointExtension>
<gpxtpx:hr>103</gpxtpx:hr>
</gpxtpx:TrackPointExtension>
</extensions>
</trkpt>
<trkpt lat="36.7814549" lon="127.0071959">
<ele>0.992</ele>
<time>2024-06-03T13:33:23Z</time>
<extensions>
<gpxtpx:TrackPointExtension>
<gpxtpx:hr>103</gpxtpx:hr>
</gpxtpx:TrackPointExtension>
</extensions>
</trkpt>
<trkpt lat="36.7814507" lon="127.0072116">
<ele>0.983</ele>
<time>2024-06-03T13:33:24Z</time>
<extensions>
<gpxtpx:TrackPointExtension>
<gpxtpx:hr>103</gpxtpx:hr>
</gpxtpx:TrackPointExtension>
</extensions>
</trkpt>
<trkpt lat="36.781447" lon="127.0072271">
<ele>1.035</ele>
<time>2024-06-03T13:33:25Z</time>
<extensions>
<gpxtpx:TrackPointExtension>
<gpxtpx:hr>103</gpxtpx:hr>
</gpxtpx:TrackPointExtension>
</extensions>
</trkpt>
<trkpt lat="36.7814435" lon="127.0072405">
<ele>1.091</ele>
<time>2024-06-03T13:33:26Z</time>
<extensions>
<gpxtpx:TrackPointExtension>
<gpxtpx:hr>103</gpxtpx:hr>
</gpxtpx:TrackPointExtension>
</extensions>
</trkpt>
<trkpt lat="36.7814402" lon="127.0072536">
<ele>1.087</ele>
<time>2024-06-03T13:33:27Z</time>
<extensions>
<gpxtpx:TrackPointExtension>
<gpxtpx:hr>103</gpxtpx:hr>
</gpxtpx:TrackPointExtension>
</extensions>
</trkpt>
<trkpt lat="36.7814372" lon="127.0072654">
<ele>1.063</ele>
<time>2024-06-03T13:33:28Z</time>
<extensions>
<gpxtpx:TrackPointExtension>
<gpxtpx:hr>103</gpxtpx:hr>
</gpxtpx:TrackPointExtension>
</extensions>
</trkpt>
<trkpt lat="36.7814351" lon="127.0072784">
<ele>1.068</ele>
<time>2024-06-03T13:33:29Z</time>
<extensions>
<gpxtpx:TrackPointExtension>
<gpxtpx:hr>103</gpxtpx:hr>
</gpxtpx:TrackPointExtension>
</extensions>
</trkpt>
<trkpt lat="36.781433" lon="127.0072923">
<ele>1.094</ele>
<time>2024-06-03T13:33:30Z</time>
<extensions>
<gpxtpx:TrackPointExtension>
<gpxtpx:hr>103</gpxtpx:hr>
</gpxtpx:TrackPointExtension>
</extensions>
</trkpt>
<trkpt lat="36.7814317" lon="127.0073062">
<ele>1.146</ele>
<time>2024-06-03T13:33:31Z</time>
<extensions>
<gpxtpx:TrackPointExtension>
<gpxtpx:hr>103</gpxtpx:hr>
<gpxtpx:cad>105</gpxtpx:cad>
</gpxtpx:TrackPointExtension>
</extensions>
</trkpt>
<trkpt lat="36.7814318" lon="127.0073197">
<ele>1.176</ele>
<time>2024-06-03T13:33:32Z</time>
<extensions>
<gpxtpx:TrackPointExtension>
<gpxtpx:hr>102</gpxtpx:hr>
</gpxtpx:TrackPointExtension>
</extensions>
</trkpt>
<trkpt lat="36.7814313" lon="127.0073336">
<ele>1.223</ele>
<time>2024-06-03T13:33:33Z</time>
<extensions>
<gpxtpx:TrackPointExtension>
<gpxtpx:hr>102</gpxtpx:hr>
</gpxtpx:TrackPointExtension>
</extensions>
</trkpt>
<trkpt lat="36.7814316" lon="127.0073467">
<ele>1.287</ele>
<time>2024-06-03T13:33:34Z</time>
<extensions>
<gpxtpx:TrackPointExtension>
<gpxtpx:hr>103</gpxtpx:hr>
</gpxtpx:TrackPointExtension>
</extensions>
</trkpt>
<trkpt lat="36.7814316" lon="127.00736">
<ele>1.276</ele>
<time>2024-06-03T13:33:36Z</time>
<extensions>
<gpxtpx:TrackPointExtension>
<gpxtpx:hr>103</gpxtpx:hr>
</gpxtpx:TrackPointExtension>
</extensions>
</trkpt>
<trkpt lat="36.7814301" lon="127.0073744">
<ele>1.284</ele>
<time>2024-06-03T13:33:37Z</time>
<extensions>
<gpxtpx:TrackPointExtension>
<gpxtpx:hr>103</gpxtpx:hr>
</gpxtpx:TrackPointExtension>
</extensions>
</trkpt>
<trkpt lat="36.7814273" lon="127.0073887">
<ele>1.287</ele>
<time>2024-06-03T13:33:38Z</time>
<extensions>
<gpxtpx:TrackPointExtension>
<gpxtpx:hr>103</gpxtpx:hr>
</gpxtpx:TrackPointExtension>
</extensions>
</trkpt>
<trkpt lat="36.7814235" lon="127.0074027">
<ele>1.287</ele>
<time>2024-06-03T13:33:39Z</time>
<extensions>
<gpxtpx:TrackPointExtension>
<gpxtpx:hr>102</gpxtpx:hr>
</gpxtpx:TrackPointExtension>
</extensions>
</trkpt>
<trkpt lat="36.7814195" lon="127.0074164">
<ele>1.362</ele>
<time>2024-06-03T13:33:40Z</time>
<extensions>
<gpxtpx:TrackPointExtension>
<gpxtpx:hr>102</gpxtpx:hr>
</gpxtpx:TrackPointExtension>
</extensions>
</trkpt>
<trkpt lat="36.7814156" lon="127.0074301">
<ele>1.424</ele>
<time>2024-06-03T13:33:41Z</time>
<extensions>
<gpxtpx:TrackPointExtension>
<gpxtpx:hr>102</gpxtpx:hr>
</gpxtpx:TrackPointExtension>
</extensions>
</trkpt>
<trkpt lat="36.7814113" lon="127.0074454">
<ele>1.433</ele>
<time>2024-06-03T13:33:42Z</time>
<extensions>
<gpxtpx:TrackPointExtension>
<gpxtpx:hr>102</gpxtpx:hr>
<gpxtpx:cad>103</gpxtpx:cad>
</gpxtpx:TrackPointExtension>
</extensions>
</trkpt>
<trkpt lat="36.7814076" lon="127.0074591">
<ele>1.484</ele>
<time>2024-06-03T13:33:43Z</time>
<extensions>
<gpxtpx:TrackPointExtension>
<gpxtpx:hr>102</gpxtpx:hr>
</gpxtpx:TrackPointExtension>
</extensions>
</trkpt>
<trkpt lat="36.7814038" lon="127.0074722">
<ele>1.463</ele>
<time>2024-06-03T13:33:44Z</time>
<extensions>
<gpxtpx:TrackPointExtension>
<gpxtpx:hr>102</gpxtpx:hr>
</gpxtpx:TrackPointExtension>
</extensions>
</trkpt>
<trkpt lat="36.7813996" lon="127.0074851">
<ele>1.537</ele>
<time>2024-06-03T13:33:45Z</time>
<extensions>
<gpxtpx:TrackPointExtension>
<gpxtpx:hr>102</gpxtpx:hr>
</gpxtpx:TrackPointExtension>
</extensions>
</trkpt>
<trkpt lat="36.7813948" lon="127.0074982">
<ele>1.58</ele>
<time>2024-06-03T13:33:46Z</time>
<extensions>
<gpxtpx:TrackPointExtension>
<gpxtpx:hr>102</gpxtpx:hr>
</gpxtpx:TrackPointExtension>
</extensions>
</trkpt>
<trkpt lat="36.7813907" lon="127.0075099">
<ele>1.534</ele>
<time>2024-06-03T13:33:47Z</time>
<extensions>
<gpxtpx:TrackPointExtension>
<gpxtpx:hr>102</gpxtpx:hr>
</gpxtpx:TrackPointExtension>
</extensions>
</trkpt>
<trkpt lat="36.7813867" lon="127.0075197">
<ele>1.782</ele>
<time>2024-06-03T13:33:48Z</time>
<extensions>
<gpxtpx:TrackPointExtension>
<gpxtpx:hr>103</gpxtpx:hr>
</gpxtpx:TrackPointExtension>
</extensions>
</trkpt>
<trkpt lat="36.7813836" lon="127.0075281">
<ele>2.114</ele>
<time>2024-06-03T13:33:49Z</time>
<extensions>
<gpxtpx:TrackPointExtension>
<gpxtpx:hr>103</gpxtpx:hr>
</gpxtpx:TrackPointExtension>
</extensions>
</trkpt>
<trkpt lat="36.7813797" lon="127.0075364">
<ele>2.262</ele>
<time>2024-06-03T13:33:50Z</time>
<extensions>
<gpxtpx:TrackPointExtension>
<gpxtpx:hr>103</gpxtpx:hr>
</gpxtpx:TrackPointExtension>
</extensions>
</trkpt>
<trkpt lat="36.7813743" lon="127.007545">
<ele>2.262</ele>
<time>2024-06-03T13:33:51Z</time>
<extensions>
<gpxtpx:TrackPointExtension>
<gpxtpx:hr>103</gpxtpx:hr>
<gpxtpx:cad>103</gpxtpx:cad>
</gpxtpx:TrackPointExtension>
</extensions>
</trkpt>
<trkpt lat="36.7813683" lon="127.0075534">
<ele>2.414</ele>
<time>2024-06-03T13:33:52Z</time>
<extensions>
<gpxtpx:TrackPointExtension>
<gpxtpx:hr>103</gpxtpx:hr>
<gpxtpx:cad>103</gpxtpx:cad>
</gpxtpx:TrackPointExtension>
</extensions>
</trkpt>
<trkpt lat="36.7813615" lon="127.0075622">
<ele>2.432</ele>
<time>2024-06-03T13:33:53Z</time>
<extensions>
<gpxtpx:TrackPointExtension>
<gpxtpx:hr>103</gpxtpx:hr>
</gpxtpx:TrackPointExtension>
</extensions>
</trkpt>
<trkpt lat="36.7813539" lon="127.007573">
<ele>2.469</ele>
<time>2024-06-03T13:33:54Z</time>
<extensions>
<gpxtpx:TrackPointExtension>
<gpxtpx:hr>103</gpxtpx:hr>
</gpxtpx:TrackPointExtension>
</extensions>
</trkpt>
<trkpt lat="36.7813459" lon="127.007584">
<ele>2.49</ele>
<time>2024-06-03T13:33:55Z</time>
<extensions>
<gpxtpx:TrackPointExtension>
<gpxtpx:hr>103</gpxtpx:hr>
</gpxtpx:TrackPointExtension>
</extensions>
</trkpt>
<trkpt lat="36.7813386" lon="127.0075982">
<ele>2.481</ele>
<time>2024-06-03T13:33:56Z</time>
<extensions>
<gpxtpx:TrackPointExtension>
<gpxtpx:hr>103</gpxtpx:hr>
</gpxtpx:TrackPointExtension>
</extensions>
</trkpt>
<trkpt lat="36.7813311" lon="127.007614">
<ele>2.469</ele>
<time>2024-06-03T13:33:57Z</time>
<extensions>
<gpxtpx:TrackPointExtension>
<gpxtpx:hr>103</gpxtpx:hr>
</gpxtpx:TrackPointExtension>
</extensions>
</trkpt>
<trkpt lat="36.7813244" lon="127.0076306">
<ele>2.484</ele>
<time>2024-06-03T13:33:58Z</time>
<extensions>
<gpxtpx:TrackPointExtension>
<gpxtpx:hr>104</gpxtpx:hr>
</gpxtpx:TrackPointExtension>
</extensions>
</trkpt>
<trkpt lat="36.7813199" lon="127.0076477">
<ele>2.538</ele>
<time>2024-06-03T13:33:59Z</time>
<extensions>
<gpxtpx:TrackPointExtension>
<gpxtpx:hr>104</gpxtpx:hr>
</gpxtpx:TrackPointExtension>
</extensions>
</trkpt>
<trkpt lat="36.7813173" lon="127.0076662">
<ele>2.599</ele>
<time>2024-06-03T13:34:00Z</time>
<extensions>
<gpxtpx:TrackPointExtension>
<gpxtpx:hr>104</gpxtpx:hr>
</gpxtpx:TrackPointExtension>
</extensions>
</trkpt>
<trkpt lat="36.7813175" lon="127.0076857">
<ele>2.639</ele>
<time>2024-06-03T13:34:01Z</time>
<extensions>
<gpxtpx:TrackPointExtension>
<gpxtpx:hr>104</gpxtpx:hr>
<gpxtpx:cad>100</gpxtpx:cad>
</gpxtpx:TrackPointExtension>
</extensions>
</trkpt>
<trkpt lat="36.7813191" lon="127.0077042">
<ele>2.704</ele>
<time>2024-06-03T13:34:02Z</time>
<extensions>
<gpxtpx:TrackPointExtension>
<gpxtpx:hr>104</gpxtpx:hr>
</gpxtpx:TrackPointExtension>
</extensions>
</trkpt>
<trkpt lat="36.7813215" lon="127.0077222">
<ele>2.752</ele>
<time>2024-06-03T13:34:03Z</time>
<extensions>
<gpxtpx:TrackPointExtension>
<gpxtpx:hr>105</gpxtpx:hr>
</gpxtpx:TrackPointExtension>
</extensions>
</trkpt>
<trkpt lat="36.7813241" lon="127.0077411">
<ele>2.779</ele>
<time>2024-06-03T13:34:04Z</time>
<extensions>
<gpxtpx:TrackPointExtension>
<gpxtpx:hr>105</gpxtpx:hr>
</gpxtpx:TrackPointExtension>
</extensions>
</trkpt>
<trkpt lat="36.7813258" lon="127.0077611">
<ele>2.806</ele>
<time>2024-06-03T13:34:05Z</time>
<extensions>
<gpxtpx:TrackPointExtension>
<gpxtpx:hr>105</gpxtpx:hr>
</gpxtpx:TrackPointExtension>
</extensions>
</trkpt>
<trkpt lat="36.7813313" lon="127.0078052">
<ele>2.839</ele>
<time>2024-06-03T13:34:06Z</time>
<extensions>
<gpxtpx:TrackPointExtension>
<gpxtpx:hr>106</gpxtpx:hr>
</gpxtpx:TrackPointExtension>
</extensions>
</trkpt>
<trkpt lat="36.7813338" lon="127.0078287">
<ele>2.868</ele>
<time>2024-06-03T13:34:07Z</time>
<extensions>
<gpxtpx:TrackPointExtension>
<gpxtpx:hr>106</gpxtpx:hr>
</gpxtpx:TrackPointExtension>
</extensions>
</trkpt>
<trkpt lat="36.781338" lon="127.0078533">
<ele>2.922</ele>
<time>2024-06-03T13:34:08Z</time>
<extensions>
<gpxtpx:TrackPointExtension>
<gpxtpx:hr>106</gpxtpx:hr>
</gpxtpx:TrackPointExtension>
</extensions>
</trkpt>
<trkpt lat="36.7813418" lon="127.0078773">
<ele>2.92</ele>
<time>2024-06-03T13:34:09Z</time>
<extensions>
<gpxtpx:TrackPointExtension>
<gpxtpx:hr>106</gpxtpx:hr>
</gpxtpx:TrackPointExtension>
</extensions>
</trkpt>
<trkpt lat="36.7813451" lon="127.0079016">
<ele>2.944</ele>
<time>2024-06-03T13:34:10Z</time>
<extensions>
<gpxtpx:TrackPointExtension>
<gpxtpx:hr>106</gpxtpx:hr>
<gpxtpx:cad>99</gpxtpx:cad>
</gpxtpx:TrackPointExtension>
</extensions>
</trkpt>
<trkpt lat="36.7813472" lon="127.0079238">
<ele>2.945</ele>
<time>2024-06-03T13:34:11Z</time>
<extensions>
<gpxtpx:TrackPointExtension>
<gpxtpx:hr>106</gpxtpx:hr>
<gpxtpx:cad>100</gpxtpx:cad>
</gpxtpx:TrackPointExtension>
</extensions>
</trkpt>
<trkpt lat="36.7813506" lon="127.0079447">
<ele>2.933</ele>
<time>2024-06-03T13:34:12Z</time>
<extensions>
<gpxtpx:TrackPointExtension>
<gpxtpx:hr>106</gpxtpx:hr>
</gpxtpx:TrackPointExtension>
</extensions>
</trkpt>
<trkpt lat="36.7813549" lon="127.0079642">
<ele>3.072</ele>
<time>2024-06-03T13:34:13Z</time>
<extensions>
<gpxtpx:TrackPointExtension>
<gpxtpx:hr>106</gpxtpx:hr>
</gpxtpx:TrackPointExtension>
</extensions>
</trkpt>
<trkpt lat="36.7813567" lon="127.0079814">
<ele>3.155</ele>
<time>2024-06-03T13:34:14Z</time>
<extensions>
<gpxtpx:TrackPointExtension>
<gpxtpx:hr>106</gpxtpx:hr>
</gpxtpx:TrackPointExtension>
</extensions>
</trkpt>
<trkpt lat="36.7813574" lon="127.0079969">
<ele>3.124</ele>
<time>2024-06-03T13:34:15Z</time>
<extensions>
<gpxtpx:TrackPointExtension>
<gpxtpx:hr>105</gpxtpx:hr>
</gpxtpx:TrackPointExtension>
</extensions>
</trkpt>
<trkpt lat="36.7813559" lon="127.0080115">
<ele>3.193</ele>
<time>2024-06-03T13:34:16Z</time>
<extensions>
<gpxtpx:TrackPointExtension>
<gpxtpx:hr>105</gpxtpx:hr>
</gpxtpx:TrackPointExtension>
</extensions>
</trkpt>
<trkpt lat="36.7813541" lon="127.0080243">
<ele>3.177</ele>
<time>2024-06-03T13:34:17Z</time>
<extensions>
<gpxtpx:TrackPointExtension>
<gpxtpx:hr>104</gpxtpx:hr>
</gpxtpx:TrackPointExtension>
</extensions>
</trkpt>
<trkpt lat="36.7813513" lon="127.0080367">
<ele>3.147</ele>
<time>2024-06-03T13:34:18Z</time>
<extensions>
<gpxtpx:TrackPointExtension>
<gpxtpx:hr>104</gpxtpx:hr>
</gpxtpx:TrackPointExtension>
</extensions>
</trkpt>
<trkpt lat="36.7813492" lon="127.0080491">
<ele>3.211</ele>
<time>2024-06-03T13:34:19Z</time>
<extensions>
<gpxtpx:TrackPointExtension>
<gpxtpx:hr>103</gpxtpx:hr>
</gpxtpx:TrackPointExtension>
</extensions>
</trkpt>
<trkpt lat="36.781345" lon="127.0080609">
<ele>3.22</ele>
<time>2024-06-03T13:34:20Z</time>
<extensions>
<gpxtpx:TrackPointExtension>
<gpxtpx:hr>103</gpxtpx:hr>
</gpxtpx:TrackPointExtension>
</extensions>
</trkpt>
<trkpt lat="36.7813412" lon="127.0080705">
<ele>3.238</ele>
<time>2024-06-03T13:34:21Z</time>
<extensions>
<gpxtpx:TrackPointExtension>
<gpxtpx:hr>103</gpxtpx:hr>
<gpxtpx:cad>103</gpxtpx:cad>
</gpxtpx:TrackPointExtension>
</extensions>
</trkpt>
<trkpt lat="36.7813373" lon="127.0080796">
<ele>3.268</ele>
<time>2024-06-03T13:34:22Z</time>
<extensions>
<gpxtpx:TrackPointExtension>
<gpxtpx:hr>103</gpxtpx:hr>
</gpxtpx:TrackPointExtension>
</extensions>
</trkpt>
<trkpt lat="36.781333" lon="127.008087">
<ele>3.374</ele>
<time>2024-06-03T13:34:23Z</time>
<extensions>
<gpxtpx:TrackPointExtension>
<gpxtpx:hr>103</gpxtpx:hr>
</gpxtpx:TrackPointExtension>
</extensions>
</trkpt>
<trkpt lat="36.7813274" lon="127.0080933">
<ele>3.372</ele>
<time>2024-06-03T13:34:24Z</time>
<extensions>
<gpxtpx:TrackPointExtension>
<gpxtpx:hr>103</gpxtpx:hr>
</gpxtpx:TrackPointExtension>
</extensions>
</trkpt>
<trkpt lat="36.7813221" lon="127.0081003">
<ele>3.392</ele>
<time>2024-06-03T13:34:25Z</time>
<extensions>
<gpxtpx:TrackPointExtension>
<gpxtpx:hr>103</gpxtpx:hr>
</gpxtpx:TrackPointExtension>
</extensions>
</trkpt>
<trkpt lat="36.7813161" lon="127.0081082">
<ele>3.439</ele>
<time>2024-06-03T13:34:26Z</time>
<extensions>
<gpxtpx:TrackPointExtension>
<gpxtpx:hr>103</gpxtpx:hr>
</gpxtpx:TrackPointExtension>
</extensions>
</trkpt>
<trkpt lat="36.7813108" lon="127.0081179">
<ele>3.428</ele>
<time>2024-06-03T13:34:27Z</time>
<extensions>
<gpxtpx:TrackPointExtension>
<gpxtpx:hr>103</gpxtpx:hr>
</gpxtpx:TrackPointExtension>
</extensions>
</trkpt>
<trkpt lat="36.7813043" lon="127.0081271">
<ele>3.431</ele>
<time>2024-06-03T13:34:28Z</time>
<extensions>
<gpxtpx:TrackPointExtension>
<gpxtpx:hr>103</gpxtpx:hr>
</gpxtpx:TrackPointExtension>
</extensions>
</trkpt>
<trkpt lat="36.7812991" lon="127.0081377">
<ele>3.475</ele>
<time>2024-06-03T13:34:29Z</time>
<extensions>
<gpxtpx:TrackPointExtension>
<gpxtpx:hr>104</gpxtpx:hr>
</gpxtpx:TrackPointExtension>
</extensions>
</trkpt>
<trkpt lat="36.7812925" lon="127.0081485">
<ele>3.491</ele>
<time>2024-06-03T13:34:30Z</time>
<extensions>
<gpxtpx:TrackPointExtension>
<gpxtpx:hr>104</gpxtpx:hr>
</gpxtpx:TrackPointExtension>
</extensions>
</trkpt>
<trkpt lat="36.7812862" lon="127.0081581">
<ele>3.485</ele>
<time>2024-06-03T13:34:31Z</time>
<extensions>
<gpxtpx:TrackPointExtension>
<gpxtpx:hr>104</gpxtpx:hr>
<gpxtpx:cad>100</gpxtpx:cad>
</gpxtpx:TrackPointExtension>
</extensions>
</trkpt>
<trkpt lat="36.78128" lon="127.0081667">
<ele>3.569</ele>
<time>2024-06-03T13:34:32Z</time>
<extensions>
<gpxtpx:TrackPointExtension>
<gpxtpx:hr>104</gpxtpx:hr>
</gpxtpx:TrackPointExtension>
</extensions>
</trkpt>
<trkpt lat="36.781275" lon="127.008174">
<ele>3.559</ele>
<time>2024-06-03T13:34:33Z</time>
<extensions>
<gpxtpx:TrackPointExtension>
<gpxtpx:hr>104</gpxtpx:hr>
</gpxtpx:TrackPointExtension>
</extensions>
</trkpt>
<trkpt lat="36.7812709" lon="127.0081807">
<ele>3.497</ele>
<time>2024-06-03T13:34:34Z</time>
<extensions>
<gpxtpx:TrackPointExtension>
<gpxtpx:hr>105</gpxtpx:hr>
</gpxtpx:TrackPointExtension>
</extensions>
</trkpt>
<trkpt lat="36.7812664" lon="127.0081873">
<ele>3.537</ele>
<time>2024-06-03T13:34:35Z</time>
<extensions>
<gpxtpx:TrackPointExtension>
<gpxtpx:hr>105</gpxtpx:hr>
</gpxtpx:TrackPointExtension>
</extensions>
</trkpt>
<trkpt lat="36.7812618" lon="127.0081926">
<ele>3.517</ele>
<time>2024-06-03T13:34:36Z</time>
<extensions>
<gpxtpx:TrackPointExtension>
<gpxtpx:hr>105</gpxtpx:hr>
</gpxtpx:TrackPointExtension>
</extensions>
</trkpt>
<trkpt lat="36.7812563" lon="127.0081972">
<ele>3.455</ele>
<time>2024-06-03T13:34:37Z</time>
<extensions>
<gpxtpx:TrackPointExtension>
<gpxtpx:hr>106</gpxtpx:hr>
</gpxtpx:TrackPointExtension>
</extensions>
</trkpt>
<trkpt lat="36.7812485" lon="127.0081995">
<ele>3.466</ele>
<time>2024-06-03T13:34:38Z</time>
<extensions>
<gpxtpx:TrackPointExtension>
<gpxtpx:hr>106</gpxtpx:hr>
</gpxtpx:TrackPointExtension>
</extensions>
</trkpt>
<trkpt lat="36.7812391" lon="127.0082004">
<ele>3.561</ele>
<time>2024-06-03T13:34:39Z</time>
<extensions>
<gpxtpx:TrackPointExtension>
<gpxtpx:hr>106</gpxtpx:hr>
</gpxtpx:TrackPointExtension>
</extensions>
</trkpt>
<trkpt lat="36.7812289" lon="127.0082003">
<ele>3.578</ele>
<time>2024-06-03T13:34:40Z</time>
<extensions>
<gpxtpx:TrackPointExtension>
<gpxtpx:hr>106</gpxtpx:hr>
</gpxtpx:TrackPointExtension>
</extensions>
</trkpt>
<trkpt lat="36.7812175" lon="127.0082">
<ele>3.504</ele>
<time>2024-06-03T13:34:41Z</time>
<extensions>
<gpxtpx:TrackPointExtension>
<gpxtpx:hr>106</gpxtpx:hr>
<gpxtpx:cad>100</gpxtpx:cad>
</gpxtpx:TrackPointExtension>
</extensions>
</trkpt>
<trkpt lat="36.7812045" lon="127.0081994">
<ele>3.493</ele>
<time>2024-06-03T13:34:42Z</time>
<extensions>
<gpxtpx:TrackPointExtension>
<gpxtpx:hr>105</gpxtpx:hr>
</gpxtpx:TrackPointExtension>
</extensions>
</trkpt>
<trkpt lat="36.781189" lon="127.0081989">
<ele>3.419</ele>
<time>2024-06-03T13:34:43Z</time>
<extensions>
<gpxtpx:TrackPointExtension>
<gpxtpx:hr>105</gpxtpx:hr>
</gpxtpx:TrackPointExtension>
</extensions>
</trkpt>
<trkpt lat="36.7811716" lon="127.0081985">
<ele>3.362</ele>
<time>2024-06-03T13:34:44Z</time>
<extensions>
<gpxtpx:TrackPointExtension>
<gpxtpx:hr>105</gpxtpx:hr>
</gpxtpx:TrackPointExtension>
</extensions>
</trkpt>
<trkpt lat="36.7811539" lon="127.0081996">
<ele>3.291</ele>
<time>2024-06-03T13:34:45Z</time>
<extensions>
<gpxtpx:TrackPointExtension>
<gpxtpx:hr>105</gpxtpx:hr>
</gpxtpx:TrackPointExtension>
</extensions>
</trkpt>
<trkpt lat="36.7811366" lon="127.008203">
<ele>3.158</ele>
<time>2024-06-03T13:34:46Z</time>
<extensions>
<gpxtpx:TrackPointExtension>
<gpxtpx:hr>104</gpxtpx:hr>
</gpxtpx:TrackPointExtension>
</extensions>
</trkpt>
<trkpt lat="36.7811192" lon="127.0082077">
<ele>3.207</ele>
<time>2024-06-03T13:34:47Z</time>
<extensions>
<gpxtpx:TrackPointExtension>
<gpxtpx:hr>104</gpxtpx:hr>
</gpxtpx:TrackPointExtension>
</extensions>
</trkpt>
<trkpt lat="36.7811005" lon="127.0082134">
<ele>3.247</ele>
<time>2024-06-03T13:34:48Z</time>
<extensions>
<gpxtpx:TrackPointExtension>
<gpxtpx:hr>104</gpxtpx:hr>
</gpxtpx:TrackPointExtension>
</extensions>
</trkpt>
<trkpt lat="36.7810826" lon="127.0082169">
<ele>3.287</ele>
<time>2024-06-03T13:34:49Z</time>
<extensions>
<gpxtpx:TrackPointExtension>
<gpxtpx:hr>103</gpxtpx:hr>
</gpxtpx:TrackPointExtension>
</extensions>
</trkpt>
<trkpt lat="36.7810654" lon="127.0082204">
<ele>3.22</ele>
<time>2024-06-03T13:34:50Z</time>
<extensions>
<gpxtpx:TrackPointExtension>
<gpxtpx:hr>103</gpxtpx:hr>
</gpxtpx:TrackPointExtension>
</extensions>
</trkpt>
<trkpt lat="36.7810493" lon="127.0082245">
<ele>3.253</ele>
<time>2024-06-03T13:34:51Z</time>
<extensions>
<gpxtpx:TrackPointExtension>
<gpxtpx:hr>102</gpxtpx:hr>
<gpxtpx:cad>103</gpxtpx:cad>
</gpxtpx:TrackPointExtension>
</extensions>
</trkpt>
<trkpt lat="36.7810348" lon="127.0082283">
<ele>3.219</ele>
<time>2024-06-03T13:34:52Z</time>
<extensions>
<gpxtpx:TrackPointExtension>
<gpxtpx:hr>102</gpxtpx:hr>
</gpxtpx:TrackPointExtension>
</extensions>
</trkpt>
<trkpt lat="36.781022" lon="127.0082303">
<ele>3.161</ele>
<time>2024-06-03T13:34:53Z</time>
<extensions>
<gpxtpx:TrackPointExtension>
<gpxtpx:hr>102</gpxtpx:hr>
</gpxtpx:TrackPointExtension>
</extensions>
</trkpt>
<trkpt lat="36.7810105" lon="127.008232">
<ele>3.144</ele>
<time>2024-06-03T13:34:54Z</time>
<extensions>
<gpxtpx:TrackPointExtension>
<gpxtpx:hr>101</gpxtpx:hr>
</gpxtpx:TrackPointExtension>
</extensions>
</trkpt>
<trkpt lat="36.7809992" lon="127.0082327">
<ele>3.114</ele>
<time>2024-06-03T13:34:55Z</time>
<extensions>
<gpxtpx:TrackPointExtension>
<gpxtpx:hr>101</gpxtpx:hr>
</gpxtpx:TrackPointExtension>
</extensions>
</trkpt>
<trkpt lat="36.7809886" lon="127.0082309">
<ele>3.019</ele>
<time>2024-06-03T13:34:56Z</time>
<extensions>
<gpxtpx:TrackPointExtension>
<gpxtpx:hr>101</gpxtpx:hr>
</gpxtpx:TrackPointExtension>
</extensions>
</trkpt>
<trkpt lat="36.780979" lon="127.0082293">
<ele>2.967</ele>
<time>2024-06-03T13:34:57Z</time>
<extensions>
<gpxtpx:TrackPointExtension>
<gpxtpx:hr>101</gpxtpx:hr>
</gpxtpx:TrackPointExtension>
</extensions>
</trkpt>
<trkpt lat="36.7809696" lon="127.0082309">
<ele>2.977</ele>
<time>2024-06-03T13:34:58Z</time>
<extensions>
<gpxtpx:TrackPointExtension>
<gpxtpx:hr>101</gpxtpx:hr>
</gpxtpx:TrackPointExtension>
</extensions>
</trkpt>
<trkpt lat="36.7809594" lon="127.008231">
<ele>2.916</ele>
<time>2024-06-03T13:34:59Z</time>
<extensions>
<gpxtpx:TrackPointExtension>
<gpxtpx:hr>101</gpxtpx:hr>
</gpxtpx:TrackPointExtension>
</extensions>
</trkpt>
<trkpt lat="36.7809496" lon="127.0082288">
<ele>2.863</ele>
<time>2024-06-03T13:35:00Z</time>
<extensions>
<gpxtpx:TrackPointExtension>
<gpxtpx:hr>101</gpxtpx:hr>
</gpxtpx:TrackPointExtension>
</extensions>
</trkpt>
<trkpt lat="36.7809396" lon="127.0082246">
<ele>2.773</ele>
<time>2024-06-03T13:35:01Z</time>
<extensions>
<gpxtpx:TrackPointExtension>
<gpxtpx:cad>104</gpxtpx:cad>
</gpxtpx:TrackPointExtension>
</extensions>
</trkpt>
<trkpt lat="36.7809296" lon="127.0082208">
<ele>2.749</ele>
<time>2024-06-03T13:35:02Z</time>
<extensions>
<gpxtpx:TrackPointExtension>
<gpxtpx:hr>101</gpxtpx:hr>
</gpxtpx:TrackPointExtension>
</extensions>
</trkpt>
<trkpt lat="36.7809191" lon="127.0082166">
<ele>2.763</ele>
<time>2024-06-03T13:35:03Z</time>
<extensions>
<gpxtpx:TrackPointExtension>
<gpxtpx:hr>102</gpxtpx:hr>
</gpxtpx:TrackPointExtension>
</extensions>
</trkpt>
<trkpt lat="36.7809088" lon="127.0082121">
<ele>2.714</ele>
<time>2024-06-03T13:35:04Z</time>
<extensions>
<gpxtpx:TrackPointExtension>
<gpxtpx:hr>102</gpxtpx:hr>
</gpxtpx:TrackPointExtension>
</extensions>
</trkpt>
<trkpt lat="36.7808995" lon="127.0082054">
<ele>2.7</ele>
<time>2024-06-03T13:35:05Z</time>
<extensions>
<gpxtpx:TrackPointExtension>
<gpxtpx:hr>102</gpxtpx:hr>
</gpxtpx:TrackPointExtension>
</extensions>
</trkpt>
<trkpt lat="36.7808896" lon="127.0081955">
<ele>2.646</ele>
<time>2024-06-03T13:35:06Z</time>
<extensions>
<gpxtpx:TrackPointExtension>
<gpxtpx:hr>102</gpxtpx:hr>
</gpxtpx:TrackPointExtension>
</extensions>
</trkpt>
<trkpt lat="36.7808794" lon="127.0081835">
<ele>2.671</ele>
<time>2024-06-03T13:35:07Z</time>
<extensions>
<gpxtpx:TrackPointExtension>
<gpxtpx:hr>102</gpxtpx:hr>
</gpxtpx:TrackPointExtension>
</extensions>
</trkpt>
<trkpt lat="36.7808693" lon="127.0081722">
<ele>2.597</ele>
<time>2024-06-03T13:35:08Z</time>
<extensions>
<gpxtpx:TrackPointExtension>
<gpxtpx:hr>102</gpxtpx:hr>
</gpxtpx:TrackPointExtension>
</extensions>
</trkpt>
<trkpt lat="36.780859" lon="127.00816">
<ele>2.57</ele>
<time>2024-06-03T13:35:09Z</time>
<extensions>
<gpxtpx:TrackPointExtension>
<gpxtpx:hr>102</gpxtpx:hr>
</gpxtpx:TrackPointExtension>
</extensions>
</trkpt>
<trkpt lat="36.7808494" lon="127.0081503">
<ele>2.591</ele>
<time>2024-06-03T13:35:10Z</time>
<extensions>
<gpxtpx:TrackPointExtension>
<gpxtpx:hr>102</gpxtpx:hr>
</gpxtpx:TrackPointExtension>
</extensions>
</trkpt>
<trkpt lat="36.7808396" lon="127.0081425">
<ele>2.62</ele>
<time>2024-06-03T13:35:11Z</time>
<extensions>
<gpxtpx:TrackPointExtension>
<gpxtpx:hr>101</gpxtpx:hr>
<gpxtpx:cad>103</gpxtpx:cad>
</gpxtpx:TrackPointExtension>
</extensions>
</trkpt>
<trkpt lat="36.7808297" lon="127.008136">
<ele>2.553</ele>
<time>2024-06-03T13:35:12Z</time>
<extensions>
<gpxtpx:TrackPointExtension>
<gpxtpx:hr>101</gpxtpx:hr>
</gpxtpx:TrackPointExtension>
</extensions>
</trkpt>
<trkpt lat="36.7808197" lon="127.0081318">
<ele>2.546</ele>
<time>2024-06-03T13:35:13Z</time>
<extensions>
<gpxtpx:TrackPointExtension>
<gpxtpx:hr>101</gpxtpx:hr>
</gpxtpx:TrackPointExtension>
</extensions>
</trkpt>
<trkpt lat="36.780809" lon="127.0081283">
<ele>2.503</ele>
<time>2024-06-03T13:35:14Z</time>
<extensions>
<gpxtpx:TrackPointExtension>
<gpxtpx:hr>101</gpxtpx:hr>
</gpxtpx:TrackPointExtension>
</extensions>
</trkpt>
<trkpt lat="36.7807969" lon="127.0081247">
<ele>2.426</ele>
<time>2024-06-03T13:35:15Z</time>
<extensions>
<gpxtpx:TrackPointExtension>
<gpxtpx:hr>101</gpxtpx:hr>
</gpxtpx:TrackPointExtension>
</extensions>
</trkpt>
<trkpt lat="36.7807857" lon="127.0081196">
<ele>2.389</ele>
<time>2024-06-03T13:35:16Z</time>
<extensions>
<gpxtpx:TrackPointExtension>
<gpxtpx:hr>101</gpxtpx:hr>
</gpxtpx:TrackPointExtension>
</extensions>
</trkpt>
<trkpt lat="36.7807722" lon="127.0081139">
<ele>2.362</ele>
<time>2024-06-03T13:35:17Z</time>
<extensions>
<gpxtpx:TrackPointExtension>
<gpxtpx:hr>101</gpxtpx:hr>
</gpxtpx:TrackPointExtension>
</extensions>
</trkpt>
<trkpt lat="36.7807579" lon="127.0081085">
<ele>2.383</ele>
<time>2024-06-03T13:35:18Z</time>
<extensions>
<gpxtpx:TrackPointExtension>
<gpxtpx:hr>102</gpxtpx:hr>
</gpxtpx:TrackPointExtension>
</extensions>
</trkpt>
<trkpt lat="36.7807443" lon="127.0081031">
<ele>2.393</ele>
<time>2024-06-03T13:35:19Z</time>
<extensions>
<gpxtpx:TrackPointExtension>
<gpxtpx:hr>102</gpxtpx:hr>
</gpxtpx:TrackPointExtension>
</extensions>
</trkpt>
<trkpt lat="36.780731" lon="127.0080984">
<ele>2.307</ele>
<time>2024-06-03T13:35:20Z</time>
<extensions>
<gpxtpx:TrackPointExtension>
<gpxtpx:hr>102</gpxtpx:hr>
</gpxtpx:TrackPointExtension>
</extensions>
</trkpt>
<trkpt lat="36.7807187" lon="127.0080941">
<ele>2.325</ele>
<time>2024-06-03T13:35:21Z</time>
<extensions>
<gpxtpx:TrackPointExtension>
<gpxtpx:hr>102</gpxtpx:hr>
<gpxtpx:cad>102</gpxtpx:cad>
</gpxtpx:TrackPointExtension>
</extensions>
</trkpt>
<trkpt lat="36.7807072" lon="127.0080906">
<ele>2.34</ele>
<time>2024-06-03T13:35:22Z</time>
<extensions>
<gpxtpx:TrackPointExtension>
<gpxtpx:hr>102</gpxtpx:hr>
</gpxtpx:TrackPointExtension>
</extensions>
</trkpt>
<trkpt lat="36.7806966" lon="127.0080883">
<ele>2.324</ele>
<time>2024-06-03T13:35:23Z</time>
<extensions>
<gpxtpx:TrackPointExtension>
<gpxtpx:hr>102</gpxtpx:hr>
</gpxtpx:TrackPointExtension>
</extensions>
</trkpt>
<trkpt lat="36.7806863" lon="127.008087">
<ele>2.341</ele>
<time>2024-06-03T13:35:24Z</time>
<extensions>
<gpxtpx:TrackPointExtension>
<gpxtpx:hr>102</gpxtpx:hr>
</gpxtpx:TrackPointExtension>
</extensions>
</trkpt>
<trkpt lat="36.7806762" lon="127.0080868">
<ele>2.475</ele>
<time>2024-06-03T13:35:25Z</time>
<extensions>
<gpxtpx:TrackPointExtension>
<gpxtpx:hr>102</gpxtpx:hr>
</gpxtpx:TrackPointExtension>
</extensions>
</trkpt>
<trkpt lat="36.7806663" lon="127.0080875">
<ele>2.513</ele>
<time>2024-06-03T13:35:26Z</time>
<extensions>
<gpxtpx:TrackPointExtension>
<gpxtpx:hr>102</gpxtpx:hr>
<gpxtpx:cad>100</gpxtpx:cad>
</gpxtpx:TrackPointExtension>
</extensions>
</trkpt>
<trkpt lat="36.7806564" lon="127.0080892">
<ele>2.633</ele>
<time>2024-06-03T13:35:27Z</time>
<extensions>
<gpxtpx:TrackPointExtension>
<gpxtpx:hr>102</gpxtpx:hr>
</gpxtpx:TrackPointExtension>
</extensions>
</trkpt>
<trkpt lat="36.7806468" lon="127.0080933">
<ele>2.631</ele>
<time>2024-06-03T13:35:28Z</time>
<extensions>
<gpxtpx:TrackPointExtension>
<gpxtpx:hr>102</gpxtpx:hr>
</gpxtpx:TrackPointExtension>
</extensions>
</trkpt>
<trkpt lat="36.7806402" lon="127.0080998">
<ele>2.65</ele>
<time>2024-06-03T13:35:29Z</time>
<extensions>
<gpxtpx:TrackPointExtension>
<gpxtpx:hr>102</gpxtpx:hr>
</gpxtpx:TrackPointExtension>
</extensions>
</trkpt>
<trkpt lat="36.7806362" lon="127.0081058">
<ele>2.679</ele>
<time>2024-06-03T13:35:30Z</time>
<extensions>
<gpxtpx:TrackPointExtension>
<gpxtpx:hr>102</gpxtpx:hr>
</gpxtpx:TrackPointExtension>
</extensions>
</trkpt>
<trkpt lat="36.7806338" lon="127.0081134">
<ele>2.68</ele>
<time>2024-06-03T13:35:31Z</time>
<extensions>
<gpxtpx:TrackPointExtension>
<gpxtpx:hr>102</gpxtpx:hr>
<gpxtpx:cad>69</gpxtpx:cad>
</gpxtpx:TrackPointExtension>
</extensions>
</trkpt>
<trkpt lat="36.7806338" lon="127.0081213">
<ele>2.693</ele>
<time>2024-06-03T13:35:32Z</time>
<extensions>
<gpxtpx:TrackPointExtension>
<gpxtpx:hr>102</gpxtpx:hr>
</gpxtpx:TrackPointExtension>
</extensions>
</trkpt>
<trkpt lat="36.7806342" lon="127.0081275">
<ele>2.724</ele>
<time>2024-06-03T13:35:33Z</time>
<extensions>
<gpxtpx:TrackPointExtension>
<gpxtpx:hr>102</gpxtpx:hr>
</gpxtpx:TrackPointExtension>
</extensions>
</trkpt>
<trkpt lat="36.7806356" lon="127.0081317">
<ele>2.691</ele>
<time>2024-06-03T13:35:34Z</time>
<extensions>
<gpxtpx:TrackPointExtension>
<gpxtpx:hr>102</gpxtpx:hr>
</gpxtpx:TrackPointExtension>
</extensions>
</trkpt>
<trkpt lat="36.7806373" lon="127.0081346">
<ele>2.699</ele>
<time>2024-06-03T13:35:35Z</time>
<extensions>
<gpxtpx:TrackPointExtension>
<gpxtpx:hr>102</gpxtpx:hr>
</gpxtpx:TrackPointExtension>
</extensions>
</trkpt>
<trkpt lat="36.7806385" lon="127.008136">
<ele>2.673</ele>
<time>2024-06-03T13:35:36Z</time>
<extensions>
<gpxtpx:TrackPointExtension>
<gpxtpx:hr>101</gpxtpx:hr>
</gpxtpx:TrackPointExtension>
</extensions>
</trkpt>
<trkpt lat="36.7806407" lon="127.0081372">
<ele>2.675</ele>
<time>2024-06-03T13:35:37Z</time>
<extensions>
<gpxtpx:TrackPointExtension>
<gpxtpx:hr>101</gpxtpx:hr>
</gpxtpx:TrackPointExtension>
</extensions>
</trkpt>
<trkpt lat="36.7806441" lon="127.0081363">
<ele>2.68</ele>
<time>2024-06-03T13:35:38Z</time>
<extensions>
<gpxtpx:TrackPointExtension>
<gpxtpx:hr>100</gpxtpx:hr>
</gpxtpx:TrackPointExtension>
</extensions>
</trkpt>
<trkpt lat="36.7806479" lon="127.008135">
<ele>2.694</ele>
<time>2024-06-03T13:35:39Z</time>
<extensions>
<gpxtpx:TrackPointExtension>
<gpxtpx:hr>100</gpxtpx:hr>
</gpxtpx:TrackPointExtension>
</extensions>
</trkpt>
<trkpt lat="36.7806518" lon="127.0081325">
<ele>2.705</ele>
<time>2024-06-03T13:35:40Z</time>
<extensions>
<gpxtpx:TrackPointExtension>
<gpxtpx:hr>100</gpxtpx:hr>
</gpxtpx:TrackPointExtension>
</extensions>
</trkpt>
<trkpt lat="36.7806562" lon="127.0081283">
<ele>2.679</ele>
<time>2024-06-03T13:35:41Z</time>
<extensions>
<gpxtpx:TrackPointExtension>
<gpxtpx:hr>100</gpxtpx:hr>
</gpxtpx:TrackPointExtension>
</extensions>
</trkpt>
<trkpt lat="36.7807355" lon="127.0080428">
<ele>2.155</ele>
<time>2024-06-03T13:38:20Z</time>
<extensions>
<gpxtpx:TrackPointExtension>
<gpxtpx:hr>89</gpxtpx:hr>
</gpxtpx:TrackPointExtension>
</extensions>
</trkpt>
<trkpt lat="36.7807337" lon="127.0080419">
<ele>2.192</ele>
<time>2024-06-03T13:38:21Z</time>
<extensions>
<gpxtpx:TrackPointExtension>
<gpxtpx:hr>90</gpxtpx:hr>
</gpxtpx:TrackPointExtension>
</extensions>
</trkpt>
<trkpt lat="36.7807321" lon="127.0080399">
<ele>2.114</ele>
<time>2024-06-03T13:38:22Z</time>
<extensions>
<gpxtpx:TrackPointExtension>
<gpxtpx:hr>89</gpxtpx:hr>
</gpxtpx:TrackPointExtension>
</extensions>
</trkpt>
<trkpt lat="36.7807303" lon="127.0080367">
<ele>2.125</ele>
<time>2024-06-03T13:38:23Z</time>
<extensions>
<gpxtpx:TrackPointExtension>
<gpxtpx:hr>89</gpxtpx:hr>
</gpxtpx:TrackPointExtension>
</extensions>
</trkpt>
<trkpt lat="36.7807261" lon="127.0080317">
<ele>2.068</ele>
<time>2024-06-03T13:38:24Z</time>
<extensions>
<gpxtpx:TrackPointExtension>
<gpxtpx:hr>90</gpxtpx:hr>
</gpxtpx:TrackPointExtension>
</extensions>
</trkpt>
<trkpt lat="36.7807182" lon="127.008027">
<ele>2.025</ele>
<time>2024-06-03T13:38:25Z</time>
<extensions>
<gpxtpx:TrackPointExtension>
<gpxtpx:hr>90</gpxtpx:hr>
</gpxtpx:TrackPointExtension>
</extensions>
</trkpt>
<trkpt lat="36.7807079" lon="127.0080217">
<ele>2.014</ele>
<time>2024-06-03T13:38:26Z</time>
<extensions>
<gpxtpx:TrackPointExtension>
<gpxtpx:hr>91</gpxtpx:hr>
</gpxtpx:TrackPointExtension>
</extensions>
</trkpt>
<trkpt lat="36.7806941" lon="127.0080171">
<ele>1.981</ele>
<time>2024-06-03T13:38:27Z</time>
<extensions>
<gpxtpx:TrackPointExtension>
<gpxtpx:hr>92</gpxtpx:hr>
</gpxtpx:TrackPointExtension>
</extensions>
</trkpt>
<trkpt lat="36.7806788" lon="127.0080129">
<ele>2.014</ele>
<time>2024-06-03T13:38:28Z</time>
<extensions>
<gpxtpx:TrackPointExtension>
<gpxtpx:hr>92</gpxtpx:hr>
</gpxtpx:TrackPointExtension>
</extensions>
</trkpt>
<trkpt lat="36.7806621" lon="127.0080096">
<ele>1.972</ele>
<time>2024-06-03T13:38:29Z</time>
<extensions>
<gpxtpx:TrackPointExtension>
<gpxtpx:hr>93</gpxtpx:hr>
<gpxtpx:cad>97</gpxtpx:cad>
</gpxtpx:TrackPointExtension>
</extensions>
</trkpt>
<trkpt lat="36.7806461" lon="127.0080063">
<ele>1.991</ele>
<time>2024-06-03T13:38:30Z</time>
<extensions>
<gpxtpx:TrackPointExtension>
<gpxtpx:hr>93</gpxtpx:hr>
</gpxtpx:TrackPointExtension>
</extensions>
</trkpt>
<trkpt lat="36.7806299" lon="127.0080039">
<ele>2.007</ele>
<time>2024-06-03T13:38:31Z</time>
<extensions>
<gpxtpx:TrackPointExtension>
<gpxtpx:hr>93</gpxtpx:hr>
</gpxtpx:TrackPointExtension>
</extensions>
</trkpt>
<trkpt lat="36.7806157" lon="127.0080018">
<ele>1.951</ele>
<time>2024-06-03T13:38:32Z</time>
<extensions>
<gpxtpx:TrackPointExtension>
<gpxtpx:hr>93</gpxtpx:hr>
</gpxtpx:TrackPointExtension>
</extensions>
</trkpt>
<trkpt lat="36.7806031" lon="127.0079997">
<ele>1.854</ele>
<time>2024-06-03T13:38:33Z</time>
<extensions>
<gpxtpx:TrackPointExtension>
<gpxtpx:hr>93</gpxtpx:hr>
</gpxtpx:TrackPointExtension>
</extensions>
</trkpt>
<trkpt lat="36.7805914" lon="127.0079977">
<ele>1.874</ele>
<time>2024-06-03T13:38:34Z</time>
<extensions>
<gpxtpx:TrackPointExtension>
<gpxtpx:hr>93</gpxtpx:hr>
</gpxtpx:TrackPointExtension>
</extensions>
</trkpt>
<trkpt lat="36.7805789" lon="127.0079971">
<ele>1.904</ele>
<time>2024-06-03T13:38:35Z</time>
<extensions>
<gpxtpx:TrackPointExtension>
<gpxtpx:hr>93</gpxtpx:hr>
</gpxtpx:TrackPointExtension>
</extensions>
</trkpt>
<trkpt lat="36.7805637" lon="127.0079982">
<ele>1.865</ele>
<time>2024-06-03T13:38:36Z</time>
<extensions>
<gpxtpx:TrackPointExtension>
<gpxtpx:hr>93</gpxtpx:hr>
</gpxtpx:TrackPointExtension>
</extensions>
</trkpt>
<trkpt lat="36.7805484" lon="127.0080005">
<ele>1.876</ele>
<time>2024-06-03T13:38:37Z</time>
<extensions>
<gpxtpx:TrackPointExtension>
<gpxtpx:hr>94</gpxtpx:hr>
</gpxtpx:TrackPointExtension>
</extensions>
</trkpt>
<trkpt lat="36.7805324" lon="127.0080033">
<ele>1.878</ele>
<time>2024-06-03T13:38:38Z</time>
<extensions>
<gpxtpx:TrackPointExtension>
<gpxtpx:hr>94</gpxtpx:hr>
<gpxtpx:cad>99</gpxtpx:cad>
</gpxtpx:TrackPointExtension>
</extensions>
</trkpt>
<trkpt lat="36.780516" lon="127.0080072">
<ele>1.852</ele>
<time>2024-06-03T13:38:39Z</time>
<extensions>
<gpxtpx:TrackPointExtension>
<gpxtpx:hr>94</gpxtpx:hr>
</gpxtpx:TrackPointExtension>
</extensions>
</trkpt>
<trkpt lat="36.7804985" lon="127.0080132">
<ele>1.838</ele>
<time>2024-06-03T13:38:40Z</time>
<extensions>
<gpxtpx:TrackPointExtension>
<gpxtpx:hr>95</gpxtpx:hr>
</gpxtpx:TrackPointExtension>
</extensions>
</trkpt>
<trkpt lat="36.7804802" lon="127.0080192">
<ele>1.843</ele>
<time>2024-06-03T13:38:41Z</time>
<extensions>
<gpxtpx:TrackPointExtension>
<gpxtpx:hr>95</gpxtpx:hr>
</gpxtpx:TrackPointExtension>
</extensions>
</trkpt>
<trkpt lat="36.7804618" lon="127.0080253">
<ele>1.881</ele>
<time>2024-06-03T13:38:42Z</time>
<extensions>
<gpxtpx:TrackPointExtension>
<gpxtpx:hr>95</gpxtpx:hr>
</gpxtpx:TrackPointExtension>
</extensions>
</trkpt>
<trkpt lat="36.7804436" lon="127.0080309">
<ele>1.876</ele>
<time>2024-06-03T13:38:43Z</time>
<extensions>
<gpxtpx:TrackPointExtension>
<gpxtpx:hr>95</gpxtpx:hr>
</gpxtpx:TrackPointExtension>
</extensions>
</trkpt>
<trkpt lat="36.7804268" lon="127.0080357">
<ele>1.879</ele>
<time>2024-06-03T13:38:44Z</time>
<extensions>
<gpxtpx:TrackPointExtension>
<gpxtpx:hr>96</gpxtpx:hr>
</gpxtpx:TrackPointExtension>
</extensions>
</trkpt>
<trkpt lat="36.7804109" lon="127.0080396">
<ele>1.815</ele>
<time>2024-06-03T13:38:45Z</time>
<extensions>
<gpxtpx:TrackPointExtension>
<gpxtpx:hr>96</gpxtpx:hr>
</gpxtpx:TrackPointExtension>
</extensions>
</trkpt>
<trkpt lat="36.7803955" lon="127.0080429">
<ele>1.761</ele>
<time>2024-06-03T13:38:46Z</time>
<extensions>
<gpxtpx:TrackPointExtension>
<gpxtpx:hr>96</gpxtpx:hr>
</gpxtpx:TrackPointExtension>
</extensions>
</trkpt>
<trkpt lat="36.7803808" lon="127.0080449">
<ele>1.816</ele>
<time>2024-06-03T13:38:47Z</time>
<extensions>
<gpxtpx:TrackPointExtension>
<gpxtpx:hr>97</gpxtpx:hr>
</gpxtpx:TrackPointExtension>
</extensions>
</trkpt>
<trkpt lat="36.7803665" lon="127.0080466">
<ele>1.793</ele>
<time>2024-06-03T13:38:48Z</time>
<extensions>
<gpxtpx:TrackPointExtension>
<gpxtpx:hr>97</gpxtpx:hr>
<gpxtpx:cad>99</gpxtpx:cad>
</gpxtpx:TrackPointExtension>
</extensions>
</trkpt>
<trkpt lat="36.7803525" lon="127.0080474">
<ele>1.835</ele>
<time>2024-06-03T13:38:49Z</time>
<extensions>
<gpxtpx:TrackPointExtension>
<gpxtpx:hr>97</gpxtpx:hr>
</gpxtpx:TrackPointExtension>
</extensions>
</trkpt>
<trkpt lat="36.7803379" lon="127.0080467">
<ele>1.689</ele>
<time>2024-06-03T13:38:50Z</time>
<extensions>
<gpxtpx:TrackPointExtension>
<gpxtpx:hr>97</gpxtpx:hr>
</gpxtpx:TrackPointExtension>
</extensions>
</trkpt>
<trkpt lat="36.7803226" lon="127.0080438">
<ele>1.673</ele>
<time>2024-06-03T13:38:51Z</time>
<extensions>
<gpxtpx:TrackPointExtension>
<gpxtpx:hr>97</gpxtpx:hr>
</gpxtpx:TrackPointExtension>
</extensions>
</trkpt>
<trkpt lat="36.7803075" lon="127.0080391">
<ele>1.883</ele>
<time>2024-06-03T13:38:52Z</time>
<extensions>
<gpxtpx:TrackPointExtension>
<gpxtpx:hr>98</gpxtpx:hr>
</gpxtpx:TrackPointExtension>
</extensions>
</trkpt>
<trkpt lat="36.7802925" lon="127.0080358">
<ele>1.921</ele>
<time>2024-06-03T13:38:53Z</time>
<extensions>
<gpxtpx:TrackPointExtension>
<gpxtpx:hr>98</gpxtpx:hr>
</gpxtpx:TrackPointExtension>
</extensions>
</trkpt>
<trkpt lat="36.7802775" lon="127.0080322">
<ele>1.996</ele>
<time>2024-06-03T13:38:54Z</time>
<extensions>
<gpxtpx:TrackPointExtension>
<gpxtpx:hr>98</gpxtpx:hr>
</gpxtpx:TrackPointExtension>
</extensions>
</trkpt>
<trkpt lat="36.7802629" lon="127.0080295">
<ele>2.08</ele>
<time>2024-06-03T13:38:55Z</time>
<extensions>
<gpxtpx:TrackPointExtension>
<gpxtpx:hr>99</gpxtpx:hr>
</gpxtpx:TrackPointExtension>
</extensions>
</trkpt>
<trkpt lat="36.7802485" lon="127.008027">
<ele>2.063</ele>
<time>2024-06-03T13:38:56Z</time>
<extensions>
<gpxtpx:TrackPointExtension>
<gpxtpx:hr>99</gpxtpx:hr>
</gpxtpx:TrackPointExtension>
</extensions>
</trkpt>
<trkpt lat="36.7802359" lon="127.0080267">
<ele>2.102</ele>
<time>2024-06-03T13:38:57Z</time>
<extensions>
<gpxtpx:TrackPointExtension>
<gpxtpx:hr>99</gpxtpx:hr>
</gpxtpx:TrackPointExtension>
</extensions>
</trkpt>
<trkpt lat="36.7802242" lon="127.0080261">
<ele>2.11</ele>
<time>2024-06-03T13:38:59Z</time>
<extensions>
<gpxtpx:TrackPointExtension>
<gpxtpx:hr>99</gpxtpx:hr>
<gpxtpx:cad>97</gpxtpx:cad>
</gpxtpx:TrackPointExtension>
</extensions>
</trkpt>
<trkpt lat="36.7802132" lon="127.0080268">
<ele>2.111</ele>
<time>2024-06-03T13:39:00Z</time>
<extensions>
<gpxtpx:TrackPointExtension>
<gpxtpx:hr>98</gpxtpx:hr>
</gpxtpx:TrackPointExtension>
</extensions>
</trkpt>
<trkpt lat="36.7802029" lon="127.0080285">
<ele>2.063</ele>
<time>2024-06-03T13:39:01Z</time>
<extensions>
<gpxtpx:TrackPointExtension>
<gpxtpx:hr>98</gpxtpx:hr>
</gpxtpx:TrackPointExtension>
</extensions>
</trkpt>
<trkpt lat="36.7801914" lon="127.0080302">
<ele>2.035</ele>
<time>2024-06-03T13:39:02Z</time>
<extensions>
<gpxtpx:TrackPointExtension>
<gpxtpx:hr>97</gpxtpx:hr>
</gpxtpx:TrackPointExtension>
</extensions>
</trkpt>
<trkpt lat="36.7801795" lon="127.0080317">
<ele>2.044</ele>
<time>2024-06-03T13:39:03Z</time>
<extensions>
<gpxtpx:TrackPointExtension>
<gpxtpx:hr>97</gpxtpx:hr>
</gpxtpx:TrackPointExtension>
</extensions>
</trkpt>
<trkpt lat="36.7801661" lon="127.0080331">
<ele>2.086</ele>
<time>2024-06-03T13:39:04Z</time>
<extensions>
<gpxtpx:TrackPointExtension>
<gpxtpx:hr>97</gpxtpx:hr>
</gpxtpx:TrackPointExtension>
</extensions>
</trkpt>
<trkpt lat="36.7801536" lon="127.0080335">
<ele>2.096</ele>
<time>2024-06-03T13:39:05Z</time>
<extensions>
<gpxtpx:TrackPointExtension>
<gpxtpx:hr>96</gpxtpx:hr>
</gpxtpx:TrackPointExtension>
</extensions>
</trkpt>
<trkpt lat="36.7801409" lon="127.0080342">
<ele>2.161</ele>
<time>2024-06-03T13:39:06Z</time>
<extensions>
<gpxtpx:TrackPointExtension>
<gpxtpx:hr>96</gpxtpx:hr>
</gpxtpx:TrackPointExtension>
</extensions>
</trkpt>
<trkpt lat="36.7801288" lon="127.0080367">
<ele>2.172</ele>
<time>2024-06-03T13:39:07Z</time>
<extensions>
<gpxtpx:TrackPointExtension>
<gpxtpx:hr>96</gpxtpx:hr>
</gpxtpx:TrackPointExtension>
</extensions>
</trkpt>
<trkpt lat="36.7801172" lon="127.0080393">
<ele>2.159</ele>
<time>2024-06-03T13:39:08Z</time>
<extensions>
<gpxtpx:TrackPointExtension>
<gpxtpx:hr>96</gpxtpx:hr>
</gpxtpx:TrackPointExtension>
</extensions>
</trkpt>
<trkpt lat="36.7801069" lon="127.008044">
<ele>2.171</ele>
<time>2024-06-03T13:39:09Z</time>
<extensions>
<gpxtpx:TrackPointExtension>
<gpxtpx:hr>96</gpxtpx:hr>
<gpxtpx:cad>96</gpxtpx:cad>
</gpxtpx:TrackPointExtension>
</extensions>
</trkpt>
<trkpt lat="36.7800976" lon="127.0080518">
<ele>2.16</ele>
<time>2024-06-03T13:39:10Z</time>
<extensions>
<gpxtpx:TrackPointExtension>
<gpxtpx:hr>96</gpxtpx:hr>
</gpxtpx:TrackPointExtension>
</extensions>
</trkpt>
<trkpt lat="36.7800906" lon="127.0080611">
<ele>2.11</ele>
<time>2024-06-03T13:39:11Z</time>
<extensions>
<gpxtpx:TrackPointExtension>
<gpxtpx:hr>96</gpxtpx:hr>
</gpxtpx:TrackPointExtension>
</extensions>
</trkpt>
<trkpt lat="36.7800855" lon="127.0080719">
<ele>2.107</ele>
<time>2024-06-03T13:39:12Z</time>
<extensions>
<gpxtpx:TrackPointExtension>
<gpxtpx:hr>97</gpxtpx:hr>
</gpxtpx:TrackPointExtension>
</extensions>
</trkpt>
<trkpt lat="36.780083" lon="127.0080844">
<ele>2.153</ele>
<time>2024-06-03T13:39:13Z</time>
<extensions>
<gpxtpx:TrackPointExtension>
<gpxtpx:hr>97</gpxtpx:hr>
</gpxtpx:TrackPointExtension>
</extensions>
</trkpt>
<trkpt lat="36.7800828" lon="127.0080983">
<ele>2.177</ele>
<time>2024-06-03T13:39:14Z</time>
<extensions>
<gpxtpx:TrackPointExtension>
<gpxtpx:hr>97</gpxtpx:hr>
</gpxtpx:TrackPointExtension>
</extensions>
</trkpt>
<trkpt lat="36.7800906" lon="127.008117">
<ele>2.186</ele>
<time>2024-06-03T13:39:15Z</time>
<extensions>
<gpxtpx:TrackPointExtension>
<gpxtpx:hr>97</gpxtpx:hr>
</gpxtpx:TrackPointExtension>
</extensions>
</trkpt>
<trkpt lat="36.7801018" lon="127.008138">
<ele>2.192</ele>
<time>2024-06-03T13:39:16Z</time>
<extensions>
<gpxtpx:TrackPointExtension>
<gpxtpx:hr>98</gpxtpx:hr>
<gpxtpx:cad>95</gpxtpx:cad>
</gpxtpx:TrackPointExtension>
</extensions>
</trkpt>
<trkpt lat="36.7801173" lon="127.0081615">
<ele>2.19</ele>
<time>2024-06-03T13:39:17Z</time>
<extensions>
<gpxtpx:TrackPointExtension>
<gpxtpx:hr>98</gpxtpx:hr>
</gpxtpx:TrackPointExtension>
</extensions>
</trkpt>
<trkpt lat="36.7801389" lon="127.0081875">
<ele>2.169</ele>
<time>2024-06-03T13:39:18Z</time>
<extensions>
<gpxtpx:TrackPointExtension>
<gpxtpx:hr>98</gpxtpx:hr>
</gpxtpx:TrackPointExtension>
</extensions>
</trkpt>
<trkpt lat="36.7801654" lon="127.0082156">
<ele>2.153</ele>
<time>2024-06-03T13:39:19Z</time>
<extensions>
<gpxtpx:TrackPointExtension>
<gpxtpx:hr>99</gpxtpx:hr>
<gpxtpx:cad>66</gpxtpx:cad>
</gpxtpx:TrackPointExtension>
</extensions>
</trkpt>
<trkpt lat="36.7802257" lon="127.0082821">
<ele>2.144</ele>
<time>2024-06-03T13:39:20Z</time>
<extensions>
<gpxtpx:TrackPointExtension>
<gpxtpx:hr>99</gpxtpx:hr>
</gpxtpx:TrackPointExtension>
</extensions>
</trkpt>
<trkpt lat="36.780278" lon="127.0083431">
<ele>2.218</ele>
<time>2024-06-03T13:39:24Z</time>
<extensions>
<gpxtpx:TrackPointExtension>
<gpxtpx:hr>100</gpxtpx:hr>
</gpxtpx:TrackPointExtension>
</extensions>
</trkpt>
<trkpt lat="36.7802725" lon="127.0083451">
<ele>2.319</ele>
<time>2024-06-03T13:39:25Z</time>
<extensions>
<gpxtpx:TrackPointExtension>
<gpxtpx:hr>100</gpxtpx:hr>
</gpxtpx:TrackPointExtension>
</extensions>
</trkpt>
</trkseg>
</trk>
<exerciseinfo>
<exercisetype>1001</exercisetype>
<distance>5539.72</distance>
<elevationgain>5.046</elevationgain>
<avggradient>3.524072363223511</avggradient>
<duration>3789945</duration>
<avgspeed>1.4616888</avgspeed>
</exerciseinfo>
</gpx>
