<?xml version="1.0" encoding="UTF-8"?>
<gpx xmlns="http://www.topografix.com/GPX/1/1" xmlns:xsi="http://www.w3.org/2001/XMLSchema-instance" xmlns:gpxtpx="http://www.garmin.com/xmlschemas/TrackPointExtension/v1" version="1.1" creator="Samsung Health_0.2" xsi:schemaLocation="http://www.topografix.com/GPX/1/1 http://www.topografix.com/GPX/1/1/gpx.xsd http://www.garmin.com/xmlschemas/TrackPointExtension/v1 http://www.garmin.com/xmlschemas/TrackPointExtensionv1.xsd">
<metadate>2024-07-15T11:46:43Z</metadate>
<trk>
<name>20240715_204632.gpx</name>
<trkseg>
<trkpt lat="36.7719428" lon="126.9807083">
<ele>16.973</ele>
<time>2024-07-15T11:46:43Z</time>
<extensions>
<gpxtpx:TrackPointExtension>
<gpxtpx:hr>86</gpxtpx:hr>
</gpxtpx:TrackPointExtension>
</extensions>
</trkpt>
<trkpt lat="36.7719494" lon="126.9806308">
<ele>16.908</ele>
<time>2024-07-15T11:46:44Z</time>
</trkpt>
<trkpt lat="36.7719179" lon="126.9806039">
<ele>16.956</ele>
<time>2024-07-15T11:46:45Z</time>
<extensions>
<gpxtpx:TrackPointExtension>
<gpxtpx:hr>87</gpxtpx:hr>
</gpxtpx:TrackPointExtension>
</extensions>
</trkpt>
<trkpt lat="36.7718993" lon="126.9805473">
<ele>16.788</ele>
<time>2024-07-15T11:46:46Z</time>
<extensions>
<gpxtpx:TrackPointExtension>
<gpxtpx:hr>90</gpxtpx:hr>
</gpxtpx:TrackPointExtension>
</extensions>
</trkpt>
<trkpt lat="36.7719006" lon="126.9805136">
<ele>16.74</ele>
<time>2024-07-15T11:46:47Z</time>
<extensions>
<gpxtpx:TrackPointExtension>
<gpxtpx:hr>91</gpxtpx:hr>
</gpxtpx:TrackPointExtension>
</extensions>
</trkpt>
<trkpt lat="36.7719041" lon="126.9804814">
<ele>16.853</ele>
<time>2024-07-15T11:46:48Z</time>
<extensions>
<gpxtpx:TrackPointExtension>
<gpxtpx:hr>92</gpxtpx:hr>
</gpxtpx:TrackPointExtension>
</extensions>
</trkpt>
<trkpt lat="36.7718806" lon="126.9804382">
<ele>16.913</ele>
<time>2024-07-15T11:46:49Z</time>
<extensions>
<gpxtpx:TrackPointExtension>
<gpxtpx:hr>93</gpxtpx:hr>
</gpxtpx:TrackPointExtension>
</extensions>
</trkpt>
<trkpt lat="36.7718767" lon="126.9804077">
<ele>16.839</ele>
<time>2024-07-15T11:46:50Z</time>
<extensions>
<gpxtpx:TrackPointExtension>
<gpxtpx:hr>94</gpxtpx:hr>
</gpxtpx:TrackPointExtension>
</extensions>
</trkpt>
<trkpt lat="36.771885" lon="126.9803695">
<ele>16.805</ele>
<time>2024-07-15T11:46:51Z</time>
<extensions>
<gpxtpx:TrackPointExtension>
<gpxtpx:hr>94</gpxtpx:hr>
</gpxtpx:TrackPointExtension>
</extensions>
</trkpt>
<trkpt lat="36.7718871" lon="126.9803344">
<ele>16.854</ele>
<time>2024-07-15T11:46:52Z</time>
<extensions>
<gpxtpx:TrackPointExtension>
<gpxtpx:hr>93</gpxtpx:hr>
<gpxtpx:cad>162</gpxtpx:cad>
</gpxtpx:TrackPointExtension>
</extensions>
</trkpt>
<trkpt lat="36.7718984" lon="126.9803014">
<ele>16.946</ele>
<time>2024-07-15T11:46:53Z</time>
<extensions>
<gpxtpx:TrackPointExtension>
<gpxtpx:hr>93</gpxtpx:hr>
</gpxtpx:TrackPointExtension>
</extensions>
</trkpt>
<trkpt lat="36.7718998" lon="126.9802741">
<ele>16.907</ele>
<time>2024-07-15T11:46:54Z</time>
<extensions>
<gpxtpx:TrackPointExtension>
<gpxtpx:hr>94</gpxtpx:hr>
<gpxtpx:cad>164</gpxtpx:cad>
</gpxtpx:TrackPointExtension>
</extensions>
</trkpt>
<trkpt lat="36.7718793" lon="126.9802538">
<ele>16.982</ele>
<time>2024-07-15T11:46:55Z</time>
<extensions>
<gpxtpx:TrackPointExtension>
<gpxtpx:hr>94</gpxtpx:hr>
</gpxtpx:TrackPointExtension>
</extensions>
</trkpt>
<trkpt lat="36.7718678" lon="126.9802191">
<ele>16.858</ele>
<time>2024-07-15T11:46:56Z</time>
<extensions>
<gpxtpx:TrackPointExtension>
<gpxtpx:hr>95</gpxtpx:hr>
</gpxtpx:TrackPointExtension>
</extensions>
</trkpt>
<trkpt lat="36.7718654" lon="126.9802097">
<ele>16.76</ele>
<time>2024-07-15T11:46:57Z</time>
<extensions>
<gpxtpx:TrackPointExtension>
<gpxtpx:hr>96</gpxtpx:hr>
</gpxtpx:TrackPointExtension>
</extensions>
</trkpt>
<trkpt lat="36.7718683" lon="126.9801911">
<ele>16.796</ele>
<time>2024-07-15T11:46:58Z</time>
<extensions>
<gpxtpx:TrackPointExtension>
<gpxtpx:hr>96</gpxtpx:hr>
<gpxtpx:cad>165</gpxtpx:cad>
</gpxtpx:TrackPointExtension>
</extensions>
</trkpt>
<trkpt lat="36.7718643" lon="126.9801568">
<ele>16.724</ele>
<time>2024-07-15T11:46:59Z</time>
<extensions>
<gpxtpx:TrackPointExtension>
<gpxtpx:hr>97</gpxtpx:hr>
<gpxtpx:cad>165</gpxtpx:cad>
</gpxtpx:TrackPointExtension>
</extensions>
</trkpt>
<trkpt lat="36.7718615" lon="126.9801134">
<ele>16.744</ele>
<time>2024-07-15T11:47:00Z</time>
<extensions>
<gpxtpx:TrackPointExtension>
<gpxtpx:hr>98</gpxtpx:hr>
</gpxtpx:TrackPointExtension>
</extensions>
</trkpt>
<trkpt lat="36.7718481" lon="126.9800816">
<ele>16.862</ele>
<time>2024-07-15T11:47:01Z</time>
<extensions>
<gpxtpx:TrackPointExtension>
<gpxtpx:hr>99</gpxtpx:hr>
</gpxtpx:TrackPointExtension>
</extensions>
</trkpt>
<trkpt lat="36.7718322" lon="126.9800387">
<ele>16.893</ele>
<time>2024-07-15T11:47:02Z</time>
<extensions>
<gpxtpx:TrackPointExtension>
<gpxtpx:hr>100</gpxtpx:hr>
<gpxtpx:cad>164</gpxtpx:cad>
</gpxtpx:TrackPointExtension>
</extensions>
</trkpt>
<trkpt lat="36.7718316" lon="126.9800098">
<ele>16.742</ele>
<time>2024-07-15T11:47:03Z</time>
<extensions>
<gpxtpx:TrackPointExtension>
<gpxtpx:hr>100</gpxtpx:hr>
</gpxtpx:TrackPointExtension>
</extensions>
</trkpt>
<trkpt lat="36.771847" lon="126.9799606">
<ele>16.814</ele>
<time>2024-07-15T11:47:04Z</time>
<extensions>
<gpxtpx:TrackPointExtension>
<gpxtpx:hr>101</gpxtpx:hr>
</gpxtpx:TrackPointExtension>
</extensions>
</trkpt>
<trkpt lat="36.7718512" lon="126.9799239">
<ele>16.8</ele>
<time>2024-07-15T11:47:05Z</time>
<extensions>
<gpxtpx:TrackPointExtension>
<gpxtpx:hr>102</gpxtpx:hr>
</gpxtpx:TrackPointExtension>
</extensions>
</trkpt>
<trkpt lat="36.7718452" lon="126.9798714">
<ele>16.843</ele>
<time>2024-07-15T11:47:06Z</time>
<extensions>
<gpxtpx:TrackPointExtension>
<gpxtpx:hr>103</gpxtpx:hr>
</gpxtpx:TrackPointExtension>
</extensions>
</trkpt>
<trkpt lat="36.7718335" lon="126.9798242">
<ele>16.968</ele>
<time>2024-07-15T11:47:07Z</time>
<extensions>
<gpxtpx:TrackPointExtension>
<gpxtpx:hr>103</gpxtpx:hr>
</gpxtpx:TrackPointExtension>
</extensions>
</trkpt>
<trkpt lat="36.7718182" lon="126.9797964">
<ele>16.807</ele>
<time>2024-07-15T11:47:08Z</time>
<extensions>
<gpxtpx:TrackPointExtension>
<gpxtpx:hr>104</gpxtpx:hr>
</gpxtpx:TrackPointExtension>
</extensions>
</trkpt>
<trkpt lat="36.7718037" lon="126.9797769">
<ele>16.737</ele>
<time>2024-07-15T11:47:09Z</time>
<extensions>
<gpxtpx:TrackPointExtension>
<gpxtpx:hr>105</gpxtpx:hr>
</gpxtpx:TrackPointExtension>
</extensions>
</trkpt>
<trkpt lat="36.7717683" lon="126.9797421">
<ele>16.689</ele>
<time>2024-07-15T11:47:10Z</time>
<extensions>
<gpxtpx:TrackPointExtension>
<gpxtpx:hr>107</gpxtpx:hr>
</gpxtpx:TrackPointExtension>
</extensions>
</trkpt>
<trkpt lat="36.7717617" lon="126.9797176">
<ele>16.645</ele>
<time>2024-07-15T11:47:11Z</time>
<extensions>
<gpxtpx:TrackPointExtension>
<gpxtpx:hr>108</gpxtpx:hr>
</gpxtpx:TrackPointExtension>
</extensions>
</trkpt>
<trkpt lat="36.7717474" lon="126.9796829">
<ele>16.682</ele>
<time>2024-07-15T11:47:12Z</time>
<extensions>
<gpxtpx:TrackPointExtension>
<gpxtpx:hr>109</gpxtpx:hr>
<gpxtpx:cad>160</gpxtpx:cad>
</gpxtpx:TrackPointExtension>
</extensions>
</trkpt>
<trkpt lat="36.7717382" lon="126.9796528">
<ele>16.864</ele>
<time>2024-07-15T11:47:13Z</time>
<extensions>
<gpxtpx:TrackPointExtension>
<gpxtpx:hr>110</gpxtpx:hr>
</gpxtpx:TrackPointExtension>
</extensions>
</trkpt>
<trkpt lat="36.7717284" lon="126.9796145">
<ele>16.67</ele>
<time>2024-07-15T11:47:14Z</time>
<extensions>
<gpxtpx:TrackPointExtension>
<gpxtpx:hr>111</gpxtpx:hr>
</gpxtpx:TrackPointExtension>
</extensions>
</trkpt>
<trkpt lat="36.7717195" lon="126.9795839">
<ele>16.637</ele>
<time>2024-07-15T11:47:15Z</time>
<extensions>
<gpxtpx:TrackPointExtension>
<gpxtpx:hr>111</gpxtpx:hr>
</gpxtpx:TrackPointExtension>
</extensions>
</trkpt>
<trkpt lat="36.771707" lon="126.9795617">
<ele>16.739</ele>
<time>2024-07-15T11:47:16Z</time>
<extensions>
<gpxtpx:TrackPointExtension>
<gpxtpx:hr>112</gpxtpx:hr>
</gpxtpx:TrackPointExtension>
</extensions>
</trkpt>
<trkpt lat="36.7716915" lon="126.9795447">
<ele>16.76</ele>
<time>2024-07-15T11:47:17Z</time>
<extensions>
<gpxtpx:TrackPointExtension>
<gpxtpx:hr>114</gpxtpx:hr>
</gpxtpx:TrackPointExtension>
</extensions>
</trkpt>
<trkpt lat="36.7716817" lon="126.9795342">
<ele>16.765</ele>
<time>2024-07-15T11:47:18Z</time>
<extensions>
<gpxtpx:TrackPointExtension>
<gpxtpx:hr>114</gpxtpx:hr>
</gpxtpx:TrackPointExtension>
</extensions>
</trkpt>
<trkpt lat="36.7716737" lon="126.9795316">
<ele>16.864</ele>
<time>2024-07-15T11:47:19Z</time>
<extensions>
<gpxtpx:TrackPointExtension>
<gpxtpx:hr>115</gpxtpx:hr>
</gpxtpx:TrackPointExtension>
</extensions>
</trkpt>
<trkpt lat="36.7716687" lon="126.979525">
<ele>16.795</ele>
<time>2024-07-15T11:47:20Z</time>
<extensions>
<gpxtpx:TrackPointExtension>
<gpxtpx:hr>116</gpxtpx:hr>
</gpxtpx:TrackPointExtension>
</extensions>
</trkpt>
<trkpt lat="36.7716518" lon="126.9795056">
<ele>16.919</ele>
<time>2024-07-15T11:47:21Z</time>
<extensions>
<gpxtpx:TrackPointExtension>
<gpxtpx:hr>115</gpxtpx:hr>
</gpxtpx:TrackPointExtension>
</extensions>
</trkpt>
<trkpt lat="36.7716246" lon="126.9795026">
<ele>16.837</ele>
<time>2024-07-15T11:47:22Z</time>
<extensions>
<gpxtpx:TrackPointExtension>
<gpxtpx:hr>117</gpxtpx:hr>
<gpxtpx:cad>160</gpxtpx:cad>
</gpxtpx:TrackPointExtension>
</extensions>
</trkpt>
<trkpt lat="36.7716021" lon="126.9795006">
<ele>16.815</ele>
<time>2024-07-15T11:47:23Z</time>
<extensions>
<gpxtpx:TrackPointExtension>
<gpxtpx:hr>117</gpxtpx:hr>
</gpxtpx:TrackPointExtension>
</extensions>
</trkpt>
<trkpt lat="36.7715669" lon="126.9795036">
<ele>17.037</ele>
<time>2024-07-15T11:47:24Z</time>
<extensions>
<gpxtpx:TrackPointExtension>
<gpxtpx:hr>120</gpxtpx:hr>
</gpxtpx:TrackPointExtension>
</extensions>
</trkpt>
<trkpt lat="36.771545" lon="126.9794954">
<ele>16.931</ele>
<time>2024-07-15T11:47:25Z</time>
<extensions>
<gpxtpx:TrackPointExtension>
<gpxtpx:hr>121</gpxtpx:hr>
</gpxtpx:TrackPointExtension>
</extensions>
</trkpt>
<trkpt lat="36.771526" lon="126.9794907">
<ele>16.912</ele>
<time>2024-07-15T11:47:26Z</time>
<extensions>
<gpxtpx:TrackPointExtension>
<gpxtpx:hr>122</gpxtpx:hr>
</gpxtpx:TrackPointExtension>
</extensions>
</trkpt>
<trkpt lat="36.771501" lon="126.9794774">
<ele>16.992</ele>
<time>2024-07-15T11:47:27Z</time>
<extensions>
<gpxtpx:TrackPointExtension>
<gpxtpx:hr>123</gpxtpx:hr>
</gpxtpx:TrackPointExtension>
</extensions>
</trkpt>
<trkpt lat="36.7714761" lon="126.9794597">
<ele>17.142</ele>
<time>2024-07-15T11:47:28Z</time>
<extensions>
<gpxtpx:TrackPointExtension>
<gpxtpx:hr>124</gpxtpx:hr>
</gpxtpx:TrackPointExtension>
</extensions>
</trkpt>
<trkpt lat="36.7714522" lon="126.9794452">
<ele>17.128</ele>
<time>2024-07-15T11:47:30Z</time>
<extensions>
<gpxtpx:TrackPointExtension>
<gpxtpx:hr>126</gpxtpx:hr>
<gpxtpx:cad>160</gpxtpx:cad>
</gpxtpx:TrackPointExtension>
</extensions>
</trkpt>
<trkpt lat="36.7714287" lon="126.9794286">
<ele>17.195</ele>
<time>2024-07-15T11:47:31Z</time>
<extensions>
<gpxtpx:TrackPointExtension>
<gpxtpx:hr>127</gpxtpx:hr>
</gpxtpx:TrackPointExtension>
</extensions>
</trkpt>
<trkpt lat="36.7714055" lon="126.9794147">
<ele>17.069</ele>
<time>2024-07-15T11:47:32Z</time>
<extensions>
<gpxtpx:TrackPointExtension>
<gpxtpx:hr>128</gpxtpx:hr>
</gpxtpx:TrackPointExtension>
</extensions>
</trkpt>
<trkpt lat="36.7713815" lon="126.979398">
<ele>16.881</ele>
<time>2024-07-15T11:47:33Z</time>
<extensions>
<gpxtpx:TrackPointExtension>
<gpxtpx:hr>128</gpxtpx:hr>
<gpxtpx:cad>159</gpxtpx:cad>
</gpxtpx:TrackPointExtension>
</extensions>
</trkpt>
<trkpt lat="36.7713561" lon="126.9793849">
<ele>16.878</ele>
<time>2024-07-15T11:47:34Z</time>
<extensions>
<gpxtpx:TrackPointExtension>
<gpxtpx:hr>131</gpxtpx:hr>
</gpxtpx:TrackPointExtension>
</extensions>
</trkpt>
<trkpt lat="36.7713274" lon="126.9793756">
<ele>16.761</ele>
<time>2024-07-15T11:47:35Z</time>
<extensions>
<gpxtpx:TrackPointExtension>
<gpxtpx:hr>131</gpxtpx:hr>
</gpxtpx:TrackPointExtension>
</extensions>
</trkpt>
<trkpt lat="36.771299" lon="126.9793642">
<ele>16.644</ele>
<time>2024-07-15T11:47:36Z</time>
<extensions>
<gpxtpx:TrackPointExtension>
<gpxtpx:hr>132</gpxtpx:hr>
</gpxtpx:TrackPointExtension>
</extensions>
</trkpt>
<trkpt lat="36.7712722" lon="126.9793564">
<ele>16.762</ele>
<time>2024-07-15T11:47:37Z</time>
<extensions>
<gpxtpx:TrackPointExtension>
<gpxtpx:hr>133</gpxtpx:hr>
</gpxtpx:TrackPointExtension>
</extensions>
</trkpt>
<trkpt lat="36.7712452" lon="126.9793481">
<ele>16.673</ele>
<time>2024-07-15T11:47:38Z</time>
<extensions>
<gpxtpx:TrackPointExtension>
<gpxtpx:hr>133</gpxtpx:hr>
</gpxtpx:TrackPointExtension>
</extensions>
</trkpt>
<trkpt lat="36.77122" lon="126.9793379">
<ele>16.569</ele>
<time>2024-07-15T11:47:39Z</time>
<extensions>
<gpxtpx:TrackPointExtension>
<gpxtpx:hr>134</gpxtpx:hr>
</gpxtpx:TrackPointExtension>
</extensions>
</trkpt>
<trkpt lat="36.7711957" lon="126.9793255">
<ele>16.754</ele>
<time>2024-07-15T11:47:40Z</time>
<extensions>
<gpxtpx:TrackPointExtension>
<gpxtpx:hr>134</gpxtpx:hr>
</gpxtpx:TrackPointExtension>
</extensions>
</trkpt>
<trkpt lat="36.7711742" lon="126.9793115">
<ele>16.721</ele>
<time>2024-07-15T11:47:41Z</time>
<extensions>
<gpxtpx:TrackPointExtension>
<gpxtpx:hr>134</gpxtpx:hr>
</gpxtpx:TrackPointExtension>
</extensions>
</trkpt>
<trkpt lat="36.7711518" lon="126.9792931">
<ele>16.57</ele>
<time>2024-07-15T11:47:42Z</time>
<extensions>
<gpxtpx:TrackPointExtension>
<gpxtpx:hr>135</gpxtpx:hr>
</gpxtpx:TrackPointExtension>
</extensions>
</trkpt>
<trkpt lat="36.7711322" lon="126.9792716">
<ele>16.799</ele>
<time>2024-07-15T11:47:43Z</time>
<extensions>
<gpxtpx:TrackPointExtension>
<gpxtpx:hr>135</gpxtpx:hr>
<gpxtpx:cad>160</gpxtpx:cad>
</gpxtpx:TrackPointExtension>
</extensions>
</trkpt>
<trkpt lat="36.7711141" lon="126.9792444">
<ele>16.794</ele>
<time>2024-07-15T11:47:44Z</time>
</trkpt>
<trkpt lat="36.771095" lon="126.9792152">
<ele>16.713</ele>
<time>2024-07-15T11:47:45Z</time>
<extensions>
<gpxtpx:TrackPointExtension>
<gpxtpx:hr>136</gpxtpx:hr>
</gpxtpx:TrackPointExtension>
</extensions>
</trkpt>
<trkpt lat="36.7710724" lon="126.9791858">
<ele>16.759</ele>
<time>2024-07-15T11:47:46Z</time>
<extensions>
<gpxtpx:TrackPointExtension>
<gpxtpx:hr>137</gpxtpx:hr>
</gpxtpx:TrackPointExtension>
</extensions>
</trkpt>
<trkpt lat="36.7710532" lon="126.9791555">
<ele>16.641</ele>
<time>2024-07-15T11:47:47Z</time>
<extensions>
<gpxtpx:TrackPointExtension>
<gpxtpx:hr>138</gpxtpx:hr>
</gpxtpx:TrackPointExtension>
</extensions>
</trkpt>
<trkpt lat="36.7710345" lon="126.9791221">
<ele>16.56</ele>
<time>2024-07-15T11:47:48Z</time>
<extensions>
<gpxtpx:TrackPointExtension>
<gpxtpx:hr>139</gpxtpx:hr>
</gpxtpx:TrackPointExtension>
</extensions>
</trkpt>
<trkpt lat="36.7710167" lon="126.979089">
<ele>16.59</ele>
<time>2024-07-15T11:47:49Z</time>
<extensions>
<gpxtpx:TrackPointExtension>
<gpxtpx:hr>140</gpxtpx:hr>
</gpxtpx:TrackPointExtension>
</extensions>
</trkpt>
<trkpt lat="36.7710028" lon="126.9790558">
<ele>16.561</ele>
<time>2024-07-15T11:47:50Z</time>
<extensions>
<gpxtpx:TrackPointExtension>
<gpxtpx:hr>141</gpxtpx:hr>
</gpxtpx:TrackPointExtension>
</extensions>
</trkpt>
<trkpt lat="36.7709941" lon="126.9790235">
<ele>16.416</ele>
<time>2024-07-15T11:47:51Z</time>
<extensions>
<gpxtpx:TrackPointExtension>
<gpxtpx:hr>142</gpxtpx:hr>
</gpxtpx:TrackPointExtension>
</extensions>
</trkpt>
<trkpt lat="36.7709872" lon="126.9789914">
<ele>16.306</ele>
<time>2024-07-15T11:47:52Z</time>
<extensions>
<gpxtpx:TrackPointExtension>
<gpxtpx:cad>160</gpxtpx:cad>
</gpxtpx:TrackPointExtension>
</extensions>
</trkpt>
<trkpt lat="36.7709852" lon="126.9789593">
<ele>16.606</ele>
<time>2024-07-15T11:47:53Z</time>
<extensions>
<gpxtpx:TrackPointExtension>
<gpxtpx:hr>142</gpxtpx:hr>
</gpxtpx:TrackPointExtension>
</extensions>
</trkpt>
<trkpt lat="36.7709857" lon="126.9789274">
<ele>16.445</ele>
<time>2024-07-15T11:47:54Z</time>
<extensions>
<gpxtpx:TrackPointExtension>
<gpxtpx:hr>143</gpxtpx:hr>
</gpxtpx:TrackPointExtension>
</extensions>
</trkpt>
<trkpt lat="36.7709848" lon="126.9788968">
<ele>16.468</ele>
<time>2024-07-15T11:47:55Z</time>
<extensions>
<gpxtpx:TrackPointExtension>
<gpxtpx:hr>143</gpxtpx:hr>
</gpxtpx:TrackPointExtension>
</extensions>
</trkpt>
<trkpt lat="36.7709832" lon="126.9788681">
<ele>16.418</ele>
<time>2024-07-15T11:47:56Z</time>
<extensions>
<gpxtpx:TrackPointExtension>
<gpxtpx:hr>144</gpxtpx:hr>
</gpxtpx:TrackPointExtension>
</extensions>
</trkpt>
<trkpt lat="36.7709847" lon="126.9788374">
<ele>16.389</ele>
<time>2024-07-15T11:47:57Z</time>
<extensions>
<gpxtpx:TrackPointExtension>
<gpxtpx:hr>144</gpxtpx:hr>
</gpxtpx:TrackPointExtension>
</extensions>
</trkpt>
<trkpt lat="36.7709886" lon="126.9788069">
<ele>16.467</ele>
<time>2024-07-15T11:47:58Z</time>
<extensions>
<gpxtpx:TrackPointExtension>
<gpxtpx:hr>145</gpxtpx:hr>
</gpxtpx:TrackPointExtension>
</extensions>
</trkpt>
<trkpt lat="36.7709925" lon="126.9787756">
<ele>16.395</ele>
<time>2024-07-15T11:47:59Z</time>
<extensions>
<gpxtpx:TrackPointExtension>
<gpxtpx:hr>145</gpxtpx:hr>
</gpxtpx:TrackPointExtension>
</extensions>
</trkpt>
<trkpt lat="36.7709941" lon="126.9787443">
<ele>16.333</ele>
<time>2024-07-15T11:48:00Z</time>
<extensions>
<gpxtpx:TrackPointExtension>
<gpxtpx:hr>146</gpxtpx:hr>
</gpxtpx:TrackPointExtension>
</extensions>
</trkpt>
<trkpt lat="36.7709924" lon="126.9787125">
<ele>16.538</ele>
<time>2024-07-15T11:48:01Z</time>
<extensions>
<gpxtpx:TrackPointExtension>
<gpxtpx:hr>147</gpxtpx:hr>
</gpxtpx:TrackPointExtension>
</extensions>
</trkpt>
<trkpt lat="36.7709906" lon="126.9786821">
<ele>16.374</ele>
<time>2024-07-15T11:48:02Z</time>
<extensions>
<gpxtpx:TrackPointExtension>
<gpxtpx:hr>148</gpxtpx:hr>
<gpxtpx:cad>159</gpxtpx:cad>
</gpxtpx:TrackPointExtension>
</extensions>
</trkpt>
<trkpt lat="36.7709872" lon="126.9786536">
<ele>16.488</ele>
<time>2024-07-15T11:48:03Z</time>
<extensions>
<gpxtpx:TrackPointExtension>
<gpxtpx:hr>149</gpxtpx:hr>
<gpxtpx:cad>159</gpxtpx:cad>
</gpxtpx:TrackPointExtension>
</extensions>
</trkpt>
<trkpt lat="36.7709795" lon="126.9786255">
<ele>16.642</ele>
<time>2024-07-15T11:48:04Z</time>
<extensions>
<gpxtpx:TrackPointExtension>
<gpxtpx:hr>150</gpxtpx:hr>
</gpxtpx:TrackPointExtension>
</extensions>
</trkpt>
<trkpt lat="36.7709681" lon="126.9785999">
<ele>16.515</ele>
<time>2024-07-15T11:48:05Z</time>
<extensions>
<gpxtpx:TrackPointExtension>
<gpxtpx:hr>151</gpxtpx:hr>
</gpxtpx:TrackPointExtension>
</extensions>
</trkpt>
<trkpt lat="36.7709536" lon="126.978577">
<ele>16.466</ele>
<time>2024-07-15T11:48:06Z</time>
<extensions>
<gpxtpx:TrackPointExtension>
<gpxtpx:hr>151</gpxtpx:hr>
</gpxtpx:TrackPointExtension>
</extensions>
</trkpt>
<trkpt lat="36.7709384" lon="126.9785545">
<ele>16.66</ele>
<time>2024-07-15T11:48:07Z</time>
<extensions>
<gpxtpx:TrackPointExtension>
<gpxtpx:hr>152</gpxtpx:hr>
</gpxtpx:TrackPointExtension>
</extensions>
</trkpt>
<trkpt lat="36.7709226" lon="126.9785314">
<ele>16.574</ele>
<time>2024-07-15T11:48:08Z</time>
<extensions>
<gpxtpx:TrackPointExtension>
<gpxtpx:hr>152</gpxtpx:hr>
</gpxtpx:TrackPointExtension>
</extensions>
</trkpt>
<trkpt lat="36.7709059" lon="126.9785073">
<ele>16.478</ele>
<time>2024-07-15T11:48:09Z</time>
<extensions>
<gpxtpx:TrackPointExtension>
<gpxtpx:hr>153</gpxtpx:hr>
</gpxtpx:TrackPointExtension>
</extensions>
</trkpt>
<trkpt lat="36.7708882" lon="126.9784822">
<ele>16.657</ele>
<time>2024-07-15T11:48:10Z</time>
<extensions>
<gpxtpx:TrackPointExtension>
<gpxtpx:hr>153</gpxtpx:hr>
</gpxtpx:TrackPointExtension>
</extensions>
</trkpt>
<trkpt lat="36.7708693" lon="126.9784583">
<ele>16.544</ele>
<time>2024-07-15T11:48:11Z</time>
<extensions>
<gpxtpx:TrackPointExtension>
<gpxtpx:hr>153</gpxtpx:hr>
</gpxtpx:TrackPointExtension>
</extensions>
</trkpt>
<trkpt lat="36.7708506" lon="126.9784347">
<ele>16.518</ele>
<time>2024-07-15T11:48:12Z</time>
<extensions>
<gpxtpx:TrackPointExtension>
<gpxtpx:hr>154</gpxtpx:hr>
<gpxtpx:cad>157</gpxtpx:cad>
</gpxtpx:TrackPointExtension>
</extensions>
</trkpt>
<trkpt lat="36.7708315" lon="126.9784125">
<ele>16.469</ele>
<time>2024-07-15T11:48:13Z</time>
<extensions>
<gpxtpx:TrackPointExtension>
<gpxtpx:hr>154</gpxtpx:hr>
</gpxtpx:TrackPointExtension>
</extensions>
</trkpt>
<trkpt lat="36.770813" lon="126.9783879">
<ele>16.462</ele>
<time>2024-07-15T11:48:14Z</time>
<extensions>
<gpxtpx:TrackPointExtension>
<gpxtpx:hr>154</gpxtpx:hr>
</gpxtpx:TrackPointExtension>
</extensions>
</trkpt>
<trkpt lat="36.7707946" lon="126.9783628">
<ele>16.424</ele>
<time>2024-07-15T11:48:15Z</time>
<extensions>
<gpxtpx:TrackPointExtension>
<gpxtpx:hr>154</gpxtpx:hr>
</gpxtpx:TrackPointExtension>
</extensions>
</trkpt>
<trkpt lat="36.7707754" lon="126.9783384">
<ele>16.594</ele>
<time>2024-07-15T11:48:16Z</time>
<extensions>
<gpxtpx:TrackPointExtension>
<gpxtpx:hr>155</gpxtpx:hr>
</gpxtpx:TrackPointExtension>
</extensions>
</trkpt>
<trkpt lat="36.7707566" lon="126.9783145">
<ele>16.473</ele>
<time>2024-07-15T11:48:17Z</time>
<extensions>
<gpxtpx:TrackPointExtension>
<gpxtpx:hr>155</gpxtpx:hr>
</gpxtpx:TrackPointExtension>
</extensions>
</trkpt>
<trkpt lat="36.77074" lon="126.9782908">
<ele>16.372</ele>
<time>2024-07-15T11:48:18Z</time>
<extensions>
<gpxtpx:TrackPointExtension>
<gpxtpx:hr>155</gpxtpx:hr>
</gpxtpx:TrackPointExtension>
</extensions>
</trkpt>
<trkpt lat="36.7707235" lon="126.9782671">
<ele>16.451</ele>
<time>2024-07-15T11:48:19Z</time>
<extensions>
<gpxtpx:TrackPointExtension>
<gpxtpx:hr>156</gpxtpx:hr>
</gpxtpx:TrackPointExtension>
</extensions>
</trkpt>
<trkpt lat="36.7707053" lon="126.9782449">
<ele>16.379</ele>
<time>2024-07-15T11:48:20Z</time>
<extensions>
<gpxtpx:TrackPointExtension>
<gpxtpx:hr>156</gpxtpx:hr>
</gpxtpx:TrackPointExtension>
</extensions>
</trkpt>
<trkpt lat="36.7706855" lon="126.9782239">
<ele>16.402</ele>
<time>2024-07-15T11:48:21Z</time>
<extensions>
<gpxtpx:TrackPointExtension>
<gpxtpx:hr>157</gpxtpx:hr>
</gpxtpx:TrackPointExtension>
</extensions>
</trkpt>
<trkpt lat="36.7706649" lon="126.9782043">
<ele>16.514</ele>
<time>2024-07-15T11:48:22Z</time>
<extensions>
<gpxtpx:TrackPointExtension>
<gpxtpx:hr>158</gpxtpx:hr>
<gpxtpx:cad>158</gpxtpx:cad>
</gpxtpx:TrackPointExtension>
</extensions>
</trkpt>
<trkpt lat="36.7706437" lon="126.9781858">
<ele>16.37</ele>
<time>2024-07-15T11:48:23Z</time>
<extensions>
<gpxtpx:TrackPointExtension>
<gpxtpx:hr>158</gpxtpx:hr>
</gpxtpx:TrackPointExtension>
</extensions>
</trkpt>
<trkpt lat="36.7706221" lon="126.9781672">
<ele>16.388</ele>
<time>2024-07-15T11:48:24Z</time>
<extensions>
<gpxtpx:TrackPointExtension>
<gpxtpx:hr>159</gpxtpx:hr>
</gpxtpx:TrackPointExtension>
</extensions>
</trkpt>
<trkpt lat="36.7706001" lon="126.9781493">
<ele>16.507</ele>
<time>2024-07-15T11:48:25Z</time>
<extensions>
<gpxtpx:TrackPointExtension>
<gpxtpx:hr>159</gpxtpx:hr>
</gpxtpx:TrackPointExtension>
</extensions>
</trkpt>
<trkpt lat="36.7705793" lon="126.9781299">
<ele>16.471</ele>
<time>2024-07-15T11:48:26Z</time>
<extensions>
<gpxtpx:TrackPointExtension>
<gpxtpx:hr>159</gpxtpx:hr>
</gpxtpx:TrackPointExtension>
</extensions>
</trkpt>
<trkpt lat="36.7705601" lon="126.9781103">
<ele>16.326</ele>
<time>2024-07-15T11:48:27Z</time>
<extensions>
<gpxtpx:TrackPointExtension>
<gpxtpx:hr>159</gpxtpx:hr>
</gpxtpx:TrackPointExtension>
</extensions>
</trkpt>
<trkpt lat="36.7705427" lon="126.9780892">
<ele>16.459</ele>
<time>2024-07-15T11:48:28Z</time>
<extensions>
<gpxtpx:TrackPointExtension>
<gpxtpx:hr>159</gpxtpx:hr>
</gpxtpx:TrackPointExtension>
</extensions>
</trkpt>
<trkpt lat="36.770525" lon="126.9780698">
<ele>16.457</ele>
<time>2024-07-15T11:48:29Z</time>
<extensions>
<gpxtpx:TrackPointExtension>
<gpxtpx:hr>159</gpxtpx:hr>
</gpxtpx:TrackPointExtension>
</extensions>
</trkpt>
<trkpt lat="36.7705093" lon="126.9780511">
<ele>16.424</ele>
<time>2024-07-15T11:48:30Z</time>
<extensions>
<gpxtpx:TrackPointExtension>
<gpxtpx:hr>160</gpxtpx:hr>
</gpxtpx:TrackPointExtension>
</extensions>
</trkpt>
<trkpt lat="36.7704948" lon="126.9780313">
<ele>16.54</ele>
<time>2024-07-15T11:48:31Z</time>
<extensions>
<gpxtpx:TrackPointExtension>
<gpxtpx:hr>160</gpxtpx:hr>
</gpxtpx:TrackPointExtension>
</extensions>
</trkpt>
<trkpt lat="36.7704784" lon="126.9780098">
<ele>16.417</ele>
<time>2024-07-15T11:48:32Z</time>
<extensions>
<gpxtpx:TrackPointExtension>
<gpxtpx:hr>160</gpxtpx:hr>
<gpxtpx:cad>158</gpxtpx:cad>
</gpxtpx:TrackPointExtension>
</extensions>
</trkpt>
<trkpt lat="36.7704584" lon="126.9779878">
<ele>16.463</ele>
<time>2024-07-15T11:48:33Z</time>
<extensions>
<gpxtpx:TrackPointExtension>
<gpxtpx:hr>160</gpxtpx:hr>
</gpxtpx:TrackPointExtension>
</extensions>
</trkpt>
<trkpt lat="36.7704371" lon="126.9779663">
<ele>16.552</ele>
<time>2024-07-15T11:48:34Z</time>
<extensions>
<gpxtpx:TrackPointExtension>
<gpxtpx:hr>160</gpxtpx:hr>
</gpxtpx:TrackPointExtension>
</extensions>
</trkpt>
<trkpt lat="36.7703921" lon="126.9779275">
<ele>16.482</ele>
<time>2024-07-15T11:48:35Z</time>
<extensions>
<gpxtpx:TrackPointExtension>
<gpxtpx:hr>160</gpxtpx:hr>
</gpxtpx:TrackPointExtension>
</extensions>
</trkpt>
<trkpt lat="36.7703672" lon="126.9779104">
<ele>16.418</ele>
<time>2024-07-15T11:48:36Z</time>
<extensions>
<gpxtpx:TrackPointExtension>
<gpxtpx:hr>160</gpxtpx:hr>
</gpxtpx:TrackPointExtension>
</extensions>
</trkpt>
<trkpt lat="36.770341" lon="126.9778927">
<ele>16.6</ele>
<time>2024-07-15T11:48:37Z</time>
<extensions>
<gpxtpx:TrackPointExtension>
<gpxtpx:hr>160</gpxtpx:hr>
<gpxtpx:cad>159</gpxtpx:cad>
</gpxtpx:TrackPointExtension>
</extensions>
</trkpt>
<trkpt lat="36.7703154" lon="126.9778734">
<ele>16.466</ele>
<time>2024-07-15T11:48:38Z</time>
<extensions>
<gpxtpx:TrackPointExtension>
<gpxtpx:hr>160</gpxtpx:hr>
</gpxtpx:TrackPointExtension>
</extensions>
</trkpt>
<trkpt lat="36.7702884" lon="126.9778531">
<ele>16.43</ele>
<time>2024-07-15T11:48:39Z</time>
<extensions>
<gpxtpx:TrackPointExtension>
<gpxtpx:hr>160</gpxtpx:hr>
</gpxtpx:TrackPointExtension>
</extensions>
</trkpt>
<trkpt lat="36.7702612" lon="126.9778315">
<ele>16.584</ele>
<time>2024-07-15T11:48:40Z</time>
<extensions>
<gpxtpx:TrackPointExtension>
<gpxtpx:hr>160</gpxtpx:hr>
</gpxtpx:TrackPointExtension>
</extensions>
</trkpt>
<trkpt lat="36.7702331" lon="126.9778113">
<ele>16.337</ele>
<time>2024-07-15T11:48:41Z</time>
<extensions>
<gpxtpx:TrackPointExtension>
<gpxtpx:hr>160</gpxtpx:hr>
</gpxtpx:TrackPointExtension>
</extensions>
</trkpt>
<trkpt lat="36.7702056" lon="126.9777919">
<ele>16.4</ele>
<time>2024-07-15T11:48:42Z</time>
<extensions>
<gpxtpx:TrackPointExtension>
<gpxtpx:hr>161</gpxtpx:hr>
<gpxtpx:cad>159</gpxtpx:cad>
</gpxtpx:TrackPointExtension>
</extensions>
</trkpt>
<trkpt lat="36.7701787" lon="126.977773">
<ele>16.487</ele>
<time>2024-07-15T11:48:43Z</time>
<extensions>
<gpxtpx:TrackPointExtension>
<gpxtpx:hr>161</gpxtpx:hr>
</gpxtpx:TrackPointExtension>
</extensions>
</trkpt>
<trkpt lat="36.770154" lon="126.9777544">
<ele>16.425</ele>
<time>2024-07-15T11:48:44Z</time>
<extensions>
<gpxtpx:TrackPointExtension>
<gpxtpx:hr>161</gpxtpx:hr>
</gpxtpx:TrackPointExtension>
</extensions>
</trkpt>
<trkpt lat="36.7701284" lon="126.9777368">
<ele>16.398</ele>
<time>2024-07-15T11:48:45Z</time>
<extensions>
<gpxtpx:TrackPointExtension>
<gpxtpx:hr>162</gpxtpx:hr>
</gpxtpx:TrackPointExtension>
</extensions>
</trkpt>
<trkpt lat="36.7701033" lon="126.9777202">
<ele>16.322</ele>
<time>2024-07-15T11:48:46Z</time>
<extensions>
<gpxtpx:TrackPointExtension>
<gpxtpx:hr>162</gpxtpx:hr>
</gpxtpx:TrackPointExtension>
</extensions>
</trkpt>
<trkpt lat="36.7700778" lon="126.977705">
<ele>16.285</ele>
<time>2024-07-15T11:48:47Z</time>
<extensions>
<gpxtpx:TrackPointExtension>
<gpxtpx:hr>163</gpxtpx:hr>
</gpxtpx:TrackPointExtension>
</extensions>
</trkpt>
<trkpt lat="36.77005" lon="126.97769">
<ele>16.227</ele>
<time>2024-07-15T11:48:48Z</time>
<extensions>
<gpxtpx:TrackPointExtension>
<gpxtpx:hr>163</gpxtpx:hr>
</gpxtpx:TrackPointExtension>
</extensions>
</trkpt>
<trkpt lat="36.770023" lon="126.9776772">
<ele>16.327</ele>
<time>2024-07-15T11:48:49Z</time>
<extensions>
<gpxtpx:TrackPointExtension>
<gpxtpx:hr>162</gpxtpx:hr>
</gpxtpx:TrackPointExtension>
</extensions>
</trkpt>
<trkpt lat="36.7699992" lon="126.9776619">
<ele>16.323</ele>
<time>2024-07-15T11:48:50Z</time>
<extensions>
<gpxtpx:TrackPointExtension>
<gpxtpx:hr>162</gpxtpx:hr>
</gpxtpx:TrackPointExtension>
</extensions>
</trkpt>
<trkpt lat="36.769978" lon="126.9776456">
<ele>16.473</ele>
<time>2024-07-15T11:48:51Z</time>
<extensions>
<gpxtpx:TrackPointExtension>
<gpxtpx:hr>162</gpxtpx:hr>
</gpxtpx:TrackPointExtension>
</extensions>
</trkpt>
<trkpt lat="36.7699547" lon="126.9776324">
<ele>16.579</ele>
<time>2024-07-15T11:48:52Z</time>
<extensions>
<gpxtpx:TrackPointExtension>
<gpxtpx:cad>158</gpxtpx:cad>
</gpxtpx:TrackPointExtension>
</extensions>
</trkpt>
<trkpt lat="36.7699321" lon="126.9776218">
<ele>16.315</ele>
<time>2024-07-15T11:48:53Z</time>
<extensions>
<gpxtpx:TrackPointExtension>
<gpxtpx:hr>162</gpxtpx:hr>
</gpxtpx:TrackPointExtension>
</extensions>
</trkpt>
<trkpt lat="36.7699129" lon="126.9776107">
<ele>16.532</ele>
<time>2024-07-15T11:48:54Z</time>
<extensions>
<gpxtpx:TrackPointExtension>
<gpxtpx:hr>162</gpxtpx:hr>
</gpxtpx:TrackPointExtension>
</extensions>
</trkpt>
<trkpt lat="36.7698873" lon="126.9776036">
<ele>16.454</ele>
<time>2024-07-15T11:48:55Z</time>
<extensions>
<gpxtpx:TrackPointExtension>
<gpxtpx:hr>162</gpxtpx:hr>
</gpxtpx:TrackPointExtension>
</extensions>
</trkpt>
<trkpt lat="36.7698536" lon="126.977601">
<ele>16.275</ele>
<time>2024-07-15T11:48:56Z</time>
<extensions>
<gpxtpx:TrackPointExtension>
<gpxtpx:hr>163</gpxtpx:hr>
</gpxtpx:TrackPointExtension>
</extensions>
</trkpt>
<trkpt lat="36.7698122" lon="126.9776006">
<ele>16.483</ele>
<time>2024-07-15T11:48:57Z</time>
<extensions>
<gpxtpx:TrackPointExtension>
<gpxtpx:hr>163</gpxtpx:hr>
</gpxtpx:TrackPointExtension>
</extensions>
</trkpt>
<trkpt lat="36.7697696" lon="126.977599">
<ele>16.54</ele>
<time>2024-07-15T11:48:58Z</time>
<extensions>
<gpxtpx:TrackPointExtension>
<gpxtpx:hr>163</gpxtpx:hr>
</gpxtpx:TrackPointExtension>
</extensions>
</trkpt>
<trkpt lat="36.7697294" lon="126.9775932">
<ele>16.454</ele>
<time>2024-07-15T11:48:59Z</time>
<extensions>
<gpxtpx:TrackPointExtension>
<gpxtpx:hr>163</gpxtpx:hr>
</gpxtpx:TrackPointExtension>
</extensions>
</trkpt>
<trkpt lat="36.7696924" lon="126.977583">
<ele>16.518</ele>
<time>2024-07-15T11:49:00Z</time>
<extensions>
<gpxtpx:TrackPointExtension>
<gpxtpx:hr>163</gpxtpx:hr>
</gpxtpx:TrackPointExtension>
</extensions>
</trkpt>
<trkpt lat="36.7696596" lon="126.9775686">
<ele>16.565</ele>
<time>2024-07-15T11:49:01Z</time>
<extensions>
<gpxtpx:TrackPointExtension>
<gpxtpx:hr>163</gpxtpx:hr>
</gpxtpx:TrackPointExtension>
</extensions>
</trkpt>
<trkpt lat="36.7696305" lon="126.9775515">
<ele>16.454</ele>
<time>2024-07-15T11:49:02Z</time>
<extensions>
<gpxtpx:TrackPointExtension>
<gpxtpx:hr>163</gpxtpx:hr>
<gpxtpx:cad>159</gpxtpx:cad>
</gpxtpx:TrackPointExtension>
</extensions>
</trkpt>
<trkpt lat="36.7696016" lon="126.9775343">
<ele>16.506</ele>
<time>2024-07-15T11:49:03Z</time>
<extensions>
<gpxtpx:TrackPointExtension>
<gpxtpx:hr>163</gpxtpx:hr>
</gpxtpx:TrackPointExtension>
</extensions>
</trkpt>
<trkpt lat="36.7695739" lon="126.9775188">
<ele>16.545</ele>
<time>2024-07-15T11:49:04Z</time>
<extensions>
<gpxtpx:TrackPointExtension>
<gpxtpx:hr>163</gpxtpx:hr>
</gpxtpx:TrackPointExtension>
</extensions>
</trkpt>
<trkpt lat="36.7695461" lon="126.9775042">
<ele>16.401</ele>
<time>2024-07-15T11:49:05Z</time>
<extensions>
<gpxtpx:TrackPointExtension>
<gpxtpx:hr>163</gpxtpx:hr>
</gpxtpx:TrackPointExtension>
</extensions>
</trkpt>
<trkpt lat="36.7695187" lon="126.9774901">
<ele>16.407</ele>
<time>2024-07-15T11:49:06Z</time>
<extensions>
<gpxtpx:TrackPointExtension>
<gpxtpx:hr>163</gpxtpx:hr>
<gpxtpx:cad>158</gpxtpx:cad>
</gpxtpx:TrackPointExtension>
</extensions>
</trkpt>
<trkpt lat="36.769489" lon="126.9774729">
<ele>16.302</ele>
<time>2024-07-15T11:49:07Z</time>
<extensions>
<gpxtpx:TrackPointExtension>
<gpxtpx:hr>163</gpxtpx:hr>
</gpxtpx:TrackPointExtension>
</extensions>
</trkpt>
<trkpt lat="36.7694568" lon="126.977456">
<ele>16.258</ele>
<time>2024-07-15T11:49:08Z</time>
<extensions>
<gpxtpx:TrackPointExtension>
<gpxtpx:hr>163</gpxtpx:hr>
</gpxtpx:TrackPointExtension>
</extensions>
</trkpt>
<trkpt lat="36.769425" lon="126.9774454">
<ele>16.3</ele>
<time>2024-07-15T11:49:09Z</time>
<extensions>
<gpxtpx:TrackPointExtension>
<gpxtpx:hr>163</gpxtpx:hr>
</gpxtpx:TrackPointExtension>
</extensions>
</trkpt>
<trkpt lat="36.7693964" lon="126.9774396">
<ele>16.288</ele>
<time>2024-07-15T11:49:10Z</time>
<extensions>
<gpxtpx:TrackPointExtension>
<gpxtpx:hr>163</gpxtpx:hr>
</gpxtpx:TrackPointExtension>
</extensions>
</trkpt>
<trkpt lat="36.7693709" lon="126.977436">
<ele>16.283</ele>
<time>2024-07-15T11:49:11Z</time>
<extensions>
<gpxtpx:TrackPointExtension>
<gpxtpx:hr>163</gpxtpx:hr>
</gpxtpx:TrackPointExtension>
</extensions>
</trkpt>
<trkpt lat="36.7693478" lon="126.9774323">
<ele>16.323</ele>
<time>2024-07-15T11:49:12Z</time>
<extensions>
<gpxtpx:TrackPointExtension>
<gpxtpx:hr>163</gpxtpx:hr>
<gpxtpx:cad>158</gpxtpx:cad>
</gpxtpx:TrackPointExtension>
</extensions>
</trkpt>
<trkpt lat="36.769329" lon="126.9774295">
<ele>16.496</ele>
<time>2024-07-15T11:49:13Z</time>
<extensions>
<gpxtpx:TrackPointExtension>
<gpxtpx:hr>163</gpxtpx:hr>
</gpxtpx:TrackPointExtension>
</extensions>
</trkpt>
<trkpt lat="36.7693123" lon="126.977424">
<ele>16.351</ele>
<time>2024-07-15T11:49:14Z</time>
<extensions>
<gpxtpx:TrackPointExtension>
<gpxtpx:hr>164</gpxtpx:hr>
</gpxtpx:TrackPointExtension>
</extensions>
</trkpt>
<trkpt lat="36.7692966" lon="126.9774166">
<ele>16.369</ele>
<time>2024-07-15T11:49:15Z</time>
<extensions>
<gpxtpx:TrackPointExtension>
<gpxtpx:hr>164</gpxtpx:hr>
</gpxtpx:TrackPointExtension>
</extensions>
</trkpt>
<trkpt lat="36.7692805" lon="126.9774113">
<ele>16.38</ele>
<time>2024-07-15T11:49:16Z</time>
<extensions>
<gpxtpx:TrackPointExtension>
<gpxtpx:hr>165</gpxtpx:hr>
</gpxtpx:TrackPointExtension>
</extensions>
</trkpt>
<trkpt lat="36.7692608" lon="126.9774075">
<ele>16.267</ele>
<time>2024-07-15T11:49:17Z</time>
<extensions>
<gpxtpx:TrackPointExtension>
<gpxtpx:hr>165</gpxtpx:hr>
</gpxtpx:TrackPointExtension>
</extensions>
</trkpt>
<trkpt lat="36.7692375" lon="126.9774056">
<ele>16.361</ele>
<time>2024-07-15T11:49:18Z</time>
<extensions>
<gpxtpx:TrackPointExtension>
<gpxtpx:hr>165</gpxtpx:hr>
</gpxtpx:TrackPointExtension>
</extensions>
</trkpt>
<trkpt lat="36.7692109" lon="126.9774036">
<ele>16.484</ele>
<time>2024-07-15T11:49:19Z</time>
<extensions>
<gpxtpx:TrackPointExtension>
<gpxtpx:hr>165</gpxtpx:hr>
</gpxtpx:TrackPointExtension>
</extensions>
</trkpt>
<trkpt lat="36.7691832" lon="126.9774003">
<ele>16.296</ele>
<time>2024-07-15T11:49:20Z</time>
<extensions>
<gpxtpx:TrackPointExtension>
<gpxtpx:hr>166</gpxtpx:hr>
</gpxtpx:TrackPointExtension>
</extensions>
</trkpt>
<trkpt lat="36.7691549" lon="126.9773955">
<ele>16.465</ele>
<time>2024-07-15T11:49:21Z</time>
<extensions>
<gpxtpx:TrackPointExtension>
<gpxtpx:hr>166</gpxtpx:hr>
</gpxtpx:TrackPointExtension>
</extensions>
</trkpt>
<trkpt lat="36.7691251" lon="126.9773897">
<ele>16.4</ele>
<time>2024-07-15T11:49:22Z</time>
<extensions>
<gpxtpx:TrackPointExtension>
<gpxtpx:hr>166</gpxtpx:hr>
<gpxtpx:cad>158</gpxtpx:cad>
</gpxtpx:TrackPointExtension>
</extensions>
</trkpt>
<trkpt lat="36.7690934" lon="126.977385">
<ele>16.346</ele>
<time>2024-07-15T11:49:23Z</time>
<extensions>
<gpxtpx:TrackPointExtension>
<gpxtpx:hr>166</gpxtpx:hr>
</gpxtpx:TrackPointExtension>
</extensions>
</trkpt>
<trkpt lat="36.7690612" lon="126.9773804">
<ele>16.411</ele>
<time>2024-07-15T11:49:24Z</time>
<extensions>
<gpxtpx:TrackPointExtension>
<gpxtpx:hr>166</gpxtpx:hr>
</gpxtpx:TrackPointExtension>
</extensions>
</trkpt>
<trkpt lat="36.7690297" lon="126.9773784">
<ele>16.385</ele>
<time>2024-07-15T11:49:25Z</time>
<extensions>
<gpxtpx:TrackPointExtension>
<gpxtpx:hr>166</gpxtpx:hr>
</gpxtpx:TrackPointExtension>
</extensions>
</trkpt>
<trkpt lat="36.7689992" lon="126.977378">
<ele>16.236</ele>
<time>2024-07-15T11:49:26Z</time>
<extensions>
<gpxtpx:TrackPointExtension>
<gpxtpx:hr>167</gpxtpx:hr>
</gpxtpx:TrackPointExtension>
</extensions>
</trkpt>
<trkpt lat="36.7689697" lon="126.9773784">
<ele>16.363</ele>
<time>2024-07-15T11:49:27Z</time>
<extensions>
<gpxtpx:TrackPointExtension>
<gpxtpx:hr>167</gpxtpx:hr>
</gpxtpx:TrackPointExtension>
</extensions>
</trkpt>
<trkpt lat="36.7689434" lon="126.9773773">
<ele>16.367</ele>
<time>2024-07-15T11:49:28Z</time>
<extensions>
<gpxtpx:TrackPointExtension>
<gpxtpx:hr>167</gpxtpx:hr>
</gpxtpx:TrackPointExtension>
</extensions>
</trkpt>
<trkpt lat="36.768918" lon="126.977376">
<ele>16.231</ele>
<time>2024-07-15T11:49:29Z</time>
<extensions>
<gpxtpx:TrackPointExtension>
<gpxtpx:hr>167</gpxtpx:hr>
</gpxtpx:TrackPointExtension>
</extensions>
</trkpt>
<trkpt lat="36.7688922" lon="126.9773748">
<ele>16.294</ele>
<time>2024-07-15T11:49:30Z</time>
<extensions>
<gpxtpx:TrackPointExtension>
<gpxtpx:hr>168</gpxtpx:hr>
</gpxtpx:TrackPointExtension>
</extensions>
</trkpt>
<trkpt lat="36.7688655" lon="126.9773711">
<ele>16.419</ele>
<time>2024-07-15T11:49:31Z</time>
<extensions>
<gpxtpx:TrackPointExtension>
<gpxtpx:hr>168</gpxtpx:hr>
</gpxtpx:TrackPointExtension>
</extensions>
</trkpt>
<trkpt lat="36.7688389" lon="126.9773661">
<ele>16.351</ele>
<time>2024-07-15T11:49:32Z</time>
<extensions>
<gpxtpx:TrackPointExtension>
<gpxtpx:hr>169</gpxtpx:hr>
<gpxtpx:cad>158</gpxtpx:cad>
</gpxtpx:TrackPointExtension>
</extensions>
</trkpt>
<trkpt lat="36.7688114" lon="126.9773607">
<ele>16.329</ele>
<time>2024-07-15T11:49:33Z</time>
<extensions>
<gpxtpx:TrackPointExtension>
<gpxtpx:hr>169</gpxtpx:hr>
</gpxtpx:TrackPointExtension>
</extensions>
</trkpt>
<trkpt lat="36.768784" lon="126.9773555">
<ele>16.465</ele>
<time>2024-07-15T11:49:34Z</time>
<extensions>
<gpxtpx:TrackPointExtension>
<gpxtpx:hr>169</gpxtpx:hr>
</gpxtpx:TrackPointExtension>
</extensions>
</trkpt>
<trkpt lat="36.768757" lon="126.9773529">
<ele>16.377</ele>
<time>2024-07-15T11:49:35Z</time>
<extensions>
<gpxtpx:TrackPointExtension>
<gpxtpx:hr>169</gpxtpx:hr>
</gpxtpx:TrackPointExtension>
</extensions>
</trkpt>
<trkpt lat="36.76873" lon="126.9773522">
<ele>16.449</ele>
<time>2024-07-15T11:49:36Z</time>
<extensions>
<gpxtpx:TrackPointExtension>
<gpxtpx:hr>168</gpxtpx:hr>
</gpxtpx:TrackPointExtension>
</extensions>
</trkpt>
<trkpt lat="36.768702" lon="126.9773525">
<ele>16.402</ele>
<time>2024-07-15T11:49:37Z</time>
<extensions>
<gpxtpx:TrackPointExtension>
<gpxtpx:hr>168</gpxtpx:hr>
</gpxtpx:TrackPointExtension>
</extensions>
</trkpt>
<trkpt lat="36.7686731" lon="126.9773524">
<ele>16.251</ele>
<time>2024-07-15T11:49:38Z</time>
<extensions>
<gpxtpx:TrackPointExtension>
<gpxtpx:hr>168</gpxtpx:hr>
</gpxtpx:TrackPointExtension>
</extensions>
</trkpt>
<trkpt lat="36.7686431" lon="126.977353">
<ele>16.399</ele>
<time>2024-07-15T11:49:39Z</time>
<extensions>
<gpxtpx:TrackPointExtension>
<gpxtpx:hr>168</gpxtpx:hr>
</gpxtpx:TrackPointExtension>
</extensions>
</trkpt>
<trkpt lat="36.7686151" lon="126.9773508">
<ele>16.411</ele>
<time>2024-07-15T11:49:40Z</time>
<extensions>
<gpxtpx:TrackPointExtension>
<gpxtpx:hr>168</gpxtpx:hr>
<gpxtpx:cad>159</gpxtpx:cad>
</gpxtpx:TrackPointExtension>
</extensions>
</trkpt>
<trkpt lat="36.768587" lon="126.9773467">
<ele>16.361</ele>
<time>2024-07-15T11:49:41Z</time>
<extensions>
<gpxtpx:TrackPointExtension>
<gpxtpx:hr>168</gpxtpx:hr>
</gpxtpx:TrackPointExtension>
</extensions>
</trkpt>
<trkpt lat="36.7685579" lon="126.97734">
<ele>16.493</ele>
<time>2024-07-15T11:49:42Z</time>
<extensions>
<gpxtpx:TrackPointExtension>
<gpxtpx:hr>169</gpxtpx:hr>
<gpxtpx:cad>159</gpxtpx:cad>
</gpxtpx:TrackPointExtension>
</extensions>
</trkpt>
<trkpt lat="36.768528" lon="126.9773318">
<ele>16.455</ele>
<time>2024-07-15T11:49:43Z</time>
<extensions>
<gpxtpx:TrackPointExtension>
<gpxtpx:hr>169</gpxtpx:hr>
</gpxtpx:TrackPointExtension>
</extensions>
</trkpt>
<trkpt lat="36.7684989" lon="126.977324">
<ele>16.326</ele>
<time>2024-07-15T11:49:44Z</time>
<extensions>
<gpxtpx:TrackPointExtension>
<gpxtpx:hr>168</gpxtpx:hr>
</gpxtpx:TrackPointExtension>
</extensions>
</trkpt>
<trkpt lat="36.768472" lon="126.9773177">
<ele>16.438</ele>
<time>2024-07-15T11:49:45Z</time>
<extensions>
<gpxtpx:TrackPointExtension>
<gpxtpx:hr>168</gpxtpx:hr>
</gpxtpx:TrackPointExtension>
</extensions>
</trkpt>
<trkpt lat="36.7684453" lon="126.9773111">
<ele>16.314</ele>
<time>2024-07-15T11:49:46Z</time>
<extensions>
<gpxtpx:TrackPointExtension>
<gpxtpx:hr>168</gpxtpx:hr>
</gpxtpx:TrackPointExtension>
</extensions>
</trkpt>
<trkpt lat="36.7684175" lon="126.9773022">
<ele>16.268</ele>
<time>2024-07-15T11:49:47Z</time>
<extensions>
<gpxtpx:TrackPointExtension>
<gpxtpx:hr>168</gpxtpx:hr>
</gpxtpx:TrackPointExtension>
</extensions>
</trkpt>
<trkpt lat="36.7683897" lon="126.9772908">
<ele>16.449</ele>
<time>2024-07-15T11:49:49Z</time>
<extensions>
<gpxtpx:TrackPointExtension>
<gpxtpx:hr>169</gpxtpx:hr>
</gpxtpx:TrackPointExtension>
</extensions>
</trkpt>
<trkpt lat="36.7683635" lon="126.9772748">
<ele>16.608</ele>
<time>2024-07-15T11:49:50Z</time>
<extensions>
<gpxtpx:TrackPointExtension>
<gpxtpx:hr>169</gpxtpx:hr>
</gpxtpx:TrackPointExtension>
</extensions>
</trkpt>
<trkpt lat="36.7683396" lon="126.977254">
<ele>16.617</ele>
<time>2024-07-15T11:49:51Z</time>
<extensions>
<gpxtpx:TrackPointExtension>
<gpxtpx:hr>169</gpxtpx:hr>
</gpxtpx:TrackPointExtension>
</extensions>
</trkpt>
<trkpt lat="36.7683176" lon="126.97723">
<ele>16.754</ele>
<time>2024-07-15T11:49:52Z</time>
<extensions>
<gpxtpx:TrackPointExtension>
<gpxtpx:hr>169</gpxtpx:hr>
</gpxtpx:TrackPointExtension>
</extensions>
</trkpt>
<trkpt lat="36.7682987" lon="126.9772052">
<ele>16.513</ele>
<time>2024-07-15T11:49:53Z</time>
<extensions>
<gpxtpx:TrackPointExtension>
<gpxtpx:hr>169</gpxtpx:hr>
<gpxtpx:cad>159</gpxtpx:cad>
</gpxtpx:TrackPointExtension>
</extensions>
</trkpt>
<trkpt lat="36.7682855" lon="126.9771802">
<ele>16.537</ele>
<time>2024-07-15T11:49:54Z</time>
<extensions>
<gpxtpx:TrackPointExtension>
<gpxtpx:hr>169</gpxtpx:hr>
</gpxtpx:TrackPointExtension>
</extensions>
</trkpt>
<trkpt lat="36.7682778" lon="126.9771566">
<ele>16.562</ele>
<time>2024-07-15T11:49:55Z</time>
<extensions>
<gpxtpx:TrackPointExtension>
<gpxtpx:hr>169</gpxtpx:hr>
</gpxtpx:TrackPointExtension>
</extensions>
</trkpt>
<trkpt lat="36.7682745" lon="126.9771315">
<ele>16.483</ele>
<time>2024-07-15T11:49:56Z</time>
<extensions>
<gpxtpx:TrackPointExtension>
<gpxtpx:hr>169</gpxtpx:hr>
</gpxtpx:TrackPointExtension>
</extensions>
</trkpt>
<trkpt lat="36.7682728" lon="126.9771043">
<ele>16.453</ele>
<time>2024-07-15T11:49:57Z</time>
<extensions>
<gpxtpx:TrackPointExtension>
<gpxtpx:hr>169</gpxtpx:hr>
</gpxtpx:TrackPointExtension>
</extensions>
</trkpt>
<trkpt lat="36.7682724" lon="126.9770719">
<ele>16.52</ele>
<time>2024-07-15T11:49:58Z</time>
<extensions>
<gpxtpx:TrackPointExtension>
<gpxtpx:hr>169</gpxtpx:hr>
</gpxtpx:TrackPointExtension>
</extensions>
</trkpt>
<trkpt lat="36.7682722" lon="126.9770374">
<ele>16.545</ele>
<time>2024-07-15T11:49:59Z</time>
<extensions>
<gpxtpx:TrackPointExtension>
<gpxtpx:hr>169</gpxtpx:hr>
</gpxtpx:TrackPointExtension>
</extensions>
</trkpt>
<trkpt lat="36.7682724" lon="126.9770046">
<ele>16.436</ele>
<time>2024-07-15T11:50:00Z</time>
<extensions>
<gpxtpx:TrackPointExtension>
<gpxtpx:hr>169</gpxtpx:hr>
</gpxtpx:TrackPointExtension>
</extensions>
</trkpt>
<trkpt lat="36.7682722" lon="126.976974">
<ele>16.493</ele>
<time>2024-07-15T11:50:01Z</time>
<extensions>
<gpxtpx:TrackPointExtension>
<gpxtpx:hr>169</gpxtpx:hr>
</gpxtpx:TrackPointExtension>
</extensions>
</trkpt>
<trkpt lat="36.7682709" lon="126.9769468">
<ele>16.598</ele>
<time>2024-07-15T11:50:02Z</time>
<extensions>
<gpxtpx:TrackPointExtension>
<gpxtpx:hr>169</gpxtpx:hr>
</gpxtpx:TrackPointExtension>
</extensions>
</trkpt>
<trkpt lat="36.7682705" lon="126.9769214">
<ele>16.421</ele>
<time>2024-07-15T11:50:03Z</time>
<extensions>
<gpxtpx:TrackPointExtension>
<gpxtpx:hr>169</gpxtpx:hr>
<gpxtpx:cad>159</gpxtpx:cad>
</gpxtpx:TrackPointExtension>
</extensions>
</trkpt>
<trkpt lat="36.7682651" lon="126.9768989">
<ele>16.481</ele>
<time>2024-07-15T11:50:04Z</time>
<extensions>
<gpxtpx:TrackPointExtension>
<gpxtpx:hr>169</gpxtpx:hr>
</gpxtpx:TrackPointExtension>
</extensions>
</trkpt>
<trkpt lat="36.7682536" lon="126.9768798">
<ele>16.451</ele>
<time>2024-07-15T11:50:05Z</time>
<extensions>
<gpxtpx:TrackPointExtension>
<gpxtpx:hr>169</gpxtpx:hr>
</gpxtpx:TrackPointExtension>
</extensions>
</trkpt>
<trkpt lat="36.7682397" lon="126.9768661">
<ele>16.361</ele>
<time>2024-07-15T11:50:06Z</time>
<extensions>
<gpxtpx:TrackPointExtension>
<gpxtpx:hr>169</gpxtpx:hr>
</gpxtpx:TrackPointExtension>
</extensions>
</trkpt>
<trkpt lat="36.7682211" lon="126.976852">
<ele>16.569</ele>
<time>2024-07-15T11:50:07Z</time>
<extensions>
<gpxtpx:TrackPointExtension>
<gpxtpx:hr>170</gpxtpx:hr>
</gpxtpx:TrackPointExtension>
</extensions>
</trkpt>
<trkpt lat="36.7681983" lon="126.9768391">
<ele>16.497</ele>
<time>2024-07-15T11:50:08Z</time>
<extensions>
<gpxtpx:TrackPointExtension>
<gpxtpx:hr>170</gpxtpx:hr>
</gpxtpx:TrackPointExtension>
</extensions>
</trkpt>
<trkpt lat="36.768171" lon="126.9768276">
<ele>16.394</ele>
<time>2024-07-15T11:50:09Z</time>
<extensions>
<gpxtpx:TrackPointExtension>
<gpxtpx:hr>170</gpxtpx:hr>
</gpxtpx:TrackPointExtension>
</extensions>
</trkpt>
<trkpt lat="36.7681431" lon="126.9768181">
<ele>16.486</ele>
<time>2024-07-15T11:50:10Z</time>
<extensions>
<gpxtpx:TrackPointExtension>
<gpxtpx:hr>170</gpxtpx:hr>
</gpxtpx:TrackPointExtension>
</extensions>
</trkpt>
<trkpt lat="36.7681184" lon="126.9768083">
<ele>16.592</ele>
<time>2024-07-15T11:50:11Z</time>
<extensions>
<gpxtpx:TrackPointExtension>
<gpxtpx:hr>170</gpxtpx:hr>
</gpxtpx:TrackPointExtension>
</extensions>
</trkpt>
<trkpt lat="36.7680953" lon="126.9767977">
<ele>16.498</ele>
<time>2024-07-15T11:50:12Z</time>
<extensions>
<gpxtpx:TrackPointExtension>
<gpxtpx:hr>170</gpxtpx:hr>
<gpxtpx:cad>157</gpxtpx:cad>
</gpxtpx:TrackPointExtension>
</extensions>
</trkpt>
<trkpt lat="36.7680717" lon="126.9767872">
<ele>16.599</ele>
<time>2024-07-15T11:50:13Z</time>
<extensions>
<gpxtpx:TrackPointExtension>
<gpxtpx:hr>170</gpxtpx:hr>
</gpxtpx:TrackPointExtension>
</extensions>
</trkpt>
<trkpt lat="36.7680471" lon="126.976779">
<ele>16.697</ele>
<time>2024-07-15T11:50:14Z</time>
<extensions>
<gpxtpx:TrackPointExtension>
<gpxtpx:hr>170</gpxtpx:hr>
</gpxtpx:TrackPointExtension>
</extensions>
</trkpt>
<trkpt lat="36.7680242" lon="126.9767704">
<ele>16.608</ele>
<time>2024-07-15T11:50:15Z</time>
<extensions>
<gpxtpx:TrackPointExtension>
<gpxtpx:hr>170</gpxtpx:hr>
</gpxtpx:TrackPointExtension>
</extensions>
</trkpt>
<trkpt lat="36.7680024" lon="126.9767615">
<ele>16.61</ele>
<time>2024-07-15T11:50:16Z</time>
<extensions>
<gpxtpx:TrackPointExtension>
<gpxtpx:hr>170</gpxtpx:hr>
<gpxtpx:cad>156</gpxtpx:cad>
</gpxtpx:TrackPointExtension>
</extensions>
</trkpt>
<trkpt lat="36.7679793" lon="126.9767502">
<ele>16.666</ele>
<time>2024-07-15T11:50:17Z</time>
<extensions>
<gpxtpx:TrackPointExtension>
<gpxtpx:hr>170</gpxtpx:hr>
</gpxtpx:TrackPointExtension>
</extensions>
</trkpt>
<trkpt lat="36.7679577" lon="126.9767393">
<ele>16.525</ele>
<time>2024-07-15T11:50:18Z</time>
<extensions>
<gpxtpx:TrackPointExtension>
<gpxtpx:hr>170</gpxtpx:hr>
</gpxtpx:TrackPointExtension>
</extensions>
</trkpt>
<trkpt lat="36.7679356" lon="126.9767277">
<ele>16.478</ele>
<time>2024-07-15T11:50:19Z</time>
<extensions>
<gpxtpx:TrackPointExtension>
<gpxtpx:hr>170</gpxtpx:hr>
</gpxtpx:TrackPointExtension>
</extensions>
</trkpt>
<trkpt lat="36.7679138" lon="126.9767147">
<ele>16.6</ele>
<time>2024-07-15T11:50:20Z</time>
<extensions>
<gpxtpx:TrackPointExtension>
<gpxtpx:hr>170</gpxtpx:hr>
</gpxtpx:TrackPointExtension>
</extensions>
</trkpt>
<trkpt lat="36.7678914" lon="126.9767015">
<ele>16.536</ele>
<time>2024-07-15T11:50:21Z</time>
<extensions>
<gpxtpx:TrackPointExtension>
<gpxtpx:hr>170</gpxtpx:hr>
</gpxtpx:TrackPointExtension>
</extensions>
</trkpt>
<trkpt lat="36.7678679" lon="126.9766911">
<ele>16.485</ele>
<time>2024-07-15T11:50:22Z</time>
<extensions>
<gpxtpx:TrackPointExtension>
<gpxtpx:hr>171</gpxtpx:hr>
<gpxtpx:cad>156</gpxtpx:cad>
</gpxtpx:TrackPointExtension>
</extensions>
</trkpt>
<trkpt lat="36.7678444" lon="126.9766821">
<ele>16.741</ele>
<time>2024-07-15T11:50:23Z</time>
<extensions>
<gpxtpx:TrackPointExtension>
<gpxtpx:hr>171</gpxtpx:hr>
</gpxtpx:TrackPointExtension>
</extensions>
</trkpt>
<trkpt lat="36.7678198" lon="126.9766732">
<ele>16.685</ele>
<time>2024-07-15T11:50:24Z</time>
<extensions>
<gpxtpx:TrackPointExtension>
<gpxtpx:hr>171</gpxtpx:hr>
</gpxtpx:TrackPointExtension>
</extensions>
</trkpt>
<trkpt lat="36.7677933" lon="126.9766648">
<ele>16.625</ele>
<time>2024-07-15T11:50:25Z</time>
<extensions>
<gpxtpx:TrackPointExtension>
<gpxtpx:hr>171</gpxtpx:hr>
</gpxtpx:TrackPointExtension>
</extensions>
</trkpt>
<trkpt lat="36.7677641" lon="126.9766572">
<ele>16.705</ele>
<time>2024-07-15T11:50:26Z</time>
<extensions>
<gpxtpx:TrackPointExtension>
<gpxtpx:hr>171</gpxtpx:hr>
</gpxtpx:TrackPointExtension>
</extensions>
</trkpt>
<trkpt lat="36.7677351" lon="126.9766508">
<ele>16.525</ele>
<time>2024-07-15T11:50:27Z</time>
<extensions>
<gpxtpx:TrackPointExtension>
<gpxtpx:hr>171</gpxtpx:hr>
</gpxtpx:TrackPointExtension>
</extensions>
</trkpt>
<trkpt lat="36.7677059" lon="126.9766452">
<ele>16.501</ele>
<time>2024-07-15T11:50:28Z</time>
<extensions>
<gpxtpx:TrackPointExtension>
<gpxtpx:hr>171</gpxtpx:hr>
</gpxtpx:TrackPointExtension>
</extensions>
</trkpt>
<trkpt lat="36.7676775" lon="126.9766395">
<ele>16.64</ele>
<time>2024-07-15T11:50:29Z</time>
<extensions>
<gpxtpx:TrackPointExtension>
<gpxtpx:hr>171</gpxtpx:hr>
</gpxtpx:TrackPointExtension>
</extensions>
</trkpt>
<trkpt lat="36.7676509" lon="126.976631">
<ele>16.572</ele>
<time>2024-07-15T11:50:30Z</time>
<extensions>
<gpxtpx:TrackPointExtension>
<gpxtpx:hr>171</gpxtpx:hr>
</gpxtpx:TrackPointExtension>
</extensions>
</trkpt>
<trkpt lat="36.7676257" lon="126.9766203">
<ele>16.595</ele>
<time>2024-07-15T11:50:31Z</time>
<extensions>
<gpxtpx:TrackPointExtension>
<gpxtpx:hr>171</gpxtpx:hr>
</gpxtpx:TrackPointExtension>
</extensions>
</trkpt>
<trkpt lat="36.7676019" lon="126.9766068">
<ele>16.669</ele>
<time>2024-07-15T11:50:32Z</time>
<extensions>
<gpxtpx:TrackPointExtension>
<gpxtpx:hr>171</gpxtpx:hr>
<gpxtpx:cad>158</gpxtpx:cad>
</gpxtpx:TrackPointExtension>
</extensions>
</trkpt>
<trkpt lat="36.7675788" lon="126.9765946">
<ele>16.607</ele>
<time>2024-07-15T11:50:33Z</time>
<extensions>
<gpxtpx:TrackPointExtension>
<gpxtpx:hr>171</gpxtpx:hr>
</gpxtpx:TrackPointExtension>
</extensions>
</trkpt>
<trkpt lat="36.767556" lon="126.9765841">
<ele>16.561</ele>
<time>2024-07-15T11:50:34Z</time>
<extensions>
<gpxtpx:TrackPointExtension>
<gpxtpx:hr>171</gpxtpx:hr>
</gpxtpx:TrackPointExtension>
</extensions>
</trkpt>
<trkpt lat="36.7675334" lon="126.9765762">
<ele>16.699</ele>
<time>2024-07-15T11:50:35Z</time>
<extensions>
<gpxtpx:TrackPointExtension>
<gpxtpx:hr>171</gpxtpx:hr>
</gpxtpx:TrackPointExtension>
</extensions>
</trkpt>
<trkpt lat="36.7675102" lon="126.9765692">
<ele>16.622</ele>
<time>2024-07-15T11:50:36Z</time>
<extensions>
<gpxtpx:TrackPointExtension>
<gpxtpx:hr>171</gpxtpx:hr>
</gpxtpx:TrackPointExtension>
</extensions>
</trkpt>
<trkpt lat="36.7674853" lon="126.9765613">
<ele>16.494</ele>
<time>2024-07-15T11:50:37Z</time>
<extensions>
<gpxtpx:TrackPointExtension>
<gpxtpx:hr>171</gpxtpx:hr>
</gpxtpx:TrackPointExtension>
</extensions>
</trkpt>
<trkpt lat="36.7674612" lon="126.9765529">
<ele>16.564</ele>
<time>2024-07-15T11:50:38Z</time>
<extensions>
<gpxtpx:TrackPointExtension>
<gpxtpx:hr>171</gpxtpx:hr>
</gpxtpx:TrackPointExtension>
</extensions>
</trkpt>
<trkpt lat="36.7674381" lon="126.9765447">
<ele>16.585</ele>
<time>2024-07-15T11:50:39Z</time>
<extensions>
<gpxtpx:TrackPointExtension>
<gpxtpx:hr>171</gpxtpx:hr>
</gpxtpx:TrackPointExtension>
</extensions>
</trkpt>
<trkpt lat="36.7674145" lon="126.9765367">
<ele>16.561</ele>
<time>2024-07-15T11:50:40Z</time>
<extensions>
<gpxtpx:TrackPointExtension>
<gpxtpx:hr>171</gpxtpx:hr>
</gpxtpx:TrackPointExtension>
</extensions>
</trkpt>
<trkpt lat="36.7673928" lon="126.9765288">
<ele>16.745</ele>
<time>2024-07-15T11:50:41Z</time>
<extensions>
<gpxtpx:TrackPointExtension>
<gpxtpx:hr>171</gpxtpx:hr>
</gpxtpx:TrackPointExtension>
</extensions>
</trkpt>
<trkpt lat="36.7673715" lon="126.9765206">
<ele>16.729</ele>
<time>2024-07-15T11:50:42Z</time>
<extensions>
<gpxtpx:TrackPointExtension>
<gpxtpx:hr>171</gpxtpx:hr>
<gpxtpx:cad>158</gpxtpx:cad>
</gpxtpx:TrackPointExtension>
</extensions>
</trkpt>
<trkpt lat="36.7673484" lon="126.976513">
<ele>16.759</ele>
<time>2024-07-15T11:50:43Z</time>
<extensions>
<gpxtpx:TrackPointExtension>
<gpxtpx:hr>171</gpxtpx:hr>
</gpxtpx:TrackPointExtension>
</extensions>
</trkpt>
<trkpt lat="36.7673246" lon="126.976504">
<ele>16.854</ele>
<time>2024-07-15T11:50:44Z</time>
<extensions>
<gpxtpx:TrackPointExtension>
<gpxtpx:hr>171</gpxtpx:hr>
</gpxtpx:TrackPointExtension>
</extensions>
</trkpt>
<trkpt lat="36.7672756" lon="126.9764713">
<ele>16.837</ele>
<time>2024-07-15T11:50:45Z</time>
<extensions>
<gpxtpx:TrackPointExtension>
<gpxtpx:hr>171</gpxtpx:hr>
</gpxtpx:TrackPointExtension>
</extensions>
</trkpt>
<trkpt lat="36.7672505" lon="126.976453">
<ele>16.805</ele>
<time>2024-07-15T11:50:46Z</time>
<extensions>
<gpxtpx:TrackPointExtension>
<gpxtpx:hr>171</gpxtpx:hr>
</gpxtpx:TrackPointExtension>
</extensions>
</trkpt>
<trkpt lat="36.7672245" lon="126.976435">
<ele>16.934</ele>
<time>2024-07-15T11:50:47Z</time>
<extensions>
<gpxtpx:TrackPointExtension>
<gpxtpx:hr>171</gpxtpx:hr>
</gpxtpx:TrackPointExtension>
</extensions>
</trkpt>
<trkpt lat="36.7671974" lon="126.9764172">
<ele>16.936</ele>
<time>2024-07-15T11:50:48Z</time>
<extensions>
<gpxtpx:TrackPointExtension>
<gpxtpx:hr>171</gpxtpx:hr>
</gpxtpx:TrackPointExtension>
</extensions>
</trkpt>
<trkpt lat="36.7671698" lon="126.9763998">
<ele>16.786</ele>
<time>2024-07-15T11:50:49Z</time>
<extensions>
<gpxtpx:TrackPointExtension>
<gpxtpx:hr>171</gpxtpx:hr>
</gpxtpx:TrackPointExtension>
</extensions>
</trkpt>
<trkpt lat="36.7671422" lon="126.9763821">
<ele>16.972</ele>
<time>2024-07-15T11:50:50Z</time>
<extensions>
<gpxtpx:TrackPointExtension>
<gpxtpx:hr>171</gpxtpx:hr>
<gpxtpx:cad>158</gpxtpx:cad>
</gpxtpx:TrackPointExtension>
</extensions>
</trkpt>
<trkpt lat="36.7671144" lon="126.9763649">
<ele>17.096</ele>
<time>2024-07-15T11:50:51Z</time>
<extensions>
<gpxtpx:TrackPointExtension>
<gpxtpx:hr>171</gpxtpx:hr>
</gpxtpx:TrackPointExtension>
</extensions>
</trkpt>
<trkpt lat="36.7670868" lon="126.9763492">
<ele>17.098</ele>
<time>2024-07-15T11:50:52Z</time>
<extensions>
<gpxtpx:TrackPointExtension>
<gpxtpx:hr>171</gpxtpx:hr>
<gpxtpx:cad>158</gpxtpx:cad>
</gpxtpx:TrackPointExtension>
</extensions>
</trkpt>
<trkpt lat="36.7670586" lon="126.976335">
<ele>17.212</ele>
<time>2024-07-15T11:50:53Z</time>
<extensions>
<gpxtpx:TrackPointExtension>
<gpxtpx:hr>172</gpxtpx:hr>
</gpxtpx:TrackPointExtension>
</extensions>
</trkpt>
<trkpt lat="36.7670297" lon="126.9763237">
<ele>17.372</ele>
<time>2024-07-15T11:50:54Z</time>
<extensions>
<gpxtpx:TrackPointExtension>
<gpxtpx:hr>172</gpxtpx:hr>
</gpxtpx:TrackPointExtension>
</extensions>
</trkpt>
<trkpt lat="36.7670017" lon="126.9763122">
<ele>17.282</ele>
<time>2024-07-15T11:50:55Z</time>
<extensions>
<gpxtpx:TrackPointExtension>
<gpxtpx:hr>172</gpxtpx:hr>
</gpxtpx:TrackPointExtension>
</extensions>
</trkpt>
<trkpt lat="36.7669745" lon="126.9763002">
<ele>17.252</ele>
<time>2024-07-15T11:50:56Z</time>
<extensions>
<gpxtpx:TrackPointExtension>
<gpxtpx:hr>172</gpxtpx:hr>
</gpxtpx:TrackPointExtension>
</extensions>
</trkpt>
<trkpt lat="36.7669478" lon="126.9762858">
<ele>17.344</ele>
<time>2024-07-15T11:50:57Z</time>
<extensions>
<gpxtpx:TrackPointExtension>
<gpxtpx:hr>172</gpxtpx:hr>
</gpxtpx:TrackPointExtension>
</extensions>
</trkpt>
<trkpt lat="36.7669222" lon="126.9762697">
<ele>17.357</ele>
<time>2024-07-15T11:50:58Z</time>
<extensions>
<gpxtpx:TrackPointExtension>
<gpxtpx:hr>173</gpxtpx:hr>
</gpxtpx:TrackPointExtension>
</extensions>
</trkpt>
<trkpt lat="36.7668984" lon="126.9762513">
<ele>17.463</ele>
<time>2024-07-15T11:50:59Z</time>
<extensions>
<gpxtpx:TrackPointExtension>
<gpxtpx:hr>173</gpxtpx:hr>
</gpxtpx:TrackPointExtension>
</extensions>
</trkpt>
<trkpt lat="36.7668748" lon="126.9762319">
<ele>17.546</ele>
<time>2024-07-15T11:51:00Z</time>
<extensions>
<gpxtpx:TrackPointExtension>
<gpxtpx:hr>173</gpxtpx:hr>
</gpxtpx:TrackPointExtension>
</extensions>
</trkpt>
<trkpt lat="36.7668541" lon="126.9762117">
<ele>17.325</ele>
<time>2024-07-15T11:51:01Z</time>
<extensions>
<gpxtpx:TrackPointExtension>
<gpxtpx:hr>173</gpxtpx:hr>
</gpxtpx:TrackPointExtension>
</extensions>
</trkpt>
<trkpt lat="36.7668342" lon="126.976191">
<ele>17.49</ele>
<time>2024-07-15T11:51:02Z</time>
<extensions>
<gpxtpx:TrackPointExtension>
<gpxtpx:hr>173</gpxtpx:hr>
<gpxtpx:cad>157</gpxtpx:cad>
</gpxtpx:TrackPointExtension>
</extensions>
</trkpt>
<trkpt lat="36.7668138" lon="126.9761708">
<ele>17.564</ele>
<time>2024-07-15T11:51:03Z</time>
<extensions>
<gpxtpx:TrackPointExtension>
<gpxtpx:hr>173</gpxtpx:hr>
</gpxtpx:TrackPointExtension>
</extensions>
</trkpt>
<trkpt lat="36.7667921" lon="126.9761516">
<ele>17.353</ele>
<time>2024-07-15T11:51:04Z</time>
<extensions>
<gpxtpx:TrackPointExtension>
<gpxtpx:hr>173</gpxtpx:hr>
</gpxtpx:TrackPointExtension>
</extensions>
</trkpt>
<trkpt lat="36.7667709" lon="126.9761329">
<ele>17.425</ele>
<time>2024-07-15T11:51:05Z</time>
<extensions>
<gpxtpx:TrackPointExtension>
<gpxtpx:hr>173</gpxtpx:hr>
</gpxtpx:TrackPointExtension>
</extensions>
</trkpt>
<trkpt lat="36.7667486" lon="126.976116">
<ele>17.431</ele>
<time>2024-07-15T11:51:06Z</time>
<extensions>
<gpxtpx:TrackPointExtension>
<gpxtpx:hr>173</gpxtpx:hr>
</gpxtpx:TrackPointExtension>
</extensions>
</trkpt>
<trkpt lat="36.7667239" lon="126.9761024">
<ele>17.287</ele>
<time>2024-07-15T11:51:07Z</time>
<extensions>
<gpxtpx:TrackPointExtension>
<gpxtpx:hr>173</gpxtpx:hr>
</gpxtpx:TrackPointExtension>
</extensions>
</trkpt>
<trkpt lat="36.7666972" lon="126.9760929">
<ele>17.388</ele>
<time>2024-07-15T11:51:08Z</time>
<extensions>
<gpxtpx:TrackPointExtension>
<gpxtpx:hr>173</gpxtpx:hr>
</gpxtpx:TrackPointExtension>
</extensions>
</trkpt>
<trkpt lat="36.76667" lon="126.976086">
<ele>17.352</ele>
<time>2024-07-15T11:51:09Z</time>
<extensions>
<gpxtpx:TrackPointExtension>
<gpxtpx:hr>172</gpxtpx:hr>
</gpxtpx:TrackPointExtension>
</extensions>
</trkpt>
<trkpt lat="36.7666433" lon="126.9760778">
<ele>17.197</ele>
<time>2024-07-15T11:51:10Z</time>
<extensions>
<gpxtpx:TrackPointExtension>
<gpxtpx:hr>172</gpxtpx:hr>
</gpxtpx:TrackPointExtension>
</extensions>
</trkpt>
<trkpt lat="36.7666183" lon="126.9760672">
<ele>17.229</ele>
<time>2024-07-15T11:51:11Z</time>
<extensions>
<gpxtpx:TrackPointExtension>
<gpxtpx:hr>172</gpxtpx:hr>
</gpxtpx:TrackPointExtension>
</extensions>
</trkpt>
<trkpt lat="36.7665973" lon="126.9760552">
<ele>17.24</ele>
<time>2024-07-15T11:51:12Z</time>
<extensions>
<gpxtpx:TrackPointExtension>
<gpxtpx:hr>172</gpxtpx:hr>
<gpxtpx:cad>160</gpxtpx:cad>
</gpxtpx:TrackPointExtension>
</extensions>
</trkpt>
<trkpt lat="36.7665796" lon="126.9760437">
<ele>17.053</ele>
<time>2024-07-15T11:51:13Z</time>
<extensions>
<gpxtpx:TrackPointExtension>
<gpxtpx:hr>172</gpxtpx:hr>
</gpxtpx:TrackPointExtension>
</extensions>
</trkpt>
<trkpt lat="36.7665649" lon="126.9760305">
<ele>17.103</ele>
<time>2024-07-15T11:51:14Z</time>
<extensions>
<gpxtpx:TrackPointExtension>
<gpxtpx:hr>172</gpxtpx:hr>
</gpxtpx:TrackPointExtension>
</extensions>
</trkpt>
<trkpt lat="36.7665479" lon="126.9760146">
<ele>17.04</ele>
<time>2024-07-15T11:51:15Z</time>
<extensions>
<gpxtpx:TrackPointExtension>
<gpxtpx:hr>172</gpxtpx:hr>
</gpxtpx:TrackPointExtension>
</extensions>
</trkpt>
<trkpt lat="36.7665288" lon="126.9759974">
<ele>17.043</ele>
<time>2024-07-15T11:51:16Z</time>
<extensions>
<gpxtpx:TrackPointExtension>
<gpxtpx:hr>172</gpxtpx:hr>
</gpxtpx:TrackPointExtension>
</extensions>
</trkpt>
<trkpt lat="36.766506" lon="126.9759809">
<ele>17.157</ele>
<time>2024-07-15T11:51:17Z</time>
<extensions>
<gpxtpx:TrackPointExtension>
<gpxtpx:hr>171</gpxtpx:hr>
</gpxtpx:TrackPointExtension>
</extensions>
</trkpt>
<trkpt lat="36.7664814" lon="126.9759681">
<ele>16.973</ele>
<time>2024-07-15T11:51:18Z</time>
<extensions>
<gpxtpx:TrackPointExtension>
<gpxtpx:hr>171</gpxtpx:hr>
</gpxtpx:TrackPointExtension>
</extensions>
</trkpt>
<trkpt lat="36.7664557" lon="126.9759529">
<ele>16.779</ele>
<time>2024-07-15T11:51:19Z</time>
<extensions>
<gpxtpx:TrackPointExtension>
<gpxtpx:hr>171</gpxtpx:hr>
</gpxtpx:TrackPointExtension>
</extensions>
</trkpt>
<trkpt lat="36.7664279" lon="126.975934">
<ele>16.874</ele>
<time>2024-07-15T11:51:20Z</time>
<extensions>
<gpxtpx:TrackPointExtension>
<gpxtpx:hr>171</gpxtpx:hr>
</gpxtpx:TrackPointExtension>
</extensions>
</trkpt>
<trkpt lat="36.7664016" lon="126.9759149">
<ele>16.815</ele>
<time>2024-07-15T11:51:21Z</time>
<extensions>
<gpxtpx:TrackPointExtension>
<gpxtpx:hr>171</gpxtpx:hr>
</gpxtpx:TrackPointExtension>
</extensions>
</trkpt>
<trkpt lat="36.7663811" lon="126.9758944">
<ele>16.747</ele>
<time>2024-07-15T11:51:22Z</time>
<extensions>
<gpxtpx:TrackPointExtension>
<gpxtpx:hr>171</gpxtpx:hr>
<gpxtpx:cad>160</gpxtpx:cad>
</gpxtpx:TrackPointExtension>
</extensions>
</trkpt>
<trkpt lat="36.7663679" lon="126.9758719">
<ele>16.856</ele>
<time>2024-07-15T11:51:23Z</time>
<extensions>
<gpxtpx:TrackPointExtension>
<gpxtpx:hr>171</gpxtpx:hr>
<gpxtpx:cad>160</gpxtpx:cad>
</gpxtpx:TrackPointExtension>
</extensions>
</trkpt>
<trkpt lat="36.7663616" lon="126.9758489">
<ele>16.675</ele>
<time>2024-07-15T11:51:24Z</time>
<extensions>
<gpxtpx:TrackPointExtension>
<gpxtpx:hr>170</gpxtpx:hr>
</gpxtpx:TrackPointExtension>
</extensions>
</trkpt>
<trkpt lat="36.7663575" lon="126.9758237">
<ele>16.707</ele>
<time>2024-07-15T11:51:25Z</time>
<extensions>
<gpxtpx:TrackPointExtension>
<gpxtpx:hr>170</gpxtpx:hr>
</gpxtpx:TrackPointExtension>
</extensions>
</trkpt>
<trkpt lat="36.7663548" lon="126.9758015">
<ele>16.855</ele>
<time>2024-07-15T11:51:26Z</time>
<extensions>
<gpxtpx:TrackPointExtension>
<gpxtpx:hr>170</gpxtpx:hr>
</gpxtpx:TrackPointExtension>
</extensions>
</trkpt>
<trkpt lat="36.7663517" lon="126.9757826">
<ele>16.62</ele>
<time>2024-07-15T11:51:27Z</time>
<extensions>
<gpxtpx:TrackPointExtension>
<gpxtpx:hr>170</gpxtpx:hr>
</gpxtpx:TrackPointExtension>
</extensions>
</trkpt>
<trkpt lat="36.7663478" lon="126.9757673">
<ele>16.736</ele>
<time>2024-07-15T11:51:28Z</time>
<extensions>
<gpxtpx:TrackPointExtension>
<gpxtpx:hr>171</gpxtpx:hr>
</gpxtpx:TrackPointExtension>
</extensions>
</trkpt>
<trkpt lat="36.7663371" lon="126.9757507">
<ele>16.722</ele>
<time>2024-07-15T11:51:29Z</time>
<extensions>
<gpxtpx:TrackPointExtension>
<gpxtpx:hr>171</gpxtpx:hr>
</gpxtpx:TrackPointExtension>
</extensions>
</trkpt>
<trkpt lat="36.7663198" lon="126.9757318">
<ele>16.412</ele>
<time>2024-07-15T11:51:30Z</time>
<extensions>
<gpxtpx:TrackPointExtension>
<gpxtpx:hr>171</gpxtpx:hr>
</gpxtpx:TrackPointExtension>
</extensions>
</trkpt>
<trkpt lat="36.7663015" lon="126.9757117">
<ele>16.493</ele>
<time>2024-07-15T11:51:31Z</time>
<extensions>
<gpxtpx:TrackPointExtension>
<gpxtpx:hr>171</gpxtpx:hr>
</gpxtpx:TrackPointExtension>
</extensions>
</trkpt>
<trkpt lat="36.766285" lon="126.9756896">
<ele>16.516</ele>
<time>2024-07-15T11:51:32Z</time>
<extensions>
<gpxtpx:TrackPointExtension>
<gpxtpx:hr>171</gpxtpx:hr>
<gpxtpx:cad>160</gpxtpx:cad>
</gpxtpx:TrackPointExtension>
</extensions>
</trkpt>
<trkpt lat="36.7662721" lon="126.9756666">
<ele>16.414</ele>
<time>2024-07-15T11:51:33Z</time>
<extensions>
<gpxtpx:TrackPointExtension>
<gpxtpx:hr>172</gpxtpx:hr>
</gpxtpx:TrackPointExtension>
</extensions>
</trkpt>
<trkpt lat="36.766261" lon="126.9756414">
<ele>16.5</ele>
<time>2024-07-15T11:51:34Z</time>
<extensions>
<gpxtpx:TrackPointExtension>
<gpxtpx:hr>172</gpxtpx:hr>
</gpxtpx:TrackPointExtension>
</extensions>
</trkpt>
<trkpt lat="36.7662501" lon="126.9756166">
<ele>16.425</ele>
<time>2024-07-15T11:51:35Z</time>
<extensions>
<gpxtpx:TrackPointExtension>
<gpxtpx:hr>172</gpxtpx:hr>
</gpxtpx:TrackPointExtension>
</extensions>
</trkpt>
<trkpt lat="36.766239" lon="126.9755908">
<ele>16.326</ele>
<time>2024-07-15T11:51:36Z</time>
<extensions>
<gpxtpx:TrackPointExtension>
<gpxtpx:hr>173</gpxtpx:hr>
</gpxtpx:TrackPointExtension>
</extensions>
</trkpt>
<trkpt lat="36.7662266" lon="126.9755618">
<ele>16.534</ele>
<time>2024-07-15T11:51:37Z</time>
<extensions>
<gpxtpx:TrackPointExtension>
<gpxtpx:hr>173</gpxtpx:hr>
</gpxtpx:TrackPointExtension>
</extensions>
</trkpt>
<trkpt lat="36.7662115" lon="126.9755316">
<ele>16.533</ele>
<time>2024-07-15T11:51:38Z</time>
<extensions>
<gpxtpx:TrackPointExtension>
<gpxtpx:hr>173</gpxtpx:hr>
</gpxtpx:TrackPointExtension>
</extensions>
</trkpt>
<trkpt lat="36.7661936" lon="126.9755011">
<ele>16.412</ele>
<time>2024-07-15T11:51:39Z</time>
<extensions>
<gpxtpx:TrackPointExtension>
<gpxtpx:hr>173</gpxtpx:hr>
</gpxtpx:TrackPointExtension>
</extensions>
</trkpt>
<trkpt lat="36.7661733" lon="126.9754715">
<ele>16.585</ele>
<time>2024-07-15T11:51:40Z</time>
<extensions>
<gpxtpx:TrackPointExtension>
<gpxtpx:hr>173</gpxtpx:hr>
</gpxtpx:TrackPointExtension>
</extensions>
</trkpt>
<trkpt lat="36.7661517" lon="126.9754434">
<ele>16.444</ele>
<time>2024-07-15T11:51:41Z</time>
<extensions>
<gpxtpx:TrackPointExtension>
<gpxtpx:hr>173</gpxtpx:hr>
</gpxtpx:TrackPointExtension>
</extensions>
</trkpt>
<trkpt lat="36.7661297" lon="126.9754164">
<ele>16.463</ele>
<time>2024-07-15T11:51:42Z</time>
<extensions>
<gpxtpx:TrackPointExtension>
<gpxtpx:hr>173</gpxtpx:hr>
<gpxtpx:cad>160</gpxtpx:cad>
</gpxtpx:TrackPointExtension>
</extensions>
</trkpt>
<trkpt lat="36.7661082" lon="126.9753912">
<ele>16.513</ele>
<time>2024-07-15T11:51:43Z</time>
<extensions>
<gpxtpx:TrackPointExtension>
<gpxtpx:hr>173</gpxtpx:hr>
</gpxtpx:TrackPointExtension>
</extensions>
</trkpt>
<trkpt lat="36.7660864" lon="126.9753681">
<ele>16.571</ele>
<time>2024-07-15T11:51:44Z</time>
<extensions>
<gpxtpx:TrackPointExtension>
<gpxtpx:hr>173</gpxtpx:hr>
</gpxtpx:TrackPointExtension>
</extensions>
</trkpt>
<trkpt lat="36.7660626" lon="126.9753461">
<ele>16.525</ele>
<time>2024-07-15T11:51:45Z</time>
<extensions>
<gpxtpx:TrackPointExtension>
<gpxtpx:hr>173</gpxtpx:hr>
</gpxtpx:TrackPointExtension>
</extensions>
</trkpt>
<trkpt lat="36.7660366" lon="126.9753253">
<ele>16.55</ele>
<time>2024-07-15T11:51:46Z</time>
<extensions>
<gpxtpx:TrackPointExtension>
<gpxtpx:hr>173</gpxtpx:hr>
</gpxtpx:TrackPointExtension>
</extensions>
</trkpt>
<trkpt lat="36.7660095" lon="126.9753074">
<ele>16.57</ele>
<time>2024-07-15T11:51:47Z</time>
<extensions>
<gpxtpx:TrackPointExtension>
<gpxtpx:hr>173</gpxtpx:hr>
</gpxtpx:TrackPointExtension>
</extensions>
</trkpt>
<trkpt lat="36.7659854" lon="126.975291">
<ele>16.563</ele>
<time>2024-07-15T11:51:48Z</time>
</trkpt>
<trkpt lat="36.7659591" lon="126.9752773">
<ele>16.807</ele>
<time>2024-07-15T11:51:49Z</time>
<extensions>
<gpxtpx:TrackPointExtension>
<gpxtpx:hr>172</gpxtpx:hr>
</gpxtpx:TrackPointExtension>
</extensions>
</trkpt>
<trkpt lat="36.7659346" lon="126.9752668">
<ele>16.857</ele>
<time>2024-07-15T11:51:50Z</time>
<extensions>
<gpxtpx:TrackPointExtension>
<gpxtpx:hr>172</gpxtpx:hr>
</gpxtpx:TrackPointExtension>
</extensions>
</trkpt>
<trkpt lat="36.7659072" lon="126.975258">
<ele>16.739</ele>
<time>2024-07-15T11:51:51Z</time>
<extensions>
<gpxtpx:TrackPointExtension>
<gpxtpx:hr>172</gpxtpx:hr>
</gpxtpx:TrackPointExtension>
</extensions>
</trkpt>
<trkpt lat="36.7658782" lon="126.9752536">
<ele>16.791</ele>
<time>2024-07-15T11:51:52Z</time>
<extensions>
<gpxtpx:TrackPointExtension>
<gpxtpx:hr>172</gpxtpx:hr>
<gpxtpx:cad>158</gpxtpx:cad>
</gpxtpx:TrackPointExtension>
</extensions>
</trkpt>
<trkpt lat="36.765845" lon="126.9752558">
<ele>16.904</ele>
<time>2024-07-15T11:51:53Z</time>
<extensions>
<gpxtpx:TrackPointExtension>
<gpxtpx:hr>172</gpxtpx:hr>
</gpxtpx:TrackPointExtension>
</extensions>
</trkpt>
<trkpt lat="36.7658017" lon="126.9752569">
<ele>16.805</ele>
<time>2024-07-15T11:51:54Z</time>
<extensions>
<gpxtpx:TrackPointExtension>
<gpxtpx:hr>172</gpxtpx:hr>
</gpxtpx:TrackPointExtension>
</extensions>
</trkpt>
<trkpt lat="36.7657561" lon="126.9752572">
<ele>16.751</ele>
<time>2024-07-15T11:51:55Z</time>
<extensions>
<gpxtpx:TrackPointExtension>
<gpxtpx:hr>172</gpxtpx:hr>
</gpxtpx:TrackPointExtension>
</extensions>
</trkpt>
<trkpt lat="36.7657137" lon="126.9752532">
<ele>16.862</ele>
<time>2024-07-15T11:51:56Z</time>
<extensions>
<gpxtpx:TrackPointExtension>
<gpxtpx:hr>172</gpxtpx:hr>
<gpxtpx:cad>158</gpxtpx:cad>
</gpxtpx:TrackPointExtension>
</extensions>
</trkpt>
<trkpt lat="36.7656806" lon="126.9752428">
<ele>16.452</ele>
<time>2024-07-15T11:51:57Z</time>
<extensions>
<gpxtpx:TrackPointExtension>
<gpxtpx:hr>173</gpxtpx:hr>
</gpxtpx:TrackPointExtension>
</extensions>
</trkpt>
<trkpt lat="36.7656562" lon="126.9752248">
<ele>16.672</ele>
<time>2024-07-15T11:51:58Z</time>
<extensions>
<gpxtpx:TrackPointExtension>
<gpxtpx:hr>173</gpxtpx:hr>
</gpxtpx:TrackPointExtension>
</extensions>
</trkpt>
<trkpt lat="36.7656339" lon="126.9752037">
<ele>16.873</ele>
<time>2024-07-15T11:51:59Z</time>
<extensions>
<gpxtpx:TrackPointExtension>
<gpxtpx:hr>173</gpxtpx:hr>
</gpxtpx:TrackPointExtension>
</extensions>
</trkpt>
<trkpt lat="36.7656153" lon="126.9751807">
<ele>16.931</ele>
<time>2024-07-15T11:52:00Z</time>
<extensions>
<gpxtpx:TrackPointExtension>
<gpxtpx:hr>173</gpxtpx:hr>
</gpxtpx:TrackPointExtension>
</extensions>
</trkpt>
<trkpt lat="36.7655971" lon="126.975157">
<ele>16.981</ele>
<time>2024-07-15T11:52:01Z</time>
<extensions>
<gpxtpx:TrackPointExtension>
<gpxtpx:hr>173</gpxtpx:hr>
</gpxtpx:TrackPointExtension>
</extensions>
</trkpt>
<trkpt lat="36.7655785" lon="126.9751341">
<ele>17.081</ele>
<time>2024-07-15T11:52:02Z</time>
<extensions>
<gpxtpx:TrackPointExtension>
<gpxtpx:hr>172</gpxtpx:hr>
<gpxtpx:cad>156</gpxtpx:cad>
</gpxtpx:TrackPointExtension>
</extensions>
</trkpt>
<trkpt lat="36.7655573" lon="126.9751083">
<ele>17.091</ele>
<time>2024-07-15T11:52:03Z</time>
<extensions>
<gpxtpx:TrackPointExtension>
<gpxtpx:hr>172</gpxtpx:hr>
</gpxtpx:TrackPointExtension>
</extensions>
</trkpt>
<trkpt lat="36.7655326" lon="126.9750809">
<ele>17.089</ele>
<time>2024-07-15T11:52:04Z</time>
<extensions>
<gpxtpx:TrackPointExtension>
<gpxtpx:hr>172</gpxtpx:hr>
</gpxtpx:TrackPointExtension>
</extensions>
</trkpt>
<trkpt lat="36.7655052" lon="126.9750581">
<ele>17.197</ele>
<time>2024-07-15T11:52:05Z</time>
</trkpt>
<trkpt lat="36.7654791" lon="126.9750343">
<ele>17.194</ele>
<time>2024-07-15T11:52:06Z</time>
<extensions>
<gpxtpx:TrackPointExtension>
<gpxtpx:hr>172</gpxtpx:hr>
</gpxtpx:TrackPointExtension>
</extensions>
</trkpt>
<trkpt lat="36.7654539" lon="126.975012">
<ele>17.209</ele>
<time>2024-07-15T11:52:07Z</time>
<extensions>
<gpxtpx:TrackPointExtension>
<gpxtpx:hr>172</gpxtpx:hr>
</gpxtpx:TrackPointExtension>
</extensions>
</trkpt>
<trkpt lat="36.7654241" lon="126.9749978">
<ele>17.316</ele>
<time>2024-07-15T11:52:08Z</time>
<extensions>
<gpxtpx:TrackPointExtension>
<gpxtpx:hr>172</gpxtpx:hr>
</gpxtpx:TrackPointExtension>
</extensions>
</trkpt>
<trkpt lat="36.7653903" lon="126.9749897">
<ele>17.258</ele>
<time>2024-07-15T11:52:09Z</time>
<extensions>
<gpxtpx:TrackPointExtension>
<gpxtpx:hr>172</gpxtpx:hr>
</gpxtpx:TrackPointExtension>
</extensions>
</trkpt>
<trkpt lat="36.7653562" lon="126.974983">
<ele>17.188</ele>
<time>2024-07-15T11:52:10Z</time>
<extensions>
<gpxtpx:TrackPointExtension>
<gpxtpx:hr>172</gpxtpx:hr>
</gpxtpx:TrackPointExtension>
</extensions>
</trkpt>
<trkpt lat="36.7653279" lon="126.9749721">
<ele>17.294</ele>
<time>2024-07-15T11:52:11Z</time>
<extensions>
<gpxtpx:TrackPointExtension>
<gpxtpx:hr>172</gpxtpx:hr>
</gpxtpx:TrackPointExtension>
</extensions>
</trkpt>
<trkpt lat="36.7653079" lon="126.9749585">
<ele>17.298</ele>
<time>2024-07-15T11:52:12Z</time>
<extensions>
<gpxtpx:TrackPointExtension>
<gpxtpx:hr>172</gpxtpx:hr>
<gpxtpx:cad>158</gpxtpx:cad>
</gpxtpx:TrackPointExtension>
</extensions>
</trkpt>
<trkpt lat="36.7652973" lon="126.9749438">
<ele>17.302</ele>
<time>2024-07-15T11:52:14Z</time>
<extensions>
<gpxtpx:TrackPointExtension>
<gpxtpx:hr>173</gpxtpx:hr>
</gpxtpx:TrackPointExtension>
</extensions>
</trkpt>
<trkpt lat="36.7652912" lon="126.9749252">
<ele>17.386</ele>
<time>2024-07-15T11:52:15Z</time>
<extensions>
<gpxtpx:TrackPointExtension>
<gpxtpx:hr>173</gpxtpx:hr>
</gpxtpx:TrackPointExtension>
</extensions>
</trkpt>
<trkpt lat="36.7652874" lon="126.9749027">
<ele>17.335</ele>
<time>2024-07-15T11:52:16Z</time>
<extensions>
<gpxtpx:TrackPointExtension>
<gpxtpx:hr>173</gpxtpx:hr>
</gpxtpx:TrackPointExtension>
</extensions>
</trkpt>
<trkpt lat="36.7652849" lon="126.9748722">
<ele>17.308</ele>
<time>2024-07-15T11:52:17Z</time>
<extensions>
<gpxtpx:TrackPointExtension>
<gpxtpx:hr>173</gpxtpx:hr>
</gpxtpx:TrackPointExtension>
</extensions>
</trkpt>
<trkpt lat="36.7652877" lon="126.9748352">
<ele>17.415</ele>
<time>2024-07-15T11:52:18Z</time>
<extensions>
<gpxtpx:TrackPointExtension>
<gpxtpx:hr>173</gpxtpx:hr>
</gpxtpx:TrackPointExtension>
</extensions>
</trkpt>
<trkpt lat="36.7652938" lon="126.9748">
<ele>17.281</ele>
<time>2024-07-15T11:52:19Z</time>
<extensions>
<gpxtpx:TrackPointExtension>
<gpxtpx:hr>173</gpxtpx:hr>
</gpxtpx:TrackPointExtension>
</extensions>
</trkpt>
<trkpt lat="36.7653014" lon="126.9747699">
<ele>17.243</ele>
<time>2024-07-15T11:52:20Z</time>
<extensions>
<gpxtpx:TrackPointExtension>
<gpxtpx:hr>173</gpxtpx:hr>
</gpxtpx:TrackPointExtension>
</extensions>
</trkpt>
<trkpt lat="36.7653036" lon="126.9747418">
<ele>17.35</ele>
<time>2024-07-15T11:52:21Z</time>
<extensions>
<gpxtpx:TrackPointExtension>
<gpxtpx:hr>173</gpxtpx:hr>
</gpxtpx:TrackPointExtension>
</extensions>
</trkpt>
<trkpt lat="36.7653047" lon="126.9747112">
<ele>17.084</ele>
<time>2024-07-15T11:52:22Z</time>
<extensions>
<gpxtpx:TrackPointExtension>
<gpxtpx:hr>173</gpxtpx:hr>
</gpxtpx:TrackPointExtension>
</extensions>
</trkpt>
<trkpt lat="36.7653033" lon="126.9746784">
<ele>17.07</ele>
<time>2024-07-15T11:52:23Z</time>
<extensions>
<gpxtpx:TrackPointExtension>
<gpxtpx:hr>173</gpxtpx:hr>
<gpxtpx:cad>159</gpxtpx:cad>
</gpxtpx:TrackPointExtension>
</extensions>
</trkpt>
<trkpt lat="36.7653005" lon="126.9746468">
<ele>17.184</ele>
<time>2024-07-15T11:52:24Z</time>
<extensions>
<gpxtpx:TrackPointExtension>
<gpxtpx:hr>173</gpxtpx:hr>
</gpxtpx:TrackPointExtension>
</extensions>
</trkpt>
<trkpt lat="36.7653003" lon="126.9746171">
<ele>16.974</ele>
<time>2024-07-15T11:52:25Z</time>
<extensions>
<gpxtpx:TrackPointExtension>
<gpxtpx:hr>173</gpxtpx:hr>
</gpxtpx:TrackPointExtension>
</extensions>
</trkpt>
<trkpt lat="36.7653032" lon="126.9745874">
<ele>16.972</ele>
<time>2024-07-15T11:52:26Z</time>
<extensions>
<gpxtpx:TrackPointExtension>
<gpxtpx:hr>173</gpxtpx:hr>
</gpxtpx:TrackPointExtension>
</extensions>
</trkpt>
<trkpt lat="36.7653048" lon="126.9745582">
<ele>16.843</ele>
<time>2024-07-15T11:52:27Z</time>
<extensions>
<gpxtpx:TrackPointExtension>
<gpxtpx:hr>173</gpxtpx:hr>
</gpxtpx:TrackPointExtension>
</extensions>
</trkpt>
<trkpt lat="36.7653077" lon="126.974531">
<ele>16.841</ele>
<time>2024-07-15T11:52:28Z</time>
<extensions>
<gpxtpx:TrackPointExtension>
<gpxtpx:hr>173</gpxtpx:hr>
</gpxtpx:TrackPointExtension>
</extensions>
</trkpt>
<trkpt lat="36.7653104" lon="126.974504">
<ele>16.955</ele>
<time>2024-07-15T11:52:29Z</time>
<extensions>
<gpxtpx:TrackPointExtension>
<gpxtpx:hr>173</gpxtpx:hr>
</gpxtpx:TrackPointExtension>
</extensions>
</trkpt>
<trkpt lat="36.7653104" lon="126.9744754">
<ele>16.966</ele>
<time>2024-07-15T11:52:30Z</time>
<extensions>
<gpxtpx:TrackPointExtension>
<gpxtpx:hr>173</gpxtpx:hr>
</gpxtpx:TrackPointExtension>
</extensions>
</trkpt>
<trkpt lat="36.7653089" lon="126.9744461">
<ele>16.911</ele>
<time>2024-07-15T11:52:31Z</time>
<extensions>
<gpxtpx:TrackPointExtension>
<gpxtpx:hr>173</gpxtpx:hr>
<gpxtpx:cad>159</gpxtpx:cad>
</gpxtpx:TrackPointExtension>
</extensions>
</trkpt>
<trkpt lat="36.7653068" lon="126.9744172">
<ele>17.052</ele>
<time>2024-07-15T11:52:32Z</time>
<extensions>
<gpxtpx:TrackPointExtension>
<gpxtpx:hr>173</gpxtpx:hr>
<gpxtpx:cad>159</gpxtpx:cad>
</gpxtpx:TrackPointExtension>
</extensions>
</trkpt>
<trkpt lat="36.7653041" lon="126.9743898">
<ele>16.987</ele>
<time>2024-07-15T11:52:33Z</time>
<extensions>
<gpxtpx:TrackPointExtension>
<gpxtpx:hr>173</gpxtpx:hr>
</gpxtpx:TrackPointExtension>
</extensions>
</trkpt>
<trkpt lat="36.7652983" lon="126.9743598">
<ele>16.93</ele>
<time>2024-07-15T11:52:34Z</time>
<extensions>
<gpxtpx:TrackPointExtension>
<gpxtpx:hr>173</gpxtpx:hr>
</gpxtpx:TrackPointExtension>
</extensions>
</trkpt>
<trkpt lat="36.7652903" lon="126.9743292">
<ele>16.903</ele>
<time>2024-07-15T11:52:35Z</time>
<extensions>
<gpxtpx:TrackPointExtension>
<gpxtpx:hr>174</gpxtpx:hr>
</gpxtpx:TrackPointExtension>
</extensions>
</trkpt>
<trkpt lat="36.7652788" lon="126.9742977">
<ele>16.903</ele>
<time>2024-07-15T11:52:36Z</time>
<extensions>
<gpxtpx:TrackPointExtension>
<gpxtpx:hr>174</gpxtpx:hr>
</gpxtpx:TrackPointExtension>
</extensions>
</trkpt>
<trkpt lat="36.7652649" lon="126.9742666">
<ele>16.862</ele>
<time>2024-07-15T11:52:37Z</time>
<extensions>
<gpxtpx:TrackPointExtension>
<gpxtpx:hr>174</gpxtpx:hr>
</gpxtpx:TrackPointExtension>
</extensions>
</trkpt>
<trkpt lat="36.7652496" lon="126.974235">
<ele>16.814</ele>
<time>2024-07-15T11:52:38Z</time>
<extensions>
<gpxtpx:TrackPointExtension>
<gpxtpx:hr>174</gpxtpx:hr>
</gpxtpx:TrackPointExtension>
</extensions>
</trkpt>
<trkpt lat="36.7652356" lon="126.9742018">
<ele>16.96</ele>
<time>2024-07-15T11:52:39Z</time>
<extensions>
<gpxtpx:TrackPointExtension>
<gpxtpx:hr>174</gpxtpx:hr>
</gpxtpx:TrackPointExtension>
</extensions>
</trkpt>
<trkpt lat="36.7652231" lon="126.9741722">
<ele>16.875</ele>
<time>2024-07-15T11:52:40Z</time>
<extensions>
<gpxtpx:TrackPointExtension>
<gpxtpx:hr>174</gpxtpx:hr>
</gpxtpx:TrackPointExtension>
</extensions>
</trkpt>
<trkpt lat="36.7652117" lon="126.9741471">
<ele>17.07</ele>
<time>2024-07-15T11:52:41Z</time>
<extensions>
<gpxtpx:TrackPointExtension>
<gpxtpx:hr>174</gpxtpx:hr>
</gpxtpx:TrackPointExtension>
</extensions>
</trkpt>
<trkpt lat="36.7651973" lon="126.9741252">
<ele>16.947</ele>
<time>2024-07-15T11:52:42Z</time>
<extensions>
<gpxtpx:TrackPointExtension>
<gpxtpx:hr>174</gpxtpx:hr>
<gpxtpx:cad>160</gpxtpx:cad>
</gpxtpx:TrackPointExtension>
</extensions>
</trkpt>
<trkpt lat="36.7651808" lon="126.9741036">
<ele>16.832</ele>
<time>2024-07-15T11:52:43Z</time>
<extensions>
<gpxtpx:TrackPointExtension>
<gpxtpx:hr>174</gpxtpx:hr>
</gpxtpx:TrackPointExtension>
</extensions>
</trkpt>
<trkpt lat="36.765161" lon="126.9740852">
<ele>16.961</ele>
<time>2024-07-15T11:52:44Z</time>
<extensions>
<gpxtpx:TrackPointExtension>
<gpxtpx:hr>174</gpxtpx:hr>
</gpxtpx:TrackPointExtension>
</extensions>
</trkpt>
<trkpt lat="36.7651407" lon="126.9740683">
<ele>16.904</ele>
<time>2024-07-15T11:52:45Z</time>
<extensions>
<gpxtpx:TrackPointExtension>
<gpxtpx:hr>174</gpxtpx:hr>
</gpxtpx:TrackPointExtension>
</extensions>
</trkpt>
<trkpt lat="36.7651193" lon="126.9740542">
<ele>16.862</ele>
<time>2024-07-15T11:52:46Z</time>
<extensions>
<gpxtpx:TrackPointExtension>
<gpxtpx:hr>174</gpxtpx:hr>
</gpxtpx:TrackPointExtension>
</extensions>
</trkpt>
<trkpt lat="36.7650984" lon="126.9740446">
<ele>17.006</ele>
<time>2024-07-15T11:52:47Z</time>
<extensions>
<gpxtpx:TrackPointExtension>
<gpxtpx:hr>174</gpxtpx:hr>
</gpxtpx:TrackPointExtension>
</extensions>
</trkpt>
<trkpt lat="36.7650766" lon="126.9740375">
<ele>16.98</ele>
<time>2024-07-15T11:52:48Z</time>
<extensions>
<gpxtpx:TrackPointExtension>
<gpxtpx:hr>173</gpxtpx:hr>
</gpxtpx:TrackPointExtension>
</extensions>
</trkpt>
<trkpt lat="36.7650552" lon="126.9740339">
<ele>16.813</ele>
<time>2024-07-15T11:52:49Z</time>
<extensions>
<gpxtpx:TrackPointExtension>
<gpxtpx:hr>173</gpxtpx:hr>
</gpxtpx:TrackPointExtension>
</extensions>
</trkpt>
<trkpt lat="36.7650376" lon="126.9740329">
<ele>16.92</ele>
<time>2024-07-15T11:52:50Z</time>
<extensions>
<gpxtpx:TrackPointExtension>
<gpxtpx:hr>173</gpxtpx:hr>
</gpxtpx:TrackPointExtension>
</extensions>
</trkpt>
<trkpt lat="36.7650235" lon="126.9740322">
<ele>16.879</ele>
<time>2024-07-15T11:52:51Z</time>
<extensions>
<gpxtpx:TrackPointExtension>
<gpxtpx:hr>173</gpxtpx:hr>
</gpxtpx:TrackPointExtension>
</extensions>
</trkpt>
<trkpt lat="36.7650121" lon="126.9740318">
<ele>16.84</ele>
<time>2024-07-15T11:52:52Z</time>
<extensions>
<gpxtpx:TrackPointExtension>
<gpxtpx:hr>173</gpxtpx:hr>
<gpxtpx:cad>158</gpxtpx:cad>
</gpxtpx:TrackPointExtension>
</extensions>
</trkpt>
<trkpt lat="36.7650014" lon="126.9740277">
<ele>16.875</ele>
<time>2024-07-15T11:52:53Z</time>
<extensions>
<gpxtpx:TrackPointExtension>
<gpxtpx:hr>173</gpxtpx:hr>
</gpxtpx:TrackPointExtension>
</extensions>
</trkpt>
<trkpt lat="36.7649875" lon="126.9740215">
<ele>16.961</ele>
<time>2024-07-15T11:52:54Z</time>
<extensions>
<gpxtpx:TrackPointExtension>
<gpxtpx:hr>173</gpxtpx:hr>
</gpxtpx:TrackPointExtension>
</extensions>
</trkpt>
<trkpt lat="36.7649718" lon="126.9740117">
<ele>16.986</ele>
<time>2024-07-15T11:52:55Z</time>
<extensions>
<gpxtpx:TrackPointExtension>
<gpxtpx:hr>173</gpxtpx:hr>
</gpxtpx:TrackPointExtension>
</extensions>
</trkpt>
<trkpt lat="36.7649502" lon="126.9740036">
<ele>16.979</ele>
<time>2024-07-15T11:52:56Z</time>
<extensions>
<gpxtpx:TrackPointExtension>
<gpxtpx:hr>173</gpxtpx:hr>
</gpxtpx:TrackPointExtension>
</extensions>
</trkpt>
<trkpt lat="36.7649248" lon="126.9739956">
<ele>16.833</ele>
<time>2024-07-15T11:52:57Z</time>
<extensions>
<gpxtpx:TrackPointExtension>
<gpxtpx:hr>173</gpxtpx:hr>
</gpxtpx:TrackPointExtension>
</extensions>
</trkpt>
<trkpt lat="36.7648978" lon="126.9739873">
<ele>16.741</ele>
<time>2024-07-15T11:52:58Z</time>
<extensions>
<gpxtpx:TrackPointExtension>
<gpxtpx:hr>173</gpxtpx:hr>
</gpxtpx:TrackPointExtension>
</extensions>
</trkpt>
<trkpt lat="36.7648706" lon="126.9739781">
<ele>16.898</ele>
<time>2024-07-15T11:52:59Z</time>
<extensions>
<gpxtpx:TrackPointExtension>
<gpxtpx:hr>173</gpxtpx:hr>
</gpxtpx:TrackPointExtension>
</extensions>
</trkpt>
<trkpt lat="36.7648445" lon="126.9739671">
<ele>16.929</ele>
<time>2024-07-15T11:53:00Z</time>
<extensions>
<gpxtpx:TrackPointExtension>
<gpxtpx:hr>173</gpxtpx:hr>
</gpxtpx:TrackPointExtension>
</extensions>
</trkpt>
<trkpt lat="36.7648207" lon="126.9739544">
<ele>16.859</ele>
<time>2024-07-15T11:53:01Z</time>
<extensions>
<gpxtpx:TrackPointExtension>
<gpxtpx:hr>173</gpxtpx:hr>
</gpxtpx:TrackPointExtension>
</extensions>
</trkpt>
<trkpt lat="36.7647993" lon="126.9739405">
<ele>16.955</ele>
<time>2024-07-15T11:53:02Z</time>
<extensions>
<gpxtpx:TrackPointExtension>
<gpxtpx:hr>173</gpxtpx:hr>
<gpxtpx:cad>159</gpxtpx:cad>
</gpxtpx:TrackPointExtension>
</extensions>
</trkpt>
<trkpt lat="36.7647793" lon="126.9739268">
<ele>16.889</ele>
<time>2024-07-15T11:53:03Z</time>
<extensions>
<gpxtpx:TrackPointExtension>
<gpxtpx:hr>173</gpxtpx:hr>
</gpxtpx:TrackPointExtension>
</extensions>
</trkpt>
<trkpt lat="36.7647593" lon="126.9739124">
<ele>16.682</ele>
<time>2024-07-15T11:53:04Z</time>
<extensions>
<gpxtpx:TrackPointExtension>
<gpxtpx:hr>173</gpxtpx:hr>
</gpxtpx:TrackPointExtension>
</extensions>
</trkpt>
<trkpt lat="36.76474" lon="126.9738968">
<ele>16.845</ele>
<time>2024-07-15T11:53:05Z</time>
<extensions>
<gpxtpx:TrackPointExtension>
<gpxtpx:hr>173</gpxtpx:hr>
</gpxtpx:TrackPointExtension>
</extensions>
</trkpt>
<trkpt lat="36.7647231" lon="126.9738797">
<ele>16.935</ele>
<time>2024-07-15T11:53:06Z</time>
<extensions>
<gpxtpx:TrackPointExtension>
<gpxtpx:hr>173</gpxtpx:hr>
</gpxtpx:TrackPointExtension>
</extensions>
</trkpt>
<trkpt lat="36.7647082" lon="126.9738607">
<ele>16.821</ele>
<time>2024-07-15T11:53:07Z</time>
<extensions>
<gpxtpx:TrackPointExtension>
<gpxtpx:hr>173</gpxtpx:hr>
</gpxtpx:TrackPointExtension>
</extensions>
</trkpt>
<trkpt lat="36.7646935" lon="126.9738409">
<ele>16.889</ele>
<time>2024-07-15T11:53:08Z</time>
<extensions>
<gpxtpx:TrackPointExtension>
<gpxtpx:hr>173</gpxtpx:hr>
</gpxtpx:TrackPointExtension>
</extensions>
</trkpt>
<trkpt lat="36.764678" lon="126.9738211">
<ele>16.944</ele>
<time>2024-07-15T11:53:09Z</time>
<extensions>
<gpxtpx:TrackPointExtension>
<gpxtpx:hr>173</gpxtpx:hr>
</gpxtpx:TrackPointExtension>
</extensions>
</trkpt>
<trkpt lat="36.7646442" lon="126.9737857">
<ele>16.816</ele>
<time>2024-07-15T11:53:10Z</time>
<extensions>
<gpxtpx:TrackPointExtension>
<gpxtpx:hr>173</gpxtpx:hr>
<gpxtpx:cad>159</gpxtpx:cad>
</gpxtpx:TrackPointExtension>
</extensions>
</trkpt>
<trkpt lat="36.7646286" lon="126.9737708">
<ele>16.946</ele>
<time>2024-07-15T11:53:11Z</time>
<extensions>
<gpxtpx:TrackPointExtension>
<gpxtpx:hr>173</gpxtpx:hr>
</gpxtpx:TrackPointExtension>
</extensions>
</trkpt>
<trkpt lat="36.764613" lon="126.9737553">
<ele>16.865</ele>
<time>2024-07-15T11:53:12Z</time>
<extensions>
<gpxtpx:TrackPointExtension>
<gpxtpx:hr>173</gpxtpx:hr>
<gpxtpx:cad>159</gpxtpx:cad>
</gpxtpx:TrackPointExtension>
</extensions>
</trkpt>
<trkpt lat="36.7645989" lon="126.9737402">
<ele>16.845</ele>
<time>2024-07-15T11:53:13Z</time>
<extensions>
<gpxtpx:TrackPointExtension>
<gpxtpx:hr>173</gpxtpx:hr>
</gpxtpx:TrackPointExtension>
</extensions>
</trkpt>
<trkpt lat="36.7645851" lon="126.9737249">
<ele>16.913</ele>
<time>2024-07-15T11:53:14Z</time>
<extensions>
<gpxtpx:TrackPointExtension>
<gpxtpx:hr>173</gpxtpx:hr>
</gpxtpx:TrackPointExtension>
</extensions>
</trkpt>
<trkpt lat="36.7645691" lon="126.9737089">
<ele>16.872</ele>
<time>2024-07-15T11:53:15Z</time>
<extensions>
<gpxtpx:TrackPointExtension>
<gpxtpx:hr>173</gpxtpx:hr>
</gpxtpx:TrackPointExtension>
</extensions>
</trkpt>
<trkpt lat="36.7645478" lon="126.9736908">
<ele>16.738</ele>
<time>2024-07-15T11:53:16Z</time>
<extensions>
<gpxtpx:TrackPointExtension>
<gpxtpx:hr>173</gpxtpx:hr>
</gpxtpx:TrackPointExtension>
</extensions>
</trkpt>
<trkpt lat="36.7645237" lon="126.9736717">
<ele>16.846</ele>
<time>2024-07-15T11:53:17Z</time>
<extensions>
<gpxtpx:TrackPointExtension>
<gpxtpx:hr>173</gpxtpx:hr>
</gpxtpx:TrackPointExtension>
</extensions>
</trkpt>
<trkpt lat="36.7644996" lon="126.9736522">
<ele>16.849</ele>
<time>2024-07-15T11:53:18Z</time>
<extensions>
<gpxtpx:TrackPointExtension>
<gpxtpx:hr>173</gpxtpx:hr>
</gpxtpx:TrackPointExtension>
</extensions>
</trkpt>
<trkpt lat="36.7644762" lon="126.9736311">
<ele>16.844</ele>
<time>2024-07-15T11:53:19Z</time>
<extensions>
<gpxtpx:TrackPointExtension>
<gpxtpx:hr>173</gpxtpx:hr>
</gpxtpx:TrackPointExtension>
</extensions>
</trkpt>
<trkpt lat="36.7644527" lon="126.973611">
<ele>16.811</ele>
<time>2024-07-15T11:53:20Z</time>
<extensions>
<gpxtpx:TrackPointExtension>
<gpxtpx:hr>173</gpxtpx:hr>
</gpxtpx:TrackPointExtension>
</extensions>
</trkpt>
<trkpt lat="36.7644286" lon="126.9735901">
<ele>16.737</ele>
<time>2024-07-15T11:53:21Z</time>
<extensions>
<gpxtpx:TrackPointExtension>
<gpxtpx:hr>174</gpxtpx:hr>
</gpxtpx:TrackPointExtension>
</extensions>
</trkpt>
<trkpt lat="36.7644044" lon="126.9735701">
<ele>16.828</ele>
<time>2024-07-15T11:53:22Z</time>
<extensions>
<gpxtpx:TrackPointExtension>
<gpxtpx:hr>173</gpxtpx:hr>
<gpxtpx:cad>160</gpxtpx:cad>
</gpxtpx:TrackPointExtension>
</extensions>
</trkpt>
<trkpt lat="36.7643796" lon="126.9735512">
<ele>16.821</ele>
<time>2024-07-15T11:53:23Z</time>
<extensions>
<gpxtpx:TrackPointExtension>
<gpxtpx:hr>174</gpxtpx:hr>
</gpxtpx:TrackPointExtension>
</extensions>
</trkpt>
<trkpt lat="36.7643543" lon="126.9735341">
<ele>16.717</ele>
<time>2024-07-15T11:53:24Z</time>
<extensions>
<gpxtpx:TrackPointExtension>
<gpxtpx:hr>174</gpxtpx:hr>
</gpxtpx:TrackPointExtension>
</extensions>
</trkpt>
<trkpt lat="36.7643286" lon="126.9735191">
<ele>16.816</ele>
<time>2024-07-15T11:53:25Z</time>
<extensions>
<gpxtpx:TrackPointExtension>
<gpxtpx:hr>174</gpxtpx:hr>
</gpxtpx:TrackPointExtension>
</extensions>
</trkpt>
<trkpt lat="36.7643021" lon="126.9735021">
<ele>16.899</ele>
<time>2024-07-15T11:53:26Z</time>
<extensions>
<gpxtpx:TrackPointExtension>
<gpxtpx:hr>174</gpxtpx:hr>
</gpxtpx:TrackPointExtension>
</extensions>
</trkpt>
<trkpt lat="36.7642742" lon="126.9734849">
<ele>16.763</ele>
<time>2024-07-15T11:53:27Z</time>
<extensions>
<gpxtpx:TrackPointExtension>
<gpxtpx:hr>174</gpxtpx:hr>
</gpxtpx:TrackPointExtension>
</extensions>
</trkpt>
<trkpt lat="36.7642447" lon="126.9734663">
<ele>16.91</ele>
<time>2024-07-15T11:53:28Z</time>
<extensions>
<gpxtpx:TrackPointExtension>
<gpxtpx:hr>174</gpxtpx:hr>
</gpxtpx:TrackPointExtension>
</extensions>
</trkpt>
<trkpt lat="36.7642119" lon="126.9734471">
<ele>16.87</ele>
<time>2024-07-15T11:53:29Z</time>
<extensions>
<gpxtpx:TrackPointExtension>
<gpxtpx:hr>174</gpxtpx:hr>
</gpxtpx:TrackPointExtension>
</extensions>
</trkpt>
<trkpt lat="36.7641793" lon="126.9734279">
<ele>16.808</ele>
<time>2024-07-15T11:53:30Z</time>
<extensions>
<gpxtpx:TrackPointExtension>
<gpxtpx:hr>174</gpxtpx:hr>
</gpxtpx:TrackPointExtension>
</extensions>
</trkpt>
<trkpt lat="36.7641474" lon="126.9734087">
<ele>16.798</ele>
<time>2024-07-15T11:53:31Z</time>
<extensions>
<gpxtpx:TrackPointExtension>
<gpxtpx:hr>174</gpxtpx:hr>
</gpxtpx:TrackPointExtension>
</extensions>
</trkpt>
<trkpt lat="36.7641165" lon="126.9733883">
<ele>16.897</ele>
<time>2024-07-15T11:53:32Z</time>
<extensions>
<gpxtpx:TrackPointExtension>
<gpxtpx:hr>174</gpxtpx:hr>
<gpxtpx:cad>159</gpxtpx:cad>
</gpxtpx:TrackPointExtension>
</extensions>
</trkpt>
<trkpt lat="36.7640875" lon="126.9733677">
<ele>16.801</ele>
<time>2024-07-15T11:53:33Z</time>
<extensions>
<gpxtpx:TrackPointExtension>
<gpxtpx:hr>174</gpxtpx:hr>
</gpxtpx:TrackPointExtension>
</extensions>
</trkpt>
<trkpt lat="36.7640598" lon="126.9733466">
<ele>16.688</ele>
<time>2024-07-15T11:53:34Z</time>
<extensions>
<gpxtpx:TrackPointExtension>
<gpxtpx:hr>173</gpxtpx:hr>
</gpxtpx:TrackPointExtension>
</extensions>
</trkpt>
<trkpt lat="36.764032" lon="126.9733252">
<ele>16.676</ele>
<time>2024-07-15T11:53:35Z</time>
<extensions>
<gpxtpx:TrackPointExtension>
<gpxtpx:hr>173</gpxtpx:hr>
</gpxtpx:TrackPointExtension>
</extensions>
</trkpt>
<trkpt lat="36.7640035" lon="126.9733053">
<ele>16.759</ele>
<time>2024-07-15T11:53:36Z</time>
<extensions>
<gpxtpx:TrackPointExtension>
<gpxtpx:hr>173</gpxtpx:hr>
</gpxtpx:TrackPointExtension>
</extensions>
</trkpt>
<trkpt lat="36.7639742" lon="126.9732859">
<ele>16.724</ele>
<time>2024-07-15T11:53:37Z</time>
<extensions>
<gpxtpx:TrackPointExtension>
<gpxtpx:hr>173</gpxtpx:hr>
</gpxtpx:TrackPointExtension>
</extensions>
</trkpt>
<trkpt lat="36.7639451" lon="126.9732679">
<ele>16.81</ele>
<time>2024-07-15T11:53:38Z</time>
<extensions>
<gpxtpx:TrackPointExtension>
<gpxtpx:hr>173</gpxtpx:hr>
</gpxtpx:TrackPointExtension>
</extensions>
</trkpt>
<trkpt lat="36.7639149" lon="126.9732511">
<ele>16.749</ele>
<time>2024-07-15T11:53:39Z</time>
<extensions>
<gpxtpx:TrackPointExtension>
<gpxtpx:hr>173</gpxtpx:hr>
</gpxtpx:TrackPointExtension>
</extensions>
</trkpt>
<trkpt lat="36.7638858" lon="126.9732334">
<ele>16.721</ele>
<time>2024-07-15T11:53:40Z</time>
<extensions>
<gpxtpx:TrackPointExtension>
<gpxtpx:hr>173</gpxtpx:hr>
<gpxtpx:cad>157</gpxtpx:cad>
</gpxtpx:TrackPointExtension>
</extensions>
</trkpt>
<trkpt lat="36.7638574" lon="126.9732155">
<ele>16.81</ele>
<time>2024-07-15T11:53:41Z</time>
<extensions>
<gpxtpx:TrackPointExtension>
<gpxtpx:hr>173</gpxtpx:hr>
</gpxtpx:TrackPointExtension>
</extensions>
</trkpt>
<trkpt lat="36.7638317" lon="126.9731956">
<ele>16.857</ele>
<time>2024-07-15T11:53:42Z</time>
<extensions>
<gpxtpx:TrackPointExtension>
<gpxtpx:hr>173</gpxtpx:hr>
<gpxtpx:cad>157</gpxtpx:cad>
</gpxtpx:TrackPointExtension>
</extensions>
</trkpt>
<trkpt lat="36.7638067" lon="126.9731761">
<ele>16.811</ele>
<time>2024-07-15T11:53:43Z</time>
<extensions>
<gpxtpx:TrackPointExtension>
<gpxtpx:hr>173</gpxtpx:hr>
</gpxtpx:TrackPointExtension>
</extensions>
</trkpt>
<trkpt lat="36.763785" lon="126.9731565">
<ele>16.845</ele>
<time>2024-07-15T11:53:44Z</time>
<extensions>
<gpxtpx:TrackPointExtension>
<gpxtpx:hr>174</gpxtpx:hr>
</gpxtpx:TrackPointExtension>
</extensions>
</trkpt>
<trkpt lat="36.7637651" lon="126.9731381">
<ele>16.847</ele>
<time>2024-07-15T11:53:45Z</time>
<extensions>
<gpxtpx:TrackPointExtension>
<gpxtpx:hr>174</gpxtpx:hr>
</gpxtpx:TrackPointExtension>
</extensions>
</trkpt>
<trkpt lat="36.7637462" lon="126.9731222">
<ele>16.796</ele>
<time>2024-07-15T11:53:46Z</time>
<extensions>
<gpxtpx:TrackPointExtension>
<gpxtpx:hr>174</gpxtpx:hr>
</gpxtpx:TrackPointExtension>
</extensions>
</trkpt>
<trkpt lat="36.7637265" lon="126.9731063">
<ele>16.975</ele>
<time>2024-07-15T11:53:47Z</time>
<extensions>
<gpxtpx:TrackPointExtension>
<gpxtpx:hr>174</gpxtpx:hr>
</gpxtpx:TrackPointExtension>
</extensions>
</trkpt>
<trkpt lat="36.7637062" lon="126.9730897">
<ele>16.871</ele>
<time>2024-07-15T11:53:48Z</time>
<extensions>
<gpxtpx:TrackPointExtension>
<gpxtpx:hr>174</gpxtpx:hr>
</gpxtpx:TrackPointExtension>
</extensions>
</trkpt>
<trkpt lat="36.7636851" lon="126.9730742">
<ele>16.867</ele>
<time>2024-07-15T11:53:49Z</time>
<extensions>
<gpxtpx:TrackPointExtension>
<gpxtpx:hr>174</gpxtpx:hr>
</gpxtpx:TrackPointExtension>
</extensions>
</trkpt>
<trkpt lat="36.7636645" lon="126.9730583">
<ele>16.895</ele>
<time>2024-07-15T11:53:50Z</time>
<extensions>
<gpxtpx:TrackPointExtension>
<gpxtpx:hr>174</gpxtpx:hr>
</gpxtpx:TrackPointExtension>
</extensions>
</trkpt>
<trkpt lat="36.763645" lon="126.9730396">
<ele>16.818</ele>
<time>2024-07-15T11:53:51Z</time>
<extensions>
<gpxtpx:TrackPointExtension>
<gpxtpx:hr>174</gpxtpx:hr>
</gpxtpx:TrackPointExtension>
</extensions>
</trkpt>
<trkpt lat="36.7636264" lon="126.9730198">
<ele>16.786</ele>
<time>2024-07-15T11:53:52Z</time>
<extensions>
<gpxtpx:TrackPointExtension>
<gpxtpx:hr>174</gpxtpx:hr>
<gpxtpx:cad>159</gpxtpx:cad>
</gpxtpx:TrackPointExtension>
</extensions>
</trkpt>
<trkpt lat="36.7636072" lon="126.9729992">
<ele>16.788</ele>
<time>2024-07-15T11:53:53Z</time>
<extensions>
<gpxtpx:TrackPointExtension>
<gpxtpx:hr>173</gpxtpx:hr>
</gpxtpx:TrackPointExtension>
</extensions>
</trkpt>
<trkpt lat="36.7635896" lon="126.9729773">
<ele>16.717</ele>
<time>2024-07-15T11:53:54Z</time>
<extensions>
<gpxtpx:TrackPointExtension>
<gpxtpx:hr>173</gpxtpx:hr>
</gpxtpx:TrackPointExtension>
</extensions>
</trkpt>
<trkpt lat="36.7635705" lon="126.972956">
<ele>16.714</ele>
<time>2024-07-15T11:53:55Z</time>
<extensions>
<gpxtpx:TrackPointExtension>
<gpxtpx:hr>173</gpxtpx:hr>
</gpxtpx:TrackPointExtension>
</extensions>
</trkpt>
<trkpt lat="36.7635482" lon="126.972933">
<ele>16.706</ele>
<time>2024-07-15T11:53:56Z</time>
<extensions>
<gpxtpx:TrackPointExtension>
<gpxtpx:hr>173</gpxtpx:hr>
</gpxtpx:TrackPointExtension>
</extensions>
</trkpt>
<trkpt lat="36.7635261" lon="126.972909">
<ele>16.74</ele>
<time>2024-07-15T11:53:57Z</time>
<extensions>
<gpxtpx:TrackPointExtension>
<gpxtpx:hr>174</gpxtpx:hr>
</gpxtpx:TrackPointExtension>
</extensions>
</trkpt>
<trkpt lat="36.7635051" lon="126.972884">
<ele>16.858</ele>
<time>2024-07-15T11:53:58Z</time>
<extensions>
<gpxtpx:TrackPointExtension>
<gpxtpx:hr>174</gpxtpx:hr>
</gpxtpx:TrackPointExtension>
</extensions>
</trkpt>
<trkpt lat="36.7634868" lon="126.9728577">
<ele>16.775</ele>
<time>2024-07-15T11:53:59Z</time>
<extensions>
<gpxtpx:TrackPointExtension>
<gpxtpx:hr>174</gpxtpx:hr>
</gpxtpx:TrackPointExtension>
</extensions>
</trkpt>
<trkpt lat="36.7634717" lon="126.9728354">
<ele>16.612</ele>
<time>2024-07-15T11:54:00Z</time>
<extensions>
<gpxtpx:TrackPointExtension>
<gpxtpx:hr>174</gpxtpx:hr>
</gpxtpx:TrackPointExtension>
</extensions>
</trkpt>
<trkpt lat="36.7634562" lon="126.972818">
<ele>16.668</ele>
<time>2024-07-15T11:54:01Z</time>
<extensions>
<gpxtpx:TrackPointExtension>
<gpxtpx:hr>173</gpxtpx:hr>
</gpxtpx:TrackPointExtension>
</extensions>
</trkpt>
<trkpt lat="36.7634383" lon="126.9728064">
<ele>16.731</ele>
<time>2024-07-15T11:54:02Z</time>
<extensions>
<gpxtpx:TrackPointExtension>
<gpxtpx:hr>173</gpxtpx:hr>
<gpxtpx:cad>159</gpxtpx:cad>
</gpxtpx:TrackPointExtension>
</extensions>
</trkpt>
<trkpt lat="36.7634184" lon="126.9727989">
<ele>16.746</ele>
<time>2024-07-15T11:54:03Z</time>
<extensions>
<gpxtpx:TrackPointExtension>
<gpxtpx:hr>173</gpxtpx:hr>
</gpxtpx:TrackPointExtension>
</extensions>
</trkpt>
<trkpt lat="36.7633952" lon="126.9727902">
<ele>16.783</ele>
<time>2024-07-15T11:54:04Z</time>
<extensions>
<gpxtpx:TrackPointExtension>
<gpxtpx:hr>173</gpxtpx:hr>
</gpxtpx:TrackPointExtension>
</extensions>
</trkpt>
<trkpt lat="36.7633684" lon="126.9727832">
<ele>16.771</ele>
<time>2024-07-15T11:54:05Z</time>
<extensions>
<gpxtpx:TrackPointExtension>
<gpxtpx:hr>173</gpxtpx:hr>
</gpxtpx:TrackPointExtension>
</extensions>
</trkpt>
<trkpt lat="36.76334" lon="126.9727737">
<ele>16.735</ele>
<time>2024-07-15T11:54:06Z</time>
<extensions>
<gpxtpx:TrackPointExtension>
<gpxtpx:hr>173</gpxtpx:hr>
</gpxtpx:TrackPointExtension>
</extensions>
</trkpt>
<trkpt lat="36.7633101" lon="126.9727613">
<ele>16.842</ele>
<time>2024-07-15T11:54:07Z</time>
<extensions>
<gpxtpx:TrackPointExtension>
<gpxtpx:hr>173</gpxtpx:hr>
</gpxtpx:TrackPointExtension>
</extensions>
</trkpt>
<trkpt lat="36.7632839" lon="126.9727478">
<ele>17.047</ele>
<time>2024-07-15T11:54:08Z</time>
<extensions>
<gpxtpx:TrackPointExtension>
<gpxtpx:hr>173</gpxtpx:hr>
</gpxtpx:TrackPointExtension>
</extensions>
</trkpt>
<trkpt lat="36.7632583" lon="126.9727362">
<ele>17.056</ele>
<time>2024-07-15T11:54:10Z</time>
<extensions>
<gpxtpx:TrackPointExtension>
<gpxtpx:hr>173</gpxtpx:hr>
</gpxtpx:TrackPointExtension>
</extensions>
</trkpt>
<trkpt lat="36.7632316" lon="126.9727288">
<ele>17.056</ele>
<time>2024-07-15T11:54:11Z</time>
<extensions>
<gpxtpx:TrackPointExtension>
<gpxtpx:hr>173</gpxtpx:hr>
</gpxtpx:TrackPointExtension>
</extensions>
</trkpt>
<trkpt lat="36.7632045" lon="126.9727249">
<ele>17.127</ele>
<time>2024-07-15T11:54:12Z</time>
<extensions>
<gpxtpx:TrackPointExtension>
<gpxtpx:hr>173</gpxtpx:hr>
</gpxtpx:TrackPointExtension>
</extensions>
</trkpt>
<trkpt lat="36.7631752" lon="126.9727257">
<ele>17.234</ele>
<time>2024-07-15T11:54:13Z</time>
<extensions>
<gpxtpx:TrackPointExtension>
<gpxtpx:hr>173</gpxtpx:hr>
<gpxtpx:cad>157</gpxtpx:cad>
</gpxtpx:TrackPointExtension>
</extensions>
</trkpt>
<trkpt lat="36.7631455" lon="126.972727">
<ele>17.152</ele>
<time>2024-07-15T11:54:14Z</time>
<extensions>
<gpxtpx:TrackPointExtension>
<gpxtpx:hr>173</gpxtpx:hr>
</gpxtpx:TrackPointExtension>
</extensions>
</trkpt>
<trkpt lat="36.7631165" lon="126.9727249">
<ele>17.321</ele>
<time>2024-07-15T11:54:15Z</time>
<extensions>
<gpxtpx:TrackPointExtension>
<gpxtpx:hr>173</gpxtpx:hr>
<gpxtpx:cad>157</gpxtpx:cad>
</gpxtpx:TrackPointExtension>
</extensions>
</trkpt>
<trkpt lat="36.7630882" lon="126.9727193">
<ele>17.436</ele>
<time>2024-07-15T11:54:16Z</time>
<extensions>
<gpxtpx:TrackPointExtension>
<gpxtpx:hr>174</gpxtpx:hr>
</gpxtpx:TrackPointExtension>
</extensions>
</trkpt>
<trkpt lat="36.7630592" lon="126.9727109">
<ele>17.376</ele>
<time>2024-07-15T11:54:17Z</time>
<extensions>
<gpxtpx:TrackPointExtension>
<gpxtpx:hr>174</gpxtpx:hr>
</gpxtpx:TrackPointExtension>
</extensions>
</trkpt>
<trkpt lat="36.7630306" lon="126.9727037">
<ele>17.631</ele>
<time>2024-07-15T11:54:18Z</time>
<extensions>
<gpxtpx:TrackPointExtension>
<gpxtpx:hr>174</gpxtpx:hr>
</gpxtpx:TrackPointExtension>
</extensions>
</trkpt>
<trkpt lat="36.763003" lon="126.972697">
<ele>17.583</ele>
<time>2024-07-15T11:54:19Z</time>
<extensions>
<gpxtpx:TrackPointExtension>
<gpxtpx:hr>174</gpxtpx:hr>
</gpxtpx:TrackPointExtension>
</extensions>
</trkpt>
<trkpt lat="36.7629762" lon="126.9726924">
<ele>17.531</ele>
<time>2024-07-15T11:54:20Z</time>
<extensions>
<gpxtpx:TrackPointExtension>
<gpxtpx:hr>175</gpxtpx:hr>
</gpxtpx:TrackPointExtension>
</extensions>
</trkpt>
<trkpt lat="36.7629491" lon="126.9726902">
<ele>17.621</ele>
<time>2024-07-15T11:54:21Z</time>
<extensions>
<gpxtpx:TrackPointExtension>
<gpxtpx:hr>175</gpxtpx:hr>
</gpxtpx:TrackPointExtension>
</extensions>
</trkpt>
<trkpt lat="36.7629221" lon="126.9726893">
<ele>17.812</ele>
<time>2024-07-15T11:54:22Z</time>
<extensions>
<gpxtpx:TrackPointExtension>
<gpxtpx:hr>175</gpxtpx:hr>
</gpxtpx:TrackPointExtension>
</extensions>
</trkpt>
<trkpt lat="36.762894" lon="126.9726885">
<ele>17.917</ele>
<time>2024-07-15T11:54:23Z</time>
<extensions>
<gpxtpx:TrackPointExtension>
<gpxtpx:hr>175</gpxtpx:hr>
<gpxtpx:cad>157</gpxtpx:cad>
</gpxtpx:TrackPointExtension>
</extensions>
</trkpt>
<trkpt lat="36.7628666" lon="126.972684">
<ele>18.15</ele>
<time>2024-07-15T11:54:24Z</time>
<extensions>
<gpxtpx:TrackPointExtension>
<gpxtpx:hr>175</gpxtpx:hr>
</gpxtpx:TrackPointExtension>
</extensions>
</trkpt>
<trkpt lat="36.7628417" lon="126.9726755">
<ele>18.283</ele>
<time>2024-07-15T11:54:25Z</time>
<extensions>
<gpxtpx:TrackPointExtension>
<gpxtpx:hr>175</gpxtpx:hr>
</gpxtpx:TrackPointExtension>
</extensions>
</trkpt>
<trkpt lat="36.762821" lon="126.9726593">
<ele>18.272</ele>
<time>2024-07-15T11:54:26Z</time>
<extensions>
<gpxtpx:TrackPointExtension>
<gpxtpx:hr>174</gpxtpx:hr>
</gpxtpx:TrackPointExtension>
</extensions>
</trkpt>
<trkpt lat="36.7628036" lon="126.9726353">
<ele>18.382</ele>
<time>2024-07-15T11:54:27Z</time>
<extensions>
<gpxtpx:TrackPointExtension>
<gpxtpx:hr>174</gpxtpx:hr>
</gpxtpx:TrackPointExtension>
</extensions>
</trkpt>
<trkpt lat="36.7627894" lon="126.9726056">
<ele>18.588</ele>
<time>2024-07-15T11:54:28Z</time>
<extensions>
<gpxtpx:TrackPointExtension>
<gpxtpx:hr>174</gpxtpx:hr>
</gpxtpx:TrackPointExtension>
</extensions>
</trkpt>
<trkpt lat="36.7627778" lon="126.9725743">
<ele>18.598</ele>
<time>2024-07-15T11:54:29Z</time>
<extensions>
<gpxtpx:TrackPointExtension>
<gpxtpx:hr>174</gpxtpx:hr>
</gpxtpx:TrackPointExtension>
</extensions>
</trkpt>
<trkpt lat="36.762766" lon="126.9725438">
<ele>18.543</ele>
<time>2024-07-15T11:54:30Z</time>
<extensions>
<gpxtpx:TrackPointExtension>
<gpxtpx:hr>174</gpxtpx:hr>
</gpxtpx:TrackPointExtension>
</extensions>
</trkpt>
<trkpt lat="36.7627527" lon="126.9725143">
<ele>18.604</ele>
<time>2024-07-15T11:54:31Z</time>
<extensions>
<gpxtpx:TrackPointExtension>
<gpxtpx:hr>174</gpxtpx:hr>
</gpxtpx:TrackPointExtension>
</extensions>
</trkpt>
<trkpt lat="36.7627403" lon="126.9724853">
<ele>18.527</ele>
<time>2024-07-15T11:54:32Z</time>
<extensions>
<gpxtpx:TrackPointExtension>
<gpxtpx:hr>173</gpxtpx:hr>
<gpxtpx:cad>155</gpxtpx:cad>
</gpxtpx:TrackPointExtension>
</extensions>
</trkpt>
<trkpt lat="36.7627302" lon="126.9724577">
<ele>18.304</ele>
<time>2024-07-15T11:54:33Z</time>
<extensions>
<gpxtpx:TrackPointExtension>
<gpxtpx:hr>173</gpxtpx:hr>
</gpxtpx:TrackPointExtension>
</extensions>
</trkpt>
<trkpt lat="36.7627208" lon="126.9724326">
<ele>18.205</ele>
<time>2024-07-15T11:54:34Z</time>
<extensions>
<gpxtpx:TrackPointExtension>
<gpxtpx:hr>173</gpxtpx:hr>
</gpxtpx:TrackPointExtension>
</extensions>
</trkpt>
<trkpt lat="36.7627098" lon="126.9724083">
<ele>17.887</ele>
<time>2024-07-15T11:54:35Z</time>
<extensions>
<gpxtpx:TrackPointExtension>
<gpxtpx:hr>173</gpxtpx:hr>
</gpxtpx:TrackPointExtension>
</extensions>
</trkpt>
<trkpt lat="36.762698" lon="126.9723825">
<ele>17.657</ele>
<time>2024-07-15T11:54:36Z</time>
<extensions>
<gpxtpx:TrackPointExtension>
<gpxtpx:hr>173</gpxtpx:hr>
</gpxtpx:TrackPointExtension>
</extensions>
</trkpt>
<trkpt lat="36.7626869" lon="126.9723526">
<ele>17.57</ele>
<time>2024-07-15T11:54:37Z</time>
<extensions>
<gpxtpx:TrackPointExtension>
<gpxtpx:hr>173</gpxtpx:hr>
</gpxtpx:TrackPointExtension>
</extensions>
</trkpt>
<trkpt lat="36.7626751" lon="126.9723193">
<ele>17.356</ele>
<time>2024-07-15T11:54:38Z</time>
<extensions>
<gpxtpx:TrackPointExtension>
<gpxtpx:hr>173</gpxtpx:hr>
</gpxtpx:TrackPointExtension>
</extensions>
</trkpt>
<trkpt lat="36.762664" lon="126.9722837">
<ele>17.241</ele>
<time>2024-07-15T11:54:39Z</time>
<extensions>
<gpxtpx:TrackPointExtension>
<gpxtpx:hr>173</gpxtpx:hr>
</gpxtpx:TrackPointExtension>
</extensions>
</trkpt>
<trkpt lat="36.762651" lon="126.9722474">
<ele>17.301</ele>
<time>2024-07-15T11:54:40Z</time>
<extensions>
<gpxtpx:TrackPointExtension>
<gpxtpx:hr>173</gpxtpx:hr>
</gpxtpx:TrackPointExtension>
</extensions>
</trkpt>
<trkpt lat="36.7626373" lon="126.972216">
<ele>17.013</ele>
<time>2024-07-15T11:54:41Z</time>
<extensions>
<gpxtpx:TrackPointExtension>
<gpxtpx:hr>173</gpxtpx:hr>
</gpxtpx:TrackPointExtension>
</extensions>
</trkpt>
<trkpt lat="36.762621" lon="126.9721917">
<ele>16.71</ele>
<time>2024-07-15T11:54:42Z</time>
<extensions>
<gpxtpx:TrackPointExtension>
<gpxtpx:hr>172</gpxtpx:hr>
<gpxtpx:cad>160</gpxtpx:cad>
</gpxtpx:TrackPointExtension>
</extensions>
</trkpt>
<trkpt lat="36.7626002" lon="126.9721734">
<ele>16.622</ele>
<time>2024-07-15T11:54:43Z</time>
<extensions>
<gpxtpx:TrackPointExtension>
<gpxtpx:hr>172</gpxtpx:hr>
</gpxtpx:TrackPointExtension>
</extensions>
</trkpt>
<trkpt lat="36.7625751" lon="126.9721611">
<ele>16.455</ele>
<time>2024-07-15T11:54:44Z</time>
<extensions>
<gpxtpx:TrackPointExtension>
<gpxtpx:hr>172</gpxtpx:hr>
</gpxtpx:TrackPointExtension>
</extensions>
</trkpt>
<trkpt lat="36.7625476" lon="126.9721538">
<ele>16.347</ele>
<time>2024-07-15T11:54:45Z</time>
<extensions>
<gpxtpx:TrackPointExtension>
<gpxtpx:hr>171</gpxtpx:hr>
</gpxtpx:TrackPointExtension>
</extensions>
</trkpt>
<trkpt lat="36.7625181" lon="126.9721515">
<ele>16.326</ele>
<time>2024-07-15T11:54:46Z</time>
<extensions>
<gpxtpx:TrackPointExtension>
<gpxtpx:hr>171</gpxtpx:hr>
</gpxtpx:TrackPointExtension>
</extensions>
</trkpt>
<trkpt lat="36.7624865" lon="126.9721518">
<ele>16.283</ele>
<time>2024-07-15T11:54:47Z</time>
<extensions>
<gpxtpx:TrackPointExtension>
<gpxtpx:hr>171</gpxtpx:hr>
</gpxtpx:TrackPointExtension>
</extensions>
</trkpt>
<trkpt lat="36.7624513" lon="126.9721557">
<ele>16.163</ele>
<time>2024-07-15T11:54:48Z</time>
<extensions>
<gpxtpx:TrackPointExtension>
<gpxtpx:hr>171</gpxtpx:hr>
<gpxtpx:cad>161</gpxtpx:cad>
</gpxtpx:TrackPointExtension>
</extensions>
</trkpt>
<trkpt lat="36.7624146" lon="126.972161">
<ele>16.175</ele>
<time>2024-07-15T11:54:49Z</time>
<extensions>
<gpxtpx:TrackPointExtension>
<gpxtpx:hr>171</gpxtpx:hr>
</gpxtpx:TrackPointExtension>
</extensions>
</trkpt>
<trkpt lat="36.7623792" lon="126.9721729">
<ele>16.07</ele>
<time>2024-07-15T11:54:50Z</time>
<extensions>
<gpxtpx:TrackPointExtension>
<gpxtpx:hr>171</gpxtpx:hr>
</gpxtpx:TrackPointExtension>
</extensions>
</trkpt>
<trkpt lat="36.7623476" lon="126.9721909">
<ele>16.097</ele>
<time>2024-07-15T11:54:51Z</time>
<extensions>
<gpxtpx:TrackPointExtension>
<gpxtpx:hr>171</gpxtpx:hr>
</gpxtpx:TrackPointExtension>
</extensions>
</trkpt>
<trkpt lat="36.7623183" lon="126.9722179">
<ele>16.194</ele>
<time>2024-07-15T11:54:52Z</time>
<extensions>
<gpxtpx:TrackPointExtension>
<gpxtpx:hr>171</gpxtpx:hr>
<gpxtpx:cad>159</gpxtpx:cad>
</gpxtpx:TrackPointExtension>
</extensions>
</trkpt>
<trkpt lat="36.7622917" lon="126.9722461">
<ele>16.149</ele>
<time>2024-07-15T11:54:53Z</time>
<extensions>
<gpxtpx:TrackPointExtension>
<gpxtpx:hr>171</gpxtpx:hr>
</gpxtpx:TrackPointExtension>
</extensions>
</trkpt>
<trkpt lat="36.7622624" lon="126.9722701">
<ele>15.999</ele>
<time>2024-07-15T11:54:54Z</time>
<extensions>
<gpxtpx:TrackPointExtension>
<gpxtpx:hr>171</gpxtpx:hr>
</gpxtpx:TrackPointExtension>
</extensions>
</trkpt>
<trkpt lat="36.762233" lon="126.9722834">
<ele>16.019</ele>
<time>2024-07-15T11:54:55Z</time>
<extensions>
<gpxtpx:TrackPointExtension>
<gpxtpx:hr>171</gpxtpx:hr>
</gpxtpx:TrackPointExtension>
</extensions>
</trkpt>
<trkpt lat="36.7622025" lon="126.9722862">
<ele>16.03</ele>
<time>2024-07-15T11:54:56Z</time>
<extensions>
<gpxtpx:TrackPointExtension>
<gpxtpx:hr>171</gpxtpx:hr>
</gpxtpx:TrackPointExtension>
</extensions>
</trkpt>
<trkpt lat="36.7621736" lon="126.9722795">
<ele>15.967</ele>
<time>2024-07-15T11:54:57Z</time>
<extensions>
<gpxtpx:TrackPointExtension>
<gpxtpx:hr>170</gpxtpx:hr>
</gpxtpx:TrackPointExtension>
</extensions>
</trkpt>
<trkpt lat="36.7621477" lon="126.9722674">
<ele>15.968</ele>
<time>2024-07-15T11:54:58Z</time>
<extensions>
<gpxtpx:TrackPointExtension>
<gpxtpx:hr>170</gpxtpx:hr>
</gpxtpx:TrackPointExtension>
</extensions>
</trkpt>
<trkpt lat="36.7621219" lon="126.9722501">
<ele>16.044</ele>
<time>2024-07-15T11:54:59Z</time>
<extensions>
<gpxtpx:TrackPointExtension>
<gpxtpx:hr>171</gpxtpx:hr>
</gpxtpx:TrackPointExtension>
</extensions>
</trkpt>
<trkpt lat="36.7620975" lon="126.9722263">
<ele>16.077</ele>
<time>2024-07-15T11:55:00Z</time>
<extensions>
<gpxtpx:TrackPointExtension>
<gpxtpx:hr>171</gpxtpx:hr>
</gpxtpx:TrackPointExtension>
</extensions>
</trkpt>
<trkpt lat="36.7620747" lon="126.9721968">
<ele>16.091</ele>
<time>2024-07-15T11:55:01Z</time>
<extensions>
<gpxtpx:TrackPointExtension>
<gpxtpx:hr>171</gpxtpx:hr>
</gpxtpx:TrackPointExtension>
</extensions>
</trkpt>
<trkpt lat="36.7620519" lon="126.9721649">
<ele>16.187</ele>
<time>2024-07-15T11:55:02Z</time>
<extensions>
<gpxtpx:TrackPointExtension>
<gpxtpx:hr>171</gpxtpx:hr>
<gpxtpx:cad>157</gpxtpx:cad>
</gpxtpx:TrackPointExtension>
</extensions>
</trkpt>
<trkpt lat="36.7620306" lon="126.972136">
<ele>16.144</ele>
<time>2024-07-15T11:55:03Z</time>
<extensions>
<gpxtpx:TrackPointExtension>
<gpxtpx:hr>171</gpxtpx:hr>
</gpxtpx:TrackPointExtension>
</extensions>
</trkpt>
<trkpt lat="36.7620086" lon="126.9721107">
<ele>16.171</ele>
<time>2024-07-15T11:55:04Z</time>
<extensions>
<gpxtpx:TrackPointExtension>
<gpxtpx:hr>172</gpxtpx:hr>
</gpxtpx:TrackPointExtension>
</extensions>
</trkpt>
<trkpt lat="36.7619871" lon="126.9720888">
<ele>16.265</ele>
<time>2024-07-15T11:55:05Z</time>
<extensions>
<gpxtpx:TrackPointExtension>
<gpxtpx:hr>172</gpxtpx:hr>
</gpxtpx:TrackPointExtension>
</extensions>
</trkpt>
<trkpt lat="36.7619664" lon="126.9720692">
<ele>16.159</ele>
<time>2024-07-15T11:55:06Z</time>
<extensions>
<gpxtpx:TrackPointExtension>
<gpxtpx:hr>172</gpxtpx:hr>
</gpxtpx:TrackPointExtension>
</extensions>
</trkpt>
<trkpt lat="36.761947" lon="126.9720504">
<ele>16.11</ele>
<time>2024-07-15T11:55:07Z</time>
<extensions>
<gpxtpx:TrackPointExtension>
<gpxtpx:hr>172</gpxtpx:hr>
</gpxtpx:TrackPointExtension>
</extensions>
</trkpt>
<trkpt lat="36.7619276" lon="126.9720333">
<ele>16.156</ele>
<time>2024-07-15T11:55:08Z</time>
<extensions>
<gpxtpx:TrackPointExtension>
<gpxtpx:hr>172</gpxtpx:hr>
</gpxtpx:TrackPointExtension>
</extensions>
</trkpt>
<trkpt lat="36.7619082" lon="126.9720181">
<ele>16.178</ele>
<time>2024-07-15T11:55:09Z</time>
<extensions>
<gpxtpx:TrackPointExtension>
<gpxtpx:hr>172</gpxtpx:hr>
</gpxtpx:TrackPointExtension>
</extensions>
</trkpt>
<trkpt lat="36.7618897" lon="126.9720024">
<ele>16.039</ele>
<time>2024-07-15T11:55:10Z</time>
<extensions>
<gpxtpx:TrackPointExtension>
<gpxtpx:hr>172</gpxtpx:hr>
</gpxtpx:TrackPointExtension>
</extensions>
</trkpt>
<trkpt lat="36.7618711" lon="126.9719863">
<ele>16.138</ele>
<time>2024-07-15T11:55:11Z</time>
<extensions>
<gpxtpx:TrackPointExtension>
<gpxtpx:hr>172</gpxtpx:hr>
</gpxtpx:TrackPointExtension>
</extensions>
</trkpt>
<trkpt lat="36.7618511" lon="126.971971">
<ele>16.247</ele>
<time>2024-07-15T11:55:12Z</time>
<extensions>
<gpxtpx:TrackPointExtension>
<gpxtpx:hr>172</gpxtpx:hr>
<gpxtpx:cad>154</gpxtpx:cad>
</gpxtpx:TrackPointExtension>
</extensions>
</trkpt>
<trkpt lat="36.76183" lon="126.9719552">
<ele>16.194</ele>
<time>2024-07-15T11:55:13Z</time>
<extensions>
<gpxtpx:TrackPointExtension>
<gpxtpx:hr>172</gpxtpx:hr>
</gpxtpx:TrackPointExtension>
</extensions>
</trkpt>
<trkpt lat="36.7618078" lon="126.9719391">
<ele>16.155</ele>
<time>2024-07-15T11:55:14Z</time>
</trkpt>
<trkpt lat="36.7617902" lon="126.9719241">
<ele>16.19</ele>
<time>2024-07-15T11:55:15Z</time>
<extensions>
<gpxtpx:TrackPointExtension>
<gpxtpx:hr>172</gpxtpx:hr>
</gpxtpx:TrackPointExtension>
</extensions>
</trkpt>
<trkpt lat="36.7617771" lon="126.9719097">
<ele>16.225</ele>
<time>2024-07-15T11:55:16Z</time>
<extensions>
<gpxtpx:TrackPointExtension>
<gpxtpx:hr>172</gpxtpx:hr>
</gpxtpx:TrackPointExtension>
</extensions>
</trkpt>
<trkpt lat="36.7617662" lon="126.9718957">
<ele>15.947</ele>
<time>2024-07-15T11:55:17Z</time>
<extensions>
<gpxtpx:TrackPointExtension>
<gpxtpx:hr>172</gpxtpx:hr>
</gpxtpx:TrackPointExtension>
</extensions>
</trkpt>
<trkpt lat="36.7617516" lon="126.9718848">
<ele>16.188</ele>
<time>2024-07-15T11:55:18Z</time>
<extensions>
<gpxtpx:TrackPointExtension>
<gpxtpx:hr>172</gpxtpx:hr>
</gpxtpx:TrackPointExtension>
</extensions>
</trkpt>
<trkpt lat="36.7617313" lon="126.9718768">
<ele>16.157</ele>
<time>2024-07-15T11:55:19Z</time>
<extensions>
<gpxtpx:TrackPointExtension>
<gpxtpx:hr>172</gpxtpx:hr>
</gpxtpx:TrackPointExtension>
</extensions>
</trkpt>
<trkpt lat="36.7617058" lon="126.9718726">
<ele>16.118</ele>
<time>2024-07-15T11:55:20Z</time>
<extensions>
<gpxtpx:TrackPointExtension>
<gpxtpx:hr>172</gpxtpx:hr>
</gpxtpx:TrackPointExtension>
</extensions>
</trkpt>
<trkpt lat="36.7616776" lon="126.9718705">
<ele>16.262</ele>
<time>2024-07-15T11:55:21Z</time>
<extensions>
<gpxtpx:TrackPointExtension>
<gpxtpx:hr>172</gpxtpx:hr>
<gpxtpx:cad>157</gpxtpx:cad>
</gpxtpx:TrackPointExtension>
</extensions>
</trkpt>
<trkpt lat="36.7616215" lon="126.971863">
<ele>16.201</ele>
<time>2024-07-15T11:55:22Z</time>
<extensions>
<gpxtpx:TrackPointExtension>
<gpxtpx:hr>172</gpxtpx:hr>
<gpxtpx:cad>157</gpxtpx:cad>
</gpxtpx:TrackPointExtension>
</extensions>
</trkpt>
<trkpt lat="36.7615949" lon="126.9718522">
<ele>16.127</ele>
<time>2024-07-15T11:55:23Z</time>
<extensions>
<gpxtpx:TrackPointExtension>
<gpxtpx:hr>172</gpxtpx:hr>
</gpxtpx:TrackPointExtension>
</extensions>
</trkpt>
<trkpt lat="36.7615705" lon="126.9718377">
<ele>16.205</ele>
<time>2024-07-15T11:55:24Z</time>
<extensions>
<gpxtpx:TrackPointExtension>
<gpxtpx:hr>172</gpxtpx:hr>
</gpxtpx:TrackPointExtension>
</extensions>
</trkpt>
<trkpt lat="36.7615473" lon="126.9718214">
<ele>16.215</ele>
<time>2024-07-15T11:55:25Z</time>
<extensions>
<gpxtpx:TrackPointExtension>
<gpxtpx:hr>172</gpxtpx:hr>
</gpxtpx:TrackPointExtension>
</extensions>
</trkpt>
<trkpt lat="36.7615247" lon="126.9718045">
<ele>16.134</ele>
<time>2024-07-15T11:55:26Z</time>
<extensions>
<gpxtpx:TrackPointExtension>
<gpxtpx:hr>172</gpxtpx:hr>
</gpxtpx:TrackPointExtension>
</extensions>
</trkpt>
<trkpt lat="36.7615027" lon="126.9717866">
<ele>16.152</ele>
<time>2024-07-15T11:55:27Z</time>
<extensions>
<gpxtpx:TrackPointExtension>
<gpxtpx:hr>172</gpxtpx:hr>
</gpxtpx:TrackPointExtension>
</extensions>
</trkpt>
<trkpt lat="36.7614818" lon="126.9717663">
<ele>16.22</ele>
<time>2024-07-15T11:55:28Z</time>
<extensions>
<gpxtpx:TrackPointExtension>
<gpxtpx:hr>172</gpxtpx:hr>
</gpxtpx:TrackPointExtension>
</extensions>
</trkpt>
<trkpt lat="36.761463" lon="126.9717455">
<ele>16.214</ele>
<time>2024-07-15T11:55:29Z</time>
<extensions>
<gpxtpx:TrackPointExtension>
<gpxtpx:hr>172</gpxtpx:hr>
</gpxtpx:TrackPointExtension>
</extensions>
</trkpt>
<trkpt lat="36.7614471" lon="126.9717208">
<ele>16.181</ele>
<time>2024-07-15T11:55:30Z</time>
<extensions>
<gpxtpx:TrackPointExtension>
<gpxtpx:hr>172</gpxtpx:hr>
</gpxtpx:TrackPointExtension>
</extensions>
</trkpt>
<trkpt lat="36.761431" lon="126.9716951">
<ele>16.174</ele>
<time>2024-07-15T11:55:31Z</time>
<extensions>
<gpxtpx:TrackPointExtension>
<gpxtpx:hr>172</gpxtpx:hr>
</gpxtpx:TrackPointExtension>
</extensions>
</trkpt>
<trkpt lat="36.7614131" lon="126.9716734">
<ele>16.171</ele>
<time>2024-07-15T11:55:32Z</time>
<extensions>
<gpxtpx:TrackPointExtension>
<gpxtpx:hr>172</gpxtpx:hr>
<gpxtpx:cad>156</gpxtpx:cad>
</gpxtpx:TrackPointExtension>
</extensions>
</trkpt>
<trkpt lat="36.7613933" lon="126.9716559">
<ele>16.118</ele>
<time>2024-07-15T11:55:33Z</time>
<extensions>
<gpxtpx:TrackPointExtension>
<gpxtpx:hr>172</gpxtpx:hr>
</gpxtpx:TrackPointExtension>
</extensions>
</trkpt>
<trkpt lat="36.7613723" lon="126.9716417">
<ele>16.239</ele>
<time>2024-07-15T11:55:34Z</time>
<extensions>
<gpxtpx:TrackPointExtension>
<gpxtpx:hr>172</gpxtpx:hr>
</gpxtpx:TrackPointExtension>
</extensions>
</trkpt>
<trkpt lat="36.7613503" lon="126.9716268">
<ele>16.152</ele>
<time>2024-07-15T11:55:35Z</time>
<extensions>
<gpxtpx:TrackPointExtension>
<gpxtpx:hr>173</gpxtpx:hr>
</gpxtpx:TrackPointExtension>
</extensions>
</trkpt>
<trkpt lat="36.7613277" lon="126.9716118">
<ele>16.138</ele>
<time>2024-07-15T11:55:36Z</time>
<extensions>
<gpxtpx:TrackPointExtension>
<gpxtpx:hr>173</gpxtpx:hr>
</gpxtpx:TrackPointExtension>
</extensions>
</trkpt>
<trkpt lat="36.7613041" lon="126.9715971">
<ele>16.265</ele>
<time>2024-07-15T11:55:37Z</time>
<extensions>
<gpxtpx:TrackPointExtension>
<gpxtpx:hr>173</gpxtpx:hr>
</gpxtpx:TrackPointExtension>
</extensions>
</trkpt>
<trkpt lat="36.7612814" lon="126.9715799">
<ele>16.147</ele>
<time>2024-07-15T11:55:38Z</time>
<extensions>
<gpxtpx:TrackPointExtension>
<gpxtpx:hr>173</gpxtpx:hr>
</gpxtpx:TrackPointExtension>
</extensions>
</trkpt>
<trkpt lat="36.7612598" lon="126.9715597">
<ele>15.959</ele>
<time>2024-07-15T11:55:39Z</time>
<extensions>
<gpxtpx:TrackPointExtension>
<gpxtpx:hr>173</gpxtpx:hr>
</gpxtpx:TrackPointExtension>
</extensions>
</trkpt>
<trkpt lat="36.7612393" lon="126.9715401">
<ele>16.112</ele>
<time>2024-07-15T11:55:40Z</time>
<extensions>
<gpxtpx:TrackPointExtension>
<gpxtpx:hr>173</gpxtpx:hr>
</gpxtpx:TrackPointExtension>
</extensions>
</trkpt>
<trkpt lat="36.7612191" lon="126.9715245">
<ele>16.156</ele>
<time>2024-07-15T11:55:41Z</time>
<extensions>
<gpxtpx:TrackPointExtension>
<gpxtpx:hr>173</gpxtpx:hr>
</gpxtpx:TrackPointExtension>
</extensions>
</trkpt>
<trkpt lat="36.7612009" lon="126.9715093">
<ele>16.042</ele>
<time>2024-07-15T11:55:42Z</time>
<extensions>
<gpxtpx:TrackPointExtension>
<gpxtpx:hr>173</gpxtpx:hr>
<gpxtpx:cad>156</gpxtpx:cad>
</gpxtpx:TrackPointExtension>
</extensions>
</trkpt>
<trkpt lat="36.7611843" lon="126.9714895">
<ele>16.101</ele>
<time>2024-07-15T11:55:43Z</time>
<extensions>
<gpxtpx:TrackPointExtension>
<gpxtpx:hr>173</gpxtpx:hr>
</gpxtpx:TrackPointExtension>
</extensions>
</trkpt>
<trkpt lat="36.761167" lon="126.9714672">
<ele>16.205</ele>
<time>2024-07-15T11:55:44Z</time>
<extensions>
<gpxtpx:TrackPointExtension>
<gpxtpx:hr>173</gpxtpx:hr>
</gpxtpx:TrackPointExtension>
</extensions>
</trkpt>
<trkpt lat="36.7611482" lon="126.9714498">
<ele>16.086</ele>
<time>2024-07-15T11:55:45Z</time>
<extensions>
<gpxtpx:TrackPointExtension>
<gpxtpx:hr>173</gpxtpx:hr>
</gpxtpx:TrackPointExtension>
</extensions>
</trkpt>
<trkpt lat="36.7611298" lon="126.9714435">
<ele>16.064</ele>
<time>2024-07-15T11:55:46Z</time>
<extensions>
<gpxtpx:TrackPointExtension>
<gpxtpx:hr>173</gpxtpx:hr>
</gpxtpx:TrackPointExtension>
</extensions>
</trkpt>
<trkpt lat="36.7611114" lon="126.9714497">
<ele>16.27</ele>
<time>2024-07-15T11:55:47Z</time>
<extensions>
<gpxtpx:TrackPointExtension>
<gpxtpx:hr>174</gpxtpx:hr>
</gpxtpx:TrackPointExtension>
</extensions>
</trkpt>
<trkpt lat="36.7610938" lon="126.9714678">
<ele>16.163</ele>
<time>2024-07-15T11:55:48Z</time>
<extensions>
<gpxtpx:TrackPointExtension>
<gpxtpx:hr>174</gpxtpx:hr>
</gpxtpx:TrackPointExtension>
</extensions>
</trkpt>
<trkpt lat="36.7610774" lon="126.9714922">
<ele>15.763</ele>
<time>2024-07-15T11:55:49Z</time>
<extensions>
<gpxtpx:TrackPointExtension>
<gpxtpx:hr>174</gpxtpx:hr>
</gpxtpx:TrackPointExtension>
</extensions>
</trkpt>
<trkpt lat="36.761063" lon="126.9715201">
<ele>15.996</ele>
<time>2024-07-15T11:55:50Z</time>
<extensions>
<gpxtpx:TrackPointExtension>
<gpxtpx:hr>174</gpxtpx:hr>
</gpxtpx:TrackPointExtension>
</extensions>
</trkpt>
<trkpt lat="36.76105" lon="126.9715458">
<ele>16.052</ele>
<time>2024-07-15T11:55:51Z</time>
<extensions>
<gpxtpx:TrackPointExtension>
<gpxtpx:hr>174</gpxtpx:hr>
</gpxtpx:TrackPointExtension>
</extensions>
</trkpt>
<trkpt lat="36.7610363" lon="126.9715704">
<ele>15.994</ele>
<time>2024-07-15T11:55:52Z</time>
<extensions>
<gpxtpx:TrackPointExtension>
<gpxtpx:hr>174</gpxtpx:hr>
<gpxtpx:cad>155</gpxtpx:cad>
</gpxtpx:TrackPointExtension>
</extensions>
</trkpt>
<trkpt lat="36.7610198" lon="126.9715947">
<ele>16.023</ele>
<time>2024-07-15T11:55:53Z</time>
<extensions>
<gpxtpx:TrackPointExtension>
<gpxtpx:hr>175</gpxtpx:hr>
</gpxtpx:TrackPointExtension>
</extensions>
</trkpt>
<trkpt lat="36.7610014" lon="126.9716175">
<ele>16.223</ele>
<time>2024-07-15T11:55:54Z</time>
<extensions>
<gpxtpx:TrackPointExtension>
<gpxtpx:hr>175</gpxtpx:hr>
</gpxtpx:TrackPointExtension>
</extensions>
</trkpt>
<trkpt lat="36.7609799" lon="126.9716372">
<ele>16.074</ele>
<time>2024-07-15T11:55:55Z</time>
<extensions>
<gpxtpx:TrackPointExtension>
<gpxtpx:hr>175</gpxtpx:hr>
<gpxtpx:cad>155</gpxtpx:cad>
</gpxtpx:TrackPointExtension>
</extensions>
</trkpt>
<trkpt lat="36.7609569" lon="126.9716564">
<ele>16.098</ele>
<time>2024-07-15T11:55:56Z</time>
<extensions>
<gpxtpx:TrackPointExtension>
<gpxtpx:hr>175</gpxtpx:hr>
</gpxtpx:TrackPointExtension>
</extensions>
</trkpt>
<trkpt lat="36.7609325" lon="126.9716745">
<ele>16.242</ele>
<time>2024-07-15T11:55:57Z</time>
<extensions>
<gpxtpx:TrackPointExtension>
<gpxtpx:hr>175</gpxtpx:hr>
</gpxtpx:TrackPointExtension>
</extensions>
</trkpt>
<trkpt lat="36.7609062" lon="126.9716991">
<ele>16.145</ele>
<time>2024-07-15T11:55:58Z</time>
<extensions>
<gpxtpx:TrackPointExtension>
<gpxtpx:hr>175</gpxtpx:hr>
</gpxtpx:TrackPointExtension>
</extensions>
</trkpt>
<trkpt lat="36.7608796" lon="126.9717219">
<ele>16.063</ele>
<time>2024-07-15T11:55:59Z</time>
<extensions>
<gpxtpx:TrackPointExtension>
<gpxtpx:hr>175</gpxtpx:hr>
</gpxtpx:TrackPointExtension>
</extensions>
</trkpt>
<trkpt lat="36.7608532" lon="126.9717398">
<ele>16.13</ele>
<time>2024-07-15T11:56:00Z</time>
<extensions>
<gpxtpx:TrackPointExtension>
<gpxtpx:hr>175</gpxtpx:hr>
</gpxtpx:TrackPointExtension>
</extensions>
</trkpt>
<trkpt lat="36.7608289" lon="126.9717496">
<ele>16.097</ele>
<time>2024-07-15T11:56:01Z</time>
<extensions>
<gpxtpx:TrackPointExtension>
<gpxtpx:hr>175</gpxtpx:hr>
</gpxtpx:TrackPointExtension>
</extensions>
</trkpt>
<trkpt lat="36.7608055" lon="126.9717523">
<ele>16.106</ele>
<time>2024-07-15T11:56:02Z</time>
<extensions>
<gpxtpx:TrackPointExtension>
<gpxtpx:hr>175</gpxtpx:hr>
<gpxtpx:cad>154</gpxtpx:cad>
</gpxtpx:TrackPointExtension>
</extensions>
</trkpt>
<trkpt lat="36.7607823" lon="126.9717522">
<ele>16.24</ele>
<time>2024-07-15T11:56:03Z</time>
<extensions>
<gpxtpx:TrackPointExtension>
<gpxtpx:hr>175</gpxtpx:hr>
</gpxtpx:TrackPointExtension>
</extensions>
</trkpt>
<trkpt lat="36.7607595" lon="126.9717478">
<ele>16.242</ele>
<time>2024-07-15T11:56:04Z</time>
<extensions>
<gpxtpx:TrackPointExtension>
<gpxtpx:hr>175</gpxtpx:hr>
</gpxtpx:TrackPointExtension>
</extensions>
</trkpt>
<trkpt lat="36.7607369" lon="126.9717419">
<ele>16.13</ele>
<time>2024-07-15T11:56:05Z</time>
<extensions>
<gpxtpx:TrackPointExtension>
<gpxtpx:hr>175</gpxtpx:hr>
</gpxtpx:TrackPointExtension>
</extensions>
</trkpt>
<trkpt lat="36.7607149" lon="126.9717347">
<ele>16.173</ele>
<time>2024-07-15T11:56:06Z</time>
<extensions>
<gpxtpx:TrackPointExtension>
<gpxtpx:hr>176</gpxtpx:hr>
</gpxtpx:TrackPointExtension>
</extensions>
</trkpt>
<trkpt lat="36.7606929" lon="126.9717269">
<ele>16.114</ele>
<time>2024-07-15T11:56:07Z</time>
<extensions>
<gpxtpx:TrackPointExtension>
<gpxtpx:hr>176</gpxtpx:hr>
</gpxtpx:TrackPointExtension>
</extensions>
</trkpt>
<trkpt lat="36.7606711" lon="126.9717185">
<ele>16.137</ele>
<time>2024-07-15T11:56:08Z</time>
<extensions>
<gpxtpx:TrackPointExtension>
<gpxtpx:hr>176</gpxtpx:hr>
</gpxtpx:TrackPointExtension>
</extensions>
</trkpt>
<trkpt lat="36.7606501" lon="126.9717099">
<ele>16.108</ele>
<time>2024-07-15T11:56:09Z</time>
<extensions>
<gpxtpx:TrackPointExtension>
<gpxtpx:hr>176</gpxtpx:hr>
</gpxtpx:TrackPointExtension>
</extensions>
</trkpt>
<trkpt lat="36.7606307" lon="126.9717001">
<ele>16.164</ele>
<time>2024-07-15T11:56:10Z</time>
<extensions>
<gpxtpx:TrackPointExtension>
<gpxtpx:hr>176</gpxtpx:hr>
</gpxtpx:TrackPointExtension>
</extensions>
</trkpt>
<trkpt lat="36.7606129" lon="126.971688">
<ele>16.253</ele>
<time>2024-07-15T11:56:11Z</time>
<extensions>
<gpxtpx:TrackPointExtension>
<gpxtpx:hr>176</gpxtpx:hr>
</gpxtpx:TrackPointExtension>
</extensions>
</trkpt>
<trkpt lat="36.7605952" lon="126.9716744">
<ele>16.236</ele>
<time>2024-07-15T11:56:12Z</time>
<extensions>
<gpxtpx:TrackPointExtension>
<gpxtpx:hr>176</gpxtpx:hr>
<gpxtpx:cad>156</gpxtpx:cad>
</gpxtpx:TrackPointExtension>
</extensions>
</trkpt>
<trkpt lat="36.7605796" lon="126.9716568">
<ele>16.261</ele>
<time>2024-07-15T11:56:13Z</time>
<extensions>
<gpxtpx:TrackPointExtension>
<gpxtpx:hr>176</gpxtpx:hr>
</gpxtpx:TrackPointExtension>
</extensions>
</trkpt>
<trkpt lat="36.760566" lon="126.9716367">
<ele>16.517</ele>
<time>2024-07-15T11:56:14Z</time>
<extensions>
<gpxtpx:TrackPointExtension>
<gpxtpx:hr>175</gpxtpx:hr>
</gpxtpx:TrackPointExtension>
</extensions>
</trkpt>
<trkpt lat="36.7605536" lon="126.9716165">
<ele>16.537</ele>
<time>2024-07-15T11:56:15Z</time>
<extensions>
<gpxtpx:TrackPointExtension>
<gpxtpx:hr>175</gpxtpx:hr>
</gpxtpx:TrackPointExtension>
</extensions>
</trkpt>
<trkpt lat="36.7605447" lon="126.9715953">
<ele>16.422</ele>
<time>2024-07-15T11:56:16Z</time>
<extensions>
<gpxtpx:TrackPointExtension>
<gpxtpx:hr>175</gpxtpx:hr>
</gpxtpx:TrackPointExtension>
</extensions>
</trkpt>
<trkpt lat="36.760539" lon="126.9715723">
<ele>16.223</ele>
<time>2024-07-15T11:56:17Z</time>
<extensions>
<gpxtpx:TrackPointExtension>
<gpxtpx:hr>175</gpxtpx:hr>
</gpxtpx:TrackPointExtension>
</extensions>
</trkpt>
<trkpt lat="36.7605372" lon="126.9715456">
<ele>16.175</ele>
<time>2024-07-15T11:56:19Z</time>
<extensions>
<gpxtpx:TrackPointExtension>
<gpxtpx:hr>175</gpxtpx:hr>
</gpxtpx:TrackPointExtension>
</extensions>
</trkpt>
<trkpt lat="36.7605394" lon="126.9715171">
<ele>16.173</ele>
<time>2024-07-15T11:56:20Z</time>
<extensions>
<gpxtpx:TrackPointExtension>
<gpxtpx:hr>174</gpxtpx:hr>
</gpxtpx:TrackPointExtension>
</extensions>
</trkpt>
<trkpt lat="36.760543" lon="126.9714872">
<ele>16.121</ele>
<time>2024-07-15T11:56:21Z</time>
<extensions>
<gpxtpx:TrackPointExtension>
<gpxtpx:hr>174</gpxtpx:hr>
</gpxtpx:TrackPointExtension>
</extensions>
</trkpt>
<trkpt lat="36.7605487" lon="126.9714564">
<ele>16.2</ele>
<time>2024-07-15T11:56:22Z</time>
<extensions>
<gpxtpx:TrackPointExtension>
<gpxtpx:hr>174</gpxtpx:hr>
</gpxtpx:TrackPointExtension>
</extensions>
</trkpt>
<trkpt lat="36.7605539" lon="126.9714274">
<ele>16.226</ele>
<time>2024-07-15T11:56:23Z</time>
<extensions>
<gpxtpx:TrackPointExtension>
<gpxtpx:hr>173</gpxtpx:hr>
<gpxtpx:cad>158</gpxtpx:cad>
</gpxtpx:TrackPointExtension>
</extensions>
</trkpt>
<trkpt lat="36.7605598" lon="126.9714001">
<ele>16.125</ele>
<time>2024-07-15T11:56:24Z</time>
<extensions>
<gpxtpx:TrackPointExtension>
<gpxtpx:hr>173</gpxtpx:hr>
</gpxtpx:TrackPointExtension>
</extensions>
</trkpt>
<trkpt lat="36.7605677" lon="126.9713761">
<ele>16.182</ele>
<time>2024-07-15T11:56:25Z</time>
<extensions>
<gpxtpx:TrackPointExtension>
<gpxtpx:hr>173</gpxtpx:hr>
</gpxtpx:TrackPointExtension>
</extensions>
</trkpt>
<trkpt lat="36.7605771" lon="126.9713534">
<ele>16.155</ele>
<time>2024-07-15T11:56:26Z</time>
<extensions>
<gpxtpx:TrackPointExtension>
<gpxtpx:hr>172</gpxtpx:hr>
</gpxtpx:TrackPointExtension>
</extensions>
</trkpt>
<trkpt lat="36.760587" lon="126.9713308">
<ele>16.15</ele>
<time>2024-07-15T11:56:27Z</time>
<extensions>
<gpxtpx:TrackPointExtension>
<gpxtpx:hr>172</gpxtpx:hr>
</gpxtpx:TrackPointExtension>
</extensions>
</trkpt>
<trkpt lat="36.760596" lon="126.9713082">
<ele>16.101</ele>
<time>2024-07-15T11:56:28Z</time>
<extensions>
<gpxtpx:TrackPointExtension>
<gpxtpx:hr>172</gpxtpx:hr>
</gpxtpx:TrackPointExtension>
</extensions>
</trkpt>
<trkpt lat="36.7606075" lon="126.971286">
<ele>16.176</ele>
<time>2024-07-15T11:56:29Z</time>
<extensions>
<gpxtpx:TrackPointExtension>
<gpxtpx:hr>172</gpxtpx:hr>
</gpxtpx:TrackPointExtension>
</extensions>
</trkpt>
<trkpt lat="36.7606223" lon="126.9712638">
<ele>16.192</ele>
<time>2024-07-15T11:56:30Z</time>
<extensions>
<gpxtpx:TrackPointExtension>
<gpxtpx:hr>172</gpxtpx:hr>
</gpxtpx:TrackPointExtension>
</extensions>
</trkpt>
<trkpt lat="36.7606385" lon="126.9712404">
<ele>16.281</ele>
<time>2024-07-15T11:56:31Z</time>
<extensions>
<gpxtpx:TrackPointExtension>
<gpxtpx:hr>171</gpxtpx:hr>
</gpxtpx:TrackPointExtension>
</extensions>
</trkpt>
<trkpt lat="36.7606533" lon="126.9712169">
<ele>16.355</ele>
<time>2024-07-15T11:56:32Z</time>
<extensions>
<gpxtpx:TrackPointExtension>
<gpxtpx:hr>171</gpxtpx:hr>
</gpxtpx:TrackPointExtension>
</extensions>
</trkpt>
<trkpt lat="36.7606642" lon="126.9711956">
<ele>16.225</ele>
<time>2024-07-15T11:56:33Z</time>
<extensions>
<gpxtpx:TrackPointExtension>
<gpxtpx:hr>171</gpxtpx:hr>
<gpxtpx:cad>157</gpxtpx:cad>
</gpxtpx:TrackPointExtension>
</extensions>
</trkpt>
<trkpt lat="36.7606711" lon="126.9711741">
<ele>16.147</ele>
<time>2024-07-15T11:56:34Z</time>
<extensions>
<gpxtpx:TrackPointExtension>
<gpxtpx:hr>171</gpxtpx:hr>
</gpxtpx:TrackPointExtension>
</extensions>
</trkpt>
<trkpt lat="36.7606777" lon="126.971152">
<ele>16.246</ele>
<time>2024-07-15T11:56:35Z</time>
<extensions>
<gpxtpx:TrackPointExtension>
<gpxtpx:hr>171</gpxtpx:hr>
</gpxtpx:TrackPointExtension>
</extensions>
</trkpt>
<trkpt lat="36.7606798" lon="126.9711291">
<ele>16.165</ele>
<time>2024-07-15T11:56:36Z</time>
<extensions>
<gpxtpx:TrackPointExtension>
<gpxtpx:hr>171</gpxtpx:hr>
<gpxtpx:cad>157</gpxtpx:cad>
</gpxtpx:TrackPointExtension>
</extensions>
</trkpt>
<trkpt lat="36.7606768" lon="126.9711065">
<ele>16.161</ele>
<time>2024-07-15T11:56:37Z</time>
<extensions>
<gpxtpx:TrackPointExtension>
<gpxtpx:hr>171</gpxtpx:hr>
</gpxtpx:TrackPointExtension>
</extensions>
</trkpt>
<trkpt lat="36.7606694" lon="126.9710863">
<ele>16.149</ele>
<time>2024-07-15T11:56:38Z</time>
<extensions>
<gpxtpx:TrackPointExtension>
<gpxtpx:hr>171</gpxtpx:hr>
</gpxtpx:TrackPointExtension>
</extensions>
</trkpt>
<trkpt lat="36.7606579" lon="126.9710681">
<ele>16.081</ele>
<time>2024-07-15T11:56:39Z</time>
<extensions>
<gpxtpx:TrackPointExtension>
<gpxtpx:hr>171</gpxtpx:hr>
</gpxtpx:TrackPointExtension>
</extensions>
</trkpt>
<trkpt lat="36.7606431" lon="126.9710511">
<ele>16.073</ele>
<time>2024-07-15T11:56:40Z</time>
<extensions>
<gpxtpx:TrackPointExtension>
<gpxtpx:hr>171</gpxtpx:hr>
</gpxtpx:TrackPointExtension>
</extensions>
</trkpt>
<trkpt lat="36.7606268" lon="126.9710348">
<ele>16.108</ele>
<time>2024-07-15T11:56:41Z</time>
<extensions>
<gpxtpx:TrackPointExtension>
<gpxtpx:hr>171</gpxtpx:hr>
</gpxtpx:TrackPointExtension>
</extensions>
</trkpt>
<trkpt lat="36.7606101" lon="126.9710179">
<ele>16.181</ele>
<time>2024-07-15T11:56:42Z</time>
<extensions>
<gpxtpx:TrackPointExtension>
<gpxtpx:hr>171</gpxtpx:hr>
<gpxtpx:cad>157</gpxtpx:cad>
</gpxtpx:TrackPointExtension>
</extensions>
</trkpt>
<trkpt lat="36.7605939" lon="126.9710006">
<ele>16.061</ele>
<time>2024-07-15T11:56:43Z</time>
<extensions>
<gpxtpx:TrackPointExtension>
<gpxtpx:hr>171</gpxtpx:hr>
</gpxtpx:TrackPointExtension>
</extensions>
</trkpt>
<trkpt lat="36.7605805" lon="126.970982">
<ele>16.14</ele>
<time>2024-07-15T11:56:44Z</time>
<extensions>
<gpxtpx:TrackPointExtension>
<gpxtpx:hr>171</gpxtpx:hr>
</gpxtpx:TrackPointExtension>
</extensions>
</trkpt>
<trkpt lat="36.7605706" lon="126.9709591">
<ele>16.254</ele>
<time>2024-07-15T11:56:45Z</time>
<extensions>
<gpxtpx:TrackPointExtension>
<gpxtpx:hr>171</gpxtpx:hr>
</gpxtpx:TrackPointExtension>
</extensions>
</trkpt>
<trkpt lat="36.7605622" lon="126.9709342">
<ele>16.134</ele>
<time>2024-07-15T11:56:46Z</time>
<extensions>
<gpxtpx:TrackPointExtension>
<gpxtpx:hr>171</gpxtpx:hr>
</gpxtpx:TrackPointExtension>
</extensions>
</trkpt>
<trkpt lat="36.7605569" lon="126.9709078">
<ele>16.032</ele>
<time>2024-07-15T11:56:47Z</time>
<extensions>
<gpxtpx:TrackPointExtension>
<gpxtpx:hr>171</gpxtpx:hr>
</gpxtpx:TrackPointExtension>
</extensions>
</trkpt>
<trkpt lat="36.7605535" lon="126.9708804">
<ele>16.138</ele>
<time>2024-07-15T11:56:48Z</time>
<extensions>
<gpxtpx:TrackPointExtension>
<gpxtpx:hr>171</gpxtpx:hr>
</gpxtpx:TrackPointExtension>
</extensions>
</trkpt>
<trkpt lat="36.760552" lon="126.9708524">
<ele>15.975</ele>
<time>2024-07-15T11:56:49Z</time>
<extensions>
<gpxtpx:TrackPointExtension>
<gpxtpx:hr>172</gpxtpx:hr>
</gpxtpx:TrackPointExtension>
</extensions>
</trkpt>
<trkpt lat="36.760552" lon="126.9708256">
<ele>16.052</ele>
<time>2024-07-15T11:56:50Z</time>
<extensions>
<gpxtpx:TrackPointExtension>
<gpxtpx:hr>172</gpxtpx:hr>
</gpxtpx:TrackPointExtension>
</extensions>
</trkpt>
<trkpt lat="36.7605531" lon="126.9707986">
<ele>16.094</ele>
<time>2024-07-15T11:56:51Z</time>
<extensions>
<gpxtpx:TrackPointExtension>
<gpxtpx:hr>172</gpxtpx:hr>
</gpxtpx:TrackPointExtension>
</extensions>
</trkpt>
<trkpt lat="36.760556" lon="126.9707704">
<ele>15.871</ele>
<time>2024-07-15T11:56:52Z</time>
<extensions>
<gpxtpx:TrackPointExtension>
<gpxtpx:hr>173</gpxtpx:hr>
<gpxtpx:cad>157</gpxtpx:cad>
</gpxtpx:TrackPointExtension>
</extensions>
</trkpt>
<trkpt lat="36.7605618" lon="126.970739">
<ele>15.834</ele>
<time>2024-07-15T11:56:53Z</time>
<extensions>
<gpxtpx:TrackPointExtension>
<gpxtpx:hr>173</gpxtpx:hr>
</gpxtpx:TrackPointExtension>
</extensions>
</trkpt>
<trkpt lat="36.7605687" lon="126.9707073">
<ele>15.913</ele>
<time>2024-07-15T11:56:54Z</time>
<extensions>
<gpxtpx:TrackPointExtension>
<gpxtpx:hr>173</gpxtpx:hr>
</gpxtpx:TrackPointExtension>
</extensions>
</trkpt>
<trkpt lat="36.7605744" lon="126.9706758">
<ele>15.779</ele>
<time>2024-07-15T11:56:55Z</time>
<extensions>
<gpxtpx:TrackPointExtension>
<gpxtpx:hr>173</gpxtpx:hr>
</gpxtpx:TrackPointExtension>
</extensions>
</trkpt>
<trkpt lat="36.7605773" lon="126.9706418">
<ele>15.92</ele>
<time>2024-07-15T11:56:56Z</time>
<extensions>
<gpxtpx:TrackPointExtension>
<gpxtpx:hr>173</gpxtpx:hr>
</gpxtpx:TrackPointExtension>
</extensions>
</trkpt>
<trkpt lat="36.7605774" lon="126.9706029">
<ele>16.0</ele>
<time>2024-07-15T11:56:57Z</time>
<extensions>
<gpxtpx:TrackPointExtension>
<gpxtpx:hr>174</gpxtpx:hr>
</gpxtpx:TrackPointExtension>
</extensions>
</trkpt>
<trkpt lat="36.7605745" lon="126.9705624">
<ele>15.85</ele>
<time>2024-07-15T11:56:58Z</time>
<extensions>
<gpxtpx:TrackPointExtension>
<gpxtpx:hr>174</gpxtpx:hr>
</gpxtpx:TrackPointExtension>
</extensions>
</trkpt>
<trkpt lat="36.7605725" lon="126.9705237">
<ele>15.82</ele>
<time>2024-07-15T11:56:59Z</time>
<extensions>
<gpxtpx:TrackPointExtension>
<gpxtpx:hr>174</gpxtpx:hr>
</gpxtpx:TrackPointExtension>
</extensions>
</trkpt>
<trkpt lat="36.760572" lon="126.9704881">
<ele>15.914</ele>
<time>2024-07-15T11:57:00Z</time>
<extensions>
<gpxtpx:TrackPointExtension>
<gpxtpx:hr>174</gpxtpx:hr>
</gpxtpx:TrackPointExtension>
</extensions>
</trkpt>
<trkpt lat="36.7605713" lon="126.9704536">
<ele>15.799</ele>
<time>2024-07-15T11:57:01Z</time>
<extensions>
<gpxtpx:TrackPointExtension>
<gpxtpx:hr>174</gpxtpx:hr>
</gpxtpx:TrackPointExtension>
</extensions>
</trkpt>
<trkpt lat="36.7605696" lon="126.9704209">
<ele>15.826</ele>
<time>2024-07-15T11:57:02Z</time>
<extensions>
<gpxtpx:TrackPointExtension>
<gpxtpx:hr>173</gpxtpx:hr>
<gpxtpx:cad>158</gpxtpx:cad>
</gpxtpx:TrackPointExtension>
</extensions>
</trkpt>
<trkpt lat="36.7605677" lon="126.9703903">
<ele>15.954</ele>
<time>2024-07-15T11:57:03Z</time>
<extensions>
<gpxtpx:TrackPointExtension>
<gpxtpx:hr>173</gpxtpx:hr>
</gpxtpx:TrackPointExtension>
</extensions>
</trkpt>
<trkpt lat="36.7605677" lon="126.9703611">
<ele>15.949</ele>
<time>2024-07-15T11:57:04Z</time>
<extensions>
<gpxtpx:TrackPointExtension>
<gpxtpx:hr>173</gpxtpx:hr>
</gpxtpx:TrackPointExtension>
</extensions>
</trkpt>
<trkpt lat="36.760569" lon="126.9703343">
<ele>15.944</ele>
<time>2024-07-15T11:57:05Z</time>
<extensions>
<gpxtpx:TrackPointExtension>
<gpxtpx:hr>173</gpxtpx:hr>
</gpxtpx:TrackPointExtension>
</extensions>
</trkpt>
<trkpt lat="36.7605699" lon="126.9703073">
<ele>16.006</ele>
<time>2024-07-15T11:57:06Z</time>
<extensions>
<gpxtpx:TrackPointExtension>
<gpxtpx:hr>172</gpxtpx:hr>
</gpxtpx:TrackPointExtension>
</extensions>
</trkpt>
<trkpt lat="36.7605715" lon="126.9702794">
<ele>16.065</ele>
<time>2024-07-15T11:57:07Z</time>
<extensions>
<gpxtpx:TrackPointExtension>
<gpxtpx:hr>172</gpxtpx:hr>
</gpxtpx:TrackPointExtension>
</extensions>
</trkpt>
<trkpt lat="36.7605722" lon="126.9702479">
<ele>15.873</ele>
<time>2024-07-15T11:57:08Z</time>
<extensions>
<gpxtpx:TrackPointExtension>
<gpxtpx:hr>172</gpxtpx:hr>
</gpxtpx:TrackPointExtension>
</extensions>
</trkpt>
<trkpt lat="36.760573" lon="126.9702159">
<ele>15.954</ele>
<time>2024-07-15T11:57:09Z</time>
<extensions>
<gpxtpx:TrackPointExtension>
<gpxtpx:hr>172</gpxtpx:hr>
</gpxtpx:TrackPointExtension>
</extensions>
</trkpt>
<trkpt lat="36.7605707" lon="126.9701846">
<ele>16.0</ele>
<time>2024-07-15T11:57:10Z</time>
<extensions>
<gpxtpx:TrackPointExtension>
<gpxtpx:hr>173</gpxtpx:hr>
</gpxtpx:TrackPointExtension>
</extensions>
</trkpt>
<trkpt lat="36.7605663" lon="126.9701534">
<ele>16.085</ele>
<time>2024-07-15T11:57:11Z</time>
<extensions>
<gpxtpx:TrackPointExtension>
<gpxtpx:hr>173</gpxtpx:hr>
</gpxtpx:TrackPointExtension>
</extensions>
</trkpt>
<trkpt lat="36.7605603" lon="126.9701187">
<ele>16.1</ele>
<time>2024-07-15T11:57:12Z</time>
<extensions>
<gpxtpx:TrackPointExtension>
<gpxtpx:hr>173</gpxtpx:hr>
<gpxtpx:cad>155</gpxtpx:cad>
</gpxtpx:TrackPointExtension>
</extensions>
</trkpt>
<trkpt lat="36.7605544" lon="126.970083">
<ele>16.056</ele>
<time>2024-07-15T11:57:13Z</time>
<extensions>
<gpxtpx:TrackPointExtension>
<gpxtpx:hr>174</gpxtpx:hr>
<gpxtpx:cad>155</gpxtpx:cad>
</gpxtpx:TrackPointExtension>
</extensions>
</trkpt>
<trkpt lat="36.7605492" lon="126.9700477">
<ele>16.028</ele>
<time>2024-07-15T11:57:14Z</time>
<extensions>
<gpxtpx:TrackPointExtension>
<gpxtpx:hr>174</gpxtpx:hr>
</gpxtpx:TrackPointExtension>
</extensions>
</trkpt>
<trkpt lat="36.7605445" lon="126.9700152">
<ele>16.039</ele>
<time>2024-07-15T11:57:15Z</time>
<extensions>
<gpxtpx:TrackPointExtension>
<gpxtpx:hr>174</gpxtpx:hr>
</gpxtpx:TrackPointExtension>
</extensions>
</trkpt>
<trkpt lat="36.7605419" lon="126.9699857">
<ele>16.037</ele>
<time>2024-07-15T11:57:16Z</time>
<extensions>
<gpxtpx:TrackPointExtension>
<gpxtpx:hr>174</gpxtpx:hr>
</gpxtpx:TrackPointExtension>
</extensions>
</trkpt>
<trkpt lat="36.7605389" lon="126.9699599">
<ele>16.094</ele>
<time>2024-07-15T11:57:17Z</time>
<extensions>
<gpxtpx:TrackPointExtension>
<gpxtpx:hr>174</gpxtpx:hr>
</gpxtpx:TrackPointExtension>
</extensions>
</trkpt>
<trkpt lat="36.7605354" lon="126.9699376">
<ele>16.033</ele>
<time>2024-07-15T11:57:18Z</time>
<extensions>
<gpxtpx:TrackPointExtension>
<gpxtpx:hr>174</gpxtpx:hr>
</gpxtpx:TrackPointExtension>
</extensions>
</trkpt>
<trkpt lat="36.7605296" lon="126.9699121">
<ele>16.066</ele>
<time>2024-07-15T11:57:19Z</time>
<extensions>
<gpxtpx:TrackPointExtension>
<gpxtpx:hr>174</gpxtpx:hr>
</gpxtpx:TrackPointExtension>
</extensions>
</trkpt>
<trkpt lat="36.7605256" lon="126.9698839">
<ele>16.137</ele>
<time>2024-07-15T11:57:20Z</time>
</trkpt>
<trkpt lat="36.7605196" lon="126.9698527">
<ele>16.09</ele>
<time>2024-07-15T11:57:21Z</time>
<extensions>
<gpxtpx:TrackPointExtension>
<gpxtpx:hr>174</gpxtpx:hr>
</gpxtpx:TrackPointExtension>
</extensions>
</trkpt>
<trkpt lat="36.7605144" lon="126.9698174">
<ele>16.017</ele>
<time>2024-07-15T11:57:22Z</time>
<extensions>
<gpxtpx:TrackPointExtension>
<gpxtpx:hr>174</gpxtpx:hr>
<gpxtpx:cad>155</gpxtpx:cad>
</gpxtpx:TrackPointExtension>
</extensions>
</trkpt>
<trkpt lat="36.7605095" lon="126.9697781">
<ele>16.182</ele>
<time>2024-07-15T11:57:23Z</time>
<extensions>
<gpxtpx:TrackPointExtension>
<gpxtpx:hr>174</gpxtpx:hr>
</gpxtpx:TrackPointExtension>
</extensions>
</trkpt>
<trkpt lat="36.7605061" lon="126.9697362">
<ele>16.162</ele>
<time>2024-07-15T11:57:24Z</time>
<extensions>
<gpxtpx:TrackPointExtension>
<gpxtpx:hr>174</gpxtpx:hr>
</gpxtpx:TrackPointExtension>
</extensions>
</trkpt>
<trkpt lat="36.760505" lon="126.9696927">
<ele>16.11</ele>
<time>2024-07-15T11:57:25Z</time>
<extensions>
<gpxtpx:TrackPointExtension>
<gpxtpx:hr>174</gpxtpx:hr>
</gpxtpx:TrackPointExtension>
</extensions>
</trkpt>
<trkpt lat="36.7605033" lon="126.9696476">
<ele>16.243</ele>
<time>2024-07-15T11:57:26Z</time>
<extensions>
<gpxtpx:TrackPointExtension>
<gpxtpx:hr>174</gpxtpx:hr>
</gpxtpx:TrackPointExtension>
</extensions>
</trkpt>
<trkpt lat="36.7605007" lon="126.9696019">
<ele>16.368</ele>
<time>2024-07-15T11:57:27Z</time>
<extensions>
<gpxtpx:TrackPointExtension>
<gpxtpx:hr>174</gpxtpx:hr>
</gpxtpx:TrackPointExtension>
</extensions>
</trkpt>
<trkpt lat="36.7604986" lon="126.9695543">
<ele>16.399</ele>
<time>2024-07-15T11:57:28Z</time>
<extensions>
<gpxtpx:TrackPointExtension>
<gpxtpx:hr>174</gpxtpx:hr>
</gpxtpx:TrackPointExtension>
</extensions>
</trkpt>
<trkpt lat="36.7604985" lon="126.969508">
<ele>16.438</ele>
<time>2024-07-15T11:57:29Z</time>
<extensions>
<gpxtpx:TrackPointExtension>
<gpxtpx:hr>174</gpxtpx:hr>
</gpxtpx:TrackPointExtension>
</extensions>
</trkpt>
<trkpt lat="36.7604994" lon="126.9694629">
<ele>16.606</ele>
<time>2024-07-15T11:57:30Z</time>
<extensions>
<gpxtpx:TrackPointExtension>
<gpxtpx:hr>174</gpxtpx:hr>
</gpxtpx:TrackPointExtension>
</extensions>
</trkpt>
<trkpt lat="36.7605037" lon="126.9694205">
<ele>16.773</ele>
<time>2024-07-15T11:57:31Z</time>
<extensions>
<gpxtpx:TrackPointExtension>
<gpxtpx:hr>175</gpxtpx:hr>
</gpxtpx:TrackPointExtension>
</extensions>
</trkpt>
<trkpt lat="36.7605109" lon="126.9693856">
<ele>16.779</ele>
<time>2024-07-15T11:57:32Z</time>
<extensions>
<gpxtpx:TrackPointExtension>
<gpxtpx:hr>175</gpxtpx:hr>
<gpxtpx:cad>154</gpxtpx:cad>
</gpxtpx:TrackPointExtension>
</extensions>
</trkpt>
<trkpt lat="36.7605225" lon="126.9693573">
<ele>16.91</ele>
<time>2024-07-15T11:57:33Z</time>
<extensions>
<gpxtpx:TrackPointExtension>
<gpxtpx:hr>175</gpxtpx:hr>
</gpxtpx:TrackPointExtension>
</extensions>
</trkpt>
<trkpt lat="36.7605539" lon="126.9693102">
<ele>17.128</ele>
<time>2024-07-15T11:57:34Z</time>
<extensions>
<gpxtpx:TrackPointExtension>
<gpxtpx:hr>175</gpxtpx:hr>
</gpxtpx:TrackPointExtension>
</extensions>
</trkpt>
<trkpt lat="36.760571" lon="126.9692879">
<ele>17.285</ele>
<time>2024-07-15T11:57:35Z</time>
<extensions>
<gpxtpx:TrackPointExtension>
<gpxtpx:hr>175</gpxtpx:hr>
</gpxtpx:TrackPointExtension>
</extensions>
</trkpt>
<trkpt lat="36.7605907" lon="126.9692694">
<ele>17.28</ele>
<time>2024-07-15T11:57:36Z</time>
<extensions>
<gpxtpx:TrackPointExtension>
<gpxtpx:hr>175</gpxtpx:hr>
</gpxtpx:TrackPointExtension>
</extensions>
</trkpt>
<trkpt lat="36.7606129" lon="126.9692558">
<ele>17.511</ele>
<time>2024-07-15T11:57:37Z</time>
<extensions>
<gpxtpx:TrackPointExtension>
<gpxtpx:hr>175</gpxtpx:hr>
</gpxtpx:TrackPointExtension>
</extensions>
</trkpt>
<trkpt lat="36.7606354" lon="126.9692433">
<ele>17.532</ele>
<time>2024-07-15T11:57:38Z</time>
<extensions>
<gpxtpx:TrackPointExtension>
<gpxtpx:hr>175</gpxtpx:hr>
</gpxtpx:TrackPointExtension>
</extensions>
</trkpt>
<trkpt lat="36.7606547" lon="126.9692299">
<ele>17.502</ele>
<time>2024-07-15T11:57:39Z</time>
<extensions>
<gpxtpx:TrackPointExtension>
<gpxtpx:hr>175</gpxtpx:hr>
</gpxtpx:TrackPointExtension>
</extensions>
</trkpt>
<trkpt lat="36.7606725" lon="126.9692151">
<ele>17.495</ele>
<time>2024-07-15T11:57:40Z</time>
<extensions>
<gpxtpx:TrackPointExtension>
<gpxtpx:hr>175</gpxtpx:hr>
</gpxtpx:TrackPointExtension>
</extensions>
</trkpt>
<trkpt lat="36.7606898" lon="126.9691995">
<ele>17.598</ele>
<time>2024-07-15T11:57:41Z</time>
<extensions>
<gpxtpx:TrackPointExtension>
<gpxtpx:hr>175</gpxtpx:hr>
</gpxtpx:TrackPointExtension>
</extensions>
</trkpt>
<trkpt lat="36.7607069" lon="126.9691805">
<ele>17.618</ele>
<time>2024-07-15T11:57:42Z</time>
<extensions>
<gpxtpx:TrackPointExtension>
<gpxtpx:hr>175</gpxtpx:hr>
<gpxtpx:cad>152</gpxtpx:cad>
</gpxtpx:TrackPointExtension>
</extensions>
</trkpt>
<trkpt lat="36.7607223" lon="126.9691596">
<ele>17.462</ele>
<time>2024-07-15T11:57:43Z</time>
<extensions>
<gpxtpx:TrackPointExtension>
<gpxtpx:hr>175</gpxtpx:hr>
</gpxtpx:TrackPointExtension>
</extensions>
</trkpt>
<trkpt lat="36.7607365" lon="126.9691362">
<ele>17.585</ele>
<time>2024-07-15T11:57:44Z</time>
<extensions>
<gpxtpx:TrackPointExtension>
<gpxtpx:hr>175</gpxtpx:hr>
</gpxtpx:TrackPointExtension>
</extensions>
</trkpt>
<trkpt lat="36.7607512" lon="126.9691144">
<ele>17.468</ele>
<time>2024-07-15T11:57:45Z</time>
<extensions>
<gpxtpx:TrackPointExtension>
<gpxtpx:hr>175</gpxtpx:hr>
<gpxtpx:cad>152</gpxtpx:cad>
</gpxtpx:TrackPointExtension>
</extensions>
</trkpt>
<trkpt lat="36.7607665" lon="126.9690942">
<ele>17.196</ele>
<time>2024-07-15T11:57:46Z</time>
<extensions>
<gpxtpx:TrackPointExtension>
<gpxtpx:hr>175</gpxtpx:hr>
</gpxtpx:TrackPointExtension>
</extensions>
</trkpt>
<trkpt lat="36.760783" lon="126.9690725">
<ele>17.25</ele>
<time>2024-07-15T11:57:47Z</time>
<extensions>
<gpxtpx:TrackPointExtension>
<gpxtpx:hr>175</gpxtpx:hr>
</gpxtpx:TrackPointExtension>
</extensions>
</trkpt>
<trkpt lat="36.7607998" lon="126.9690517">
<ele>17.177</ele>
<time>2024-07-15T11:57:48Z</time>
<extensions>
<gpxtpx:TrackPointExtension>
<gpxtpx:hr>175</gpxtpx:hr>
</gpxtpx:TrackPointExtension>
</extensions>
</trkpt>
<trkpt lat="36.7608143" lon="126.969029">
<ele>16.919</ele>
<time>2024-07-15T11:57:49Z</time>
<extensions>
<gpxtpx:TrackPointExtension>
<gpxtpx:hr>175</gpxtpx:hr>
</gpxtpx:TrackPointExtension>
</extensions>
</trkpt>
<trkpt lat="36.7608269" lon="126.9690045">
<ele>16.749</ele>
<time>2024-07-15T11:57:50Z</time>
<extensions>
<gpxtpx:TrackPointExtension>
<gpxtpx:hr>175</gpxtpx:hr>
</gpxtpx:TrackPointExtension>
</extensions>
</trkpt>
<trkpt lat="36.7608364" lon="126.9689748">
<ele>16.638</ele>
<time>2024-07-15T11:57:51Z</time>
<extensions>
<gpxtpx:TrackPointExtension>
<gpxtpx:hr>175</gpxtpx:hr>
</gpxtpx:TrackPointExtension>
</extensions>
</trkpt>
<trkpt lat="36.7608413" lon="126.9689485">
<ele>16.313</ele>
<time>2024-07-15T11:57:52Z</time>
<extensions>
<gpxtpx:TrackPointExtension>
<gpxtpx:cad>153</gpxtpx:cad>
</gpxtpx:TrackPointExtension>
</extensions>
</trkpt>
<trkpt lat="36.7608401" lon="126.9689254">
<ele>16.259</ele>
<time>2024-07-15T11:57:53Z</time>
<extensions>
<gpxtpx:TrackPointExtension>
<gpxtpx:hr>175</gpxtpx:hr>
</gpxtpx:TrackPointExtension>
</extensions>
</trkpt>
<trkpt lat="36.7608345" lon="126.9689063">
<ele>16.164</ele>
<time>2024-07-15T11:57:54Z</time>
<extensions>
<gpxtpx:TrackPointExtension>
<gpxtpx:hr>175</gpxtpx:hr>
</gpxtpx:TrackPointExtension>
</extensions>
</trkpt>
<trkpt lat="36.7608267" lon="126.9688869">
<ele>16.005</ele>
<time>2024-07-15T11:57:55Z</time>
<extensions>
<gpxtpx:TrackPointExtension>
<gpxtpx:hr>175</gpxtpx:hr>
</gpxtpx:TrackPointExtension>
</extensions>
</trkpt>
<trkpt lat="36.7608156" lon="126.9688612">
<ele>16.082</ele>
<time>2024-07-15T11:57:56Z</time>
<extensions>
<gpxtpx:TrackPointExtension>
<gpxtpx:hr>175</gpxtpx:hr>
</gpxtpx:TrackPointExtension>
</extensions>
</trkpt>
<trkpt lat="36.7608071" lon="126.9688298">
<ele>16.056</ele>
<time>2024-07-15T11:57:57Z</time>
<extensions>
<gpxtpx:TrackPointExtension>
<gpxtpx:hr>175</gpxtpx:hr>
</gpxtpx:TrackPointExtension>
</extensions>
</trkpt>
<trkpt lat="36.7608011" lon="126.9687954">
<ele>16.049</ele>
<time>2024-07-15T11:57:58Z</time>
<extensions>
<gpxtpx:TrackPointExtension>
<gpxtpx:hr>175</gpxtpx:hr>
</gpxtpx:TrackPointExtension>
</extensions>
</trkpt>
<trkpt lat="36.7608009" lon="126.9687597">
<ele>16.011</ele>
<time>2024-07-15T11:57:59Z</time>
<extensions>
<gpxtpx:TrackPointExtension>
<gpxtpx:hr>175</gpxtpx:hr>
</gpxtpx:TrackPointExtension>
</extensions>
</trkpt>
<trkpt lat="36.7608056" lon="126.9687254">
<ele>16.023</ele>
<time>2024-07-15T11:58:00Z</time>
<extensions>
<gpxtpx:TrackPointExtension>
<gpxtpx:hr>175</gpxtpx:hr>
</gpxtpx:TrackPointExtension>
</extensions>
</trkpt>
<trkpt lat="36.7608177" lon="126.968695">
<ele>16.066</ele>
<time>2024-07-15T11:58:01Z</time>
<extensions>
<gpxtpx:TrackPointExtension>
<gpxtpx:hr>175</gpxtpx:hr>
</gpxtpx:TrackPointExtension>
</extensions>
</trkpt>
<trkpt lat="36.760835" lon="126.9686681">
<ele>16.096</ele>
<time>2024-07-15T11:58:02Z</time>
<extensions>
<gpxtpx:TrackPointExtension>
<gpxtpx:hr>175</gpxtpx:hr>
<gpxtpx:cad>155</gpxtpx:cad>
</gpxtpx:TrackPointExtension>
</extensions>
</trkpt>
<trkpt lat="36.7608557" lon="126.9686463">
<ele>16.027</ele>
<time>2024-07-15T11:58:03Z</time>
<extensions>
<gpxtpx:TrackPointExtension>
<gpxtpx:hr>175</gpxtpx:hr>
</gpxtpx:TrackPointExtension>
</extensions>
</trkpt>
<trkpt lat="36.7608782" lon="126.9686255">
<ele>16.164</ele>
<time>2024-07-15T11:58:04Z</time>
<extensions>
<gpxtpx:TrackPointExtension>
<gpxtpx:hr>176</gpxtpx:hr>
</gpxtpx:TrackPointExtension>
</extensions>
</trkpt>
<trkpt lat="36.7608998" lon="126.968607">
<ele>16.122</ele>
<time>2024-07-15T11:58:05Z</time>
<extensions>
<gpxtpx:TrackPointExtension>
<gpxtpx:hr>176</gpxtpx:hr>
</gpxtpx:TrackPointExtension>
</extensions>
</trkpt>
<trkpt lat="36.7609198" lon="126.9685871">
<ele>16.047</ele>
<time>2024-07-15T11:58:06Z</time>
<extensions>
<gpxtpx:TrackPointExtension>
<gpxtpx:hr>176</gpxtpx:hr>
</gpxtpx:TrackPointExtension>
</extensions>
</trkpt>
<trkpt lat="36.7609399" lon="126.9685648">
<ele>16.142</ele>
<time>2024-07-15T11:58:07Z</time>
<extensions>
<gpxtpx:TrackPointExtension>
<gpxtpx:hr>176</gpxtpx:hr>
</gpxtpx:TrackPointExtension>
</extensions>
</trkpt>
<trkpt lat="36.7609604" lon="126.9685436">
<ele>16.15</ele>
<time>2024-07-15T11:58:08Z</time>
<extensions>
<gpxtpx:TrackPointExtension>
<gpxtpx:hr>176</gpxtpx:hr>
</gpxtpx:TrackPointExtension>
</extensions>
</trkpt>
<trkpt lat="36.7609799" lon="126.9685228">
<ele>16.044</ele>
<time>2024-07-15T11:58:09Z</time>
<extensions>
<gpxtpx:TrackPointExtension>
<gpxtpx:hr>175</gpxtpx:hr>
</gpxtpx:TrackPointExtension>
</extensions>
</trkpt>
<trkpt lat="36.7609992" lon="126.9685037">
<ele>16.111</ele>
<time>2024-07-15T11:58:10Z</time>
<extensions>
<gpxtpx:TrackPointExtension>
<gpxtpx:hr>175</gpxtpx:hr>
</gpxtpx:TrackPointExtension>
</extensions>
</trkpt>
<trkpt lat="36.7610183" lon="126.9684844">
<ele>16.118</ele>
<time>2024-07-15T11:58:11Z</time>
<extensions>
<gpxtpx:TrackPointExtension>
<gpxtpx:hr>175</gpxtpx:hr>
</gpxtpx:TrackPointExtension>
</extensions>
</trkpt>
<trkpt lat="36.7610383" lon="126.9684649">
<ele>16.012</ele>
<time>2024-07-15T11:58:12Z</time>
<extensions>
<gpxtpx:TrackPointExtension>
<gpxtpx:hr>175</gpxtpx:hr>
<gpxtpx:cad>155</gpxtpx:cad>
</gpxtpx:TrackPointExtension>
</extensions>
</trkpt>
<trkpt lat="36.7610608" lon="126.9684436">
<ele>15.998</ele>
<time>2024-07-15T11:58:13Z</time>
<extensions>
<gpxtpx:TrackPointExtension>
<gpxtpx:hr>175</gpxtpx:hr>
</gpxtpx:TrackPointExtension>
</extensions>
</trkpt>
<trkpt lat="36.7610846" lon="126.9684214">
<ele>16.144</ele>
<time>2024-07-15T11:58:14Z</time>
<extensions>
<gpxtpx:TrackPointExtension>
<gpxtpx:hr>175</gpxtpx:hr>
</gpxtpx:TrackPointExtension>
</extensions>
</trkpt>
<trkpt lat="36.7611091" lon="126.9683983">
<ele>16.155</ele>
<time>2024-07-15T11:58:15Z</time>
<extensions>
<gpxtpx:TrackPointExtension>
<gpxtpx:hr>175</gpxtpx:hr>
</gpxtpx:TrackPointExtension>
</extensions>
</trkpt>
<trkpt lat="36.7611316" lon="126.9683758">
<ele>16.127</ele>
<time>2024-07-15T11:58:16Z</time>
<extensions>
<gpxtpx:TrackPointExtension>
<gpxtpx:hr>175</gpxtpx:hr>
</gpxtpx:TrackPointExtension>
</extensions>
</trkpt>
<trkpt lat="36.7611514" lon="126.9683536">
<ele>16.165</ele>
<time>2024-07-15T11:58:17Z</time>
<extensions>
<gpxtpx:TrackPointExtension>
<gpxtpx:hr>175</gpxtpx:hr>
</gpxtpx:TrackPointExtension>
</extensions>
</trkpt>
<trkpt lat="36.7611692" lon="126.9683307">
<ele>16.19</ele>
<time>2024-07-15T11:58:18Z</time>
<extensions>
<gpxtpx:TrackPointExtension>
<gpxtpx:hr>174</gpxtpx:hr>
</gpxtpx:TrackPointExtension>
</extensions>
</trkpt>
<trkpt lat="36.7611838" lon="126.9683069">
<ele>16.091</ele>
<time>2024-07-15T11:58:19Z</time>
<extensions>
<gpxtpx:TrackPointExtension>
<gpxtpx:hr>175</gpxtpx:hr>
</gpxtpx:TrackPointExtension>
</extensions>
</trkpt>
<trkpt lat="36.761198" lon="126.9682839">
<ele>16.105</ele>
<time>2024-07-15T11:58:20Z</time>
<extensions>
<gpxtpx:TrackPointExtension>
<gpxtpx:hr>175</gpxtpx:hr>
</gpxtpx:TrackPointExtension>
</extensions>
</trkpt>
<trkpt lat="36.7612127" lon="126.9682619">
<ele>16.217</ele>
<time>2024-07-15T11:58:21Z</time>
<extensions>
<gpxtpx:TrackPointExtension>
<gpxtpx:hr>175</gpxtpx:hr>
<gpxtpx:cad>154</gpxtpx:cad>
</gpxtpx:TrackPointExtension>
</extensions>
</trkpt>
<trkpt lat="36.7612293" lon="126.9682383">
<ele>16.149</ele>
<time>2024-07-15T11:58:22Z</time>
<extensions>
<gpxtpx:TrackPointExtension>
<gpxtpx:hr>175</gpxtpx:hr>
<gpxtpx:cad>154</gpxtpx:cad>
</gpxtpx:TrackPointExtension>
</extensions>
</trkpt>
<trkpt lat="36.7612466" lon="126.9682138">
<ele>16.231</ele>
<time>2024-07-15T11:58:23Z</time>
<extensions>
<gpxtpx:TrackPointExtension>
<gpxtpx:hr>175</gpxtpx:hr>
</gpxtpx:TrackPointExtension>
</extensions>
</trkpt>
<trkpt lat="36.7612647" lon="126.9681895">
<ele>16.373</ele>
<time>2024-07-15T11:58:24Z</time>
<extensions>
<gpxtpx:TrackPointExtension>
<gpxtpx:hr>175</gpxtpx:hr>
</gpxtpx:TrackPointExtension>
</extensions>
</trkpt>
<trkpt lat="36.7612819" lon="126.9681662">
<ele>16.522</ele>
<time>2024-07-15T11:58:25Z</time>
<extensions>
<gpxtpx:TrackPointExtension>
<gpxtpx:hr>175</gpxtpx:hr>
</gpxtpx:TrackPointExtension>
</extensions>
</trkpt>
<trkpt lat="36.7612987" lon="126.9681449">
<ele>16.599</ele>
<time>2024-07-15T11:58:26Z</time>
<extensions>
<gpxtpx:TrackPointExtension>
<gpxtpx:hr>175</gpxtpx:hr>
</gpxtpx:TrackPointExtension>
</extensions>
</trkpt>
<trkpt lat="36.7613181" lon="126.9681246">
<ele>16.81</ele>
<time>2024-07-15T11:58:27Z</time>
<extensions>
<gpxtpx:TrackPointExtension>
<gpxtpx:hr>175</gpxtpx:hr>
</gpxtpx:TrackPointExtension>
</extensions>
</trkpt>
<trkpt lat="36.7613385" lon="126.9681049">
<ele>16.987</ele>
<time>2024-07-15T11:58:28Z</time>
<extensions>
<gpxtpx:TrackPointExtension>
<gpxtpx:hr>175</gpxtpx:hr>
</gpxtpx:TrackPointExtension>
</extensions>
</trkpt>
<trkpt lat="36.7613588" lon="126.9680852">
<ele>17.084</ele>
<time>2024-07-15T11:58:29Z</time>
<extensions>
<gpxtpx:TrackPointExtension>
<gpxtpx:hr>175</gpxtpx:hr>
</gpxtpx:TrackPointExtension>
</extensions>
</trkpt>
<trkpt lat="36.7613772" lon="126.9680668">
<ele>17.174</ele>
<time>2024-07-15T11:58:30Z</time>
<extensions>
<gpxtpx:TrackPointExtension>
<gpxtpx:hr>175</gpxtpx:hr>
</gpxtpx:TrackPointExtension>
</extensions>
</trkpt>
<trkpt lat="36.761395" lon="126.96805">
<ele>17.252</ele>
<time>2024-07-15T11:58:31Z</time>
<extensions>
<gpxtpx:TrackPointExtension>
<gpxtpx:hr>174</gpxtpx:hr>
</gpxtpx:TrackPointExtension>
</extensions>
</trkpt>
<trkpt lat="36.7614101" lon="126.9680336">
<ele>17.308</ele>
<time>2024-07-15T11:58:32Z</time>
<extensions>
<gpxtpx:TrackPointExtension>
<gpxtpx:hr>174</gpxtpx:hr>
<gpxtpx:cad>150</gpxtpx:cad>
</gpxtpx:TrackPointExtension>
</extensions>
</trkpt>
<trkpt lat="36.7614229" lon="126.9680222">
<ele>17.352</ele>
<time>2024-07-15T11:58:33Z</time>
<extensions>
<gpxtpx:TrackPointExtension>
<gpxtpx:hr>174</gpxtpx:hr>
</gpxtpx:TrackPointExtension>
</extensions>
</trkpt>
<trkpt lat="36.7614299" lon="126.9680159">
<ele>17.301</ele>
<time>2024-07-15T11:58:34Z</time>
<extensions>
<gpxtpx:TrackPointExtension>
<gpxtpx:hr>175</gpxtpx:hr>
</gpxtpx:TrackPointExtension>
</extensions>
</trkpt>
<trkpt lat="36.7614375" lon="126.9680111">
<ele>17.253</ele>
<time>2024-07-15T11:58:35Z</time>
<extensions>
<gpxtpx:TrackPointExtension>
<gpxtpx:hr>175</gpxtpx:hr>
</gpxtpx:TrackPointExtension>
</extensions>
</trkpt>
<trkpt lat="36.7614507" lon="126.9680093">
<ele>17.36</ele>
<time>2024-07-15T11:58:36Z</time>
<extensions>
<gpxtpx:TrackPointExtension>
<gpxtpx:hr>175</gpxtpx:hr>
</gpxtpx:TrackPointExtension>
</extensions>
</trkpt>
<trkpt lat="36.7614692" lon="126.9680143">
<ele>17.352</ele>
<time>2024-07-15T11:58:37Z</time>
<extensions>
<gpxtpx:TrackPointExtension>
<gpxtpx:hr>175</gpxtpx:hr>
</gpxtpx:TrackPointExtension>
</extensions>
</trkpt>
<trkpt lat="36.761488" lon="126.9680253">
<ele>17.265</ele>
<time>2024-07-15T11:58:38Z</time>
<extensions>
<gpxtpx:TrackPointExtension>
<gpxtpx:hr>176</gpxtpx:hr>
</gpxtpx:TrackPointExtension>
</extensions>
</trkpt>
<trkpt lat="36.7615069" lon="126.96804">
<ele>17.306</ele>
<time>2024-07-15T11:58:39Z</time>
<extensions>
<gpxtpx:TrackPointExtension>
<gpxtpx:hr>176</gpxtpx:hr>
</gpxtpx:TrackPointExtension>
</extensions>
</trkpt>
<trkpt lat="36.7615253" lon="126.9680557">
<ele>17.374</ele>
<time>2024-07-15T11:58:40Z</time>
<extensions>
<gpxtpx:TrackPointExtension>
<gpxtpx:hr>176</gpxtpx:hr>
</gpxtpx:TrackPointExtension>
</extensions>
</trkpt>
<trkpt lat="36.7615411" lon="126.9680728">
<ele>17.341</ele>
<time>2024-07-15T11:58:41Z</time>
<extensions>
<gpxtpx:TrackPointExtension>
<gpxtpx:hr>176</gpxtpx:hr>
</gpxtpx:TrackPointExtension>
</extensions>
</trkpt>
<trkpt lat="36.7615585" lon="126.9680921">
<ele>17.313</ele>
<time>2024-07-15T11:58:42Z</time>
<extensions>
<gpxtpx:TrackPointExtension>
<gpxtpx:hr>176</gpxtpx:hr>
<gpxtpx:cad>150</gpxtpx:cad>
</gpxtpx:TrackPointExtension>
</extensions>
</trkpt>
<trkpt lat="36.7615779" lon="126.9681121">
<ele>17.421</ele>
<time>2024-07-15T11:58:43Z</time>
<extensions>
<gpxtpx:TrackPointExtension>
<gpxtpx:hr>176</gpxtpx:hr>
</gpxtpx:TrackPointExtension>
</extensions>
</trkpt>
<trkpt lat="36.761598" lon="126.9681342">
<ele>17.488</ele>
<time>2024-07-15T11:58:44Z</time>
<extensions>
<gpxtpx:TrackPointExtension>
<gpxtpx:hr>176</gpxtpx:hr>
</gpxtpx:TrackPointExtension>
</extensions>
</trkpt>
<trkpt lat="36.7616165" lon="126.9681563">
<ele>17.494</ele>
<time>2024-07-15T11:58:45Z</time>
<extensions>
<gpxtpx:TrackPointExtension>
<gpxtpx:hr>176</gpxtpx:hr>
</gpxtpx:TrackPointExtension>
</extensions>
</trkpt>
<trkpt lat="36.7616326" lon="126.9681789">
<ele>17.479</ele>
<time>2024-07-15T11:58:46Z</time>
<extensions>
<gpxtpx:TrackPointExtension>
<gpxtpx:hr>176</gpxtpx:hr>
</gpxtpx:TrackPointExtension>
</extensions>
</trkpt>
<trkpt lat="36.7616475" lon="126.9681995">
<ele>17.412</ele>
<time>2024-07-15T11:58:47Z</time>
<extensions>
<gpxtpx:TrackPointExtension>
<gpxtpx:hr>176</gpxtpx:hr>
</gpxtpx:TrackPointExtension>
</extensions>
</trkpt>
<trkpt lat="36.7616667" lon="126.9682185">
<ele>17.348</ele>
<time>2024-07-15T11:58:48Z</time>
<extensions>
<gpxtpx:TrackPointExtension>
<gpxtpx:hr>176</gpxtpx:hr>
</gpxtpx:TrackPointExtension>
</extensions>
</trkpt>
<trkpt lat="36.7616919" lon="126.9682344">
<ele>17.338</ele>
<time>2024-07-15T11:58:49Z</time>
</trkpt>
<trkpt lat="36.7617171" lon="126.9682533">
<ele>17.361</ele>
<time>2024-07-15T11:58:50Z</time>
<extensions>
<gpxtpx:TrackPointExtension>
<gpxtpx:hr>176</gpxtpx:hr>
</gpxtpx:TrackPointExtension>
</extensions>
</trkpt>
<trkpt lat="36.7617442" lon="126.968272">
<ele>17.493</ele>
<time>2024-07-15T11:58:51Z</time>
<extensions>
<gpxtpx:TrackPointExtension>
<gpxtpx:hr>177</gpxtpx:hr>
</gpxtpx:TrackPointExtension>
</extensions>
</trkpt>
<trkpt lat="36.7617721" lon="126.9682889">
<ele>17.399</ele>
<time>2024-07-15T11:58:52Z</time>
<extensions>
<gpxtpx:TrackPointExtension>
<gpxtpx:hr>177</gpxtpx:hr>
<gpxtpx:cad>156</gpxtpx:cad>
</gpxtpx:TrackPointExtension>
</extensions>
</trkpt>
<trkpt lat="36.7618006" lon="126.9683043">
<ele>17.362</ele>
<time>2024-07-15T11:58:53Z</time>
<extensions>
<gpxtpx:TrackPointExtension>
<gpxtpx:hr>177</gpxtpx:hr>
</gpxtpx:TrackPointExtension>
</extensions>
</trkpt>
<trkpt lat="36.7618305" lon="126.9683196">
<ele>17.457</ele>
<time>2024-07-15T11:58:54Z</time>
<extensions>
<gpxtpx:TrackPointExtension>
<gpxtpx:hr>177</gpxtpx:hr>
</gpxtpx:TrackPointExtension>
</extensions>
</trkpt>
<trkpt lat="36.7618581" lon="126.9683359">
<ele>17.422</ele>
<time>2024-07-15T11:58:55Z</time>
<extensions>
<gpxtpx:TrackPointExtension>
<gpxtpx:hr>177</gpxtpx:hr>
</gpxtpx:TrackPointExtension>
</extensions>
</trkpt>
<trkpt lat="36.7618806" lon="126.9683541">
<ele>17.298</ele>
<time>2024-07-15T11:58:57Z</time>
<extensions>
<gpxtpx:TrackPointExtension>
<gpxtpx:hr>177</gpxtpx:hr>
</gpxtpx:TrackPointExtension>
</extensions>
</trkpt>
<trkpt lat="36.7618995" lon="126.9683766">
<ele>17.389</ele>
<time>2024-07-15T11:58:58Z</time>
<extensions>
<gpxtpx:TrackPointExtension>
<gpxtpx:hr>177</gpxtpx:hr>
</gpxtpx:TrackPointExtension>
</extensions>
</trkpt>
<trkpt lat="36.7619128" lon="126.9684037">
<ele>17.411</ele>
<time>2024-07-15T11:58:59Z</time>
<extensions>
<gpxtpx:TrackPointExtension>
<gpxtpx:hr>177</gpxtpx:hr>
</gpxtpx:TrackPointExtension>
</extensions>
</trkpt>
<trkpt lat="36.7619195" lon="126.9684338">
<ele>17.371</ele>
<time>2024-07-15T11:59:00Z</time>
<extensions>
<gpxtpx:TrackPointExtension>
<gpxtpx:hr>177</gpxtpx:hr>
<gpxtpx:cad>153</gpxtpx:cad>
</gpxtpx:TrackPointExtension>
</extensions>
</trkpt>
<trkpt lat="36.7619173" lon="126.968467">
<ele>17.317</ele>
<time>2024-07-15T11:59:01Z</time>
<extensions>
<gpxtpx:TrackPointExtension>
<gpxtpx:hr>177</gpxtpx:hr>
</gpxtpx:TrackPointExtension>
</extensions>
</trkpt>
<trkpt lat="36.7619142" lon="126.9685033">
<ele>17.472</ele>
<time>2024-07-15T11:59:02Z</time>
<extensions>
<gpxtpx:TrackPointExtension>
<gpxtpx:hr>177</gpxtpx:hr>
</gpxtpx:TrackPointExtension>
</extensions>
</trkpt>
<trkpt lat="36.7619115" lon="126.9685391">
<ele>17.557</ele>
<time>2024-07-15T11:59:03Z</time>
<extensions>
<gpxtpx:TrackPointExtension>
<gpxtpx:hr>177</gpxtpx:hr>
<gpxtpx:cad>152</gpxtpx:cad>
</gpxtpx:TrackPointExtension>
</extensions>
</trkpt>
<trkpt lat="36.7619074" lon="126.9685755">
<ele>17.453</ele>
<time>2024-07-15T11:59:04Z</time>
<extensions>
<gpxtpx:TrackPointExtension>
<gpxtpx:hr>177</gpxtpx:hr>
</gpxtpx:TrackPointExtension>
</extensions>
</trkpt>
<trkpt lat="36.7619004" lon="126.9686135">
<ele>17.479</ele>
<time>2024-07-15T11:59:05Z</time>
<extensions>
<gpxtpx:TrackPointExtension>
<gpxtpx:hr>177</gpxtpx:hr>
</gpxtpx:TrackPointExtension>
</extensions>
</trkpt>
<trkpt lat="36.7618933" lon="126.9686526">
<ele>17.511</ele>
<time>2024-07-15T11:59:06Z</time>
<extensions>
<gpxtpx:TrackPointExtension>
<gpxtpx:hr>177</gpxtpx:hr>
</gpxtpx:TrackPointExtension>
</extensions>
</trkpt>
<trkpt lat="36.7618875" lon="126.9686909">
<ele>17.46</ele>
<time>2024-07-15T11:59:07Z</time>
<extensions>
<gpxtpx:TrackPointExtension>
<gpxtpx:hr>177</gpxtpx:hr>
</gpxtpx:TrackPointExtension>
</extensions>
</trkpt>
<trkpt lat="36.7618852" lon="126.9687287">
<ele>17.487</ele>
<time>2024-07-15T11:59:08Z</time>
<extensions>
<gpxtpx:TrackPointExtension>
<gpxtpx:hr>176</gpxtpx:hr>
</gpxtpx:TrackPointExtension>
</extensions>
</trkpt>
<trkpt lat="36.7618889" lon="126.9687629">
<ele>17.543</ele>
<time>2024-07-15T11:59:09Z</time>
<extensions>
<gpxtpx:TrackPointExtension>
<gpxtpx:hr>176</gpxtpx:hr>
</gpxtpx:TrackPointExtension>
</extensions>
</trkpt>
<trkpt lat="36.7618977" lon="126.9687928">
<ele>17.486</ele>
<time>2024-07-15T11:59:10Z</time>
<extensions>
<gpxtpx:TrackPointExtension>
<gpxtpx:hr>176</gpxtpx:hr>
</gpxtpx:TrackPointExtension>
</extensions>
</trkpt>
<trkpt lat="36.7619063" lon="126.9688243">
<ele>17.38</ele>
<time>2024-07-15T11:59:11Z</time>
<extensions>
<gpxtpx:TrackPointExtension>
<gpxtpx:hr>176</gpxtpx:hr>
</gpxtpx:TrackPointExtension>
</extensions>
</trkpt>
<trkpt lat="36.7619139" lon="126.9688581">
<ele>17.569</ele>
<time>2024-07-15T11:59:12Z</time>
<extensions>
<gpxtpx:TrackPointExtension>
<gpxtpx:hr>175</gpxtpx:hr>
</gpxtpx:TrackPointExtension>
</extensions>
</trkpt>
<trkpt lat="36.76192" lon="126.9688914">
<ele>17.512</ele>
<time>2024-07-15T11:59:13Z</time>
<extensions>
<gpxtpx:TrackPointExtension>
<gpxtpx:hr>175</gpxtpx:hr>
<gpxtpx:cad>152</gpxtpx:cad>
</gpxtpx:TrackPointExtension>
</extensions>
</trkpt>
<trkpt lat="36.7619279" lon="126.9689202">
<ele>17.415</ele>
<time>2024-07-15T11:59:14Z</time>
<extensions>
<gpxtpx:TrackPointExtension>
<gpxtpx:hr>175</gpxtpx:hr>
</gpxtpx:TrackPointExtension>
</extensions>
</trkpt>
<trkpt lat="36.7619409" lon="126.9689443">
<ele>17.4</ele>
<time>2024-07-15T11:59:15Z</time>
<extensions>
<gpxtpx:TrackPointExtension>
<gpxtpx:hr>175</gpxtpx:hr>
</gpxtpx:TrackPointExtension>
</extensions>
</trkpt>
<trkpt lat="36.7619581" lon="126.9689627">
<ele>17.5</ele>
<time>2024-07-15T11:59:16Z</time>
<extensions>
<gpxtpx:TrackPointExtension>
<gpxtpx:hr>175</gpxtpx:hr>
</gpxtpx:TrackPointExtension>
</extensions>
</trkpt>
<trkpt lat="36.7619753" lon="126.9689783">
<ele>17.52</ele>
<time>2024-07-15T11:59:17Z</time>
<extensions>
<gpxtpx:TrackPointExtension>
<gpxtpx:hr>175</gpxtpx:hr>
</gpxtpx:TrackPointExtension>
</extensions>
</trkpt>
<trkpt lat="36.7619907" lon="126.9689959">
<ele>17.439</ele>
<time>2024-07-15T11:59:18Z</time>
<extensions>
<gpxtpx:TrackPointExtension>
<gpxtpx:hr>175</gpxtpx:hr>
</gpxtpx:TrackPointExtension>
</extensions>
</trkpt>
<trkpt lat="36.7620032" lon="126.969016">
<ele>17.46</ele>
<time>2024-07-15T11:59:19Z</time>
<extensions>
<gpxtpx:TrackPointExtension>
<gpxtpx:hr>176</gpxtpx:hr>
</gpxtpx:TrackPointExtension>
</extensions>
</trkpt>
<trkpt lat="36.7620126" lon="126.9690385">
<ele>17.434</ele>
<time>2024-07-15T11:59:20Z</time>
<extensions>
<gpxtpx:TrackPointExtension>
<gpxtpx:hr>176</gpxtpx:hr>
</gpxtpx:TrackPointExtension>
</extensions>
</trkpt>
<trkpt lat="36.7620207" lon="126.9690614">
<ele>17.457</ele>
<time>2024-07-15T11:59:21Z</time>
<extensions>
<gpxtpx:TrackPointExtension>
<gpxtpx:hr>176</gpxtpx:hr>
</gpxtpx:TrackPointExtension>
</extensions>
</trkpt>
<trkpt lat="36.7620278" lon="126.9690855">
<ele>17.359</ele>
<time>2024-07-15T11:59:22Z</time>
<extensions>
<gpxtpx:TrackPointExtension>
<gpxtpx:hr>176</gpxtpx:hr>
<gpxtpx:cad>153</gpxtpx:cad>
</gpxtpx:TrackPointExtension>
</extensions>
</trkpt>
<trkpt lat="36.7620353" lon="126.969111">
<ele>17.407</ele>
<time>2024-07-15T11:59:23Z</time>
<extensions>
<gpxtpx:TrackPointExtension>
<gpxtpx:hr>177</gpxtpx:hr>
</gpxtpx:TrackPointExtension>
</extensions>
</trkpt>
<trkpt lat="36.7620461" lon="126.9691355">
<ele>17.538</ele>
<time>2024-07-15T11:59:24Z</time>
<extensions>
<gpxtpx:TrackPointExtension>
<gpxtpx:hr>176</gpxtpx:hr>
</gpxtpx:TrackPointExtension>
</extensions>
</trkpt>
<trkpt lat="36.7620595" lon="126.9691574">
<ele>17.403</ele>
<time>2024-07-15T11:59:25Z</time>
<extensions>
<gpxtpx:TrackPointExtension>
<gpxtpx:hr>176</gpxtpx:hr>
</gpxtpx:TrackPointExtension>
</extensions>
</trkpt>
<trkpt lat="36.7620746" lon="126.9691752">
<ele>17.386</ele>
<time>2024-07-15T11:59:26Z</time>
<extensions>
<gpxtpx:TrackPointExtension>
<gpxtpx:hr>176</gpxtpx:hr>
</gpxtpx:TrackPointExtension>
</extensions>
</trkpt>
<trkpt lat="36.7620917" lon="126.9691918">
<ele>17.464</ele>
<time>2024-07-15T11:59:27Z</time>
<extensions>
<gpxtpx:TrackPointExtension>
<gpxtpx:hr>176</gpxtpx:hr>
</gpxtpx:TrackPointExtension>
</extensions>
</trkpt>
<trkpt lat="36.762107" lon="126.9692052">
<ele>17.387</ele>
<time>2024-07-15T11:59:28Z</time>
<extensions>
<gpxtpx:TrackPointExtension>
<gpxtpx:hr>176</gpxtpx:hr>
</gpxtpx:TrackPointExtension>
</extensions>
</trkpt>
<trkpt lat="36.7621221" lon="126.9692158">
<ele>17.393</ele>
<time>2024-07-15T11:59:29Z</time>
<extensions>
<gpxtpx:TrackPointExtension>
<gpxtpx:hr>176</gpxtpx:hr>
</gpxtpx:TrackPointExtension>
</extensions>
</trkpt>
<trkpt lat="36.7621388" lon="126.9692238">
<ele>17.461</ele>
<time>2024-07-15T11:59:30Z</time>
<extensions>
<gpxtpx:TrackPointExtension>
<gpxtpx:hr>175</gpxtpx:hr>
</gpxtpx:TrackPointExtension>
</extensions>
</trkpt>
<trkpt lat="36.7621607" lon="126.9692285">
<ele>17.439</ele>
<time>2024-07-15T11:59:31Z</time>
<extensions>
<gpxtpx:TrackPointExtension>
<gpxtpx:hr>175</gpxtpx:hr>
</gpxtpx:TrackPointExtension>
</extensions>
</trkpt>
<trkpt lat="36.7621857" lon="126.9692316">
<ele>17.353</ele>
<time>2024-07-15T11:59:32Z</time>
<extensions>
<gpxtpx:TrackPointExtension>
<gpxtpx:hr>174</gpxtpx:hr>
<gpxtpx:cad>153</gpxtpx:cad>
</gpxtpx:TrackPointExtension>
</extensions>
</trkpt>
<trkpt lat="36.7622159" lon="126.9692323">
<ele>17.479</ele>
<time>2024-07-15T11:59:33Z</time>
<extensions>
<gpxtpx:TrackPointExtension>
<gpxtpx:hr>174</gpxtpx:hr>
</gpxtpx:TrackPointExtension>
</extensions>
</trkpt>
<trkpt lat="36.7622504" lon="126.9692313">
<ele>17.429</ele>
<time>2024-07-15T11:59:34Z</time>
<extensions>
<gpxtpx:TrackPointExtension>
<gpxtpx:hr>174</gpxtpx:hr>
</gpxtpx:TrackPointExtension>
</extensions>
</trkpt>
<trkpt lat="36.7622865" lon="126.9692312">
<ele>17.406</ele>
<time>2024-07-15T11:59:35Z</time>
<extensions>
<gpxtpx:TrackPointExtension>
<gpxtpx:hr>174</gpxtpx:hr>
</gpxtpx:TrackPointExtension>
</extensions>
</trkpt>
<trkpt lat="36.7623187" lon="126.9692341">
<ele>17.487</ele>
<time>2024-07-15T11:59:36Z</time>
<extensions>
<gpxtpx:TrackPointExtension>
<gpxtpx:hr>174</gpxtpx:hr>
<gpxtpx:cad>154</gpxtpx:cad>
</gpxtpx:TrackPointExtension>
</extensions>
</trkpt>
<trkpt lat="36.7623452" lon="126.9692398">
<ele>17.601</ele>
<time>2024-07-15T11:59:37Z</time>
<extensions>
<gpxtpx:TrackPointExtension>
<gpxtpx:hr>174</gpxtpx:hr>
</gpxtpx:TrackPointExtension>
</extensions>
</trkpt>
<trkpt lat="36.762369" lon="126.9692472">
<ele>17.449</ele>
<time>2024-07-15T11:59:38Z</time>
<extensions>
<gpxtpx:TrackPointExtension>
<gpxtpx:hr>174</gpxtpx:hr>
</gpxtpx:TrackPointExtension>
</extensions>
</trkpt>
<trkpt lat="36.7623915" lon="126.9692569">
<ele>17.467</ele>
<time>2024-07-15T11:59:39Z</time>
<extensions>
<gpxtpx:TrackPointExtension>
<gpxtpx:hr>174</gpxtpx:hr>
</gpxtpx:TrackPointExtension>
</extensions>
</trkpt>
<trkpt lat="36.7624162" lon="126.969266">
<ele>17.515</ele>
<time>2024-07-15T11:59:40Z</time>
<extensions>
<gpxtpx:TrackPointExtension>
<gpxtpx:hr>174</gpxtpx:hr>
</gpxtpx:TrackPointExtension>
</extensions>
</trkpt>
<trkpt lat="36.7624415" lon="126.9692776">
<ele>17.468</ele>
<time>2024-07-15T11:59:41Z</time>
<extensions>
<gpxtpx:TrackPointExtension>
<gpxtpx:hr>174</gpxtpx:hr>
</gpxtpx:TrackPointExtension>
</extensions>
</trkpt>
<trkpt lat="36.7624626" lon="126.9692886">
<ele>17.462</ele>
<time>2024-07-15T11:59:42Z</time>
<extensions>
<gpxtpx:TrackPointExtension>
<gpxtpx:hr>174</gpxtpx:hr>
<gpxtpx:cad>155</gpxtpx:cad>
</gpxtpx:TrackPointExtension>
</extensions>
</trkpt>
<trkpt lat="36.7624839" lon="126.9692986">
<ele>17.486</ele>
<time>2024-07-15T11:59:43Z</time>
<extensions>
<gpxtpx:TrackPointExtension>
<gpxtpx:hr>175</gpxtpx:hr>
</gpxtpx:TrackPointExtension>
</extensions>
</trkpt>
<trkpt lat="36.7625093" lon="126.9693049">
<ele>17.534</ele>
<time>2024-07-15T11:59:44Z</time>
<extensions>
<gpxtpx:TrackPointExtension>
<gpxtpx:hr>175</gpxtpx:hr>
</gpxtpx:TrackPointExtension>
</extensions>
</trkpt>
<trkpt lat="36.7625397" lon="126.9693086">
<ele>17.413</ele>
<time>2024-07-15T11:59:45Z</time>
<extensions>
<gpxtpx:TrackPointExtension>
<gpxtpx:hr>175</gpxtpx:hr>
</gpxtpx:TrackPointExtension>
</extensions>
</trkpt>
<trkpt lat="36.7625746" lon="126.9693112">
<ele>17.427</ele>
<time>2024-07-15T11:59:46Z</time>
<extensions>
<gpxtpx:TrackPointExtension>
<gpxtpx:hr>176</gpxtpx:hr>
</gpxtpx:TrackPointExtension>
</extensions>
</trkpt>
<trkpt lat="36.7626138" lon="126.9693109">
<ele>17.524</ele>
<time>2024-07-15T11:59:47Z</time>
<extensions>
<gpxtpx:TrackPointExtension>
<gpxtpx:hr>176</gpxtpx:hr>
</gpxtpx:TrackPointExtension>
</extensions>
</trkpt>
<trkpt lat="36.7626547" lon="126.969308">
<ele>17.484</ele>
<time>2024-07-15T11:59:48Z</time>
<extensions>
<gpxtpx:TrackPointExtension>
<gpxtpx:hr>176</gpxtpx:hr>
</gpxtpx:TrackPointExtension>
</extensions>
</trkpt>
<trkpt lat="36.7626926" lon="126.9693041">
<ele>17.409</ele>
<time>2024-07-15T11:59:49Z</time>
<extensions>
<gpxtpx:TrackPointExtension>
<gpxtpx:hr>177</gpxtpx:hr>
</gpxtpx:TrackPointExtension>
</extensions>
</trkpt>
<trkpt lat="36.7627279" lon="126.9693022">
<ele>17.486</ele>
<time>2024-07-15T11:59:50Z</time>
<extensions>
<gpxtpx:TrackPointExtension>
<gpxtpx:hr>177</gpxtpx:hr>
</gpxtpx:TrackPointExtension>
</extensions>
</trkpt>
<trkpt lat="36.7627851" lon="126.9693071">
<ele>17.424</ele>
<time>2024-07-15T11:59:51Z</time>
<extensions>
<gpxtpx:TrackPointExtension>
<gpxtpx:hr>177</gpxtpx:hr>
</gpxtpx:TrackPointExtension>
</extensions>
</trkpt>
<trkpt lat="36.762807" lon="126.9693116">
<ele>17.279</ele>
<time>2024-07-15T11:59:52Z</time>
<extensions>
<gpxtpx:TrackPointExtension>
<gpxtpx:hr>177</gpxtpx:hr>
<gpxtpx:cad>154</gpxtpx:cad>
</gpxtpx:TrackPointExtension>
</extensions>
</trkpt>
<trkpt lat="36.7628436" lon="126.9693292">
<ele>17.482</ele>
<time>2024-07-15T11:59:54Z</time>
<extensions>
<gpxtpx:TrackPointExtension>
<gpxtpx:hr>177</gpxtpx:hr>
</gpxtpx:TrackPointExtension>
</extensions>
</trkpt>
<trkpt lat="36.7628641" lon="126.9693405">
<ele>17.355</ele>
<time>2024-07-15T11:59:55Z</time>
<extensions>
<gpxtpx:TrackPointExtension>
<gpxtpx:hr>177</gpxtpx:hr>
</gpxtpx:TrackPointExtension>
</extensions>
</trkpt>
<trkpt lat="36.7628897" lon="126.9693528">
<ele>17.467</ele>
<time>2024-07-15T11:59:56Z</time>
<extensions>
<gpxtpx:TrackPointExtension>
<gpxtpx:hr>177</gpxtpx:hr>
</gpxtpx:TrackPointExtension>
</extensions>
</trkpt>
<trkpt lat="36.7629543" lon="126.9693665">
<ele>17.477</ele>
<time>2024-07-15T11:59:58Z</time>
<extensions>
<gpxtpx:TrackPointExtension>
<gpxtpx:hr>177</gpxtpx:hr>
</gpxtpx:TrackPointExtension>
</extensions>
</trkpt>
<trkpt lat="36.7629896" lon="126.9693716">
<ele>17.366</ele>
<time>2024-07-15T11:59:59Z</time>
<extensions>
<gpxtpx:TrackPointExtension>
<gpxtpx:hr>176</gpxtpx:hr>
</gpxtpx:TrackPointExtension>
</extensions>
</trkpt>
<trkpt lat="36.7630249" lon="126.9693779">
<ele>17.386</ele>
<time>2024-07-15T12:00:00Z</time>
<extensions>
<gpxtpx:TrackPointExtension>
<gpxtpx:hr>176</gpxtpx:hr>
</gpxtpx:TrackPointExtension>
</extensions>
</trkpt>
<trkpt lat="36.7630566" lon="126.9693864">
<ele>17.474</ele>
<time>2024-07-15T12:00:01Z</time>
<extensions>
<gpxtpx:TrackPointExtension>
<gpxtpx:hr>176</gpxtpx:hr>
</gpxtpx:TrackPointExtension>
</extensions>
</trkpt>
<trkpt lat="36.7630836" lon="126.9693982">
<ele>17.364</ele>
<time>2024-07-15T12:00:02Z</time>
<extensions>
<gpxtpx:TrackPointExtension>
<gpxtpx:hr>176</gpxtpx:hr>
<gpxtpx:cad>153</gpxtpx:cad>
</gpxtpx:TrackPointExtension>
</extensions>
</trkpt>
<trkpt lat="36.7631056" lon="126.9694123">
<ele>17.386</ele>
<time>2024-07-15T12:00:03Z</time>
<extensions>
<gpxtpx:TrackPointExtension>
<gpxtpx:hr>176</gpxtpx:hr>
</gpxtpx:TrackPointExtension>
</extensions>
</trkpt>
<trkpt lat="36.763123" lon="126.9694296">
<ele>17.364</ele>
<time>2024-07-15T12:00:04Z</time>
<extensions>
<gpxtpx:TrackPointExtension>
<gpxtpx:hr>175</gpxtpx:hr>
</gpxtpx:TrackPointExtension>
</extensions>
</trkpt>
<trkpt lat="36.7631371" lon="126.9694496">
<ele>17.416</ele>
<time>2024-07-15T12:00:05Z</time>
<extensions>
<gpxtpx:TrackPointExtension>
<gpxtpx:hr>175</gpxtpx:hr>
</gpxtpx:TrackPointExtension>
</extensions>
</trkpt>
<trkpt lat="36.7631509" lon="126.9694693">
<ele>17.461</ele>
<time>2024-07-15T12:00:06Z</time>
<extensions>
<gpxtpx:TrackPointExtension>
<gpxtpx:hr>175</gpxtpx:hr>
<gpxtpx:cad>153</gpxtpx:cad>
</gpxtpx:TrackPointExtension>
</extensions>
</trkpt>
<trkpt lat="36.7631649" lon="126.9694884">
<ele>17.488</ele>
<time>2024-07-15T12:00:07Z</time>
<extensions>
<gpxtpx:TrackPointExtension>
<gpxtpx:hr>175</gpxtpx:hr>
</gpxtpx:TrackPointExtension>
</extensions>
</trkpt>
<trkpt lat="36.7631769" lon="126.9695078">
<ele>17.488</ele>
<time>2024-07-15T12:00:08Z</time>
<extensions>
<gpxtpx:TrackPointExtension>
<gpxtpx:hr>175</gpxtpx:hr>
</gpxtpx:TrackPointExtension>
</extensions>
</trkpt>
<trkpt lat="36.7631858" lon="126.9695291">
<ele>17.39</ele>
<time>2024-07-15T12:00:09Z</time>
<extensions>
<gpxtpx:TrackPointExtension>
<gpxtpx:hr>175</gpxtpx:hr>
</gpxtpx:TrackPointExtension>
</extensions>
</trkpt>
<trkpt lat="36.7631956" lon="126.9695521">
<ele>17.474</ele>
<time>2024-07-15T12:00:10Z</time>
<extensions>
<gpxtpx:TrackPointExtension>
<gpxtpx:hr>175</gpxtpx:hr>
</gpxtpx:TrackPointExtension>
</extensions>
</trkpt>
<trkpt lat="36.7632071" lon="126.9695747">
<ele>17.584</ele>
<time>2024-07-15T12:00:11Z</time>
<extensions>
<gpxtpx:TrackPointExtension>
<gpxtpx:hr>175</gpxtpx:hr>
</gpxtpx:TrackPointExtension>
</extensions>
</trkpt>
<trkpt lat="36.7632226" lon="126.9695972">
<ele>17.518</ele>
<time>2024-07-15T12:00:12Z</time>
<extensions>
<gpxtpx:TrackPointExtension>
<gpxtpx:hr>175</gpxtpx:hr>
<gpxtpx:cad>153</gpxtpx:cad>
</gpxtpx:TrackPointExtension>
</extensions>
</trkpt>
<trkpt lat="36.7632396" lon="126.9696206">
<ele>17.472</ele>
<time>2024-07-15T12:00:13Z</time>
<extensions>
<gpxtpx:TrackPointExtension>
<gpxtpx:hr>176</gpxtpx:hr>
</gpxtpx:TrackPointExtension>
</extensions>
</trkpt>
<trkpt lat="36.7632571" lon="126.9696431">
<ele>17.511</ele>
<time>2024-07-15T12:00:14Z</time>
<extensions>
<gpxtpx:TrackPointExtension>
<gpxtpx:hr>176</gpxtpx:hr>
</gpxtpx:TrackPointExtension>
</extensions>
</trkpt>
<trkpt lat="36.7632757" lon="126.9696651">
<ele>17.501</ele>
<time>2024-07-15T12:00:15Z</time>
<extensions>
<gpxtpx:TrackPointExtension>
<gpxtpx:hr>176</gpxtpx:hr>
</gpxtpx:TrackPointExtension>
</extensions>
</trkpt>
<trkpt lat="36.7632945" lon="126.9696869">
<ele>17.46</ele>
<time>2024-07-15T12:00:16Z</time>
<extensions>
<gpxtpx:TrackPointExtension>
<gpxtpx:hr>176</gpxtpx:hr>
</gpxtpx:TrackPointExtension>
</extensions>
</trkpt>
<trkpt lat="36.763314" lon="126.9697086">
<ele>17.632</ele>
<time>2024-07-15T12:00:17Z</time>
<extensions>
<gpxtpx:TrackPointExtension>
<gpxtpx:hr>176</gpxtpx:hr>
</gpxtpx:TrackPointExtension>
</extensions>
</trkpt>
<trkpt lat="36.7633333" lon="126.969728">
<ele>17.609</ele>
<time>2024-07-15T12:00:18Z</time>
<extensions>
<gpxtpx:TrackPointExtension>
<gpxtpx:hr>176</gpxtpx:hr>
</gpxtpx:TrackPointExtension>
</extensions>
</trkpt>
<trkpt lat="36.763352" lon="126.9697449">
<ele>17.543</ele>
<time>2024-07-15T12:00:19Z</time>
<extensions>
<gpxtpx:TrackPointExtension>
<gpxtpx:hr>176</gpxtpx:hr>
</gpxtpx:TrackPointExtension>
</extensions>
</trkpt>
<trkpt lat="36.7633671" lon="126.9697641">
<ele>17.49</ele>
<time>2024-07-15T12:00:20Z</time>
<extensions>
<gpxtpx:TrackPointExtension>
<gpxtpx:hr>176</gpxtpx:hr>
</gpxtpx:TrackPointExtension>
</extensions>
</trkpt>
<trkpt lat="36.7633813" lon="126.9697852">
<ele>17.543</ele>
<time>2024-07-15T12:00:21Z</time>
<extensions>
<gpxtpx:TrackPointExtension>
<gpxtpx:hr>176</gpxtpx:hr>
</gpxtpx:TrackPointExtension>
</extensions>
</trkpt>
<trkpt lat="36.7633959" lon="126.9698077">
<ele>17.472</ele>
<time>2024-07-15T12:00:22Z</time>
<extensions>
<gpxtpx:TrackPointExtension>
<gpxtpx:hr>176</gpxtpx:hr>
<gpxtpx:cad>154</gpxtpx:cad>
</gpxtpx:TrackPointExtension>
</extensions>
</trkpt>
<trkpt lat="36.7634122" lon="126.9698293">
<ele>17.444</ele>
<time>2024-07-15T12:00:23Z</time>
<extensions>
<gpxtpx:TrackPointExtension>
<gpxtpx:hr>176</gpxtpx:hr>
</gpxtpx:TrackPointExtension>
</extensions>
</trkpt>
<trkpt lat="36.7634286" lon="126.9698494">
<ele>17.456</ele>
<time>2024-07-15T12:00:24Z</time>
<extensions>
<gpxtpx:TrackPointExtension>
<gpxtpx:hr>176</gpxtpx:hr>
</gpxtpx:TrackPointExtension>
</extensions>
</trkpt>
<trkpt lat="36.7634456" lon="126.9698689">
<ele>17.437</ele>
<time>2024-07-15T12:00:25Z</time>
<extensions>
<gpxtpx:TrackPointExtension>
<gpxtpx:hr>176</gpxtpx:hr>
</gpxtpx:TrackPointExtension>
</extensions>
</trkpt>
<trkpt lat="36.7634656" lon="126.9698875">
<ele>17.41</ele>
<time>2024-07-15T12:00:26Z</time>
<extensions>
<gpxtpx:TrackPointExtension>
<gpxtpx:hr>176</gpxtpx:hr>
</gpxtpx:TrackPointExtension>
</extensions>
</trkpt>
<trkpt lat="36.7634855" lon="126.9699064">
<ele>17.383</ele>
<time>2024-07-15T12:00:27Z</time>
<extensions>
<gpxtpx:TrackPointExtension>
<gpxtpx:hr>175</gpxtpx:hr>
</gpxtpx:TrackPointExtension>
</extensions>
</trkpt>
<trkpt lat="36.7635031" lon="126.9699255">
<ele>17.651</ele>
<time>2024-07-15T12:00:28Z</time>
<extensions>
<gpxtpx:TrackPointExtension>
<gpxtpx:hr>175</gpxtpx:hr>
</gpxtpx:TrackPointExtension>
</extensions>
</trkpt>
<trkpt lat="36.7635223" lon="126.9699436">
<ele>17.453</ele>
<time>2024-07-15T12:00:29Z</time>
<extensions>
<gpxtpx:TrackPointExtension>
<gpxtpx:hr>175</gpxtpx:hr>
</gpxtpx:TrackPointExtension>
</extensions>
</trkpt>
<trkpt lat="36.7635494" lon="126.9699585">
<ele>17.396</ele>
<time>2024-07-15T12:00:30Z</time>
<extensions>
<gpxtpx:TrackPointExtension>
<gpxtpx:hr>175</gpxtpx:hr>
</gpxtpx:TrackPointExtension>
</extensions>
</trkpt>
<trkpt lat="36.7635811" lon="126.9699707">
<ele>17.524</ele>
<time>2024-07-15T12:00:31Z</time>
<extensions>
<gpxtpx:TrackPointExtension>
<gpxtpx:hr>175</gpxtpx:hr>
</gpxtpx:TrackPointExtension>
</extensions>
</trkpt>
<trkpt lat="36.7636129" lon="126.9699813">
<ele>17.577</ele>
<time>2024-07-15T12:00:32Z</time>
<extensions>
<gpxtpx:TrackPointExtension>
<gpxtpx:hr>175</gpxtpx:hr>
<gpxtpx:cad>154</gpxtpx:cad>
</gpxtpx:TrackPointExtension>
</extensions>
</trkpt>
<trkpt lat="36.7636422" lon="126.9699932">
<ele>17.523</ele>
<time>2024-07-15T12:00:33Z</time>
<extensions>
<gpxtpx:TrackPointExtension>
<gpxtpx:hr>175</gpxtpx:hr>
</gpxtpx:TrackPointExtension>
</extensions>
</trkpt>
<trkpt lat="36.7636669" lon="126.9700057">
<ele>17.571</ele>
<time>2024-07-15T12:00:34Z</time>
<extensions>
<gpxtpx:TrackPointExtension>
<gpxtpx:hr>175</gpxtpx:hr>
</gpxtpx:TrackPointExtension>
</extensions>
</trkpt>
<trkpt lat="36.7636893" lon="126.9700181">
<ele>17.71</ele>
<time>2024-07-15T12:00:35Z</time>
<extensions>
<gpxtpx:TrackPointExtension>
<gpxtpx:hr>175</gpxtpx:hr>
</gpxtpx:TrackPointExtension>
</extensions>
</trkpt>
<trkpt lat="36.7637103" lon="126.9700294">
<ele>17.515</ele>
<time>2024-07-15T12:00:36Z</time>
<extensions>
<gpxtpx:TrackPointExtension>
<gpxtpx:hr>175</gpxtpx:hr>
</gpxtpx:TrackPointExtension>
</extensions>
</trkpt>
<trkpt lat="36.7637292" lon="126.970043">
<ele>17.53</ele>
<time>2024-07-15T12:00:37Z</time>
<extensions>
<gpxtpx:TrackPointExtension>
<gpxtpx:hr>176</gpxtpx:hr>
</gpxtpx:TrackPointExtension>
</extensions>
</trkpt>
<trkpt lat="36.763745" lon="126.9700595">
<ele>17.613</ele>
<time>2024-07-15T12:00:38Z</time>
<extensions>
<gpxtpx:TrackPointExtension>
<gpxtpx:hr>176</gpxtpx:hr>
</gpxtpx:TrackPointExtension>
</extensions>
</trkpt>
<trkpt lat="36.7637598" lon="126.9700785">
<ele>17.54</ele>
<time>2024-07-15T12:00:39Z</time>
<extensions>
<gpxtpx:TrackPointExtension>
<gpxtpx:hr>176</gpxtpx:hr>
</gpxtpx:TrackPointExtension>
</extensions>
</trkpt>
<trkpt lat="36.7637737" lon="126.9700981">
<ele>17.395</ele>
<time>2024-07-15T12:00:40Z</time>
<extensions>
<gpxtpx:TrackPointExtension>
<gpxtpx:hr>175</gpxtpx:hr>
</gpxtpx:TrackPointExtension>
</extensions>
</trkpt>
<trkpt lat="36.7637909" lon="126.9701156">
<ele>17.503</ele>
<time>2024-07-15T12:00:41Z</time>
<extensions>
<gpxtpx:TrackPointExtension>
<gpxtpx:hr>175</gpxtpx:hr>
</gpxtpx:TrackPointExtension>
</extensions>
</trkpt>
<trkpt lat="36.7638094" lon="126.9701302">
<ele>17.516</ele>
<time>2024-07-15T12:00:42Z</time>
<extensions>
<gpxtpx:TrackPointExtension>
<gpxtpx:hr>175</gpxtpx:hr>
<gpxtpx:cad>153</gpxtpx:cad>
</gpxtpx:TrackPointExtension>
</extensions>
</trkpt>
<trkpt lat="36.7638281" lon="126.9701453">
<ele>17.447</ele>
<time>2024-07-15T12:00:43Z</time>
<extensions>
<gpxtpx:TrackPointExtension>
<gpxtpx:hr>175</gpxtpx:hr>
</gpxtpx:TrackPointExtension>
</extensions>
</trkpt>
<trkpt lat="36.7638465" lon="126.9701608">
<ele>17.462</ele>
<time>2024-07-15T12:00:44Z</time>
<extensions>
<gpxtpx:TrackPointExtension>
<gpxtpx:hr>175</gpxtpx:hr>
<gpxtpx:cad>153</gpxtpx:cad>
</gpxtpx:TrackPointExtension>
</extensions>
</trkpt>
<trkpt lat="36.763866" lon="126.9701756">
<ele>17.586</ele>
<time>2024-07-15T12:00:45Z</time>
<extensions>
<gpxtpx:TrackPointExtension>
<gpxtpx:hr>175</gpxtpx:hr>
</gpxtpx:TrackPointExtension>
</extensions>
</trkpt>
<trkpt lat="36.7638873" lon="126.9701888">
<ele>17.482</ele>
<time>2024-07-15T12:00:46Z</time>
<extensions>
<gpxtpx:TrackPointExtension>
<gpxtpx:hr>175</gpxtpx:hr>
</gpxtpx:TrackPointExtension>
</extensions>
</trkpt>
<trkpt lat="36.7639101" lon="126.9702018">
<ele>17.337</ele>
<time>2024-07-15T12:00:47Z</time>
<extensions>
<gpxtpx:TrackPointExtension>
<gpxtpx:hr>175</gpxtpx:hr>
</gpxtpx:TrackPointExtension>
</extensions>
</trkpt>
<trkpt lat="36.7639312" lon="126.9702151">
<ele>17.413</ele>
<time>2024-07-15T12:00:48Z</time>
<extensions>
<gpxtpx:TrackPointExtension>
<gpxtpx:hr>175</gpxtpx:hr>
</gpxtpx:TrackPointExtension>
</extensions>
</trkpt>
<trkpt lat="36.763951" lon="126.9702298">
<ele>17.54</ele>
<time>2024-07-15T12:00:49Z</time>
<extensions>
<gpxtpx:TrackPointExtension>
<gpxtpx:hr>175</gpxtpx:hr>
</gpxtpx:TrackPointExtension>
</extensions>
</trkpt>
<trkpt lat="36.7639716" lon="126.9702464">
<ele>17.439</ele>
<time>2024-07-15T12:00:50Z</time>
<extensions>
<gpxtpx:TrackPointExtension>
<gpxtpx:hr>175</gpxtpx:hr>
</gpxtpx:TrackPointExtension>
</extensions>
</trkpt>
<trkpt lat="36.7639929" lon="126.9702618">
<ele>17.424</ele>
<time>2024-07-15T12:00:51Z</time>
<extensions>
<gpxtpx:TrackPointExtension>
<gpxtpx:hr>175</gpxtpx:hr>
</gpxtpx:TrackPointExtension>
</extensions>
</trkpt>
<trkpt lat="36.7640191" lon="126.9702749">
<ele>17.574</ele>
<time>2024-07-15T12:00:52Z</time>
<extensions>
<gpxtpx:TrackPointExtension>
<gpxtpx:hr>175</gpxtpx:hr>
<gpxtpx:cad>152</gpxtpx:cad>
</gpxtpx:TrackPointExtension>
</extensions>
</trkpt>
<trkpt lat="36.7640494" lon="126.9702831">
<ele>17.469</ele>
<time>2024-07-15T12:00:53Z</time>
</trkpt>
<trkpt lat="36.7640793" lon="126.9702843">
<ele>17.483</ele>
<time>2024-07-15T12:00:54Z</time>
<extensions>
<gpxtpx:TrackPointExtension>
<gpxtpx:hr>175</gpxtpx:hr>
</gpxtpx:TrackPointExtension>
</extensions>
</trkpt>
<trkpt lat="36.7641135" lon="126.9702815">
<ele>17.544</ele>
<time>2024-07-15T12:00:55Z</time>
<extensions>
<gpxtpx:TrackPointExtension>
<gpxtpx:hr>174</gpxtpx:hr>
</gpxtpx:TrackPointExtension>
</extensions>
</trkpt>
<trkpt lat="36.7641522" lon="126.9702766">
<ele>17.586</ele>
<time>2024-07-15T12:00:56Z</time>
<extensions>
<gpxtpx:TrackPointExtension>
<gpxtpx:hr>174</gpxtpx:hr>
</gpxtpx:TrackPointExtension>
</extensions>
</trkpt>
<trkpt lat="36.7641976" lon="126.9702681">
<ele>17.523</ele>
<time>2024-07-15T12:00:57Z</time>
<extensions>
<gpxtpx:TrackPointExtension>
<gpxtpx:hr>174</gpxtpx:hr>
</gpxtpx:TrackPointExtension>
</extensions>
</trkpt>
<trkpt lat="36.7642493" lon="126.9702581">
<ele>17.548</ele>
<time>2024-07-15T12:00:58Z</time>
<extensions>
<gpxtpx:TrackPointExtension>
<gpxtpx:hr>174</gpxtpx:hr>
</gpxtpx:TrackPointExtension>
</extensions>
</trkpt>
<trkpt lat="36.764303" lon="126.9702477">
<ele>17.617</ele>
<time>2024-07-15T12:00:59Z</time>
<extensions>
<gpxtpx:TrackPointExtension>
<gpxtpx:hr>174</gpxtpx:hr>
</gpxtpx:TrackPointExtension>
</extensions>
</trkpt>
<trkpt lat="36.7643573" lon="126.9702406">
<ele>17.62</ele>
<time>2024-07-15T12:01:00Z</time>
<extensions>
<gpxtpx:TrackPointExtension>
<gpxtpx:hr>174</gpxtpx:hr>
</gpxtpx:TrackPointExtension>
</extensions>
</trkpt>
<trkpt lat="36.7644087" lon="126.9702334">
<ele>17.501</ele>
<time>2024-07-15T12:01:01Z</time>
<extensions>
<gpxtpx:TrackPointExtension>
<gpxtpx:hr>174</gpxtpx:hr>
</gpxtpx:TrackPointExtension>
</extensions>
</trkpt>
<trkpt lat="36.7644583" lon="126.9702292">
<ele>17.627</ele>
<time>2024-07-15T12:01:02Z</time>
<extensions>
<gpxtpx:TrackPointExtension>
<gpxtpx:hr>174</gpxtpx:hr>
<gpxtpx:cad>154</gpxtpx:cad>
</gpxtpx:TrackPointExtension>
</extensions>
</trkpt>
<trkpt lat="36.7644994" lon="126.9702308">
<ele>17.577</ele>
<time>2024-07-15T12:01:03Z</time>
<extensions>
<gpxtpx:TrackPointExtension>
<gpxtpx:hr>174</gpxtpx:hr>
</gpxtpx:TrackPointExtension>
</extensions>
</trkpt>
<trkpt lat="36.7645318" lon="126.9702392">
<ele>17.535</ele>
<time>2024-07-15T12:01:05Z</time>
<extensions>
<gpxtpx:TrackPointExtension>
<gpxtpx:hr>175</gpxtpx:hr>
</gpxtpx:TrackPointExtension>
</extensions>
</trkpt>
<trkpt lat="36.7645561" lon="126.9702479">
<ele>17.595</ele>
<time>2024-07-15T12:01:06Z</time>
<extensions>
<gpxtpx:TrackPointExtension>
<gpxtpx:hr>175</gpxtpx:hr>
</gpxtpx:TrackPointExtension>
</extensions>
</trkpt>
<trkpt lat="36.7645768" lon="126.9702588">
<ele>17.6</ele>
<time>2024-07-15T12:01:07Z</time>
<extensions>
<gpxtpx:TrackPointExtension>
<gpxtpx:hr>175</gpxtpx:hr>
</gpxtpx:TrackPointExtension>
</extensions>
</trkpt>
<trkpt lat="36.7645929" lon="126.9702738">
<ele>17.56</ele>
<time>2024-07-15T12:01:08Z</time>
<extensions>
<gpxtpx:TrackPointExtension>
<gpxtpx:hr>175</gpxtpx:hr>
</gpxtpx:TrackPointExtension>
</extensions>
</trkpt>
<trkpt lat="36.764607" lon="126.9702914">
<ele>17.573</ele>
<time>2024-07-15T12:01:09Z</time>
<extensions>
<gpxtpx:TrackPointExtension>
<gpxtpx:hr>175</gpxtpx:hr>
</gpxtpx:TrackPointExtension>
</extensions>
</trkpt>
<trkpt lat="36.7646193" lon="126.9703106">
<ele>17.589</ele>
<time>2024-07-15T12:01:10Z</time>
<extensions>
<gpxtpx:TrackPointExtension>
<gpxtpx:hr>175</gpxtpx:hr>
</gpxtpx:TrackPointExtension>
</extensions>
</trkpt>
<trkpt lat="36.7646334" lon="126.9703294">
<ele>17.521</ele>
<time>2024-07-15T12:01:11Z</time>
<extensions>
<gpxtpx:TrackPointExtension>
<gpxtpx:hr>175</gpxtpx:hr>
</gpxtpx:TrackPointExtension>
</extensions>
</trkpt>
<trkpt lat="36.7646456" lon="126.9703521">
<ele>17.558</ele>
<time>2024-07-15T12:01:12Z</time>
<extensions>
<gpxtpx:TrackPointExtension>
<gpxtpx:hr>176</gpxtpx:hr>
</gpxtpx:TrackPointExtension>
</extensions>
</trkpt>
<trkpt lat="36.7646563" lon="126.9703777">
<ele>17.703</ele>
<time>2024-07-15T12:01:13Z</time>
<extensions>
<gpxtpx:TrackPointExtension>
<gpxtpx:hr>176</gpxtpx:hr>
<gpxtpx:cad>154</gpxtpx:cad>
</gpxtpx:TrackPointExtension>
</extensions>
</trkpt>
<trkpt lat="36.7646623" lon="126.9704079">
<ele>17.614</ele>
<time>2024-07-15T12:01:14Z</time>
<extensions>
<gpxtpx:TrackPointExtension>
<gpxtpx:hr>176</gpxtpx:hr>
<gpxtpx:cad>154</gpxtpx:cad>
</gpxtpx:TrackPointExtension>
</extensions>
</trkpt>
<trkpt lat="36.7646713" lon="126.970437">
<ele>17.61</ele>
<time>2024-07-15T12:01:15Z</time>
<extensions>
<gpxtpx:TrackPointExtension>
<gpxtpx:hr>176</gpxtpx:hr>
</gpxtpx:TrackPointExtension>
</extensions>
</trkpt>
<trkpt lat="36.7646784" lon="126.9704649">
<ele>17.65</ele>
<time>2024-07-15T12:01:16Z</time>
<extensions>
<gpxtpx:TrackPointExtension>
<gpxtpx:hr>176</gpxtpx:hr>
</gpxtpx:TrackPointExtension>
</extensions>
</trkpt>
<trkpt lat="36.7646873" lon="126.9704905">
<ele>17.63</ele>
<time>2024-07-15T12:01:17Z</time>
<extensions>
<gpxtpx:TrackPointExtension>
<gpxtpx:hr>176</gpxtpx:hr>
</gpxtpx:TrackPointExtension>
</extensions>
</trkpt>
<trkpt lat="36.7646977" lon="126.9705142">
<ele>17.495</ele>
<time>2024-07-15T12:01:18Z</time>
<extensions>
<gpxtpx:TrackPointExtension>
<gpxtpx:hr>176</gpxtpx:hr>
</gpxtpx:TrackPointExtension>
</extensions>
</trkpt>
<trkpt lat="36.7647099" lon="126.9705363">
<ele>17.692</ele>
<time>2024-07-15T12:01:19Z</time>
<extensions>
<gpxtpx:TrackPointExtension>
<gpxtpx:hr>176</gpxtpx:hr>
</gpxtpx:TrackPointExtension>
</extensions>
</trkpt>
<trkpt lat="36.7647228" lon="126.9705584">
<ele>17.68</ele>
<time>2024-07-15T12:01:20Z</time>
<extensions>
<gpxtpx:TrackPointExtension>
<gpxtpx:hr>176</gpxtpx:hr>
</gpxtpx:TrackPointExtension>
</extensions>
</trkpt>
<trkpt lat="36.7647379" lon="126.9705795">
<ele>17.606</ele>
<time>2024-07-15T12:01:21Z</time>
<extensions>
<gpxtpx:TrackPointExtension>
<gpxtpx:hr>176</gpxtpx:hr>
</gpxtpx:TrackPointExtension>
</extensions>
</trkpt>
<trkpt lat="36.7647559" lon="126.9706006">
<ele>17.523</ele>
<time>2024-07-15T12:01:22Z</time>
<extensions>
<gpxtpx:TrackPointExtension>
<gpxtpx:hr>176</gpxtpx:hr>
<gpxtpx:cad>155</gpxtpx:cad>
</gpxtpx:TrackPointExtension>
</extensions>
</trkpt>
<trkpt lat="36.7647756" lon="126.9706197">
<ele>17.71</ele>
<time>2024-07-15T12:01:23Z</time>
<extensions>
<gpxtpx:TrackPointExtension>
<gpxtpx:hr>176</gpxtpx:hr>
</gpxtpx:TrackPointExtension>
</extensions>
</trkpt>
<trkpt lat="36.7647967" lon="126.9706365">
<ele>17.693</ele>
<time>2024-07-15T12:01:24Z</time>
<extensions>
<gpxtpx:TrackPointExtension>
<gpxtpx:hr>176</gpxtpx:hr>
</gpxtpx:TrackPointExtension>
</extensions>
</trkpt>
<trkpt lat="36.7648152" lon="126.9706539">
<ele>17.697</ele>
<time>2024-07-15T12:01:25Z</time>
<extensions>
<gpxtpx:TrackPointExtension>
<gpxtpx:hr>176</gpxtpx:hr>
</gpxtpx:TrackPointExtension>
</extensions>
</trkpt>
<trkpt lat="36.7648302" lon="126.9706716">
<ele>17.767</ele>
<time>2024-07-15T12:01:26Z</time>
<extensions>
<gpxtpx:TrackPointExtension>
<gpxtpx:hr>176</gpxtpx:hr>
</gpxtpx:TrackPointExtension>
</extensions>
</trkpt>
<trkpt lat="36.7648411" lon="126.9706927">
<ele>17.674</ele>
<time>2024-07-15T12:01:27Z</time>
<extensions>
<gpxtpx:TrackPointExtension>
<gpxtpx:hr>176</gpxtpx:hr>
</gpxtpx:TrackPointExtension>
</extensions>
</trkpt>
<trkpt lat="36.7648497" lon="126.9707163">
<ele>17.616</ele>
<time>2024-07-15T12:01:28Z</time>
<extensions>
<gpxtpx:TrackPointExtension>
<gpxtpx:hr>176</gpxtpx:hr>
</gpxtpx:TrackPointExtension>
</extensions>
</trkpt>
<trkpt lat="36.7648583" lon="126.9707418">
<ele>17.683</ele>
<time>2024-07-15T12:01:29Z</time>
<extensions>
<gpxtpx:TrackPointExtension>
<gpxtpx:hr>177</gpxtpx:hr>
</gpxtpx:TrackPointExtension>
</extensions>
</trkpt>
<trkpt lat="36.7648685" lon="126.9707657">
<ele>17.724</ele>
<time>2024-07-15T12:01:30Z</time>
<extensions>
<gpxtpx:TrackPointExtension>
<gpxtpx:hr>177</gpxtpx:hr>
</gpxtpx:TrackPointExtension>
</extensions>
</trkpt>
<trkpt lat="36.7648814" lon="126.9707868">
<ele>17.645</ele>
<time>2024-07-15T12:01:31Z</time>
<extensions>
<gpxtpx:TrackPointExtension>
<gpxtpx:hr>177</gpxtpx:hr>
</gpxtpx:TrackPointExtension>
</extensions>
</trkpt>
<trkpt lat="36.7648989" lon="126.9708051">
<ele>17.728</ele>
<time>2024-07-15T12:01:32Z</time>
<extensions>
<gpxtpx:TrackPointExtension>
<gpxtpx:hr>177</gpxtpx:hr>
<gpxtpx:cad>155</gpxtpx:cad>
</gpxtpx:TrackPointExtension>
</extensions>
</trkpt>
<trkpt lat="36.7649193" lon="126.9708217">
<ele>17.733</ele>
<time>2024-07-15T12:01:33Z</time>
<extensions>
<gpxtpx:TrackPointExtension>
<gpxtpx:hr>178</gpxtpx:hr>
</gpxtpx:TrackPointExtension>
</extensions>
</trkpt>
<trkpt lat="36.7649436" lon="126.970837">
<ele>17.636</ele>
<time>2024-07-15T12:01:34Z</time>
<extensions>
<gpxtpx:TrackPointExtension>
<gpxtpx:hr>178</gpxtpx:hr>
</gpxtpx:TrackPointExtension>
</extensions>
</trkpt>
<trkpt lat="36.7649701" lon="126.9708509">
<ele>17.75</ele>
<time>2024-07-15T12:01:35Z</time>
<extensions>
<gpxtpx:TrackPointExtension>
<gpxtpx:hr>178</gpxtpx:hr>
</gpxtpx:TrackPointExtension>
</extensions>
</trkpt>
<trkpt lat="36.7649958" lon="126.9708653">
<ele>17.776</ele>
<time>2024-07-15T12:01:36Z</time>
<extensions>
<gpxtpx:TrackPointExtension>
<gpxtpx:hr>178</gpxtpx:hr>
</gpxtpx:TrackPointExtension>
</extensions>
</trkpt>
<trkpt lat="36.7650203" lon="126.9708788">
<ele>17.74</ele>
<time>2024-07-15T12:01:37Z</time>
<extensions>
<gpxtpx:TrackPointExtension>
<gpxtpx:hr>178</gpxtpx:hr>
</gpxtpx:TrackPointExtension>
</extensions>
</trkpt>
<trkpt lat="36.7650408" lon="126.970891">
<ele>17.682</ele>
<time>2024-07-15T12:01:38Z</time>
<extensions>
<gpxtpx:TrackPointExtension>
<gpxtpx:hr>178</gpxtpx:hr>
</gpxtpx:TrackPointExtension>
</extensions>
</trkpt>
<trkpt lat="36.7650617" lon="126.9709023">
<ele>17.747</ele>
<time>2024-07-15T12:01:39Z</time>
<extensions>
<gpxtpx:TrackPointExtension>
<gpxtpx:hr>178</gpxtpx:hr>
</gpxtpx:TrackPointExtension>
</extensions>
</trkpt>
<trkpt lat="36.7650831" lon="126.9709133">
<ele>17.712</ele>
<time>2024-07-15T12:01:40Z</time>
<extensions>
<gpxtpx:TrackPointExtension>
<gpxtpx:hr>178</gpxtpx:hr>
</gpxtpx:TrackPointExtension>
</extensions>
</trkpt>
<trkpt lat="36.765103" lon="126.9709268">
<ele>17.635</ele>
<time>2024-07-15T12:01:41Z</time>
<extensions>
<gpxtpx:TrackPointExtension>
<gpxtpx:hr>178</gpxtpx:hr>
</gpxtpx:TrackPointExtension>
</extensions>
</trkpt>
<trkpt lat="36.7651216" lon="126.9709417">
<ele>17.669</ele>
<time>2024-07-15T12:01:42Z</time>
<extensions>
<gpxtpx:TrackPointExtension>
<gpxtpx:hr>178</gpxtpx:hr>
<gpxtpx:cad>156</gpxtpx:cad>
</gpxtpx:TrackPointExtension>
</extensions>
</trkpt>
<trkpt lat="36.7651403" lon="126.9709554">
<ele>17.722</ele>
<time>2024-07-15T12:01:43Z</time>
<extensions>
<gpxtpx:TrackPointExtension>
<gpxtpx:hr>178</gpxtpx:hr>
</gpxtpx:TrackPointExtension>
</extensions>
</trkpt>
<trkpt lat="36.7651609" lon="126.9709664">
<ele>17.626</ele>
<time>2024-07-15T12:01:44Z</time>
<extensions>
<gpxtpx:TrackPointExtension>
<gpxtpx:hr>178</gpxtpx:hr>
</gpxtpx:TrackPointExtension>
</extensions>
</trkpt>
<trkpt lat="36.7651817" lon="126.9709767">
<ele>17.749</ele>
<time>2024-07-15T12:01:45Z</time>
<extensions>
<gpxtpx:TrackPointExtension>
<gpxtpx:hr>178</gpxtpx:hr>
</gpxtpx:TrackPointExtension>
</extensions>
</trkpt>
<trkpt lat="36.7652036" lon="126.9709864">
<ele>17.593</ele>
<time>2024-07-15T12:01:46Z</time>
<extensions>
<gpxtpx:TrackPointExtension>
<gpxtpx:hr>178</gpxtpx:hr>
</gpxtpx:TrackPointExtension>
</extensions>
</trkpt>
<trkpt lat="36.7652255" lon="126.9709954">
<ele>17.629</ele>
<time>2024-07-15T12:01:47Z</time>
<extensions>
<gpxtpx:TrackPointExtension>
<gpxtpx:hr>178</gpxtpx:hr>
</gpxtpx:TrackPointExtension>
</extensions>
</trkpt>
<trkpt lat="36.7652476" lon="126.9710051">
<ele>17.705</ele>
<time>2024-07-15T12:01:48Z</time>
<extensions>
<gpxtpx:TrackPointExtension>
<gpxtpx:hr>178</gpxtpx:hr>
</gpxtpx:TrackPointExtension>
</extensions>
</trkpt>
<trkpt lat="36.7652698" lon="126.9710142">
<ele>17.733</ele>
<time>2024-07-15T12:01:49Z</time>
<extensions>
<gpxtpx:TrackPointExtension>
<gpxtpx:hr>178</gpxtpx:hr>
</gpxtpx:TrackPointExtension>
</extensions>
</trkpt>
<trkpt lat="36.7652912" lon="126.9710252">
<ele>17.583</ele>
<time>2024-07-15T12:01:50Z</time>
<extensions>
<gpxtpx:TrackPointExtension>
<gpxtpx:hr>178</gpxtpx:hr>
</gpxtpx:TrackPointExtension>
</extensions>
</trkpt>
<trkpt lat="36.7653107" lon="126.9710358">
<ele>17.608</ele>
<time>2024-07-15T12:01:51Z</time>
<extensions>
<gpxtpx:TrackPointExtension>
<gpxtpx:hr>178</gpxtpx:hr>
</gpxtpx:TrackPointExtension>
</extensions>
</trkpt>
<trkpt lat="36.7653291" lon="126.9710473">
<ele>17.678</ele>
<time>2024-07-15T12:01:52Z</time>
<extensions>
<gpxtpx:TrackPointExtension>
<gpxtpx:hr>178</gpxtpx:hr>
<gpxtpx:cad>155</gpxtpx:cad>
</gpxtpx:TrackPointExtension>
</extensions>
</trkpt>
<trkpt lat="36.765348" lon="126.9710589">
<ele>17.655</ele>
<time>2024-07-15T12:01:53Z</time>
<extensions>
<gpxtpx:TrackPointExtension>
<gpxtpx:hr>178</gpxtpx:hr>
<gpxtpx:cad>155</gpxtpx:cad>
</gpxtpx:TrackPointExtension>
</extensions>
</trkpt>
<trkpt lat="36.7653694" lon="126.9710725">
<ele>17.695</ele>
<time>2024-07-15T12:01:54Z</time>
<extensions>
<gpxtpx:TrackPointExtension>
<gpxtpx:hr>178</gpxtpx:hr>
</gpxtpx:TrackPointExtension>
</extensions>
</trkpt>
<trkpt lat="36.7653903" lon="126.9710881">
<ele>17.794</ele>
<time>2024-07-15T12:01:55Z</time>
<extensions>
<gpxtpx:TrackPointExtension>
<gpxtpx:hr>178</gpxtpx:hr>
</gpxtpx:TrackPointExtension>
</extensions>
</trkpt>
<trkpt lat="36.765412" lon="126.9711015">
<ele>17.725</ele>
<time>2024-07-15T12:01:56Z</time>
<extensions>
<gpxtpx:TrackPointExtension>
<gpxtpx:hr>179</gpxtpx:hr>
</gpxtpx:TrackPointExtension>
</extensions>
</trkpt>
<trkpt lat="36.7654328" lon="126.9711145">
<ele>17.716</ele>
<time>2024-07-15T12:01:57Z</time>
<extensions>
<gpxtpx:TrackPointExtension>
<gpxtpx:hr>179</gpxtpx:hr>
</gpxtpx:TrackPointExtension>
</extensions>
</trkpt>
<trkpt lat="36.7654524" lon="126.9711266">
<ele>17.81</ele>
<time>2024-07-15T12:01:58Z</time>
<extensions>
<gpxtpx:TrackPointExtension>
<gpxtpx:hr>179</gpxtpx:hr>
</gpxtpx:TrackPointExtension>
</extensions>
</trkpt>
<trkpt lat="36.765474" lon="126.9711367">
<ele>17.739</ele>
<time>2024-07-15T12:01:59Z</time>
<extensions>
<gpxtpx:TrackPointExtension>
<gpxtpx:hr>179</gpxtpx:hr>
</gpxtpx:TrackPointExtension>
</extensions>
</trkpt>
<trkpt lat="36.7654976" lon="126.9711444">
<ele>17.614</ele>
<time>2024-07-15T12:02:00Z</time>
<extensions>
<gpxtpx:TrackPointExtension>
<gpxtpx:hr>179</gpxtpx:hr>
</gpxtpx:TrackPointExtension>
</extensions>
</trkpt>
<trkpt lat="36.7655206" lon="126.971151">
<ele>17.755</ele>
<time>2024-07-15T12:02:01Z</time>
<extensions>
<gpxtpx:TrackPointExtension>
<gpxtpx:hr>179</gpxtpx:hr>
</gpxtpx:TrackPointExtension>
</extensions>
</trkpt>
<trkpt lat="36.7655627" lon="126.9711619">
<ele>17.666</ele>
<time>2024-07-15T12:02:02Z</time>
<extensions>
<gpxtpx:TrackPointExtension>
<gpxtpx:hr>179</gpxtpx:hr>
<gpxtpx:cad>156</gpxtpx:cad>
</gpxtpx:TrackPointExtension>
</extensions>
</trkpt>
<trkpt lat="36.7655828" lon="126.9711659">
<ele>17.584</ele>
<time>2024-07-15T12:02:03Z</time>
<extensions>
<gpxtpx:TrackPointExtension>
<gpxtpx:hr>179</gpxtpx:hr>
</gpxtpx:TrackPointExtension>
</extensions>
</trkpt>
<trkpt lat="36.7656069" lon="126.9711682">
<ele>17.728</ele>
<time>2024-07-15T12:02:04Z</time>
<extensions>
<gpxtpx:TrackPointExtension>
<gpxtpx:hr>179</gpxtpx:hr>
</gpxtpx:TrackPointExtension>
</extensions>
</trkpt>
<trkpt lat="36.7656325" lon="126.9711703">
<ele>17.757</ele>
<time>2024-07-15T12:02:05Z</time>
<extensions>
<gpxtpx:TrackPointExtension>
<gpxtpx:hr>180</gpxtpx:hr>
</gpxtpx:TrackPointExtension>
</extensions>
</trkpt>
<trkpt lat="36.7656564" lon="126.9711736">
<ele>17.642</ele>
<time>2024-07-15T12:02:06Z</time>
<extensions>
<gpxtpx:TrackPointExtension>
<gpxtpx:hr>180</gpxtpx:hr>
</gpxtpx:TrackPointExtension>
</extensions>
</trkpt>
<trkpt lat="36.7656786" lon="126.9711785">
<ele>17.63</ele>
<time>2024-07-15T12:02:07Z</time>
<extensions>
<gpxtpx:TrackPointExtension>
<gpxtpx:hr>180</gpxtpx:hr>
</gpxtpx:TrackPointExtension>
</extensions>
</trkpt>
<trkpt lat="36.7657009" lon="126.9711843">
<ele>17.726</ele>
<time>2024-07-15T12:02:08Z</time>
<extensions>
<gpxtpx:TrackPointExtension>
<gpxtpx:hr>179</gpxtpx:hr>
</gpxtpx:TrackPointExtension>
</extensions>
</trkpt>
<trkpt lat="36.7657227" lon="126.9711883">
<ele>17.668</ele>
<time>2024-07-15T12:02:09Z</time>
<extensions>
<gpxtpx:TrackPointExtension>
<gpxtpx:hr>179</gpxtpx:hr>
</gpxtpx:TrackPointExtension>
</extensions>
</trkpt>
<trkpt lat="36.7657449" lon="126.9711915">
<ele>17.697</ele>
<time>2024-07-15T12:02:10Z</time>
<extensions>
<gpxtpx:TrackPointExtension>
<gpxtpx:hr>179</gpxtpx:hr>
</gpxtpx:TrackPointExtension>
</extensions>
</trkpt>
<trkpt lat="36.7657675" lon="126.9711943">
<ele>17.738</ele>
<time>2024-07-15T12:02:11Z</time>
<extensions>
<gpxtpx:TrackPointExtension>
<gpxtpx:hr>179</gpxtpx:hr>
</gpxtpx:TrackPointExtension>
</extensions>
</trkpt>
<trkpt lat="36.7657905" lon="126.9711955">
<ele>17.689</ele>
<time>2024-07-15T12:02:12Z</time>
<extensions>
<gpxtpx:TrackPointExtension>
<gpxtpx:hr>179</gpxtpx:hr>
<gpxtpx:cad>156</gpxtpx:cad>
</gpxtpx:TrackPointExtension>
</extensions>
</trkpt>
<trkpt lat="36.7658157" lon="126.9711955">
<ele>17.691</ele>
<time>2024-07-15T12:02:13Z</time>
<extensions>
<gpxtpx:TrackPointExtension>
<gpxtpx:hr>179</gpxtpx:hr>
</gpxtpx:TrackPointExtension>
</extensions>
</trkpt>
<trkpt lat="36.765843" lon="126.9711942">
<ele>17.674</ele>
<time>2024-07-15T12:02:14Z</time>
<extensions>
<gpxtpx:TrackPointExtension>
<gpxtpx:hr>179</gpxtpx:hr>
</gpxtpx:TrackPointExtension>
</extensions>
</trkpt>
<trkpt lat="36.7658696" lon="126.9711938">
<ele>17.55</ele>
<time>2024-07-15T12:02:15Z</time>
<extensions>
<gpxtpx:TrackPointExtension>
<gpxtpx:hr>179</gpxtpx:hr>
</gpxtpx:TrackPointExtension>
</extensions>
</trkpt>
<trkpt lat="36.7658979" lon="126.9711923">
<ele>17.617</ele>
<time>2024-07-15T12:02:16Z</time>
<extensions>
<gpxtpx:TrackPointExtension>
<gpxtpx:hr>179</gpxtpx:hr>
</gpxtpx:TrackPointExtension>
</extensions>
</trkpt>
<trkpt lat="36.7659249" lon="126.9711898">
<ele>17.702</ele>
<time>2024-07-15T12:02:17Z</time>
<extensions>
<gpxtpx:TrackPointExtension>
<gpxtpx:hr>179</gpxtpx:hr>
</gpxtpx:TrackPointExtension>
</extensions>
</trkpt>
<trkpt lat="36.7659507" lon="126.9711879">
<ele>17.64</ele>
<time>2024-07-15T12:02:18Z</time>
<extensions>
<gpxtpx:TrackPointExtension>
<gpxtpx:hr>179</gpxtpx:hr>
</gpxtpx:TrackPointExtension>
</extensions>
</trkpt>
<trkpt lat="36.7659789" lon="126.9711888">
<ele>17.61</ele>
<time>2024-07-15T12:02:19Z</time>
<extensions>
<gpxtpx:TrackPointExtension>
<gpxtpx:hr>179</gpxtpx:hr>
</gpxtpx:TrackPointExtension>
</extensions>
</trkpt>
<trkpt lat="36.766008" lon="126.97119">
<ele>17.685</ele>
<time>2024-07-15T12:02:20Z</time>
<extensions>
<gpxtpx:TrackPointExtension>
<gpxtpx:hr>179</gpxtpx:hr>
</gpxtpx:TrackPointExtension>
</extensions>
</trkpt>
<trkpt lat="36.7660355" lon="126.9711922">
<ele>17.668</ele>
<time>2024-07-15T12:02:21Z</time>
<extensions>
<gpxtpx:TrackPointExtension>
<gpxtpx:hr>179</gpxtpx:hr>
</gpxtpx:TrackPointExtension>
</extensions>
</trkpt>
<trkpt lat="36.7660618" lon="126.9711944">
<ele>17.537</ele>
<time>2024-07-15T12:02:22Z</time>
<extensions>
<gpxtpx:TrackPointExtension>
<gpxtpx:hr>179</gpxtpx:hr>
<gpxtpx:cad>156</gpxtpx:cad>
</gpxtpx:TrackPointExtension>
</extensions>
</trkpt>
<trkpt lat="36.7660868" lon="126.9711942">
<ele>17.623</ele>
<time>2024-07-15T12:02:23Z</time>
<extensions>
<gpxtpx:TrackPointExtension>
<gpxtpx:hr>179</gpxtpx:hr>
</gpxtpx:TrackPointExtension>
</extensions>
</trkpt>
<trkpt lat="36.7661114" lon="126.9711948">
<ele>17.657</ele>
<time>2024-07-15T12:02:24Z</time>
<extensions>
<gpxtpx:TrackPointExtension>
<gpxtpx:hr>179</gpxtpx:hr>
</gpxtpx:TrackPointExtension>
</extensions>
</trkpt>
<trkpt lat="36.7661379" lon="126.9711977">
<ele>17.614</ele>
<time>2024-07-15T12:02:25Z</time>
<extensions>
<gpxtpx:TrackPointExtension>
<gpxtpx:hr>179</gpxtpx:hr>
</gpxtpx:TrackPointExtension>
</extensions>
</trkpt>
<trkpt lat="36.7661633" lon="126.9712021">
<ele>17.634</ele>
<time>2024-07-15T12:02:26Z</time>
<extensions>
<gpxtpx:TrackPointExtension>
<gpxtpx:hr>179</gpxtpx:hr>
</gpxtpx:TrackPointExtension>
</extensions>
</trkpt>
<trkpt lat="36.7661891" lon="126.9712071">
<ele>17.734</ele>
<time>2024-07-15T12:02:27Z</time>
<extensions>
<gpxtpx:TrackPointExtension>
<gpxtpx:hr>179</gpxtpx:hr>
</gpxtpx:TrackPointExtension>
</extensions>
</trkpt>
<trkpt lat="36.7662129" lon="126.9712124">
<ele>17.668</ele>
<time>2024-07-15T12:02:28Z</time>
<extensions>
<gpxtpx:TrackPointExtension>
<gpxtpx:hr>178</gpxtpx:hr>
<gpxtpx:cad>156</gpxtpx:cad>
</gpxtpx:TrackPointExtension>
</extensions>
</trkpt>
<trkpt lat="36.7662355" lon="126.9712155">
<ele>17.668</ele>
<time>2024-07-15T12:02:29Z</time>
<extensions>
<gpxtpx:TrackPointExtension>
<gpxtpx:hr>178</gpxtpx:hr>
</gpxtpx:TrackPointExtension>
</extensions>
</trkpt>
<trkpt lat="36.7662576" lon="126.9712166">
<ele>17.614</ele>
<time>2024-07-15T12:02:30Z</time>
<extensions>
<gpxtpx:TrackPointExtension>
<gpxtpx:hr>178</gpxtpx:hr>
</gpxtpx:TrackPointExtension>
</extensions>
</trkpt>
<trkpt lat="36.7662789" lon="126.971216">
<ele>17.549</ele>
<time>2024-07-15T12:02:31Z</time>
<extensions>
<gpxtpx:TrackPointExtension>
<gpxtpx:hr>178</gpxtpx:hr>
</gpxtpx:TrackPointExtension>
</extensions>
</trkpt>
<trkpt lat="36.7662989" lon="126.9712146">
<ele>17.651</ele>
<time>2024-07-15T12:02:32Z</time>
<extensions>
<gpxtpx:TrackPointExtension>
<gpxtpx:hr>178</gpxtpx:hr>
<gpxtpx:cad>156</gpxtpx:cad>
</gpxtpx:TrackPointExtension>
</extensions>
</trkpt>
<trkpt lat="36.7663207" lon="126.9712131">
<ele>17.586</ele>
<time>2024-07-15T12:02:33Z</time>
<extensions>
<gpxtpx:TrackPointExtension>
<gpxtpx:hr>178</gpxtpx:hr>
</gpxtpx:TrackPointExtension>
</extensions>
</trkpt>
<trkpt lat="36.7663453" lon="126.9712092">
<ele>17.487</ele>
<time>2024-07-15T12:02:34Z</time>
<extensions>
<gpxtpx:TrackPointExtension>
<gpxtpx:hr>178</gpxtpx:hr>
</gpxtpx:TrackPointExtension>
</extensions>
</trkpt>
<trkpt lat="36.7663699" lon="126.9712041">
<ele>17.457</ele>
<time>2024-07-15T12:02:35Z</time>
<extensions>
<gpxtpx:TrackPointExtension>
<gpxtpx:hr>178</gpxtpx:hr>
</gpxtpx:TrackPointExtension>
</extensions>
</trkpt>
<trkpt lat="36.7663951" lon="126.9711952">
<ele>17.351</ele>
<time>2024-07-15T12:02:36Z</time>
<extensions>
<gpxtpx:TrackPointExtension>
<gpxtpx:hr>178</gpxtpx:hr>
</gpxtpx:TrackPointExtension>
</extensions>
</trkpt>
<trkpt lat="36.7664253" lon="126.9711793">
<ele>17.496</ele>
<time>2024-07-15T12:02:37Z</time>
<extensions>
<gpxtpx:TrackPointExtension>
<gpxtpx:hr>178</gpxtpx:hr>
</gpxtpx:TrackPointExtension>
</extensions>
</trkpt>
<trkpt lat="36.7664543" lon="126.9711564">
<ele>17.459</ele>
<time>2024-07-15T12:02:38Z</time>
<extensions>
<gpxtpx:TrackPointExtension>
<gpxtpx:hr>178</gpxtpx:hr>
</gpxtpx:TrackPointExtension>
</extensions>
</trkpt>
<trkpt lat="36.7664749" lon="126.9711315">
<ele>17.365</ele>
<time>2024-07-15T12:02:39Z</time>
<extensions>
<gpxtpx:TrackPointExtension>
<gpxtpx:hr>177</gpxtpx:hr>
</gpxtpx:TrackPointExtension>
</extensions>
</trkpt>
<trkpt lat="36.7664911" lon="126.971104">
<ele>17.313</ele>
<time>2024-07-15T12:02:40Z</time>
<extensions>
<gpxtpx:TrackPointExtension>
<gpxtpx:hr>177</gpxtpx:hr>
</gpxtpx:TrackPointExtension>
</extensions>
</trkpt>
<trkpt lat="36.7665048" lon="126.9710795">
<ele>17.31</ele>
<time>2024-07-15T12:02:41Z</time>
<extensions>
<gpxtpx:TrackPointExtension>
<gpxtpx:hr>176</gpxtpx:hr>
</gpxtpx:TrackPointExtension>
</extensions>
</trkpt>
<trkpt lat="36.7665159" lon="126.9710572">
<ele>17.304</ele>
<time>2024-07-15T12:02:42Z</time>
<extensions>
<gpxtpx:TrackPointExtension>
<gpxtpx:hr>176</gpxtpx:hr>
<gpxtpx:cad>137</gpxtpx:cad>
</gpxtpx:TrackPointExtension>
</extensions>
</trkpt>
<trkpt lat="36.7665249" lon="126.9710378">
<ele>17.27</ele>
<time>2024-07-15T12:02:43Z</time>
<extensions>
<gpxtpx:TrackPointExtension>
<gpxtpx:hr>175</gpxtpx:hr>
</gpxtpx:TrackPointExtension>
</extensions>
</trkpt>
<trkpt lat="36.7665355" lon="126.9710221">
<ele>17.264</ele>
<time>2024-07-15T12:02:44Z</time>
<extensions>
<gpxtpx:TrackPointExtension>
<gpxtpx:hr>174</gpxtpx:hr>
</gpxtpx:TrackPointExtension>
</extensions>
</trkpt>
<trkpt lat="36.766548" lon="126.9710109">
<ele>17.19</ele>
<time>2024-07-15T12:02:45Z</time>
<extensions>
<gpxtpx:TrackPointExtension>
<gpxtpx:hr>174</gpxtpx:hr>
</gpxtpx:TrackPointExtension>
</extensions>
</trkpt>
<trkpt lat="36.7665622" lon="126.9710026">
<ele>17.219</ele>
<time>2024-07-15T12:02:46Z</time>
<extensions>
<gpxtpx:TrackPointExtension>
<gpxtpx:hr>174</gpxtpx:hr>
</gpxtpx:TrackPointExtension>
</extensions>
</trkpt>
<trkpt lat="36.7665773" lon="126.9709971">
<ele>17.164</ele>
<time>2024-07-15T12:02:47Z</time>
<extensions>
<gpxtpx:TrackPointExtension>
<gpxtpx:hr>173</gpxtpx:hr>
</gpxtpx:TrackPointExtension>
</extensions>
</trkpt>
<trkpt lat="36.7665935" lon="126.9709917">
<ele>17.21</ele>
<time>2024-07-15T12:02:48Z</time>
<extensions>
<gpxtpx:TrackPointExtension>
<gpxtpx:hr>172</gpxtpx:hr>
</gpxtpx:TrackPointExtension>
</extensions>
</trkpt>
<trkpt lat="36.7666096" lon="126.9709882">
<ele>17.203</ele>
<time>2024-07-15T12:02:49Z</time>
<extensions>
<gpxtpx:TrackPointExtension>
<gpxtpx:hr>171</gpxtpx:hr>
</gpxtpx:TrackPointExtension>
</extensions>
</trkpt>
<trkpt lat="36.7666252" lon="126.9709863">
<ele>17.19</ele>
<time>2024-07-15T12:02:50Z</time>
<extensions>
<gpxtpx:TrackPointExtension>
<gpxtpx:hr>171</gpxtpx:hr>
</gpxtpx:TrackPointExtension>
</extensions>
</trkpt>
<trkpt lat="36.7666408" lon="126.9709863">
<ele>17.204</ele>
<time>2024-07-15T12:02:51Z</time>
<extensions>
<gpxtpx:TrackPointExtension>
<gpxtpx:hr>170</gpxtpx:hr>
</gpxtpx:TrackPointExtension>
</extensions>
</trkpt>
<trkpt lat="36.7666545" lon="126.9709899">
<ele>17.105</ele>
<time>2024-07-15T12:02:52Z</time>
<extensions>
<gpxtpx:TrackPointExtension>
<gpxtpx:hr>170</gpxtpx:hr>
<gpxtpx:cad>109</gpxtpx:cad>
</gpxtpx:TrackPointExtension>
</extensions>
</trkpt>
<trkpt lat="36.7666726" lon="126.9709966">
<ele>17.11</ele>
<time>2024-07-15T12:02:53Z</time>
<extensions>
<gpxtpx:TrackPointExtension>
<gpxtpx:hr>170</gpxtpx:hr>
</gpxtpx:TrackPointExtension>
</extensions>
</trkpt>
<trkpt lat="36.7666907" lon="126.9710031">
<ele>17.113</ele>
<time>2024-07-15T12:02:54Z</time>
<extensions>
<gpxtpx:TrackPointExtension>
<gpxtpx:hr>170</gpxtpx:hr>
</gpxtpx:TrackPointExtension>
</extensions>
</trkpt>
<trkpt lat="36.7667078" lon="126.9710073">
<ele>17.107</ele>
<time>2024-07-15T12:02:55Z</time>
<extensions>
<gpxtpx:TrackPointExtension>
<gpxtpx:hr>171</gpxtpx:hr>
</gpxtpx:TrackPointExtension>
</extensions>
</trkpt>
<trkpt lat="36.7667231" lon="126.9710111">
<ele>17.095</ele>
<time>2024-07-15T12:02:56Z</time>
<extensions>
<gpxtpx:TrackPointExtension>
<gpxtpx:hr>170</gpxtpx:hr>
</gpxtpx:TrackPointExtension>
</extensions>
</trkpt>
<trkpt lat="36.7667394" lon="126.971014">
<ele>17.054</ele>
<time>2024-07-15T12:02:57Z</time>
<extensions>
<gpxtpx:TrackPointExtension>
<gpxtpx:hr>170</gpxtpx:hr>
</gpxtpx:TrackPointExtension>
</extensions>
</trkpt>
<trkpt lat="36.766758" lon="126.9710167">
<ele>17.068</ele>
<time>2024-07-15T12:02:58Z</time>
<extensions>
<gpxtpx:TrackPointExtension>
<gpxtpx:hr>169</gpxtpx:hr>
</gpxtpx:TrackPointExtension>
</extensions>
</trkpt>
<trkpt lat="36.7667762" lon="126.9710212">
<ele>17.061</ele>
<time>2024-07-15T12:02:59Z</time>
<extensions>
<gpxtpx:TrackPointExtension>
<gpxtpx:hr>169</gpxtpx:hr>
</gpxtpx:TrackPointExtension>
</extensions>
</trkpt>
<trkpt lat="36.7667938" lon="126.9710252">
<ele>17.08</ele>
<time>2024-07-15T12:03:00Z</time>
<extensions>
<gpxtpx:TrackPointExtension>
<gpxtpx:hr>169</gpxtpx:hr>
</gpxtpx:TrackPointExtension>
</extensions>
</trkpt>
<trkpt lat="36.7668091" lon="126.9710277">
<ele>17.089</ele>
<time>2024-07-15T12:03:01Z</time>
<extensions>
<gpxtpx:TrackPointExtension>
<gpxtpx:hr>169</gpxtpx:hr>
</gpxtpx:TrackPointExtension>
</extensions>
</trkpt>
<trkpt lat="36.7668225" lon="126.9710286">
<ele>17.114</ele>
<time>2024-07-15T12:03:02Z</time>
<extensions>
<gpxtpx:TrackPointExtension>
<gpxtpx:hr>168</gpxtpx:hr>
<gpxtpx:cad>112</gpxtpx:cad>
</gpxtpx:TrackPointExtension>
</extensions>
</trkpt>
<trkpt lat="36.766835" lon="126.9710268">
<ele>17.259</ele>
<time>2024-07-15T12:03:03Z</time>
<extensions>
<gpxtpx:TrackPointExtension>
<gpxtpx:hr>168</gpxtpx:hr>
</gpxtpx:TrackPointExtension>
</extensions>
</trkpt>
<trkpt lat="36.7668463" lon="126.9710202">
<ele>17.23</ele>
<time>2024-07-15T12:03:04Z</time>
<extensions>
<gpxtpx:TrackPointExtension>
<gpxtpx:hr>167</gpxtpx:hr>
</gpxtpx:TrackPointExtension>
</extensions>
</trkpt>
<trkpt lat="36.7668572" lon="126.9710137">
<ele>17.25</ele>
<time>2024-07-15T12:03:05Z</time>
<extensions>
<gpxtpx:TrackPointExtension>
<gpxtpx:hr>166</gpxtpx:hr>
</gpxtpx:TrackPointExtension>
</extensions>
</trkpt>
<trkpt lat="36.7668686" lon="126.971007">
<ele>17.105</ele>
<time>2024-07-15T12:03:06Z</time>
</trkpt>
<trkpt lat="36.7668792" lon="126.9710006">
<ele>17.09</ele>
<time>2024-07-15T12:03:07Z</time>
</trkpt>
<trkpt lat="36.7668892" lon="126.9709954">
<ele>17.066</ele>
<time>2024-07-15T12:03:08Z</time>
<extensions>
<gpxtpx:TrackPointExtension>
<gpxtpx:hr>165</gpxtpx:hr>
</gpxtpx:TrackPointExtension>
</extensions>
</trkpt>
<trkpt lat="36.7668998" lon="126.9709884">
<ele>17.045</ele>
<time>2024-07-15T12:03:09Z</time>
<extensions>
<gpxtpx:TrackPointExtension>
<gpxtpx:hr>164</gpxtpx:hr>
</gpxtpx:TrackPointExtension>
</extensions>
</trkpt>
<trkpt lat="36.7669153" lon="126.9709803">
<ele>17.057</ele>
<time>2024-07-15T12:03:10Z</time>
<extensions>
<gpxtpx:TrackPointExtension>
<gpxtpx:hr>163</gpxtpx:hr>
</gpxtpx:TrackPointExtension>
</extensions>
</trkpt>
<trkpt lat="36.7669336" lon="126.9709689">
<ele>17.084</ele>
<time>2024-07-15T12:03:11Z</time>
<extensions>
<gpxtpx:TrackPointExtension>
<gpxtpx:hr>162</gpxtpx:hr>
</gpxtpx:TrackPointExtension>
</extensions>
</trkpt>
<trkpt lat="36.7669526" lon="126.9709551">
<ele>17.048</ele>
<time>2024-07-15T12:03:12Z</time>
<extensions>
<gpxtpx:TrackPointExtension>
<gpxtpx:hr>161</gpxtpx:hr>
<gpxtpx:cad>108</gpxtpx:cad>
</gpxtpx:TrackPointExtension>
</extensions>
</trkpt>
<trkpt lat="36.766972" lon="126.9709402">
<ele>17.057</ele>
<time>2024-07-15T12:03:13Z</time>
<extensions>
<gpxtpx:TrackPointExtension>
<gpxtpx:hr>161</gpxtpx:hr>
</gpxtpx:TrackPointExtension>
</extensions>
</trkpt>
<trkpt lat="36.7669897" lon="126.9709265">
<ele>17.085</ele>
<time>2024-07-15T12:03:14Z</time>
<extensions>
<gpxtpx:TrackPointExtension>
<gpxtpx:hr>160</gpxtpx:hr>
</gpxtpx:TrackPointExtension>
</extensions>
</trkpt>
<trkpt lat="36.7670056" lon="126.9709149">
<ele>17.08</ele>
<time>2024-07-15T12:03:15Z</time>
<extensions>
<gpxtpx:TrackPointExtension>
<gpxtpx:hr>160</gpxtpx:hr>
</gpxtpx:TrackPointExtension>
</extensions>
</trkpt>
<trkpt lat="36.7670181" lon="126.9709072">
<ele>17.055</ele>
<time>2024-07-15T12:03:16Z</time>
<extensions>
<gpxtpx:TrackPointExtension>
<gpxtpx:hr>159</gpxtpx:hr>
<gpxtpx:cad>109</gpxtpx:cad>
</gpxtpx:TrackPointExtension>
</extensions>
</trkpt>
<trkpt lat="36.7670274" lon="126.970904">
<ele>17.055</ele>
<time>2024-07-15T12:03:17Z</time>
<extensions>
<gpxtpx:TrackPointExtension>
<gpxtpx:hr>159</gpxtpx:hr>
</gpxtpx:TrackPointExtension>
</extensions>
</trkpt>
<trkpt lat="36.7670362" lon="126.9709047">
<ele>17.066</ele>
<time>2024-07-15T12:03:18Z</time>
<extensions>
<gpxtpx:TrackPointExtension>
<gpxtpx:hr>158</gpxtpx:hr>
</gpxtpx:TrackPointExtension>
</extensions>
</trkpt>
<trkpt lat="36.7670455" lon="126.970909">
<ele>17.011</ele>
<time>2024-07-15T12:03:19Z</time>
<extensions>
<gpxtpx:TrackPointExtension>
<gpxtpx:hr>157</gpxtpx:hr>
</gpxtpx:TrackPointExtension>
</extensions>
</trkpt>
<trkpt lat="36.767056" lon="126.9709141">
<ele>17.012</ele>
<time>2024-07-15T12:03:20Z</time>
<extensions>
<gpxtpx:TrackPointExtension>
<gpxtpx:hr>156</gpxtpx:hr>
</gpxtpx:TrackPointExtension>
</extensions>
</trkpt>
<trkpt lat="36.7670671" lon="126.9709196">
<ele>17.033</ele>
<time>2024-07-15T12:03:21Z</time>
<extensions>
<gpxtpx:TrackPointExtension>
<gpxtpx:hr>155</gpxtpx:hr>
</gpxtpx:TrackPointExtension>
</extensions>
</trkpt>
<trkpt lat="36.767078" lon="126.9709244">
<ele>17.061</ele>
<time>2024-07-15T12:03:22Z</time>
<extensions>
<gpxtpx:TrackPointExtension>
<gpxtpx:hr>155</gpxtpx:hr>
<gpxtpx:cad>111</gpxtpx:cad>
</gpxtpx:TrackPointExtension>
</extensions>
</trkpt>
<trkpt lat="36.7670898" lon="126.9709273">
<ele>17.022</ele>
<time>2024-07-15T12:03:23Z</time>
<extensions>
<gpxtpx:TrackPointExtension>
<gpxtpx:hr>154</gpxtpx:hr>
</gpxtpx:TrackPointExtension>
</extensions>
</trkpt>
<trkpt lat="36.7671007" lon="126.9709275">
<ele>17.072</ele>
<time>2024-07-15T12:03:25Z</time>
<extensions>
<gpxtpx:TrackPointExtension>
<gpxtpx:hr>153</gpxtpx:hr>
</gpxtpx:TrackPointExtension>
</extensions>
</trkpt>
<trkpt lat="36.7671115" lon="126.9709258">
<ele>17.061</ele>
<time>2024-07-15T12:03:26Z</time>
<extensions>
<gpxtpx:TrackPointExtension>
<gpxtpx:hr>153</gpxtpx:hr>
</gpxtpx:TrackPointExtension>
</extensions>
</trkpt>
<trkpt lat="36.7671221" lon="126.9709233">
<ele>17.033</ele>
<time>2024-07-15T12:03:27Z</time>
<extensions>
<gpxtpx:TrackPointExtension>
<gpxtpx:hr>153</gpxtpx:hr>
</gpxtpx:TrackPointExtension>
</extensions>
</trkpt>
<trkpt lat="36.767132" lon="126.970921">
<ele>17.046</ele>
<time>2024-07-15T12:03:28Z</time>
<extensions>
<gpxtpx:TrackPointExtension>
<gpxtpx:hr>152</gpxtpx:hr>
</gpxtpx:TrackPointExtension>
</extensions>
</trkpt>
<trkpt lat="36.7671437" lon="126.9709191">
<ele>17.12</ele>
<time>2024-07-15T12:03:29Z</time>
<extensions>
<gpxtpx:TrackPointExtension>
<gpxtpx:hr>152</gpxtpx:hr>
</gpxtpx:TrackPointExtension>
</extensions>
</trkpt>
<trkpt lat="36.7671545" lon="126.9709161">
<ele>17.072</ele>
<time>2024-07-15T12:03:30Z</time>
<extensions>
<gpxtpx:TrackPointExtension>
<gpxtpx:hr>152</gpxtpx:hr>
</gpxtpx:TrackPointExtension>
</extensions>
</trkpt>
<trkpt lat="36.7671644" lon="126.9709133">
<ele>17.045</ele>
<time>2024-07-15T12:03:31Z</time>
<extensions>
<gpxtpx:TrackPointExtension>
<gpxtpx:hr>151</gpxtpx:hr>
</gpxtpx:TrackPointExtension>
</extensions>
</trkpt>
<trkpt lat="36.7671737" lon="126.9709119">
<ele>16.951</ele>
<time>2024-07-15T12:03:32Z</time>
<extensions>
<gpxtpx:TrackPointExtension>
<gpxtpx:hr>151</gpxtpx:hr>
</gpxtpx:TrackPointExtension>
</extensions>
</trkpt>
<trkpt lat="36.767183" lon="126.9709094">
<ele>16.965</ele>
<time>2024-07-15T12:03:33Z</time>
<extensions>
<gpxtpx:TrackPointExtension>
<gpxtpx:hr>150</gpxtpx:hr>
<gpxtpx:cad>112</gpxtpx:cad>
</gpxtpx:TrackPointExtension>
</extensions>
</trkpt>
<trkpt lat="36.7671914" lon="126.9709059">
<ele>17.022</ele>
<time>2024-07-15T12:03:34Z</time>
<extensions>
<gpxtpx:TrackPointExtension>
<gpxtpx:hr>150</gpxtpx:hr>
</gpxtpx:TrackPointExtension>
</extensions>
</trkpt>
<trkpt lat="36.7671995" lon="126.9709044">
<ele>16.985</ele>
<time>2024-07-15T12:03:35Z</time>
<extensions>
<gpxtpx:TrackPointExtension>
<gpxtpx:hr>149</gpxtpx:hr>
</gpxtpx:TrackPointExtension>
</extensions>
</trkpt>
<trkpt lat="36.7672082" lon="126.9709038">
<ele>17.034</ele>
<time>2024-07-15T12:03:36Z</time>
<extensions>
<gpxtpx:TrackPointExtension>
<gpxtpx:hr>149</gpxtpx:hr>
</gpxtpx:TrackPointExtension>
</extensions>
</trkpt>
<trkpt lat="36.7672186" lon="126.9709035">
<ele>17.017</ele>
<time>2024-07-15T12:03:37Z</time>
<extensions>
<gpxtpx:TrackPointExtension>
<gpxtpx:hr>148</gpxtpx:hr>
</gpxtpx:TrackPointExtension>
</extensions>
</trkpt>
<trkpt lat="36.7672297" lon="126.9709039">
<ele>17.027</ele>
<time>2024-07-15T12:03:38Z</time>
<extensions>
<gpxtpx:TrackPointExtension>
<gpxtpx:hr>147</gpxtpx:hr>
</gpxtpx:TrackPointExtension>
</extensions>
</trkpt>
<trkpt lat="36.7672426" lon="126.9709031">
<ele>16.996</ele>
<time>2024-07-15T12:03:39Z</time>
<extensions>
<gpxtpx:TrackPointExtension>
<gpxtpx:hr>147</gpxtpx:hr>
</gpxtpx:TrackPointExtension>
</extensions>
</trkpt>
<trkpt lat="36.7672561" lon="126.9708997">
<ele>16.901</ele>
<time>2024-07-15T12:03:40Z</time>
<extensions>
<gpxtpx:TrackPointExtension>
<gpxtpx:hr>146</gpxtpx:hr>
</gpxtpx:TrackPointExtension>
</extensions>
</trkpt>
<trkpt lat="36.7672709" lon="126.9708937">
<ele>16.87</ele>
<time>2024-07-15T12:03:41Z</time>
<extensions>
<gpxtpx:TrackPointExtension>
<gpxtpx:hr>146</gpxtpx:hr>
</gpxtpx:TrackPointExtension>
</extensions>
</trkpt>
<trkpt lat="36.7672855" lon="126.9708882">
<ele>16.831</ele>
<time>2024-07-15T12:03:42Z</time>
<extensions>
<gpxtpx:TrackPointExtension>
<gpxtpx:hr>146</gpxtpx:hr>
<gpxtpx:cad>113</gpxtpx:cad>
</gpxtpx:TrackPointExtension>
</extensions>
</trkpt>
<trkpt lat="36.7672987" lon="126.9708861">
<ele>16.862</ele>
<time>2024-07-15T12:03:43Z</time>
<extensions>
<gpxtpx:TrackPointExtension>
<gpxtpx:hr>145</gpxtpx:hr>
</gpxtpx:TrackPointExtension>
</extensions>
</trkpt>
<trkpt lat="36.7673109" lon="126.9708864">
<ele>16.864</ele>
<time>2024-07-15T12:03:44Z</time>
<extensions>
<gpxtpx:TrackPointExtension>
<gpxtpx:hr>145</gpxtpx:hr>
</gpxtpx:TrackPointExtension>
</extensions>
</trkpt>
<trkpt lat="36.7673234" lon="126.9708865">
<ele>16.815</ele>
<time>2024-07-15T12:03:45Z</time>
<extensions>
<gpxtpx:TrackPointExtension>
<gpxtpx:hr>145</gpxtpx:hr>
</gpxtpx:TrackPointExtension>
</extensions>
</trkpt>
<trkpt lat="36.767336" lon="126.9708859">
<ele>16.787</ele>
<time>2024-07-15T12:03:46Z</time>
<extensions>
<gpxtpx:TrackPointExtension>
<gpxtpx:hr>144</gpxtpx:hr>
</gpxtpx:TrackPointExtension>
</extensions>
</trkpt>
<trkpt lat="36.7673485" lon="126.9708837">
<ele>16.834</ele>
<time>2024-07-15T12:03:47Z</time>
<extensions>
<gpxtpx:TrackPointExtension>
<gpxtpx:hr>144</gpxtpx:hr>
</gpxtpx:TrackPointExtension>
</extensions>
</trkpt>
<trkpt lat="36.7673621" lon="126.9708801">
<ele>16.853</ele>
<time>2024-07-15T12:03:48Z</time>
<extensions>
<gpxtpx:TrackPointExtension>
<gpxtpx:hr>144</gpxtpx:hr>
</gpxtpx:TrackPointExtension>
</extensions>
</trkpt>
<trkpt lat="36.7673745" lon="126.9708759">
<ele>16.838</ele>
<time>2024-07-15T12:03:49Z</time>
<extensions>
<gpxtpx:TrackPointExtension>
<gpxtpx:hr>143</gpxtpx:hr>
</gpxtpx:TrackPointExtension>
</extensions>
</trkpt>
<trkpt lat="36.7673867" lon="126.9708721">
<ele>16.812</ele>
<time>2024-07-15T12:03:50Z</time>
<extensions>
<gpxtpx:TrackPointExtension>
<gpxtpx:hr>143</gpxtpx:hr>
</gpxtpx:TrackPointExtension>
</extensions>
</trkpt>
<trkpt lat="36.7673987" lon="126.9708707">
<ele>16.802</ele>
<time>2024-07-15T12:03:51Z</time>
<extensions>
<gpxtpx:TrackPointExtension>
<gpxtpx:hr>142</gpxtpx:hr>
</gpxtpx:TrackPointExtension>
</extensions>
</trkpt>
<trkpt lat="36.7674118" lon="126.9708708">
<ele>16.819</ele>
<time>2024-07-15T12:03:52Z</time>
<extensions>
<gpxtpx:TrackPointExtension>
<gpxtpx:hr>142</gpxtpx:hr>
<gpxtpx:cad>113</gpxtpx:cad>
</gpxtpx:TrackPointExtension>
</extensions>
</trkpt>
<trkpt lat="36.7674251" lon="126.9708714">
<ele>16.817</ele>
<time>2024-07-15T12:03:53Z</time>
<extensions>
<gpxtpx:TrackPointExtension>
<gpxtpx:hr>141</gpxtpx:hr>
</gpxtpx:TrackPointExtension>
</extensions>
</trkpt>
<trkpt lat="36.767439" lon="126.9708722">
<ele>16.838</ele>
<time>2024-07-15T12:03:54Z</time>
<extensions>
<gpxtpx:TrackPointExtension>
<gpxtpx:hr>141</gpxtpx:hr>
</gpxtpx:TrackPointExtension>
</extensions>
</trkpt>
<trkpt lat="36.7674519" lon="126.9708754">
<ele>16.822</ele>
<time>2024-07-15T12:03:55Z</time>
<extensions>
<gpxtpx:TrackPointExtension>
<gpxtpx:hr>140</gpxtpx:hr>
</gpxtpx:TrackPointExtension>
</extensions>
</trkpt>
<trkpt lat="36.7674641" lon="126.97088">
<ele>16.802</ele>
<time>2024-07-15T12:03:56Z</time>
<extensions>
<gpxtpx:TrackPointExtension>
<gpxtpx:hr>140</gpxtpx:hr>
</gpxtpx:TrackPointExtension>
</extensions>
</trkpt>
<trkpt lat="36.7674768" lon="126.9708845">
<ele>16.794</ele>
<time>2024-07-15T12:03:57Z</time>
<extensions>
<gpxtpx:TrackPointExtension>
<gpxtpx:hr>140</gpxtpx:hr>
</gpxtpx:TrackPointExtension>
</extensions>
</trkpt>
<trkpt lat="36.7674884" lon="126.9708892">
<ele>16.863</ele>
<time>2024-07-15T12:03:58Z</time>
<extensions>
<gpxtpx:TrackPointExtension>
<gpxtpx:hr>140</gpxtpx:hr>
</gpxtpx:TrackPointExtension>
</extensions>
</trkpt>
<trkpt lat="36.7675" lon="126.9708943">
<ele>16.794</ele>
<time>2024-07-15T12:03:59Z</time>
<extensions>
<gpxtpx:TrackPointExtension>
<gpxtpx:hr>139</gpxtpx:hr>
</gpxtpx:TrackPointExtension>
</extensions>
</trkpt>
<trkpt lat="36.7675109" lon="126.9708974">
<ele>16.746</ele>
<time>2024-07-15T12:04:00Z</time>
<extensions>
<gpxtpx:TrackPointExtension>
<gpxtpx:hr>140</gpxtpx:hr>
</gpxtpx:TrackPointExtension>
</extensions>
</trkpt>
<trkpt lat="36.7675231" lon="126.9709007">
<ele>16.769</ele>
<time>2024-07-15T12:04:01Z</time>
<extensions>
<gpxtpx:TrackPointExtension>
<gpxtpx:hr>140</gpxtpx:hr>
</gpxtpx:TrackPointExtension>
</extensions>
</trkpt>
<trkpt lat="36.7675355" lon="126.9709045">
<ele>16.847</ele>
<time>2024-07-15T12:04:02Z</time>
<extensions>
<gpxtpx:TrackPointExtension>
<gpxtpx:hr>140</gpxtpx:hr>
<gpxtpx:cad>111</gpxtpx:cad>
</gpxtpx:TrackPointExtension>
</extensions>
</trkpt>
<trkpt lat="36.767548" lon="126.9709089">
<ele>16.886</ele>
<time>2024-07-15T12:04:03Z</time>
<extensions>
<gpxtpx:TrackPointExtension>
<gpxtpx:hr>140</gpxtpx:hr>
</gpxtpx:TrackPointExtension>
</extensions>
</trkpt>
<trkpt lat="36.7675598" lon="126.9709146">
<ele>16.835</ele>
<time>2024-07-15T12:04:04Z</time>
<extensions>
<gpxtpx:TrackPointExtension>
<gpxtpx:hr>140</gpxtpx:hr>
</gpxtpx:TrackPointExtension>
</extensions>
</trkpt>
<trkpt lat="36.767571" lon="126.9709187">
<ele>16.83</ele>
<time>2024-07-15T12:04:05Z</time>
<extensions>
<gpxtpx:TrackPointExtension>
<gpxtpx:hr>140</gpxtpx:hr>
</gpxtpx:TrackPointExtension>
</extensions>
</trkpt>
<trkpt lat="36.7675809" lon="126.9709212">
<ele>16.77</ele>
<time>2024-07-15T12:04:06Z</time>
<extensions>
<gpxtpx:TrackPointExtension>
<gpxtpx:hr>140</gpxtpx:hr>
</gpxtpx:TrackPointExtension>
</extensions>
</trkpt>
<trkpt lat="36.7675903" lon="126.970922">
<ele>16.815</ele>
<time>2024-07-15T12:04:07Z</time>
<extensions>
<gpxtpx:TrackPointExtension>
<gpxtpx:hr>140</gpxtpx:hr>
</gpxtpx:TrackPointExtension>
</extensions>
</trkpt>
<trkpt lat="36.7676018" lon="126.9709212">
<ele>16.745</ele>
<time>2024-07-15T12:04:08Z</time>
<extensions>
<gpxtpx:TrackPointExtension>
<gpxtpx:hr>139</gpxtpx:hr>
</gpxtpx:TrackPointExtension>
</extensions>
</trkpt>
<trkpt lat="36.7676138" lon="126.9709188">
<ele>16.741</ele>
<time>2024-07-15T12:04:09Z</time>
<extensions>
<gpxtpx:TrackPointExtension>
<gpxtpx:hr>139</gpxtpx:hr>
</gpxtpx:TrackPointExtension>
</extensions>
</trkpt>
<trkpt lat="36.7676262" lon="126.970917">
<ele>16.788</ele>
<time>2024-07-15T12:04:10Z</time>
<extensions>
<gpxtpx:TrackPointExtension>
<gpxtpx:hr>139</gpxtpx:hr>
</gpxtpx:TrackPointExtension>
</extensions>
</trkpt>
<trkpt lat="36.7676389" lon="126.9709151">
<ele>16.767</ele>
<time>2024-07-15T12:04:11Z</time>
<extensions>
<gpxtpx:TrackPointExtension>
<gpxtpx:hr>138</gpxtpx:hr>
</gpxtpx:TrackPointExtension>
</extensions>
</trkpt>
<trkpt lat="36.7676526" lon="126.9709125">
<ele>16.71</ele>
<time>2024-07-15T12:04:12Z</time>
<extensions>
<gpxtpx:TrackPointExtension>
<gpxtpx:hr>138</gpxtpx:hr>
<gpxtpx:cad>112</gpxtpx:cad>
</gpxtpx:TrackPointExtension>
</extensions>
</trkpt>
<trkpt lat="36.7676669" lon="126.9709102">
<ele>16.71</ele>
<time>2024-07-15T12:04:13Z</time>
<extensions>
<gpxtpx:TrackPointExtension>
<gpxtpx:hr>137</gpxtpx:hr>
</gpxtpx:TrackPointExtension>
</extensions>
</trkpt>
<trkpt lat="36.7676806" lon="126.9709077">
<ele>16.763</ele>
<time>2024-07-15T12:04:14Z</time>
<extensions>
<gpxtpx:TrackPointExtension>
<gpxtpx:hr>137</gpxtpx:hr>
</gpxtpx:TrackPointExtension>
</extensions>
</trkpt>
<trkpt lat="36.7676954" lon="126.9709051">
<ele>16.804</ele>
<time>2024-07-15T12:04:15Z</time>
<extensions>
<gpxtpx:TrackPointExtension>
<gpxtpx:hr>137</gpxtpx:hr>
</gpxtpx:TrackPointExtension>
</extensions>
</trkpt>
<trkpt lat="36.7677105" lon="126.9709042">
<ele>16.798</ele>
<time>2024-07-15T12:04:16Z</time>
<extensions>
<gpxtpx:TrackPointExtension>
<gpxtpx:hr>136</gpxtpx:hr>
</gpxtpx:TrackPointExtension>
</extensions>
</trkpt>
<trkpt lat="36.7677253" lon="126.9709042">
<ele>16.748</ele>
<time>2024-07-15T12:04:17Z</time>
<extensions>
<gpxtpx:TrackPointExtension>
<gpxtpx:hr>136</gpxtpx:hr>
</gpxtpx:TrackPointExtension>
</extensions>
</trkpt>
<trkpt lat="36.7677394" lon="126.9709057">
<ele>16.764</ele>
<time>2024-07-15T12:04:18Z</time>
<extensions>
<gpxtpx:TrackPointExtension>
<gpxtpx:hr>136</gpxtpx:hr>
</gpxtpx:TrackPointExtension>
</extensions>
</trkpt>
<trkpt lat="36.7677529" lon="126.9709072">
<ele>16.716</ele>
<time>2024-07-15T12:04:19Z</time>
<extensions>
<gpxtpx:TrackPointExtension>
<gpxtpx:hr>136</gpxtpx:hr>
</gpxtpx:TrackPointExtension>
</extensions>
</trkpt>
<trkpt lat="36.7677661" lon="126.970908">
<ele>16.716</ele>
<time>2024-07-15T12:04:20Z</time>
<extensions>
<gpxtpx:TrackPointExtension>
<gpxtpx:hr>136</gpxtpx:hr>
</gpxtpx:TrackPointExtension>
</extensions>
</trkpt>
<trkpt lat="36.7677795" lon="126.9709085">
<ele>16.65</ele>
<time>2024-07-15T12:04:21Z</time>
<extensions>
<gpxtpx:TrackPointExtension>
<gpxtpx:hr>136</gpxtpx:hr>
</gpxtpx:TrackPointExtension>
</extensions>
</trkpt>
<trkpt lat="36.7677931" lon="126.9709094">
<ele>16.659</ele>
<time>2024-07-15T12:04:22Z</time>
<extensions>
<gpxtpx:TrackPointExtension>
<gpxtpx:hr>135</gpxtpx:hr>
<gpxtpx:cad>113</gpxtpx:cad>
</gpxtpx:TrackPointExtension>
</extensions>
</trkpt>
<trkpt lat="36.767807" lon="126.9709101">
<ele>16.677</ele>
<time>2024-07-15T12:04:23Z</time>
<extensions>
<gpxtpx:TrackPointExtension>
<gpxtpx:hr>135</gpxtpx:hr>
</gpxtpx:TrackPointExtension>
</extensions>
</trkpt>
<trkpt lat="36.7678224" lon="126.9709102">
<ele>16.677</ele>
<time>2024-07-15T12:04:24Z</time>
<extensions>
<gpxtpx:TrackPointExtension>
<gpxtpx:hr>134</gpxtpx:hr>
</gpxtpx:TrackPointExtension>
</extensions>
</trkpt>
<trkpt lat="36.7678375" lon="126.9709098">
<ele>16.644</ele>
<time>2024-07-15T12:04:25Z</time>
<extensions>
<gpxtpx:TrackPointExtension>
<gpxtpx:hr>134</gpxtpx:hr>
</gpxtpx:TrackPointExtension>
</extensions>
</trkpt>
<trkpt lat="36.7678527" lon="126.9709081">
<ele>16.653</ele>
<time>2024-07-15T12:04:26Z</time>
<extensions>
<gpxtpx:TrackPointExtension>
<gpxtpx:hr>133</gpxtpx:hr>
</gpxtpx:TrackPointExtension>
</extensions>
</trkpt>
<trkpt lat="36.7678677" lon="126.970906">
<ele>16.678</ele>
<time>2024-07-15T12:04:27Z</time>
<extensions>
<gpxtpx:TrackPointExtension>
<gpxtpx:hr>133</gpxtpx:hr>
</gpxtpx:TrackPointExtension>
</extensions>
</trkpt>
<trkpt lat="36.7678826" lon="126.9709047">
<ele>16.745</ele>
<time>2024-07-15T12:04:28Z</time>
<extensions>
<gpxtpx:TrackPointExtension>
<gpxtpx:hr>133</gpxtpx:hr>
</gpxtpx:TrackPointExtension>
</extensions>
</trkpt>
<trkpt lat="36.7678971" lon="126.9709028">
<ele>16.714</ele>
<time>2024-07-15T12:04:29Z</time>
<extensions>
<gpxtpx:TrackPointExtension>
<gpxtpx:hr>132</gpxtpx:hr>
<gpxtpx:cad>113</gpxtpx:cad>
</gpxtpx:TrackPointExtension>
</extensions>
</trkpt>
<trkpt lat="36.7679107" lon="126.9709013">
<ele>16.924</ele>
<time>2024-07-15T12:04:30Z</time>
<extensions>
<gpxtpx:TrackPointExtension>
<gpxtpx:hr>131</gpxtpx:hr>
</gpxtpx:TrackPointExtension>
</extensions>
</trkpt>
<trkpt lat="36.767922" lon="126.9708974">
<ele>16.875</ele>
<time>2024-07-15T12:04:31Z</time>
<extensions>
<gpxtpx:TrackPointExtension>
<gpxtpx:hr>131</gpxtpx:hr>
</gpxtpx:TrackPointExtension>
</extensions>
</trkpt>
<trkpt lat="36.7679313" lon="126.9708902">
<ele>16.748</ele>
<time>2024-07-15T12:04:32Z</time>
<extensions>
<gpxtpx:TrackPointExtension>
<gpxtpx:hr>130</gpxtpx:hr>
<gpxtpx:cad>113</gpxtpx:cad>
</gpxtpx:TrackPointExtension>
</extensions>
</trkpt>
<trkpt lat="36.7679401" lon="126.9708823">
<ele>16.708</ele>
<time>2024-07-15T12:04:33Z</time>
<extensions>
<gpxtpx:TrackPointExtension>
<gpxtpx:hr>130</gpxtpx:hr>
</gpxtpx:TrackPointExtension>
</extensions>
</trkpt>
<trkpt lat="36.7679504" lon="126.9708715">
<ele>16.638</ele>
<time>2024-07-15T12:04:34Z</time>
<extensions>
<gpxtpx:TrackPointExtension>
<gpxtpx:hr>130</gpxtpx:hr>
</gpxtpx:TrackPointExtension>
</extensions>
</trkpt>
<trkpt lat="36.7679617" lon="126.9708593">
<ele>16.621</ele>
<time>2024-07-15T12:04:35Z</time>
<extensions>
<gpxtpx:TrackPointExtension>
<gpxtpx:hr>130</gpxtpx:hr>
</gpxtpx:TrackPointExtension>
</extensions>
</trkpt>
<trkpt lat="36.7679725" lon="126.9708466">
<ele>16.729</ele>
<time>2024-07-15T12:04:36Z</time>
<extensions>
<gpxtpx:TrackPointExtension>
<gpxtpx:hr>129</gpxtpx:hr>
</gpxtpx:TrackPointExtension>
</extensions>
</trkpt>
<trkpt lat="36.7679831" lon="126.9708343">
<ele>16.648</ele>
<time>2024-07-15T12:04:37Z</time>
<extensions>
<gpxtpx:TrackPointExtension>
<gpxtpx:hr>129</gpxtpx:hr>
</gpxtpx:TrackPointExtension>
</extensions>
</trkpt>
<trkpt lat="36.7679984" lon="126.9708205">
<ele>16.66</ele>
<time>2024-07-15T12:04:38Z</time>
<extensions>
<gpxtpx:TrackPointExtension>
<gpxtpx:hr>129</gpxtpx:hr>
</gpxtpx:TrackPointExtension>
</extensions>
</trkpt>
<trkpt lat="36.7680158" lon="126.9708045">
<ele>16.648</ele>
<time>2024-07-15T12:04:39Z</time>
<extensions>
<gpxtpx:TrackPointExtension>
<gpxtpx:hr>129</gpxtpx:hr>
</gpxtpx:TrackPointExtension>
</extensions>
</trkpt>
<trkpt lat="36.7680332" lon="126.9707892">
<ele>16.571</ele>
<time>2024-07-15T12:04:40Z</time>
<extensions>
<gpxtpx:TrackPointExtension>
<gpxtpx:hr>129</gpxtpx:hr>
</gpxtpx:TrackPointExtension>
</extensions>
</trkpt>
<trkpt lat="36.7680494" lon="126.9707742">
<ele>16.561</ele>
<time>2024-07-15T12:04:41Z</time>
<extensions>
<gpxtpx:TrackPointExtension>
<gpxtpx:hr>130</gpxtpx:hr>
</gpxtpx:TrackPointExtension>
</extensions>
</trkpt>
<trkpt lat="36.7680639" lon="126.9707581">
<ele>16.578</ele>
<time>2024-07-15T12:04:42Z</time>
<extensions>
<gpxtpx:TrackPointExtension>
<gpxtpx:hr>130</gpxtpx:hr>
<gpxtpx:cad>115</gpxtpx:cad>
</gpxtpx:TrackPointExtension>
</extensions>
</trkpt>
<trkpt lat="36.7680764" lon="126.9707411">
<ele>16.557</ele>
<time>2024-07-15T12:04:43Z</time>
<extensions>
<gpxtpx:TrackPointExtension>
<gpxtpx:hr>130</gpxtpx:hr>
</gpxtpx:TrackPointExtension>
</extensions>
</trkpt>
<trkpt lat="36.7681016" lon="126.9707234">
<ele>16.635</ele>
<time>2024-07-15T12:04:44Z</time>
<extensions>
<gpxtpx:TrackPointExtension>
<gpxtpx:hr>130</gpxtpx:hr>
</gpxtpx:TrackPointExtension>
</extensions>
</trkpt>
<trkpt lat="36.7681163" lon="126.9707249">
<ele>16.645</ele>
<time>2024-07-15T12:04:45Z</time>
<extensions>
<gpxtpx:TrackPointExtension>
<gpxtpx:hr>130</gpxtpx:hr>
</gpxtpx:TrackPointExtension>
</extensions>
</trkpt>
<trkpt lat="36.7681307" lon="126.9707324">
<ele>16.683</ele>
<time>2024-07-15T12:04:46Z</time>
<extensions>
<gpxtpx:TrackPointExtension>
<gpxtpx:hr>131</gpxtpx:hr>
</gpxtpx:TrackPointExtension>
</extensions>
</trkpt>
<trkpt lat="36.7681431" lon="126.9707426">
<ele>16.627</ele>
<time>2024-07-15T12:04:47Z</time>
<extensions>
<gpxtpx:TrackPointExtension>
<gpxtpx:hr>131</gpxtpx:hr>
</gpxtpx:TrackPointExtension>
</extensions>
</trkpt>
<trkpt lat="36.7681543" lon="126.9707548">
<ele>16.581</ele>
<time>2024-07-15T12:04:48Z</time>
<extensions>
<gpxtpx:TrackPointExtension>
<gpxtpx:hr>131</gpxtpx:hr>
</gpxtpx:TrackPointExtension>
</extensions>
</trkpt>
<trkpt lat="36.768165" lon="126.970768">
<ele>16.552</ele>
<time>2024-07-15T12:04:49Z</time>
<extensions>
<gpxtpx:TrackPointExtension>
<gpxtpx:hr>131</gpxtpx:hr>
</gpxtpx:TrackPointExtension>
</extensions>
</trkpt>
<trkpt lat="36.7681784" lon="126.9707799">
<ele>16.498</ele>
<time>2024-07-15T12:04:50Z</time>
<extensions>
<gpxtpx:TrackPointExtension>
<gpxtpx:hr>131</gpxtpx:hr>
</gpxtpx:TrackPointExtension>
</extensions>
</trkpt>
<trkpt lat="36.7681921" lon="126.9707916">
<ele>16.469</ele>
<time>2024-07-15T12:04:51Z</time>
<extensions>
<gpxtpx:TrackPointExtension>
<gpxtpx:hr>131</gpxtpx:hr>
</gpxtpx:TrackPointExtension>
</extensions>
</trkpt>
<trkpt lat="36.7682051" lon="126.9708006">
<ele>16.449</ele>
<time>2024-07-15T12:04:52Z</time>
<extensions>
<gpxtpx:TrackPointExtension>
<gpxtpx:hr>132</gpxtpx:hr>
<gpxtpx:cad>118</gpxtpx:cad>
</gpxtpx:TrackPointExtension>
</extensions>
</trkpt>
<trkpt lat="36.7682173" lon="126.9708081">
<ele>16.466</ele>
<time>2024-07-15T12:04:53Z</time>
<extensions>
<gpxtpx:TrackPointExtension>
<gpxtpx:hr>132</gpxtpx:hr>
</gpxtpx:TrackPointExtension>
</extensions>
</trkpt>
<trkpt lat="36.7682292" lon="126.9708133">
<ele>16.482</ele>
<time>2024-07-15T12:04:54Z</time>
<extensions>
<gpxtpx:TrackPointExtension>
<gpxtpx:hr>132</gpxtpx:hr>
</gpxtpx:TrackPointExtension>
</extensions>
</trkpt>
<trkpt lat="36.7682411" lon="126.9708178">
<ele>16.426</ele>
<time>2024-07-15T12:04:55Z</time>
<extensions>
<gpxtpx:TrackPointExtension>
<gpxtpx:hr>132</gpxtpx:hr>
</gpxtpx:TrackPointExtension>
</extensions>
</trkpt>
<trkpt lat="36.768252" lon="126.9708198">
<ele>16.459</ele>
<time>2024-07-15T12:04:56Z</time>
<extensions>
<gpxtpx:TrackPointExtension>
<gpxtpx:hr>132</gpxtpx:hr>
</gpxtpx:TrackPointExtension>
</extensions>
</trkpt>
<trkpt lat="36.7682619" lon="126.9708215">
<ele>16.418</ele>
<time>2024-07-15T12:04:57Z</time>
<extensions>
<gpxtpx:TrackPointExtension>
<gpxtpx:hr>132</gpxtpx:hr>
</gpxtpx:TrackPointExtension>
</extensions>
</trkpt>
<trkpt lat="36.7682737" lon="126.9708236">
<ele>16.491</ele>
<time>2024-07-15T12:04:58Z</time>
<extensions>
<gpxtpx:TrackPointExtension>
<gpxtpx:hr>132</gpxtpx:hr>
</gpxtpx:TrackPointExtension>
</extensions>
</trkpt>
<trkpt lat="36.7682869" lon="126.9708248">
<ele>16.502</ele>
<time>2024-07-15T12:04:59Z</time>
<extensions>
<gpxtpx:TrackPointExtension>
<gpxtpx:hr>132</gpxtpx:hr>
</gpxtpx:TrackPointExtension>
</extensions>
</trkpt>
<trkpt lat="36.7683017" lon="126.9708269">
<ele>16.465</ele>
<time>2024-07-15T12:05:00Z</time>
<extensions>
<gpxtpx:TrackPointExtension>
<gpxtpx:hr>132</gpxtpx:hr>
</gpxtpx:TrackPointExtension>
</extensions>
</trkpt>
<trkpt lat="36.7683151" lon="126.9708295">
<ele>16.513</ele>
<time>2024-07-15T12:05:01Z</time>
<extensions>
<gpxtpx:TrackPointExtension>
<gpxtpx:hr>132</gpxtpx:hr>
</gpxtpx:TrackPointExtension>
</extensions>
</trkpt>
<trkpt lat="36.7683294" lon="126.9708329">
<ele>16.462</ele>
<time>2024-07-15T12:05:02Z</time>
<extensions>
<gpxtpx:TrackPointExtension>
<gpxtpx:hr>132</gpxtpx:hr>
<gpxtpx:cad>111</gpxtpx:cad>
</gpxtpx:TrackPointExtension>
</extensions>
</trkpt>
<trkpt lat="36.7683429" lon="126.9708368">
<ele>16.389</ele>
<time>2024-07-15T12:05:03Z</time>
<extensions>
<gpxtpx:TrackPointExtension>
<gpxtpx:hr>132</gpxtpx:hr>
</gpxtpx:TrackPointExtension>
</extensions>
</trkpt>
<trkpt lat="36.7683547" lon="126.9708407">
<ele>16.404</ele>
<time>2024-07-15T12:05:04Z</time>
<extensions>
<gpxtpx:TrackPointExtension>
<gpxtpx:hr>132</gpxtpx:hr>
</gpxtpx:TrackPointExtension>
</extensions>
</trkpt>
<trkpt lat="36.768364" lon="126.9708453">
<ele>16.397</ele>
<time>2024-07-15T12:05:05Z</time>
<extensions>
<gpxtpx:TrackPointExtension>
<gpxtpx:hr>132</gpxtpx:hr>
</gpxtpx:TrackPointExtension>
</extensions>
</trkpt>
<trkpt lat="36.7683727" lon="126.9708508">
<ele>16.355</ele>
<time>2024-07-15T12:05:06Z</time>
<extensions>
<gpxtpx:TrackPointExtension>
<gpxtpx:hr>132</gpxtpx:hr>
</gpxtpx:TrackPointExtension>
</extensions>
</trkpt>
<trkpt lat="36.7683814" lon="126.970856">
<ele>16.319</ele>
<time>2024-07-15T12:05:07Z</time>
<extensions>
<gpxtpx:TrackPointExtension>
<gpxtpx:hr>132</gpxtpx:hr>
</gpxtpx:TrackPointExtension>
</extensions>
</trkpt>
<trkpt lat="36.7683906" lon="126.9708587">
<ele>16.334</ele>
<time>2024-07-15T12:05:08Z</time>
<extensions>
<gpxtpx:TrackPointExtension>
<gpxtpx:hr>132</gpxtpx:hr>
</gpxtpx:TrackPointExtension>
</extensions>
</trkpt>
<trkpt lat="36.7684009" lon="126.9708602">
<ele>16.342</ele>
<time>2024-07-15T12:05:09Z</time>
<extensions>
<gpxtpx:TrackPointExtension>
<gpxtpx:hr>131</gpxtpx:hr>
</gpxtpx:TrackPointExtension>
</extensions>
</trkpt>
<trkpt lat="36.768412" lon="126.9708628">
<ele>16.289</ele>
<time>2024-07-15T12:05:10Z</time>
<extensions>
<gpxtpx:TrackPointExtension>
<gpxtpx:hr>131</gpxtpx:hr>
</gpxtpx:TrackPointExtension>
</extensions>
</trkpt>
<trkpt lat="36.7684249" lon="126.9708654">
<ele>16.294</ele>
<time>2024-07-15T12:05:11Z</time>
<extensions>
<gpxtpx:TrackPointExtension>
<gpxtpx:hr>131</gpxtpx:hr>
</gpxtpx:TrackPointExtension>
</extensions>
</trkpt>
<trkpt lat="36.768439" lon="126.9708686">
<ele>16.376</ele>
<time>2024-07-15T12:05:12Z</time>
<extensions>
<gpxtpx:TrackPointExtension>
<gpxtpx:hr>131</gpxtpx:hr>
<gpxtpx:cad>110</gpxtpx:cad>
</gpxtpx:TrackPointExtension>
</extensions>
</trkpt>
<trkpt lat="36.7684536" lon="126.9708712">
<ele>16.374</ele>
<time>2024-07-15T12:05:13Z</time>
<extensions>
<gpxtpx:TrackPointExtension>
<gpxtpx:hr>130</gpxtpx:hr>
</gpxtpx:TrackPointExtension>
</extensions>
</trkpt>
<trkpt lat="36.7684684" lon="126.9708719">
<ele>16.378</ele>
<time>2024-07-15T12:05:14Z</time>
<extensions>
<gpxtpx:TrackPointExtension>
<gpxtpx:hr>130</gpxtpx:hr>
</gpxtpx:TrackPointExtension>
</extensions>
</trkpt>
<trkpt lat="36.7684833" lon="126.9708714">
<ele>16.342</ele>
<time>2024-07-15T12:05:15Z</time>
<extensions>
<gpxtpx:TrackPointExtension>
<gpxtpx:hr>130</gpxtpx:hr>
</gpxtpx:TrackPointExtension>
</extensions>
</trkpt>
<trkpt lat="36.7684978" lon="126.97087">
<ele>16.305</ele>
<time>2024-07-15T12:05:16Z</time>
<extensions>
<gpxtpx:TrackPointExtension>
<gpxtpx:hr>129</gpxtpx:hr>
</gpxtpx:TrackPointExtension>
</extensions>
</trkpt>
<trkpt lat="36.7685133" lon="126.9708692">
<ele>16.234</ele>
<time>2024-07-15T12:05:17Z</time>
<extensions>
<gpxtpx:TrackPointExtension>
<gpxtpx:hr>129</gpxtpx:hr>
</gpxtpx:TrackPointExtension>
</extensions>
</trkpt>
<trkpt lat="36.7685297" lon="126.9708679">
<ele>16.231</ele>
<time>2024-07-15T12:05:18Z</time>
<extensions>
<gpxtpx:TrackPointExtension>
<gpxtpx:hr>129</gpxtpx:hr>
</gpxtpx:TrackPointExtension>
</extensions>
</trkpt>
<trkpt lat="36.7685453" lon="126.970867">
<ele>16.258</ele>
<time>2024-07-15T12:05:19Z</time>
<extensions>
<gpxtpx:TrackPointExtension>
<gpxtpx:hr>129</gpxtpx:hr>
</gpxtpx:TrackPointExtension>
</extensions>
</trkpt>
<trkpt lat="36.7685601" lon="126.9708687">
<ele>16.262</ele>
<time>2024-07-15T12:05:20Z</time>
<extensions>
<gpxtpx:TrackPointExtension>
<gpxtpx:hr>128</gpxtpx:hr>
</gpxtpx:TrackPointExtension>
</extensions>
</trkpt>
<trkpt lat="36.7685754" lon="126.9708694">
<ele>16.286</ele>
<time>2024-07-15T12:05:21Z</time>
<extensions>
<gpxtpx:TrackPointExtension>
<gpxtpx:hr>128</gpxtpx:hr>
</gpxtpx:TrackPointExtension>
</extensions>
</trkpt>
<trkpt lat="36.7685892" lon="126.970869">
<ele>16.267</ele>
<time>2024-07-15T12:05:22Z</time>
<extensions>
<gpxtpx:TrackPointExtension>
<gpxtpx:hr>128</gpxtpx:hr>
<gpxtpx:cad>109</gpxtpx:cad>
</gpxtpx:TrackPointExtension>
</extensions>
</trkpt>
<trkpt lat="36.7686031" lon="126.9708679">
<ele>16.323</ele>
<time>2024-07-15T12:05:23Z</time>
<extensions>
<gpxtpx:TrackPointExtension>
<gpxtpx:hr>128</gpxtpx:hr>
</gpxtpx:TrackPointExtension>
</extensions>
</trkpt>
<trkpt lat="36.7686177" lon="126.9708678">
<ele>16.317</ele>
<time>2024-07-15T12:05:24Z</time>
<extensions>
<gpxtpx:TrackPointExtension>
<gpxtpx:hr>128</gpxtpx:hr>
</gpxtpx:TrackPointExtension>
</extensions>
</trkpt>
<trkpt lat="36.7686321" lon="126.970869">
<ele>16.27</ele>
<time>2024-07-15T12:05:25Z</time>
<extensions>
<gpxtpx:TrackPointExtension>
<gpxtpx:hr>129</gpxtpx:hr>
</gpxtpx:TrackPointExtension>
</extensions>
</trkpt>
<trkpt lat="36.7686467" lon="126.970873">
<ele>16.26</ele>
<time>2024-07-15T12:05:26Z</time>
<extensions>
<gpxtpx:TrackPointExtension>
<gpxtpx:hr>129</gpxtpx:hr>
</gpxtpx:TrackPointExtension>
</extensions>
</trkpt>
<trkpt lat="36.7686614" lon="126.9708768">
<ele>16.303</ele>
<time>2024-07-15T12:05:27Z</time>
<extensions>
<gpxtpx:TrackPointExtension>
<gpxtpx:hr>129</gpxtpx:hr>
</gpxtpx:TrackPointExtension>
</extensions>
</trkpt>
<trkpt lat="36.7686753" lon="126.9708803">
<ele>16.277</ele>
<time>2024-07-15T12:05:28Z</time>
<extensions>
<gpxtpx:TrackPointExtension>
<gpxtpx:hr>130</gpxtpx:hr>
</gpxtpx:TrackPointExtension>
</extensions>
</trkpt>
<trkpt lat="36.7686878" lon="126.9708832">
<ele>16.25</ele>
<time>2024-07-15T12:05:29Z</time>
<extensions>
<gpxtpx:TrackPointExtension>
<gpxtpx:hr>130</gpxtpx:hr>
</gpxtpx:TrackPointExtension>
</extensions>
</trkpt>
<trkpt lat="36.7687006" lon="126.9708849">
<ele>16.254</ele>
<time>2024-07-15T12:05:30Z</time>
<extensions>
<gpxtpx:TrackPointExtension>
<gpxtpx:hr>130</gpxtpx:hr>
</gpxtpx:TrackPointExtension>
</extensions>
</trkpt>
<trkpt lat="36.7687134" lon="126.9708826">
<ele>16.239</ele>
<time>2024-07-15T12:05:31Z</time>
<extensions>
<gpxtpx:TrackPointExtension>
<gpxtpx:hr>130</gpxtpx:hr>
</gpxtpx:TrackPointExtension>
</extensions>
</trkpt>
<trkpt lat="36.7687259" lon="126.9708801">
<ele>16.215</ele>
<time>2024-07-15T12:05:32Z</time>
<extensions>
<gpxtpx:TrackPointExtension>
<gpxtpx:hr>129</gpxtpx:hr>
<gpxtpx:cad>110</gpxtpx:cad>
</gpxtpx:TrackPointExtension>
</extensions>
</trkpt>
<trkpt lat="36.768739" lon="126.9708767">
<ele>16.216</ele>
<time>2024-07-15T12:05:33Z</time>
<extensions>
<gpxtpx:TrackPointExtension>
<gpxtpx:hr>129</gpxtpx:hr>
<gpxtpx:cad>110</gpxtpx:cad>
</gpxtpx:TrackPointExtension>
</extensions>
</trkpt>
<trkpt lat="36.7687528" lon="126.9708732">
<ele>16.278</ele>
<time>2024-07-15T12:05:34Z</time>
<extensions>
<gpxtpx:TrackPointExtension>
<gpxtpx:hr>128</gpxtpx:hr>
</gpxtpx:TrackPointExtension>
</extensions>
</trkpt>
<trkpt lat="36.7687648" lon="126.9708726">
<ele>16.274</ele>
<time>2024-07-15T12:05:35Z</time>
<extensions>
<gpxtpx:TrackPointExtension>
<gpxtpx:hr>128</gpxtpx:hr>
</gpxtpx:TrackPointExtension>
</extensions>
</trkpt>
<trkpt lat="36.768775" lon="126.9708745">
<ele>16.313</ele>
<time>2024-07-15T12:05:36Z</time>
<extensions>
<gpxtpx:TrackPointExtension>
<gpxtpx:hr>128</gpxtpx:hr>
</gpxtpx:TrackPointExtension>
</extensions>
</trkpt>
<trkpt lat="36.7687837" lon="126.9708786">
<ele>16.249</ele>
<time>2024-07-15T12:05:37Z</time>
<extensions>
<gpxtpx:TrackPointExtension>
<gpxtpx:hr>128</gpxtpx:hr>
</gpxtpx:TrackPointExtension>
</extensions>
</trkpt>
<trkpt lat="36.7687949" lon="126.9708844">
<ele>16.207</ele>
<time>2024-07-15T12:05:38Z</time>
<extensions>
<gpxtpx:TrackPointExtension>
<gpxtpx:hr>127</gpxtpx:hr>
</gpxtpx:TrackPointExtension>
</extensions>
</trkpt>
<trkpt lat="36.768808" lon="126.9708899">
<ele>16.226</ele>
<time>2024-07-15T12:05:39Z</time>
<extensions>
<gpxtpx:TrackPointExtension>
<gpxtpx:hr>127</gpxtpx:hr>
</gpxtpx:TrackPointExtension>
</extensions>
</trkpt>
<trkpt lat="36.7688223" lon="126.9708931">
<ele>16.197</ele>
<time>2024-07-15T12:05:40Z</time>
<extensions>
<gpxtpx:TrackPointExtension>
<gpxtpx:hr>127</gpxtpx:hr>
</gpxtpx:TrackPointExtension>
</extensions>
</trkpt>
<trkpt lat="36.7688378" lon="126.9708956">
<ele>16.206</ele>
<time>2024-07-15T12:05:41Z</time>
<extensions>
<gpxtpx:TrackPointExtension>
<gpxtpx:hr>127</gpxtpx:hr>
</gpxtpx:TrackPointExtension>
</extensions>
</trkpt>
<trkpt lat="36.7688535" lon="126.9708988">
<ele>16.161</ele>
<time>2024-07-15T12:05:42Z</time>
<extensions>
<gpxtpx:TrackPointExtension>
<gpxtpx:hr>127</gpxtpx:hr>
<gpxtpx:cad>110</gpxtpx:cad>
</gpxtpx:TrackPointExtension>
</extensions>
</trkpt>
<trkpt lat="36.7688687" lon="126.9709015">
<ele>16.301</ele>
<time>2024-07-15T12:05:43Z</time>
<extensions>
<gpxtpx:TrackPointExtension>
<gpxtpx:hr>126</gpxtpx:hr>
</gpxtpx:TrackPointExtension>
</extensions>
</trkpt>
<trkpt lat="36.7688837" lon="126.9709026">
<ele>16.195</ele>
<time>2024-07-15T12:05:44Z</time>
<extensions>
<gpxtpx:TrackPointExtension>
<gpxtpx:hr>126</gpxtpx:hr>
</gpxtpx:TrackPointExtension>
</extensions>
</trkpt>
<trkpt lat="36.7688991" lon="126.970903">
<ele>16.188</ele>
<time>2024-07-15T12:05:45Z</time>
<extensions>
<gpxtpx:TrackPointExtension>
<gpxtpx:hr>126</gpxtpx:hr>
</gpxtpx:TrackPointExtension>
</extensions>
</trkpt>
<trkpt lat="36.7689153" lon="126.9709043">
<ele>16.187</ele>
<time>2024-07-15T12:05:47Z</time>
<extensions>
<gpxtpx:TrackPointExtension>
<gpxtpx:hr>126</gpxtpx:hr>
</gpxtpx:TrackPointExtension>
</extensions>
</trkpt>
<trkpt lat="36.7689319" lon="126.9709073">
<ele>16.204</ele>
<time>2024-07-15T12:05:48Z</time>
<extensions>
<gpxtpx:TrackPointExtension>
<gpxtpx:hr>126</gpxtpx:hr>
</gpxtpx:TrackPointExtension>
</extensions>
</trkpt>
<trkpt lat="36.7689483" lon="126.9709095">
<ele>16.19</ele>
<time>2024-07-15T12:05:49Z</time>
<extensions>
<gpxtpx:TrackPointExtension>
<gpxtpx:hr>125</gpxtpx:hr>
</gpxtpx:TrackPointExtension>
</extensions>
</trkpt>
<trkpt lat="36.7689627" lon="126.9709111">
<ele>16.182</ele>
<time>2024-07-15T12:05:50Z</time>
<extensions>
<gpxtpx:TrackPointExtension>
<gpxtpx:hr>125</gpxtpx:hr>
</gpxtpx:TrackPointExtension>
</extensions>
</trkpt>
<trkpt lat="36.7689757" lon="126.970912">
<ele>16.209</ele>
<time>2024-07-15T12:05:51Z</time>
<extensions>
<gpxtpx:TrackPointExtension>
<gpxtpx:hr>125</gpxtpx:hr>
</gpxtpx:TrackPointExtension>
</extensions>
</trkpt>
<trkpt lat="36.768988" lon="126.970913">
<ele>16.202</ele>
<time>2024-07-15T12:05:52Z</time>
<extensions>
<gpxtpx:TrackPointExtension>
<gpxtpx:hr>125</gpxtpx:hr>
</gpxtpx:TrackPointExtension>
</extensions>
</trkpt>
<trkpt lat="36.7690013" lon="126.9709137">
<ele>16.194</ele>
<time>2024-07-15T12:05:53Z</time>
<extensions>
<gpxtpx:TrackPointExtension>
<gpxtpx:hr>124</gpxtpx:hr>
<gpxtpx:cad>111</gpxtpx:cad>
</gpxtpx:TrackPointExtension>
</extensions>
</trkpt>
<trkpt lat="36.769014" lon="126.9709146">
<ele>16.161</ele>
<time>2024-07-15T12:05:54Z</time>
<extensions>
<gpxtpx:TrackPointExtension>
<gpxtpx:hr>124</gpxtpx:hr>
</gpxtpx:TrackPointExtension>
</extensions>
</trkpt>
<trkpt lat="36.7690263" lon="126.9709144">
<ele>16.095</ele>
<time>2024-07-15T12:05:55Z</time>
<extensions>
<gpxtpx:TrackPointExtension>
<gpxtpx:hr>124</gpxtpx:hr>
</gpxtpx:TrackPointExtension>
</extensions>
</trkpt>
<trkpt lat="36.7690386" lon="126.9709156">
<ele>16.085</ele>
<time>2024-07-15T12:05:56Z</time>
<extensions>
<gpxtpx:TrackPointExtension>
<gpxtpx:hr>124</gpxtpx:hr>
</gpxtpx:TrackPointExtension>
</extensions>
</trkpt>
<trkpt lat="36.7690495" lon="126.9709174">
<ele>16.09</ele>
<time>2024-07-15T12:05:57Z</time>
<extensions>
<gpxtpx:TrackPointExtension>
<gpxtpx:hr>124</gpxtpx:hr>
</gpxtpx:TrackPointExtension>
</extensions>
</trkpt>
<trkpt lat="36.7690602" lon="126.9709185">
<ele>16.123</ele>
<time>2024-07-15T12:05:58Z</time>
<extensions>
<gpxtpx:TrackPointExtension>
<gpxtpx:hr>124</gpxtpx:hr>
</gpxtpx:TrackPointExtension>
</extensions>
</trkpt>
<trkpt lat="36.7690702" lon="126.9709177">
<ele>16.189</ele>
<time>2024-07-15T12:05:59Z</time>
<extensions>
<gpxtpx:TrackPointExtension>
<gpxtpx:hr>124</gpxtpx:hr>
</gpxtpx:TrackPointExtension>
</extensions>
</trkpt>
<trkpt lat="36.7690811" lon="126.9709161">
<ele>16.205</ele>
<time>2024-07-15T12:06:00Z</time>
<extensions>
<gpxtpx:TrackPointExtension>
<gpxtpx:hr>125</gpxtpx:hr>
</gpxtpx:TrackPointExtension>
</extensions>
</trkpt>
<trkpt lat="36.7690943" lon="126.9709146">
<ele>16.223</ele>
<time>2024-07-15T12:06:01Z</time>
<extensions>
<gpxtpx:TrackPointExtension>
<gpxtpx:hr>125</gpxtpx:hr>
</gpxtpx:TrackPointExtension>
</extensions>
</trkpt>
<trkpt lat="36.7691079" lon="126.9709153">
<ele>16.264</ele>
<time>2024-07-15T12:06:02Z</time>
<extensions>
<gpxtpx:TrackPointExtension>
<gpxtpx:hr>126</gpxtpx:hr>
</gpxtpx:TrackPointExtension>
</extensions>
</trkpt>
<trkpt lat="36.7691235" lon="126.9709169">
<ele>16.28</ele>
<time>2024-07-15T12:06:03Z</time>
<extensions>
<gpxtpx:TrackPointExtension>
<gpxtpx:hr>126</gpxtpx:hr>
<gpxtpx:cad>114</gpxtpx:cad>
</gpxtpx:TrackPointExtension>
</extensions>
</trkpt>
<trkpt lat="36.7691381" lon="126.970919">
<ele>16.231</ele>
<time>2024-07-15T12:06:04Z</time>
<extensions>
<gpxtpx:TrackPointExtension>
<gpxtpx:hr>126</gpxtpx:hr>
</gpxtpx:TrackPointExtension>
</extensions>
</trkpt>
<trkpt lat="36.7691523" lon="126.9709211">
<ele>16.164</ele>
<time>2024-07-15T12:06:05Z</time>
<extensions>
<gpxtpx:TrackPointExtension>
<gpxtpx:hr>127</gpxtpx:hr>
</gpxtpx:TrackPointExtension>
</extensions>
</trkpt>
<trkpt lat="36.7691669" lon="126.9709214">
<ele>16.167</ele>
<time>2024-07-15T12:06:06Z</time>
<extensions>
<gpxtpx:TrackPointExtension>
<gpxtpx:hr>127</gpxtpx:hr>
</gpxtpx:TrackPointExtension>
</extensions>
</trkpt>
<trkpt lat="36.7691825" lon="126.970921">
<ele>16.137</ele>
<time>2024-07-15T12:06:07Z</time>
<extensions>
<gpxtpx:TrackPointExtension>
<gpxtpx:hr>127</gpxtpx:hr>
</gpxtpx:TrackPointExtension>
</extensions>
</trkpt>
<trkpt lat="36.7691973" lon="126.9709222">
<ele>16.126</ele>
<time>2024-07-15T12:06:08Z</time>
<extensions>
<gpxtpx:TrackPointExtension>
<gpxtpx:hr>127</gpxtpx:hr>
</gpxtpx:TrackPointExtension>
</extensions>
</trkpt>
<trkpt lat="36.7692107" lon="126.9709234">
<ele>16.212</ele>
<time>2024-07-15T12:06:09Z</time>
<extensions>
<gpxtpx:TrackPointExtension>
<gpxtpx:hr>127</gpxtpx:hr>
</gpxtpx:TrackPointExtension>
</extensions>
</trkpt>
<trkpt lat="36.7692248" lon="126.9709252">
<ele>16.175</ele>
<time>2024-07-15T12:06:10Z</time>
<extensions>
<gpxtpx:TrackPointExtension>
<gpxtpx:hr>127</gpxtpx:hr>
</gpxtpx:TrackPointExtension>
</extensions>
</trkpt>
<trkpt lat="36.7692396" lon="126.9709278">
<ele>16.203</ele>
<time>2024-07-15T12:06:11Z</time>
<extensions>
<gpxtpx:TrackPointExtension>
<gpxtpx:hr>127</gpxtpx:hr>
</gpxtpx:TrackPointExtension>
</extensions>
</trkpt>
<trkpt lat="36.769255" lon="126.9709308">
<ele>16.211</ele>
<time>2024-07-15T12:06:12Z</time>
<extensions>
<gpxtpx:TrackPointExtension>
<gpxtpx:hr>127</gpxtpx:hr>
<gpxtpx:cad>115</gpxtpx:cad>
</gpxtpx:TrackPointExtension>
</extensions>
</trkpt>
<trkpt lat="36.7692697" lon="126.9709353">
<ele>16.264</ele>
<time>2024-07-15T12:06:13Z</time>
<extensions>
<gpxtpx:TrackPointExtension>
<gpxtpx:hr>127</gpxtpx:hr>
</gpxtpx:TrackPointExtension>
</extensions>
</trkpt>
<trkpt lat="36.7692824" lon="126.9709415">
<ele>16.202</ele>
<time>2024-07-15T12:06:14Z</time>
<extensions>
<gpxtpx:TrackPointExtension>
<gpxtpx:hr>126</gpxtpx:hr>
</gpxtpx:TrackPointExtension>
</extensions>
</trkpt>
<trkpt lat="36.7692922" lon="126.9709484">
<ele>16.153</ele>
<time>2024-07-15T12:06:15Z</time>
<extensions>
<gpxtpx:TrackPointExtension>
<gpxtpx:hr>126</gpxtpx:hr>
</gpxtpx:TrackPointExtension>
</extensions>
</trkpt>
<trkpt lat="36.7693009" lon="126.9709558">
<ele>16.132</ele>
<time>2024-07-15T12:06:16Z</time>
<extensions>
<gpxtpx:TrackPointExtension>
<gpxtpx:hr>126</gpxtpx:hr>
</gpxtpx:TrackPointExtension>
</extensions>
</trkpt>
<trkpt lat="36.76931" lon="126.9709633">
<ele>16.147</ele>
<time>2024-07-15T12:06:17Z</time>
<extensions>
<gpxtpx:TrackPointExtension>
<gpxtpx:hr>126</gpxtpx:hr>
</gpxtpx:TrackPointExtension>
</extensions>
</trkpt>
<trkpt lat="36.7693187" lon="126.9709667">
<ele>16.129</ele>
<time>2024-07-15T12:06:18Z</time>
<extensions>
<gpxtpx:TrackPointExtension>
<gpxtpx:hr>126</gpxtpx:hr>
</gpxtpx:TrackPointExtension>
</extensions>
</trkpt>
<trkpt lat="36.7693276" lon="126.970969">
<ele>16.145</ele>
<time>2024-07-15T12:06:19Z</time>
<extensions>
<gpxtpx:TrackPointExtension>
<gpxtpx:hr>126</gpxtpx:hr>
</gpxtpx:TrackPointExtension>
</extensions>
</trkpt>
<trkpt lat="36.7693366" lon="126.97097">
<ele>16.131</ele>
<time>2024-07-15T12:06:20Z</time>
<extensions>
<gpxtpx:TrackPointExtension>
<gpxtpx:hr>126</gpxtpx:hr>
</gpxtpx:TrackPointExtension>
</extensions>
</trkpt>
<trkpt lat="36.7693466" lon="126.970971">
<ele>16.126</ele>
<time>2024-07-15T12:06:21Z</time>
<extensions>
<gpxtpx:TrackPointExtension>
<gpxtpx:hr>126</gpxtpx:hr>
</gpxtpx:TrackPointExtension>
</extensions>
</trkpt>
<trkpt lat="36.7693576" lon="126.9709742">
<ele>16.085</ele>
<time>2024-07-15T12:06:22Z</time>
<extensions>
<gpxtpx:TrackPointExtension>
<gpxtpx:hr>125</gpxtpx:hr>
<gpxtpx:cad>115</gpxtpx:cad>
</gpxtpx:TrackPointExtension>
</extensions>
</trkpt>
<trkpt lat="36.7693705" lon="126.9709774">
<ele>16.086</ele>
<time>2024-07-15T12:06:23Z</time>
<extensions>
<gpxtpx:TrackPointExtension>
<gpxtpx:hr>125</gpxtpx:hr>
</gpxtpx:TrackPointExtension>
</extensions>
</trkpt>
<trkpt lat="36.7693854" lon="126.9709793">
<ele>16.096</ele>
<time>2024-07-15T12:06:24Z</time>
<extensions>
<gpxtpx:TrackPointExtension>
<gpxtpx:hr>125</gpxtpx:hr>
</gpxtpx:TrackPointExtension>
</extensions>
</trkpt>
<trkpt lat="36.7694032" lon="126.9709775">
<ele>16.127</ele>
<time>2024-07-15T12:06:25Z</time>
<extensions>
<gpxtpx:TrackPointExtension>
<gpxtpx:hr>125</gpxtpx:hr>
</gpxtpx:TrackPointExtension>
</extensions>
</trkpt>
<trkpt lat="36.7694201" lon="126.9709729">
<ele>16.136</ele>
<time>2024-07-15T12:06:26Z</time>
<extensions>
<gpxtpx:TrackPointExtension>
<gpxtpx:hr>125</gpxtpx:hr>
</gpxtpx:TrackPointExtension>
</extensions>
</trkpt>
<trkpt lat="36.7694354" lon="126.9709684">
<ele>16.146</ele>
<time>2024-07-15T12:06:27Z</time>
<extensions>
<gpxtpx:TrackPointExtension>
<gpxtpx:hr>126</gpxtpx:hr>
</gpxtpx:TrackPointExtension>
</extensions>
</trkpt>
<trkpt lat="36.7694505" lon="126.9709647">
<ele>16.165</ele>
<time>2024-07-15T12:06:28Z</time>
<extensions>
<gpxtpx:TrackPointExtension>
<gpxtpx:hr>126</gpxtpx:hr>
</gpxtpx:TrackPointExtension>
</extensions>
</trkpt>
<trkpt lat="36.7694647" lon="126.9709653">
<ele>16.095</ele>
<time>2024-07-15T12:06:29Z</time>
<extensions>
<gpxtpx:TrackPointExtension>
<gpxtpx:hr>125</gpxtpx:hr>
</gpxtpx:TrackPointExtension>
</extensions>
</trkpt>
<trkpt lat="36.7694798" lon="126.970969">
<ele>16.088</ele>
<time>2024-07-15T12:06:30Z</time>
<extensions>
<gpxtpx:TrackPointExtension>
<gpxtpx:hr>125</gpxtpx:hr>
</gpxtpx:TrackPointExtension>
</extensions>
</trkpt>
<trkpt lat="36.7694951" lon="126.9709736">
<ele>16.056</ele>
<time>2024-07-15T12:06:31Z</time>
<extensions>
<gpxtpx:TrackPointExtension>
<gpxtpx:hr>125</gpxtpx:hr>
</gpxtpx:TrackPointExtension>
</extensions>
</trkpt>
<trkpt lat="36.7695094" lon="126.9709791">
<ele>16.042</ele>
<time>2024-07-15T12:06:32Z</time>
<extensions>
<gpxtpx:TrackPointExtension>
<gpxtpx:hr>125</gpxtpx:hr>
<gpxtpx:cad>114</gpxtpx:cad>
</gpxtpx:TrackPointExtension>
</extensions>
</trkpt>
<trkpt lat="36.7695225" lon="126.9709836">
<ele>15.993</ele>
<time>2024-07-15T12:06:33Z</time>
<extensions>
<gpxtpx:TrackPointExtension>
<gpxtpx:hr>124</gpxtpx:hr>
</gpxtpx:TrackPointExtension>
</extensions>
</trkpt>
<trkpt lat="36.7695358" lon="126.9709859">
<ele>16.006</ele>
<time>2024-07-15T12:06:34Z</time>
<extensions>
<gpxtpx:TrackPointExtension>
<gpxtpx:hr>124</gpxtpx:hr>
</gpxtpx:TrackPointExtension>
</extensions>
</trkpt>
<trkpt lat="36.7695495" lon="126.9709865">
<ele>15.998</ele>
<time>2024-07-15T12:06:35Z</time>
<extensions>
<gpxtpx:TrackPointExtension>
<gpxtpx:hr>124</gpxtpx:hr>
</gpxtpx:TrackPointExtension>
</extensions>
</trkpt>
<trkpt lat="36.7695637" lon="126.9709866">
<ele>16.029</ele>
<time>2024-07-15T12:06:36Z</time>
<extensions>
<gpxtpx:TrackPointExtension>
<gpxtpx:hr>124</gpxtpx:hr>
</gpxtpx:TrackPointExtension>
</extensions>
</trkpt>
<trkpt lat="36.7695783" lon="126.9709876">
<ele>16.031</ele>
<time>2024-07-15T12:06:37Z</time>
<extensions>
<gpxtpx:TrackPointExtension>
<gpxtpx:hr>124</gpxtpx:hr>
</gpxtpx:TrackPointExtension>
</extensions>
</trkpt>
<trkpt lat="36.7695925" lon="126.9709901">
<ele>16.06</ele>
<time>2024-07-15T12:06:38Z</time>
<extensions>
<gpxtpx:TrackPointExtension>
<gpxtpx:hr>124</gpxtpx:hr>
</gpxtpx:TrackPointExtension>
</extensions>
</trkpt>
<trkpt lat="36.7696061" lon="126.9709913">
<ele>16.08</ele>
<time>2024-07-15T12:06:39Z</time>
<extensions>
<gpxtpx:TrackPointExtension>
<gpxtpx:hr>124</gpxtpx:hr>
<gpxtpx:cad>114</gpxtpx:cad>
</gpxtpx:TrackPointExtension>
</extensions>
</trkpt>
<trkpt lat="36.7696195" lon="126.9709894">
<ele>16.086</ele>
<time>2024-07-15T12:06:40Z</time>
<extensions>
<gpxtpx:TrackPointExtension>
<gpxtpx:hr>123</gpxtpx:hr>
</gpxtpx:TrackPointExtension>
</extensions>
</trkpt>
<trkpt lat="36.769632" lon="126.9709854">
<ele>16.14</ele>
<time>2024-07-15T12:06:41Z</time>
<extensions>
<gpxtpx:TrackPointExtension>
<gpxtpx:hr>123</gpxtpx:hr>
</gpxtpx:TrackPointExtension>
</extensions>
</trkpt>
<trkpt lat="36.7696454" lon="126.9709829">
<ele>16.146</ele>
<time>2024-07-15T12:06:42Z</time>
<extensions>
<gpxtpx:TrackPointExtension>
<gpxtpx:hr>123</gpxtpx:hr>
<gpxtpx:cad>114</gpxtpx:cad>
</gpxtpx:TrackPointExtension>
</extensions>
</trkpt>
<trkpt lat="36.7696586" lon="126.9709825">
<ele>16.23</ele>
<time>2024-07-15T12:06:43Z</time>
<extensions>
<gpxtpx:TrackPointExtension>
<gpxtpx:hr>123</gpxtpx:hr>
</gpxtpx:TrackPointExtension>
</extensions>
</trkpt>
<trkpt lat="36.7696727" lon="126.9709826">
<ele>16.144</ele>
<time>2024-07-15T12:06:44Z</time>
<extensions>
<gpxtpx:TrackPointExtension>
<gpxtpx:hr>123</gpxtpx:hr>
</gpxtpx:TrackPointExtension>
</extensions>
</trkpt>
<trkpt lat="36.7696876" lon="126.970981">
<ele>16.134</ele>
<time>2024-07-15T12:06:45Z</time>
<extensions>
<gpxtpx:TrackPointExtension>
<gpxtpx:hr>123</gpxtpx:hr>
</gpxtpx:TrackPointExtension>
</extensions>
</trkpt>
<trkpt lat="36.7697027" lon="126.9709821">
<ele>16.054</ele>
<time>2024-07-15T12:06:46Z</time>
<extensions>
<gpxtpx:TrackPointExtension>
<gpxtpx:hr>123</gpxtpx:hr>
</gpxtpx:TrackPointExtension>
</extensions>
</trkpt>
<trkpt lat="36.7697172" lon="126.9709836">
<ele>16.166</ele>
<time>2024-07-15T12:06:47Z</time>
</trkpt>
<trkpt lat="36.7697302" lon="126.970985">
<ele>16.267</ele>
<time>2024-07-15T12:06:48Z</time>
<extensions>
<gpxtpx:TrackPointExtension>
<gpxtpx:hr>123</gpxtpx:hr>
</gpxtpx:TrackPointExtension>
</extensions>
</trkpt>
<trkpt lat="36.7697419" lon="126.9709862">
<ele>16.377</ele>
<time>2024-07-15T12:06:49Z</time>
<extensions>
<gpxtpx:TrackPointExtension>
<gpxtpx:hr>124</gpxtpx:hr>
</gpxtpx:TrackPointExtension>
</extensions>
</trkpt>
<trkpt lat="36.7697514" lon="126.9709866">
<ele>16.327</ele>
<time>2024-07-15T12:06:50Z</time>
<extensions>
<gpxtpx:TrackPointExtension>
<gpxtpx:hr>124</gpxtpx:hr>
</gpxtpx:TrackPointExtension>
</extensions>
</trkpt>
<trkpt lat="36.7697627" lon="126.9709765">
<ele>16.255</ele>
<time>2024-07-15T12:06:51Z</time>
<extensions>
<gpxtpx:TrackPointExtension>
<gpxtpx:hr>125</gpxtpx:hr>
</gpxtpx:TrackPointExtension>
</extensions>
</trkpt>
<trkpt lat="36.7697655" lon="126.9709691">
<ele>16.33</ele>
<time>2024-07-15T12:06:52Z</time>
<extensions>
<gpxtpx:TrackPointExtension>
<gpxtpx:hr>124</gpxtpx:hr>
<gpxtpx:cad>118</gpxtpx:cad>
</gpxtpx:TrackPointExtension>
</extensions>
</trkpt>
<trkpt lat="36.7697603" lon="126.9709607">
<ele>16.348</ele>
<time>2024-07-15T12:06:53Z</time>
<extensions>
<gpxtpx:TrackPointExtension>
<gpxtpx:hr>125</gpxtpx:hr>
</gpxtpx:TrackPointExtension>
</extensions>
</trkpt>
<trkpt lat="36.7697501" lon="126.9709526">
<ele>16.266</ele>
<time>2024-07-15T12:06:54Z</time>
<extensions>
<gpxtpx:TrackPointExtension>
<gpxtpx:hr>126</gpxtpx:hr>
</gpxtpx:TrackPointExtension>
</extensions>
</trkpt>
<trkpt lat="36.7697404" lon="126.9709415">
<ele>16.248</ele>
<time>2024-07-15T12:06:55Z</time>
<extensions>
<gpxtpx:TrackPointExtension>
<gpxtpx:hr>127</gpxtpx:hr>
</gpxtpx:TrackPointExtension>
</extensions>
</trkpt>
<trkpt lat="36.7697278" lon="126.9709229">
<ele>16.217</ele>
<time>2024-07-15T12:06:56Z</time>
<extensions>
<gpxtpx:TrackPointExtension>
<gpxtpx:hr>130</gpxtpx:hr>
</gpxtpx:TrackPointExtension>
</extensions>
</trkpt>
<trkpt lat="36.7697239" lon="126.9708918">
<ele>16.114</ele>
<time>2024-07-15T12:06:57Z</time>
<extensions>
<gpxtpx:TrackPointExtension>
<gpxtpx:hr>131</gpxtpx:hr>
</gpxtpx:TrackPointExtension>
</extensions>
</trkpt>
<trkpt lat="36.7697339" lon="126.9708542">
<ele>16.355</ele>
<time>2024-07-15T12:06:58Z</time>
<extensions>
<gpxtpx:TrackPointExtension>
<gpxtpx:hr>132</gpxtpx:hr>
</gpxtpx:TrackPointExtension>
</extensions>
</trkpt>
<trkpt lat="36.7697543" lon="126.9708184">
<ele>16.306</ele>
<time>2024-07-15T12:06:59Z</time>
<extensions>
<gpxtpx:TrackPointExtension>
<gpxtpx:hr>133</gpxtpx:hr>
</gpxtpx:TrackPointExtension>
</extensions>
</trkpt>
<trkpt lat="36.7697847" lon="126.9707855">
<ele>16.243</ele>
<time>2024-07-15T12:07:00Z</time>
<extensions>
<gpxtpx:TrackPointExtension>
<gpxtpx:hr>134</gpxtpx:hr>
</gpxtpx:TrackPointExtension>
</extensions>
</trkpt>
<trkpt lat="36.7698666" lon="126.9707341">
<ele>16.248</ele>
<time>2024-07-15T12:07:01Z</time>
<extensions>
<gpxtpx:TrackPointExtension>
<gpxtpx:hr>135</gpxtpx:hr>
</gpxtpx:TrackPointExtension>
</extensions>
</trkpt>
<trkpt lat="36.7699098" lon="126.9707213">
<ele>16.284</ele>
<time>2024-07-15T12:07:02Z</time>
<extensions>
<gpxtpx:TrackPointExtension>
<gpxtpx:hr>136</gpxtpx:hr>
<gpxtpx:cad>159</gpxtpx:cad>
</gpxtpx:TrackPointExtension>
</extensions>
</trkpt>
<trkpt lat="36.7699514" lon="126.9707184">
<ele>16.196</ele>
<time>2024-07-15T12:07:03Z</time>
<extensions>
<gpxtpx:TrackPointExtension>
<gpxtpx:hr>136</gpxtpx:hr>
</gpxtpx:TrackPointExtension>
</extensions>
</trkpt>
<trkpt lat="36.7699894" lon="126.9707285">
<ele>16.204</ele>
<time>2024-07-15T12:07:04Z</time>
<extensions>
<gpxtpx:TrackPointExtension>
<gpxtpx:hr>137</gpxtpx:hr>
</gpxtpx:TrackPointExtension>
</extensions>
</trkpt>
<trkpt lat="36.7700232" lon="126.9707462">
<ele>16.372</ele>
<time>2024-07-15T12:07:05Z</time>
<extensions>
<gpxtpx:TrackPointExtension>
<gpxtpx:hr>138</gpxtpx:hr>
</gpxtpx:TrackPointExtension>
</extensions>
</trkpt>
<trkpt lat="36.7700511" lon="126.9707694">
<ele>16.331</ele>
<time>2024-07-15T12:07:06Z</time>
<extensions>
<gpxtpx:TrackPointExtension>
<gpxtpx:hr>139</gpxtpx:hr>
</gpxtpx:TrackPointExtension>
</extensions>
</trkpt>
<trkpt lat="36.7700761" lon="126.9707959">
<ele>16.371</ele>
<time>2024-07-15T12:07:07Z</time>
<extensions>
<gpxtpx:TrackPointExtension>
<gpxtpx:hr>138</gpxtpx:hr>
</gpxtpx:TrackPointExtension>
</extensions>
</trkpt>
<trkpt lat="36.7700942" lon="126.970827">
<ele>16.357</ele>
<time>2024-07-15T12:07:08Z</time>
<extensions>
<gpxtpx:TrackPointExtension>
<gpxtpx:hr>140</gpxtpx:hr>
</gpxtpx:TrackPointExtension>
</extensions>
</trkpt>
<trkpt lat="36.7701079" lon="126.9708616">
<ele>16.254</ele>
<time>2024-07-15T12:07:09Z</time>
<extensions>
<gpxtpx:TrackPointExtension>
<gpxtpx:hr>140</gpxtpx:hr>
</gpxtpx:TrackPointExtension>
</extensions>
</trkpt>
<trkpt lat="36.7701206" lon="126.9708969">
<ele>16.292</ele>
<time>2024-07-15T12:07:10Z</time>
<extensions>
<gpxtpx:TrackPointExtension>
<gpxtpx:hr>143</gpxtpx:hr>
</gpxtpx:TrackPointExtension>
</extensions>
</trkpt>
<trkpt lat="36.7701279" lon="126.9709369">
<ele>16.474</ele>
<time>2024-07-15T12:07:11Z</time>
<extensions>
<gpxtpx:TrackPointExtension>
<gpxtpx:hr>144</gpxtpx:hr>
</gpxtpx:TrackPointExtension>
</extensions>
</trkpt>
<trkpt lat="36.7701314" lon="126.9709784">
<ele>16.393</ele>
<time>2024-07-15T12:07:12Z</time>
<extensions>
<gpxtpx:TrackPointExtension>
<gpxtpx:hr>145</gpxtpx:hr>
<gpxtpx:cad>157</gpxtpx:cad>
</gpxtpx:TrackPointExtension>
</extensions>
</trkpt>
<trkpt lat="36.770135" lon="126.9710175">
<ele>16.349</ele>
<time>2024-07-15T12:07:13Z</time>
<extensions>
<gpxtpx:TrackPointExtension>
<gpxtpx:hr>146</gpxtpx:hr>
</gpxtpx:TrackPointExtension>
</extensions>
</trkpt>
<trkpt lat="36.770143" lon="126.971054">
<ele>16.308</ele>
<time>2024-07-15T12:07:14Z</time>
<extensions>
<gpxtpx:TrackPointExtension>
<gpxtpx:hr>147</gpxtpx:hr>
</gpxtpx:TrackPointExtension>
</extensions>
</trkpt>
<trkpt lat="36.770156" lon="126.9710854">
<ele>16.311</ele>
<time>2024-07-15T12:07:15Z</time>
<extensions>
<gpxtpx:TrackPointExtension>
<gpxtpx:hr>148</gpxtpx:hr>
<gpxtpx:cad>156</gpxtpx:cad>
</gpxtpx:TrackPointExtension>
</extensions>
</trkpt>
<trkpt lat="36.7701745" lon="126.9711101">
<ele>16.253</ele>
<time>2024-07-15T12:07:16Z</time>
<extensions>
<gpxtpx:TrackPointExtension>
<gpxtpx:hr>149</gpxtpx:hr>
</gpxtpx:TrackPointExtension>
</extensions>
</trkpt>
<trkpt lat="36.7701976" lon="126.9711295">
<ele>16.375</ele>
<time>2024-07-15T12:07:17Z</time>
<extensions>
<gpxtpx:TrackPointExtension>
<gpxtpx:hr>150</gpxtpx:hr>
</gpxtpx:TrackPointExtension>
</extensions>
</trkpt>
<trkpt lat="36.7702229" lon="126.9711451">
<ele>16.382</ele>
<time>2024-07-15T12:07:18Z</time>
<extensions>
<gpxtpx:TrackPointExtension>
<gpxtpx:hr>150</gpxtpx:hr>
</gpxtpx:TrackPointExtension>
</extensions>
</trkpt>
<trkpt lat="36.7702489" lon="126.9711562">
<ele>16.273</ele>
<time>2024-07-15T12:07:19Z</time>
<extensions>
<gpxtpx:TrackPointExtension>
<gpxtpx:hr>151</gpxtpx:hr>
</gpxtpx:TrackPointExtension>
</extensions>
</trkpt>
<trkpt lat="36.7702759" lon="126.9711648">
<ele>16.31</ele>
<time>2024-07-15T12:07:20Z</time>
<extensions>
<gpxtpx:TrackPointExtension>
<gpxtpx:hr>151</gpxtpx:hr>
</gpxtpx:TrackPointExtension>
</extensions>
</trkpt>
<trkpt lat="36.7703037" lon="126.9711719">
<ele>16.403</ele>
<time>2024-07-15T12:07:21Z</time>
<extensions>
<gpxtpx:TrackPointExtension>
<gpxtpx:hr>152</gpxtpx:hr>
</gpxtpx:TrackPointExtension>
</extensions>
</trkpt>
<trkpt lat="36.7703352" lon="126.9711757">
<ele>16.345</ele>
<time>2024-07-15T12:07:22Z</time>
<extensions>
<gpxtpx:TrackPointExtension>
<gpxtpx:hr>152</gpxtpx:hr>
<gpxtpx:cad>156</gpxtpx:cad>
</gpxtpx:TrackPointExtension>
</extensions>
</trkpt>
<trkpt lat="36.7703683" lon="126.9711776">
<ele>16.369</ele>
<time>2024-07-15T12:07:23Z</time>
<extensions>
<gpxtpx:TrackPointExtension>
<gpxtpx:hr>153</gpxtpx:hr>
</gpxtpx:TrackPointExtension>
</extensions>
</trkpt>
<trkpt lat="36.7704004" lon="126.9711803">
<ele>16.455</ele>
<time>2024-07-15T12:07:24Z</time>
<extensions>
<gpxtpx:TrackPointExtension>
<gpxtpx:hr>153</gpxtpx:hr>
</gpxtpx:TrackPointExtension>
</extensions>
</trkpt>
<trkpt lat="36.7704336" lon="126.9711819">
<ele>16.462</ele>
<time>2024-07-15T12:07:25Z</time>
<extensions>
<gpxtpx:TrackPointExtension>
<gpxtpx:hr>153</gpxtpx:hr>
</gpxtpx:TrackPointExtension>
</extensions>
</trkpt>
<trkpt lat="36.7704681" lon="126.9711802">
<ele>16.374</ele>
<time>2024-07-15T12:07:26Z</time>
<extensions>
<gpxtpx:TrackPointExtension>
<gpxtpx:hr>153</gpxtpx:hr>
</gpxtpx:TrackPointExtension>
</extensions>
</trkpt>
<trkpt lat="36.7705036" lon="126.9711775">
<ele>16.359</ele>
<time>2024-07-15T12:07:27Z</time>
<extensions>
<gpxtpx:TrackPointExtension>
<gpxtpx:hr>153</gpxtpx:hr>
</gpxtpx:TrackPointExtension>
</extensions>
</trkpt>
<trkpt lat="36.7705379" lon="126.9711751">
<ele>16.345</ele>
<time>2024-07-15T12:07:28Z</time>
<extensions>
<gpxtpx:TrackPointExtension>
<gpxtpx:hr>151</gpxtpx:hr>
</gpxtpx:TrackPointExtension>
</extensions>
</trkpt>
<trkpt lat="36.7705675" lon="126.9711744">
<ele>16.271</ele>
<time>2024-07-15T12:07:29Z</time>
<extensions>
<gpxtpx:TrackPointExtension>
<gpxtpx:hr>150</gpxtpx:hr>
</gpxtpx:TrackPointExtension>
</extensions>
</trkpt>
<trkpt lat="36.7705939" lon="126.9711776">
<ele>16.32</ele>
<time>2024-07-15T12:07:30Z</time>
<extensions>
<gpxtpx:TrackPointExtension>
<gpxtpx:hr>149</gpxtpx:hr>
</gpxtpx:TrackPointExtension>
</extensions>
</trkpt>
<trkpt lat="36.7706195" lon="126.9711858">
<ele>16.277</ele>
<time>2024-07-15T12:07:31Z</time>
<extensions>
<gpxtpx:TrackPointExtension>
<gpxtpx:hr>149</gpxtpx:hr>
</gpxtpx:TrackPointExtension>
</extensions>
</trkpt>
<trkpt lat="36.7706437" lon="126.9711981">
<ele>16.322</ele>
<time>2024-07-15T12:07:32Z</time>
<extensions>
<gpxtpx:TrackPointExtension>
<gpxtpx:hr>149</gpxtpx:hr>
<gpxtpx:cad>157</gpxtpx:cad>
</gpxtpx:TrackPointExtension>
</extensions>
</trkpt>
<trkpt lat="36.7706675" lon="126.9712119">
<ele>16.374</ele>
<time>2024-07-15T12:07:33Z</time>
<extensions>
<gpxtpx:TrackPointExtension>
<gpxtpx:hr>148</gpxtpx:hr>
</gpxtpx:TrackPointExtension>
</extensions>
</trkpt>
<trkpt lat="36.7706915" lon="126.9712274">
<ele>16.284</ele>
<time>2024-07-15T12:07:34Z</time>
<extensions>
<gpxtpx:TrackPointExtension>
<gpxtpx:hr>149</gpxtpx:hr>
</gpxtpx:TrackPointExtension>
</extensions>
</trkpt>
<trkpt lat="36.7707141" lon="126.9712429">
<ele>16.171</ele>
<time>2024-07-15T12:07:35Z</time>
<extensions>
<gpxtpx:TrackPointExtension>
<gpxtpx:hr>149</gpxtpx:hr>
</gpxtpx:TrackPointExtension>
</extensions>
</trkpt>
<trkpt lat="36.7707407" lon="126.9712539">
<ele>16.273</ele>
<time>2024-07-15T12:07:36Z</time>
<extensions>
<gpxtpx:TrackPointExtension>
<gpxtpx:hr>150</gpxtpx:hr>
</gpxtpx:TrackPointExtension>
</extensions>
</trkpt>
<trkpt lat="36.7707695" lon="126.9712627">
<ele>16.256</ele>
<time>2024-07-15T12:07:37Z</time>
<extensions>
<gpxtpx:TrackPointExtension>
<gpxtpx:hr>150</gpxtpx:hr>
</gpxtpx:TrackPointExtension>
</extensions>
</trkpt>
<trkpt lat="36.7707994" lon="126.9712705">
<ele>16.202</ele>
<time>2024-07-15T12:07:38Z</time>
<extensions>
<gpxtpx:TrackPointExtension>
<gpxtpx:hr>151</gpxtpx:hr>
</gpxtpx:TrackPointExtension>
</extensions>
</trkpt>
<trkpt lat="36.7708296" lon="126.971278">
<ele>16.3</ele>
<time>2024-07-15T12:07:39Z</time>
<extensions>
<gpxtpx:TrackPointExtension>
<gpxtpx:hr>152</gpxtpx:hr>
</gpxtpx:TrackPointExtension>
</extensions>
</trkpt>
<trkpt lat="36.7708591" lon="126.9712876">
<ele>16.232</ele>
<time>2024-07-15T12:07:40Z</time>
<extensions>
<gpxtpx:TrackPointExtension>
<gpxtpx:hr>152</gpxtpx:hr>
</gpxtpx:TrackPointExtension>
</extensions>
</trkpt>
<trkpt lat="36.7708886" lon="126.9712985">
<ele>16.268</ele>
<time>2024-07-15T12:07:41Z</time>
<extensions>
<gpxtpx:TrackPointExtension>
<gpxtpx:hr>153</gpxtpx:hr>
</gpxtpx:TrackPointExtension>
</extensions>
</trkpt>
<trkpt lat="36.7709185" lon="126.9713076">
<ele>16.34</ele>
<time>2024-07-15T12:07:42Z</time>
<extensions>
<gpxtpx:TrackPointExtension>
<gpxtpx:hr>154</gpxtpx:hr>
<gpxtpx:cad>158</gpxtpx:cad>
</gpxtpx:TrackPointExtension>
</extensions>
</trkpt>
<trkpt lat="36.7709494" lon="126.9713123">
<ele>16.252</ele>
<time>2024-07-15T12:07:43Z</time>
<extensions>
<gpxtpx:TrackPointExtension>
<gpxtpx:hr>155</gpxtpx:hr>
</gpxtpx:TrackPointExtension>
</extensions>
</trkpt>
<trkpt lat="36.7709829" lon="126.9713146">
<ele>16.212</ele>
<time>2024-07-15T12:07:44Z</time>
<extensions>
<gpxtpx:TrackPointExtension>
<gpxtpx:hr>156</gpxtpx:hr>
</gpxtpx:TrackPointExtension>
</extensions>
</trkpt>
<trkpt lat="36.7710168" lon="126.9713162">
<ele>16.298</ele>
<time>2024-07-15T12:07:45Z</time>
<extensions>
<gpxtpx:TrackPointExtension>
<gpxtpx:hr>157</gpxtpx:hr>
<gpxtpx:cad>158</gpxtpx:cad>
</gpxtpx:TrackPointExtension>
</extensions>
</trkpt>
<trkpt lat="36.7710522" lon="126.9713178">
<ele>16.191</ele>
<time>2024-07-15T12:07:46Z</time>
<extensions>
<gpxtpx:TrackPointExtension>
<gpxtpx:hr>158</gpxtpx:hr>
</gpxtpx:TrackPointExtension>
</extensions>
</trkpt>
<trkpt lat="36.7710868" lon="126.9713235">
<ele>16.15</ele>
<time>2024-07-15T12:07:47Z</time>
<extensions>
<gpxtpx:TrackPointExtension>
<gpxtpx:hr>159</gpxtpx:hr>
</gpxtpx:TrackPointExtension>
</extensions>
</trkpt>
<trkpt lat="36.7711203" lon="126.9713321">
<ele>16.252</ele>
<time>2024-07-15T12:07:48Z</time>
<extensions>
<gpxtpx:TrackPointExtension>
<gpxtpx:hr>159</gpxtpx:hr>
</gpxtpx:TrackPointExtension>
</extensions>
</trkpt>
<trkpt lat="36.7711516" lon="126.9713418">
<ele>16.222</ele>
<time>2024-07-15T12:07:49Z</time>
<extensions>
<gpxtpx:TrackPointExtension>
<gpxtpx:hr>160</gpxtpx:hr>
</gpxtpx:TrackPointExtension>
</extensions>
</trkpt>
<trkpt lat="36.7711826" lon="126.9713519">
<ele>16.129</ele>
<time>2024-07-15T12:07:50Z</time>
<extensions>
<gpxtpx:TrackPointExtension>
<gpxtpx:hr>160</gpxtpx:hr>
</gpxtpx:TrackPointExtension>
</extensions>
</trkpt>
<trkpt lat="36.7712121" lon="126.971364">
<ele>16.244</ele>
<time>2024-07-15T12:07:51Z</time>
<extensions>
<gpxtpx:TrackPointExtension>
<gpxtpx:hr>161</gpxtpx:hr>
</gpxtpx:TrackPointExtension>
</extensions>
</trkpt>
<trkpt lat="36.7712383" lon="126.971377">
<ele>16.235</ele>
<time>2024-07-15T12:07:52Z</time>
<extensions>
<gpxtpx:TrackPointExtension>
<gpxtpx:hr>161</gpxtpx:hr>
<gpxtpx:cad>157</gpxtpx:cad>
</gpxtpx:TrackPointExtension>
</extensions>
</trkpt>
<trkpt lat="36.7712642" lon="126.9713885">
<ele>16.147</ele>
<time>2024-07-15T12:07:53Z</time>
<extensions>
<gpxtpx:TrackPointExtension>
<gpxtpx:hr>162</gpxtpx:hr>
</gpxtpx:TrackPointExtension>
</extensions>
</trkpt>
<trkpt lat="36.7712907" lon="126.9714005">
<ele>16.206</ele>
<time>2024-07-15T12:07:54Z</time>
<extensions>
<gpxtpx:TrackPointExtension>
<gpxtpx:hr>162</gpxtpx:hr>
</gpxtpx:TrackPointExtension>
</extensions>
</trkpt>
<trkpt lat="36.7713154" lon="126.9714135">
<ele>16.206</ele>
<time>2024-07-15T12:07:55Z</time>
<extensions>
<gpxtpx:TrackPointExtension>
<gpxtpx:hr>163</gpxtpx:hr>
</gpxtpx:TrackPointExtension>
</extensions>
</trkpt>
<trkpt lat="36.7713388" lon="126.971427">
<ele>16.135</ele>
<time>2024-07-15T12:07:56Z</time>
<extensions>
<gpxtpx:TrackPointExtension>
<gpxtpx:hr>163</gpxtpx:hr>
</gpxtpx:TrackPointExtension>
</extensions>
</trkpt>
<trkpt lat="36.77136" lon="126.9714405">
<ele>16.283</ele>
<time>2024-07-15T12:07:57Z</time>
<extensions>
<gpxtpx:TrackPointExtension>
<gpxtpx:hr>163</gpxtpx:hr>
</gpxtpx:TrackPointExtension>
</extensions>
</trkpt>
<trkpt lat="36.7713823" lon="126.9714533">
<ele>16.248</ele>
<time>2024-07-15T12:07:58Z</time>
<extensions>
<gpxtpx:TrackPointExtension>
<gpxtpx:hr>163</gpxtpx:hr>
</gpxtpx:TrackPointExtension>
</extensions>
</trkpt>
<trkpt lat="36.7714067" lon="126.9714667">
<ele>16.071</ele>
<time>2024-07-15T12:07:59Z</time>
<extensions>
<gpxtpx:TrackPointExtension>
<gpxtpx:hr>164</gpxtpx:hr>
</gpxtpx:TrackPointExtension>
</extensions>
</trkpt>
<trkpt lat="36.7714348" lon="126.9714798">
<ele>16.172</ele>
<time>2024-07-15T12:08:00Z</time>
<extensions>
<gpxtpx:TrackPointExtension>
<gpxtpx:hr>164</gpxtpx:hr>
</gpxtpx:TrackPointExtension>
</extensions>
</trkpt>
<trkpt lat="36.7714629" lon="126.9714956">
<ele>16.195</ele>
<time>2024-07-15T12:08:01Z</time>
<extensions>
<gpxtpx:TrackPointExtension>
<gpxtpx:hr>164</gpxtpx:hr>
</gpxtpx:TrackPointExtension>
</extensions>
</trkpt>
<trkpt lat="36.7714895" lon="126.9715131">
<ele>16.118</ele>
<time>2024-07-15T12:08:02Z</time>
<extensions>
<gpxtpx:TrackPointExtension>
<gpxtpx:hr>164</gpxtpx:hr>
<gpxtpx:cad>159</gpxtpx:cad>
</gpxtpx:TrackPointExtension>
</extensions>
</trkpt>
<trkpt lat="36.7715131" lon="126.9715326">
<ele>16.241</ele>
<time>2024-07-15T12:08:03Z</time>
<extensions>
<gpxtpx:TrackPointExtension>
<gpxtpx:hr>164</gpxtpx:hr>
</gpxtpx:TrackPointExtension>
</extensions>
</trkpt>
<trkpt lat="36.7715323" lon="126.971554">
<ele>16.212</ele>
<time>2024-07-15T12:08:04Z</time>
<extensions>
<gpxtpx:TrackPointExtension>
<gpxtpx:hr>164</gpxtpx:hr>
</gpxtpx:TrackPointExtension>
</extensions>
</trkpt>
<trkpt lat="36.7715481" lon="126.971576">
<ele>16.176</ele>
<time>2024-07-15T12:08:06Z</time>
<extensions>
<gpxtpx:TrackPointExtension>
<gpxtpx:hr>165</gpxtpx:hr>
</gpxtpx:TrackPointExtension>
</extensions>
</trkpt>
<trkpt lat="36.7715629" lon="126.9715963">
<ele>16.258</ele>
<time>2024-07-15T12:08:07Z</time>
<extensions>
<gpxtpx:TrackPointExtension>
<gpxtpx:hr>166</gpxtpx:hr>
</gpxtpx:TrackPointExtension>
</extensions>
</trkpt>
<trkpt lat="36.7715748" lon="126.9716154">
<ele>16.214</ele>
<time>2024-07-15T12:08:08Z</time>
<extensions>
<gpxtpx:TrackPointExtension>
<gpxtpx:hr>166</gpxtpx:hr>
</gpxtpx:TrackPointExtension>
</extensions>
</trkpt>
<trkpt lat="36.7715842" lon="126.9716343">
<ele>16.097</ele>
<time>2024-07-15T12:08:09Z</time>
<extensions>
<gpxtpx:TrackPointExtension>
<gpxtpx:hr>166</gpxtpx:hr>
</gpxtpx:TrackPointExtension>
</extensions>
</trkpt>
<trkpt lat="36.7715951" lon="126.9716527">
<ele>16.276</ele>
<time>2024-07-15T12:08:10Z</time>
<extensions>
<gpxtpx:TrackPointExtension>
<gpxtpx:hr>166</gpxtpx:hr>
</gpxtpx:TrackPointExtension>
</extensions>
</trkpt>
<trkpt lat="36.7716074" lon="126.9716714">
<ele>16.227</ele>
<time>2024-07-15T12:08:11Z</time>
<extensions>
<gpxtpx:TrackPointExtension>
<gpxtpx:hr>167</gpxtpx:hr>
</gpxtpx:TrackPointExtension>
</extensions>
</trkpt>
<trkpt lat="36.7716221" lon="126.9716915">
<ele>16.223</ele>
<time>2024-07-15T12:08:12Z</time>
<extensions>
<gpxtpx:TrackPointExtension>
<gpxtpx:hr>167</gpxtpx:hr>
</gpxtpx:TrackPointExtension>
</extensions>
</trkpt>
<trkpt lat="36.7716375" lon="126.9717134">
<ele>16.268</ele>
<time>2024-07-15T12:08:13Z</time>
<extensions>
<gpxtpx:TrackPointExtension>
<gpxtpx:hr>167</gpxtpx:hr>
<gpxtpx:cad>159</gpxtpx:cad>
</gpxtpx:TrackPointExtension>
</extensions>
</trkpt>
<trkpt lat="36.7716535" lon="126.9717376">
<ele>16.239</ele>
<time>2024-07-15T12:08:14Z</time>
<extensions>
<gpxtpx:TrackPointExtension>
<gpxtpx:hr>167</gpxtpx:hr>
</gpxtpx:TrackPointExtension>
</extensions>
</trkpt>
<trkpt lat="36.7716699" lon="126.971762">
<ele>16.22</ele>
<time>2024-07-15T12:08:15Z</time>
<extensions>
<gpxtpx:TrackPointExtension>
<gpxtpx:hr>167</gpxtpx:hr>
</gpxtpx:TrackPointExtension>
</extensions>
</trkpt>
<trkpt lat="36.7716846" lon="126.9717853">
<ele>16.315</ele>
<time>2024-07-15T12:08:16Z</time>
<extensions>
<gpxtpx:TrackPointExtension>
<gpxtpx:hr>167</gpxtpx:hr>
</gpxtpx:TrackPointExtension>
</extensions>
</trkpt>
<trkpt lat="36.7716982" lon="126.9718076">
<ele>16.117</ele>
<time>2024-07-15T12:08:17Z</time>
<extensions>
<gpxtpx:TrackPointExtension>
<gpxtpx:hr>167</gpxtpx:hr>
</gpxtpx:TrackPointExtension>
</extensions>
</trkpt>
<trkpt lat="36.7717098" lon="126.9718272">
<ele>16.157</ele>
<time>2024-07-15T12:08:18Z</time>
<extensions>
<gpxtpx:TrackPointExtension>
<gpxtpx:hr>167</gpxtpx:hr>
</gpxtpx:TrackPointExtension>
</extensions>
</trkpt>
<trkpt lat="36.7717179" lon="126.9718469">
<ele>16.203</ele>
<time>2024-07-15T12:08:19Z</time>
<extensions>
<gpxtpx:TrackPointExtension>
<gpxtpx:hr>167</gpxtpx:hr>
</gpxtpx:TrackPointExtension>
</extensions>
</trkpt>
<trkpt lat="36.7717271" lon="126.9718651">
<ele>16.062</ele>
<time>2024-07-15T12:08:20Z</time>
<extensions>
<gpxtpx:TrackPointExtension>
<gpxtpx:hr>167</gpxtpx:hr>
</gpxtpx:TrackPointExtension>
</extensions>
</trkpt>
<trkpt lat="36.7717321" lon="126.9718819">
<ele>16.069</ele>
<time>2024-07-15T12:08:21Z</time>
<extensions>
<gpxtpx:TrackPointExtension>
<gpxtpx:hr>167</gpxtpx:hr>
<gpxtpx:cad>159</gpxtpx:cad>
</gpxtpx:TrackPointExtension>
</extensions>
</trkpt>
<trkpt lat="36.7717401" lon="126.9718972">
<ele>16.225</ele>
<time>2024-07-15T12:08:22Z</time>
<extensions>
<gpxtpx:TrackPointExtension>
<gpxtpx:hr>167</gpxtpx:hr>
<gpxtpx:cad>159</gpxtpx:cad>
</gpxtpx:TrackPointExtension>
</extensions>
</trkpt>
<trkpt lat="36.7717531" lon="126.9719128">
<ele>16.142</ele>
<time>2024-07-15T12:08:23Z</time>
<extensions>
<gpxtpx:TrackPointExtension>
<gpxtpx:hr>167</gpxtpx:hr>
</gpxtpx:TrackPointExtension>
</extensions>
</trkpt>
<trkpt lat="36.7717709" lon="126.9719269">
<ele>16.142</ele>
<time>2024-07-15T12:08:24Z</time>
<extensions>
<gpxtpx:TrackPointExtension>
<gpxtpx:hr>167</gpxtpx:hr>
</gpxtpx:TrackPointExtension>
</extensions>
</trkpt>
<trkpt lat="36.771792" lon="126.9719403">
<ele>16.245</ele>
<time>2024-07-15T12:08:25Z</time>
<extensions>
<gpxtpx:TrackPointExtension>
<gpxtpx:hr>168</gpxtpx:hr>
</gpxtpx:TrackPointExtension>
</extensions>
</trkpt>
<trkpt lat="36.7718115" lon="126.9719556">
<ele>16.198</ele>
<time>2024-07-15T12:08:26Z</time>
<extensions>
<gpxtpx:TrackPointExtension>
<gpxtpx:hr>168</gpxtpx:hr>
</gpxtpx:TrackPointExtension>
</extensions>
</trkpt>
<trkpt lat="36.771833" lon="126.9719719">
<ele>16.189</ele>
<time>2024-07-15T12:08:27Z</time>
<extensions>
<gpxtpx:TrackPointExtension>
<gpxtpx:hr>168</gpxtpx:hr>
</gpxtpx:TrackPointExtension>
</extensions>
</trkpt>
<trkpt lat="36.7718518" lon="126.9719895">
<ele>16.15</ele>
<time>2024-07-15T12:08:28Z</time>
<extensions>
<gpxtpx:TrackPointExtension>
<gpxtpx:hr>168</gpxtpx:hr>
</gpxtpx:TrackPointExtension>
</extensions>
</trkpt>
<trkpt lat="36.7718724" lon="126.9720054">
<ele>16.078</ele>
<time>2024-07-15T12:08:29Z</time>
<extensions>
<gpxtpx:TrackPointExtension>
<gpxtpx:hr>169</gpxtpx:hr>
</gpxtpx:TrackPointExtension>
</extensions>
</trkpt>
<trkpt lat="36.7718949" lon="126.972022">
<ele>16.051</ele>
<time>2024-07-15T12:08:30Z</time>
<extensions>
<gpxtpx:TrackPointExtension>
<gpxtpx:hr>169</gpxtpx:hr>
</gpxtpx:TrackPointExtension>
</extensions>
</trkpt>
<trkpt lat="36.7719171" lon="126.9720383">
<ele>16.143</ele>
<time>2024-07-15T12:08:31Z</time>
<extensions>
<gpxtpx:TrackPointExtension>
<gpxtpx:hr>169</gpxtpx:hr>
</gpxtpx:TrackPointExtension>
</extensions>
</trkpt>
<trkpt lat="36.7719389" lon="126.9720553">
<ele>16.023</ele>
<time>2024-07-15T12:08:32Z</time>
<extensions>
<gpxtpx:TrackPointExtension>
<gpxtpx:hr>169</gpxtpx:hr>
<gpxtpx:cad>158</gpxtpx:cad>
</gpxtpx:TrackPointExtension>
</extensions>
</trkpt>
<trkpt lat="36.7719562" lon="126.9720717">
<ele>16.153</ele>
<time>2024-07-15T12:08:33Z</time>
<extensions>
<gpxtpx:TrackPointExtension>
<gpxtpx:hr>169</gpxtpx:hr>
</gpxtpx:TrackPointExtension>
</extensions>
</trkpt>
<trkpt lat="36.7719749" lon="126.9720904">
<ele>16.202</ele>
<time>2024-07-15T12:08:34Z</time>
<extensions>
<gpxtpx:TrackPointExtension>
<gpxtpx:hr>169</gpxtpx:hr>
</gpxtpx:TrackPointExtension>
</extensions>
</trkpt>
<trkpt lat="36.7720008" lon="126.9721086">
<ele>16.097</ele>
<time>2024-07-15T12:08:35Z</time>
<extensions>
<gpxtpx:TrackPointExtension>
<gpxtpx:hr>170</gpxtpx:hr>
</gpxtpx:TrackPointExtension>
</extensions>
</trkpt>
<trkpt lat="36.772028" lon="126.972126">
<ele>16.061</ele>
<time>2024-07-15T12:08:36Z</time>
<extensions>
<gpxtpx:TrackPointExtension>
<gpxtpx:hr>170</gpxtpx:hr>
</gpxtpx:TrackPointExtension>
</extensions>
</trkpt>
<trkpt lat="36.7720552" lon="126.9721458">
<ele>16.148</ele>
<time>2024-07-15T12:08:37Z</time>
<extensions>
<gpxtpx:TrackPointExtension>
<gpxtpx:hr>171</gpxtpx:hr>
</gpxtpx:TrackPointExtension>
</extensions>
</trkpt>
<trkpt lat="36.7720784" lon="126.9721687">
<ele>16.063</ele>
<time>2024-07-15T12:08:38Z</time>
<extensions>
<gpxtpx:TrackPointExtension>
<gpxtpx:hr>171</gpxtpx:hr>
</gpxtpx:TrackPointExtension>
</extensions>
</trkpt>
<trkpt lat="36.7720992" lon="126.9721913">
<ele>16.104</ele>
<time>2024-07-15T12:08:39Z</time>
<extensions>
<gpxtpx:TrackPointExtension>
<gpxtpx:hr>171</gpxtpx:hr>
</gpxtpx:TrackPointExtension>
</extensions>
</trkpt>
<trkpt lat="36.7721153" lon="126.9722143">
<ele>16.104</ele>
<time>2024-07-15T12:08:40Z</time>
<extensions>
<gpxtpx:TrackPointExtension>
<gpxtpx:hr>171</gpxtpx:hr>
</gpxtpx:TrackPointExtension>
</extensions>
</trkpt>
<trkpt lat="36.7721295" lon="126.9722386">
<ele>16.041</ele>
<time>2024-07-15T12:08:41Z</time>
<extensions>
<gpxtpx:TrackPointExtension>
<gpxtpx:hr>171</gpxtpx:hr>
</gpxtpx:TrackPointExtension>
</extensions>
</trkpt>
<trkpt lat="36.7721461" lon="126.972263">
<ele>15.981</ele>
<time>2024-07-15T12:08:42Z</time>
<extensions>
<gpxtpx:TrackPointExtension>
<gpxtpx:hr>171</gpxtpx:hr>
<gpxtpx:cad>157</gpxtpx:cad>
</gpxtpx:TrackPointExtension>
</extensions>
</trkpt>
<trkpt lat="36.7721671" lon="126.9722873">
<ele>15.894</ele>
<time>2024-07-15T12:08:43Z</time>
<extensions>
<gpxtpx:TrackPointExtension>
<gpxtpx:hr>171</gpxtpx:hr>
</gpxtpx:TrackPointExtension>
</extensions>
</trkpt>
<trkpt lat="36.7721899" lon="126.9723131">
<ele>15.837</ele>
<time>2024-07-15T12:08:44Z</time>
<extensions>
<gpxtpx:TrackPointExtension>
<gpxtpx:hr>171</gpxtpx:hr>
</gpxtpx:TrackPointExtension>
</extensions>
</trkpt>
<trkpt lat="36.7722115" lon="126.9723359">
<ele>15.839</ele>
<time>2024-07-15T12:08:45Z</time>
<extensions>
<gpxtpx:TrackPointExtension>
<gpxtpx:hr>171</gpxtpx:hr>
</gpxtpx:TrackPointExtension>
</extensions>
</trkpt>
<trkpt lat="36.7722307" lon="126.9723562">
<ele>15.838</ele>
<time>2024-07-15T12:08:46Z</time>
<extensions>
<gpxtpx:TrackPointExtension>
<gpxtpx:hr>171</gpxtpx:hr>
</gpxtpx:TrackPointExtension>
</extensions>
</trkpt>
<trkpt lat="36.7722453" lon="126.9723737">
<ele>15.891</ele>
<time>2024-07-15T12:08:47Z</time>
<extensions>
<gpxtpx:TrackPointExtension>
<gpxtpx:hr>171</gpxtpx:hr>
</gpxtpx:TrackPointExtension>
</extensions>
</trkpt>
<trkpt lat="36.7722562" lon="126.9723886">
<ele>15.916</ele>
<time>2024-07-15T12:08:48Z</time>
<extensions>
<gpxtpx:TrackPointExtension>
<gpxtpx:hr>171</gpxtpx:hr>
</gpxtpx:TrackPointExtension>
</extensions>
</trkpt>
<trkpt lat="36.7722688" lon="126.9724032">
<ele>15.785</ele>
<time>2024-07-15T12:08:49Z</time>
<extensions>
<gpxtpx:TrackPointExtension>
<gpxtpx:hr>170</gpxtpx:hr>
</gpxtpx:TrackPointExtension>
</extensions>
</trkpt>
<trkpt lat="36.7722829" lon="126.9724158">
<ele>15.748</ele>
<time>2024-07-15T12:08:50Z</time>
<extensions>
<gpxtpx:TrackPointExtension>
<gpxtpx:hr>170</gpxtpx:hr>
</gpxtpx:TrackPointExtension>
</extensions>
</trkpt>
<trkpt lat="36.7723045" lon="126.9724215">
<ele>15.795</ele>
<time>2024-07-15T12:08:51Z</time>
<extensions>
<gpxtpx:TrackPointExtension>
<gpxtpx:hr>169</gpxtpx:hr>
</gpxtpx:TrackPointExtension>
</extensions>
</trkpt>
<trkpt lat="36.7723353" lon="126.9724214">
<ele>15.771</ele>
<time>2024-07-15T12:08:52Z</time>
<extensions>
<gpxtpx:TrackPointExtension>
<gpxtpx:hr>169</gpxtpx:hr>
<gpxtpx:cad>130</gpxtpx:cad>
</gpxtpx:TrackPointExtension>
</extensions>
</trkpt>
<trkpt lat="36.7723763" lon="126.9724126">
<ele>15.818</ele>
<time>2024-07-15T12:08:53Z</time>
</trkpt>
<trkpt lat="36.7724258" lon="126.9724021">
<ele>15.774</ele>
<time>2024-07-15T12:08:54Z</time>
</trkpt>
<trkpt lat="36.7724847" lon="126.9723883">
<ele>15.764</ele>
<time>2024-07-15T12:08:55Z</time>
<extensions>
<gpxtpx:TrackPointExtension>
<gpxtpx:hr>168</gpxtpx:hr>
<gpxtpx:cad>121</gpxtpx:cad>
</gpxtpx:TrackPointExtension>
</extensions>
</trkpt>
<trkpt lat="36.7725483" lon="126.9723742">
<ele>15.76</ele>
<time>2024-07-15T12:08:56Z</time>
<extensions>
<gpxtpx:TrackPointExtension>
<gpxtpx:hr>167</gpxtpx:hr>
</gpxtpx:TrackPointExtension>
</extensions>
</trkpt>
<trkpt lat="36.7726114" lon="126.9723624">
<ele>15.759</ele>
<time>2024-07-15T12:08:57Z</time>
<extensions>
<gpxtpx:TrackPointExtension>
<gpxtpx:hr>167</gpxtpx:hr>
</gpxtpx:TrackPointExtension>
</extensions>
</trkpt>
<trkpt lat="36.7726741" lon="126.9723561">
<ele>15.764</ele>
<time>2024-07-15T12:08:58Z</time>
<extensions>
<gpxtpx:TrackPointExtension>
<gpxtpx:hr>167</gpxtpx:hr>
</gpxtpx:TrackPointExtension>
</extensions>
</trkpt>
<trkpt lat="36.7727319" lon="126.9723533">
<ele>15.733</ele>
<time>2024-07-15T12:08:59Z</time>
<extensions>
<gpxtpx:TrackPointExtension>
<gpxtpx:hr>168</gpxtpx:hr>
</gpxtpx:TrackPointExtension>
</extensions>
</trkpt>
<trkpt lat="36.7727773" lon="126.9723544">
<ele>15.739</ele>
<time>2024-07-15T12:09:00Z</time>
<extensions>
<gpxtpx:TrackPointExtension>
<gpxtpx:hr>168</gpxtpx:hr>
</gpxtpx:TrackPointExtension>
</extensions>
</trkpt>
<trkpt lat="36.7728053" lon="126.972363">
<ele>15.642</ele>
<time>2024-07-15T12:09:01Z</time>
<extensions>
<gpxtpx:TrackPointExtension>
<gpxtpx:hr>168</gpxtpx:hr>
</gpxtpx:TrackPointExtension>
</extensions>
</trkpt>
<trkpt lat="36.7728159" lon="126.9723819">
<ele>15.553</ele>
<time>2024-07-15T12:09:02Z</time>
<extensions>
<gpxtpx:TrackPointExtension>
<gpxtpx:hr>167</gpxtpx:hr>
<gpxtpx:cad>115</gpxtpx:cad>
</gpxtpx:TrackPointExtension>
</extensions>
</trkpt>
<trkpt lat="36.7728153" lon="126.9724065">
<ele>15.571</ele>
<time>2024-07-15T12:09:03Z</time>
<extensions>
<gpxtpx:TrackPointExtension>
<gpxtpx:hr>167</gpxtpx:hr>
</gpxtpx:TrackPointExtension>
</extensions>
</trkpt>
<trkpt lat="36.7728069" lon="126.9724339">
<ele>15.599</ele>
<time>2024-07-15T12:09:04Z</time>
<extensions>
<gpxtpx:TrackPointExtension>
<gpxtpx:hr>167</gpxtpx:hr>
</gpxtpx:TrackPointExtension>
</extensions>
</trkpt>
<trkpt lat="36.7727921" lon="126.9724607">
<ele>15.676</ele>
<time>2024-07-15T12:09:05Z</time>
<extensions>
<gpxtpx:TrackPointExtension>
<gpxtpx:hr>167</gpxtpx:hr>
</gpxtpx:TrackPointExtension>
</extensions>
</trkpt>
<trkpt lat="36.7727749" lon="126.9724871">
<ele>15.658</ele>
<time>2024-07-15T12:09:06Z</time>
<extensions>
<gpxtpx:TrackPointExtension>
<gpxtpx:hr>166</gpxtpx:hr>
</gpxtpx:TrackPointExtension>
</extensions>
</trkpt>
<trkpt lat="36.7727554" lon="126.9725154">
<ele>15.633</ele>
<time>2024-07-15T12:09:07Z</time>
<extensions>
<gpxtpx:TrackPointExtension>
<gpxtpx:hr>166</gpxtpx:hr>
</gpxtpx:TrackPointExtension>
</extensions>
</trkpt>
<trkpt lat="36.7727384" lon="126.9725454">
<ele>15.703</ele>
<time>2024-07-15T12:09:08Z</time>
<extensions>
<gpxtpx:TrackPointExtension>
<gpxtpx:hr>165</gpxtpx:hr>
</gpxtpx:TrackPointExtension>
</extensions>
</trkpt>
<trkpt lat="36.7727234" lon="126.9725752">
<ele>15.725</ele>
<time>2024-07-15T12:09:09Z</time>
<extensions>
<gpxtpx:TrackPointExtension>
<gpxtpx:hr>164</gpxtpx:hr>
</gpxtpx:TrackPointExtension>
</extensions>
</trkpt>
<trkpt lat="36.7727134" lon="126.9726024">
<ele>15.742</ele>
<time>2024-07-15T12:09:10Z</time>
<extensions>
<gpxtpx:TrackPointExtension>
<gpxtpx:hr>163</gpxtpx:hr>
</gpxtpx:TrackPointExtension>
</extensions>
</trkpt>
<trkpt lat="36.7727056" lon="126.9726271">
<ele>15.759</ele>
<time>2024-07-15T12:09:11Z</time>
<extensions>
<gpxtpx:TrackPointExtension>
<gpxtpx:hr>162</gpxtpx:hr>
</gpxtpx:TrackPointExtension>
</extensions>
</trkpt>
<trkpt lat="36.7727001" lon="126.9726509">
<ele>15.767</ele>
<time>2024-07-15T12:09:12Z</time>
<extensions>
<gpxtpx:TrackPointExtension>
<gpxtpx:hr>162</gpxtpx:hr>
<gpxtpx:cad>113</gpxtpx:cad>
</gpxtpx:TrackPointExtension>
</extensions>
</trkpt>
<trkpt lat="36.7726974" lon="126.972673">
<ele>15.735</ele>
<time>2024-07-15T12:09:13Z</time>
<extensions>
<gpxtpx:TrackPointExtension>
<gpxtpx:hr>161</gpxtpx:hr>
</gpxtpx:TrackPointExtension>
</extensions>
</trkpt>
<trkpt lat="36.7726965" lon="126.9726934">
<ele>15.711</ele>
<time>2024-07-15T12:09:14Z</time>
<extensions>
<gpxtpx:TrackPointExtension>
<gpxtpx:hr>161</gpxtpx:hr>
</gpxtpx:TrackPointExtension>
</extensions>
</trkpt>
<trkpt lat="36.7726967" lon="126.9727141">
<ele>15.693</ele>
<time>2024-07-15T12:09:15Z</time>
<extensions>
<gpxtpx:TrackPointExtension>
<gpxtpx:hr>160</gpxtpx:hr>
</gpxtpx:TrackPointExtension>
</extensions>
</trkpt>
<trkpt lat="36.7726992" lon="126.9727308">
<ele>15.702</ele>
<time>2024-07-15T12:09:16Z</time>
<extensions>
<gpxtpx:TrackPointExtension>
<gpxtpx:hr>160</gpxtpx:hr>
</gpxtpx:TrackPointExtension>
</extensions>
</trkpt>
<trkpt lat="36.7727024" lon="126.9727462">
<ele>15.634</ele>
<time>2024-07-15T12:09:17Z</time>
<extensions>
<gpxtpx:TrackPointExtension>
<gpxtpx:hr>160</gpxtpx:hr>
</gpxtpx:TrackPointExtension>
</extensions>
</trkpt>
<trkpt lat="36.7727066" lon="126.9727597">
<ele>15.591</ele>
<time>2024-07-15T12:09:18Z</time>
<extensions>
<gpxtpx:TrackPointExtension>
<gpxtpx:hr>159</gpxtpx:hr>
</gpxtpx:TrackPointExtension>
</extensions>
</trkpt>
<trkpt lat="36.7727089" lon="126.9727747">
<ele>15.611</ele>
<time>2024-07-15T12:09:19Z</time>
<extensions>
<gpxtpx:TrackPointExtension>
<gpxtpx:hr>159</gpxtpx:hr>
</gpxtpx:TrackPointExtension>
</extensions>
</trkpt>
<trkpt lat="36.7727102" lon="126.9727892">
<ele>15.671</ele>
<time>2024-07-15T12:09:20Z</time>
<extensions>
<gpxtpx:TrackPointExtension>
<gpxtpx:hr>159</gpxtpx:hr>
</gpxtpx:TrackPointExtension>
</extensions>
</trkpt>
<trkpt lat="36.7727114" lon="126.9728031">
<ele>15.6</ele>
<time>2024-07-15T12:09:21Z</time>
<extensions>
<gpxtpx:TrackPointExtension>
<gpxtpx:hr>158</gpxtpx:hr>
</gpxtpx:TrackPointExtension>
</extensions>
</trkpt>
<trkpt lat="36.7727135" lon="126.9728162">
<ele>15.631</ele>
<time>2024-07-15T12:09:22Z</time>
<extensions>
<gpxtpx:TrackPointExtension>
<gpxtpx:hr>158</gpxtpx:hr>
<gpxtpx:cad>112</gpxtpx:cad>
</gpxtpx:TrackPointExtension>
</extensions>
</trkpt>
<trkpt lat="36.7727163" lon="126.9728441">
<ele>15.563</ele>
<time>2024-07-15T12:09:23Z</time>
<extensions>
<gpxtpx:TrackPointExtension>
<gpxtpx:hr>158</gpxtpx:hr>
</gpxtpx:TrackPointExtension>
</extensions>
</trkpt>
<trkpt lat="36.7727177" lon="126.9728598">
<ele>15.571</ele>
<time>2024-07-15T12:09:24Z</time>
<extensions>
<gpxtpx:TrackPointExtension>
<gpxtpx:hr>157</gpxtpx:hr>
</gpxtpx:TrackPointExtension>
</extensions>
</trkpt>
<trkpt lat="36.7727204" lon="126.9728953">
<ele>15.584</ele>
<time>2024-07-15T12:09:26Z</time>
<extensions>
<gpxtpx:TrackPointExtension>
<gpxtpx:hr>156</gpxtpx:hr>
</gpxtpx:TrackPointExtension>
</extensions>
</trkpt>
<trkpt lat="36.7727234" lon="126.9729131">
<ele>15.574</ele>
<time>2024-07-15T12:09:27Z</time>
<extensions>
<gpxtpx:TrackPointExtension>
<gpxtpx:hr>155</gpxtpx:hr>
</gpxtpx:TrackPointExtension>
</extensions>
</trkpt>
<trkpt lat="36.7727283" lon="126.9729311">
<ele>15.625</ele>
<time>2024-07-15T12:09:28Z</time>
<extensions>
<gpxtpx:TrackPointExtension>
<gpxtpx:hr>155</gpxtpx:hr>
</gpxtpx:TrackPointExtension>
</extensions>
</trkpt>
<trkpt lat="36.7727329" lon="126.972952">
<ele>15.565</ele>
<time>2024-07-15T12:09:29Z</time>
<extensions>
<gpxtpx:TrackPointExtension>
<gpxtpx:hr>154</gpxtpx:hr>
</gpxtpx:TrackPointExtension>
</extensions>
</trkpt>
<trkpt lat="36.7727394" lon="126.9729711">
<ele>15.588</ele>
<time>2024-07-15T12:09:30Z</time>
<extensions>
<gpxtpx:TrackPointExtension>
<gpxtpx:hr>154</gpxtpx:hr>
</gpxtpx:TrackPointExtension>
</extensions>
</trkpt>
<trkpt lat="36.7727457" lon="126.9729876">
<ele>15.617</ele>
<time>2024-07-15T12:09:31Z</time>
<extensions>
<gpxtpx:TrackPointExtension>
<gpxtpx:hr>154</gpxtpx:hr>
</gpxtpx:TrackPointExtension>
</extensions>
</trkpt>
<trkpt lat="36.7727523" lon="126.9730022">
<ele>15.703</ele>
<time>2024-07-15T12:09:32Z</time>
<extensions>
<gpxtpx:TrackPointExtension>
<gpxtpx:hr>153</gpxtpx:hr>
<gpxtpx:cad>112</gpxtpx:cad>
</gpxtpx:TrackPointExtension>
</extensions>
</trkpt>
<trkpt lat="36.7727588" lon="126.9730174">
<ele>15.681</ele>
<time>2024-07-15T12:09:33Z</time>
<extensions>
<gpxtpx:TrackPointExtension>
<gpxtpx:hr>152</gpxtpx:hr>
<gpxtpx:cad>112</gpxtpx:cad>
</gpxtpx:TrackPointExtension>
</extensions>
</trkpt>
<trkpt lat="36.7727641" lon="126.9730325">
<ele>15.716</ele>
<time>2024-07-15T12:09:34Z</time>
<extensions>
<gpxtpx:TrackPointExtension>
<gpxtpx:hr>152</gpxtpx:hr>
</gpxtpx:TrackPointExtension>
</extensions>
</trkpt>
<trkpt lat="36.7727693" lon="126.9730488">
<ele>15.651</ele>
<time>2024-07-15T12:09:35Z</time>
<extensions>
<gpxtpx:TrackPointExtension>
<gpxtpx:hr>151</gpxtpx:hr>
</gpxtpx:TrackPointExtension>
</extensions>
</trkpt>
<trkpt lat="36.7727731" lon="126.9730659">
<ele>15.57</ele>
<time>2024-07-15T12:09:36Z</time>
<extensions>
<gpxtpx:TrackPointExtension>
<gpxtpx:hr>150</gpxtpx:hr>
</gpxtpx:TrackPointExtension>
</extensions>
</trkpt>
<trkpt lat="36.7727792" lon="126.9730814">
<ele>15.561</ele>
<time>2024-07-15T12:09:37Z</time>
<extensions>
<gpxtpx:TrackPointExtension>
<gpxtpx:hr>149</gpxtpx:hr>
</gpxtpx:TrackPointExtension>
</extensions>
</trkpt>
<trkpt lat="36.7727872" lon="126.9730954">
<ele>15.585</ele>
<time>2024-07-15T12:09:38Z</time>
<extensions>
<gpxtpx:TrackPointExtension>
<gpxtpx:hr>148</gpxtpx:hr>
</gpxtpx:TrackPointExtension>
</extensions>
</trkpt>
<trkpt lat="36.772796" lon="126.9731079">
<ele>15.599</ele>
<time>2024-07-15T12:09:39Z</time>
<extensions>
<gpxtpx:TrackPointExtension>
<gpxtpx:hr>146</gpxtpx:hr>
</gpxtpx:TrackPointExtension>
</extensions>
</trkpt>
<trkpt lat="36.7728051" lon="126.9731198">
<ele>15.541</ele>
<time>2024-07-15T12:09:40Z</time>
<extensions>
<gpxtpx:TrackPointExtension>
<gpxtpx:hr>145</gpxtpx:hr>
</gpxtpx:TrackPointExtension>
</extensions>
</trkpt>
<trkpt lat="36.7728129" lon="126.9731317">
<ele>15.578</ele>
<time>2024-07-15T12:09:41Z</time>
<extensions>
<gpxtpx:TrackPointExtension>
<gpxtpx:hr>144</gpxtpx:hr>
</gpxtpx:TrackPointExtension>
</extensions>
</trkpt>
<trkpt lat="36.7728198" lon="126.9731437">
<ele>15.629</ele>
<time>2024-07-15T12:09:42Z</time>
<extensions>
<gpxtpx:TrackPointExtension>
<gpxtpx:hr>143</gpxtpx:hr>
<gpxtpx:cad>111</gpxtpx:cad>
</gpxtpx:TrackPointExtension>
</extensions>
</trkpt>
<trkpt lat="36.7728243" lon="126.973155">
<ele>15.536</ele>
<time>2024-07-15T12:09:43Z</time>
<extensions>
<gpxtpx:TrackPointExtension>
<gpxtpx:hr>143</gpxtpx:hr>
</gpxtpx:TrackPointExtension>
</extensions>
</trkpt>
<trkpt lat="36.7728289" lon="126.9731662">
<ele>15.562</ele>
<time>2024-07-15T12:09:44Z</time>
<extensions>
<gpxtpx:TrackPointExtension>
<gpxtpx:hr>142</gpxtpx:hr>
</gpxtpx:TrackPointExtension>
</extensions>
</trkpt>
<trkpt lat="36.7728344" lon="126.9731783">
<ele>15.57</ele>
<time>2024-07-15T12:09:45Z</time>
<extensions>
<gpxtpx:TrackPointExtension>
<gpxtpx:hr>142</gpxtpx:hr>
</gpxtpx:TrackPointExtension>
</extensions>
</trkpt>
<trkpt lat="36.7728399" lon="126.9731917">
<ele>15.557</ele>
<time>2024-07-15T12:09:46Z</time>
<extensions>
<gpxtpx:TrackPointExtension>
<gpxtpx:hr>142</gpxtpx:hr>
</gpxtpx:TrackPointExtension>
</extensions>
</trkpt>
<trkpt lat="36.772846" lon="126.9732068">
<ele>15.57</ele>
<time>2024-07-15T12:09:47Z</time>
<extensions>
<gpxtpx:TrackPointExtension>
<gpxtpx:hr>143</gpxtpx:hr>
</gpxtpx:TrackPointExtension>
</extensions>
</trkpt>
<trkpt lat="36.7728522" lon="126.9732228">
<ele>15.588</ele>
<time>2024-07-15T12:09:48Z</time>
<extensions>
<gpxtpx:TrackPointExtension>
<gpxtpx:hr>143</gpxtpx:hr>
</gpxtpx:TrackPointExtension>
</extensions>
</trkpt>
<trkpt lat="36.7728586" lon="126.9732394">
<ele>15.561</ele>
<time>2024-07-15T12:09:49Z</time>
<extensions>
<gpxtpx:TrackPointExtension>
<gpxtpx:hr>143</gpxtpx:hr>
</gpxtpx:TrackPointExtension>
</extensions>
</trkpt>
<trkpt lat="36.7728662" lon="126.9732572">
<ele>15.595</ele>
<time>2024-07-15T12:09:50Z</time>
<extensions>
<gpxtpx:TrackPointExtension>
<gpxtpx:hr>143</gpxtpx:hr>
</gpxtpx:TrackPointExtension>
</extensions>
</trkpt>
<trkpt lat="36.7728746" lon="126.9732751">
<ele>15.581</ele>
<time>2024-07-15T12:09:51Z</time>
<extensions>
<gpxtpx:TrackPointExtension>
<gpxtpx:hr>142</gpxtpx:hr>
</gpxtpx:TrackPointExtension>
</extensions>
</trkpt>
<trkpt lat="36.7728835" lon="126.9732917">
<ele>15.546</ele>
<time>2024-07-15T12:09:52Z</time>
<extensions>
<gpxtpx:TrackPointExtension>
<gpxtpx:hr>142</gpxtpx:hr>
<gpxtpx:cad>111</gpxtpx:cad>
</gpxtpx:TrackPointExtension>
</extensions>
</trkpt>
<trkpt lat="36.7728941" lon="126.9733071">
<ele>15.57</ele>
<time>2024-07-15T12:09:53Z</time>
<extensions>
<gpxtpx:TrackPointExtension>
<gpxtpx:hr>142</gpxtpx:hr>
</gpxtpx:TrackPointExtension>
</extensions>
</trkpt>
<trkpt lat="36.7729041" lon="126.9733218">
<ele>15.616</ele>
<time>2024-07-15T12:09:54Z</time>
<extensions>
<gpxtpx:TrackPointExtension>
<gpxtpx:hr>142</gpxtpx:hr>
</gpxtpx:TrackPointExtension>
</extensions>
</trkpt>
<trkpt lat="36.7729133" lon="126.9733373">
<ele>15.605</ele>
<time>2024-07-15T12:09:55Z</time>
<extensions>
<gpxtpx:TrackPointExtension>
<gpxtpx:hr>142</gpxtpx:hr>
</gpxtpx:TrackPointExtension>
</extensions>
</trkpt>
<trkpt lat="36.7729222" lon="126.9733518">
<ele>15.602</ele>
<time>2024-07-15T12:09:56Z</time>
<extensions>
<gpxtpx:TrackPointExtension>
<gpxtpx:hr>141</gpxtpx:hr>
</gpxtpx:TrackPointExtension>
</extensions>
</trkpt>
<trkpt lat="36.7729313" lon="126.9733665">
<ele>15.656</ele>
<time>2024-07-15T12:09:57Z</time>
<extensions>
<gpxtpx:TrackPointExtension>
<gpxtpx:hr>141</gpxtpx:hr>
</gpxtpx:TrackPointExtension>
</extensions>
</trkpt>
<trkpt lat="36.7729412" lon="126.9733809">
<ele>15.691</ele>
<time>2024-07-15T12:09:58Z</time>
<extensions>
<gpxtpx:TrackPointExtension>
<gpxtpx:hr>141</gpxtpx:hr>
</gpxtpx:TrackPointExtension>
</extensions>
</trkpt>
<trkpt lat="36.7729506" lon="126.9733955">
<ele>15.594</ele>
<time>2024-07-15T12:09:59Z</time>
<extensions>
<gpxtpx:TrackPointExtension>
<gpxtpx:hr>140</gpxtpx:hr>
</gpxtpx:TrackPointExtension>
</extensions>
</trkpt>
<trkpt lat="36.7729606" lon="126.9734092">
<ele>15.669</ele>
<time>2024-07-15T12:10:00Z</time>
<extensions>
<gpxtpx:TrackPointExtension>
<gpxtpx:hr>140</gpxtpx:hr>
</gpxtpx:TrackPointExtension>
</extensions>
</trkpt>
<trkpt lat="36.7729697" lon="126.9734224">
<ele>15.666</ele>
<time>2024-07-15T12:10:01Z</time>
<extensions>
<gpxtpx:TrackPointExtension>
<gpxtpx:hr>140</gpxtpx:hr>
</gpxtpx:TrackPointExtension>
</extensions>
</trkpt>
<trkpt lat="36.7729777" lon="126.9734349">
<ele>15.673</ele>
<time>2024-07-15T12:10:02Z</time>
<extensions>
<gpxtpx:TrackPointExtension>
<gpxtpx:hr>139</gpxtpx:hr>
<gpxtpx:cad>112</gpxtpx:cad>
</gpxtpx:TrackPointExtension>
</extensions>
</trkpt>
<trkpt lat="36.7729836" lon="126.9734479">
<ele>15.698</ele>
<time>2024-07-15T12:10:03Z</time>
<extensions>
<gpxtpx:TrackPointExtension>
<gpxtpx:hr>139</gpxtpx:hr>
</gpxtpx:TrackPointExtension>
</extensions>
</trkpt>
<trkpt lat="36.7729897" lon="126.97346">
<ele>15.685</ele>
<time>2024-07-15T12:10:04Z</time>
<extensions>
<gpxtpx:TrackPointExtension>
<gpxtpx:hr>139</gpxtpx:hr>
</gpxtpx:TrackPointExtension>
</extensions>
</trkpt>
<trkpt lat="36.7729941" lon="126.9734726">
<ele>15.658</ele>
<time>2024-07-15T12:10:05Z</time>
<extensions>
<gpxtpx:TrackPointExtension>
<gpxtpx:hr>138</gpxtpx:hr>
</gpxtpx:TrackPointExtension>
</extensions>
</trkpt>
<trkpt lat="36.7729972" lon="126.9734867">
<ele>15.641</ele>
<time>2024-07-15T12:10:06Z</time>
<extensions>
<gpxtpx:TrackPointExtension>
<gpxtpx:hr>138</gpxtpx:hr>
</gpxtpx:TrackPointExtension>
</extensions>
</trkpt>
<trkpt lat="36.7730008" lon="126.9734996">
<ele>15.617</ele>
<time>2024-07-15T12:10:07Z</time>
<extensions>
<gpxtpx:TrackPointExtension>
<gpxtpx:hr>137</gpxtpx:hr>
</gpxtpx:TrackPointExtension>
</extensions>
</trkpt>
<trkpt lat="36.7730052" lon="126.9735134">
<ele>15.649</ele>
<time>2024-07-15T12:10:08Z</time>
<extensions>
<gpxtpx:TrackPointExtension>
<gpxtpx:hr>137</gpxtpx:hr>
</gpxtpx:TrackPointExtension>
</extensions>
</trkpt>
<trkpt lat="36.7730111" lon="126.9735269">
<ele>15.593</ele>
<time>2024-07-15T12:10:09Z</time>
<extensions>
<gpxtpx:TrackPointExtension>
<gpxtpx:hr>136</gpxtpx:hr>
</gpxtpx:TrackPointExtension>
</extensions>
</trkpt>
<trkpt lat="36.7730184" lon="126.9735396">
<ele>15.566</ele>
<time>2024-07-15T12:10:10Z</time>
<extensions>
<gpxtpx:TrackPointExtension>
<gpxtpx:hr>136</gpxtpx:hr>
</gpxtpx:TrackPointExtension>
</extensions>
</trkpt>
<trkpt lat="36.7730274" lon="126.9735518">
<ele>15.546</ele>
<time>2024-07-15T12:10:11Z</time>
<extensions>
<gpxtpx:TrackPointExtension>
<gpxtpx:hr>135</gpxtpx:hr>
</gpxtpx:TrackPointExtension>
</extensions>
</trkpt>
<trkpt lat="36.7730358" lon="126.9735632">
<ele>15.571</ele>
<time>2024-07-15T12:10:12Z</time>
<extensions>
<gpxtpx:TrackPointExtension>
<gpxtpx:hr>135</gpxtpx:hr>
<gpxtpx:cad>111</gpxtpx:cad>
</gpxtpx:TrackPointExtension>
</extensions>
</trkpt>
<trkpt lat="36.7730441" lon="126.9735745">
<ele>15.667</ele>
<time>2024-07-15T12:10:13Z</time>
<extensions>
<gpxtpx:TrackPointExtension>
<gpxtpx:hr>135</gpxtpx:hr>
</gpxtpx:TrackPointExtension>
</extensions>
</trkpt>
<trkpt lat="36.7730505" lon="126.9735859">
<ele>15.622</ele>
<time>2024-07-15T12:10:14Z</time>
<extensions>
<gpxtpx:TrackPointExtension>
<gpxtpx:hr>135</gpxtpx:hr>
</gpxtpx:TrackPointExtension>
</extensions>
</trkpt>
<trkpt lat="36.7730568" lon="126.9735969">
<ele>15.641</ele>
<time>2024-07-15T12:10:15Z</time>
<extensions>
<gpxtpx:TrackPointExtension>
<gpxtpx:hr>134</gpxtpx:hr>
</gpxtpx:TrackPointExtension>
</extensions>
</trkpt>
<trkpt lat="36.773063" lon="126.9736069">
<ele>15.653</ele>
<time>2024-07-15T12:10:16Z</time>
<extensions>
<gpxtpx:TrackPointExtension>
<gpxtpx:hr>134</gpxtpx:hr>
</gpxtpx:TrackPointExtension>
</extensions>
</trkpt>
<trkpt lat="36.7730705" lon="126.9736168">
<ele>15.669</ele>
<time>2024-07-15T12:10:17Z</time>
<extensions>
<gpxtpx:TrackPointExtension>
<gpxtpx:hr>134</gpxtpx:hr>
</gpxtpx:TrackPointExtension>
</extensions>
</trkpt>
<trkpt lat="36.7730783" lon="126.9736263">
<ele>15.673</ele>
<time>2024-07-15T12:10:18Z</time>
<extensions>
<gpxtpx:TrackPointExtension>
<gpxtpx:hr>133</gpxtpx:hr>
</gpxtpx:TrackPointExtension>
</extensions>
</trkpt>
<trkpt lat="36.773085" lon="126.9736367">
<ele>15.706</ele>
<time>2024-07-15T12:10:19Z</time>
<extensions>
<gpxtpx:TrackPointExtension>
<gpxtpx:hr>133</gpxtpx:hr>
</gpxtpx:TrackPointExtension>
</extensions>
</trkpt>
<trkpt lat="36.7730906" lon="126.9736481">
<ele>15.65</ele>
<time>2024-07-15T12:10:20Z</time>
<extensions>
<gpxtpx:TrackPointExtension>
<gpxtpx:hr>133</gpxtpx:hr>
</gpxtpx:TrackPointExtension>
</extensions>
</trkpt>
<trkpt lat="36.7730967" lon="126.9736594">
<ele>15.722</ele>
<time>2024-07-15T12:10:21Z</time>
<extensions>
<gpxtpx:TrackPointExtension>
<gpxtpx:hr>133</gpxtpx:hr>
</gpxtpx:TrackPointExtension>
</extensions>
</trkpt>
<trkpt lat="36.7731028" lon="126.9736721">
<ele>15.677</ele>
<time>2024-07-15T12:10:22Z</time>
<extensions>
<gpxtpx:TrackPointExtension>
<gpxtpx:hr>133</gpxtpx:hr>
<gpxtpx:cad>111</gpxtpx:cad>
</gpxtpx:TrackPointExtension>
</extensions>
</trkpt>
<trkpt lat="36.7731086" lon="126.9736862">
<ele>15.623</ele>
<time>2024-07-15T12:10:23Z</time>
<extensions>
<gpxtpx:TrackPointExtension>
<gpxtpx:hr>132</gpxtpx:hr>
</gpxtpx:TrackPointExtension>
</extensions>
</trkpt>
<trkpt lat="36.773113" lon="126.9737">
<ele>15.631</ele>
<time>2024-07-15T12:10:24Z</time>
<extensions>
<gpxtpx:TrackPointExtension>
<gpxtpx:hr>132</gpxtpx:hr>
</gpxtpx:TrackPointExtension>
</extensions>
</trkpt>
<trkpt lat="36.7731166" lon="126.9737136">
<ele>15.676</ele>
<time>2024-07-15T12:10:25Z</time>
<extensions>
<gpxtpx:TrackPointExtension>
<gpxtpx:hr>132</gpxtpx:hr>
</gpxtpx:TrackPointExtension>
</extensions>
</trkpt>
<trkpt lat="36.7731204" lon="126.9737278">
<ele>15.702</ele>
<time>2024-07-15T12:10:26Z</time>
<extensions>
<gpxtpx:TrackPointExtension>
<gpxtpx:hr>132</gpxtpx:hr>
</gpxtpx:TrackPointExtension>
</extensions>
</trkpt>
<trkpt lat="36.773125" lon="126.9737419">
<ele>15.741</ele>
<time>2024-07-15T12:10:27Z</time>
<extensions>
<gpxtpx:TrackPointExtension>
<gpxtpx:hr>132</gpxtpx:hr>
</gpxtpx:TrackPointExtension>
</extensions>
</trkpt>
<trkpt lat="36.7731305" lon="126.9737574">
<ele>15.771</ele>
<time>2024-07-15T12:10:28Z</time>
<extensions>
<gpxtpx:TrackPointExtension>
<gpxtpx:hr>132</gpxtpx:hr>
</gpxtpx:TrackPointExtension>
</extensions>
</trkpt>
<trkpt lat="36.7731356" lon="126.9737732">
<ele>15.742</ele>
<time>2024-07-15T12:10:29Z</time>
<extensions>
<gpxtpx:TrackPointExtension>
<gpxtpx:hr>133</gpxtpx:hr>
</gpxtpx:TrackPointExtension>
</extensions>
</trkpt>
<trkpt lat="36.7731415" lon="126.9737885">
<ele>15.785</ele>
<time>2024-07-15T12:10:30Z</time>
<extensions>
<gpxtpx:TrackPointExtension>
<gpxtpx:hr>133</gpxtpx:hr>
</gpxtpx:TrackPointExtension>
</extensions>
</trkpt>
<trkpt lat="36.7731474" lon="126.9738045">
<ele>15.783</ele>
<time>2024-07-15T12:10:31Z</time>
<extensions>
<gpxtpx:TrackPointExtension>
<gpxtpx:hr>134</gpxtpx:hr>
</gpxtpx:TrackPointExtension>
</extensions>
</trkpt>
<trkpt lat="36.7731535" lon="126.9738202">
<ele>15.778</ele>
<time>2024-07-15T12:10:32Z</time>
<extensions>
<gpxtpx:TrackPointExtension>
<gpxtpx:hr>134</gpxtpx:hr>
<gpxtpx:cad>110</gpxtpx:cad>
</gpxtpx:TrackPointExtension>
</extensions>
</trkpt>
<trkpt lat="36.7731601" lon="126.9738356">
<ele>15.791</ele>
<time>2024-07-15T12:10:34Z</time>
<extensions>
<gpxtpx:TrackPointExtension>
<gpxtpx:hr>134</gpxtpx:hr>
</gpxtpx:TrackPointExtension>
</extensions>
</trkpt>
<trkpt lat="36.7731674" lon="126.973851">
<ele>15.801</ele>
<time>2024-07-15T12:10:35Z</time>
<extensions>
<gpxtpx:TrackPointExtension>
<gpxtpx:hr>134</gpxtpx:hr>
</gpxtpx:TrackPointExtension>
</extensions>
</trkpt>
<trkpt lat="36.7731746" lon="126.9738667">
<ele>15.833</ele>
<time>2024-07-15T12:10:36Z</time>
<extensions>
<gpxtpx:TrackPointExtension>
<gpxtpx:hr>134</gpxtpx:hr>
</gpxtpx:TrackPointExtension>
</extensions>
</trkpt>
<trkpt lat="36.7731824" lon="126.9738817">
<ele>15.838</ele>
<time>2024-07-15T12:10:37Z</time>
<extensions>
<gpxtpx:TrackPointExtension>
<gpxtpx:hr>134</gpxtpx:hr>
</gpxtpx:TrackPointExtension>
</extensions>
</trkpt>
<trkpt lat="36.7731908" lon="126.9738967">
<ele>15.804</ele>
<time>2024-07-15T12:10:38Z</time>
<extensions>
<gpxtpx:TrackPointExtension>
<gpxtpx:hr>133</gpxtpx:hr>
</gpxtpx:TrackPointExtension>
</extensions>
</trkpt>
<trkpt lat="36.7731994" lon="126.9739119">
<ele>15.959</ele>
<time>2024-07-15T12:10:39Z</time>
<extensions>
<gpxtpx:TrackPointExtension>
<gpxtpx:hr>133</gpxtpx:hr>
</gpxtpx:TrackPointExtension>
</extensions>
</trkpt>
<trkpt lat="36.7732088" lon="126.9739265">
<ele>15.924</ele>
<time>2024-07-15T12:10:40Z</time>
<extensions>
<gpxtpx:TrackPointExtension>
<gpxtpx:hr>132</gpxtpx:hr>
</gpxtpx:TrackPointExtension>
</extensions>
</trkpt>
<trkpt lat="36.7732186" lon="126.9739403">
<ele>15.857</ele>
<time>2024-07-15T12:10:41Z</time>
<extensions>
<gpxtpx:TrackPointExtension>
<gpxtpx:hr>132</gpxtpx:hr>
</gpxtpx:TrackPointExtension>
</extensions>
</trkpt>
<trkpt lat="36.7732286" lon="126.9739542">
<ele>15.838</ele>
<time>2024-07-15T12:10:42Z</time>
<extensions>
<gpxtpx:TrackPointExtension>
<gpxtpx:hr>132</gpxtpx:hr>
</gpxtpx:TrackPointExtension>
</extensions>
</trkpt>
<trkpt lat="36.7732385" lon="126.9739664">
<ele>15.871</ele>
<time>2024-07-15T12:10:43Z</time>
<extensions>
<gpxtpx:TrackPointExtension>
<gpxtpx:hr>132</gpxtpx:hr>
<gpxtpx:cad>111</gpxtpx:cad>
</gpxtpx:TrackPointExtension>
</extensions>
</trkpt>
<trkpt lat="36.7732469" lon="126.973979">
<ele>15.917</ele>
<time>2024-07-15T12:10:44Z</time>
<extensions>
<gpxtpx:TrackPointExtension>
<gpxtpx:hr>132</gpxtpx:hr>
<gpxtpx:cad>111</gpxtpx:cad>
</gpxtpx:TrackPointExtension>
</extensions>
</trkpt>
<trkpt lat="36.7732536" lon="126.9739905">
<ele>15.958</ele>
<time>2024-07-15T12:10:45Z</time>
<extensions>
<gpxtpx:TrackPointExtension>
<gpxtpx:hr>132</gpxtpx:hr>
</gpxtpx:TrackPointExtension>
</extensions>
</trkpt>
<trkpt lat="36.7732606" lon="126.9740033">
<ele>16.029</ele>
<time>2024-07-15T12:10:46Z</time>
<extensions>
<gpxtpx:TrackPointExtension>
<gpxtpx:hr>132</gpxtpx:hr>
</gpxtpx:TrackPointExtension>
</extensions>
</trkpt>
<trkpt lat="36.7732676" lon="126.9740156">
<ele>16.006</ele>
<time>2024-07-15T12:10:47Z</time>
<extensions>
<gpxtpx:TrackPointExtension>
<gpxtpx:hr>133</gpxtpx:hr>
</gpxtpx:TrackPointExtension>
</extensions>
</trkpt>
<trkpt lat="36.7732759" lon="126.9740282">
<ele>16.038</ele>
<time>2024-07-15T12:10:48Z</time>
<extensions>
<gpxtpx:TrackPointExtension>
<gpxtpx:hr>133</gpxtpx:hr>
</gpxtpx:TrackPointExtension>
</extensions>
</trkpt>
<trkpt lat="36.7732862" lon="126.9740409">
<ele>16.072</ele>
<time>2024-07-15T12:10:49Z</time>
<extensions>
<gpxtpx:TrackPointExtension>
<gpxtpx:hr>134</gpxtpx:hr>
</gpxtpx:TrackPointExtension>
</extensions>
</trkpt>
<trkpt lat="36.7732966" lon="126.9740524">
<ele>16.053</ele>
<time>2024-07-15T12:10:50Z</time>
<extensions>
<gpxtpx:TrackPointExtension>
<gpxtpx:hr>134</gpxtpx:hr>
</gpxtpx:TrackPointExtension>
</extensions>
</trkpt>
<trkpt lat="36.7733082" lon="126.9740633">
<ele>16.054</ele>
<time>2024-07-15T12:10:51Z</time>
<extensions>
<gpxtpx:TrackPointExtension>
<gpxtpx:hr>134</gpxtpx:hr>
</gpxtpx:TrackPointExtension>
</extensions>
</trkpt>
<trkpt lat="36.7733195" lon="126.9740736">
<ele>16.079</ele>
<time>2024-07-15T12:10:52Z</time>
<extensions>
<gpxtpx:TrackPointExtension>
<gpxtpx:hr>134</gpxtpx:hr>
<gpxtpx:cad>111</gpxtpx:cad>
</gpxtpx:TrackPointExtension>
</extensions>
</trkpt>
<trkpt lat="36.7733307" lon="126.9740843">
<ele>16.096</ele>
<time>2024-07-15T12:10:53Z</time>
<extensions>
<gpxtpx:TrackPointExtension>
<gpxtpx:hr>134</gpxtpx:hr>
</gpxtpx:TrackPointExtension>
</extensions>
</trkpt>
<trkpt lat="36.773342" lon="126.9740955">
<ele>16.062</ele>
<time>2024-07-15T12:10:54Z</time>
<extensions>
<gpxtpx:TrackPointExtension>
<gpxtpx:hr>133</gpxtpx:hr>
</gpxtpx:TrackPointExtension>
</extensions>
</trkpt>
<trkpt lat="36.7733549" lon="126.9741063">
<ele>16.044</ele>
<time>2024-07-15T12:10:55Z</time>
<extensions>
<gpxtpx:TrackPointExtension>
<gpxtpx:hr>133</gpxtpx:hr>
</gpxtpx:TrackPointExtension>
</extensions>
</trkpt>
<trkpt lat="36.7733682" lon="126.9741166">
<ele>16.072</ele>
<time>2024-07-15T12:10:56Z</time>
<extensions>
<gpxtpx:TrackPointExtension>
<gpxtpx:hr>133</gpxtpx:hr>
</gpxtpx:TrackPointExtension>
</extensions>
</trkpt>
<trkpt lat="36.773381" lon="126.9741274">
<ele>16.128</ele>
<time>2024-07-15T12:10:57Z</time>
<extensions>
<gpxtpx:TrackPointExtension>
<gpxtpx:hr>133</gpxtpx:hr>
</gpxtpx:TrackPointExtension>
</extensions>
</trkpt>
<trkpt lat="36.7733921" lon="126.9741405">
<ele>16.161</ele>
<time>2024-07-15T12:10:58Z</time>
<extensions>
<gpxtpx:TrackPointExtension>
<gpxtpx:hr>133</gpxtpx:hr>
</gpxtpx:TrackPointExtension>
</extensions>
</trkpt>
<trkpt lat="36.7734018" lon="126.9741542">
<ele>16.151</ele>
<time>2024-07-15T12:10:59Z</time>
<extensions>
<gpxtpx:TrackPointExtension>
<gpxtpx:hr>132</gpxtpx:hr>
</gpxtpx:TrackPointExtension>
</extensions>
</trkpt>
<trkpt lat="36.7734104" lon="126.9741678">
<ele>16.112</ele>
<time>2024-07-15T12:11:00Z</time>
<extensions>
<gpxtpx:TrackPointExtension>
<gpxtpx:hr>132</gpxtpx:hr>
</gpxtpx:TrackPointExtension>
</extensions>
</trkpt>
<trkpt lat="36.7734188" lon="126.9741811">
<ele>16.188</ele>
<time>2024-07-15T12:11:01Z</time>
<extensions>
<gpxtpx:TrackPointExtension>
<gpxtpx:hr>132</gpxtpx:hr>
</gpxtpx:TrackPointExtension>
</extensions>
</trkpt>
<trkpt lat="36.7734248" lon="126.9741962">
<ele>16.204</ele>
<time>2024-07-15T12:11:02Z</time>
<extensions>
<gpxtpx:TrackPointExtension>
<gpxtpx:hr>131</gpxtpx:hr>
<gpxtpx:cad>111</gpxtpx:cad>
</gpxtpx:TrackPointExtension>
</extensions>
</trkpt>
<trkpt lat="36.7734284" lon="126.9742122">
<ele>16.267</ele>
<time>2024-07-15T12:11:03Z</time>
<extensions>
<gpxtpx:TrackPointExtension>
<gpxtpx:hr>131</gpxtpx:hr>
</gpxtpx:TrackPointExtension>
</extensions>
</trkpt>
<trkpt lat="36.7734317" lon="126.9742282">
<ele>16.263</ele>
<time>2024-07-15T12:11:04Z</time>
<extensions>
<gpxtpx:TrackPointExtension>
<gpxtpx:hr>131</gpxtpx:hr>
</gpxtpx:TrackPointExtension>
</extensions>
</trkpt>
<trkpt lat="36.7734359" lon="126.9742439">
<ele>16.31</ele>
<time>2024-07-15T12:11:05Z</time>
<extensions>
<gpxtpx:TrackPointExtension>
<gpxtpx:hr>130</gpxtpx:hr>
</gpxtpx:TrackPointExtension>
</extensions>
</trkpt>
<trkpt lat="36.7734415" lon="126.9742597">
<ele>16.353</ele>
<time>2024-07-15T12:11:06Z</time>
<extensions>
<gpxtpx:TrackPointExtension>
<gpxtpx:hr>130</gpxtpx:hr>
</gpxtpx:TrackPointExtension>
</extensions>
</trkpt>
<trkpt lat="36.7734472" lon="126.9742775">
<ele>16.324</ele>
<time>2024-07-15T12:11:07Z</time>
<extensions>
<gpxtpx:TrackPointExtension>
<gpxtpx:hr>130</gpxtpx:hr>
</gpxtpx:TrackPointExtension>
</extensions>
</trkpt>
<trkpt lat="36.7734512" lon="126.9742977">
<ele>16.354</ele>
<time>2024-07-15T12:11:08Z</time>
<extensions>
<gpxtpx:TrackPointExtension>
<gpxtpx:hr>130</gpxtpx:hr>
</gpxtpx:TrackPointExtension>
</extensions>
</trkpt>
<trkpt lat="36.7734532" lon="126.9743195">
<ele>16.351</ele>
<time>2024-07-15T12:11:09Z</time>
<extensions>
<gpxtpx:TrackPointExtension>
<gpxtpx:hr>131</gpxtpx:hr>
</gpxtpx:TrackPointExtension>
</extensions>
</trkpt>
<trkpt lat="36.7734555" lon="126.9743412">
<ele>16.397</ele>
<time>2024-07-15T12:11:10Z</time>
<extensions>
<gpxtpx:TrackPointExtension>
<gpxtpx:hr>131</gpxtpx:hr>
</gpxtpx:TrackPointExtension>
</extensions>
</trkpt>
<trkpt lat="36.7734585" lon="126.9743611">
<ele>16.372</ele>
<time>2024-07-15T12:11:11Z</time>
<extensions>
<gpxtpx:TrackPointExtension>
<gpxtpx:hr>131</gpxtpx:hr>
</gpxtpx:TrackPointExtension>
</extensions>
</trkpt>
<trkpt lat="36.7734617" lon="126.9743801">
<ele>16.429</ele>
<time>2024-07-15T12:11:12Z</time>
<extensions>
<gpxtpx:TrackPointExtension>
<gpxtpx:hr>132</gpxtpx:hr>
<gpxtpx:cad>111</gpxtpx:cad>
</gpxtpx:TrackPointExtension>
</extensions>
</trkpt>
<trkpt lat="36.7734652" lon="126.9743979">
<ele>16.49</ele>
<time>2024-07-15T12:11:13Z</time>
<extensions>
<gpxtpx:TrackPointExtension>
<gpxtpx:hr>132</gpxtpx:hr>
</gpxtpx:TrackPointExtension>
</extensions>
</trkpt>
<trkpt lat="36.7734679" lon="126.9744141">
<ele>16.522</ele>
<time>2024-07-15T12:11:14Z</time>
<extensions>
<gpxtpx:TrackPointExtension>
<gpxtpx:hr>132</gpxtpx:hr>
</gpxtpx:TrackPointExtension>
</extensions>
</trkpt>
<trkpt lat="36.77347" lon="126.9744303">
<ele>16.52</ele>
<time>2024-07-15T12:11:15Z</time>
<extensions>
<gpxtpx:TrackPointExtension>
<gpxtpx:hr>133</gpxtpx:hr>
</gpxtpx:TrackPointExtension>
</extensions>
</trkpt>
<trkpt lat="36.7734727" lon="126.9744453">
<ele>16.504</ele>
<time>2024-07-15T12:11:16Z</time>
<extensions>
<gpxtpx:TrackPointExtension>
<gpxtpx:hr>133</gpxtpx:hr>
</gpxtpx:TrackPointExtension>
</extensions>
</trkpt>
<trkpt lat="36.7734753" lon="126.9744621">
<ele>16.618</ele>
<time>2024-07-15T12:11:17Z</time>
<extensions>
<gpxtpx:TrackPointExtension>
<gpxtpx:hr>133</gpxtpx:hr>
</gpxtpx:TrackPointExtension>
</extensions>
</trkpt>
<trkpt lat="36.7734779" lon="126.9744805">
<ele>16.633</ele>
<time>2024-07-15T12:11:18Z</time>
<extensions>
<gpxtpx:TrackPointExtension>
<gpxtpx:hr>134</gpxtpx:hr>
</gpxtpx:TrackPointExtension>
</extensions>
</trkpt>
<trkpt lat="36.7734818" lon="126.9744988">
<ele>16.642</ele>
<time>2024-07-15T12:11:19Z</time>
<extensions>
<gpxtpx:TrackPointExtension>
<gpxtpx:hr>134</gpxtpx:hr>
</gpxtpx:TrackPointExtension>
</extensions>
</trkpt>
<trkpt lat="36.7734886" lon="126.9745168">
<ele>16.706</ele>
<time>2024-07-15T12:11:20Z</time>
<extensions>
<gpxtpx:TrackPointExtension>
<gpxtpx:hr>134</gpxtpx:hr>
</gpxtpx:TrackPointExtension>
</extensions>
</trkpt>
<trkpt lat="36.7734978" lon="126.9745347">
<ele>16.731</ele>
<time>2024-07-15T12:11:21Z</time>
<extensions>
<gpxtpx:TrackPointExtension>
<gpxtpx:hr>134</gpxtpx:hr>
</gpxtpx:TrackPointExtension>
</extensions>
</trkpt>
<trkpt lat="36.7735052" lon="126.9745521">
<ele>16.766</ele>
<time>2024-07-15T12:11:22Z</time>
<extensions>
<gpxtpx:TrackPointExtension>
<gpxtpx:hr>134</gpxtpx:hr>
<gpxtpx:cad>111</gpxtpx:cad>
</gpxtpx:TrackPointExtension>
</extensions>
</trkpt>
<trkpt lat="36.7735109" lon="126.9745692">
<ele>16.694</ele>
<time>2024-07-15T12:11:23Z</time>
<extensions>
<gpxtpx:TrackPointExtension>
<gpxtpx:hr>134</gpxtpx:hr>
</gpxtpx:TrackPointExtension>
</extensions>
</trkpt>
<trkpt lat="36.773515" lon="126.9745857">
<ele>16.731</ele>
<time>2024-07-15T12:11:24Z</time>
<extensions>
<gpxtpx:TrackPointExtension>
<gpxtpx:hr>134</gpxtpx:hr>
</gpxtpx:TrackPointExtension>
</extensions>
</trkpt>
<trkpt lat="36.7735201" lon="126.9746003">
<ele>16.74</ele>
<time>2024-07-15T12:11:25Z</time>
<extensions>
<gpxtpx:TrackPointExtension>
<gpxtpx:hr>134</gpxtpx:hr>
</gpxtpx:TrackPointExtension>
</extensions>
</trkpt>
<trkpt lat="36.7735254" lon="126.9746154">
<ele>16.791</ele>
<time>2024-07-15T12:11:26Z</time>
<extensions>
<gpxtpx:TrackPointExtension>
<gpxtpx:hr>133</gpxtpx:hr>
</gpxtpx:TrackPointExtension>
</extensions>
</trkpt>
<trkpt lat="36.7735317" lon="126.9746301">
<ele>16.833</ele>
<time>2024-07-15T12:11:27Z</time>
<extensions>
<gpxtpx:TrackPointExtension>
<gpxtpx:hr>133</gpxtpx:hr>
</gpxtpx:TrackPointExtension>
</extensions>
</trkpt>
<trkpt lat="36.7735385" lon="126.9746451">
<ele>16.891</ele>
<time>2024-07-15T12:11:28Z</time>
<extensions>
<gpxtpx:TrackPointExtension>
<gpxtpx:hr>134</gpxtpx:hr>
</gpxtpx:TrackPointExtension>
</extensions>
</trkpt>
<trkpt lat="36.773546" lon="126.9746587">
<ele>16.944</ele>
<time>2024-07-15T12:11:29Z</time>
<extensions>
<gpxtpx:TrackPointExtension>
<gpxtpx:hr>134</gpxtpx:hr>
</gpxtpx:TrackPointExtension>
</extensions>
</trkpt>
<trkpt lat="36.7735531" lon="126.9746709">
<ele>17.041</ele>
<time>2024-07-15T12:11:30Z</time>
<extensions>
<gpxtpx:TrackPointExtension>
<gpxtpx:hr>133</gpxtpx:hr>
</gpxtpx:TrackPointExtension>
</extensions>
</trkpt>
<trkpt lat="36.773562" lon="126.9746821">
<ele>16.999</ele>
<time>2024-07-15T12:11:31Z</time>
<extensions>
<gpxtpx:TrackPointExtension>
<gpxtpx:hr>133</gpxtpx:hr>
</gpxtpx:TrackPointExtension>
</extensions>
</trkpt>
<trkpt lat="36.7735806" lon="126.974706">
<ele>17.04</ele>
<time>2024-07-15T12:11:32Z</time>
<extensions>
<gpxtpx:TrackPointExtension>
<gpxtpx:hr>133</gpxtpx:hr>
<gpxtpx:cad>110</gpxtpx:cad>
</gpxtpx:TrackPointExtension>
</extensions>
</trkpt>
<trkpt lat="36.7735905" lon="126.9747196">
<ele>17.057</ele>
<time>2024-07-15T12:11:33Z</time>
<extensions>
<gpxtpx:TrackPointExtension>
<gpxtpx:hr>133</gpxtpx:hr>
</gpxtpx:TrackPointExtension>
</extensions>
</trkpt>
<trkpt lat="36.7736011" lon="126.9747314">
<ele>17.063</ele>
<time>2024-07-15T12:11:34Z</time>
<extensions>
<gpxtpx:TrackPointExtension>
<gpxtpx:hr>133</gpxtpx:hr>
</gpxtpx:TrackPointExtension>
</extensions>
</trkpt>
<trkpt lat="36.7736089" lon="126.9747427">
<ele>17.099</ele>
<time>2024-07-15T12:11:35Z</time>
<extensions>
<gpxtpx:TrackPointExtension>
<gpxtpx:hr>133</gpxtpx:hr>
</gpxtpx:TrackPointExtension>
</extensions>
</trkpt>
<trkpt lat="36.7736151" lon="126.9747531">
<ele>17.085</ele>
<time>2024-07-15T12:11:36Z</time>
<extensions>
<gpxtpx:TrackPointExtension>
<gpxtpx:hr>133</gpxtpx:hr>
</gpxtpx:TrackPointExtension>
</extensions>
</trkpt>
<trkpt lat="36.7736208" lon="126.9747644">
<ele>17.102</ele>
<time>2024-07-15T12:11:37Z</time>
<extensions>
<gpxtpx:TrackPointExtension>
<gpxtpx:hr>133</gpxtpx:hr>
</gpxtpx:TrackPointExtension>
</extensions>
</trkpt>
<trkpt lat="36.7736255" lon="126.9747763">
<ele>17.096</ele>
<time>2024-07-15T12:11:38Z</time>
<extensions>
<gpxtpx:TrackPointExtension>
<gpxtpx:hr>133</gpxtpx:hr>
</gpxtpx:TrackPointExtension>
</extensions>
</trkpt>
<trkpt lat="36.7736307" lon="126.9747893">
<ele>17.148</ele>
<time>2024-07-15T12:11:39Z</time>
<extensions>
<gpxtpx:TrackPointExtension>
<gpxtpx:hr>133</gpxtpx:hr>
</gpxtpx:TrackPointExtension>
</extensions>
</trkpt>
<trkpt lat="36.7736368" lon="126.9748024">
<ele>17.158</ele>
<time>2024-07-15T12:11:40Z</time>
<extensions>
<gpxtpx:TrackPointExtension>
<gpxtpx:hr>133</gpxtpx:hr>
</gpxtpx:TrackPointExtension>
</extensions>
</trkpt>
<trkpt lat="36.7736441" lon="126.9748159">
<ele>17.268</ele>
<time>2024-07-15T12:11:41Z</time>
<extensions>
<gpxtpx:TrackPointExtension>
<gpxtpx:hr>132</gpxtpx:hr>
</gpxtpx:TrackPointExtension>
</extensions>
</trkpt>
<trkpt lat="36.7736524" lon="126.9748297">
<ele>17.269</ele>
<time>2024-07-15T12:11:42Z</time>
<extensions>
<gpxtpx:TrackPointExtension>
<gpxtpx:hr>132</gpxtpx:hr>
<gpxtpx:cad>110</gpxtpx:cad>
</gpxtpx:TrackPointExtension>
</extensions>
</trkpt>
<trkpt lat="36.7736625" lon="126.9748462">
<ele>17.258</ele>
<time>2024-07-15T12:11:43Z</time>
<extensions>
<gpxtpx:TrackPointExtension>
<gpxtpx:hr>132</gpxtpx:hr>
</gpxtpx:TrackPointExtension>
</extensions>
</trkpt>
<trkpt lat="36.7736732" lon="126.9748607">
<ele>17.345</ele>
<time>2024-07-15T12:11:44Z</time>
<extensions>
<gpxtpx:TrackPointExtension>
<gpxtpx:hr>132</gpxtpx:hr>
</gpxtpx:TrackPointExtension>
</extensions>
</trkpt>
<trkpt lat="36.7736833" lon="126.9748736">
<ele>17.419</ele>
<time>2024-07-15T12:11:45Z</time>
<extensions>
<gpxtpx:TrackPointExtension>
<gpxtpx:hr>132</gpxtpx:hr>
</gpxtpx:TrackPointExtension>
</extensions>
</trkpt>
<trkpt lat="36.7736925" lon="126.974885">
<ele>17.405</ele>
<time>2024-07-15T12:11:46Z</time>
<extensions>
<gpxtpx:TrackPointExtension>
<gpxtpx:hr>132</gpxtpx:hr>
<gpxtpx:cad>110</gpxtpx:cad>
</gpxtpx:TrackPointExtension>
</extensions>
</trkpt>
<trkpt lat="36.7737006" lon="126.9748963">
<ele>17.445</ele>
<time>2024-07-15T12:11:47Z</time>
<extensions>
<gpxtpx:TrackPointExtension>
<gpxtpx:hr>132</gpxtpx:hr>
</gpxtpx:TrackPointExtension>
</extensions>
</trkpt>
<trkpt lat="36.7737067" lon="126.9749083">
<ele>17.427</ele>
<time>2024-07-15T12:11:48Z</time>
<extensions>
<gpxtpx:TrackPointExtension>
<gpxtpx:hr>132</gpxtpx:hr>
</gpxtpx:TrackPointExtension>
</extensions>
</trkpt>
<trkpt lat="36.7737115" lon="126.9749212">
<ele>17.447</ele>
<time>2024-07-15T12:11:49Z</time>
<extensions>
<gpxtpx:TrackPointExtension>
<gpxtpx:hr>132</gpxtpx:hr>
</gpxtpx:TrackPointExtension>
</extensions>
</trkpt>
<trkpt lat="36.7737154" lon="126.9749357">
<ele>17.481</ele>
<time>2024-07-15T12:11:50Z</time>
<extensions>
<gpxtpx:TrackPointExtension>
<gpxtpx:hr>132</gpxtpx:hr>
</gpxtpx:TrackPointExtension>
</extensions>
</trkpt>
<trkpt lat="36.7737211" lon="126.9749509">
<ele>17.514</ele>
<time>2024-07-15T12:11:51Z</time>
<extensions>
<gpxtpx:TrackPointExtension>
<gpxtpx:hr>132</gpxtpx:hr>
</gpxtpx:TrackPointExtension>
</extensions>
</trkpt>
<trkpt lat="36.7737285" lon="126.9749661">
<ele>17.534</ele>
<time>2024-07-15T12:11:52Z</time>
<extensions>
<gpxtpx:TrackPointExtension>
<gpxtpx:hr>132</gpxtpx:hr>
<gpxtpx:cad>110</gpxtpx:cad>
</gpxtpx:TrackPointExtension>
</extensions>
</trkpt>
<trkpt lat="36.7737371" lon="126.9749799">
<ele>17.587</ele>
<time>2024-07-15T12:11:53Z</time>
<extensions>
<gpxtpx:TrackPointExtension>
<gpxtpx:hr>132</gpxtpx:hr>
</gpxtpx:TrackPointExtension>
</extensions>
</trkpt>
<trkpt lat="36.7737453" lon="126.9749924">
<ele>17.631</ele>
<time>2024-07-15T12:11:54Z</time>
<extensions>
<gpxtpx:TrackPointExtension>
<gpxtpx:hr>132</gpxtpx:hr>
</gpxtpx:TrackPointExtension>
</extensions>
</trkpt>
<trkpt lat="36.7737534" lon="126.9750064">
<ele>17.653</ele>
<time>2024-07-15T12:11:55Z</time>
<extensions>
<gpxtpx:TrackPointExtension>
<gpxtpx:hr>131</gpxtpx:hr>
</gpxtpx:TrackPointExtension>
</extensions>
</trkpt>
<trkpt lat="36.7737576" lon="126.9750207">
<ele>17.685</ele>
<time>2024-07-15T12:11:56Z</time>
<extensions>
<gpxtpx:TrackPointExtension>
<gpxtpx:hr>131</gpxtpx:hr>
</gpxtpx:TrackPointExtension>
</extensions>
</trkpt>
<trkpt lat="36.7737613" lon="126.9750333">
<ele>17.695</ele>
<time>2024-07-15T12:11:57Z</time>
<extensions>
<gpxtpx:TrackPointExtension>
<gpxtpx:hr>131</gpxtpx:hr>
</gpxtpx:TrackPointExtension>
</extensions>
</trkpt>
<trkpt lat="36.7737638" lon="126.9750472">
<ele>17.669</ele>
<time>2024-07-15T12:11:58Z</time>
<extensions>
<gpxtpx:TrackPointExtension>
<gpxtpx:hr>131</gpxtpx:hr>
</gpxtpx:TrackPointExtension>
</extensions>
</trkpt>
<trkpt lat="36.7737656" lon="126.9750603">
<ele>17.707</ele>
<time>2024-07-15T12:11:59Z</time>
<extensions>
<gpxtpx:TrackPointExtension>
<gpxtpx:hr>132</gpxtpx:hr>
</gpxtpx:TrackPointExtension>
</extensions>
</trkpt>
<trkpt lat="36.7737683" lon="126.9750744">
<ele>17.808</ele>
<time>2024-07-15T12:12:00Z</time>
<extensions>
<gpxtpx:TrackPointExtension>
<gpxtpx:hr>132</gpxtpx:hr>
</gpxtpx:TrackPointExtension>
</extensions>
</trkpt>
<trkpt lat="36.7737712" lon="126.9750866">
<ele>17.878</ele>
<time>2024-07-15T12:12:01Z</time>
<extensions>
<gpxtpx:TrackPointExtension>
<gpxtpx:hr>131</gpxtpx:hr>
</gpxtpx:TrackPointExtension>
</extensions>
</trkpt>
<trkpt lat="36.7737744" lon="126.9750975">
<ele>17.806</ele>
<time>2024-07-15T12:12:02Z</time>
<extensions>
<gpxtpx:TrackPointExtension>
<gpxtpx:hr>132</gpxtpx:hr>
<gpxtpx:cad>110</gpxtpx:cad>
</gpxtpx:TrackPointExtension>
</extensions>
</trkpt>
<trkpt lat="36.7737774" lon="126.9751098">
<ele>17.803</ele>
<time>2024-07-15T12:12:03Z</time>
<extensions>
<gpxtpx:TrackPointExtension>
<gpxtpx:hr>132</gpxtpx:hr>
</gpxtpx:TrackPointExtension>
</extensions>
</trkpt>
<trkpt lat="36.7737809" lon="126.9751234">
<ele>17.86</ele>
<time>2024-07-15T12:12:04Z</time>
<extensions>
<gpxtpx:TrackPointExtension>
<gpxtpx:hr>132</gpxtpx:hr>
</gpxtpx:TrackPointExtension>
</extensions>
</trkpt>
<trkpt lat="36.7737834" lon="126.9751375">
<ele>17.936</ele>
<time>2024-07-15T12:12:05Z</time>
<extensions>
<gpxtpx:TrackPointExtension>
<gpxtpx:hr>132</gpxtpx:hr>
</gpxtpx:TrackPointExtension>
</extensions>
</trkpt>
<trkpt lat="36.7737878" lon="126.9751515">
<ele>18.068</ele>
<time>2024-07-15T12:12:06Z</time>
<extensions>
<gpxtpx:TrackPointExtension>
<gpxtpx:hr>132</gpxtpx:hr>
</gpxtpx:TrackPointExtension>
</extensions>
</trkpt>
<trkpt lat="36.7737927" lon="126.9751675">
<ele>18.163</ele>
<time>2024-07-15T12:12:07Z</time>
<extensions>
<gpxtpx:TrackPointExtension>
<gpxtpx:hr>132</gpxtpx:hr>
</gpxtpx:TrackPointExtension>
</extensions>
</trkpt>
<trkpt lat="36.7738009" lon="126.9751839">
<ele>18.037</ele>
<time>2024-07-15T12:12:08Z</time>
<extensions>
<gpxtpx:TrackPointExtension>
<gpxtpx:hr>131</gpxtpx:hr>
</gpxtpx:TrackPointExtension>
</extensions>
</trkpt>
<trkpt lat="36.7738113" lon="126.9751983">
<ele>18.037</ele>
<time>2024-07-15T12:12:09Z</time>
<extensions>
<gpxtpx:TrackPointExtension>
<gpxtpx:hr>131</gpxtpx:hr>
</gpxtpx:TrackPointExtension>
</extensions>
</trkpt>
<trkpt lat="36.7738221" lon="126.9752081">
<ele>18.022</ele>
<time>2024-07-15T12:12:10Z</time>
</trkpt>
<trkpt lat="36.7738344" lon="126.9752172">
<ele>18.058</ele>
<time>2024-07-15T12:12:11Z</time>
<extensions>
<gpxtpx:TrackPointExtension>
<gpxtpx:hr>131</gpxtpx:hr>
</gpxtpx:TrackPointExtension>
</extensions>
</trkpt>
<trkpt lat="36.7738495" lon="126.9752265">
<ele>18.086</ele>
<time>2024-07-15T12:12:12Z</time>
<extensions>
<gpxtpx:TrackPointExtension>
<gpxtpx:hr>131</gpxtpx:hr>
<gpxtpx:cad>116</gpxtpx:cad>
</gpxtpx:TrackPointExtension>
</extensions>
</trkpt>
<trkpt lat="36.7738686" lon="126.9752375">
<ele>18.303</ele>
<time>2024-07-15T12:12:13Z</time>
<extensions>
<gpxtpx:TrackPointExtension>
<gpxtpx:hr>131</gpxtpx:hr>
</gpxtpx:TrackPointExtension>
</extensions>
</trkpt>
<trkpt lat="36.77389" lon="126.9752483">
<ele>18.185</ele>
<time>2024-07-15T12:12:14Z</time>
<extensions>
<gpxtpx:TrackPointExtension>
<gpxtpx:hr>131</gpxtpx:hr>
</gpxtpx:TrackPointExtension>
</extensions>
</trkpt>
<trkpt lat="36.7739107" lon="126.9752586">
<ele>18.214</ele>
<time>2024-07-15T12:12:15Z</time>
<extensions>
<gpxtpx:TrackPointExtension>
<gpxtpx:hr>131</gpxtpx:hr>
</gpxtpx:TrackPointExtension>
</extensions>
</trkpt>
<trkpt lat="36.7739316" lon="126.97527">
<ele>18.232</ele>
<time>2024-07-15T12:12:16Z</time>
<extensions>
<gpxtpx:TrackPointExtension>
<gpxtpx:hr>131</gpxtpx:hr>
</gpxtpx:TrackPointExtension>
</extensions>
</trkpt>
<trkpt lat="36.7739487" lon="126.9752841">
<ele>18.248</ele>
<time>2024-07-15T12:12:17Z</time>
<extensions>
<gpxtpx:TrackPointExtension>
<gpxtpx:hr>131</gpxtpx:hr>
</gpxtpx:TrackPointExtension>
</extensions>
</trkpt>
<trkpt lat="36.7739614" lon="126.9753031">
<ele>18.27</ele>
<time>2024-07-15T12:12:18Z</time>
<extensions>
<gpxtpx:TrackPointExtension>
<gpxtpx:hr>131</gpxtpx:hr>
</gpxtpx:TrackPointExtension>
</extensions>
</trkpt>
<trkpt lat="36.7739693" lon="126.9753228">
<ele>18.288</ele>
<time>2024-07-15T12:12:19Z</time>
<extensions>
<gpxtpx:TrackPointExtension>
<gpxtpx:hr>131</gpxtpx:hr>
</gpxtpx:TrackPointExtension>
</extensions>
</trkpt>
<trkpt lat="36.7739717" lon="126.9753401">
<ele>18.335</ele>
<time>2024-07-15T12:12:20Z</time>
<extensions>
<gpxtpx:TrackPointExtension>
<gpxtpx:hr>132</gpxtpx:hr>
</gpxtpx:TrackPointExtension>
</extensions>
</trkpt>
<trkpt lat="36.7739717" lon="126.9753562">
<ele>18.381</ele>
<time>2024-07-15T12:12:21Z</time>
<extensions>
<gpxtpx:TrackPointExtension>
<gpxtpx:hr>132</gpxtpx:hr>
</gpxtpx:TrackPointExtension>
</extensions>
</trkpt>
<trkpt lat="36.7739704" lon="126.975373">
<ele>18.353</ele>
<time>2024-07-15T12:12:22Z</time>
<extensions>
<gpxtpx:TrackPointExtension>
<gpxtpx:hr>132</gpxtpx:hr>
<gpxtpx:cad>113</gpxtpx:cad>
</gpxtpx:TrackPointExtension>
</extensions>
</trkpt>
<trkpt lat="36.7739698" lon="126.9753902">
<ele>18.482</ele>
<time>2024-07-15T12:12:23Z</time>
<extensions>
<gpxtpx:TrackPointExtension>
<gpxtpx:hr>133</gpxtpx:hr>
</gpxtpx:TrackPointExtension>
</extensions>
</trkpt>
<trkpt lat="36.77397" lon="126.9754083">
<ele>18.524</ele>
<time>2024-07-15T12:12:24Z</time>
<extensions>
<gpxtpx:TrackPointExtension>
<gpxtpx:hr>133</gpxtpx:hr>
</gpxtpx:TrackPointExtension>
</extensions>
</trkpt>
<trkpt lat="36.7739711" lon="126.975424">
<ele>18.574</ele>
<time>2024-07-15T12:12:25Z</time>
<extensions>
<gpxtpx:TrackPointExtension>
<gpxtpx:hr>133</gpxtpx:hr>
</gpxtpx:TrackPointExtension>
</extensions>
</trkpt>
<trkpt lat="36.7739731" lon="126.9754354">
<ele>18.574</ele>
<time>2024-07-15T12:12:26Z</time>
<extensions>
<gpxtpx:TrackPointExtension>
<gpxtpx:hr>134</gpxtpx:hr>
</gpxtpx:TrackPointExtension>
</extensions>
</trkpt>
<trkpt lat="36.773975" lon="126.9754451">
<ele>18.573</ele>
<time>2024-07-15T12:12:27Z</time>
<extensions>
<gpxtpx:TrackPointExtension>
<gpxtpx:hr>134</gpxtpx:hr>
</gpxtpx:TrackPointExtension>
</extensions>
</trkpt>
<trkpt lat="36.7739786" lon="126.9754553">
<ele>18.562</ele>
<time>2024-07-15T12:12:28Z</time>
<extensions>
<gpxtpx:TrackPointExtension>
<gpxtpx:hr>133</gpxtpx:hr>
</gpxtpx:TrackPointExtension>
</extensions>
</trkpt>
<trkpt lat="36.7739829" lon="126.9754642">
<ele>18.536</ele>
<time>2024-07-15T12:12:29Z</time>
<extensions>
<gpxtpx:TrackPointExtension>
<gpxtpx:hr>133</gpxtpx:hr>
</gpxtpx:TrackPointExtension>
</extensions>
</trkpt>
<trkpt lat="36.7739903" lon="126.975471">
<ele>18.55</ele>
<time>2024-07-15T12:12:30Z</time>
<extensions>
<gpxtpx:TrackPointExtension>
<gpxtpx:hr>133</gpxtpx:hr>
</gpxtpx:TrackPointExtension>
</extensions>
</trkpt>
<trkpt lat="36.7739985" lon="126.9754789">
<ele>18.49</ele>
<time>2024-07-15T12:12:31Z</time>
<extensions>
<gpxtpx:TrackPointExtension>
<gpxtpx:hr>133</gpxtpx:hr>
</gpxtpx:TrackPointExtension>
</extensions>
</trkpt>
<trkpt lat="36.7740063" lon="126.9754883">
<ele>18.558</ele>
<time>2024-07-15T12:12:32Z</time>
<extensions>
<gpxtpx:TrackPointExtension>
<gpxtpx:hr>132</gpxtpx:hr>
<gpxtpx:cad>112</gpxtpx:cad>
</gpxtpx:TrackPointExtension>
</extensions>
</trkpt>
<trkpt lat="36.774014" lon="126.9755007">
<ele>18.521</ele>
<time>2024-07-15T12:12:33Z</time>
<extensions>
<gpxtpx:TrackPointExtension>
<gpxtpx:hr>132</gpxtpx:hr>
</gpxtpx:TrackPointExtension>
</extensions>
</trkpt>
<trkpt lat="36.7740208" lon="126.9755159">
<ele>18.456</ele>
<time>2024-07-15T12:12:34Z</time>
<extensions>
<gpxtpx:TrackPointExtension>
<gpxtpx:hr>131</gpxtpx:hr>
</gpxtpx:TrackPointExtension>
</extensions>
</trkpt>
<trkpt lat="36.7740271" lon="126.9755323">
<ele>18.528</ele>
<time>2024-07-15T12:12:35Z</time>
<extensions>
<gpxtpx:TrackPointExtension>
<gpxtpx:hr>131</gpxtpx:hr>
</gpxtpx:TrackPointExtension>
</extensions>
</trkpt>
<trkpt lat="36.7740317" lon="126.975549">
<ele>18.494</ele>
<time>2024-07-15T12:12:36Z</time>
<extensions>
<gpxtpx:TrackPointExtension>
<gpxtpx:hr>131</gpxtpx:hr>
</gpxtpx:TrackPointExtension>
</extensions>
</trkpt>
<trkpt lat="36.7740372" lon="126.9755664">
<ele>18.489</ele>
<time>2024-07-15T12:12:37Z</time>
<extensions>
<gpxtpx:TrackPointExtension>
<gpxtpx:hr>130</gpxtpx:hr>
</gpxtpx:TrackPointExtension>
</extensions>
</trkpt>
<trkpt lat="36.774045" lon="126.9755834">
<ele>18.525</ele>
<time>2024-07-15T12:12:38Z</time>
<extensions>
<gpxtpx:TrackPointExtension>
<gpxtpx:hr>130</gpxtpx:hr>
</gpxtpx:TrackPointExtension>
</extensions>
</trkpt>
<trkpt lat="36.7740539" lon="126.9756008">
<ele>18.498</ele>
<time>2024-07-15T12:12:39Z</time>
<extensions>
<gpxtpx:TrackPointExtension>
<gpxtpx:hr>130</gpxtpx:hr>
</gpxtpx:TrackPointExtension>
</extensions>
</trkpt>
<trkpt lat="36.7740641" lon="126.9756176">
<ele>18.437</ele>
<time>2024-07-15T12:12:40Z</time>
<extensions>
<gpxtpx:TrackPointExtension>
<gpxtpx:hr>130</gpxtpx:hr>
</gpxtpx:TrackPointExtension>
</extensions>
</trkpt>
<trkpt lat="36.7740741" lon="126.9756326">
<ele>18.342</ele>
<time>2024-07-15T12:12:41Z</time>
<extensions>
<gpxtpx:TrackPointExtension>
<gpxtpx:hr>130</gpxtpx:hr>
</gpxtpx:TrackPointExtension>
</extensions>
</trkpt>
<trkpt lat="36.7740829" lon="126.9756459">
<ele>18.396</ele>
<time>2024-07-15T12:12:42Z</time>
<extensions>
<gpxtpx:TrackPointExtension>
<gpxtpx:hr>130</gpxtpx:hr>
<gpxtpx:cad>116</gpxtpx:cad>
</gpxtpx:TrackPointExtension>
</extensions>
</trkpt>
<trkpt lat="36.7740905" lon="126.9756585">
<ele>18.348</ele>
<time>2024-07-15T12:12:43Z</time>
<extensions>
<gpxtpx:TrackPointExtension>
<gpxtpx:hr>130</gpxtpx:hr>
</gpxtpx:TrackPointExtension>
</extensions>
</trkpt>
<trkpt lat="36.7740978" lon="126.9756704">
<ele>18.347</ele>
<time>2024-07-15T12:12:44Z</time>
<extensions>
<gpxtpx:TrackPointExtension>
<gpxtpx:hr>130</gpxtpx:hr>
</gpxtpx:TrackPointExtension>
</extensions>
</trkpt>
<trkpt lat="36.7741057" lon="126.9756808">
<ele>18.361</ele>
<time>2024-07-15T12:12:45Z</time>
<extensions>
<gpxtpx:TrackPointExtension>
<gpxtpx:hr>130</gpxtpx:hr>
</gpxtpx:TrackPointExtension>
</extensions>
</trkpt>
<trkpt lat="36.7741149" lon="126.9756894">
<ele>18.396</ele>
<time>2024-07-15T12:12:46Z</time>
<extensions>
<gpxtpx:TrackPointExtension>
<gpxtpx:hr>130</gpxtpx:hr>
</gpxtpx:TrackPointExtension>
</extensions>
</trkpt>
<trkpt lat="36.7741234" lon="126.9756964">
<ele>18.378</ele>
<time>2024-07-15T12:12:47Z</time>
<extensions>
<gpxtpx:TrackPointExtension>
<gpxtpx:hr>130</gpxtpx:hr>
</gpxtpx:TrackPointExtension>
</extensions>
</trkpt>
<trkpt lat="36.7741319" lon="126.9757021">
<ele>18.308</ele>
<time>2024-07-15T12:12:48Z</time>
<extensions>
<gpxtpx:TrackPointExtension>
<gpxtpx:hr>130</gpxtpx:hr>
</gpxtpx:TrackPointExtension>
</extensions>
</trkpt>
<trkpt lat="36.7741417" lon="126.9757068">
<ele>18.276</ele>
<time>2024-07-15T12:12:49Z</time>
<extensions>
<gpxtpx:TrackPointExtension>
<gpxtpx:hr>130</gpxtpx:hr>
</gpxtpx:TrackPointExtension>
</extensions>
</trkpt>
<trkpt lat="36.7741542" lon="126.9757132">
<ele>18.26</ele>
<time>2024-07-15T12:12:50Z</time>
<extensions>
<gpxtpx:TrackPointExtension>
<gpxtpx:hr>129</gpxtpx:hr>
</gpxtpx:TrackPointExtension>
</extensions>
</trkpt>
<trkpt lat="36.7741662" lon="126.9757258">
<ele>18.227</ele>
<time>2024-07-15T12:12:51Z</time>
<extensions>
<gpxtpx:TrackPointExtension>
<gpxtpx:hr>129</gpxtpx:hr>
</gpxtpx:TrackPointExtension>
</extensions>
</trkpt>
<trkpt lat="36.7741789" lon="126.9757397">
<ele>18.251</ele>
<time>2024-07-15T12:12:53Z</time>
<extensions>
<gpxtpx:TrackPointExtension>
<gpxtpx:hr>128</gpxtpx:hr>
<gpxtpx:cad>117</gpxtpx:cad>
</gpxtpx:TrackPointExtension>
</extensions>
</trkpt>
<trkpt lat="36.7741923" lon="126.9757523">
<ele>18.23</ele>
<time>2024-07-15T12:12:54Z</time>
<extensions>
<gpxtpx:TrackPointExtension>
<gpxtpx:hr>128</gpxtpx:hr>
<gpxtpx:cad>117</gpxtpx:cad>
</gpxtpx:TrackPointExtension>
</extensions>
</trkpt>
<trkpt lat="36.7742055" lon="126.9757615">
<ele>17.915</ele>
<time>2024-07-15T12:12:55Z</time>
<extensions>
<gpxtpx:TrackPointExtension>
<gpxtpx:hr>127</gpxtpx:hr>
</gpxtpx:TrackPointExtension>
</extensions>
</trkpt>
<trkpt lat="36.7742177" lon="126.9757697">
<ele>18.035</ele>
<time>2024-07-15T12:12:56Z</time>
<extensions>
<gpxtpx:TrackPointExtension>
<gpxtpx:hr>127</gpxtpx:hr>
</gpxtpx:TrackPointExtension>
</extensions>
</trkpt>
<trkpt lat="36.7742299" lon="126.9757763">
<ele>18.163</ele>
<time>2024-07-15T12:12:57Z</time>
<extensions>
<gpxtpx:TrackPointExtension>
<gpxtpx:hr>126</gpxtpx:hr>
</gpxtpx:TrackPointExtension>
</extensions>
</trkpt>
<trkpt lat="36.7742405" lon="126.9757823">
<ele>18.284</ele>
<time>2024-07-15T12:12:58Z</time>
<extensions>
<gpxtpx:TrackPointExtension>
<gpxtpx:hr>126</gpxtpx:hr>
</gpxtpx:TrackPointExtension>
</extensions>
</trkpt>
<trkpt lat="36.7742498" lon="126.9757908">
<ele>18.274</ele>
<time>2024-07-15T12:12:59Z</time>
<extensions>
<gpxtpx:TrackPointExtension>
<gpxtpx:hr>125</gpxtpx:hr>
</gpxtpx:TrackPointExtension>
</extensions>
</trkpt>
<trkpt lat="36.7742608" lon="126.9757999">
<ele>18.196</ele>
<time>2024-07-15T12:13:00Z</time>
<extensions>
<gpxtpx:TrackPointExtension>
<gpxtpx:hr>125</gpxtpx:hr>
</gpxtpx:TrackPointExtension>
</extensions>
</trkpt>
<trkpt lat="36.7742736" lon="126.9758056">
<ele>18.165</ele>
<time>2024-07-15T12:13:01Z</time>
<extensions>
<gpxtpx:TrackPointExtension>
<gpxtpx:hr>124</gpxtpx:hr>
</gpxtpx:TrackPointExtension>
</extensions>
</trkpt>
<trkpt lat="36.7742903" lon="126.9758053">
<ele>18.153</ele>
<time>2024-07-15T12:13:02Z</time>
</trkpt>
<trkpt lat="36.7743117" lon="126.9757988">
<ele>18.112</ele>
<time>2024-07-15T12:13:03Z</time>
<extensions>
<gpxtpx:TrackPointExtension>
<gpxtpx:hr>124</gpxtpx:hr>
<gpxtpx:cad>114</gpxtpx:cad>
</gpxtpx:TrackPointExtension>
</extensions>
</trkpt>
<trkpt lat="36.7743358" lon="126.9757876">
<ele>17.996</ele>
<time>2024-07-15T12:13:04Z</time>
<extensions>
<gpxtpx:TrackPointExtension>
<gpxtpx:hr>123</gpxtpx:hr>
</gpxtpx:TrackPointExtension>
</extensions>
</trkpt>
<trkpt lat="36.7743588" lon="126.975773">
<ele>18.122</ele>
<time>2024-07-15T12:13:05Z</time>
<extensions>
<gpxtpx:TrackPointExtension>
<gpxtpx:hr>123</gpxtpx:hr>
</gpxtpx:TrackPointExtension>
</extensions>
</trkpt>
<trkpt lat="36.7743811" lon="126.9757586">
<ele>17.958</ele>
<time>2024-07-15T12:13:06Z</time>
<extensions>
<gpxtpx:TrackPointExtension>
<gpxtpx:hr>122</gpxtpx:hr>
</gpxtpx:TrackPointExtension>
</extensions>
</trkpt>
<trkpt lat="36.7744027" lon="126.9757457">
<ele>17.946</ele>
<time>2024-07-15T12:13:07Z</time>
<extensions>
<gpxtpx:TrackPointExtension>
<gpxtpx:hr>122</gpxtpx:hr>
</gpxtpx:TrackPointExtension>
</extensions>
</trkpt>
<trkpt lat="36.7744212" lon="126.9757352">
<ele>17.936</ele>
<time>2024-07-15T12:13:08Z</time>
<extensions>
<gpxtpx:TrackPointExtension>
<gpxtpx:hr>122</gpxtpx:hr>
</gpxtpx:TrackPointExtension>
</extensions>
</trkpt>
<trkpt lat="36.7744373" lon="126.97573">
<ele>17.909</ele>
<time>2024-07-15T12:13:09Z</time>
<extensions>
<gpxtpx:TrackPointExtension>
<gpxtpx:hr>122</gpxtpx:hr>
</gpxtpx:TrackPointExtension>
</extensions>
</trkpt>
<trkpt lat="36.7744489" lon="126.97573">
<ele>17.872</ele>
<time>2024-07-15T12:13:10Z</time>
<extensions>
<gpxtpx:TrackPointExtension>
<gpxtpx:hr>122</gpxtpx:hr>
</gpxtpx:TrackPointExtension>
</extensions>
</trkpt>
<trkpt lat="36.7744572" lon="126.9757352">
<ele>17.869</ele>
<time>2024-07-15T12:13:11Z</time>
<extensions>
<gpxtpx:TrackPointExtension>
<gpxtpx:hr>122</gpxtpx:hr>
</gpxtpx:TrackPointExtension>
</extensions>
</trkpt>
<trkpt lat="36.7744623" lon="126.975746">
<ele>17.952</ele>
<time>2024-07-15T12:13:12Z</time>
<extensions>
<gpxtpx:TrackPointExtension>
<gpxtpx:hr>122</gpxtpx:hr>
</gpxtpx:TrackPointExtension>
</extensions>
</trkpt>
<trkpt lat="36.774465" lon="126.9757627">
<ele>17.896</ele>
<time>2024-07-15T12:13:13Z</time>
<extensions>
<gpxtpx:TrackPointExtension>
<gpxtpx:hr>122</gpxtpx:hr>
<gpxtpx:cad>115</gpxtpx:cad>
</gpxtpx:TrackPointExtension>
</extensions>
</trkpt>
<trkpt lat="36.7744665" lon="126.975783">
<ele>17.932</ele>
<time>2024-07-15T12:13:14Z</time>
<extensions>
<gpxtpx:TrackPointExtension>
<gpxtpx:hr>122</gpxtpx:hr>
</gpxtpx:TrackPointExtension>
</extensions>
</trkpt>
<trkpt lat="36.7744674" lon="126.9758075">
<ele>17.957</ele>
<time>2024-07-15T12:13:15Z</time>
<extensions>
<gpxtpx:TrackPointExtension>
<gpxtpx:hr>122</gpxtpx:hr>
</gpxtpx:TrackPointExtension>
</extensions>
</trkpt>
<trkpt lat="36.7744688" lon="126.9758331">
<ele>17.874</ele>
<time>2024-07-15T12:13:16Z</time>
<extensions>
<gpxtpx:TrackPointExtension>
<gpxtpx:hr>123</gpxtpx:hr>
</gpxtpx:TrackPointExtension>
</extensions>
</trkpt>
<trkpt lat="36.7744716" lon="126.9758579">
<ele>17.791</ele>
<time>2024-07-15T12:13:17Z</time>
<extensions>
<gpxtpx:TrackPointExtension>
<gpxtpx:hr>123</gpxtpx:hr>
</gpxtpx:TrackPointExtension>
</extensions>
</trkpt>
<trkpt lat="36.774471" lon="126.9758826">
<ele>17.806</ele>
<time>2024-07-15T12:13:18Z</time>
<extensions>
<gpxtpx:TrackPointExtension>
<gpxtpx:hr>123</gpxtpx:hr>
</gpxtpx:TrackPointExtension>
</extensions>
</trkpt>
<trkpt lat="36.7744671" lon="126.9759087">
<ele>17.795</ele>
<time>2024-07-15T12:13:19Z</time>
<extensions>
<gpxtpx:TrackPointExtension>
<gpxtpx:hr>122</gpxtpx:hr>
</gpxtpx:TrackPointExtension>
</extensions>
</trkpt>
<trkpt lat="36.7744632" lon="126.9759327">
<ele>17.692</ele>
<time>2024-07-15T12:13:20Z</time>
<extensions>
<gpxtpx:TrackPointExtension>
<gpxtpx:hr>122</gpxtpx:hr>
</gpxtpx:TrackPointExtension>
</extensions>
</trkpt>
<trkpt lat="36.7744618" lon="126.9759528">
<ele>17.687</ele>
<time>2024-07-15T12:13:21Z</time>
<extensions>
<gpxtpx:TrackPointExtension>
<gpxtpx:hr>122</gpxtpx:hr>
</gpxtpx:TrackPointExtension>
</extensions>
</trkpt>
<trkpt lat="36.7744648" lon="126.9759638">
<ele>17.658</ele>
<time>2024-07-15T12:13:22Z</time>
<extensions>
<gpxtpx:TrackPointExtension>
<gpxtpx:hr>122</gpxtpx:hr>
<gpxtpx:cad>113</gpxtpx:cad>
</gpxtpx:TrackPointExtension>
</extensions>
</trkpt>
<trkpt lat="36.7744748" lon="126.975969">
<ele>17.71</ele>
<time>2024-07-15T12:13:23Z</time>
<extensions>
<gpxtpx:TrackPointExtension>
<gpxtpx:hr>122</gpxtpx:hr>
</gpxtpx:TrackPointExtension>
</extensions>
</trkpt>
<trkpt lat="36.774489" lon="126.9759709">
<ele>17.691</ele>
<time>2024-07-15T12:13:24Z</time>
<extensions>
<gpxtpx:TrackPointExtension>
<gpxtpx:hr>122</gpxtpx:hr>
</gpxtpx:TrackPointExtension>
</extensions>
</trkpt>
<trkpt lat="36.7745077" lon="126.9759732">
<ele>17.585</ele>
<time>2024-07-15T12:13:25Z</time>
<extensions>
<gpxtpx:TrackPointExtension>
<gpxtpx:hr>122</gpxtpx:hr>
</gpxtpx:TrackPointExtension>
</extensions>
</trkpt>
<trkpt lat="36.774527" lon="126.9759743">
<ele>17.607</ele>
<time>2024-07-15T12:13:26Z</time>
<extensions>
<gpxtpx:TrackPointExtension>
<gpxtpx:hr>123</gpxtpx:hr>
</gpxtpx:TrackPointExtension>
</extensions>
</trkpt>
<trkpt lat="36.7745435" lon="126.975976">
<ele>17.583</ele>
<time>2024-07-15T12:13:27Z</time>
<extensions>
<gpxtpx:TrackPointExtension>
<gpxtpx:hr>123</gpxtpx:hr>
</gpxtpx:TrackPointExtension>
</extensions>
</trkpt>
<trkpt lat="36.7745585" lon="126.9759807">
<ele>17.546</ele>
<time>2024-07-15T12:13:28Z</time>
<extensions>
<gpxtpx:TrackPointExtension>
<gpxtpx:hr>123</gpxtpx:hr>
</gpxtpx:TrackPointExtension>
</extensions>
</trkpt>
<trkpt lat="36.7745728" lon="126.975987">
<ele>17.543</ele>
<time>2024-07-15T12:13:29Z</time>
<extensions>
<gpxtpx:TrackPointExtension>
<gpxtpx:hr>124</gpxtpx:hr>
</gpxtpx:TrackPointExtension>
</extensions>
</trkpt>
<trkpt lat="36.7745869" lon="126.9759927">
<ele>17.569</ele>
<time>2024-07-15T12:13:30Z</time>
<extensions>
<gpxtpx:TrackPointExtension>
<gpxtpx:hr>124</gpxtpx:hr>
</gpxtpx:TrackPointExtension>
</extensions>
</trkpt>
<trkpt lat="36.7745984" lon="126.9759984">
<ele>17.495</ele>
<time>2024-07-15T12:13:31Z</time>
<extensions>
<gpxtpx:TrackPointExtension>
<gpxtpx:hr>125</gpxtpx:hr>
</gpxtpx:TrackPointExtension>
</extensions>
</trkpt>
<trkpt lat="36.7746118" lon="126.9760027">
<ele>17.495</ele>
<time>2024-07-15T12:13:32Z</time>
<extensions>
<gpxtpx:TrackPointExtension>
<gpxtpx:hr>125</gpxtpx:hr>
<gpxtpx:cad>114</gpxtpx:cad>
</gpxtpx:TrackPointExtension>
</extensions>
</trkpt>
<trkpt lat="36.7746251" lon="126.9760071">
<ele>17.509</ele>
<time>2024-07-15T12:13:33Z</time>
<extensions>
<gpxtpx:TrackPointExtension>
<gpxtpx:hr>126</gpxtpx:hr>
</gpxtpx:TrackPointExtension>
</extensions>
</trkpt>
<trkpt lat="36.7746405" lon="126.9760095">
<ele>17.514</ele>
<time>2024-07-15T12:13:34Z</time>
<extensions>
<gpxtpx:TrackPointExtension>
<gpxtpx:hr>126</gpxtpx:hr>
</gpxtpx:TrackPointExtension>
</extensions>
</trkpt>
<trkpt lat="36.7746579" lon="126.9760103">
<ele>17.545</ele>
<time>2024-07-15T12:13:35Z</time>
<extensions>
<gpxtpx:TrackPointExtension>
<gpxtpx:hr>126</gpxtpx:hr>
</gpxtpx:TrackPointExtension>
</extensions>
</trkpt>
<trkpt lat="36.7746768" lon="126.9760083">
<ele>17.568</ele>
<time>2024-07-15T12:13:36Z</time>
<extensions>
<gpxtpx:TrackPointExtension>
<gpxtpx:hr>126</gpxtpx:hr>
</gpxtpx:TrackPointExtension>
</extensions>
</trkpt>
<trkpt lat="36.7746976" lon="126.9760058">
<ele>17.584</ele>
<time>2024-07-15T12:13:37Z</time>
<extensions>
<gpxtpx:TrackPointExtension>
<gpxtpx:hr>127</gpxtpx:hr>
</gpxtpx:TrackPointExtension>
</extensions>
</trkpt>
<trkpt lat="36.7747157" lon="126.9760048">
<ele>17.599</ele>
<time>2024-07-15T12:13:38Z</time>
<extensions>
<gpxtpx:TrackPointExtension>
<gpxtpx:hr>127</gpxtpx:hr>
</gpxtpx:TrackPointExtension>
</extensions>
</trkpt>
<trkpt lat="36.7747328" lon="126.9760031">
<ele>17.571</ele>
<time>2024-07-15T12:13:39Z</time>
<extensions>
<gpxtpx:TrackPointExtension>
<gpxtpx:hr>126</gpxtpx:hr>
</gpxtpx:TrackPointExtension>
</extensions>
</trkpt>
<trkpt lat="36.7747503" lon="126.9759998">
<ele>17.494</ele>
<time>2024-07-15T12:13:40Z</time>
<extensions>
<gpxtpx:TrackPointExtension>
<gpxtpx:hr>126</gpxtpx:hr>
</gpxtpx:TrackPointExtension>
</extensions>
</trkpt>
<trkpt lat="36.7747687" lon="126.9759946">
<ele>17.504</ele>
<time>2024-07-15T12:13:41Z</time>
<extensions>
<gpxtpx:TrackPointExtension>
<gpxtpx:hr>126</gpxtpx:hr>
</gpxtpx:TrackPointExtension>
</extensions>
</trkpt>
<trkpt lat="36.7747888" lon="126.9759892">
<ele>17.505</ele>
<time>2024-07-15T12:13:42Z</time>
<extensions>
<gpxtpx:TrackPointExtension>
<gpxtpx:hr>126</gpxtpx:hr>
<gpxtpx:cad>110</gpxtpx:cad>
</gpxtpx:TrackPointExtension>
</extensions>
</trkpt>
<trkpt lat="36.7748097" lon="126.9759818">
<ele>17.459</ele>
<time>2024-07-15T12:13:43Z</time>
<extensions>
<gpxtpx:TrackPointExtension>
<gpxtpx:hr>126</gpxtpx:hr>
</gpxtpx:TrackPointExtension>
</extensions>
</trkpt>
<trkpt lat="36.7748286" lon="126.975974">
<ele>17.509</ele>
<time>2024-07-15T12:13:44Z</time>
<extensions>
<gpxtpx:TrackPointExtension>
<gpxtpx:hr>125</gpxtpx:hr>
</gpxtpx:TrackPointExtension>
</extensions>
</trkpt>
<trkpt lat="36.7748442" lon="126.9759691">
<ele>17.451</ele>
<time>2024-07-15T12:13:45Z</time>
<extensions>
<gpxtpx:TrackPointExtension>
<gpxtpx:hr>125</gpxtpx:hr>
</gpxtpx:TrackPointExtension>
</extensions>
</trkpt>
<trkpt lat="36.7748589" lon="126.9759659">
<ele>17.532</ele>
<time>2024-07-15T12:13:46Z</time>
<extensions>
<gpxtpx:TrackPointExtension>
<gpxtpx:hr>125</gpxtpx:hr>
</gpxtpx:TrackPointExtension>
</extensions>
</trkpt>
<trkpt lat="36.7748718" lon="126.9759641">
<ele>17.543</ele>
<time>2024-07-15T12:13:47Z</time>
<extensions>
<gpxtpx:TrackPointExtension>
<gpxtpx:hr>125</gpxtpx:hr>
<gpxtpx:cad>109</gpxtpx:cad>
</gpxtpx:TrackPointExtension>
</extensions>
</trkpt>
<trkpt lat="36.7748854" lon="126.97596">
<ele>17.609</ele>
<time>2024-07-15T12:13:48Z</time>
<extensions>
<gpxtpx:TrackPointExtension>
<gpxtpx:hr>124</gpxtpx:hr>
</gpxtpx:TrackPointExtension>
</extensions>
</trkpt>
<trkpt lat="36.7748999" lon="126.9759568">
<ele>17.649</ele>
<time>2024-07-15T12:13:49Z</time>
<extensions>
<gpxtpx:TrackPointExtension>
<gpxtpx:hr>124</gpxtpx:hr>
</gpxtpx:TrackPointExtension>
</extensions>
</trkpt>
<trkpt lat="36.7749151" lon="126.9759529">
<ele>17.63</ele>
<time>2024-07-15T12:13:50Z</time>
<extensions>
<gpxtpx:TrackPointExtension>
<gpxtpx:hr>124</gpxtpx:hr>
</gpxtpx:TrackPointExtension>
</extensions>
</trkpt>
<trkpt lat="36.7749287" lon="126.9759508">
<ele>17.639</ele>
<time>2024-07-15T12:13:51Z</time>
<extensions>
<gpxtpx:TrackPointExtension>
<gpxtpx:hr>124</gpxtpx:hr>
</gpxtpx:TrackPointExtension>
</extensions>
</trkpt>
<trkpt lat="36.7749405" lon="126.9759501">
<ele>17.73</ele>
<time>2024-07-15T12:13:52Z</time>
<extensions>
<gpxtpx:TrackPointExtension>
<gpxtpx:hr>124</gpxtpx:hr>
<gpxtpx:cad>108</gpxtpx:cad>
</gpxtpx:TrackPointExtension>
</extensions>
</trkpt>
<trkpt lat="36.7749515" lon="126.9759496">
<ele>17.712</ele>
<time>2024-07-15T12:13:53Z</time>
<extensions>
<gpxtpx:TrackPointExtension>
<gpxtpx:hr>124</gpxtpx:hr>
</gpxtpx:TrackPointExtension>
</extensions>
</trkpt>
<trkpt lat="36.7749618" lon="126.9759517">
<ele>17.714</ele>
<time>2024-07-15T12:13:54Z</time>
<extensions>
<gpxtpx:TrackPointExtension>
<gpxtpx:hr>124</gpxtpx:hr>
</gpxtpx:TrackPointExtension>
</extensions>
</trkpt>
<trkpt lat="36.7749711" lon="126.9759563">
<ele>17.745</ele>
<time>2024-07-15T12:13:55Z</time>
<extensions>
<gpxtpx:TrackPointExtension>
<gpxtpx:hr>124</gpxtpx:hr>
</gpxtpx:TrackPointExtension>
</extensions>
</trkpt>
<trkpt lat="36.7749837" lon="126.9759571">
<ele>17.728</ele>
<time>2024-07-15T12:13:56Z</time>
<extensions>
<gpxtpx:TrackPointExtension>
<gpxtpx:hr>124</gpxtpx:hr>
</gpxtpx:TrackPointExtension>
</extensions>
</trkpt>
<trkpt lat="36.7749978" lon="126.9759551">
<ele>17.722</ele>
<time>2024-07-15T12:13:57Z</time>
<extensions>
<gpxtpx:TrackPointExtension>
<gpxtpx:hr>124</gpxtpx:hr>
</gpxtpx:TrackPointExtension>
</extensions>
</trkpt>
<trkpt lat="36.775011" lon="126.97595">
<ele>17.74</ele>
<time>2024-07-15T12:13:58Z</time>
<extensions>
<gpxtpx:TrackPointExtension>
<gpxtpx:hr>124</gpxtpx:hr>
</gpxtpx:TrackPointExtension>
</extensions>
</trkpt>
<trkpt lat="36.7750205" lon="126.9759459">
<ele>17.795</ele>
<time>2024-07-15T12:13:59Z</time>
<extensions>
<gpxtpx:TrackPointExtension>
<gpxtpx:hr>125</gpxtpx:hr>
</gpxtpx:TrackPointExtension>
</extensions>
</trkpt>
<trkpt lat="36.7750378" lon="126.9759416">
<ele>17.837</ele>
<time>2024-07-15T12:14:00Z</time>
<extensions>
<gpxtpx:TrackPointExtension>
<gpxtpx:hr>125</gpxtpx:hr>
</gpxtpx:TrackPointExtension>
</extensions>
</trkpt>
<trkpt lat="36.7750475" lon="126.975942">
<ele>17.83</ele>
<time>2024-07-15T12:14:01Z</time>
<extensions>
<gpxtpx:TrackPointExtension>
<gpxtpx:hr>125</gpxtpx:hr>
</gpxtpx:TrackPointExtension>
</extensions>
</trkpt>
<trkpt lat="36.7750579" lon="126.9759413">
<ele>17.835</ele>
<time>2024-07-15T12:14:02Z</time>
<extensions>
<gpxtpx:TrackPointExtension>
<gpxtpx:hr>126</gpxtpx:hr>
<gpxtpx:cad>116</gpxtpx:cad>
</gpxtpx:TrackPointExtension>
</extensions>
</trkpt>
<trkpt lat="36.7750691" lon="126.9759413">
<ele>17.905</ele>
<time>2024-07-15T12:14:03Z</time>
<extensions>
<gpxtpx:TrackPointExtension>
<gpxtpx:hr>126</gpxtpx:hr>
</gpxtpx:TrackPointExtension>
</extensions>
</trkpt>
<trkpt lat="36.7750814" lon="126.9759404">
<ele>17.89</ele>
<time>2024-07-15T12:14:04Z</time>
<extensions>
<gpxtpx:TrackPointExtension>
<gpxtpx:hr>126</gpxtpx:hr>
</gpxtpx:TrackPointExtension>
</extensions>
</trkpt>
<trkpt lat="36.7750953" lon="126.9759398">
<ele>17.892</ele>
<time>2024-07-15T12:14:05Z</time>
<extensions>
<gpxtpx:TrackPointExtension>
<gpxtpx:hr>127</gpxtpx:hr>
</gpxtpx:TrackPointExtension>
</extensions>
</trkpt>
<trkpt lat="36.7751107" lon="126.9759403">
<ele>17.918</ele>
<time>2024-07-15T12:14:06Z</time>
<extensions>
<gpxtpx:TrackPointExtension>
<gpxtpx:hr>127</gpxtpx:hr>
</gpxtpx:TrackPointExtension>
</extensions>
</trkpt>
<trkpt lat="36.7751275" lon="126.9759419">
<ele>17.997</ele>
<time>2024-07-15T12:14:07Z</time>
<extensions>
<gpxtpx:TrackPointExtension>
<gpxtpx:hr>127</gpxtpx:hr>
</gpxtpx:TrackPointExtension>
</extensions>
</trkpt>
<trkpt lat="36.775145" lon="126.9759442">
<ele>17.991</ele>
<time>2024-07-15T12:14:08Z</time>
<extensions>
<gpxtpx:TrackPointExtension>
<gpxtpx:hr>127</gpxtpx:hr>
</gpxtpx:TrackPointExtension>
</extensions>
</trkpt>
<trkpt lat="36.775163" lon="126.9759468">
<ele>18.016</ele>
<time>2024-07-15T12:14:09Z</time>
<extensions>
<gpxtpx:TrackPointExtension>
<gpxtpx:hr>127</gpxtpx:hr>
</gpxtpx:TrackPointExtension>
</extensions>
</trkpt>
<trkpt lat="36.7751809" lon="126.9759477">
<ele>18.062</ele>
<time>2024-07-15T12:14:10Z</time>
<extensions>
<gpxtpx:TrackPointExtension>
<gpxtpx:hr>127</gpxtpx:hr>
</gpxtpx:TrackPointExtension>
</extensions>
</trkpt>
<trkpt lat="36.7751968" lon="126.9759479">
<ele>18.185</ele>
<time>2024-07-15T12:14:11Z</time>
<extensions>
<gpxtpx:TrackPointExtension>
<gpxtpx:hr>126</gpxtpx:hr>
</gpxtpx:TrackPointExtension>
</extensions>
</trkpt>
<trkpt lat="36.7752107" lon="126.9759492">
<ele>18.184</ele>
<time>2024-07-15T12:14:12Z</time>
<extensions>
<gpxtpx:TrackPointExtension>
<gpxtpx:hr>126</gpxtpx:hr>
<gpxtpx:cad>111</gpxtpx:cad>
</gpxtpx:TrackPointExtension>
</extensions>
</trkpt>
<trkpt lat="36.775224" lon="126.9759497">
<ele>18.255</ele>
<time>2024-07-15T12:14:13Z</time>
<extensions>
<gpxtpx:TrackPointExtension>
<gpxtpx:hr>126</gpxtpx:hr>
</gpxtpx:TrackPointExtension>
</extensions>
</trkpt>
<trkpt lat="36.7752372" lon="126.9759497">
<ele>18.312</ele>
<time>2024-07-15T12:14:14Z</time>
<extensions>
<gpxtpx:TrackPointExtension>
<gpxtpx:hr>127</gpxtpx:hr>
</gpxtpx:TrackPointExtension>
</extensions>
</trkpt>
<trkpt lat="36.7752495" lon="126.9759481">
<ele>18.249</ele>
<time>2024-07-15T12:14:15Z</time>
<extensions>
<gpxtpx:TrackPointExtension>
<gpxtpx:hr>127</gpxtpx:hr>
</gpxtpx:TrackPointExtension>
</extensions>
</trkpt>
<trkpt lat="36.7752609" lon="126.9759456">
<ele>18.275</ele>
<time>2024-07-15T12:14:16Z</time>
<extensions>
<gpxtpx:TrackPointExtension>
<gpxtpx:hr>127</gpxtpx:hr>
</gpxtpx:TrackPointExtension>
</extensions>
</trkpt>
<trkpt lat="36.7752733" lon="126.9759428">
<ele>18.259</ele>
<time>2024-07-15T12:14:17Z</time>
<extensions>
<gpxtpx:TrackPointExtension>
<gpxtpx:hr>127</gpxtpx:hr>
</gpxtpx:TrackPointExtension>
</extensions>
</trkpt>
<trkpt lat="36.7752881" lon="126.9759408">
<ele>18.377</ele>
<time>2024-07-15T12:14:18Z</time>
<extensions>
<gpxtpx:TrackPointExtension>
<gpxtpx:hr>128</gpxtpx:hr>
</gpxtpx:TrackPointExtension>
</extensions>
</trkpt>
<trkpt lat="36.7753032" lon="126.975939">
<ele>18.377</ele>
<time>2024-07-15T12:14:19Z</time>
<extensions>
<gpxtpx:TrackPointExtension>
<gpxtpx:hr>128</gpxtpx:hr>
</gpxtpx:TrackPointExtension>
</extensions>
</trkpt>
<trkpt lat="36.7753148" lon="126.9759376">
<ele>18.405</ele>
<time>2024-07-15T12:14:20Z</time>
<extensions>
<gpxtpx:TrackPointExtension>
<gpxtpx:hr>128</gpxtpx:hr>
</gpxtpx:TrackPointExtension>
</extensions>
</trkpt>
<trkpt lat="36.7753275" lon="126.9759373">
<ele>18.451</ele>
<time>2024-07-15T12:14:21Z</time>
<extensions>
<gpxtpx:TrackPointExtension>
<gpxtpx:hr>128</gpxtpx:hr>
</gpxtpx:TrackPointExtension>
</extensions>
</trkpt>
<trkpt lat="36.7753417" lon="126.9759386">
<ele>18.475</ele>
<time>2024-07-15T12:14:22Z</time>
<extensions>
<gpxtpx:TrackPointExtension>
<gpxtpx:hr>129</gpxtpx:hr>
<gpxtpx:cad>111</gpxtpx:cad>
</gpxtpx:TrackPointExtension>
</extensions>
</trkpt>
<trkpt lat="36.7753574" lon="126.9759391">
<ele>18.546</ele>
<time>2024-07-15T12:14:23Z</time>
<extensions>
<gpxtpx:TrackPointExtension>
<gpxtpx:hr>129</gpxtpx:hr>
</gpxtpx:TrackPointExtension>
</extensions>
</trkpt>
<trkpt lat="36.7753733" lon="126.9759385">
<ele>18.591</ele>
<time>2024-07-15T12:14:24Z</time>
<extensions>
<gpxtpx:TrackPointExtension>
<gpxtpx:hr>129</gpxtpx:hr>
</gpxtpx:TrackPointExtension>
</extensions>
</trkpt>
<trkpt lat="36.775388" lon="126.9759382">
<ele>18.658</ele>
<time>2024-07-15T12:14:25Z</time>
<extensions>
<gpxtpx:TrackPointExtension>
<gpxtpx:hr>129</gpxtpx:hr>
</gpxtpx:TrackPointExtension>
</extensions>
</trkpt>
<trkpt lat="36.7754025" lon="126.9759389">
<ele>18.633</ele>
<time>2024-07-15T12:14:26Z</time>
<extensions>
<gpxtpx:TrackPointExtension>
<gpxtpx:hr>129</gpxtpx:hr>
</gpxtpx:TrackPointExtension>
</extensions>
</trkpt>
<trkpt lat="36.7754162" lon="126.9759377">
<ele>18.636</ele>
<time>2024-07-15T12:14:27Z</time>
<extensions>
<gpxtpx:TrackPointExtension>
<gpxtpx:hr>128</gpxtpx:hr>
</gpxtpx:TrackPointExtension>
</extensions>
</trkpt>
<trkpt lat="36.7754297" lon="126.9759324">
<ele>18.668</ele>
<time>2024-07-15T12:14:28Z</time>
<extensions>
<gpxtpx:TrackPointExtension>
<gpxtpx:hr>128</gpxtpx:hr>
</gpxtpx:TrackPointExtension>
</extensions>
</trkpt>
<trkpt lat="36.7754434" lon="126.9759273">
<ele>18.75</ele>
<time>2024-07-15T12:14:29Z</time>
<extensions>
<gpxtpx:TrackPointExtension>
<gpxtpx:hr>128</gpxtpx:hr>
</gpxtpx:TrackPointExtension>
</extensions>
</trkpt>
<trkpt lat="36.7754575" lon="126.9759229">
<ele>18.803</ele>
<time>2024-07-15T12:14:30Z</time>
<extensions>
<gpxtpx:TrackPointExtension>
<gpxtpx:hr>128</gpxtpx:hr>
</gpxtpx:TrackPointExtension>
</extensions>
</trkpt>
<trkpt lat="36.7754718" lon="126.9759181">
<ele>18.837</ele>
<time>2024-07-15T12:14:31Z</time>
<extensions>
<gpxtpx:TrackPointExtension>
<gpxtpx:hr>128</gpxtpx:hr>
</gpxtpx:TrackPointExtension>
</extensions>
</trkpt>
<trkpt lat="36.7754863" lon="126.9759154">
<ele>18.877</ele>
<time>2024-07-15T12:14:32Z</time>
<extensions>
<gpxtpx:TrackPointExtension>
<gpxtpx:hr>128</gpxtpx:hr>
<gpxtpx:cad>110</gpxtpx:cad>
</gpxtpx:TrackPointExtension>
</extensions>
</trkpt>
<trkpt lat="36.7755016" lon="126.9759149">
<ele>18.875</ele>
<time>2024-07-15T12:14:33Z</time>
<extensions>
<gpxtpx:TrackPointExtension>
<gpxtpx:hr>129</gpxtpx:hr>
</gpxtpx:TrackPointExtension>
</extensions>
</trkpt>
<trkpt lat="36.7755174" lon="126.9759137">
<ele>18.955</ele>
<time>2024-07-15T12:14:34Z</time>
<extensions>
<gpxtpx:TrackPointExtension>
<gpxtpx:hr>129</gpxtpx:hr>
</gpxtpx:TrackPointExtension>
</extensions>
</trkpt>
<trkpt lat="36.775533" lon="126.9759119">
<ele>18.972</ele>
<time>2024-07-15T12:14:35Z</time>
<extensions>
<gpxtpx:TrackPointExtension>
<gpxtpx:hr>129</gpxtpx:hr>
</gpxtpx:TrackPointExtension>
</extensions>
</trkpt>
<trkpt lat="36.775548" lon="126.9759095">
<ele>19.087</ele>
<time>2024-07-15T12:14:36Z</time>
<extensions>
<gpxtpx:TrackPointExtension>
<gpxtpx:hr>128</gpxtpx:hr>
</gpxtpx:TrackPointExtension>
</extensions>
</trkpt>
<trkpt lat="36.7755618" lon="126.9759082">
<ele>19.096</ele>
<time>2024-07-15T12:14:37Z</time>
<extensions>
<gpxtpx:TrackPointExtension>
<gpxtpx:hr>128</gpxtpx:hr>
</gpxtpx:TrackPointExtension>
</extensions>
</trkpt>
<trkpt lat="36.7755755" lon="126.9759068">
<ele>19.044</ele>
<time>2024-07-15T12:14:38Z</time>
<extensions>
<gpxtpx:TrackPointExtension>
<gpxtpx:hr>128</gpxtpx:hr>
</gpxtpx:TrackPointExtension>
</extensions>
</trkpt>
<trkpt lat="36.7755889" lon="126.9759065">
<ele>19.075</ele>
<time>2024-07-15T12:14:39Z</time>
<extensions>
<gpxtpx:TrackPointExtension>
<gpxtpx:hr>128</gpxtpx:hr>
</gpxtpx:TrackPointExtension>
</extensions>
</trkpt>
<trkpt lat="36.7756019" lon="126.9759071">
<ele>19.131</ele>
<time>2024-07-15T12:14:40Z</time>
<extensions>
<gpxtpx:TrackPointExtension>
<gpxtpx:hr>127</gpxtpx:hr>
</gpxtpx:TrackPointExtension>
</extensions>
</trkpt>
<trkpt lat="36.7756154" lon="126.9759083">
<ele>19.168</ele>
<time>2024-07-15T12:14:41Z</time>
<extensions>
<gpxtpx:TrackPointExtension>
<gpxtpx:hr>127</gpxtpx:hr>
</gpxtpx:TrackPointExtension>
</extensions>
</trkpt>
<trkpt lat="36.7756287" lon="126.9759104">
<ele>19.156</ele>
<time>2024-07-15T12:14:42Z</time>
<extensions>
<gpxtpx:TrackPointExtension>
<gpxtpx:hr>127</gpxtpx:hr>
<gpxtpx:cad>111</gpxtpx:cad>
</gpxtpx:TrackPointExtension>
</extensions>
</trkpt>
<trkpt lat="36.7756431" lon="126.9759125">
<ele>19.196</ele>
<time>2024-07-15T12:14:43Z</time>
<extensions>
<gpxtpx:TrackPointExtension>
<gpxtpx:hr>127</gpxtpx:hr>
</gpxtpx:TrackPointExtension>
</extensions>
</trkpt>
<trkpt lat="36.7756571" lon="126.9759144">
<ele>19.283</ele>
<time>2024-07-15T12:14:44Z</time>
<extensions>
<gpxtpx:TrackPointExtension>
<gpxtpx:hr>127</gpxtpx:hr>
</gpxtpx:TrackPointExtension>
</extensions>
</trkpt>
<trkpt lat="36.77567" lon="126.9759162">
<ele>19.323</ele>
<time>2024-07-15T12:14:45Z</time>
<extensions>
<gpxtpx:TrackPointExtension>
<gpxtpx:hr>126</gpxtpx:hr>
</gpxtpx:TrackPointExtension>
</extensions>
</trkpt>
<trkpt lat="36.7756828" lon="126.9759175">
<ele>19.303</ele>
<time>2024-07-15T12:14:46Z</time>
<extensions>
<gpxtpx:TrackPointExtension>
<gpxtpx:hr>127</gpxtpx:hr>
</gpxtpx:TrackPointExtension>
</extensions>
</trkpt>
<trkpt lat="36.7756961" lon="126.9759196">
<ele>19.328</ele>
<time>2024-07-15T12:14:47Z</time>
<extensions>
<gpxtpx:TrackPointExtension>
<gpxtpx:hr>127</gpxtpx:hr>
</gpxtpx:TrackPointExtension>
</extensions>
</trkpt>
<trkpt lat="36.7757097" lon="126.9759216">
<ele>19.378</ele>
<time>2024-07-15T12:14:48Z</time>
<extensions>
<gpxtpx:TrackPointExtension>
<gpxtpx:hr>127</gpxtpx:hr>
</gpxtpx:TrackPointExtension>
</extensions>
</trkpt>
<trkpt lat="36.7757229" lon="126.975924">
<ele>19.44</ele>
<time>2024-07-15T12:14:49Z</time>
<extensions>
<gpxtpx:TrackPointExtension>
<gpxtpx:hr>127</gpxtpx:hr>
</gpxtpx:TrackPointExtension>
</extensions>
</trkpt>
<trkpt lat="36.7757351" lon="126.9759263">
<ele>19.522</ele>
<time>2024-07-15T12:14:50Z</time>
<extensions>
<gpxtpx:TrackPointExtension>
<gpxtpx:hr>128</gpxtpx:hr>
</gpxtpx:TrackPointExtension>
</extensions>
</trkpt>
<trkpt lat="36.7757469" lon="126.9759294">
<ele>19.533</ele>
<time>2024-07-15T12:14:51Z</time>
<extensions>
<gpxtpx:TrackPointExtension>
<gpxtpx:hr>128</gpxtpx:hr>
</gpxtpx:TrackPointExtension>
</extensions>
</trkpt>
<trkpt lat="36.7757597" lon="126.9759311">
<ele>19.547</ele>
<time>2024-07-15T12:14:52Z</time>
<extensions>
<gpxtpx:TrackPointExtension>
<gpxtpx:hr>128</gpxtpx:hr>
<gpxtpx:cad>110</gpxtpx:cad>
</gpxtpx:TrackPointExtension>
</extensions>
</trkpt>
<trkpt lat="36.7757733" lon="126.9759315">
<ele>19.635</ele>
<time>2024-07-15T12:14:53Z</time>
<extensions>
<gpxtpx:TrackPointExtension>
<gpxtpx:hr>128</gpxtpx:hr>
<gpxtpx:cad>110</gpxtpx:cad>
</gpxtpx:TrackPointExtension>
</extensions>
</trkpt>
<trkpt lat="36.7757872" lon="126.9759314">
<ele>19.602</ele>
<time>2024-07-15T12:14:54Z</time>
<extensions>
<gpxtpx:TrackPointExtension>
<gpxtpx:hr>128</gpxtpx:hr>
</gpxtpx:TrackPointExtension>
</extensions>
</trkpt>
<trkpt lat="36.7758006" lon="126.975931">
<ele>19.642</ele>
<time>2024-07-15T12:14:55Z</time>
<extensions>
<gpxtpx:TrackPointExtension>
<gpxtpx:hr>128</gpxtpx:hr>
</gpxtpx:TrackPointExtension>
</extensions>
</trkpt>
<trkpt lat="36.7758139" lon="126.9759317">
<ele>19.603</ele>
<time>2024-07-15T12:14:56Z</time>
<extensions>
<gpxtpx:TrackPointExtension>
<gpxtpx:hr>128</gpxtpx:hr>
</gpxtpx:TrackPointExtension>
</extensions>
</trkpt>
<trkpt lat="36.7758271" lon="126.9759351">
<ele>19.598</ele>
<time>2024-07-15T12:14:57Z</time>
<extensions>
<gpxtpx:TrackPointExtension>
<gpxtpx:hr>128</gpxtpx:hr>
</gpxtpx:TrackPointExtension>
</extensions>
</trkpt>
<trkpt lat="36.77584" lon="126.975941">
<ele>19.56</ele>
<time>2024-07-15T12:14:58Z</time>
<extensions>
<gpxtpx:TrackPointExtension>
<gpxtpx:hr>128</gpxtpx:hr>
</gpxtpx:TrackPointExtension>
</extensions>
</trkpt>
<trkpt lat="36.7758527" lon="126.975948">
<ele>19.554</ele>
<time>2024-07-15T12:14:59Z</time>
<extensions>
<gpxtpx:TrackPointExtension>
<gpxtpx:hr>128</gpxtpx:hr>
</gpxtpx:TrackPointExtension>
</extensions>
</trkpt>
<trkpt lat="36.7758656" lon="126.9759549">
<ele>19.465</ele>
<time>2024-07-15T12:15:00Z</time>
<extensions>
<gpxtpx:TrackPointExtension>
<gpxtpx:hr>128</gpxtpx:hr>
</gpxtpx:TrackPointExtension>
</extensions>
</trkpt>
<trkpt lat="36.7758779" lon="126.975961">
<ele>19.311</ele>
<time>2024-07-15T12:15:01Z</time>
<extensions>
<gpxtpx:TrackPointExtension>
<gpxtpx:hr>128</gpxtpx:hr>
</gpxtpx:TrackPointExtension>
</extensions>
</trkpt>
<trkpt lat="36.7758895" lon="126.9759675">
<ele>19.225</ele>
<time>2024-07-15T12:15:02Z</time>
<extensions>
<gpxtpx:TrackPointExtension>
<gpxtpx:hr>128</gpxtpx:hr>
<gpxtpx:cad>111</gpxtpx:cad>
</gpxtpx:TrackPointExtension>
</extensions>
</trkpt>
<trkpt lat="36.7759006" lon="126.975976">
<ele>19.106</ele>
<time>2024-07-15T12:15:03Z</time>
<extensions>
<gpxtpx:TrackPointExtension>
<gpxtpx:hr>128</gpxtpx:hr>
</gpxtpx:TrackPointExtension>
</extensions>
</trkpt>
<trkpt lat="36.7759112" lon="126.9759857">
<ele>18.976</ele>
<time>2024-07-15T12:15:04Z</time>
<extensions>
<gpxtpx:TrackPointExtension>
<gpxtpx:hr>129</gpxtpx:hr>
</gpxtpx:TrackPointExtension>
</extensions>
</trkpt>
<trkpt lat="36.7759225" lon="126.9759968">
<ele>18.702</ele>
<time>2024-07-15T12:15:05Z</time>
<extensions>
<gpxtpx:TrackPointExtension>
<gpxtpx:hr>129</gpxtpx:hr>
</gpxtpx:TrackPointExtension>
</extensions>
</trkpt>
<trkpt lat="36.7759331" lon="126.9760085">
<ele>18.449</ele>
<time>2024-07-15T12:15:06Z</time>
<extensions>
<gpxtpx:TrackPointExtension>
<gpxtpx:hr>129</gpxtpx:hr>
</gpxtpx:TrackPointExtension>
</extensions>
</trkpt>
<trkpt lat="36.7759441" lon="126.97602">
<ele>18.139</ele>
<time>2024-07-15T12:15:08Z</time>
<extensions>
<gpxtpx:TrackPointExtension>
<gpxtpx:hr>129</gpxtpx:hr>
</gpxtpx:TrackPointExtension>
</extensions>
</trkpt>
<trkpt lat="36.7759526" lon="126.9760316">
<ele>17.899</ele>
<time>2024-07-15T12:15:09Z</time>
<extensions>
<gpxtpx:TrackPointExtension>
<gpxtpx:hr>130</gpxtpx:hr>
</gpxtpx:TrackPointExtension>
</extensions>
</trkpt>
<trkpt lat="36.775963" lon="126.9760444">
<ele>17.677</ele>
<time>2024-07-15T12:15:10Z</time>
<extensions>
<gpxtpx:TrackPointExtension>
<gpxtpx:hr>130</gpxtpx:hr>
</gpxtpx:TrackPointExtension>
</extensions>
</trkpt>
<trkpt lat="36.7759754" lon="126.9760583">
<ele>17.272</ele>
<time>2024-07-15T12:15:11Z</time>
<extensions>
<gpxtpx:TrackPointExtension>
<gpxtpx:hr>129</gpxtpx:hr>
</gpxtpx:TrackPointExtension>
</extensions>
</trkpt>
<trkpt lat="36.7759917" lon="126.9760734">
<ele>16.892</ele>
<time>2024-07-15T12:15:12Z</time>
<extensions>
<gpxtpx:TrackPointExtension>
<gpxtpx:hr>129</gpxtpx:hr>
</gpxtpx:TrackPointExtension>
</extensions>
</trkpt>
<trkpt lat="36.7760082" lon="126.9760875">
<ele>16.594</ele>
<time>2024-07-15T12:15:13Z</time>
<extensions>
<gpxtpx:TrackPointExtension>
<gpxtpx:hr>129</gpxtpx:hr>
<gpxtpx:cad>116</gpxtpx:cad>
</gpxtpx:TrackPointExtension>
</extensions>
</trkpt>
<trkpt lat="36.7760224" lon="126.9761045">
<ele>16.248</ele>
<time>2024-07-15T12:15:14Z</time>
<extensions>
<gpxtpx:TrackPointExtension>
<gpxtpx:hr>130</gpxtpx:hr>
</gpxtpx:TrackPointExtension>
</extensions>
</trkpt>
<trkpt lat="36.7760367" lon="126.9761211">
<ele>15.989</ele>
<time>2024-07-15T12:15:15Z</time>
</trkpt>
<trkpt lat="36.7760475" lon="126.9761408">
<ele>15.781</ele>
<time>2024-07-15T12:15:16Z</time>
<extensions>
<gpxtpx:TrackPointExtension>
<gpxtpx:hr>130</gpxtpx:hr>
</gpxtpx:TrackPointExtension>
</extensions>
</trkpt>
<trkpt lat="36.7760547" lon="126.9761636">
<ele>15.532</ele>
<time>2024-07-15T12:15:17Z</time>
<extensions>
<gpxtpx:TrackPointExtension>
<gpxtpx:hr>131</gpxtpx:hr>
</gpxtpx:TrackPointExtension>
</extensions>
</trkpt>
<trkpt lat="36.7760607" lon="126.976193">
<ele>15.726</ele>
<time>2024-07-15T12:15:18Z</time>
<extensions>
<gpxtpx:TrackPointExtension>
<gpxtpx:hr>130</gpxtpx:hr>
</gpxtpx:TrackPointExtension>
</extensions>
</trkpt>
<trkpt lat="36.7760643" lon="126.9762254">
<ele>15.889</ele>
<time>2024-07-15T12:15:19Z</time>
<extensions>
<gpxtpx:TrackPointExtension>
<gpxtpx:hr>130</gpxtpx:hr>
</gpxtpx:TrackPointExtension>
</extensions>
</trkpt>
<trkpt lat="36.7760661" lon="126.9762567">
<ele>15.951</ele>
<time>2024-07-15T12:15:20Z</time>
<extensions>
<gpxtpx:TrackPointExtension>
<gpxtpx:hr>130</gpxtpx:hr>
</gpxtpx:TrackPointExtension>
</extensions>
</trkpt>
<trkpt lat="36.7760668" lon="126.9762843">
<ele>16.151</ele>
<time>2024-07-15T12:15:21Z</time>
<extensions>
<gpxtpx:TrackPointExtension>
<gpxtpx:hr>130</gpxtpx:hr>
</gpxtpx:TrackPointExtension>
</extensions>
</trkpt>
<trkpt lat="36.7760669" lon="126.9763099">
<ele>16.11</ele>
<time>2024-07-15T12:15:22Z</time>
<extensions>
<gpxtpx:TrackPointExtension>
<gpxtpx:hr>131</gpxtpx:hr>
</gpxtpx:TrackPointExtension>
</extensions>
</trkpt>
<trkpt lat="36.7760661" lon="126.9763356">
<ele>16.05</ele>
<time>2024-07-15T12:15:23Z</time>
<extensions>
<gpxtpx:TrackPointExtension>
<gpxtpx:hr>132</gpxtpx:hr>
<gpxtpx:cad>132</gpxtpx:cad>
</gpxtpx:TrackPointExtension>
</extensions>
</trkpt>
<trkpt lat="36.776063" lon="126.9763613">
<ele>16.11</ele>
<time>2024-07-15T12:15:24Z</time>
<extensions>
<gpxtpx:TrackPointExtension>
<gpxtpx:hr>133</gpxtpx:hr>
</gpxtpx:TrackPointExtension>
</extensions>
</trkpt>
<trkpt lat="36.7760545" lon="126.9763886">
<ele>15.983</ele>
<time>2024-07-15T12:15:25Z</time>
<extensions>
<gpxtpx:TrackPointExtension>
<gpxtpx:hr>134</gpxtpx:hr>
</gpxtpx:TrackPointExtension>
</extensions>
</trkpt>
<trkpt lat="36.7760473" lon="126.9764151">
<ele>15.949</ele>
<time>2024-07-15T12:15:26Z</time>
<extensions>
<gpxtpx:TrackPointExtension>
<gpxtpx:hr>135</gpxtpx:hr>
</gpxtpx:TrackPointExtension>
</extensions>
</trkpt>
<trkpt lat="36.7760386" lon="126.9764446">
<ele>16.106</ele>
<time>2024-07-15T12:15:27Z</time>
<extensions>
<gpxtpx:TrackPointExtension>
<gpxtpx:hr>135</gpxtpx:hr>
</gpxtpx:TrackPointExtension>
</extensions>
</trkpt>
<trkpt lat="36.7760284" lon="126.9764768">
<ele>16.13</ele>
<time>2024-07-15T12:15:28Z</time>
<extensions>
<gpxtpx:TrackPointExtension>
<gpxtpx:hr>138</gpxtpx:hr>
</gpxtpx:TrackPointExtension>
</extensions>
</trkpt>
<trkpt lat="36.7760186" lon="126.976505">
<ele>16.005</ele>
<time>2024-07-15T12:15:29Z</time>
<extensions>
<gpxtpx:TrackPointExtension>
<gpxtpx:hr>139</gpxtpx:hr>
</gpxtpx:TrackPointExtension>
</extensions>
</trkpt>
<trkpt lat="36.7760063" lon="126.9765335">
<ele>16.088</ele>
<time>2024-07-15T12:15:30Z</time>
<extensions>
<gpxtpx:TrackPointExtension>
<gpxtpx:hr>139</gpxtpx:hr>
</gpxtpx:TrackPointExtension>
</extensions>
</trkpt>
<trkpt lat="36.7759903" lon="126.9765633">
<ele>16.177</ele>
<time>2024-07-15T12:15:31Z</time>
<extensions>
<gpxtpx:TrackPointExtension>
<gpxtpx:hr>142</gpxtpx:hr>
</gpxtpx:TrackPointExtension>
</extensions>
</trkpt>
<trkpt lat="36.7759691" lon="126.976595">
<ele>16.064</ele>
<time>2024-07-15T12:15:32Z</time>
<extensions>
<gpxtpx:TrackPointExtension>
<gpxtpx:hr>143</gpxtpx:hr>
<gpxtpx:cad>157</gpxtpx:cad>
</gpxtpx:TrackPointExtension>
</extensions>
</trkpt>
<trkpt lat="36.775947" lon="126.9766298">
<ele>16.075</ele>
<time>2024-07-15T12:15:33Z</time>
<extensions>
<gpxtpx:TrackPointExtension>
<gpxtpx:hr>144</gpxtpx:hr>
</gpxtpx:TrackPointExtension>
</extensions>
</trkpt>
<trkpt lat="36.7759291" lon="126.9766671">
<ele>16.166</ele>
<time>2024-07-15T12:15:34Z</time>
<extensions>
<gpxtpx:TrackPointExtension>
<gpxtpx:hr>145</gpxtpx:hr>
</gpxtpx:TrackPointExtension>
</extensions>
</trkpt>
<trkpt lat="36.7759166" lon="126.9767034">
<ele>16.355</ele>
<time>2024-07-15T12:15:35Z</time>
<extensions>
<gpxtpx:TrackPointExtension>
<gpxtpx:hr>145</gpxtpx:hr>
</gpxtpx:TrackPointExtension>
</extensions>
</trkpt>
<trkpt lat="36.775906" lon="126.9767382">
<ele>16.301</ele>
<time>2024-07-15T12:15:36Z</time>
<extensions>
<gpxtpx:TrackPointExtension>
<gpxtpx:hr>146</gpxtpx:hr>
</gpxtpx:TrackPointExtension>
</extensions>
</trkpt>
<trkpt lat="36.7758974" lon="126.9767741">
<ele>16.255</ele>
<time>2024-07-15T12:15:37Z</time>
<extensions>
<gpxtpx:TrackPointExtension>
<gpxtpx:hr>147</gpxtpx:hr>
<gpxtpx:cad>159</gpxtpx:cad>
</gpxtpx:TrackPointExtension>
</extensions>
</trkpt>
<trkpt lat="36.7758915" lon="126.976809">
<ele>16.316</ele>
<time>2024-07-15T12:15:38Z</time>
<extensions>
<gpxtpx:TrackPointExtension>
<gpxtpx:hr>148</gpxtpx:hr>
</gpxtpx:TrackPointExtension>
</extensions>
</trkpt>
<trkpt lat="36.7758859" lon="126.9768429">
<ele>16.298</ele>
<time>2024-07-15T12:15:39Z</time>
<extensions>
<gpxtpx:TrackPointExtension>
<gpxtpx:hr>149</gpxtpx:hr>
</gpxtpx:TrackPointExtension>
</extensions>
</trkpt>
<trkpt lat="36.7758831" lon="126.9768769">
<ele>16.222</ele>
<time>2024-07-15T12:15:40Z</time>
<extensions>
<gpxtpx:TrackPointExtension>
<gpxtpx:hr>149</gpxtpx:hr>
</gpxtpx:TrackPointExtension>
</extensions>
</trkpt>
<trkpt lat="36.7758812" lon="126.9769119">
<ele>16.315</ele>
<time>2024-07-15T12:15:41Z</time>
<extensions>
<gpxtpx:TrackPointExtension>
<gpxtpx:hr>150</gpxtpx:hr>
</gpxtpx:TrackPointExtension>
</extensions>
</trkpt>
<trkpt lat="36.7758816" lon="126.976947">
<ele>16.227</ele>
<time>2024-07-15T12:15:42Z</time>
<extensions>
<gpxtpx:TrackPointExtension>
<gpxtpx:hr>150</gpxtpx:hr>
<gpxtpx:cad>161</gpxtpx:cad>
</gpxtpx:TrackPointExtension>
</extensions>
</trkpt>
<trkpt lat="36.7758814" lon="126.9769829">
<ele>16.148</ele>
<time>2024-07-15T12:15:43Z</time>
<extensions>
<gpxtpx:TrackPointExtension>
<gpxtpx:hr>150</gpxtpx:hr>
</gpxtpx:TrackPointExtension>
</extensions>
</trkpt>
<trkpt lat="36.775879" lon="126.9770198">
<ele>16.174</ele>
<time>2024-07-15T12:15:44Z</time>
<extensions>
<gpxtpx:TrackPointExtension>
<gpxtpx:hr>150</gpxtpx:hr>
</gpxtpx:TrackPointExtension>
</extensions>
</trkpt>
<trkpt lat="36.7758754" lon="126.9770555">
<ele>16.293</ele>
<time>2024-07-15T12:15:45Z</time>
<extensions>
<gpxtpx:TrackPointExtension>
<gpxtpx:hr>151</gpxtpx:hr>
</gpxtpx:TrackPointExtension>
</extensions>
</trkpt>
<trkpt lat="36.775869" lon="126.9770898">
<ele>16.389</ele>
<time>2024-07-15T12:15:46Z</time>
<extensions>
<gpxtpx:TrackPointExtension>
<gpxtpx:hr>152</gpxtpx:hr>
</gpxtpx:TrackPointExtension>
</extensions>
</trkpt>
<trkpt lat="36.7758626" lon="126.977124">
<ele>16.317</ele>
<time>2024-07-15T12:15:47Z</time>
<extensions>
<gpxtpx:TrackPointExtension>
<gpxtpx:hr>152</gpxtpx:hr>
</gpxtpx:TrackPointExtension>
</extensions>
</trkpt>
<trkpt lat="36.7758571" lon="126.9771586">
<ele>16.264</ele>
<time>2024-07-15T12:15:48Z</time>
<extensions>
<gpxtpx:TrackPointExtension>
<gpxtpx:hr>152</gpxtpx:hr>
</gpxtpx:TrackPointExtension>
</extensions>
</trkpt>
<trkpt lat="36.7758545" lon="126.977194">
<ele>16.164</ele>
<time>2024-07-15T12:15:49Z</time>
<extensions>
<gpxtpx:TrackPointExtension>
<gpxtpx:hr>152</gpxtpx:hr>
</gpxtpx:TrackPointExtension>
</extensions>
</trkpt>
<trkpt lat="36.7758546" lon="126.9772288">
<ele>16.27</ele>
<time>2024-07-15T12:15:50Z</time>
<extensions>
<gpxtpx:TrackPointExtension>
<gpxtpx:hr>153</gpxtpx:hr>
</gpxtpx:TrackPointExtension>
</extensions>
</trkpt>
<trkpt lat="36.7758591" lon="126.9772633">
<ele>16.229</ele>
<time>2024-07-15T12:15:51Z</time>
<extensions>
<gpxtpx:TrackPointExtension>
<gpxtpx:hr>153</gpxtpx:hr>
</gpxtpx:TrackPointExtension>
</extensions>
</trkpt>
<trkpt lat="36.7758641" lon="126.977297">
<ele>16.199</ele>
<time>2024-07-15T12:15:52Z</time>
<extensions>
<gpxtpx:TrackPointExtension>
<gpxtpx:hr>153</gpxtpx:hr>
<gpxtpx:cad>160</gpxtpx:cad>
</gpxtpx:TrackPointExtension>
</extensions>
</trkpt>
<trkpt lat="36.7758715" lon="126.9773309">
<ele>16.264</ele>
<time>2024-07-15T12:15:53Z</time>
<extensions>
<gpxtpx:TrackPointExtension>
<gpxtpx:hr>153</gpxtpx:hr>
</gpxtpx:TrackPointExtension>
</extensions>
</trkpt>
<trkpt lat="36.7758797" lon="126.9773612">
<ele>16.169</ele>
<time>2024-07-15T12:15:54Z</time>
<extensions>
<gpxtpx:TrackPointExtension>
<gpxtpx:hr>154</gpxtpx:hr>
</gpxtpx:TrackPointExtension>
</extensions>
</trkpt>
<trkpt lat="36.7758878" lon="126.9773903">
<ele>16.164</ele>
<time>2024-07-15T12:15:55Z</time>
<extensions>
<gpxtpx:TrackPointExtension>
<gpxtpx:hr>154</gpxtpx:hr>
</gpxtpx:TrackPointExtension>
</extensions>
</trkpt>
<trkpt lat="36.7758953" lon="126.9774186">
<ele>16.246</ele>
<time>2024-07-15T12:15:56Z</time>
<extensions>
<gpxtpx:TrackPointExtension>
<gpxtpx:hr>154</gpxtpx:hr>
</gpxtpx:TrackPointExtension>
</extensions>
</trkpt>
<trkpt lat="36.7759014" lon="126.9774482">
<ele>16.223</ele>
<time>2024-07-15T12:15:57Z</time>
<extensions>
<gpxtpx:TrackPointExtension>
<gpxtpx:hr>155</gpxtpx:hr>
</gpxtpx:TrackPointExtension>
</extensions>
</trkpt>
<trkpt lat="36.7759049" lon="126.9774815">
<ele>16.152</ele>
<time>2024-07-15T12:15:58Z</time>
<extensions>
<gpxtpx:TrackPointExtension>
<gpxtpx:hr>154</gpxtpx:hr>
</gpxtpx:TrackPointExtension>
</extensions>
</trkpt>
<trkpt lat="36.7759074" lon="126.9775152">
<ele>16.173</ele>
<time>2024-07-15T12:15:59Z</time>
<extensions>
<gpxtpx:TrackPointExtension>
<gpxtpx:hr>156</gpxtpx:hr>
</gpxtpx:TrackPointExtension>
</extensions>
</trkpt>
<trkpt lat="36.7759106" lon="126.9775479">
<ele>16.175</ele>
<time>2024-07-15T12:16:00Z</time>
<extensions>
<gpxtpx:TrackPointExtension>
<gpxtpx:hr>157</gpxtpx:hr>
</gpxtpx:TrackPointExtension>
</extensions>
</trkpt>
<trkpt lat="36.7759141" lon="126.9775779">
<ele>16.281</ele>
<time>2024-07-15T12:16:01Z</time>
<extensions>
<gpxtpx:TrackPointExtension>
<gpxtpx:hr>157</gpxtpx:hr>
</gpxtpx:TrackPointExtension>
</extensions>
</trkpt>
<trkpt lat="36.7759166" lon="126.9776091">
<ele>16.348</ele>
<time>2024-07-15T12:16:02Z</time>
<extensions>
<gpxtpx:TrackPointExtension>
<gpxtpx:hr>158</gpxtpx:hr>
<gpxtpx:cad>158</gpxtpx:cad>
</gpxtpx:TrackPointExtension>
</extensions>
</trkpt>
<trkpt lat="36.7759199" lon="126.9776387">
<ele>16.335</ele>
<time>2024-07-15T12:16:03Z</time>
<extensions>
<gpxtpx:TrackPointExtension>
<gpxtpx:hr>158</gpxtpx:hr>
</gpxtpx:TrackPointExtension>
</extensions>
</trkpt>
<trkpt lat="36.7759237" lon="126.9776695">
<ele>16.295</ele>
<time>2024-07-15T12:16:04Z</time>
<extensions>
<gpxtpx:TrackPointExtension>
<gpxtpx:hr>159</gpxtpx:hr>
</gpxtpx:TrackPointExtension>
</extensions>
</trkpt>
<trkpt lat="36.7759245" lon="126.9777029">
<ele>16.329</ele>
<time>2024-07-15T12:16:05Z</time>
<extensions>
<gpxtpx:TrackPointExtension>
<gpxtpx:hr>160</gpxtpx:hr>
</gpxtpx:TrackPointExtension>
</extensions>
</trkpt>
<trkpt lat="36.775924" lon="126.9777356">
<ele>16.3</ele>
<time>2024-07-15T12:16:06Z</time>
<extensions>
<gpxtpx:TrackPointExtension>
<gpxtpx:hr>160</gpxtpx:hr>
</gpxtpx:TrackPointExtension>
</extensions>
</trkpt>
<trkpt lat="36.7759212" lon="126.9777683">
<ele>16.258</ele>
<time>2024-07-15T12:16:07Z</time>
<extensions>
<gpxtpx:TrackPointExtension>
<gpxtpx:hr>161</gpxtpx:hr>
</gpxtpx:TrackPointExtension>
</extensions>
</trkpt>
<trkpt lat="36.7759164" lon="126.9778">
<ele>16.284</ele>
<time>2024-07-15T12:16:08Z</time>
<extensions>
<gpxtpx:TrackPointExtension>
<gpxtpx:hr>161</gpxtpx:hr>
</gpxtpx:TrackPointExtension>
</extensions>
</trkpt>
<trkpt lat="36.7759083" lon="126.9778316">
<ele>16.398</ele>
<time>2024-07-15T12:16:09Z</time>
<extensions>
<gpxtpx:TrackPointExtension>
<gpxtpx:hr>162</gpxtpx:hr>
</gpxtpx:TrackPointExtension>
</extensions>
</trkpt>
<trkpt lat="36.7759022" lon="126.9778623">
<ele>16.273</ele>
<time>2024-07-15T12:16:10Z</time>
<extensions>
<gpxtpx:TrackPointExtension>
<gpxtpx:hr>162</gpxtpx:hr>
</gpxtpx:TrackPointExtension>
</extensions>
</trkpt>
<trkpt lat="36.7759009" lon="126.9778933">
<ele>16.331</ele>
<time>2024-07-15T12:16:11Z</time>
<extensions>
<gpxtpx:TrackPointExtension>
<gpxtpx:hr>163</gpxtpx:hr>
<gpxtpx:cad>157</gpxtpx:cad>
</gpxtpx:TrackPointExtension>
</extensions>
</trkpt>
<trkpt lat="36.7759015" lon="126.9779263">
<ele>16.36</ele>
<time>2024-07-15T12:16:12Z</time>
<extensions>
<gpxtpx:TrackPointExtension>
<gpxtpx:hr>163</gpxtpx:hr>
<gpxtpx:cad>157</gpxtpx:cad>
</gpxtpx:TrackPointExtension>
</extensions>
</trkpt>
<trkpt lat="36.7759051" lon="126.9779599">
<ele>16.346</ele>
<time>2024-07-15T12:16:13Z</time>
<extensions>
<gpxtpx:TrackPointExtension>
<gpxtpx:hr>163</gpxtpx:hr>
</gpxtpx:TrackPointExtension>
</extensions>
</trkpt>
<trkpt lat="36.7759105" lon="126.9779917">
<ele>16.388</ele>
<time>2024-07-15T12:16:14Z</time>
<extensions>
<gpxtpx:TrackPointExtension>
<gpxtpx:hr>164</gpxtpx:hr>
</gpxtpx:TrackPointExtension>
</extensions>
</trkpt>
<trkpt lat="36.7759151" lon="126.9780227">
<ele>16.313</ele>
<time>2024-07-15T12:16:15Z</time>
<extensions>
<gpxtpx:TrackPointExtension>
<gpxtpx:hr>164</gpxtpx:hr>
</gpxtpx:TrackPointExtension>
</extensions>
</trkpt>
<trkpt lat="36.7759199" lon="126.9780536">
<ele>16.248</ele>
<time>2024-07-15T12:16:16Z</time>
<extensions>
<gpxtpx:TrackPointExtension>
<gpxtpx:hr>164</gpxtpx:hr>
</gpxtpx:TrackPointExtension>
</extensions>
</trkpt>
<trkpt lat="36.7759306" lon="126.9781165">
<ele>16.28</ele>
<time>2024-07-15T12:16:17Z</time>
<extensions>
<gpxtpx:TrackPointExtension>
<gpxtpx:hr>164</gpxtpx:hr>
</gpxtpx:TrackPointExtension>
</extensions>
</trkpt>
<trkpt lat="36.7759353" lon="126.9781468">
<ele>16.289</ele>
<time>2024-07-15T12:16:18Z</time>
<extensions>
<gpxtpx:TrackPointExtension>
<gpxtpx:hr>164</gpxtpx:hr>
</gpxtpx:TrackPointExtension>
</extensions>
</trkpt>
<trkpt lat="36.7759379" lon="126.9781771">
<ele>16.323</ele>
<time>2024-07-15T12:16:19Z</time>
<extensions>
<gpxtpx:TrackPointExtension>
<gpxtpx:hr>165</gpxtpx:hr>
</gpxtpx:TrackPointExtension>
</extensions>
</trkpt>
<trkpt lat="36.7759383" lon="126.9782086">
<ele>16.399</ele>
<time>2024-07-15T12:16:20Z</time>
<extensions>
<gpxtpx:TrackPointExtension>
<gpxtpx:hr>165</gpxtpx:hr>
</gpxtpx:TrackPointExtension>
</extensions>
</trkpt>
<trkpt lat="36.7759395" lon="126.9782392">
<ele>16.55</ele>
<time>2024-07-15T12:16:21Z</time>
<extensions>
<gpxtpx:TrackPointExtension>
<gpxtpx:hr>165</gpxtpx:hr>
</gpxtpx:TrackPointExtension>
</extensions>
</trkpt>
<trkpt lat="36.7759425" lon="126.9782698">
<ele>16.397</ele>
<time>2024-07-15T12:16:22Z</time>
<extensions>
<gpxtpx:TrackPointExtension>
<gpxtpx:hr>166</gpxtpx:hr>
<gpxtpx:cad>157</gpxtpx:cad>
</gpxtpx:TrackPointExtension>
</extensions>
</trkpt>
<trkpt lat="36.7759465" lon="126.9783018">
<ele>16.423</ele>
<time>2024-07-15T12:16:23Z</time>
<extensions>
<gpxtpx:TrackPointExtension>
<gpxtpx:hr>166</gpxtpx:hr>
</gpxtpx:TrackPointExtension>
</extensions>
</trkpt>
<trkpt lat="36.7759512" lon="126.9783354">
<ele>16.386</ele>
<time>2024-07-15T12:16:24Z</time>
<extensions>
<gpxtpx:TrackPointExtension>
<gpxtpx:hr>166</gpxtpx:hr>
</gpxtpx:TrackPointExtension>
</extensions>
</trkpt>
<trkpt lat="36.7759556" lon="126.9783698">
<ele>16.221</ele>
<time>2024-07-15T12:16:25Z</time>
<extensions>
<gpxtpx:TrackPointExtension>
<gpxtpx:hr>167</gpxtpx:hr>
</gpxtpx:TrackPointExtension>
</extensions>
</trkpt>
<trkpt lat="36.7759575" lon="126.9784056">
<ele>16.209</ele>
<time>2024-07-15T12:16:26Z</time>
<extensions>
<gpxtpx:TrackPointExtension>
<gpxtpx:hr>167</gpxtpx:hr>
</gpxtpx:TrackPointExtension>
</extensions>
</trkpt>
<trkpt lat="36.7759575" lon="126.9784425">
<ele>16.354</ele>
<time>2024-07-15T12:16:27Z</time>
<extensions>
<gpxtpx:TrackPointExtension>
<gpxtpx:hr>168</gpxtpx:hr>
</gpxtpx:TrackPointExtension>
</extensions>
</trkpt>
<trkpt lat="36.7759553" lon="126.9784797">
<ele>16.305</ele>
<time>2024-07-15T12:16:28Z</time>
<extensions>
<gpxtpx:TrackPointExtension>
<gpxtpx:hr>168</gpxtpx:hr>
</gpxtpx:TrackPointExtension>
</extensions>
</trkpt>
<trkpt lat="36.7759515" lon="126.978516">
<ele>16.27</ele>
<time>2024-07-15T12:16:29Z</time>
<extensions>
<gpxtpx:TrackPointExtension>
<gpxtpx:hr>168</gpxtpx:hr>
</gpxtpx:TrackPointExtension>
</extensions>
</trkpt>
<trkpt lat="36.775947" lon="126.9785537">
<ele>16.379</ele>
<time>2024-07-15T12:16:30Z</time>
<extensions>
<gpxtpx:TrackPointExtension>
<gpxtpx:hr>169</gpxtpx:hr>
</gpxtpx:TrackPointExtension>
</extensions>
</trkpt>
<trkpt lat="36.7759435" lon="126.97859">
<ele>16.411</ele>
<time>2024-07-15T12:16:31Z</time>
<extensions>
<gpxtpx:TrackPointExtension>
<gpxtpx:hr>169</gpxtpx:hr>
</gpxtpx:TrackPointExtension>
</extensions>
</trkpt>
<trkpt lat="36.7759407" lon="126.9786264">
<ele>16.411</ele>
<time>2024-07-15T12:16:32Z</time>
<extensions>
<gpxtpx:TrackPointExtension>
<gpxtpx:hr>170</gpxtpx:hr>
<gpxtpx:cad>158</gpxtpx:cad>
</gpxtpx:TrackPointExtension>
</extensions>
</trkpt>
<trkpt lat="36.7759367" lon="126.9786628">
<ele>16.421</ele>
<time>2024-07-15T12:16:33Z</time>
<extensions>
<gpxtpx:TrackPointExtension>
<gpxtpx:hr>170</gpxtpx:hr>
</gpxtpx:TrackPointExtension>
</extensions>
</trkpt>
<trkpt lat="36.7759322" lon="126.9786992">
<ele>16.47</ele>
<time>2024-07-15T12:16:34Z</time>
<extensions>
<gpxtpx:TrackPointExtension>
<gpxtpx:hr>170</gpxtpx:hr>
</gpxtpx:TrackPointExtension>
</extensions>
</trkpt>
<trkpt lat="36.7759264" lon="126.9787348">
<ele>16.322</ele>
<time>2024-07-15T12:16:35Z</time>
<extensions>
<gpxtpx:TrackPointExtension>
<gpxtpx:hr>171</gpxtpx:hr>
</gpxtpx:TrackPointExtension>
</extensions>
</trkpt>
<trkpt lat="36.7759217" lon="126.9787704">
<ele>16.54</ele>
<time>2024-07-15T12:16:36Z</time>
<extensions>
<gpxtpx:TrackPointExtension>
<gpxtpx:hr>171</gpxtpx:hr>
</gpxtpx:TrackPointExtension>
</extensions>
</trkpt>
<trkpt lat="36.7759155" lon="126.9788056">
<ele>16.55</ele>
<time>2024-07-15T12:16:37Z</time>
<extensions>
<gpxtpx:TrackPointExtension>
<gpxtpx:hr>171</gpxtpx:hr>
</gpxtpx:TrackPointExtension>
</extensions>
</trkpt>
<trkpt lat="36.7759055" lon="126.9788376">
<ele>16.471</ele>
<time>2024-07-15T12:16:38Z</time>
<extensions>
<gpxtpx:TrackPointExtension>
<gpxtpx:hr>172</gpxtpx:hr>
</gpxtpx:TrackPointExtension>
</extensions>
</trkpt>
<trkpt lat="36.7758917" lon="126.9788652">
<ele>16.54</ele>
<time>2024-07-15T12:16:39Z</time>
<extensions>
<gpxtpx:TrackPointExtension>
<gpxtpx:hr>172</gpxtpx:hr>
</gpxtpx:TrackPointExtension>
</extensions>
</trkpt>
<trkpt lat="36.7758773" lon="126.9788893">
<ele>16.573</ele>
<time>2024-07-15T12:16:40Z</time>
<extensions>
<gpxtpx:TrackPointExtension>
<gpxtpx:hr>172</gpxtpx:hr>
</gpxtpx:TrackPointExtension>
</extensions>
</trkpt>
<trkpt lat="36.7758628" lon="126.978909">
<ele>16.521</ele>
<time>2024-07-15T12:16:41Z</time>
<extensions>
<gpxtpx:TrackPointExtension>
<gpxtpx:hr>173</gpxtpx:hr>
</gpxtpx:TrackPointExtension>
</extensions>
</trkpt>
<trkpt lat="36.7758491" lon="126.978922">
<ele>16.626</ele>
<time>2024-07-15T12:16:42Z</time>
<extensions>
<gpxtpx:TrackPointExtension>
<gpxtpx:hr>173</gpxtpx:hr>
<gpxtpx:cad>155</gpxtpx:cad>
</gpxtpx:TrackPointExtension>
</extensions>
</trkpt>
<trkpt lat="36.7758333" lon="126.9789314">
<ele>16.64</ele>
<time>2024-07-15T12:16:43Z</time>
<extensions>
<gpxtpx:TrackPointExtension>
<gpxtpx:hr>174</gpxtpx:hr>
</gpxtpx:TrackPointExtension>
</extensions>
</trkpt>
<trkpt lat="36.7758175" lon="126.978943">
<ele>16.597</ele>
<time>2024-07-15T12:16:44Z</time>
<extensions>
<gpxtpx:TrackPointExtension>
<gpxtpx:hr>174</gpxtpx:hr>
<gpxtpx:cad>156</gpxtpx:cad>
</gpxtpx:TrackPointExtension>
</extensions>
</trkpt>
<trkpt lat="36.7758027" lon="126.9789559">
<ele>16.586</ele>
<time>2024-07-15T12:16:45Z</time>
<extensions>
<gpxtpx:TrackPointExtension>
<gpxtpx:hr>174</gpxtpx:hr>
</gpxtpx:TrackPointExtension>
</extensions>
</trkpt>
<trkpt lat="36.7757886" lon="126.978969">
<ele>16.553</ele>
<time>2024-07-15T12:16:46Z</time>
<extensions>
<gpxtpx:TrackPointExtension>
<gpxtpx:hr>174</gpxtpx:hr>
</gpxtpx:TrackPointExtension>
</extensions>
</trkpt>
<trkpt lat="36.7757745" lon="126.9789818">
<ele>16.495</ele>
<time>2024-07-15T12:16:47Z</time>
<extensions>
<gpxtpx:TrackPointExtension>
<gpxtpx:hr>174</gpxtpx:hr>
</gpxtpx:TrackPointExtension>
</extensions>
</trkpt>
<trkpt lat="36.7757597" lon="126.9789948">
<ele>16.469</ele>
<time>2024-07-15T12:16:48Z</time>
<extensions>
<gpxtpx:TrackPointExtension>
<gpxtpx:hr>174</gpxtpx:hr>
</gpxtpx:TrackPointExtension>
</extensions>
</trkpt>
<trkpt lat="36.7757467" lon="126.979007">
<ele>16.618</ele>
<time>2024-07-15T12:16:49Z</time>
<extensions>
<gpxtpx:TrackPointExtension>
<gpxtpx:hr>174</gpxtpx:hr>
</gpxtpx:TrackPointExtension>
</extensions>
</trkpt>
<trkpt lat="36.7757348" lon="126.9790199">
<ele>16.584</ele>
<time>2024-07-15T12:16:50Z</time>
<extensions>
<gpxtpx:TrackPointExtension>
<gpxtpx:hr>174</gpxtpx:hr>
</gpxtpx:TrackPointExtension>
</extensions>
</trkpt>
<trkpt lat="36.7757264" lon="126.9790366">
<ele>16.54</ele>
<time>2024-07-15T12:16:51Z</time>
<extensions>
<gpxtpx:TrackPointExtension>
<gpxtpx:hr>174</gpxtpx:hr>
</gpxtpx:TrackPointExtension>
</extensions>
</trkpt>
<trkpt lat="36.77572" lon="126.9790611">
<ele>16.713</ele>
<time>2024-07-15T12:16:52Z</time>
<extensions>
<gpxtpx:TrackPointExtension>
<gpxtpx:hr>174</gpxtpx:hr>
<gpxtpx:cad>156</gpxtpx:cad>
</gpxtpx:TrackPointExtension>
</extensions>
</trkpt>
<trkpt lat="36.7757155" lon="126.9790876">
<ele>16.777</ele>
<time>2024-07-15T12:16:53Z</time>
<extensions>
<gpxtpx:TrackPointExtension>
<gpxtpx:hr>175</gpxtpx:hr>
</gpxtpx:TrackPointExtension>
</extensions>
</trkpt>
<trkpt lat="36.7757102" lon="126.9791071">
<ele>16.727</ele>
<time>2024-07-15T12:16:54Z</time>
<extensions>
<gpxtpx:TrackPointExtension>
<gpxtpx:hr>175</gpxtpx:hr>
</gpxtpx:TrackPointExtension>
</extensions>
</trkpt>
<trkpt lat="36.775708" lon="126.9791312">
<ele>16.794</ele>
<time>2024-07-15T12:16:55Z</time>
<extensions>
<gpxtpx:TrackPointExtension>
<gpxtpx:hr>175</gpxtpx:hr>
</gpxtpx:TrackPointExtension>
</extensions>
</trkpt>
<trkpt lat="36.7757078" lon="126.9791587">
<ele>16.919</ele>
<time>2024-07-15T12:16:56Z</time>
<extensions>
<gpxtpx:TrackPointExtension>
<gpxtpx:hr>175</gpxtpx:hr>
</gpxtpx:TrackPointExtension>
</extensions>
</trkpt>
<trkpt lat="36.77571" lon="126.9791929">
<ele>16.85</ele>
<time>2024-07-15T12:16:57Z</time>
<extensions>
<gpxtpx:TrackPointExtension>
<gpxtpx:hr>175</gpxtpx:hr>
</gpxtpx:TrackPointExtension>
</extensions>
</trkpt>
<trkpt lat="36.7757108" lon="126.9792288">
<ele>16.903</ele>
<time>2024-07-15T12:16:58Z</time>
<extensions>
<gpxtpx:TrackPointExtension>
<gpxtpx:hr>175</gpxtpx:hr>
</gpxtpx:TrackPointExtension>
</extensions>
</trkpt>
<trkpt lat="36.7757121" lon="126.9792637">
<ele>16.813</ele>
<time>2024-07-15T12:16:59Z</time>
<extensions>
<gpxtpx:TrackPointExtension>
<gpxtpx:hr>175</gpxtpx:hr>
</gpxtpx:TrackPointExtension>
</extensions>
</trkpt>
<trkpt lat="36.7757138" lon="126.9792969">
<ele>16.829</ele>
<time>2024-07-15T12:17:00Z</time>
<extensions>
<gpxtpx:TrackPointExtension>
<gpxtpx:hr>175</gpxtpx:hr>
</gpxtpx:TrackPointExtension>
</extensions>
</trkpt>
<trkpt lat="36.7757145" lon="126.9793305">
<ele>16.808</ele>
<time>2024-07-15T12:17:01Z</time>
</trkpt>
<trkpt lat="36.7757126" lon="126.9793657">
<ele>16.894</ele>
<time>2024-07-15T12:17:02Z</time>
<extensions>
<gpxtpx:TrackPointExtension>
<gpxtpx:cad>156</gpxtpx:cad>
</gpxtpx:TrackPointExtension>
</extensions>
</trkpt>
<trkpt lat="36.775709" lon="126.9794008">
<ele>16.834</ele>
<time>2024-07-15T12:17:03Z</time>
<extensions>
<gpxtpx:TrackPointExtension>
<gpxtpx:hr>175</gpxtpx:hr>
</gpxtpx:TrackPointExtension>
</extensions>
</trkpt>
<trkpt lat="36.7757047" lon="126.9794369">
<ele>16.805</ele>
<time>2024-07-15T12:17:04Z</time>
<extensions>
<gpxtpx:TrackPointExtension>
<gpxtpx:hr>176</gpxtpx:hr>
</gpxtpx:TrackPointExtension>
</extensions>
</trkpt>
<trkpt lat="36.7757012" lon="126.9794731">
<ele>16.799</ele>
<time>2024-07-15T12:17:05Z</time>
<extensions>
<gpxtpx:TrackPointExtension>
<gpxtpx:hr>176</gpxtpx:hr>
</gpxtpx:TrackPointExtension>
</extensions>
</trkpt>
<trkpt lat="36.7756965" lon="126.9795066">
<ele>16.795</ele>
<time>2024-07-15T12:17:06Z</time>
<extensions>
<gpxtpx:TrackPointExtension>
<gpxtpx:hr>176</gpxtpx:hr>
</gpxtpx:TrackPointExtension>
</extensions>
</trkpt>
<trkpt lat="36.7756922" lon="126.9795373">
<ele>16.606</ele>
<time>2024-07-15T12:17:07Z</time>
<extensions>
<gpxtpx:TrackPointExtension>
<gpxtpx:hr>176</gpxtpx:hr>
</gpxtpx:TrackPointExtension>
</extensions>
</trkpt>
<trkpt lat="36.775688" lon="126.9795658">
<ele>16.504</ele>
<time>2024-07-15T12:17:08Z</time>
<extensions>
<gpxtpx:TrackPointExtension>
<gpxtpx:hr>175</gpxtpx:hr>
</gpxtpx:TrackPointExtension>
</extensions>
</trkpt>
<trkpt lat="36.7756833" lon="126.9795923">
<ele>16.513</ele>
<time>2024-07-15T12:17:09Z</time>
<extensions>
<gpxtpx:TrackPointExtension>
<gpxtpx:hr>175</gpxtpx:hr>
</gpxtpx:TrackPointExtension>
</extensions>
</trkpt>
<trkpt lat="36.7756768" lon="126.9796195">
<ele>16.424</ele>
<time>2024-07-15T12:17:10Z</time>
<extensions>
<gpxtpx:TrackPointExtension>
<gpxtpx:hr>175</gpxtpx:hr>
</gpxtpx:TrackPointExtension>
</extensions>
</trkpt>
<trkpt lat="36.77567" lon="126.9796457">
<ele>16.281</ele>
<time>2024-07-15T12:17:11Z</time>
<extensions>
<gpxtpx:TrackPointExtension>
<gpxtpx:hr>176</gpxtpx:hr>
</gpxtpx:TrackPointExtension>
</extensions>
</trkpt>
<trkpt lat="36.775661" lon="126.9796722">
<ele>16.346</ele>
<time>2024-07-15T12:17:12Z</time>
<extensions>
<gpxtpx:TrackPointExtension>
<gpxtpx:hr>176</gpxtpx:hr>
<gpxtpx:cad>155</gpxtpx:cad>
</gpxtpx:TrackPointExtension>
</extensions>
</trkpt>
<trkpt lat="36.7756538" lon="126.9796975">
<ele>16.195</ele>
<time>2024-07-15T12:17:13Z</time>
<extensions>
<gpxtpx:TrackPointExtension>
<gpxtpx:hr>176</gpxtpx:hr>
</gpxtpx:TrackPointExtension>
</extensions>
</trkpt>
<trkpt lat="36.7756465" lon="126.979722">
<ele>16.027</ele>
<time>2024-07-15T12:17:14Z</time>
<extensions>
<gpxtpx:TrackPointExtension>
<gpxtpx:hr>176</gpxtpx:hr>
</gpxtpx:TrackPointExtension>
</extensions>
</trkpt>
<trkpt lat="36.7756367" lon="126.9797474">
<ele>15.962</ele>
<time>2024-07-15T12:17:15Z</time>
</trkpt>
<trkpt lat="36.7756221" lon="126.9797781">
<ele>15.779</ele>
<time>2024-07-15T12:17:16Z</time>
</trkpt>
<trkpt lat="36.7756046" lon="126.9798135">
<ele>15.639</ele>
<time>2024-07-15T12:17:17Z</time>
</trkpt>
<trkpt lat="36.7755881" lon="126.9798513">
<ele>15.428</ele>
<time>2024-07-15T12:17:18Z</time>
</trkpt>
<trkpt lat="36.7755738" lon="126.9798876">
<ele>15.396</ele>
<time>2024-07-15T12:17:19Z</time>
</trkpt>
<trkpt lat="36.7755627" lon="126.9799244">
<ele>15.175</ele>
<time>2024-07-15T12:17:20Z</time>
</trkpt>
<trkpt lat="36.7755551" lon="126.9799608">
<ele>14.858</ele>
<time>2024-07-15T12:17:21Z</time>
<extensions>
<gpxtpx:TrackPointExtension>
<gpxtpx:cad>155</gpxtpx:cad>
</gpxtpx:TrackPointExtension>
</extensions>
</trkpt>
<trkpt lat="36.7755501" lon="126.9799958">
<ele>14.734</ele>
<time>2024-07-15T12:17:22Z</time>
<extensions>
<gpxtpx:TrackPointExtension>
<gpxtpx:cad>155</gpxtpx:cad>
</gpxtpx:TrackPointExtension>
</extensions>
</trkpt>
<trkpt lat="36.7755451" lon="126.9800277">
<ele>14.534</ele>
<time>2024-07-15T12:17:23Z</time>
</trkpt>
<trkpt lat="36.7755398" lon="126.9800598">
<ele>14.518</ele>
<time>2024-07-15T12:17:24Z</time>
</trkpt>
<trkpt lat="36.7755361" lon="126.980091">
<ele>14.465</ele>
<time>2024-07-15T12:17:25Z</time>
</trkpt>
<trkpt lat="36.7755324" lon="126.980125">
<ele>14.52</ele>
<time>2024-07-15T12:17:26Z</time>
</trkpt>
<trkpt lat="36.7755278" lon="126.9801582">
<ele>14.339</ele>
<time>2024-07-15T12:17:27Z</time>
</trkpt>
<trkpt lat="36.7755204" lon="126.9801885">
<ele>14.3</ele>
<time>2024-07-15T12:17:28Z</time>
</trkpt>
<trkpt lat="36.7755123" lon="126.9802174">
<ele>14.375</ele>
<time>2024-07-15T12:17:29Z</time>
</trkpt>
<trkpt lat="36.7755016" lon="126.9802473">
<ele>14.363</ele>
<time>2024-07-15T12:17:30Z</time>
</trkpt>
<trkpt lat="36.7754891" lon="126.9802768">
<ele>14.331</ele>
<time>2024-07-15T12:17:31Z</time>
</trkpt>
<trkpt lat="36.775475" lon="126.9802999">
<ele>14.366</ele>
<time>2024-07-15T12:17:33Z</time>
<extensions>
<gpxtpx:TrackPointExtension>
<gpxtpx:cad>154</gpxtpx:cad>
</gpxtpx:TrackPointExtension>
</extensions>
</trkpt>
<trkpt lat="36.7754611" lon="126.9803157">
<ele>14.382</ele>
<time>2024-07-15T12:17:34Z</time>
</trkpt>
<trkpt lat="36.7754472" lon="126.9803232">
<ele>14.336</ele>
<time>2024-07-15T12:17:35Z</time>
</trkpt>
<trkpt lat="36.775431" lon="126.9803247">
<ele>14.433</ele>
<time>2024-07-15T12:17:36Z</time>
</trkpt>
<trkpt lat="36.775414" lon="126.9803216">
<ele>14.476</ele>
<time>2024-07-15T12:17:37Z</time>
</trkpt>
<trkpt lat="36.7753967" lon="126.9803157">
<ele>14.404</ele>
<time>2024-07-15T12:17:38Z</time>
</trkpt>
<trkpt lat="36.7753795" lon="126.9803085">
<ele>14.397</ele>
<time>2024-07-15T12:17:39Z</time>
</trkpt>
<trkpt lat="36.7753605" lon="126.9803012">
<ele>14.499</ele>
<time>2024-07-15T12:17:40Z</time>
</trkpt>
<trkpt lat="36.7753404" lon="126.9802939">
<ele>14.55</ele>
<time>2024-07-15T12:17:41Z</time>
</trkpt>
<trkpt lat="36.7753191" lon="126.9802869">
<ele>14.432</ele>
<time>2024-07-15T12:17:42Z</time>
</trkpt>
<trkpt lat="36.7752961" lon="126.9802825">
<ele>14.518</ele>
<time>2024-07-15T12:17:43Z</time>
<extensions>
<gpxtpx:TrackPointExtension>
<gpxtpx:cad>154</gpxtpx:cad>
</gpxtpx:TrackPointExtension>
</extensions>
</trkpt>
<trkpt lat="36.7752713" lon="126.9802811">
<ele>14.415</ele>
<time>2024-07-15T12:17:44Z</time>
</trkpt>
<trkpt lat="36.7752476" lon="126.9802769">
<ele>14.341</ele>
<time>2024-07-15T12:17:45Z</time>
</trkpt>
<trkpt lat="36.7752248" lon="126.9802705">
<ele>14.491</ele>
<time>2024-07-15T12:17:46Z</time>
</trkpt>
<trkpt lat="36.7752025" lon="126.9802642">
<ele>14.365</ele>
<time>2024-07-15T12:17:47Z</time>
</trkpt>
<trkpt lat="36.7751791" lon="126.9802592">
<ele>14.343</ele>
<time>2024-07-15T12:17:48Z</time>
</trkpt>
<trkpt lat="36.7751555" lon="126.9802545">
<ele>14.648</ele>
<time>2024-07-15T12:17:49Z</time>
</trkpt>
<trkpt lat="36.7751327" lon="126.9802475">
<ele>14.966</ele>
<time>2024-07-15T12:17:50Z</time>
</trkpt>
<trkpt lat="36.7751088" lon="126.9802352">
<ele>15.001</ele>
<time>2024-07-15T12:17:51Z</time>
</trkpt>
<trkpt lat="36.7750856" lon="126.9802216">
<ele>15.098</ele>
<time>2024-07-15T12:17:52Z</time>
<extensions>
<gpxtpx:TrackPointExtension>
<gpxtpx:cad>155</gpxtpx:cad>
</gpxtpx:TrackPointExtension>
</extensions>
</trkpt>
<trkpt lat="36.7750601" lon="126.980216">
<ele>15.359</ele>
<time>2024-07-15T12:17:53Z</time>
</trkpt>
<trkpt lat="36.7750328" lon="126.9802206">
<ele>15.555</ele>
<time>2024-07-15T12:17:54Z</time>
</trkpt>
<trkpt lat="36.7750027" lon="126.9802349">
<ele>15.654</ele>
<time>2024-07-15T12:17:55Z</time>
</trkpt>
<trkpt lat="36.7749733" lon="126.9802527">
<ele>15.717</ele>
<time>2024-07-15T12:17:56Z</time>
</trkpt>
<trkpt lat="36.7749465" lon="126.9802713">
<ele>15.892</ele>
<time>2024-07-15T12:17:57Z</time>
</trkpt>
<trkpt lat="36.7749221" lon="126.9802906">
<ele>16.035</ele>
<time>2024-07-15T12:17:58Z</time>
</trkpt>
<trkpt lat="36.7749008" lon="126.9803102">
<ele>15.952</ele>
<time>2024-07-15T12:17:59Z</time>
</trkpt>
<trkpt lat="36.7748799" lon="126.9803284">
<ele>16.014</ele>
<time>2024-07-15T12:18:00Z</time>
<extensions>
<gpxtpx:TrackPointExtension>
<gpxtpx:cad>150</gpxtpx:cad>
</gpxtpx:TrackPointExtension>
</extensions>
</trkpt>
<trkpt lat="36.7748595" lon="126.9803444">
<ele>16.093</ele>
<time>2024-07-15T12:18:01Z</time>
</trkpt>
<trkpt lat="36.7748391" lon="126.9803571">
<ele>15.97</ele>
<time>2024-07-15T12:18:02Z</time>
<extensions>
<gpxtpx:TrackPointExtension>
<gpxtpx:cad>150</gpxtpx:cad>
</gpxtpx:TrackPointExtension>
</extensions>
</trkpt>
<trkpt lat="36.7748196" lon="126.9803682">
<ele>15.907</ele>
<time>2024-07-15T12:18:03Z</time>
</trkpt>
<trkpt lat="36.7748" lon="126.9803797">
<ele>16.135</ele>
<time>2024-07-15T12:18:04Z</time>
</trkpt>
<trkpt lat="36.7747802" lon="126.9803912">
<ele>16.021</ele>
<time>2024-07-15T12:18:05Z</time>
</trkpt>
<trkpt lat="36.7747608" lon="126.9804002">
<ele>15.804</ele>
<time>2024-07-15T12:18:06Z</time>
</trkpt>
<trkpt lat="36.7747413" lon="126.9804095">
<ele>15.719</ele>
<time>2024-07-15T12:18:07Z</time>
</trkpt>
<trkpt lat="36.7747213" lon="126.980418">
<ele>15.478</ele>
<time>2024-07-15T12:18:08Z</time>
</trkpt>
<trkpt lat="36.7747016" lon="126.9804239">
<ele>15.15</ele>
<time>2024-07-15T12:18:09Z</time>
</trkpt>
<trkpt lat="36.7746829" lon="126.9804295">
<ele>15.0</ele>
<time>2024-07-15T12:18:10Z</time>
</trkpt>
<trkpt lat="36.7746649" lon="126.9804348">
<ele>14.865</ele>
<time>2024-07-15T12:18:11Z</time>
</trkpt>
<trkpt lat="36.7746471" lon="126.9804415">
<ele>14.672</ele>
<time>2024-07-15T12:18:12Z</time>
<extensions>
<gpxtpx:TrackPointExtension>
<gpxtpx:cad>155</gpxtpx:cad>
</gpxtpx:TrackPointExtension>
</extensions>
</trkpt>
<trkpt lat="36.7746292" lon="126.9804481">
<ele>14.796</ele>
<time>2024-07-15T12:18:13Z</time>
</trkpt>
<trkpt lat="36.7746104" lon="126.9804537">
<ele>14.718</ele>
<time>2024-07-15T12:18:14Z</time>
</trkpt>
<trkpt lat="36.77459" lon="126.9804591">
<ele>14.623</ele>
<time>2024-07-15T12:18:15Z</time>
</trkpt>
<trkpt lat="36.7745686" lon="126.980469">
<ele>14.546</ele>
<time>2024-07-15T12:18:16Z</time>
</trkpt>
<trkpt lat="36.774547" lon="126.9804846">
<ele>14.722</ele>
<time>2024-07-15T12:18:17Z</time>
</trkpt>
<trkpt lat="36.7745254" lon="126.980502">
<ele>14.714</ele>
<time>2024-07-15T12:18:18Z</time>
</trkpt>
<trkpt lat="36.7745043" lon="126.9805188">
<ele>14.62</ele>
<time>2024-07-15T12:18:19Z</time>
</trkpt>
<trkpt lat="36.7744834" lon="126.9805359">
<ele>14.828</ele>
<time>2024-07-15T12:18:20Z</time>
</trkpt>
<trkpt lat="36.7744608" lon="126.9805547">
<ele>14.766</ele>
<time>2024-07-15T12:18:21Z</time>
</trkpt>
<trkpt lat="36.7744382" lon="126.9805747">
<ele>14.631</ele>
<time>2024-07-15T12:18:22Z</time>
<extensions>
<gpxtpx:TrackPointExtension>
<gpxtpx:cad>156</gpxtpx:cad>
</gpxtpx:TrackPointExtension>
</extensions>
</trkpt>
<trkpt lat="36.7744165" lon="126.9805943">
<ele>14.804</ele>
<time>2024-07-15T12:18:23Z</time>
</trkpt>
<trkpt lat="36.7743959" lon="126.9806149">
<ele>14.723</ele>
<time>2024-07-15T12:18:24Z</time>
</trkpt>
<trkpt lat="36.774376" lon="126.9806349">
<ele>14.602</ele>
<time>2024-07-15T12:18:25Z</time>
</trkpt>
<trkpt lat="36.7743405" lon="126.9806776">
<ele>14.765</ele>
<time>2024-07-15T12:18:26Z</time>
</trkpt>
<trkpt lat="36.7743234" lon="126.9807021">
<ele>14.933</ele>
<time>2024-07-15T12:18:27Z</time>
</trkpt>
<trkpt lat="36.7743065" lon="126.9807283">
<ele>14.853</ele>
<time>2024-07-15T12:18:29Z</time>
</trkpt>
<trkpt lat="36.7742709" lon="126.9807826">
<ele>15.033</ele>
<time>2024-07-15T12:18:30Z</time>
</trkpt>
<trkpt lat="36.7742342" lon="126.9808412">
<ele>14.896</ele>
<time>2024-07-15T12:18:32Z</time>
<extensions>
<gpxtpx:TrackPointExtension>
<gpxtpx:cad>155</gpxtpx:cad>
</gpxtpx:TrackPointExtension>
</extensions>
</trkpt>
<trkpt lat="36.7742182" lon="126.9808718">
<ele>15.029</ele>
<time>2024-07-15T12:18:33Z</time>
</trkpt>
<trkpt lat="36.7742026" lon="126.9809047">
<ele>15.025</ele>
<time>2024-07-15T12:18:34Z</time>
</trkpt>
<trkpt lat="36.7741872" lon="126.980939">
<ele>14.753</ele>
<time>2024-07-15T12:18:35Z</time>
<extensions>
<gpxtpx:TrackPointExtension>
<gpxtpx:cad>156</gpxtpx:cad>
</gpxtpx:TrackPointExtension>
</extensions>
</trkpt>
<trkpt lat="36.7741718" lon="126.9809723">
<ele>14.975</ele>
<time>2024-07-15T12:18:36Z</time>
</trkpt>
<trkpt lat="36.7741573" lon="126.981002">
<ele>15.027</ele>
<time>2024-07-15T12:18:37Z</time>
</trkpt>
<trkpt lat="36.7741433" lon="126.9810288">
<ele>14.933</ele>
<time>2024-07-15T12:18:38Z</time>
</trkpt>
<trkpt lat="36.7741292" lon="126.9810538">
<ele>14.992</ele>
<time>2024-07-15T12:18:39Z</time>
</trkpt>
<trkpt lat="36.7741156" lon="126.9810777">
<ele>14.964</ele>
<time>2024-07-15T12:18:40Z</time>
</trkpt>
<trkpt lat="36.7741004" lon="126.9810979">
<ele>14.846</ele>
<time>2024-07-15T12:18:41Z</time>
</trkpt>
<trkpt lat="36.7740843" lon="126.9811162">
<ele>14.949</ele>
<time>2024-07-15T12:18:42Z</time>
<extensions>
<gpxtpx:TrackPointExtension>
<gpxtpx:cad>157</gpxtpx:cad>
</gpxtpx:TrackPointExtension>
</extensions>
</trkpt>
<trkpt lat="36.774067" lon="126.9811321">
<ele>15.033</ele>
<time>2024-07-15T12:18:43Z</time>
</trkpt>
<trkpt lat="36.7740524" lon="126.9811502">
<ele>14.943</ele>
<time>2024-07-15T12:18:44Z</time>
</trkpt>
<trkpt lat="36.77404" lon="126.9811696">
<ele>15.105</ele>
<time>2024-07-15T12:18:45Z</time>
</trkpt>
<trkpt lat="36.7740305" lon="126.9811902">
<ele>15.096</ele>
<time>2024-07-15T12:18:46Z</time>
</trkpt>
<trkpt lat="36.7740212" lon="126.981212">
<ele>14.995</ele>
<time>2024-07-15T12:18:47Z</time>
</trkpt>
<trkpt lat="36.7740124" lon="126.9812354">
<ele>15.025</ele>
<time>2024-07-15T12:18:48Z</time>
</trkpt>
<trkpt lat="36.7740033" lon="126.9812617">
<ele>15.235</ele>
<time>2024-07-15T12:18:49Z</time>
</trkpt>
<trkpt lat="36.7739921" lon="126.9812911">
<ele>15.181</ele>
<time>2024-07-15T12:18:50Z</time>
</trkpt>
<trkpt lat="36.7739794" lon="126.9813231">
<ele>15.275</ele>
<time>2024-07-15T12:18:51Z</time>
</trkpt>
<trkpt lat="36.7739663" lon="126.9813556">
<ele>15.247</ele>
<time>2024-07-15T12:18:52Z</time>
<extensions>
<gpxtpx:TrackPointExtension>
<gpxtpx:cad>156</gpxtpx:cad>
</gpxtpx:TrackPointExtension>
</extensions>
</trkpt>
<trkpt lat="36.7739522" lon="126.9813896">
<ele>15.151</ele>
<time>2024-07-15T12:18:53Z</time>
</trkpt>
<trkpt lat="36.7739372" lon="126.9814209">
<ele>14.98</ele>
<time>2024-07-15T12:18:54Z</time>
</trkpt>
<trkpt lat="36.7739229" lon="126.9814493">
<ele>15.002</ele>
<time>2024-07-15T12:18:55Z</time>
</trkpt>
<trkpt lat="36.773908" lon="126.9814768">
<ele>14.866</ele>
<time>2024-07-15T12:18:56Z</time>
</trkpt>
<trkpt lat="36.7738934" lon="126.9815017">
<ele>14.588</ele>
<time>2024-07-15T12:18:57Z</time>
</trkpt>
<trkpt lat="36.773878" lon="126.9815236">
<ele>14.441</ele>
<time>2024-07-15T12:18:58Z</time>
</trkpt>
<trkpt lat="36.7738599" lon="126.9815446">
<ele>14.38</ele>
<time>2024-07-15T12:18:59Z</time>
</trkpt>
<trkpt lat="36.7738415" lon="126.9815645">
<ele>14.261</ele>
<time>2024-07-15T12:19:00Z</time>
</trkpt>
<trkpt lat="36.7738234" lon="126.9815799">
<ele>14.173</ele>
<time>2024-07-15T12:19:01Z</time>
</trkpt>
<trkpt lat="36.7738051" lon="126.9815892">
<ele>14.305</ele>
<time>2024-07-15T12:19:02Z</time>
<extensions>
<gpxtpx:TrackPointExtension>
<gpxtpx:cad>157</gpxtpx:cad>
</gpxtpx:TrackPointExtension>
</extensions>
</trkpt>
<trkpt lat="36.773785" lon="126.981597">
<ele>14.484</ele>
<time>2024-07-15T12:19:03Z</time>
</trkpt>
<trkpt lat="36.7737663" lon="126.9816034">
<ele>14.608</ele>
<time>2024-07-15T12:19:04Z</time>
</trkpt>
<trkpt lat="36.7737473" lon="126.9816123">
<ele>14.853</ele>
<time>2024-07-15T12:19:05Z</time>
</trkpt>
<trkpt lat="36.7737286" lon="126.9816245">
<ele>15.126</ele>
<time>2024-07-15T12:19:06Z</time>
</trkpt>
<trkpt lat="36.7737109" lon="126.9816379">
<ele>15.282</ele>
<time>2024-07-15T12:19:07Z</time>
</trkpt>
<trkpt lat="36.7736949" lon="126.9816566">
<ele>15.216</ele>
<time>2024-07-15T12:19:08Z</time>
</trkpt>
<trkpt lat="36.7736792" lon="126.9816685">
<ele>15.387</ele>
<time>2024-07-15T12:19:09Z</time>
</trkpt>
<trkpt lat="36.7736634" lon="126.9816703">
<ele>15.59</ele>
<time>2024-07-15T12:19:10Z</time>
</trkpt>
<trkpt lat="36.7736472" lon="126.9816649">
<ele>15.423</ele>
<time>2024-07-15T12:19:11Z</time>
</trkpt>
<trkpt lat="36.773631" lon="126.9816564">
<ele>15.327</ele>
<time>2024-07-15T12:19:12Z</time>
<extensions>
<gpxtpx:TrackPointExtension>
<gpxtpx:cad>150</gpxtpx:cad>
</gpxtpx:TrackPointExtension>
</extensions>
</trkpt>
<trkpt lat="36.7736125" lon="126.9816474">
<ele>15.339</ele>
<time>2024-07-15T12:19:13Z</time>
</trkpt>
<trkpt lat="36.7735905" lon="126.9816399">
<ele>15.18</ele>
<time>2024-07-15T12:19:14Z</time>
</trkpt>
<trkpt lat="36.7735656" lon="126.9816342">
<ele>15.097</ele>
<time>2024-07-15T12:19:15Z</time>
<extensions>
<gpxtpx:TrackPointExtension>
<gpxtpx:cad>151</gpxtpx:cad>
</gpxtpx:TrackPointExtension>
</extensions>
</trkpt>
<trkpt lat="36.7735385" lon="126.9816315">
<ele>15.216</ele>
<time>2024-07-15T12:19:16Z</time>
</trkpt>
<trkpt lat="36.7735109" lon="126.9816274">
<ele>15.205</ele>
<time>2024-07-15T12:19:17Z</time>
</trkpt>
<trkpt lat="36.7734835" lon="126.9816206">
<ele>15.096</ele>
<time>2024-07-15T12:19:18Z</time>
</trkpt>
<trkpt lat="36.7734569" lon="126.9816118">
<ele>15.12</ele>
<time>2024-07-15T12:19:19Z</time>
</trkpt>
<trkpt lat="36.7734291" lon="126.9816058">
<ele>15.037</ele>
<time>2024-07-15T12:19:20Z</time>
</trkpt>
<trkpt lat="36.773404" lon="126.9816025">
<ele>15.025</ele>
<time>2024-07-15T12:19:21Z</time>
</trkpt>
<trkpt lat="36.77338" lon="126.9816011">
<ele>15.148</ele>
<time>2024-07-15T12:19:22Z</time>
<extensions>
<gpxtpx:TrackPointExtension>
<gpxtpx:cad>155</gpxtpx:cad>
</gpxtpx:TrackPointExtension>
</extensions>
</trkpt>
<trkpt lat="36.7733565" lon="126.9816014">
<ele>15.277</ele>
<time>2024-07-15T12:19:23Z</time>
</trkpt>
<trkpt lat="36.773335" lon="126.9816042">
<ele>15.361</ele>
<time>2024-07-15T12:19:24Z</time>
</trkpt>
<trkpt lat="36.7733154" lon="126.9816103">
<ele>15.239</ele>
<time>2024-07-15T12:19:25Z</time>
</trkpt>
<trkpt lat="36.7732963" lon="126.981618">
<ele>15.346</ele>
<time>2024-07-15T12:19:26Z</time>
</trkpt>
<trkpt lat="36.7732767" lon="126.981626">
<ele>15.727</ele>
<time>2024-07-15T12:19:27Z</time>
</trkpt>
<trkpt lat="36.7732576" lon="126.9816351">
<ele>15.741</ele>
<time>2024-07-15T12:19:28Z</time>
</trkpt>
<trkpt lat="36.7732399" lon="126.9816478">
<ele>15.828</ele>
<time>2024-07-15T12:19:29Z</time>
</trkpt>
<trkpt lat="36.7732246" lon="126.9816668">
<ele>16.029</ele>
<time>2024-07-15T12:19:30Z</time>
</trkpt>
<trkpt lat="36.7732116" lon="126.9816902">
<ele>16.073</ele>
<time>2024-07-15T12:19:31Z</time>
</trkpt>
<trkpt lat="36.7731997" lon="126.9817166">
<ele>15.901</ele>
<time>2024-07-15T12:19:32Z</time>
<extensions>
<gpxtpx:TrackPointExtension>
<gpxtpx:cad>152</gpxtpx:cad>
</gpxtpx:TrackPointExtension>
</extensions>
</trkpt>
<trkpt lat="36.7731921" lon="126.9817392">
<ele>15.846</ele>
<time>2024-07-15T12:19:33Z</time>
</trkpt>
<trkpt lat="36.7731838" lon="126.981755">
<ele>15.882</ele>
<time>2024-07-15T12:19:34Z</time>
</trkpt>
<trkpt lat="36.773173" lon="126.9817627">
<ele>15.795</ele>
<time>2024-07-15T12:19:35Z</time>
</trkpt>
<trkpt lat="36.7731579" lon="126.9817688">
<ele>15.785</ele>
<time>2024-07-15T12:19:36Z</time>
</trkpt>
<trkpt lat="36.7731398" lon="126.9817725">
<ele>15.726</ele>
<time>2024-07-15T12:19:37Z</time>
</trkpt>
<trkpt lat="36.7731168" lon="126.9817731">
<ele>15.679</ele>
<time>2024-07-15T12:19:38Z</time>
</trkpt>
<trkpt lat="36.7730914" lon="126.9817698">
<ele>15.674</ele>
<time>2024-07-15T12:19:39Z</time>
</trkpt>
<trkpt lat="36.7730652" lon="126.9817658">
<ele>15.658</ele>
<time>2024-07-15T12:19:40Z</time>
</trkpt>
<trkpt lat="36.7730375" lon="126.9817569">
<ele>15.52</ele>
<time>2024-07-15T12:19:41Z</time>
</trkpt>
<trkpt lat="36.773012" lon="126.9817487">
<ele>15.512</ele>
<time>2024-07-15T12:19:43Z</time>
<extensions>
<gpxtpx:TrackPointExtension>
<gpxtpx:cad>155</gpxtpx:cad>
</gpxtpx:TrackPointExtension>
</extensions>
</trkpt>
<trkpt lat="36.7729893" lon="126.9817412">
<ele>15.61</ele>
<time>2024-07-15T12:19:44Z</time>
</trkpt>
<trkpt lat="36.772968" lon="126.9817348">
<ele>15.644</ele>
<time>2024-07-15T12:19:45Z</time>
</trkpt>
<trkpt lat="36.7729485" lon="126.9817289">
<ele>15.452</ele>
<time>2024-07-15T12:19:46Z</time>
</trkpt>
<trkpt lat="36.7729318" lon="126.9817228">
<ele>15.555</ele>
<time>2024-07-15T12:19:47Z</time>
</trkpt>
<trkpt lat="36.7729174" lon="126.9817145">
<ele>15.59</ele>
<time>2024-07-15T12:19:48Z</time>
</trkpt>
<trkpt lat="36.7729052" lon="126.9817026">
<ele>15.459</ele>
<time>2024-07-15T12:19:49Z</time>
</trkpt>
<trkpt lat="36.7728947" lon="126.98169">
<ele>15.632</ele>
<time>2024-07-15T12:19:50Z</time>
</trkpt>
<trkpt lat="36.7728853" lon="126.9816757">
<ele>15.485</ele>
<time>2024-07-15T12:19:51Z</time>
</trkpt>
<trkpt lat="36.7728765" lon="126.9816588">
<ele>15.498</ele>
<time>2024-07-15T12:19:52Z</time>
</trkpt>
<trkpt lat="36.7728665" lon="126.9816419">
<ele>15.495</ele>
<time>2024-07-15T12:19:53Z</time>
<extensions>
<gpxtpx:TrackPointExtension>
<gpxtpx:cad>156</gpxtpx:cad>
</gpxtpx:TrackPointExtension>
</extensions>
</trkpt>
<trkpt lat="36.7728543" lon="126.9816234">
<ele>15.555</ele>
<time>2024-07-15T12:19:54Z</time>
</trkpt>
<trkpt lat="36.7728406" lon="126.9816047">
<ele>15.46</ele>
<time>2024-07-15T12:19:55Z</time>
</trkpt>
<trkpt lat="36.7728263" lon="126.9815855">
<ele>15.434</ele>
<time>2024-07-15T12:19:56Z</time>
</trkpt>
<trkpt lat="36.7728124" lon="126.9815654">
<ele>15.548</ele>
<time>2024-07-15T12:19:57Z</time>
</trkpt>
<trkpt lat="36.7727962" lon="126.9815447">
<ele>15.444</ele>
<time>2024-07-15T12:19:58Z</time>
<extensions>
<gpxtpx:TrackPointExtension>
<gpxtpx:cad>156</gpxtpx:cad>
</gpxtpx:TrackPointExtension>
</extensions>
</trkpt>
<trkpt lat="36.7727784" lon="126.981525">
<ele>15.277</ele>
<time>2024-07-15T12:19:59Z</time>
</trkpt>
<trkpt lat="36.7727615" lon="126.9815071">
<ele>14.99</ele>
<time>2024-07-15T12:20:00Z</time>
</trkpt>
<trkpt lat="36.7727455" lon="126.9814908">
<ele>15.197</ele>
<time>2024-07-15T12:20:01Z</time>
</trkpt>
<trkpt lat="36.7727317" lon="126.9814747">
<ele>15.198</ele>
<time>2024-07-15T12:20:02Z</time>
<extensions>
<gpxtpx:TrackPointExtension>
<gpxtpx:cad>155</gpxtpx:cad>
</gpxtpx:TrackPointExtension>
</extensions>
</trkpt>
<trkpt lat="36.7727204" lon="126.9814582">
<ele>15.229</ele>
<time>2024-07-15T12:20:03Z</time>
</trkpt>
<trkpt lat="36.7727071" lon="126.9814405">
<ele>15.123</ele>
<time>2024-07-15T12:20:04Z</time>
</trkpt>
<trkpt lat="36.7726903" lon="126.981422">
<ele>15.014</ele>
<time>2024-07-15T12:20:05Z</time>
</trkpt>
<trkpt lat="36.7726699" lon="126.9814013">
<ele>14.976</ele>
<time>2024-07-15T12:20:06Z</time>
</trkpt>
<trkpt lat="36.7726473" lon="126.9813809">
<ele>14.938</ele>
<time>2024-07-15T12:20:07Z</time>
</trkpt>
<trkpt lat="36.7726197" lon="126.9813667">
<ele>14.754</ele>
<time>2024-07-15T12:20:08Z</time>
</trkpt>
<trkpt lat="36.7725904" lon="126.9813476">
<ele>14.757</ele>
<time>2024-07-15T12:20:09Z</time>
</trkpt>
<trkpt lat="36.7725585" lon="126.9813184">
<ele>14.609</ele>
<time>2024-07-15T12:20:10Z</time>
</trkpt>
<trkpt lat="36.772524" lon="126.9812818">
<ele>14.494</ele>
<time>2024-07-15T12:20:11Z</time>
</trkpt>
<trkpt lat="36.7724872" lon="126.9812408">
<ele>14.359</ele>
<time>2024-07-15T12:20:12Z</time>
<extensions>
<gpxtpx:TrackPointExtension>
<gpxtpx:cad>155</gpxtpx:cad>
</gpxtpx:TrackPointExtension>
</extensions>
</trkpt>
<trkpt lat="36.7724486" lon="126.9811979">
<ele>14.125</ele>
<time>2024-07-15T12:20:13Z</time>
</trkpt>
</trkseg>
</trk>
<exerciseinfo>
<exercisetype>1002</exercisetype>
<distance>4531.382</distance>
<elevationgain>0.0</elevationgain>
<avggradient>2.8109456769747343</avggradient>
<duration>2006164</duration>
<avgspeed>2.2587297</avgspeed>
</exerciseinfo>
</gpx>
